query_id,method,difficulty_bucket,distance_bin_key,success,feasible,total_time_s,total_expansions,path_length_m,reference_path_length_m,path_inflation_ratio,direction_switches,mean_abs_curvature,min_clearance_m,collision_violation_count,fallback_f1_count,fallback_f2_count,fallback_f3_count,fallback_triggered,subgoal_reachable_count,subgoal_attempt_count,subgoal_reachability_rate,failure_reason,metadata
easy_s00_q0000,vanilla_ha,Easy,d08_12,True,True,0.16801214218139648,31,11.576111126078334,,,0,0.19227656650761007,0.25159669996508516,0,0,0,0,False,,,,,"{""profile_name"": ""easy_d00"", ""map_seed"": 20260620, ""query_seed"": 20261620, ""evaluation_path_source"": ""trace_poses"", ""planner_path_pose_count"": 19, ""evaluation_path_pose_count"": 118}"
easy_s00_q0000,f_n3p_knn,Easy,d08_12,True,True,0.010807890001160558,0,12.079222788455109,11.576111126078334,0.04346119840223195,0,0.13711760087083463,0.5566764354918532,0,1,0,0,True,0,1,0.0,,"{""profile_name"": ""easy_d00"", ""map_seed"": 20260620, ""query_seed"": 20261620}"
easy_s00_q0000,n3p_k1,Easy,d08_12,True,True,1.1757955080029205,938,11.576111126078334,11.576111126078334,0.0,0,0.19227656650761007,0.25159669996508516,0,0,1,0,True,0,0,,,"{""profile_name"": ""easy_d00"", ""map_seed"": 20260620, ""query_seed"": 20261620}"
easy_s00_q0000,voronoi_waypoint,Easy,d08_12,True,True,0.4732236380004906,3,12.11452911913654,11.576111126078334,0.0465111285814519,0,0.20504650717728065,0.8347427224643271,0,0,0,0,False,,,,,"{""profile_name"": ""easy_d00"", ""map_seed"": 20260620, ""query_seed"": 20261620, ""waypoint_count"": 2}"
easy_s00_q0000,bottleneck_waypoint,Easy,d08_12,True,True,0.33002229100384284,2,11.941244331718208,11.576111126078334,0.031541957541968646,0,0.13424551495701673,0.8347427224643271,0,0,0,0,False,,,,,"{""profile_name"": ""easy_d00"", ""map_seed"": 20260620, ""query_seed"": 20261620, ""waypoint_count"": 1, ""bottleneck_count"": 1}"
easy_s00_q0000,improved_ha,Easy,d08_12,True,True,0.16617655754089355,31,11.576111126078334,11.576111126078334,0.0,0,0.19227656650761007,0.25159669996508516,0,0,0,0,False,,,,,"{""profile_name"": ""easy_d00"", ""map_seed"": 20260620, ""query_seed"": 20261620, ""evaluation_path_source"": ""trace_poses"", ""planner_path_pose_count"": 19, ""evaluation_path_pose_count"": 118}"
easy_s00_q0000,lo_ha,Easy,d08_12,True,True,0.16462421417236328,61,11.295513393890996,11.576111126078334,-0.02423937789913022,0,0.0739604751173777,0.07818704943839083,0,0,0,0,False,,,,,"{""profile_name"": ""easy_d00"", ""map_seed"": 20260620, ""query_seed"": 20261620, ""evaluation_path_source"": ""trace_poses"", ""planner_path_pose_count"": 25, ""evaluation_path_pose_count"": 116}"
easy_s00_q0000,ss_rrt,Easy,d08_12,True,True,1.230783649996738,729,14.202771491985528,11.576111126078334,0.22690352030138405,2,0.9156598466445232,0.06756533193451297,0,0,0,0,False,,,,,"{""profile_name"": ""easy_d00"", ""map_seed"": 20260620, ""query_seed"": 20261620, ""rrt_iterations"": 671, ""evaluation_path_source"": ""planner_path"", ""planner_path_pose_count"": 177, ""evaluation_path_pose_count"": 177}"
easy_s00_q0001,vanilla_ha,Easy,d12_16,True,True,0.15151357650756836,1,15.061540425866143,,,0,0.0,0.861672769705859,0,0,0,0,False,,,,,"{""profile_name"": ""easy_d01"", ""map_seed"": 20260620, ""query_seed"": 20261621, ""evaluation_path_source"": ""trace_poses"", ""planner_path_pose_count"": 2, ""evaluation_path_pose_count"": 152}"
easy_s00_q0001,f_n3p_knn,Easy,d12_16,True,True,0.0006358359969453886,0,15.061540425866143,15.061540425866143,0.0,0,0.0,0.861672769705859,0,0,0,0,False,0,0,,,"{""profile_name"": ""easy_d01"", ""map_seed"": 20260620, ""query_seed"": 20261621}"
easy_s00_q0001,n3p_k1,Easy,d12_16,True,True,0.0006229719947441481,0,15.061540425866143,15.061540425866143,0.0,0,0.0,0.861672769705859,0,0,0,0,False,0,0,,,"{""profile_name"": ""easy_d01"", ""map_seed"": 20260620, ""query_seed"": 20261621}"
easy_s00_q0001,voronoi_waypoint,Easy,d12_16,True,True,0.6253732100012712,4,18.885563699584154,15.061540425866143,0.25389323838023703,1,0.34044084586578904,1.0544116690825727,0,0,0,0,False,,,,,"{""profile_name"": ""easy_d01"", ""map_seed"": 20260620, ""query_seed"": 20261621, ""waypoint_count"": 3}"
easy_s00_q0001,bottleneck_waypoint,Easy,d12_16,True,True,0.5024574819981353,3,17.343526703937304,15.061540425866143,0.15151081586264303,3,0.17839915668652795,1.1632628596288197,0,0,0,0,False,,,,,"{""profile_name"": ""easy_d01"", ""map_seed"": 20260620, ""query_seed"": 20261621, ""waypoint_count"": 2, ""bottleneck_count"": 2}"
easy_s00_q0001,improved_ha,Easy,d12_16,True,True,0.1522362232208252,1,15.061540425866143,15.061540425866143,0.0,0,0.0,0.861672769705859,0,0,0,0,False,,,,,"{""profile_name"": ""easy_d01"", ""map_seed"": 20260620, ""query_seed"": 20261621, ""evaluation_path_source"": ""trace_poses"", ""planner_path_pose_count"": 2, ""evaluation_path_pose_count"": 152}"
easy_s00_q0001,lo_ha,Easy,d12_16,True,True,0.1520862579345703,1,15.061540425866143,15.061540425866143,0.0,0,0.0,0.861672769705859,0,0,0,0,False,,,,,"{""profile_name"": ""easy_d01"", ""map_seed"": 20260620, ""query_seed"": 20261621, ""evaluation_path_source"": ""trace_poses"", ""planner_path_pose_count"": 2, ""evaluation_path_pose_count"": 152}"
easy_s00_q0001,ss_rrt,Easy,d12_16,True,True,0.0005780719948234037,2,15.061540425866143,15.061540425866143,0.0,0,3.5381975332674476e-16,0.8616724807353815,0,0,0,0,False,,,,,"{""profile_name"": ""easy_d01"", ""map_seed"": 20260620, ""query_seed"": 20261621, ""rrt_iterations"": 0, ""evaluation_path_source"": ""planner_path"", ""planner_path_pose_count"": 153, ""evaluation_path_pose_count"": 153}"
easy_s00_q0002,vanilla_ha,Easy,d16_20,True,True,0.29152464866638184,187,19.524800568278042,,,0,0.2513550096521252,0.07723088464342776,0,0,0,0,False,,,,,"{""profile_name"": ""easy_d00"", ""map_seed"": 20260620, ""query_seed"": 20261622, ""evaluation_path_source"": ""trace_poses"", ""planner_path_pose_count"": 62, ""evaluation_path_pose_count"": 198}"
easy_s00_q0002,f_n3p_knn,Easy,d16_20,True,True,0.02576058999693487,0,21.64760139269577,19.524800568278042,0.10872330383064921,3,0.17025773309529538,0.1878965829005328,0,3,0,0,True,1,3,0.3333333333333333,,"{""profile_name"": ""easy_d00"", ""map_seed"": 20260620, ""query_seed"": 20261622}"
easy_s00_q0002,n3p_k1,Easy,d16_20,True,True,0.3539643480035011,62,20.721622266501136,19.524800568278042,0.06129751205590139,2,0.2131065848918852,0.11263683484992837,0,0,2,0,True,1,1,1.0,,"{""profile_name"": ""easy_d00"", ""map_seed"": 20260620, ""query_seed"": 20261622}"
easy_s00_q0002,voronoi_waypoint,Easy,d16_20,True,True,0.6137220980017446,4,21.571812250493707,19.524800568278042,0.10484161797490765,0,0.15229788671596345,0.48783265512917495,0,0,0,0,False,,,,,"{""profile_name"": ""easy_d00"", ""map_seed"": 20260620, ""query_seed"": 20261622, ""waypoint_count"": 3}"
easy_s00_q0002,bottleneck_waypoint,Easy,d16_20,True,True,0.6151197369981674,4,21.807166791222027,19.524800568278042,0.11689575086631865,0,0.2326246142976268,0.48799185294755687,0,0,0,0,False,,,,,"{""profile_name"": ""easy_d00"", ""map_seed"": 20260620, ""query_seed"": 20261622, ""waypoint_count"": 3, ""bottleneck_count"": 3}"
easy_s00_q0002,improved_ha,Easy,d16_20,True,True,0.2918672561645508,187,19.524800568278042,19.524800568278042,0.0,0,0.2513550096521252,0.07723088464342776,0,0,0,0,False,,,,,"{""profile_name"": ""easy_d00"", ""map_seed"": 20260620, ""query_seed"": 20261622, ""evaluation_path_source"": ""trace_poses"", ""planner_path_pose_count"": 62, ""evaluation_path_pose_count"": 198}"
easy_s00_q0002,lo_ha,Easy,d16_20,True,True,0.1886899471282959,81,19.432083991946094,19.524800568278042,-0.004748656766440207,0,0.07110604721325799,0.0664784666820365,0,0,0,0,False,,,,,"{""profile_name"": ""easy_d00"", ""map_seed"": 20260620, ""query_seed"": 20261622, ""evaluation_path_source"": ""trace_poses"", ""planner_path_pose_count"": 28, ""evaluation_path_pose_count"": 197}"
easy_s00_q0002,ss_rrt,Easy,d16_20,False,False,2.5004942689993186,2356,,19.524800568278042,,0,,,0,0,0,0,False,,,,timeout,"{""profile_name"": ""easy_d00"", ""map_seed"": 20260620, ""query_seed"": 20261622, ""rrt_iterations"": 1122, ""evaluation_path_source"": ""planner_path"", ""planner_path_pose_count"": 0, ""evaluation_path_pose_count"": 0}"
easy_s00_q0003,vanilla_ha,Easy,d20_inf,True,True,0.3974883556365967,313,26.935870314189383,,,0,0.2356017364419748,0.18108113998712927,0,0,0,0,False,,,,,"{""profile_name"": ""easy_d01"", ""map_seed"": 20260620, ""query_seed"": 20261623, ""evaluation_path_source"": ""trace_poses"", ""planner_path_pose_count"": 56, ""evaluation_path_pose_count"": 272}"
easy_s00_q0003,f_n3p_knn,Easy,d20_inf,True,True,0.02874121499917237,0,27.313411588313738,26.935870314189383,0.014016301300852074,2,0.13862378579322207,0.0824388507286975,0,2,0,0,True,3,4,0.75,,"{""profile_name"": ""easy_d01"", ""map_seed"": 20260620, ""query_seed"": 20261623}"
easy_s00_q0003,n3p_k1,Easy,d20_inf,True,True,0.22859423699992476,105,27.423246567902723,26.935870314189383,0.018093948627923018,2,0.11035273777551644,0.08354764833603445,0,0,1,0,True,2,2,1.0,,"{""profile_name"": ""easy_d01"", ""map_seed"": 20260620, ""query_seed"": 20261623}"
easy_s00_q0003,voronoi_waypoint,Easy,d20_inf,True,True,0.77524160300527,5,26.62672243563399,26.935870314189383,-0.011477181726425978,0,0.15518627929314538,0.705106726313486,0,0,0,0,False,,,,,"{""profile_name"": ""easy_d01"", ""map_seed"": 20260620, ""query_seed"": 20261623, ""waypoint_count"": 4}"
easy_s00_q0003,bottleneck_waypoint,Easy,d20_inf,True,True,1.349241850002727,9,26.56165791140376,26.935870314189383,-0.013892716233805724,0,0.23321619137444757,0.7338239617748519,0,0,0,0,False,,,,,"{""profile_name"": ""easy_d01"", ""map_seed"": 20260620, ""query_seed"": 20261623, ""waypoint_count"": 8, ""bottleneck_count"": 8}"
easy_s00_q0003,improved_ha,Easy,d20_inf,True,True,0.40105605125427246,313,26.935870314189383,26.935870314189383,0.0,0,0.2356017364419748,0.18108113998712927,0,0,0,0,False,,,,,"{""profile_name"": ""easy_d01"", ""map_seed"": 20260620, ""query_seed"": 20261623, ""evaluation_path_source"": ""trace_poses"", ""planner_path_pose_count"": 56, ""evaluation_path_pose_count"": 272}"
easy_s00_q0003,lo_ha,Easy,d20_inf,True,True,0.21189045906066895,103,25.87991864217176,26.935870314189383,-0.03920243376956589,0,0.06800433643794622,0.10205287483447933,0,0,0,0,False,,,,,"{""profile_name"": ""easy_d01"", ""map_seed"": 20260620, ""query_seed"": 20261623, ""evaluation_path_source"": ""trace_poses"", ""planner_path_pose_count"": 77, ""evaluation_path_pose_count"": 261}"
easy_s00_q0003,ss_rrt,Easy,d20_inf,False,False,2.5008555379972677,1349,,26.935870314189383,,0,,,0,0,0,0,False,,,,timeout,"{""profile_name"": ""easy_d01"", ""map_seed"": 20260620, ""query_seed"": 20261623, ""rrt_iterations"": 969, ""evaluation_path_source"": ""planner_path"", ""planner_path_pose_count"": 0, ""evaluation_path_pose_count"": 0}"
easy_s00_q0004,vanilla_ha,Easy,d08_12,True,True,0.3025827407836914,249,9.002376017285822,,,0,0.26659628473545904,0.1133120197909987,0,0,0,0,False,,,,,"{""profile_name"": ""easy_d00"", ""map_seed"": 20260620, ""query_seed"": 20261624, ""evaluation_path_source"": ""trace_poses"", ""planner_path_pose_count"": 17, ""evaluation_path_pose_count"": 93}"
easy_s00_q0004,f_n3p_knn,Easy,d08_12,True,True,0.010623389003740158,0,9.283760827629063,9.002376017285822,0.03125672709104155,0,0.17562520672560353,0.13835665966578092,0,5,0,0,True,0,1,0.0,,"{""profile_name"": ""easy_d00"", ""map_seed"": 20260620, ""query_seed"": 20261624}"
easy_s00_q0004,n3p_k1,Easy,d08_12,True,True,0.30799289000424324,249,9.002376017285822,9.002376017285822,0.0,0,0.266596284735459,0.1133120197909987,0,0,1,0,True,0,0,,,"{""profile_name"": ""easy_d00"", ""map_seed"": 20260620, ""query_seed"": 20261624}"
easy_s00_q0004,voronoi_waypoint,Easy,d08_12,True,True,0.4463393390033161,158,8.952227056709729,9.002376017285822,-0.005570636072054769,0,0.2265568436580149,0.2042166257377951,0,0,0,0,False,,,,,"{""profile_name"": ""easy_d00"", ""map_seed"": 20260620, ""query_seed"": 20261624, ""waypoint_count"": 1}"
easy_s00_q0004,bottleneck_waypoint,Easy,d08_12,True,True,0.4705104829990887,3,9.090707729827843,9.002376017285822,0.009812044328342928,0,0.2615930013783345,0.24891509088408093,0,0,0,0,False,,,,,"{""profile_name"": ""easy_d00"", ""map_seed"": 20260620, ""query_seed"": 20261624, ""waypoint_count"": 2, ""bottleneck_count"": 2}"
easy_s00_q0004,improved_ha,Easy,d08_12,True,True,0.3011610507965088,249,9.002376017285822,9.002376017285822,0.0,0,0.26659628473545904,0.1133120197909987,0,0,0,0,False,,,,,"{""profile_name"": ""easy_d00"", ""map_seed"": 20260620, ""query_seed"": 20261624, ""evaluation_path_source"": ""trace_poses"", ""planner_path_pose_count"": 17, ""evaluation_path_pose_count"": 93}"
easy_s00_q0004,lo_ha,Easy,d08_12,True,True,0.24050521850585938,256,9.514459575418762,9.002376017285822,0.056883155863481694,0,0.2958571092974087,0.058514838264096425,0,0,0,0,False,,,,,"{""profile_name"": ""easy_d00"", ""map_seed"": 20260620, ""query_seed"": 20261624, ""evaluation_path_source"": ""trace_poses"", ""planner_path_pose_count"": 15, ""evaluation_path_pose_count"": 98}"
easy_s00_q0004,ss_rrt,Easy,d08_12,True,True,2.3544702860017424,1510,11.606270433922779,9.002376017285822,0.2892452405495076,0,0.6021298463627808,0.09043905078544845,0,0,0,0,False,,,,,"{""profile_name"": ""easy_d00"", ""map_seed"": 20260620, ""query_seed"": 20261624, ""rrt_iterations"": 1252, ""evaluation_path_source"": ""planner_path"", ""planner_path_pose_count"": 153, ""evaluation_path_pose_count"": 153}"
easy_s00_q0005,vanilla_ha,Easy,d12_16,True,True,0.14823675155639648,1,14.90536816049842,,,0,0.0,0.45534326306370865,0,0,0,0,False,,,,,"{""profile_name"": ""easy_d01"", ""map_seed"": 20260621, ""query_seed"": 20261621, ""evaluation_path_source"": ""trace_poses"", ""planner_path_pose_count"": 2, ""evaluation_path_pose_count"": 151}"
easy_s00_q0005,f_n3p_knn,Easy,d12_16,True,True,0.000626370994723402,0,14.90536816049842,14.90536816049842,0.0,0,1.4896955414592445e-17,0.45534326306370865,0,0,0,0,False,0,0,,,"{""profile_name"": ""easy_d01"", ""map_seed"": 20260621, ""query_seed"": 20261621}"
easy_s00_q0005,n3p_k1,Easy,d12_16,True,True,0.0006224539974937215,0,14.90536816049842,14.90536816049842,0.0,0,1.4896955414592445e-17,0.45534326306370865,0,0,0,0,False,0,0,,,"{""profile_name"": ""easy_d01"", ""map_seed"": 20260621, ""query_seed"": 20261621}"
easy_s00_q0005,voronoi_waypoint,Easy,d12_16,True,True,0.47567463699670043,4,19.023815068026334,14.90536816049842,0.2763062853048106,2,0.3283194418700863,0.6372798438149812,0,0,0,0,False,,,,,"{""profile_name"": ""easy_d01"", ""map_seed"": 20260621, ""query_seed"": 20261621, ""waypoint_count"": 3}"
easy_s00_q0005,bottleneck_waypoint,Easy,d12_16,True,True,0.47812746000272455,3,15.645923927306438,14.90536816049842,0.04968382926431891,0,0.20935913267645445,0.6372798438149812,0,0,0,0,False,,,,,"{""profile_name"": ""easy_d01"", ""map_seed"": 20260621, ""query_seed"": 20261621, ""waypoint_count"": 2, ""bottleneck_count"": 2}"
easy_s00_q0005,improved_ha,Easy,d12_16,True,True,0.14795637130737305,1,14.90536816049842,14.90536816049842,0.0,0,0.0,0.45534326306370865,0,0,0,0,False,,,,,"{""profile_name"": ""easy_d01"", ""map_seed"": 20260621, ""query_seed"": 20261621, ""evaluation_path_source"": ""trace_poses"", ""planner_path_pose_count"": 2, ""evaluation_path_pose_count"": 151}"
easy_s00_q0005,lo_ha,Easy,d12_16,True,True,0.14766740798950195,1,14.90536816049842,14.90536816049842,0.0,0,0.0,0.45534326306370865,0,0,0,0,False,,,,,"{""profile_name"": ""easy_d01"", ""map_seed"": 20260621, ""query_seed"": 20261621, ""evaluation_path_source"": ""trace_poses"", ""planner_path_pose_count"": 2, ""evaluation_path_pose_count"": 151}"
easy_s00_q0005,ss_rrt,Easy,d12_16,True,True,0.0005894959977013059,2,14.905368160498421,14.90536816049842,2.220446049250313e-16,0,0.0,0.45534326306370865,0,0,0,0,False,,,,,"{""profile_name"": ""easy_d01"", ""map_seed"": 20260621, ""query_seed"": 20261621, ""rrt_iterations"": 0, ""evaluation_path_source"": ""planner_path"", ""planner_path_pose_count"": 151, ""evaluation_path_pose_count"": 151}"
easy_s00_q0006,vanilla_ha,Easy,d16_20,True,True,0.6705832481384277,1257,20.174836576698183,,,0,0.11667841377291203,0.06151067239716668,0,0,0,0,False,,,,,"{""profile_name"": ""easy_d00"", ""map_seed"": 20260621, ""query_seed"": 20261622, ""evaluation_path_source"": ""trace_poses"", ""planner_path_pose_count"": 27, ""evaluation_path_pose_count"": 204}"
easy_s00_q0006,f_n3p_knn,Easy,d16_20,True,True,0.02739738400123315,0,21.232459089342655,20.174836576698183,0.05242285401538371,2,0.19629054034290938,0.06399428571226529,0,1,0,0,True,2,3,0.6666666666666666,,"{""profile_name"": ""easy_d00"", ""map_seed"": 20260621, ""query_seed"": 20261622}"
easy_s00_q0006,n3p_k1,Easy,d16_20,True,True,0.677998232000391,1257,20.174836576698183,20.174836576698183,0.0,0,0.11667841377291203,0.06151067239716668,0,0,1,0,True,0,0,,,"{""profile_name"": ""easy_d00"", ""map_seed"": 20260621, ""query_seed"": 20261622}"
easy_s00_q0006,voronoi_waypoint,Easy,d16_20,True,True,0.6165945879984065,4,21.635573114366434,20.174836576698183,0.07240388451797375,0,0.14006186402141219,0.3016319759554673,0,0,0,0,False,,,,,"{""profile_name"": ""easy_d00"", ""map_seed"": 20260621, ""query_seed"": 20261622, ""waypoint_count"": 3}"
easy_s00_q0006,bottleneck_waypoint,Easy,d16_20,True,True,0.6219947790013975,4,21.027556457113022,20.174836576698183,0.04226650744718907,0,0.13088039291958506,0.49042136628649113,0,0,0,0,False,,,,,"{""profile_name"": ""easy_d00"", ""map_seed"": 20260621, ""query_seed"": 20261622, ""waypoint_count"": 3, ""bottleneck_count"": 3}"
easy_s00_q0006,improved_ha,Easy,d16_20,True,True,0.674879789352417,1257,20.174836576698183,20.174836576698183,0.0,0,0.11667841377291203,0.06151067239716668,0,0,0,0,False,,,,,"{""profile_name"": ""easy_d00"", ""map_seed"": 20260621, ""query_seed"": 20261622, ""evaluation_path_source"": ""trace_poses"", ""planner_path_pose_count"": 27, ""evaluation_path_pose_count"": 204}"
easy_s00_q0006,lo_ha,Easy,d16_20,True,True,0.3273487091064453,513,20.760221353156982,20.174836576698183,0.02901558950593497,0,0.12687733227056025,0.06982987098519988,0,0,0,0,False,,,,,"{""profile_name"": ""easy_d00"", ""map_seed"": 20260621, ""query_seed"": 20261622, ""evaluation_path_source"": ""trace_poses"", ""planner_path_pose_count"": 17, ""evaluation_path_pose_count"": 210}"
easy_s00_q0006,ss_rrt,Easy,d16_20,True,True,1.6895680320012616,1326,50.55827140863509,20.174836576698183,1.5060064906314827,2,0.7029450507242413,0.09123102924734006,0,0,0,0,False,,,,,"{""profile_name"": ""easy_d00"", ""map_seed"": 20260621, ""query_seed"": 20261622, ""rrt_iterations"": 1344, ""evaluation_path_source"": ""planner_path"", ""planner_path_pose_count"": 621, ""evaluation_path_pose_count"": 621}"
easy_s00_q0007,vanilla_ha,Easy,d20_inf,False,False,2.500627279281616,2563,,,,0,,,0,0,0,0,False,,,,timeout,"{""profile_name"": ""easy_d01"", ""map_seed"": 20260621, ""query_seed"": 20261623, ""evaluation_path_source"": ""planner_path"", ""planner_path_pose_count"": 0, ""evaluation_path_pose_count"": 0}"
easy_s00_q0007,f_n3p_knn,Easy,d20_inf,True,True,0.09615194999787491,0,39.78281137479086,,,5,0.2642942981541475,0.062210636948868414,0,31,0,0,True,6,12,0.5,,"{""profile_name"": ""easy_d01"", ""map_seed"": 20260621, ""query_seed"": 20261623}"
easy_s00_q0007,n3p_k1,Easy,d20_inf,False,False,3.689090526997461,3699,,,,0,,,0,0,2,1,True,1,1,1.0,f2_failed:prediction:goal_in_collision;goal:timeout;f3_failed:timeout,"{""profile_name"": ""easy_d01"", ""map_seed"": 20260621, ""query_seed"": 20261623}"
easy_s00_q0007,voronoi_waypoint,Easy,d20_inf,True,True,0.9060905860023922,6,29.602534225111263,,,3,0.2816177994844602,0.062210636948871245,0,0,0,0,False,,,,,"{""profile_name"": ""easy_d01"", ""map_seed"": 20260621, ""query_seed"": 20261623, ""waypoint_count"": 5}"
easy_s00_q0007,bottleneck_waypoint,Easy,d20_inf,True,True,1.0555690660039545,11,27.491215810233943,,,2,0.23309317966699222,0.054920411692891524,0,0,0,0,False,,,,,"{""profile_name"": ""easy_d01"", ""map_seed"": 20260621, ""query_seed"": 20261623, ""waypoint_count"": 6, ""bottleneck_count"": 6}"
easy_s00_q0007,improved_ha,Easy,d20_inf,False,False,2.5000059604644775,2515,,,,0,,,0,0,0,0,False,,,,timeout,"{""profile_name"": ""easy_d01"", ""map_seed"": 20260621, ""query_seed"": 20261623, ""evaluation_path_source"": ""planner_path"", ""planner_path_pose_count"": 0, ""evaluation_path_pose_count"": 0}"
easy_s00_q0007,lo_ha,Easy,d20_inf,True,True,0.20024728775024414,94,25.799473424276396,,,0,0.05188059308275417,0.08636684309581533,0,0,0,0,False,,,,,"{""profile_name"": ""easy_d01"", ""map_seed"": 20260621, ""query_seed"": 20261623, ""evaluation_path_source"": ""trace_poses"", ""planner_path_pose_count"": 87, ""evaluation_path_pose_count"": 259}"
easy_s00_q0007,ss_rrt,Easy,d20_inf,True,True,0.2251901980052935,91,25.433684441533785,,,0,0.20421948284737235,0.09115866295163566,0,0,0,0,False,,,,,"{""profile_name"": ""easy_d01"", ""map_seed"": 20260621, ""query_seed"": 20261623, ""rrt_iterations"": 63, ""evaluation_path_source"": ""planner_path"", ""planner_path_pose_count"": 317, ""evaluation_path_pose_count"": 317}"
easy_s00_q0008,vanilla_ha,Easy,d08_12,True,True,0.23310041427612305,121,12.04952251218758,,,0,0.20902748413023015,0.11934593393800441,0,0,0,0,False,,,,,"{""profile_name"": ""easy_d00"", ""map_seed"": 20260621, ""query_seed"": 20261624, ""evaluation_path_source"": ""trace_poses"", ""planner_path_pose_count"": 25, ""evaluation_path_pose_count"": 123}"
easy_s00_q0008,f_n3p_knn,Easy,d08_12,True,True,0.010169328001211397,0,12.395799306181308,12.04952251218758,0.028737802153030012,0,0.12102050208691777,0.11320801101669864,0,0,0,0,False,1,1,1.0,,"{""profile_name"": ""easy_d00"", ""map_seed"": 20260621, ""query_seed"": 20261624}"
easy_s00_q0008,n3p_k1,Easy,d08_12,True,True,0.008715798001503572,0,12.395799306181308,12.04952251218758,0.028737802153030012,0,0.12102050208691777,0.11320801101669864,0,0,0,0,False,1,1,1.0,,"{""profile_name"": ""easy_d00"", ""map_seed"": 20260621, ""query_seed"": 20261624}"
easy_s00_q0008,voronoi_waypoint,Easy,d08_12,True,True,0.47353504399507074,3,13.919353164798693,12.04952251218758,0.15517881731162864,0,0.25288642310926973,0.1035405328147132,0,0,0,0,False,,,,,"{""profile_name"": ""easy_d00"", ""map_seed"": 20260621, ""query_seed"": 20261624, ""waypoint_count"": 2}"
easy_s00_q0008,bottleneck_waypoint,Easy,d08_12,True,True,0.4747205070016207,3,13.509725239845825,12.04952251218758,0.12118345155845889,0,0.273798680013333,0.11934593393800441,0,0,0,0,False,,,,,"{""profile_name"": ""easy_d00"", ""map_seed"": 20260621, ""query_seed"": 20261624, ""waypoint_count"": 2, ""bottleneck_count"": 2}"
easy_s00_q0008,improved_ha,Easy,d08_12,True,True,0.23463821411132812,121,12.04952251218758,12.04952251218758,0.0,0,0.20902748413023015,0.11934593393800441,0,0,0,0,False,,,,,"{""profile_name"": ""easy_d00"", ""map_seed"": 20260621, ""query_seed"": 20261624, ""evaluation_path_source"": ""trace_poses"", ""planner_path_pose_count"": 25, ""evaluation_path_pose_count"": 123}"
easy_s00_q0008,lo_ha,Easy,d08_12,True,True,0.16707539558410645,69,11.970175403016189,12.04952251218758,-0.006585083275385872,0,0.1289738746604574,0.06612103981001771,0,0,0,0,False,,,,,"{""profile_name"": ""easy_d00"", ""map_seed"": 20260621, ""query_seed"": 20261624, ""evaluation_path_source"": ""trace_poses"", ""planner_path_pose_count"": 27, ""evaluation_path_pose_count"": 122}"
easy_s00_q0008,ss_rrt,Easy,d08_12,True,True,0.06692122499953257,42,12.965042467666285,12.04952251218758,0.0759797705305496,0,0.2865387840071014,0.15248754065036385,0,0,0,0,False,,,,,"{""profile_name"": ""easy_d00"", ""map_seed"": 20260621, ""query_seed"": 20261624, ""rrt_iterations"": 29, ""evaluation_path_source"": ""planner_path"", ""planner_path_pose_count"": 177, ""evaluation_path_pose_count"": 177}"
easy_s00_q0009,vanilla_ha,Easy,d12_16,True,True,0.14478349685668945,1,14.605478424207812,,,0,0.0,0.13149439785136574,0,0,0,0,False,,,,,"{""profile_name"": ""easy_d01"", ""map_seed"": 20260621, ""query_seed"": 20261625, ""evaluation_path_source"": ""trace_poses"", ""planner_path_pose_count"": 2, ""evaluation_path_pose_count"": 148}"
easy_s00_q0009,f_n3p_knn,Easy,d12_16,True,True,0.0006316419967333786,0,14.605478424207815,14.605478424207812,2.220446049250313e-16,0,0.0,0.1314943978513654,0,0,0,0,False,0,0,,,"{""profile_name"": ""easy_d01"", ""map_seed"": 20260621, ""query_seed"": 20261625}"
easy_s00_q0009,n3p_k1,Easy,d12_16,True,True,0.0006177469986141659,0,14.605478424207815,14.605478424207812,2.220446049250313e-16,0,0.0,0.1314943978513654,0,0,0,0,False,0,0,,,"{""profile_name"": ""easy_d01"", ""map_seed"": 20260621, ""query_seed"": 20261625}"
easy_s00_q0009,voronoi_waypoint,Easy,d12_16,True,True,0.4714106239989633,3,15.814562603393892,14.605478424207812,0.08278292186458525,0,0.313138371065221,0.13345284962279136,0,0,0,0,False,,,,,"{""profile_name"": ""easy_d01"", ""map_seed"": 20260621, ""query_seed"": 20261625, ""waypoint_count"": 2}"
easy_s00_q0009,bottleneck_waypoint,Easy,d12_16,True,True,0.4739384619970224,3,15.114320163459679,14.605478424207812,0.03483910108747201,0,0.13634444889097186,0.13345284962279136,0,0,0,0,False,,,,,"{""profile_name"": ""easy_d01"", ""map_seed"": 20260621, ""query_seed"": 20261625, ""waypoint_count"": 2, ""bottleneck_count"": 2}"
easy_s00_q0009,improved_ha,Easy,d12_16,True,True,0.1449894905090332,1,14.605478424207812,14.605478424207812,0.0,0,0.0,0.13149439785136574,0,0,0,0,False,,,,,"{""profile_name"": ""easy_d01"", ""map_seed"": 20260621, ""query_seed"": 20261625, ""evaluation_path_source"": ""trace_poses"", ""planner_path_pose_count"": 2, ""evaluation_path_pose_count"": 148}"
easy_s00_q0009,lo_ha,Easy,d12_16,True,True,0.14463067054748535,1,14.605478424207812,14.605478424207812,0.0,0,0.0,0.13149439785136574,0,0,0,0,False,,,,,"{""profile_name"": ""easy_d01"", ""map_seed"": 20260621, ""query_seed"": 20261625, ""evaluation_path_source"": ""trace_poses"", ""planner_path_pose_count"": 2, ""evaluation_path_pose_count"": 148}"
easy_s00_q0009,ss_rrt,Easy,d12_16,True,True,0.000560704997042194,2,14.605478424207817,14.605478424207812,4.440892098500626e-16,0,1.2162263965663952e-16,0.13199180181479941,0,0,0,0,False,,,,,"{""profile_name"": ""easy_d01"", ""map_seed"": 20260621, ""query_seed"": 20261625, ""rrt_iterations"": 0, ""evaluation_path_source"": ""planner_path"", ""planner_path_pose_count"": 149, ""evaluation_path_pose_count"": 149}"
easy_s01_q0010,vanilla_ha,Easy,d16_20,True,True,0.2811625003814697,209,20.14398816113052,,,0,0.21652440664933612,0.12592497247434742,0,0,0,0,False,,,,,"{""profile_name"": ""easy_d00"", ""map_seed"": 20270620, ""query_seed"": 20271620, ""evaluation_path_source"": ""trace_poses"", ""planner_path_pose_count"": 35, ""evaluation_path_pose_count"": 204}"
easy_s01_q0010,f_n3p_knn,Easy,d16_20,True,True,0.028321286998107098,0,20.13256747463065,20.14398816113052,-0.0005669526018639015,0,0.09489695173167677,0.06657849785808834,0,0,0,0,False,3,3,1.0,,"{""profile_name"": ""easy_d00"", ""map_seed"": 20270620, ""query_seed"": 20271620}"
easy_s01_q0010,n3p_k1,Easy,d16_20,True,True,0.023156461997132283,0,20.13256747463065,20.14398816113052,-0.0005669526018639015,0,0.09489695173167677,0.06657849785808834,0,0,0,0,False,3,3,1.0,,"{""profile_name"": ""easy_d00"", ""map_seed"": 20270620, ""query_seed"": 20271620}"
easy_s01_q0010,voronoi_waypoint,Easy,d16_20,True,True,0.6230708299990511,4,20.05428943883473,20.14398816113052,-0.004452878028833984,0,0.10293195781232434,0.12915521553484688,0,0,0,0,False,,,,,"{""profile_name"": ""easy_d00"", ""map_seed"": 20270620, ""query_seed"": 20271620, ""waypoint_count"": 3}"
easy_s01_q0010,bottleneck_waypoint,Easy,d16_20,True,True,0.6255254810021142,4,20.338321204309615,20.14398816113052,0.009647198043636562,0,0.09766643127170412,0.08821106141290624,0,0,0,0,False,,,,,"{""profile_name"": ""easy_d00"", ""map_seed"": 20270620, ""query_seed"": 20271620, ""waypoint_count"": 3, ""bottleneck_count"": 3}"
easy_s01_q0010,improved_ha,Easy,d16_20,True,True,0.2803037166595459,209,20.14398816113052,20.14398816113052,0.0,0,0.21652440664933612,0.12592497247434742,0,0,0,0,False,,,,,"{""profile_name"": ""easy_d00"", ""map_seed"": 20270620, ""query_seed"": 20271620, ""evaluation_path_source"": ""trace_poses"", ""planner_path_pose_count"": 35, ""evaluation_path_pose_count"": 204}"
easy_s01_q0010,lo_ha,Easy,d16_20,True,True,0.17418551445007324,64,20.171889562764452,20.14398816113052,0.0013850981945953134,0,0.0742113686401161,0.0638123773960042,0,0,0,0,False,,,,,"{""profile_name"": ""easy_d00"", ""map_seed"": 20270620, ""query_seed"": 20271620, ""evaluation_path_source"": ""trace_poses"", ""planner_path_pose_count"": 41, ""evaluation_path_pose_count"": 203}"
easy_s01_q0010,ss_rrt,Easy,d16_20,True,True,0.2876222870036145,94,20.483880646040852,20.14398816113052,0.01687314757095537,0,0.17777661610959047,0.06381237739600698,0,0,0,0,False,,,,,"{""profile_name"": ""easy_d00"", ""map_seed"": 20270620, ""query_seed"": 20271620, ""rrt_iterations"": 106, ""evaluation_path_source"": ""planner_path"", ""planner_path_pose_count"": 255, ""evaluation_path_pose_count"": 255}"
easy_s01_q0011,vanilla_ha,Easy,d20_inf,True,True,1.8162891864776611,2389,20.49942791008199,,,0,0.24904972307001108,0.15073869918458582,0,0,0,0,False,,,,,"{""profile_name"": ""easy_d01"", ""map_seed"": 20270620, ""query_seed"": 20271621, ""evaluation_path_source"": ""trace_poses"", ""planner_path_pose_count"": 55, ""evaluation_path_pose_count"": 207}"
easy_s01_q0011,f_n3p_knn,Easy,d20_inf,True,True,0.02905116800684482,0,20.165368330616452,20.49942791008199,-0.016296044013074273,0,0.039798857892897846,0.22387906259962875,0,1,0,0,True,2,3,0.6666666666666666,,"{""profile_name"": ""easy_d01"", ""map_seed"": 20270620, ""query_seed"": 20271621}"
easy_s01_q0011,n3p_k1,Easy,d20_inf,True,True,0.16968459399504354,1,20.122447117842846,20.49942791008199,-0.01838982013999224,0,0.03147654262773902,0.09867898715830292,0,0,1,0,True,2,2,1.0,,"{""profile_name"": ""easy_d01"", ""map_seed"": 20270620, ""query_seed"": 20271621}"
easy_s01_q0011,voronoi_waypoint,Easy,d20_inf,True,True,0.6220666540029924,4,21.703645173800865,20.49942791008199,0.05874394490426815,0,0.2512822290258207,0.47901082085865554,0,0,0,0,False,,,,,"{""profile_name"": ""easy_d01"", ""map_seed"": 20270620, ""query_seed"": 20271621, ""waypoint_count"": 3}"
easy_s01_q0011,bottleneck_waypoint,Easy,d20_inf,True,True,0.9100852500050678,6,22.366325417671312,20.49942791008199,0.09107071259638166,1,0.2503958190812071,0.4790108208586541,0,0,0,0,False,,,,,"{""profile_name"": ""easy_d01"", ""map_seed"": 20270620, ""query_seed"": 20271621, ""waypoint_count"": 5, ""bottleneck_count"": 5}"
easy_s01_q0011,improved_ha,Easy,d20_inf,True,True,1.8411037921905518,2389,20.49942791008199,20.49942791008199,0.0,0,0.24904972307001108,0.15073869918458582,0,0,0,0,False,,,,,"{""profile_name"": ""easy_d01"", ""map_seed"": 20270620, ""query_seed"": 20271621, ""evaluation_path_source"": ""trace_poses"", ""planner_path_pose_count"": 55, ""evaluation_path_pose_count"": 207}"
easy_s01_q0011,lo_ha,Easy,d20_inf,True,True,0.19380760192871094,101,20.461523983085453,20.49942791008199,-0.0018490236489915324,0,0.11425856954360916,0.07749793163814311,0,0,0,0,False,,,,,"{""profile_name"": ""easy_d01"", ""map_seed"": 20270620, ""query_seed"": 20271621, ""evaluation_path_source"": ""trace_poses"", ""planner_path_pose_count"": 56, ""evaluation_path_pose_count"": 207}"
easy_s01_q0011,ss_rrt,Easy,d20_inf,False,False,2.5007685140008107,1703,,20.49942791008199,,0,,,0,0,0,0,False,,,,timeout,"{""profile_name"": ""easy_d01"", ""map_seed"": 20270620, ""query_seed"": 20271621, ""rrt_iterations"": 931, ""evaluation_path_source"": ""planner_path"", ""planner_path_pose_count"": 0, ""evaluation_path_pose_count"": 0}"
easy_s01_q0012,vanilla_ha,Easy,d08_12,True,True,0.1470024585723877,1,9.972462083156795,,,0,0.0,1.964924283900619,0,0,0,0,False,,,,,"{""profile_name"": ""easy_d00"", ""map_seed"": 20270620, ""query_seed"": 20271622, ""evaluation_path_source"": ""trace_poses"", ""planner_path_pose_count"": 2, ""evaluation_path_pose_count"": 101}"
easy_s01_q0012,f_n3p_knn,Easy,d08_12,True,True,0.00046465299965348095,0,9.972462083156795,9.972462083156795,0.0,0,0.0,1.964924283900619,0,0,0,0,False,0,0,,,"{""profile_name"": ""easy_d00"", ""map_seed"": 20270620, ""query_seed"": 20271622}"
easy_s01_q0012,n3p_k1,Easy,d08_12,True,True,0.0004575040002237074,0,9.972462083156795,9.972462083156795,0.0,0,0.0,1.964924283900619,0,0,0,0,False,0,0,,,"{""profile_name"": ""easy_d00"", ""map_seed"": 20270620, ""query_seed"": 20271622}"
easy_s01_q0012,voronoi_waypoint,Easy,d08_12,True,True,0.327871244000562,2,10.58136243458495,9.972462083156795,0.0610581766419116,0,0.14482006505136014,2.266309567361086,0,0,0,0,False,,,,,"{""profile_name"": ""easy_d00"", ""map_seed"": 20270620, ""query_seed"": 20271622, ""waypoint_count"": 1}"
easy_s01_q0012,bottleneck_waypoint,Easy,d08_12,True,True,0.33042718900105683,2,10.572514230094509,9.972462083156795,0.06017091285322462,0,0.14287518808722896,2.2663095673610854,0,0,0,0,False,,,,,"{""profile_name"": ""easy_d00"", ""map_seed"": 20270620, ""query_seed"": 20271622, ""waypoint_count"": 1, ""bottleneck_count"": 1}"
easy_s01_q0012,improved_ha,Easy,d08_12,True,True,0.14487433433532715,1,9.972462083156795,9.972462083156795,0.0,0,0.0,1.964924283900619,0,0,0,0,False,,,,,"{""profile_name"": ""easy_d00"", ""map_seed"": 20270620, ""query_seed"": 20271622, ""evaluation_path_source"": ""trace_poses"", ""planner_path_pose_count"": 2, ""evaluation_path_pose_count"": 101}"
easy_s01_q0012,lo_ha,Easy,d08_12,True,True,0.14451837539672852,1,9.972462083156795,9.972462083156795,0.0,0,0.0,1.964924283900619,0,0,0,0,False,,,,,"{""profile_name"": ""easy_d00"", ""map_seed"": 20270620, ""query_seed"": 20271622, ""evaluation_path_source"": ""trace_poses"", ""planner_path_pose_count"": 2, ""evaluation_path_pose_count"": 101}"
easy_s01_q0012,ss_rrt,Easy,d08_12,True,True,0.0003927020006813109,2,9.972462083156797,9.972462083156795,2.220446049250313e-16,0,4.007839644134671e-16,1.964924283900618,0,0,0,0,False,,,,,"{""profile_name"": ""easy_d00"", ""map_seed"": 20270620, ""query_seed"": 20271622, ""rrt_iterations"": 0, ""evaluation_path_source"": ""planner_path"", ""planner_path_pose_count"": 101, ""evaluation_path_pose_count"": 101}"
easy_s01_q0013,vanilla_ha,Easy,d12_16,False,False,2.5022635459899902,2737,,,,0,,,0,0,0,0,False,,,,timeout,"{""profile_name"": ""easy_d01"", ""map_seed"": 20270620, ""query_seed"": 20271623, ""evaluation_path_source"": ""planner_path"", ""planner_path_pose_count"": 0, ""evaluation_path_pose_count"": 0}"
easy_s01_q0013,f_n3p_knn,Easy,d12_16,True,True,0.04353007000463549,0,19.125277660492923,,,7,0.281020213192076,0.07342869792703888,0,4,0,0,True,3,5,0.6,,"{""profile_name"": ""easy_d01"", ""map_seed"": 20270620, ""query_seed"": 20271623}"
easy_s01_q0013,n3p_k1,Easy,d12_16,True,True,0.4284067939952365,353,19.677585872696202,,,7,0.28585655493292533,0.07781456990517321,0,0,1,0,True,2,2,1.0,,"{""profile_name"": ""easy_d01"", ""map_seed"": 20270620, ""query_seed"": 20271623}"
easy_s01_q0013,voronoi_waypoint,Easy,d12_16,True,True,0.9392215710031451,360,19.412086644163356,,,3,0.36457685961790753,0.06745712217431832,0,0,0,0,False,,,,,"{""profile_name"": ""easy_d01"", ""map_seed"": 20270620, ""query_seed"": 20271623, ""waypoint_count"": 3}"
easy_s01_q0013,bottleneck_waypoint,Easy,d12_16,True,True,0.7564008899935288,5,18.926738929693492,,,1,0.2914242719361317,0.07781456990517321,0,0,0,0,False,,,,,"{""profile_name"": ""easy_d01"", ""map_seed"": 20270620, ""query_seed"": 20271623, ""waypoint_count"": 4, ""bottleneck_count"": 4}"
easy_s01_q0013,improved_ha,Easy,d12_16,False,False,2.5003576278686523,2697,,,,0,,,0,0,0,0,False,,,,timeout,"{""profile_name"": ""easy_d01"", ""map_seed"": 20270620, ""query_seed"": 20271623, ""evaluation_path_source"": ""planner_path"", ""planner_path_pose_count"": 0, ""evaluation_path_pose_count"": 0}"
easy_s01_q0013,lo_ha,Easy,d12_16,False,False,0.8278400897979736,1319,,,,0,,,0,0,0,0,False,,,,collision_violation_rejected:1,"{""profile_name"": ""easy_d01"", ""map_seed"": 20270620, ""query_seed"": 20271623, ""evaluation_path_source"": ""trace_poses"", ""planner_path_pose_count"": 50, ""evaluation_path_pose_count"": 163, ""rejected_collision_violation_count"": 1, ""rejected_collision_path_length_m"": 16.079465032375474}"
easy_s01_q0013,ss_rrt,Easy,d12_16,False,False,2.5015780809990247,3215,,,,0,,,0,0,0,0,False,,,,timeout,"{""profile_name"": ""easy_d01"", ""map_seed"": 20270620, ""query_seed"": 20271623, ""rrt_iterations"": 935, ""evaluation_path_source"": ""planner_path"", ""planner_path_pose_count"": 0, ""evaluation_path_pose_count"": 0}"
easy_s01_q0014,vanilla_ha,Easy,d16_20,True,True,0.14874505996704102,9,17.75532053822487,,,0,0.08851626000790339,0.7831294286783568,0,0,0,0,False,,,,,"{""profile_name"": ""easy_d00"", ""map_seed"": 20270620, ""query_seed"": 20271624, ""evaluation_path_source"": ""trace_poses"", ""planner_path_pose_count"": 10, ""evaluation_path_pose_count"": 180}"
easy_s01_q0014,f_n3p_knn,Easy,d16_20,True,True,0.009778933999768924,0,17.52235045252417,17.75532053822487,-0.013121142206311998,0,0.019712375171102223,0.17056237374212146,0,2,0,0,True,0,1,0.0,,"{""profile_name"": ""easy_d00"", ""map_seed"": 20270620, ""query_seed"": 20271624}"
easy_s01_q0014,n3p_k1,Easy,d16_20,True,True,0.15769979899778264,7,17.626507979939156,17.75532053822487,-0.00725487089959298,0,0.07682221482513509,0.5553974704081948,0,0,1,0,True,0,0,,,"{""profile_name"": ""easy_d00"", ""map_seed"": 20270620, ""query_seed"": 20271624}"
easy_s01_q0014,voronoi_waypoint,Easy,d16_20,True,True,0.6174752129954868,4,21.263416037649268,17.75532053822487,0.1975799587437428,0,0.28515871905470686,0.9846640810256848,0,0,0,0,False,,,,,"{""profile_name"": ""easy_d00"", ""map_seed"": 20270620, ""query_seed"": 20271624, ""waypoint_count"": 3}"
easy_s01_q0014,bottleneck_waypoint,Easy,d16_20,True,True,0.49884752899379237,3,19.488272911245907,17.75532053822487,0.09760186358169198,1,0.19307384418132303,1.2914384039694577,0,0,0,0,False,,,,,"{""profile_name"": ""easy_d00"", ""map_seed"": 20270620, ""query_seed"": 20271624, ""waypoint_count"": 2, ""bottleneck_count"": 2}"
easy_s01_q0014,improved_ha,Easy,d16_20,True,True,0.1508021354675293,9,17.75532053822487,17.75532053822487,0.0,0,0.08851626000790339,0.7831294286783568,0,0,0,0,False,,,,,"{""profile_name"": ""easy_d00"", ""map_seed"": 20270620, ""query_seed"": 20271624, ""evaluation_path_source"": ""trace_poses"", ""planner_path_pose_count"": 10, ""evaluation_path_pose_count"": 180}"
easy_s01_q0014,lo_ha,Easy,d16_20,True,True,0.150130033493042,9,17.52281501732272,17.75532053822487,-0.013094977384474404,0,0.03669506997063248,0.10141026477865389,0,0,0,0,False,,,,,"{""profile_name"": ""easy_d00"", ""map_seed"": 20270620, ""query_seed"": 20271624, ""evaluation_path_source"": ""trace_poses"", ""planner_path_pose_count"": 12, ""evaluation_path_pose_count"": 178}"
easy_s01_q0014,ss_rrt,Easy,d16_20,True,True,0.16961652700410923,58,17.73226735605109,17.75532053822487,-0.001298381638571322,0,0.21822313184692765,0.5970729222157924,0,0,0,0,False,,,,,"{""profile_name"": ""easy_d00"", ""map_seed"": 20270620, ""query_seed"": 20271624, ""rrt_iterations"": 40, ""evaluation_path_source"": ""planner_path"", ""planner_path_pose_count"": 217, ""evaluation_path_pose_count"": 217}"
easy_s01_q0015,vanilla_ha,Easy,d20_inf,True,True,0.22254180908203125,129,24.14415652241921,,,0,0.19678263275045665,0.08587290505656675,0,0,0,0,False,,,,,"{""profile_name"": ""easy_d01"", ""map_seed"": 20270621, ""query_seed"": 20271621, ""evaluation_path_source"": ""trace_poses"", ""planner_path_pose_count"": 45, ""evaluation_path_pose_count"": 244}"
easy_s01_q0015,f_n3p_knn,Easy,d20_inf,True,True,0.01954885200393619,0,23.84229883510979,24.14415652241921,-0.01250230825123777,0,0.03895754465324416,0.07939099351595313,0,4,0,0,True,0,2,0.0,,"{""profile_name"": ""easy_d01"", ""map_seed"": 20270621, ""query_seed"": 20271621}"
easy_s01_q0015,n3p_k1,Easy,d20_inf,True,True,0.2279779980017338,129,24.14415652241921,24.14415652241921,0.0,0,0.19678263275045665,0.08587290505656675,0,0,1,0,True,0,0,,,"{""profile_name"": ""easy_d01"", ""map_seed"": 20270621, ""query_seed"": 20271621}"
easy_s01_q0015,voronoi_waypoint,Easy,d20_inf,True,True,0.7826608479954302,20,25.73492141744222,24.14415652241921,0.06588612418685647,0,0.1841435060993685,0.23060234490078124,0,0,0,0,False,,,,,"{""profile_name"": ""easy_d01"", ""map_seed"": 20270621, ""query_seed"": 20271621, ""waypoint_count"": 4}"
easy_s01_q0015,bottleneck_waypoint,Easy,d20_inf,True,True,0.7690447310014861,5,25.346955194222215,24.14415652241921,0.049817382134933474,0,0.1765436781566061,0.2176959337378832,0,0,0,0,False,,,,,"{""profile_name"": ""easy_d01"", ""map_seed"": 20270621, ""query_seed"": 20271621, ""waypoint_count"": 4, ""bottleneck_count"": 4}"
easy_s01_q0015,improved_ha,Easy,d20_inf,True,True,0.2237405776977539,129,24.14415652241921,24.14415652241921,0.0,0,0.19678263275045665,0.08587290505656675,0,0,0,0,False,,,,,"{""profile_name"": ""easy_d01"", ""map_seed"": 20270621, ""query_seed"": 20271621, ""evaluation_path_source"": ""trace_poses"", ""planner_path_pose_count"": 45, ""evaluation_path_pose_count"": 244}"
easy_s01_q0015,lo_ha,Easy,d20_inf,True,True,0.21402978897094727,211,24.54778772185797,24.14415652241921,0.016717552301483973,0,0.10636316895118657,0.07270371338923765,0,0,0,0,False,,,,,"{""profile_name"": ""easy_d01"", ""map_seed"": 20270621, ""query_seed"": 20271621, ""evaluation_path_source"": ""trace_poses"", ""planner_path_pose_count"": 59, ""evaluation_path_pose_count"": 248}"
easy_s01_q0015,ss_rrt,Easy,d20_inf,True,True,0.24094391000107862,77,23.90574800669271,24.14415652241921,-0.009874377491925324,0,0.19206268142094862,0.1103780854927704,0,0,0,0,False,,,,,"{""profile_name"": ""easy_d01"", ""map_seed"": 20270621, ""query_seed"": 20271621, ""rrt_iterations"": 93, ""evaluation_path_source"": ""planner_path"", ""planner_path_pose_count"": 297, ""evaluation_path_pose_count"": 297}"
easy_s01_q0016,vanilla_ha,Easy,d08_12,True,True,0.1464824676513672,1,9.96393496566492,,,0,0.0,0.47388133202254656,0,0,0,0,False,,,,,"{""profile_name"": ""easy_d00"", ""map_seed"": 20270621, ""query_seed"": 20271622, ""evaluation_path_source"": ""trace_poses"", ""planner_path_pose_count"": 2, ""evaluation_path_pose_count"": 101}"
easy_s01_q0016,f_n3p_knn,Easy,d08_12,True,True,0.000458278002042789,0,9.96393496566492,9.96393496566492,0.0,0,0.0,0.47388133202254656,0,0,0,0,False,0,0,,,"{""profile_name"": ""easy_d00"", ""map_seed"": 20270621, ""query_seed"": 20271622}"
easy_s01_q0016,n3p_k1,Easy,d08_12,True,True,0.00043687300058081746,0,9.96393496566492,9.96393496566492,0.0,0,0.0,0.47388133202254656,0,0,0,0,False,0,0,,,"{""profile_name"": ""easy_d00"", ""map_seed"": 20270621, ""query_seed"": 20271622}"
easy_s01_q0016,voronoi_waypoint,Easy,d08_12,True,True,0.33232734000193886,2,10.070601141951208,9.96393496566492,0.010705226063182138,0,0.11708693497906224,0.19531185851249833,0,0,0,0,False,,,,,"{""profile_name"": ""easy_d00"", ""map_seed"": 20270621, ""query_seed"": 20271622, ""waypoint_count"": 1}"
easy_s01_q0016,bottleneck_waypoint,Easy,d08_12,True,True,0.47733885499474127,3,9.984804820535256,9.96393496566492,0.002094539450754329,0,0.08453217257156007,0.44392066964836807,0,0,0,0,False,,,,,"{""profile_name"": ""easy_d00"", ""map_seed"": 20270621, ""query_seed"": 20271622, ""waypoint_count"": 2, ""bottleneck_count"": 2}"
easy_s01_q0016,improved_ha,Easy,d08_12,True,True,0.14783477783203125,1,9.96393496566492,9.96393496566492,0.0,0,0.0,0.47388133202254656,0,0,0,0,False,,,,,"{""profile_name"": ""easy_d00"", ""map_seed"": 20270621, ""query_seed"": 20271622, ""evaluation_path_source"": ""trace_poses"", ""planner_path_pose_count"": 2, ""evaluation_path_pose_count"": 101}"
easy_s01_q0016,lo_ha,Easy,d08_12,True,True,0.14698171615600586,1,9.96393496566492,9.96393496566492,0.0,0,0.0,0.47388133202254656,0,0,0,0,False,,,,,"{""profile_name"": ""easy_d00"", ""map_seed"": 20270621, ""query_seed"": 20271622, ""evaluation_path_source"": ""trace_poses"", ""planner_path_pose_count"": 2, ""evaluation_path_pose_count"": 101}"
easy_s01_q0016,ss_rrt,Easy,d08_12,True,True,0.00038533200131496415,2,9.96393496566492,9.96393496566492,0.0,0,3.5655729298142984e-16,0.47388133202255533,0,0,0,0,False,,,,,"{""profile_name"": ""easy_d00"", ""map_seed"": 20270621, ""query_seed"": 20271622, ""rrt_iterations"": 0, ""evaluation_path_source"": ""planner_path"", ""planner_path_pose_count"": 101, ""evaluation_path_pose_count"": 101}"
easy_s01_q0017,vanilla_ha,Easy,d12_16,True,True,0.5125241279602051,463,12.96514663314321,,,0,0.09816154260994084,0.08644055850825183,0,0,0,0,False,,,,,"{""profile_name"": ""easy_d01"", ""map_seed"": 20270621, ""query_seed"": 20271623, ""evaluation_path_source"": ""trace_poses"", ""planner_path_pose_count"": 37, ""evaluation_path_pose_count"": 132}"
easy_s01_q0017,f_n3p_knn,Easy,d12_16,True,True,0.027406789995438885,0,12.99606591475655,12.96514663314321,0.002384799994031628,0,0.09498578532284958,0.08014689215232551,0,2,0,0,True,1,3,0.3333333333333333,,"{""profile_name"": ""easy_d01"", ""map_seed"": 20270621, ""query_seed"": 20271623}"
easy_s01_q0017,n3p_k1,Easy,d12_16,True,True,0.5208410650011501,463,12.96514663314321,12.96514663314321,0.0,0,0.09816154260994084,0.08644055850825183,0,0,1,0,True,0,0,,,"{""profile_name"": ""easy_d01"", ""map_seed"": 20270621, ""query_seed"": 20271623}"
easy_s01_q0017,voronoi_waypoint,Easy,d12_16,True,True,0.4637015510015772,3,13.823998971565715,12.96514663314321,0.06624316428685773,0,0.2959749602264674,0.1978540584687104,0,0,0,0,False,,,,,"{""profile_name"": ""easy_d01"", ""map_seed"": 20270621, ""query_seed"": 20271623, ""waypoint_count"": 2}"
easy_s01_q0017,bottleneck_waypoint,Easy,d12_16,True,True,0.46853906600154005,3,13.502806787220333,12.96514663314321,0.04146965470507569,0,0.18501527283337113,0.4908000794141426,0,0,0,0,False,,,,,"{""profile_name"": ""easy_d01"", ""map_seed"": 20270621, ""query_seed"": 20271623, ""waypoint_count"": 2, ""bottleneck_count"": 2}"
easy_s01_q0017,improved_ha,Easy,d12_16,True,True,0.511909008026123,463,12.96514663314321,12.96514663314321,0.0,0,0.09816154260994084,0.08644055850825183,0,0,0,0,False,,,,,"{""profile_name"": ""easy_d01"", ""map_seed"": 20270621, ""query_seed"": 20271623, ""evaluation_path_source"": ""trace_poses"", ""planner_path_pose_count"": 37, ""evaluation_path_pose_count"": 132}"
easy_s01_q0017,lo_ha,Easy,d12_16,True,True,0.42955899238586426,577,13.407508710160611,12.96514663314321,0.034119326956671525,0,0.15914200475085044,0.07527328493443208,0,0,0,0,False,,,,,"{""profile_name"": ""easy_d01"", ""map_seed"": 20270621, ""query_seed"": 20271623, ""evaluation_path_source"": ""trace_poses"", ""planner_path_pose_count"": 12, ""evaluation_path_pose_count"": 137}"
easy_s01_q0017,ss_rrt,Easy,d12_16,False,False,2.5021384569990914,790,,12.96514663314321,,0,,,0,0,0,0,False,,,,timeout,"{""profile_name"": ""easy_d01"", ""map_seed"": 20270621, ""query_seed"": 20271623, ""rrt_iterations"": 1831, ""evaluation_path_source"": ""planner_path"", ""planner_path_pose_count"": 0, ""evaluation_path_pose_count"": 0}"
easy_s01_q0018,vanilla_ha,Easy,d16_20,True,True,2.0508015155792236,3497,19.683057223525104,,,1,0.1620058798203753,0.06120770805316722,0,0,0,0,False,,,,,"{""profile_name"": ""easy_d00"", ""map_seed"": 20270621, ""query_seed"": 20271624, ""evaluation_path_source"": ""trace_poses"", ""planner_path_pose_count"": 20, ""evaluation_path_pose_count"": 199}"
easy_s01_q0018,f_n3p_knn,Easy,d16_20,True,True,0.9263810989941703,943,23.159837513800802,19.683057223525104,0.17663822498672954,3,0.2849420239651264,0.08534494454766084,0,23,1,0,True,2,3,0.6666666666666666,,"{""profile_name"": ""easy_d00"", ""map_seed"": 20270621, ""query_seed"": 20271624}"
easy_s01_q0018,n3p_k1,Easy,d16_20,True,True,0.23061555800086353,105,20.406538185027102,19.683057223525104,0.036756533971628036,3,0.2953142039728697,0.05751509854649728,0,0,1,0,True,2,2,1.0,,"{""profile_name"": ""easy_d00"", ""map_seed"": 20270621, ""query_seed"": 20271624}"
easy_s01_q0018,voronoi_waypoint,Easy,d16_20,True,True,0.6526200290027191,40,20.88886622904706,19.683057223525104,0.06126126606393134,1,0.08767411849477921,0.07111987160672428,0,0,0,0,False,,,,,"{""profile_name"": ""easy_d00"", ""map_seed"": 20270621, ""query_seed"": 20271624, ""waypoint_count"": 3}"
easy_s01_q0018,bottleneck_waypoint,Easy,d16_20,True,True,0.6246308389963815,4,20.98709575778158,19.683057223525104,0.06625182863858647,3,0.2388878616623051,0.19220856493342087,0,0,0,0,False,,,,,"{""profile_name"": ""easy_d00"", ""map_seed"": 20270621, ""query_seed"": 20271624, ""waypoint_count"": 3, ""bottleneck_count"": 3}"
easy_s01_q0018,improved_ha,Easy,d16_20,True,True,2.0811994075775146,3497,19.683057223525104,19.683057223525104,0.0,1,0.1620058798203753,0.06120770805316722,0,0,0,0,False,,,,,"{""profile_name"": ""easy_d00"", ""map_seed"": 20270621, ""query_seed"": 20271624, ""evaluation_path_source"": ""trace_poses"", ""planner_path_pose_count"": 20, ""evaluation_path_pose_count"": 199}"
easy_s01_q0018,lo_ha,Easy,d16_20,True,True,0.24193811416625977,257,20.038126785400625,19.683057223525104,0.018039350180374614,1,0.1301399126082385,0.1449800907631973,0,0,0,0,False,,,,,"{""profile_name"": ""easy_d00"", ""map_seed"": 20270621, ""query_seed"": 20271624, ""evaluation_path_source"": ""trace_poses"", ""planner_path_pose_count"": 8, ""evaluation_path_pose_count"": 202}"
easy_s01_q0018,ss_rrt,Easy,d16_20,False,False,0.433290846995078,19,,19.683057223525104,,0,,,0,0,0,0,False,,,,iteration_budget_exhausted,"{""profile_name"": ""easy_d00"", ""map_seed"": 20270621, ""query_seed"": 20271624, ""rrt_iterations"": 3000, ""evaluation_path_source"": ""planner_path"", ""planner_path_pose_count"": 0, ""evaluation_path_pose_count"": 0}"
easy_s01_q0019,vanilla_ha,Easy,d20_inf,True,True,0.5668611526489258,589,24.587359250334018,,,0,0.2183914486003529,0.11470097549994462,0,0,0,0,False,,,,,"{""profile_name"": ""easy_d01"", ""map_seed"": 20270621, ""query_seed"": 20271625, ""evaluation_path_source"": ""trace_poses"", ""planner_path_pose_count"": 72, ""evaluation_path_pose_count"": 248}"
easy_s01_q0019,f_n3p_knn,Easy,d20_inf,True,True,0.027692971998476423,0,26.00375018450127,24.587359250334018,0.05760646841925543,0,0.11059323182857854,0.14940715907155833,0,11,0,0,True,1,3,0.3333333333333333,,"{""profile_name"": ""easy_d01"", ""map_seed"": 20270621, ""query_seed"": 20271625}"
easy_s01_q0019,n3p_k1,Easy,d20_inf,True,True,0.37651936800102703,116,24.901070892000863,24.587359250334018,0.012759062023408818,0,0.1988634166157128,0.15102805193813085,0,0,2,0,True,1,1,1.0,,"{""profile_name"": ""easy_d01"", ""map_seed"": 20270621, ""query_seed"": 20271625}"
easy_s01_q0019,voronoi_waypoint,Easy,d20_inf,True,True,0.7688594459978049,5,26.373214123897192,24.587359250334018,0.0726330491770446,2,0.2797472637101401,0.08956437527691952,0,0,0,0,False,,,,,"{""profile_name"": ""easy_d01"", ""map_seed"": 20270621, ""query_seed"": 20271625, ""waypoint_count"": 4}"
easy_s01_q0019,bottleneck_waypoint,Easy,d20_inf,True,True,0.9192298899943125,6,26.221237818477217,24.587359250334018,0.06645197442751005,0,0.2877967058979912,0.3964482116780498,0,0,0,0,False,,,,,"{""profile_name"": ""easy_d01"", ""map_seed"": 20270621, ""query_seed"": 20271625, ""waypoint_count"": 5, ""bottleneck_count"": 5}"
easy_s01_q0019,improved_ha,Easy,d20_inf,True,True,0.5679676532745361,589,24.587359250334018,24.587359250334018,0.0,0,0.2183914486003529,0.11470097549994462,0,0,0,0,False,,,,,"{""profile_name"": ""easy_d01"", ""map_seed"": 20270621, ""query_seed"": 20271625, ""evaluation_path_source"": ""trace_poses"", ""planner_path_pose_count"": 72, ""evaluation_path_pose_count"": 248}"
easy_s01_q0019,lo_ha,Easy,d20_inf,True,True,1.5665645599365234,2449,24.725297344105286,24.587359250334018,0.005610122354615887,0,0.14688999177663165,0.0725485604239926,0,0,0,0,False,,,,,"{""profile_name"": ""easy_d01"", ""map_seed"": 20270621, ""query_seed"": 20271625, ""evaluation_path_source"": ""trace_poses"", ""planner_path_pose_count"": 70, ""evaluation_path_pose_count"": 250}"
easy_s01_q0019,ss_rrt,Easy,d20_inf,False,False,2.506848124001408,2494,,24.587359250334018,,0,,,0,0,0,0,False,,,,timeout,"{""profile_name"": ""easy_d01"", ""map_seed"": 20270621, ""query_seed"": 20271625, ""rrt_iterations"": 1093, ""evaluation_path_source"": ""planner_path"", ""planner_path_pose_count"": 0, ""evaluation_path_pose_count"": 0}"
easy_s02_q0020,vanilla_ha,Easy,d08_12,True,True,0.14919137954711914,8,9.719366791435954,,,0,0.06734425348425047,0.1959317312648321,0,0,0,0,False,,,,,"{""profile_name"": ""easy_d00"", ""map_seed"": 20280620, ""query_seed"": 20281620, ""evaluation_path_source"": ""trace_poses"", ""planner_path_pose_count"": 7, ""evaluation_path_pose_count"": 100}"
easy_s02_q0020,f_n3p_knn,Easy,d08_12,True,True,0.010966425004880875,0,9.933454457040433,9.719366791435954,0.022026914941940312,0,0.12622416587032298,0.2126802778377993,0,6,0,0,True,0,1,0.0,,"{""profile_name"": ""easy_d00"", ""map_seed"": 20280620, ""query_seed"": 20281620}"
easy_s02_q0020,n3p_k1,Easy,d08_12,True,True,0.1583811290038284,7,9.818626977863627,9.719366791435954,0.010212618636343151,0,0.140486112535148,0.1939045119622793,0,0,1,0,True,0,0,,,"{""profile_name"": ""easy_d00"", ""map_seed"": 20280620, ""query_seed"": 20281620}"
easy_s02_q0020,voronoi_waypoint,Easy,d08_12,True,True,0.4785483719970216,15,15.382504801478015,9.719366791435954,0.5826653249707618,4,0.42743756168505254,0.19161721767491646,0,0,0,0,False,,,,,"{""profile_name"": ""easy_d00"", ""map_seed"": 20280620, ""query_seed"": 20281620, ""waypoint_count"": 2}"
easy_s02_q0020,bottleneck_waypoint,Easy,d08_12,True,True,0.4792041459950269,3,15.895561834587426,9.719366791435954,0.6354524091624483,1,0.4083641833554342,0.2982126816652866,0,0,0,0,False,,,,,"{""profile_name"": ""easy_d00"", ""map_seed"": 20280620, ""query_seed"": 20281620, ""waypoint_count"": 2, ""bottleneck_count"": 2}"
easy_s02_q0020,improved_ha,Easy,d08_12,True,True,0.14988255500793457,8,9.719366791435954,9.719366791435954,0.0,0,0.06734425348425047,0.1959317312648321,0,0,0,0,False,,,,,"{""profile_name"": ""easy_d00"", ""map_seed"": 20280620, ""query_seed"": 20281620, ""evaluation_path_source"": ""trace_poses"", ""planner_path_pose_count"": 7, ""evaluation_path_pose_count"": 100}"
easy_s02_q0020,lo_ha,Easy,d08_12,True,True,0.1479799747467041,7,9.698217355100402,9.719366791435954,-0.002176009691720604,0,0.03189525782122871,0.11722892751548719,0,0,0,0,False,,,,,"{""profile_name"": ""easy_d00"", ""map_seed"": 20280620, ""query_seed"": 20281620, ""evaluation_path_source"": ""trace_poses"", ""planner_path_pose_count"": 10, ""evaluation_path_pose_count"": 100}"
easy_s02_q0020,ss_rrt,Easy,d08_12,True,True,0.047898215998429805,29,9.599743646099915,9.719366791435954,-0.012307709741075201,0,0.1031218010341791,0.19378770254431554,0,0,0,0,False,,,,,"{""profile_name"": ""easy_d00"", ""map_seed"": 20280620, ""query_seed"": 20281620, ""rrt_iterations"": 29, ""evaluation_path_source"": ""planner_path"", ""planner_path_pose_count"": 121, ""evaluation_path_pose_count"": 121}"
easy_s02_q0021,vanilla_ha,Easy,d12_16,True,True,0.17218852043151855,49,13.045341094113928,,,0,0.20370933968192698,0.09280436358235711,0,0,0,0,False,,,,,"{""profile_name"": ""easy_d01"", ""map_seed"": 20280620, ""query_seed"": 20281621, ""evaluation_path_source"": ""trace_poses"", ""planner_path_pose_count"": 15, ""evaluation_path_pose_count"": 132}"
easy_s02_q0021,f_n3p_knn,Easy,d12_16,True,True,0.01132294300623471,0,12.828615340350852,13.045341094113928,-0.016613268461095454,0,0.06690577366744302,0.1308864294510026,0,5,0,0,True,0,1,0.0,,"{""profile_name"": ""easy_d01"", ""map_seed"": 20280620, ""query_seed"": 20281621}"
easy_s02_q0021,n3p_k1,Easy,d12_16,True,True,0.21686939999926835,93,12.771745016318956,13.045341094113928,-0.02097270403442486,0,0.1406070504951473,0.1308864294510026,0,0,1,0,True,0,0,,,"{""profile_name"": ""easy_d01"", ""map_seed"": 20280620, ""query_seed"": 20281621}"
easy_s02_q0021,voronoi_waypoint,Easy,d12_16,True,True,0.4686593990045367,3,13.13060723712102,13.045341094113928,0.006536137490920968,0,0.26769340391294083,0.1308864294510026,0,0,0,0,False,,,,,"{""profile_name"": ""easy_d01"", ""map_seed"": 20280620, ""query_seed"": 20281621, ""waypoint_count"": 2}"
easy_s02_q0021,bottleneck_waypoint,Easy,d12_16,True,True,0.47114862099988386,3,12.875780203490264,13.045341094113928,-0.012997811969835738,0,0.08090589595496592,0.1308864294510026,0,0,0,0,False,,,,,"{""profile_name"": ""easy_d01"", ""map_seed"": 20280620, ""query_seed"": 20281621, ""waypoint_count"": 2, ""bottleneck_count"": 2}"
easy_s02_q0021,improved_ha,Easy,d12_16,True,True,0.17611408233642578,49,13.045341094113928,13.045341094113928,0.0,0,0.20370933968192698,0.09280436358235711,0,0,0,0,False,,,,,"{""profile_name"": ""easy_d01"", ""map_seed"": 20280620, ""query_seed"": 20281621, ""evaluation_path_source"": ""trace_poses"", ""planner_path_pose_count"": 15, ""evaluation_path_pose_count"": 132}"
easy_s02_q0021,lo_ha,Easy,d12_16,True,True,0.15064311027526855,22,12.985283007228217,13.045341094113928,-0.004603795826604307,0,0.11332958071454488,0.13001859521424153,0,0,0,0,False,,,,,"{""profile_name"": ""easy_d01"", ""map_seed"": 20280620, ""query_seed"": 20281621, ""evaluation_path_source"": ""trace_poses"", ""planner_path_pose_count"": 18, ""evaluation_path_pose_count"": 132}"
easy_s02_q0021,ss_rrt,Easy,d12_16,True,True,0.0789253330003703,51,12.782340670801673,13.045341094113928,-0.020160486522726506,0,0.13946143301505298,0.1269553313150924,0,0,0,0,False,,,,,"{""profile_name"": ""easy_d01"", ""map_seed"": 20280620, ""query_seed"": 20281621, ""rrt_iterations"": 51, ""evaluation_path_source"": ""planner_path"", ""planner_path_pose_count"": 159, ""evaluation_path_pose_count"": 159}"
easy_s02_q0022,vanilla_ha,Easy,d16_20,True,True,0.14851713180541992,1,16.983815825661793,,,0,0.0,0.5885881192363516,0,0,0,0,False,,,,,"{""profile_name"": ""easy_d00"", ""map_seed"": 20280620, ""query_seed"": 20281622, ""evaluation_path_source"": ""trace_poses"", ""planner_path_pose_count"": 2, ""evaluation_path_pose_count"": 171}"
easy_s02_q0022,f_n3p_knn,Easy,d16_20,True,True,0.0006949040034669451,0,16.983815825661793,16.983815825661793,0.0,0,3.268473457383055e-18,0.5885881192363516,0,0,0,0,False,0,0,,,"{""profile_name"": ""easy_d00"", ""map_seed"": 20280620, ""query_seed"": 20281622}"
easy_s02_q0022,n3p_k1,Easy,d16_20,True,True,0.000692474000970833,0,16.983815825661793,16.983815825661793,0.0,0,3.268473457383055e-18,0.5885881192363516,0,0,0,0,False,0,0,,,"{""profile_name"": ""easy_d00"", ""map_seed"": 20280620, ""query_seed"": 20281622}"
easy_s02_q0022,voronoi_waypoint,Easy,d16_20,True,True,0.620176509997691,4,18.50097118486686,16.983815825661793,0.08932947547115488,0,0.23320788050431654,0.666346919520393,0,0,0,0,False,,,,,"{""profile_name"": ""easy_d00"", ""map_seed"": 20280620, ""query_seed"": 20281622, ""waypoint_count"": 3}"
easy_s02_q0022,bottleneck_waypoint,Easy,d16_20,True,True,0.6181163599976571,4,19.790456964068774,16.983815825661793,0.16525386092366068,1,0.2878676430092924,0.6979663662432418,0,0,0,0,False,,,,,"{""profile_name"": ""easy_d00"", ""map_seed"": 20280620, ""query_seed"": 20281622, ""waypoint_count"": 3, ""bottleneck_count"": 3}"
easy_s02_q0022,improved_ha,Easy,d16_20,True,True,0.14918041229248047,1,16.983815825661793,16.983815825661793,0.0,0,0.0,0.5885881192363516,0,0,0,0,False,,,,,"{""profile_name"": ""easy_d00"", ""map_seed"": 20280620, ""query_seed"": 20281622, ""evaluation_path_source"": ""trace_poses"", ""planner_path_pose_count"": 2, ""evaluation_path_pose_count"": 171}"
easy_s02_q0022,lo_ha,Easy,d16_20,True,True,0.14807534217834473,1,16.983815825661793,16.983815825661793,0.0,0,0.0,0.5885881192363516,0,0,0,0,False,,,,,"{""profile_name"": ""easy_d00"", ""map_seed"": 20280620, ""query_seed"": 20281622, ""evaluation_path_source"": ""trace_poses"", ""planner_path_pose_count"": 2, ""evaluation_path_pose_count"": 171}"
easy_s02_q0022,ss_rrt,Easy,d16_20,True,True,0.0006500649978988804,2,16.983815825661793,16.983815825661793,0.0,0,4.118276556302646e-16,0.5885881192363509,0,0,0,0,False,,,,,"{""profile_name"": ""easy_d00"", ""map_seed"": 20280620, ""query_seed"": 20281622, ""rrt_iterations"": 0, ""evaluation_path_source"": ""planner_path"", ""planner_path_pose_count"": 171, ""evaluation_path_pose_count"": 171}"
easy_s02_q0023,vanilla_ha,Easy,d20_inf,True,True,0.29029393196105957,401,23.28156050763635,,,0,0.14558951476529974,0.0670950342090244,0,0,0,0,False,,,,,"{""profile_name"": ""easy_d01"", ""map_seed"": 20280620, ""query_seed"": 20281623, ""evaluation_path_source"": ""trace_poses"", ""planner_path_pose_count"": 25, ""evaluation_path_pose_count"": 235}"
easy_s02_q0023,f_n3p_knn,Easy,d20_inf,True,True,0.021468815000844188,0,22.4592412566426,23.28156050763635,-0.03532062426502858,0,0.05759718109291984,0.17538790457476716,0,0,0,0,False,2,2,1.0,,"{""profile_name"": ""easy_d01"", ""map_seed"": 20280620, ""query_seed"": 20281623}"
easy_s02_q0023,n3p_k1,Easy,d20_inf,True,True,0.019145231999573298,0,22.4592412566426,23.28156050763635,-0.03532062426502858,0,0.05759718109291984,0.17538790457476716,0,0,0,0,False,2,2,1.0,,"{""profile_name"": ""easy_d01"", ""map_seed"": 20280620, ""query_seed"": 20281623}"
easy_s02_q0023,voronoi_waypoint,Easy,d20_inf,True,True,0.7698612659951323,5,23.593628460725185,23.28156050763635,0.013404082298799302,0,0.16062029351283588,0.6633069079909761,0,0,0,0,False,,,,,"{""profile_name"": ""easy_d01"", ""map_seed"": 20280620, ""query_seed"": 20281623, ""waypoint_count"": 4}"
easy_s02_q0023,bottleneck_waypoint,Easy,d20_inf,True,True,0.6224567320023198,4,22.6957166047593,23.28156050763635,-0.025163429345077315,0,0.10648252089145537,0.6673692884680753,0,0,0,0,False,,,,,"{""profile_name"": ""easy_d01"", ""map_seed"": 20280620, ""query_seed"": 20281623, ""waypoint_count"": 3, ""bottleneck_count"": 3}"
easy_s02_q0023,improved_ha,Easy,d20_inf,True,True,0.2929372787475586,401,23.28156050763635,23.28156050763635,0.0,0,0.14558951476529974,0.0670950342090244,0,0,0,0,False,,,,,"{""profile_name"": ""easy_d01"", ""map_seed"": 20280620, ""query_seed"": 20281623, ""evaluation_path_source"": ""trace_poses"", ""planner_path_pose_count"": 25, ""evaluation_path_pose_count"": 235}"
easy_s02_q0023,lo_ha,Easy,d20_inf,True,True,0.19123458862304688,69,22.295484691943223,23.28156050763635,-0.04235436947491966,0,0.039427844872109465,0.08501963683214842,0,0,0,0,False,,,,,"{""profile_name"": ""easy_d01"", ""map_seed"": 20280620, ""query_seed"": 20281623, ""evaluation_path_source"": ""trace_poses"", ""planner_path_pose_count"": 71, ""evaluation_path_pose_count"": 225}"
easy_s02_q0023,ss_rrt,Easy,d20_inf,False,False,2.5026285700005246,1479,,23.28156050763635,,0,,,0,0,0,0,False,,,,timeout,"{""profile_name"": ""easy_d01"", ""map_seed"": 20280620, ""query_seed"": 20281623, ""rrt_iterations"": 1173, ""evaluation_path_source"": ""planner_path"", ""planner_path_pose_count"": 0, ""evaluation_path_pose_count"": 0}"
easy_s02_q0024,vanilla_ha,Easy,d08_12,True,True,0.1479954719543457,1,10.830050784737804,,,0,0.0,0.6820275189920313,0,0,0,0,False,,,,,"{""profile_name"": ""easy_d00"", ""map_seed"": 20280620, ""query_seed"": 20281624, ""evaluation_path_source"": ""trace_poses"", ""planner_path_pose_count"": 2, ""evaluation_path_pose_count"": 110}"
easy_s02_q0024,f_n3p_knn,Easy,d08_12,True,True,0.0004940660001011565,0,10.830050784737809,10.830050784737804,4.440892098500626e-16,0,1.0251318730561558e-17,0.6820275189920313,0,0,0,0,False,0,0,,,"{""profile_name"": ""easy_d00"", ""map_seed"": 20280620, ""query_seed"": 20281624}"
easy_s02_q0024,n3p_k1,Easy,d08_12,True,True,0.00046563400246668607,0,10.830050784737809,10.830050784737804,4.440892098500626e-16,0,1.0251318730561558e-17,0.6820275189920313,0,0,0,0,False,0,0,,,"{""profile_name"": ""easy_d00"", ""map_seed"": 20280620, ""query_seed"": 20281624}"
easy_s02_q0024,voronoi_waypoint,Easy,d08_12,True,True,0.333629551998456,2,10.922994733121548,10.830050784737804,0.008582041786426853,0,0.11104367794417219,0.6857006242576758,0,0,0,0,False,,,,,"{""profile_name"": ""easy_d00"", ""map_seed"": 20280620, ""query_seed"": 20281624, ""waypoint_count"": 1}"
easy_s02_q0024,bottleneck_waypoint,Easy,d08_12,True,True,0.33398104900697945,2,10.85167448777686,10.830050784737804,0.001996639117290977,0,0.06063162239525896,0.6857006242576758,0,0,0,0,False,,,,,"{""profile_name"": ""easy_d00"", ""map_seed"": 20280620, ""query_seed"": 20281624, ""waypoint_count"": 1, ""bottleneck_count"": 1}"
easy_s02_q0024,improved_ha,Easy,d08_12,True,True,0.1484849452972412,1,10.830050784737804,10.830050784737804,0.0,0,0.0,0.6820275189920313,0,0,0,0,False,,,,,"{""profile_name"": ""easy_d00"", ""map_seed"": 20280620, ""query_seed"": 20281624, ""evaluation_path_source"": ""trace_poses"", ""planner_path_pose_count"": 2, ""evaluation_path_pose_count"": 110}"
easy_s02_q0024,lo_ha,Easy,d08_12,True,True,0.14806723594665527,1,10.830050784737804,10.830050784737804,0.0,0,0.0,0.6820275189920313,0,0,0,0,False,,,,,"{""profile_name"": ""easy_d00"", ""map_seed"": 20280620, ""query_seed"": 20281624, ""evaluation_path_source"": ""trace_poses"", ""planner_path_pose_count"": 2, ""evaluation_path_pose_count"": 110}"
easy_s02_q0024,ss_rrt,Easy,d08_12,True,True,0.00041996499930974096,2,10.830050784737809,10.830050784737804,4.440892098500626e-16,0,6.765870362170635e-16,0.6820222817003112,0,0,0,0,False,,,,,"{""profile_name"": ""easy_d00"", ""map_seed"": 20280620, ""query_seed"": 20281624, ""rrt_iterations"": 0, ""evaluation_path_source"": ""planner_path"", ""planner_path_pose_count"": 111, ""evaluation_path_pose_count"": 111}"
easy_s02_q0025,vanilla_ha,Easy,d12_16,True,True,0.9568350315093994,1141,13.39119162167384,,,0,0.2054851421662119,0.07996818698857255,0,0,0,0,False,,,,,"{""profile_name"": ""easy_d01"", ""map_seed"": 20280621, ""query_seed"": 20281621, ""evaluation_path_source"": ""trace_poses"", ""planner_path_pose_count"": 30, ""evaluation_path_pose_count"": 136}"
easy_s02_q0025,f_n3p_knn,Easy,d12_16,True,True,0.010126110995770432,0,13.106058024395006,13.39119162167384,-0.021292623191004223,0,0.03853698927758004,0.19130211925041307,0,9,0,0,True,0,1,0.0,,"{""profile_name"": ""easy_d01"", ""map_seed"": 20280621, ""query_seed"": 20281621}"
easy_s02_q0025,n3p_k1,Easy,d12_16,True,True,0.9559131720016012,1141,13.39119162167384,13.39119162167384,0.0,0,0.2054851421662119,0.07996818698857255,0,0,1,0,True,0,0,,,"{""profile_name"": ""easy_d01"", ""map_seed"": 20280621, ""query_seed"": 20281621}"
easy_s02_q0025,voronoi_waypoint,Easy,d12_16,True,True,0.46740679999493295,3,15.288286598793672,13.39119162167384,0.14166737589277378,0,0.21414291877874414,0.347082600743434,0,0,0,0,False,,,,,"{""profile_name"": ""easy_d01"", ""map_seed"": 20280621, ""query_seed"": 20281621, ""waypoint_count"": 2}"
easy_s02_q0025,bottleneck_waypoint,Easy,d12_16,True,True,0.3304959580054856,2,15.009425203052931,13.39119162167384,0.12084313533083613,0,0.1548004332753533,0.3470826007434342,0,0,0,0,False,,,,,"{""profile_name"": ""easy_d01"", ""map_seed"": 20280621, ""query_seed"": 20281621, ""waypoint_count"": 1, ""bottleneck_count"": 1}"
easy_s02_q0025,improved_ha,Easy,d12_16,True,True,0.9620621204376221,1141,13.39119162167384,13.39119162167384,0.0,0,0.2054851421662119,0.07996818698857255,0,0,0,0,False,,,,,"{""profile_name"": ""easy_d01"", ""map_seed"": 20280621, ""query_seed"": 20281621, ""evaluation_path_source"": ""trace_poses"", ""planner_path_pose_count"": 30, ""evaluation_path_pose_count"": 136}"
easy_s02_q0025,lo_ha,Easy,d12_16,True,True,0.24191045761108398,281,13.106815990126025,13.39119162167384,-0.021236021377481373,0,0.052690404652879344,0.06405810808218904,0,0,0,0,False,,,,,"{""profile_name"": ""easy_d01"", ""map_seed"": 20280621, ""query_seed"": 20281621, ""evaluation_path_source"": ""trace_poses"", ""planner_path_pose_count"": 29, ""evaluation_path_pose_count"": 133}"
easy_s02_q0025,ss_rrt,Easy,d12_16,True,True,0.07082191700465046,36,12.95974284497772,13.39119162167384,-0.03221884869437719,0,0.078234098980669,0.07916241215423558,0,0,0,0,False,,,,,"{""profile_name"": ""easy_d01"", ""map_seed"": 20280621, ""query_seed"": 20281621, ""rrt_iterations"": 22, ""evaluation_path_source"": ""planner_path"", ""planner_path_pose_count"": 163, ""evaluation_path_pose_count"": 163}"
easy_s02_q0026,vanilla_ha,Easy,d16_20,True,True,0.24384832382202148,171,18.74765890031978,,,0,0.2363469443520609,0.08912958616225064,0,0,0,0,False,,,,,"{""profile_name"": ""easy_d00"", ""map_seed"": 20280621, ""query_seed"": 20281622, ""evaluation_path_source"": ""trace_poses"", ""planner_path_pose_count"": 44, ""evaluation_path_pose_count"": 190}"
easy_s02_q0026,f_n3p_knn,Easy,d16_20,True,True,0.1802645819989266,4,23.57664772233445,18.74765890031978,0.25757823137758806,3,0.24002676697260492,0.11328742661078228,0,20,1,0,True,2,3,0.6666666666666666,,"{""profile_name"": ""easy_d00"", ""map_seed"": 20280621, ""query_seed"": 20281622}"
easy_s02_q0026,n3p_k1,Easy,d16_20,True,True,0.17775082900334382,11,23.270307689541088,18.74765890031978,0.24123805608305382,2,0.23828584521843582,0.08459368418803015,0,0,1,0,True,2,2,1.0,,"{""profile_name"": ""easy_d00"", ""map_seed"": 20280621, ""query_seed"": 20281622}"
easy_s02_q0026,voronoi_waypoint,Easy,d16_20,True,True,0.6129469959996641,4,19.929521479430154,18.74765890031978,0.06304054204283682,0,0.24388625186242338,0.2863457153130917,0,0,0,0,False,,,,,"{""profile_name"": ""easy_d00"", ""map_seed"": 20280621, ""query_seed"": 20281622, ""waypoint_count"": 3}"
easy_s02_q0026,bottleneck_waypoint,Easy,d16_20,True,True,0.615900718003104,4,19.463952064447408,18.74765890031978,0.03820707257029343,0,0.1233153677909332,0.2863457153130917,0,0,0,0,False,,,,,"{""profile_name"": ""easy_d00"", ""map_seed"": 20280621, ""query_seed"": 20281622, ""waypoint_count"": 3, ""bottleneck_count"": 3}"
easy_s02_q0026,improved_ha,Easy,d16_20,True,True,0.24538230895996094,171,18.74765890031978,18.74765890031978,0.0,0,0.2363469443520609,0.08912958616225064,0,0,0,0,False,,,,,"{""profile_name"": ""easy_d00"", ""map_seed"": 20280621, ""query_seed"": 20281622, ""evaluation_path_source"": ""trace_poses"", ""planner_path_pose_count"": 44, ""evaluation_path_pose_count"": 190}"
easy_s02_q0026,lo_ha,Easy,d16_20,True,True,0.6935555934906006,1423,19.17369198739938,18.74765890031978,0.022724602007364814,0,0.19414313823967422,0.1197093468180278,0,0,0,0,False,,,,,"{""profile_name"": ""easy_d00"", ""map_seed"": 20280621, ""query_seed"": 20281622, ""evaluation_path_source"": ""trace_poses"", ""planner_path_pose_count"": 43, ""evaluation_path_pose_count"": 195}"
easy_s02_q0026,ss_rrt,Easy,d16_20,True,True,0.16962516200146638,77,20.741759904810362,18.74765890031978,0.10636533420482519,0,0.3017107507818364,0.2003001115721491,0,0,0,0,False,,,,,"{""profile_name"": ""easy_d00"", ""map_seed"": 20280621, ""query_seed"": 20281622, ""rrt_iterations"": 82, ""evaluation_path_source"": ""planner_path"", ""planner_path_pose_count"": 277, ""evaluation_path_pose_count"": 277}"
easy_s02_q0027,vanilla_ha,Easy,d20_inf,True,True,1.7452070713043213,2721,22.835220099517116,,,0,0.12230088059879621,0.13660451187022105,0,0,0,0,False,,,,,"{""profile_name"": ""easy_d01"", ""map_seed"": 20280621, ""query_seed"": 20281623, ""evaluation_path_source"": ""trace_poses"", ""planner_path_pose_count"": 41, ""evaluation_path_pose_count"": 230}"
easy_s02_q0027,f_n3p_knn,Easy,d20_inf,True,True,0.03942137700505555,0,23.159224658094097,22.835220099517116,0.014188808216647475,0,0.11844720480646181,0.13081825897189114,0,24,0,0,True,2,4,0.5,,"{""profile_name"": ""easy_d01"", ""map_seed"": 20280621, ""query_seed"": 20281623}"
easy_s02_q0027,n3p_k1,Easy,d20_inf,True,True,0.18026481899869395,16,22.97416917260106,22.835220099517116,0.00608485806041692,0,0.14699308662636282,0.1591528822980357,0,0,1,0,True,2,2,1.0,,"{""profile_name"": ""easy_d01"", ""map_seed"": 20280621, ""query_seed"": 20281623}"
easy_s02_q0027,voronoi_waypoint,Easy,d20_inf,True,True,0.7633093830008875,5,24.350449625177983,22.835220099517116,0.06635493413496407,0,0.24175938718496592,0.8761452807309649,0,0,0,0,False,,,,,"{""profile_name"": ""easy_d01"", ""map_seed"": 20280621, ""query_seed"": 20281623, ""waypoint_count"": 4}"
easy_s02_q0027,bottleneck_waypoint,Easy,d20_inf,True,True,0.9061418100027367,6,24.413276914473517,22.835220099517116,0.06910626690170463,0,0.2509719691905699,0.8761452807309649,0,0,0,0,False,,,,,"{""profile_name"": ""easy_d01"", ""map_seed"": 20280621, ""query_seed"": 20281623, ""waypoint_count"": 5, ""bottleneck_count"": 5}"
easy_s02_q0027,improved_ha,Easy,d20_inf,True,True,1.7540061473846436,2721,22.835220099517116,22.835220099517116,0.0,0,0.12230088059879621,0.13660451187022105,0,0,0,0,False,,,,,"{""profile_name"": ""easy_d01"", ""map_seed"": 20280621, ""query_seed"": 20281623, ""evaluation_path_source"": ""trace_poses"", ""planner_path_pose_count"": 41, ""evaluation_path_pose_count"": 230}"
easy_s02_q0027,lo_ha,Easy,d20_inf,True,True,0.18334698677062988,129,22.773070896975387,22.835220099517116,-0.0027216379903884924,0,0.1078006207604113,0.0808143102134915,0,0,0,0,False,,,,,"{""profile_name"": ""easy_d01"", ""map_seed"": 20280621, ""query_seed"": 20281623, ""evaluation_path_source"": ""trace_poses"", ""planner_path_pose_count"": 40, ""evaluation_path_pose_count"": 230}"
easy_s02_q0027,ss_rrt,Easy,d20_inf,True,True,0.4632011979992967,127,22.965861105214277,22.835220099517116,0.005721031158351986,0,0.28180893757279607,0.06904437512175121,0,0,0,0,False,,,,,"{""profile_name"": ""easy_d01"", ""map_seed"": 20280621, ""query_seed"": 20281623, ""rrt_iterations"": 133, ""evaluation_path_source"": ""planner_path"", ""planner_path_pose_count"": 285, ""evaluation_path_pose_count"": 285}"
easy_s02_q0028,vanilla_ha,Easy,d08_12,True,True,0.14862823486328125,1,10.581587782558909,,,0,0.0,0.6686200358331817,0,0,0,0,False,,,,,"{""profile_name"": ""easy_d00"", ""map_seed"": 20280621, ""query_seed"": 20281624, ""evaluation_path_source"": ""trace_poses"", ""planner_path_pose_count"": 2, ""evaluation_path_pose_count"": 107}"
easy_s02_q0028,f_n3p_knn,Easy,d08_12,True,True,0.0004768530052388087,0,10.58158778255891,10.581587782558909,2.220446049250313e-16,0,4.1968107147590124e-17,0.6686200358331817,0,0,0,0,False,0,0,,,"{""profile_name"": ""easy_d00"", ""map_seed"": 20280621, ""query_seed"": 20281624}"
easy_s02_q0028,n3p_k1,Easy,d08_12,True,True,0.00045895999937783927,0,10.58158778255891,10.581587782558909,2.220446049250313e-16,0,4.1968107147590124e-17,0.6686200358331817,0,0,0,0,False,0,0,,,"{""profile_name"": ""easy_d00"", ""map_seed"": 20280621, ""query_seed"": 20281624}"
easy_s02_q0028,voronoi_waypoint,Easy,d08_12,True,True,0.3326210919985897,2,10.710985108026671,10.581587782558909,0.01222853584232797,0,0.08985034636002777,0.6813774310301854,0,0,0,0,False,,,,,"{""profile_name"": ""easy_d00"", ""map_seed"": 20280621, ""query_seed"": 20281624, ""waypoint_count"": 1}"
easy_s02_q0028,bottleneck_waypoint,Easy,d08_12,True,True,0.3399728669974138,2,10.624883067986318,10.581587782558909,0.004091567949638941,0,0.08069995379409049,0.8233204563291479,0,0,0,0,False,,,,,"{""profile_name"": ""easy_d00"", ""map_seed"": 20280621, ""query_seed"": 20281624, ""waypoint_count"": 1, ""bottleneck_count"": 1}"
easy_s02_q0028,improved_ha,Easy,d08_12,True,True,0.1490926742553711,1,10.581587782558909,10.581587782558909,0.0,0,0.0,0.6686200358331817,0,0,0,0,False,,,,,"{""profile_name"": ""easy_d00"", ""map_seed"": 20280621, ""query_seed"": 20281624, ""evaluation_path_source"": ""trace_poses"", ""planner_path_pose_count"": 2, ""evaluation_path_pose_count"": 107}"
easy_s02_q0028,lo_ha,Easy,d08_12,True,True,0.14791035652160645,1,10.581587782558909,10.581587782558909,0.0,0,0.0,0.6686200358331817,0,0,0,0,False,,,,,"{""profile_name"": ""easy_d00"", ""map_seed"": 20280621, ""query_seed"": 20281624, ""evaluation_path_source"": ""trace_poses"", ""planner_path_pose_count"": 2, ""evaluation_path_pose_count"": 107}"
easy_s02_q0028,ss_rrt,Easy,d08_12,True,True,0.0004039880004711449,2,10.581587782558913,10.581587782558909,4.440892098500626e-16,0,8.393621429518022e-16,0.6686200358331817,0,0,0,0,False,,,,,"{""profile_name"": ""easy_d00"", ""map_seed"": 20280621, ""query_seed"": 20281624, ""rrt_iterations"": 0, ""evaluation_path_source"": ""planner_path"", ""planner_path_pose_count"": 107, ""evaluation_path_pose_count"": 107}"
easy_s02_q0029,vanilla_ha,Easy,d12_16,True,True,1.2715952396392822,1675,15.257780372510299,,,0,0.1542798410008561,0.07289431281474579,0,0,0,0,False,,,,,"{""profile_name"": ""easy_d01"", ""map_seed"": 20280621, ""query_seed"": 20281625, ""evaluation_path_source"": ""trace_poses"", ""planner_path_pose_count"": 41, ""evaluation_path_pose_count"": 155}"
easy_s02_q0029,f_n3p_knn,Easy,d12_16,True,True,0.029436589997203555,0,19.987240424063085,15.257780372510299,0.30997038468804927,1,0.23936289057263288,0.07505653193069828,0,1,0,0,True,3,4,0.75,,"{""profile_name"": ""easy_d01"", ""map_seed"": 20280621, ""query_seed"": 20281625}"
easy_s02_q0029,n3p_k1,Easy,d12_16,True,True,0.18156842500320636,19,15.438215548801587,15.257780372510299,0.011825781462707186,0,0.2807516008141675,0.16907500090222105,0,0,1,0,True,2,2,1.0,,"{""profile_name"": ""easy_d01"", ""map_seed"": 20280621, ""query_seed"": 20281625}"
easy_s02_q0029,voronoi_waypoint,Easy,d12_16,True,True,0.493398946004163,23,16.605951009484325,15.257780372510299,0.08835955191772227,0,0.26573928924345236,0.06186742710486426,0,0,0,0,False,,,,,"{""profile_name"": ""easy_d01"", ""map_seed"": 20280621, ""query_seed"": 20281625, ""waypoint_count"": 2}"
easy_s02_q0029,bottleneck_waypoint,Easy,d12_16,True,True,0.4773917030033772,3,15.869016757858283,15.257780372510299,0.040060635978824255,0,0.22912473426581006,0.249993890862223,0,0,0,0,False,,,,,"{""profile_name"": ""easy_d01"", ""map_seed"": 20280621, ""query_seed"": 20281625, ""waypoint_count"": 2, ""bottleneck_count"": 2}"
easy_s02_q0029,improved_ha,Easy,d12_16,True,True,1.2887184619903564,1675,15.257780372510299,15.257780372510299,0.0,0,0.1542798410008561,0.07289431281474579,0,0,0,0,False,,,,,"{""profile_name"": ""easy_d01"", ""map_seed"": 20280621, ""query_seed"": 20281625, ""evaluation_path_source"": ""trace_poses"", ""planner_path_pose_count"": 41, ""evaluation_path_pose_count"": 155}"
easy_s02_q0029,lo_ha,Easy,d12_16,True,True,0.30974745750427246,433,14.893155456047735,15.257780372510299,-0.023897638290789835,0,0.18239826750487506,0.07620490171326089,0,0,0,0,False,,,,,"{""profile_name"": ""easy_d01"", ""map_seed"": 20280621, ""query_seed"": 20281625, ""evaluation_path_source"": ""trace_poses"", ""planner_path_pose_count"": 44, ""evaluation_path_pose_count"": 151}"
easy_s02_q0029,ss_rrt,Easy,d12_16,False,False,2.506163519996335,2759,,15.257780372510299,,0,,,0,0,0,0,False,,,,timeout,"{""profile_name"": ""easy_d01"", ""map_seed"": 20280621, ""query_seed"": 20281625, ""rrt_iterations"": 979, ""evaluation_path_source"": ""planner_path"", ""planner_path_pose_count"": 0, ""evaluation_path_pose_count"": 0}"
easy_s03_q0030,vanilla_ha,Easy,d16_20,True,True,0.19779133796691895,105,19.333418594401554,,,0,0.1648477826302753,0.05502949477004038,0,0,0,0,False,,,,,"{""profile_name"": ""easy_d00"", ""map_seed"": 20290620, ""query_seed"": 20291620, ""evaluation_path_source"": ""trace_poses"", ""planner_path_pose_count"": 34, ""evaluation_path_pose_count"": 196}"
easy_s03_q0030,f_n3p_knn,Easy,d16_20,True,True,0.20289192299969727,41,19.228005619174105,19.333418594401554,-0.005452371225126873,0,0.11781940244137214,0.06336083356656341,0,37,1,0,True,0,2,0.0,,"{""profile_name"": ""easy_d00"", ""map_seed"": 20290620, ""query_seed"": 20291620}"
easy_s03_q0030,n3p_k1,Easy,d16_20,True,True,0.2255490710012964,70,19.966367891825314,19.333418594401554,0.03273861238420839,0,0.20922160664875372,0.12518915779126094,0,0,1,0,True,1,1,1.0,,"{""profile_name"": ""easy_d00"", ""map_seed"": 20290620, ""query_seed"": 20291620}"
easy_s03_q0030,voronoi_waypoint,Easy,d16_20,True,True,0.7657810490054544,5,24.17361667273315,19.333418594401554,0.25035396894231576,3,0.29081109537176186,1.240405402949002,0,0,0,0,False,,,,,"{""profile_name"": ""easy_d00"", ""map_seed"": 20290620, ""query_seed"": 20291620, ""waypoint_count"": 4}"
easy_s03_q0030,bottleneck_waypoint,Easy,d16_20,True,True,0.7679131000040798,5,24.547630454375447,19.333418594401554,0.26969942405756386,2,0.2752481790807732,1.1966790470547795,0,0,0,0,False,,,,,"{""profile_name"": ""easy_d00"", ""map_seed"": 20290620, ""query_seed"": 20291620, ""waypoint_count"": 4, ""bottleneck_count"": 4}"
easy_s03_q0030,improved_ha,Easy,d16_20,True,True,0.19500041007995605,105,19.333418594401554,19.333418594401554,0.0,0,0.1648477826302753,0.05502949477004038,0,0,0,0,False,,,,,"{""profile_name"": ""easy_d00"", ""map_seed"": 20290620, ""query_seed"": 20291620, ""evaluation_path_source"": ""trace_poses"", ""planner_path_pose_count"": 34, ""evaluation_path_pose_count"": 196}"
easy_s03_q0030,lo_ha,Easy,d16_20,True,True,0.1932356357574463,153,19.59466551813539,19.333418594401554,0.013512712325459475,0,0.06793229698425363,0.140069689787232,0,0,0,0,False,,,,,"{""profile_name"": ""easy_d00"", ""map_seed"": 20290620, ""query_seed"": 20291620, ""evaluation_path_source"": ""trace_poses"", ""planner_path_pose_count"": 36, ""evaluation_path_pose_count"": 199}"
easy_s03_q0030,ss_rrt,Easy,d16_20,False,False,2.5028164830000605,2541,,19.333418594401554,,0,,,0,0,0,0,False,,,,timeout,"{""profile_name"": ""easy_d00"", ""map_seed"": 20290620, ""query_seed"": 20291620, ""rrt_iterations"": 1095, ""evaluation_path_source"": ""planner_path"", ""planner_path_pose_count"": 0, ""evaluation_path_pose_count"": 0}"
easy_s03_q0031,vanilla_ha,Easy,d20_inf,True,True,0.15120220184326172,1,20.15341162185698,,,0,0.0,0.49597073157667704,0,0,0,0,False,,,,,"{""profile_name"": ""easy_d01"", ""map_seed"": 20290620, ""query_seed"": 20291621, ""evaluation_path_source"": ""trace_poses"", ""planner_path_pose_count"": 2, ""evaluation_path_pose_count"": 203}"
easy_s03_q0031,f_n3p_knn,Easy,d20_inf,True,True,0.0007944419994601049,0,20.153411621856982,20.15341162185698,2.220446049250313e-16,0,0.0,0.49597073157667704,0,0,0,0,False,0,0,,,"{""profile_name"": ""easy_d01"", ""map_seed"": 20290620, ""query_seed"": 20291621}"
easy_s03_q0031,n3p_k1,Easy,d20_inf,True,True,0.0007717490007053129,0,20.153411621856982,20.15341162185698,2.220446049250313e-16,0,0.0,0.49597073157667704,0,0,0,0,False,0,0,,,"{""profile_name"": ""easy_d01"", ""map_seed"": 20290620, ""query_seed"": 20291621}"
easy_s03_q0031,voronoi_waypoint,Easy,d20_inf,True,True,0.6277334129990777,4,20.695553120751264,20.15341162185698,0.026900730708358855,0,0.08212531960482379,0.5227908789217892,0,0,0,0,False,,,,,"{""profile_name"": ""easy_d01"", ""map_seed"": 20290620, ""query_seed"": 20291621, ""waypoint_count"": 3}"
easy_s03_q0031,bottleneck_waypoint,Easy,d20_inf,True,True,0.6297845259978203,4,20.582070011676716,20.15341162185698,0.021269768010635293,0,0.08548150425297264,0.8242749826986937,0,0,0,0,False,,,,,"{""profile_name"": ""easy_d01"", ""map_seed"": 20290620, ""query_seed"": 20291621, ""waypoint_count"": 3, ""bottleneck_count"": 3}"
easy_s03_q0031,improved_ha,Easy,d20_inf,True,True,0.1507556438446045,1,20.153411621856982,20.15341162185698,2.220446049250313e-16,0,0.0,0.49597073157667704,0,0,0,0,False,,,,,"{""profile_name"": ""easy_d01"", ""map_seed"": 20290620, ""query_seed"": 20291621, ""evaluation_path_source"": ""trace_poses"", ""planner_path_pose_count"": 2, ""evaluation_path_pose_count"": 203}"
easy_s03_q0031,lo_ha,Easy,d20_inf,True,True,0.14921188354492188,1,20.15341162185698,20.15341162185698,0.0,0,0.0,0.49597073157667704,0,0,0,0,False,,,,,"{""profile_name"": ""easy_d01"", ""map_seed"": 20290620, ""query_seed"": 20291621, ""evaluation_path_source"": ""trace_poses"", ""planner_path_pose_count"": 2, ""evaluation_path_pose_count"": 203}"
easy_s03_q0031,ss_rrt,Easy,d20_inf,True,True,0.0007627720042364672,2,20.153411621856982,20.15341162185698,2.220446049250313e-16,0,5.288504614693834e-16,0.4959707315766766,0,0,0,0,False,,,,,"{""profile_name"": ""easy_d01"", ""map_seed"": 20290620, ""query_seed"": 20291621, ""rrt_iterations"": 0, ""evaluation_path_source"": ""planner_path"", ""planner_path_pose_count"": 203, ""evaluation_path_pose_count"": 203}"
easy_s03_q0032,vanilla_ha,Easy,d08_12,True,True,0.14703059196472168,1,8.363013810822027,,,0,0.0,0.21189190397777047,0,0,0,0,False,,,,,"{""profile_name"": ""easy_d00"", ""map_seed"": 20290620, ""query_seed"": 20291622, ""evaluation_path_source"": ""trace_poses"", ""planner_path_pose_count"": 2, ""evaluation_path_pose_count"": 85}"
easy_s03_q0032,f_n3p_knn,Easy,d08_12,True,True,0.0003918149959645234,0,8.363013810822027,8.363013810822027,0.0,0,0.0,0.21189190397777047,0,0,0,0,False,0,0,,,"{""profile_name"": ""easy_d00"", ""map_seed"": 20290620, ""query_seed"": 20291622}"
easy_s03_q0032,n3p_k1,Easy,d08_12,True,True,0.0003775119985220954,0,8.363013810822027,8.363013810822027,0.0,0,0.0,0.21189190397777047,0,0,0,0,False,0,0,,,"{""profile_name"": ""easy_d00"", ""map_seed"": 20290620, ""query_seed"": 20291622}"
easy_s03_q0032,voronoi_waypoint,Easy,d08_12,True,True,0.3289065179997124,2,8.385240266303322,8.363013810822027,0.0026577088097754498,0,0.07486186914899011,0.21189190397776758,0,0,0,0,False,,,,,"{""profile_name"": ""easy_d00"", ""map_seed"": 20290620, ""query_seed"": 20291622, ""waypoint_count"": 1}"
easy_s03_q0032,bottleneck_waypoint,Easy,d08_12,True,True,0.32713109999895096,2,8.368979245304342,8.363013810822027,0.000713311566530539,0,0.024884301767523487,0.21189190397776758,0,0,0,0,False,,,,,"{""profile_name"": ""easy_d00"", ""map_seed"": 20290620, ""query_seed"": 20291622, ""waypoint_count"": 1, ""bottleneck_count"": 1}"
easy_s03_q0032,improved_ha,Easy,d08_12,True,True,0.1454627513885498,1,8.363013810822027,8.363013810822027,0.0,0,0.0,0.21189190397777047,0,0,0,0,False,,,,,"{""profile_name"": ""easy_d00"", ""map_seed"": 20290620, ""query_seed"": 20291622, ""evaluation_path_source"": ""trace_poses"", ""planner_path_pose_count"": 2, ""evaluation_path_pose_count"": 85}"
easy_s03_q0032,lo_ha,Easy,d08_12,True,True,0.1441802978515625,1,8.363013810822027,8.363013810822027,0.0,0,0.0,0.21189190397777047,0,0,0,0,False,,,,,"{""profile_name"": ""easy_d00"", ""map_seed"": 20290620, ""query_seed"": 20291622, ""evaluation_path_source"": ""trace_poses"", ""planner_path_pose_count"": 2, ""evaluation_path_pose_count"": 85}"
easy_s03_q0032,ss_rrt,Easy,d08_12,True,True,0.0003275560011388734,2,8.363013810822029,8.363013810822027,2.220446049250313e-16,0,3.7171102897471836e-16,0.21189190397776758,0,0,0,0,False,,,,,"{""profile_name"": ""easy_d00"", ""map_seed"": 20290620, ""query_seed"": 20291622, ""rrt_iterations"": 0, ""evaluation_path_source"": ""planner_path"", ""planner_path_pose_count"": 85, ""evaluation_path_pose_count"": 85}"
easy_s03_q0033,vanilla_ha,Easy,d12_16,True,True,0.14626598358154297,1,12.020815280171307,,,0,0.0,0.22270226492321388,0,0,0,0,False,,,,,"{""profile_name"": ""easy_d01"", ""map_seed"": 20290620, ""query_seed"": 20291623, ""evaluation_path_source"": ""trace_poses"", ""planner_path_pose_count"": 2, ""evaluation_path_pose_count"": 122}"
easy_s03_q0033,f_n3p_knn,Easy,d12_16,True,True,0.0005322890065144747,0,12.020815280171307,12.020815280171307,0.0,0,1.8471675984515005e-17,0.22270226492321454,0,0,0,0,False,0,0,,,"{""profile_name"": ""easy_d01"", ""map_seed"": 20290620, ""query_seed"": 20291623}"
easy_s03_q0033,n3p_k1,Easy,d12_16,True,True,0.0005053589993622154,0,12.020815280171307,12.020815280171307,0.0,0,1.8471675984515005e-17,0.22270226492321454,0,0,0,0,False,0,0,,,"{""profile_name"": ""easy_d01"", ""map_seed"": 20290620, ""query_seed"": 20291623}"
easy_s03_q0033,voronoi_waypoint,Easy,d12_16,True,True,0.3281910920049995,2,12.072511106945761,12.020815280171307,0.004300525843677905,0,0.03140967171473343,0.22270226492321454,0,0,0,0,False,,,,,"{""profile_name"": ""easy_d01"", ""map_seed"": 20290620, ""query_seed"": 20291623, ""waypoint_count"": 1}"
easy_s03_q0033,bottleneck_waypoint,Easy,d12_16,True,True,0.3303397799973027,2,12.059858337149336,12.020815280171307,0.0032479541585197502,0,0.05849957494960049,0.22270226492321454,0,0,0,0,False,,,,,"{""profile_name"": ""easy_d01"", ""map_seed"": 20290620, ""query_seed"": 20291623, ""waypoint_count"": 1, ""bottleneck_count"": 1}"
easy_s03_q0033,improved_ha,Easy,d12_16,True,True,0.14551615715026855,1,12.020815280171307,12.020815280171307,0.0,0,0.0,0.22270226492321388,0,0,0,0,False,,,,,"{""profile_name"": ""easy_d01"", ""map_seed"": 20290620, ""query_seed"": 20291623, ""evaluation_path_source"": ""trace_poses"", ""planner_path_pose_count"": 2, ""evaluation_path_pose_count"": 122}"
easy_s03_q0033,lo_ha,Easy,d12_16,True,True,0.14569544792175293,1,12.020815280171307,12.020815280171307,0.0,0,0.0,0.22270226492321388,0,0,0,0,False,,,,,"{""profile_name"": ""easy_d01"", ""map_seed"": 20290620, ""query_seed"": 20291623, ""evaluation_path_source"": ""trace_poses"", ""planner_path_pose_count"": 2, ""evaluation_path_pose_count"": 122}"
easy_s03_q0033,ss_rrt,Easy,d12_16,True,True,0.0004775220004376024,2,12.020815280171307,12.020815280171307,0.0,0,4.433202236283602e-16,0.22270226492321388,0,0,0,0,False,,,,,"{""profile_name"": ""easy_d01"", ""map_seed"": 20290620, ""query_seed"": 20291623, ""rrt_iterations"": 0, ""evaluation_path_source"": ""planner_path"", ""planner_path_pose_count"": 123, ""evaluation_path_pose_count"": 123}"
easy_s03_q0034,vanilla_ha,Easy,d16_20,True,True,0.14804744720458984,1,18.322117781522962,,,0,0.0,0.3524638792835031,0,0,0,0,False,,,,,"{""profile_name"": ""easy_d00"", ""map_seed"": 20290620, ""query_seed"": 20291624, ""evaluation_path_source"": ""trace_poses"", ""planner_path_pose_count"": 2, ""evaluation_path_pose_count"": 185}"
easy_s03_q0034,f_n3p_knn,Easy,d16_20,True,True,0.0007732790036243387,0,18.322117781522966,18.322117781522962,2.220446049250313e-16,0,0.0,0.3524638792835031,0,0,0,0,False,0,0,,,"{""profile_name"": ""easy_d00"", ""map_seed"": 20290620, ""query_seed"": 20291624}"
easy_s03_q0034,n3p_k1,Easy,d16_20,True,True,0.0007090139988576993,0,18.322117781522966,18.322117781522962,2.220446049250313e-16,0,0.0,0.3524638792835031,0,0,0,0,False,0,0,,,"{""profile_name"": ""easy_d00"", ""map_seed"": 20290620, ""query_seed"": 20291624}"
easy_s03_q0034,voronoi_waypoint,Easy,d16_20,True,True,0.6164065809934982,4,20.043600326328875,18.322117781522962,0.09395652649618658,2,0.23315667569734203,0.09579373566765204,0,0,0,0,False,,,,,"{""profile_name"": ""easy_d00"", ""map_seed"": 20290620, ""query_seed"": 20291624, ""waypoint_count"": 3}"
easy_s03_q0034,bottleneck_waypoint,Easy,d16_20,True,True,0.9066702960044495,6,19.376219324783218,18.322117781522962,0.05753164322102933,4,0.29323610293471836,0.3524638792835031,0,0,0,0,False,,,,,"{""profile_name"": ""easy_d00"", ""map_seed"": 20290620, ""query_seed"": 20291624, ""waypoint_count"": 5, ""bottleneck_count"": 5}"
easy_s03_q0034,improved_ha,Easy,d16_20,True,True,0.1496422290802002,1,18.322117781522962,18.322117781522962,0.0,0,0.0,0.3524638792835031,0,0,0,0,False,,,,,"{""profile_name"": ""easy_d00"", ""map_seed"": 20290620, ""query_seed"": 20291624, ""evaluation_path_source"": ""trace_poses"", ""planner_path_pose_count"": 2, ""evaluation_path_pose_count"": 185}"
easy_s03_q0034,lo_ha,Easy,d16_20,True,True,0.14984655380249023,1,18.322117781522962,18.322117781522962,0.0,0,0.0,0.3524638792835031,0,0,0,0,False,,,,,"{""profile_name"": ""easy_d00"", ""map_seed"": 20290620, ""query_seed"": 20291624, ""evaluation_path_source"": ""trace_poses"", ""planner_path_pose_count"": 2, ""evaluation_path_pose_count"": 185}"
easy_s03_q0034,ss_rrt,Easy,d16_20,True,True,0.0006932369942660443,2,18.322117781522966,18.322117781522962,2.220446049250313e-16,0,1.8178406631761233e-16,0.3524638792835031,0,0,0,0,False,,,,,"{""profile_name"": ""easy_d00"", ""map_seed"": 20290620, ""query_seed"": 20291624, ""rrt_iterations"": 0, ""evaluation_path_source"": ""planner_path"", ""planner_path_pose_count"": 185, ""evaluation_path_pose_count"": 185}"
easy_s03_q0035,vanilla_ha,Easy,d20_inf,False,False,2.500847816467285,4705,,,,0,,,0,0,0,0,False,,,,timeout,"{""profile_name"": ""easy_d01"", ""map_seed"": 20290621, ""query_seed"": 20291621, ""evaluation_path_source"": ""planner_path"", ""planner_path_pose_count"": 0, ""evaluation_path_pose_count"": 0}"
easy_s03_q0035,f_n3p_knn,Easy,d20_inf,True,True,0.03868936399521772,0,30.84565214246802,,,2,0.0951328920522134,0.09713297077696714,0,2,0,0,True,3,4,0.75,,"{""profile_name"": ""easy_d01"", ""map_seed"": 20290621, ""query_seed"": 20291621}"
easy_s03_q0035,n3p_k1,Easy,d20_inf,True,True,1.1864968390000286,954,30.738486189101046,,,0,0.09002816014208076,0.05736458032265057,0,0,1,0,True,2,2,1.0,,"{""profile_name"": ""easy_d01"", ""map_seed"": 20290621, ""query_seed"": 20291621}"
easy_s03_q0035,voronoi_waypoint,Easy,d20_inf,True,True,0.9174010140050086,6,31.587720119812733,,,0,0.1352919145082503,0.24743946731210287,0,0,0,0,False,,,,,"{""profile_name"": ""easy_d01"", ""map_seed"": 20290621, ""query_seed"": 20291621, ""waypoint_count"": 5}"
easy_s03_q0035,bottleneck_waypoint,Easy,d20_inf,True,True,0.9167886120048934,6,31.301742576243313,,,0,0.17201840253961412,0.24743946731210187,0,0,0,0,False,,,,,"{""profile_name"": ""easy_d01"", ""map_seed"": 20290621, ""query_seed"": 20291621, ""waypoint_count"": 5, ""bottleneck_count"": 5}"
easy_s03_q0035,improved_ha,Easy,d20_inf,False,False,2.501466751098633,4649,,,,0,,,0,0,0,0,False,,,,timeout,"{""profile_name"": ""easy_d01"", ""map_seed"": 20290621, ""query_seed"": 20291621, ""evaluation_path_source"": ""planner_path"", ""planner_path_pose_count"": 0, ""evaluation_path_pose_count"": 0}"
easy_s03_q0035,lo_ha,Easy,d20_inf,True,True,0.8328416347503662,1825,30.741064480718553,,,0,0.07312306658677367,0.09164727097919079,0,0,0,0,False,,,,,"{""profile_name"": ""easy_d01"", ""map_seed"": 20290621, ""query_seed"": 20291621, ""evaluation_path_source"": ""trace_poses"", ""planner_path_pose_count"": 39, ""evaluation_path_pose_count"": 310}"
easy_s03_q0035,ss_rrt,Easy,d20_inf,True,True,0.304129585994815,123,30.705566961961544,,,0,0.26816173876075705,0.11558107648784366,0,0,0,0,False,,,,,"{""profile_name"": ""easy_d01"", ""map_seed"": 20290621, ""query_seed"": 20291621, ""rrt_iterations"": 142, ""evaluation_path_source"": ""planner_path"", ""planner_path_pose_count"": 379, ""evaluation_path_pose_count"": 379}"
easy_s03_q0036,vanilla_ha,Easy,d08_12,True,True,0.18215012550354004,51,11.104423369732917,,,0,0.15399766773731535,0.11214476420655206,0,0,0,0,False,,,,,"{""profile_name"": ""easy_d00"", ""map_seed"": 20290621, ""query_seed"": 20291622, ""evaluation_path_source"": ""trace_poses"", ""planner_path_pose_count"": 18, ""evaluation_path_pose_count"": 114}"
easy_s03_q0036,f_n3p_knn,Easy,d08_12,True,True,0.011142447001475375,0,11.147774647653723,11.104423369732917,0.0039039647964942414,0,0.11577259632392647,0.19845877622156716,0,4,0,0,True,0,1,0.0,,"{""profile_name"": ""easy_d00"", ""map_seed"": 20290621, ""query_seed"": 20291622}"
easy_s03_q0036,n3p_k1,Easy,d08_12,True,True,0.37712832200486446,82,11.30952942313365,11.104423369732917,0.01847066223715732,2,0.30439360266482907,0.07002748962188554,0,0,2,0,True,0,0,,,"{""profile_name"": ""easy_d00"", ""map_seed"": 20290621, ""query_seed"": 20291622}"
easy_s03_q0036,voronoi_waypoint,Easy,d08_12,True,True,0.4760522509968723,3,13.807632618040062,11.104423369732917,0.2434353552905073,3,0.44978891470882437,0.6360551505400733,0,0,0,0,False,,,,,"{""profile_name"": ""easy_d00"", ""map_seed"": 20290621, ""query_seed"": 20291622, ""waypoint_count"": 2}"
easy_s03_q0036,bottleneck_waypoint,Easy,d08_12,True,True,0.3429233920032857,12,11.52287980536228,11.104423369732917,0.037683760938901134,0,0.28506883966880125,0.09067581102664213,0,0,0,0,False,,,,,"{""profile_name"": ""easy_d00"", ""map_seed"": 20290621, ""query_seed"": 20291622, ""waypoint_count"": 1, ""bottleneck_count"": 1}"
easy_s03_q0036,improved_ha,Easy,d08_12,True,True,0.18055057525634766,51,11.104423369732917,11.104423369732917,0.0,0,0.15399766773731535,0.11214476420655206,0,0,0,0,False,,,,,"{""profile_name"": ""easy_d00"", ""map_seed"": 20290621, ""query_seed"": 20291622, ""evaluation_path_source"": ""trace_poses"", ""planner_path_pose_count"": 18, ""evaluation_path_pose_count"": 114}"
easy_s03_q0036,lo_ha,Easy,d08_12,True,True,0.18711161613464355,121,10.912473797717936,11.104423369732917,-0.017285865787337817,0,0.21666133079957525,0.08153946817306168,0,0,0,0,False,,,,,"{""profile_name"": ""easy_d00"", ""map_seed"": 20290621, ""query_seed"": 20291622, ""evaluation_path_source"": ""trace_poses"", ""planner_path_pose_count"": 29, ""evaluation_path_pose_count"": 111}"
easy_s03_q0036,ss_rrt,Easy,d08_12,True,True,0.05604070099798264,30,11.039134139566924,11.104423369732917,-0.005879569608625568,0,0.33348177196000606,0.12318807587574021,0,0,0,0,False,,,,,"{""profile_name"": ""easy_d00"", ""map_seed"": 20290621, ""query_seed"": 20291622, ""rrt_iterations"": 16, ""evaluation_path_source"": ""planner_path"", ""planner_path_pose_count"": 139, ""evaluation_path_pose_count"": 139}"
easy_s03_q0037,vanilla_ha,Easy,d12_16,True,True,0.14989876747131348,1,14.534097839219331,,,0,0.0,0.3662339837860409,0,0,0,0,False,,,,,"{""profile_name"": ""easy_d01"", ""map_seed"": 20290621, ""query_seed"": 20291623, ""evaluation_path_source"": ""trace_poses"", ""planner_path_pose_count"": 2, ""evaluation_path_pose_count"": 147}"
easy_s03_q0037,f_n3p_knn,Easy,d12_16,True,True,0.0006273920007515699,0,14.534097839219331,14.534097839219331,0.0,0,7.638747426271536e-18,0.3662339837860409,0,0,0,0,False,0,0,,,"{""profile_name"": ""easy_d01"", ""map_seed"": 20290621, ""query_seed"": 20291623}"
easy_s03_q0037,n3p_k1,Easy,d12_16,True,True,0.0008801719959592447,0,14.534097839219331,14.534097839219331,0.0,0,7.638747426271536e-18,0.3662339837860409,0,0,0,0,False,0,0,,,"{""profile_name"": ""easy_d01"", ""map_seed"": 20290621, ""query_seed"": 20291623}"
easy_s03_q0037,voronoi_waypoint,Easy,d12_16,True,True,0.6230386469978839,4,17.89135805636971,14.534097839219331,0.23099199236783918,1,0.3554473955215927,0.08475923080594683,0,0,0,0,False,,,,,"{""profile_name"": ""easy_d01"", ""map_seed"": 20290621, ""query_seed"": 20291623, ""waypoint_count"": 3}"
easy_s03_q0037,bottleneck_waypoint,Easy,d12_16,True,True,0.6237913769946317,4,16.163942339917106,14.534097839219331,0.1121393648733906,0,0.26090890189613686,0.337324821631782,0,0,0,0,False,,,,,"{""profile_name"": ""easy_d01"", ""map_seed"": 20290621, ""query_seed"": 20291623, ""waypoint_count"": 3, ""bottleneck_count"": 3}"
easy_s03_q0037,improved_ha,Easy,d12_16,True,True,0.15108370780944824,1,14.534097839219331,14.534097839219331,0.0,0,0.0,0.3662339837860409,0,0,0,0,False,,,,,"{""profile_name"": ""easy_d01"", ""map_seed"": 20290621, ""query_seed"": 20291623, ""evaluation_path_source"": ""trace_poses"", ""planner_path_pose_count"": 2, ""evaluation_path_pose_count"": 147}"
easy_s03_q0037,lo_ha,Easy,d12_16,True,True,0.1504344940185547,1,14.534097839219331,14.534097839219331,0.0,0,0.0,0.3662339837860409,0,0,0,0,False,,,,,"{""profile_name"": ""easy_d01"", ""map_seed"": 20290621, ""query_seed"": 20291623, ""evaluation_path_source"": ""trace_poses"", ""planner_path_pose_count"": 2, ""evaluation_path_pose_count"": 147}"
easy_s03_q0037,ss_rrt,Easy,d12_16,True,True,0.0005587480045505799,2,14.53409783921933,14.534097839219331,-1.1102230246251565e-16,0,3.9721486616612063e-16,0.36623398378604255,0,0,0,0,False,,,,,"{""profile_name"": ""easy_d01"", ""map_seed"": 20290621, ""query_seed"": 20291623, ""rrt_iterations"": 0, ""evaluation_path_source"": ""planner_path"", ""planner_path_pose_count"": 147, ""evaluation_path_pose_count"": 147}"
easy_s03_q0038,vanilla_ha,Easy,d16_20,True,True,1.6461663246154785,2825,19.394464632792943,,,0,0.12326634161329827,0.06809157411151379,0,0,0,0,False,,,,,"{""profile_name"": ""easy_d00"", ""map_seed"": 20290621, ""query_seed"": 20291624, ""evaluation_path_source"": ""trace_poses"", ""planner_path_pose_count"": 16, ""evaluation_path_pose_count"": 196}"
easy_s03_q0038,f_n3p_knn,Easy,d16_20,True,True,0.011363992998667527,0,18.650179802389474,19.394464632792943,-0.03837614724074423,0,0.03611900004584724,0.2475414225849516,0,1,0,0,True,0,1,0.0,,"{""profile_name"": ""easy_d00"", ""map_seed"": 20290621, ""query_seed"": 20291624}"
easy_s03_q0038,n3p_k1,Easy,d16_20,True,True,0.48333346199797234,233,18.881343149725488,19.394464632792943,-0.026457109942588874,0,0.19957380686152607,0.06963478286980962,0,0,2,0,True,0,0,,,"{""profile_name"": ""easy_d00"", ""map_seed"": 20290621, ""query_seed"": 20291624}"
easy_s03_q0038,voronoi_waypoint,Easy,d16_20,True,True,0.618996569995943,4,20.240890092562537,19.394464632792943,0.04364263081221775,0,0.22110872108329638,0.6467678773751935,0,0,0,0,False,,,,,"{""profile_name"": ""easy_d00"", ""map_seed"": 20290621, ""query_seed"": 20291624, ""waypoint_count"": 3}"
easy_s03_q0038,bottleneck_waypoint,Easy,d16_20,True,True,0.4752907700021751,3,19.617328035656165,19.394464632792943,0.011491083001404112,0,0.11680674241866554,0.6571912486707827,0,0,0,0,False,,,,,"{""profile_name"": ""easy_d00"", ""map_seed"": 20290621, ""query_seed"": 20291624, ""waypoint_count"": 2, ""bottleneck_count"": 2}"
easy_s03_q0038,improved_ha,Easy,d16_20,True,True,1.6252012252807617,2825,19.394464632792943,19.394464632792943,0.0,0,0.12326634161329827,0.06809157411151379,0,0,0,0,False,,,,,"{""profile_name"": ""easy_d00"", ""map_seed"": 20290621, ""query_seed"": 20291624, ""evaluation_path_source"": ""trace_poses"", ""planner_path_pose_count"": 16, ""evaluation_path_pose_count"": 196}"
easy_s03_q0038,lo_ha,Easy,d16_20,True,True,0.24155974388122559,274,18.822490951611254,19.394464632792943,-0.02949159422604386,0,0.11824726460895031,0.07524035251182493,0,0,0,0,False,,,,,"{""profile_name"": ""easy_d00"", ""map_seed"": 20290621, ""query_seed"": 20291624, ""evaluation_path_source"": ""trace_poses"", ""planner_path_pose_count"": 37, ""evaluation_path_pose_count"": 191}"
easy_s03_q0038,ss_rrt,Easy,d16_20,False,False,2.50050369699602,3046,,19.394464632792943,,0,,,0,0,0,0,False,,,,timeout,"{""profile_name"": ""easy_d00"", ""map_seed"": 20290621, ""query_seed"": 20291624, ""rrt_iterations"": 1004, ""evaluation_path_source"": ""planner_path"", ""planner_path_pose_count"": 0, ""evaluation_path_pose_count"": 0}"
easy_s03_q0039,vanilla_ha,Easy,d20_inf,True,True,0.9883780479431152,1099,21.817531721674943,,,0,0.43066156362895136,0.07033050652202832,0,0,0,0,False,,,,,"{""profile_name"": ""easy_d01"", ""map_seed"": 20290621, ""query_seed"": 20291625, ""evaluation_path_source"": ""trace_poses"", ""planner_path_pose_count"": 66, ""evaluation_path_pose_count"": 221}"
easy_s03_q0039,f_n3p_knn,Easy,d20_inf,True,True,0.010789413994643837,0,21.625221383691407,21.817531721674943,-0.008814486461476423,0,0.0356947240609467,0.07781906976996,0,2,0,0,True,0,1,0.0,,"{""profile_name"": ""easy_d01"", ""map_seed"": 20290621, ""query_seed"": 20291625}"
easy_s03_q0039,n3p_k1,Easy,d20_inf,True,True,0.6088946620002389,457,25.348746019278057,21.817531721674943,0.1618521445345249,1,0.16904885934794964,0.07124643744217851,0,0,2,0,True,1,1,1.0,,"{""profile_name"": ""easy_d01"", ""map_seed"": 20290621, ""query_seed"": 20291625}"
easy_s03_q0039,voronoi_waypoint,Easy,d20_inf,True,True,0.7643834339978639,5,22.22019031216858,21.817531721674943,0.018455735306373455,0,0.2071862748405189,0.49390144514224055,0,0,0,0,False,,,,,"{""profile_name"": ""easy_d01"", ""map_seed"": 20290621, ""query_seed"": 20291625, ""waypoint_count"": 4}"
easy_s03_q0039,bottleneck_waypoint,Easy,d20_inf,True,True,0.7690365539965569,5,22.07505549907136,21.817531721674943,0.011803524829556045,0,0.20832949460492192,0.764898442043447,0,0,0,0,False,,,,,"{""profile_name"": ""easy_d01"", ""map_seed"": 20290621, ""query_seed"": 20291625, ""waypoint_count"": 4, ""bottleneck_count"": 4}"
easy_s03_q0039,improved_ha,Easy,d20_inf,True,True,0.9916195869445801,1099,21.817531721674943,21.817531721674943,0.0,0,0.43066156362895136,0.07033050652202832,0,0,0,0,False,,,,,"{""profile_name"": ""easy_d01"", ""map_seed"": 20290621, ""query_seed"": 20291625, ""evaluation_path_source"": ""trace_poses"", ""planner_path_pose_count"": 66, ""evaluation_path_pose_count"": 221}"
easy_s03_q0039,lo_ha,Easy,d20_inf,True,True,0.9551115036010742,1537,21.784964187392575,21.817531721674943,-0.0014927231319211698,0,0.12250733385944286,0.09294201266378177,0,0,0,0,False,,,,,"{""profile_name"": ""easy_d01"", ""map_seed"": 20290621, ""query_seed"": 20291625, ""evaluation_path_source"": ""trace_poses"", ""planner_path_pose_count"": 66, ""evaluation_path_pose_count"": 220}"
easy_s03_q0039,ss_rrt,Easy,d20_inf,True,True,0.17939961700176354,71,21.840153427449216,21.817531721674943,0.0010368590756670848,0,0.2027415889736937,0.08064007378119131,0,0,0,0,False,,,,,"{""profile_name"": ""easy_d01"", ""map_seed"": 20290621, ""query_seed"": 20291625, ""rrt_iterations"": 37, ""evaluation_path_source"": ""planner_path"", ""planner_path_pose_count"": 271, ""evaluation_path_pose_count"": 271}"
easy_s04_q0040,vanilla_ha,Easy,d08_12,True,True,0.15340495109558105,15,9.895903658529758,,,0,0.13176773421366736,0.11693330574643523,0,0,0,0,False,,,,,"{""profile_name"": ""easy_d00"", ""map_seed"": 20300620, ""query_seed"": 20301620, ""evaluation_path_source"": ""trace_poses"", ""planner_path_pose_count"": 7, ""evaluation_path_pose_count"": 102}"
easy_s04_q0040,f_n3p_knn,Easy,d08_12,True,True,0.01087414899666328,0,10.414969610648162,9.895903658529758,0.052452607667718754,3,0.13436617778298773,0.20754751355734802,0,0,0,0,False,1,1,1.0,,"{""profile_name"": ""easy_d00"", ""map_seed"": 20300620, ""query_seed"": 20301620}"
easy_s04_q0040,n3p_k1,Easy,d08_12,True,True,0.007062681994284503,0,10.414969610648162,9.895903658529758,0.052452607667718754,3,0.13436617778298773,0.20754751355734802,0,0,0,0,False,1,1,1.0,,"{""profile_name"": ""easy_d00"", ""map_seed"": 20300620, ""query_seed"": 20301620}"
easy_s04_q0040,voronoi_waypoint,Easy,d08_12,True,True,0.33670796699880157,14,10.196247629011625,9.895903658529758,0.030350332910020317,0,0.25097793930273715,0.0790811746680542,0,0,0,0,False,,,,,"{""profile_name"": ""easy_d00"", ""map_seed"": 20300620, ""query_seed"": 20301620, ""waypoint_count"": 1}"
easy_s04_q0040,bottleneck_waypoint,Easy,d08_12,True,True,0.3299915800016606,2,10.668815589046671,9.895903658529758,0.07810422950618601,2,0.2068396206073747,0.23157074506868036,0,0,0,0,False,,,,,"{""profile_name"": ""easy_d00"", ""map_seed"": 20300620, ""query_seed"": 20301620, ""waypoint_count"": 1, ""bottleneck_count"": 1}"
easy_s04_q0040,improved_ha,Easy,d08_12,True,True,0.1540215015411377,15,9.895903658529758,9.895903658529758,0.0,0,0.13176773421366736,0.11693330574643523,0,0,0,0,False,,,,,"{""profile_name"": ""easy_d00"", ""map_seed"": 20300620, ""query_seed"": 20301620, ""evaluation_path_source"": ""trace_poses"", ""planner_path_pose_count"": 7, ""evaluation_path_pose_count"": 102}"
easy_s04_q0040,lo_ha,Easy,d08_12,True,True,0.1496279239654541,8,9.960405666548574,9.895903658529758,0.006518051331594998,0,0.10449145009242287,0.08329971674970615,0,0,0,0,False,,,,,"{""profile_name"": ""easy_d00"", ""map_seed"": 20300620, ""query_seed"": 20301620, ""evaluation_path_source"": ""trace_poses"", ""planner_path_pose_count"": 10, ""evaluation_path_pose_count"": 102}"
easy_s04_q0040,ss_rrt,Easy,d08_12,True,True,0.04455918999883579,27,9.969579386603305,9.895903658529758,0.0074450732965698485,0,0.3174798415674319,0.0729085541776735,0,0,0,0,False,,,,,"{""profile_name"": ""easy_d00"", ""map_seed"": 20300620, ""query_seed"": 20301620, ""rrt_iterations"": 25, ""evaluation_path_source"": ""planner_path"", ""planner_path_pose_count"": 121, ""evaluation_path_pose_count"": 121}"
easy_s04_q0041,vanilla_ha,Easy,d12_16,True,True,0.16336965560913086,33,13.31938826363154,,,0,0.14585865239183826,0.06413838779245529,0,0,0,0,False,,,,,"{""profile_name"": ""easy_d01"", ""map_seed"": 20300620, ""query_seed"": 20301621, ""evaluation_path_source"": ""trace_poses"", ""planner_path_pose_count"": 14, ""evaluation_path_pose_count"": 136}"
easy_s04_q0041,f_n3p_knn,Easy,d12_16,True,True,0.019823422000627033,0,13.910348073877945,13.31938826363154,0.04436838979009372,0,0.13605885370262122,0.1072748380493721,0,9,0,0,True,0,2,0.0,,"{""profile_name"": ""easy_d01"", ""map_seed"": 20300620, ""query_seed"": 20301621}"
easy_s04_q0041,n3p_k1,Easy,d12_16,True,True,0.15386640799988527,1,13.464290074097299,13.31938826363154,0.01087901393049795,0,0.07774163087940009,0.11357560268421141,0,0,1,0,True,0,0,,,"{""profile_name"": ""easy_d01"", ""map_seed"": 20300620, ""query_seed"": 20301621}"
easy_s04_q0041,voronoi_waypoint,Easy,d12_16,True,True,0.47119826099515194,3,14.58229877920737,13.31938826363154,0.09481745637104044,0,0.24393072229538632,1.0477700967647863,0,0,0,0,False,,,,,"{""profile_name"": ""easy_d01"", ""map_seed"": 20300620, ""query_seed"": 20301621, ""waypoint_count"": 2}"
easy_s04_q0041,bottleneck_waypoint,Easy,d12_16,True,True,0.3341916509962175,2,14.117741587563827,13.31938826363154,0.059939188507041496,0,0.1758347232865383,1.107105557477629,0,0,0,0,False,,,,,"{""profile_name"": ""easy_d01"", ""map_seed"": 20300620, ""query_seed"": 20301621, ""waypoint_count"": 1, ""bottleneck_count"": 1}"
easy_s04_q0041,improved_ha,Easy,d12_16,True,True,0.16108274459838867,33,13.31938826363154,13.31938826363154,0.0,0,0.14585865239183826,0.06413838779245529,0,0,0,0,False,,,,,"{""profile_name"": ""easy_d01"", ""map_seed"": 20300620, ""query_seed"": 20301621, ""evaluation_path_source"": ""trace_poses"", ""planner_path_pose_count"": 14, ""evaluation_path_pose_count"": 136}"
easy_s04_q0041,lo_ha,Easy,d12_16,True,True,0.15520429611206055,41,13.752973639934142,13.31938826363154,0.03255294970914724,0,0.11468101360671243,0.12096630196457536,0,0,0,0,False,,,,,"{""profile_name"": ""easy_d01"", ""map_seed"": 20300620, ""query_seed"": 20301621, ""evaluation_path_source"": ""trace_poses"", ""planner_path_pose_count"": 18, ""evaluation_path_pose_count"": 140}"
easy_s04_q0041,ss_rrt,Easy,d12_16,True,True,0.31920861300022807,111,13.42095413027362,13.31938826363154,0.007625415269213454,0,0.13248797305023105,0.10433028771841435,0,0,0,0,False,,,,,"{""profile_name"": ""easy_d01"", ""map_seed"": 20300620, ""query_seed"": 20301621, ""rrt_iterations"": 223, ""evaluation_path_source"": ""planner_path"", ""planner_path_pose_count"": 169, ""evaluation_path_pose_count"": 169}"
easy_s04_q0042,vanilla_ha,Easy,d16_20,True,True,2.1626434326171875,2837,18.296222411796215,,,0,0.2716891783268185,0.1816371631604371,0,0,0,0,False,,,,,"{""profile_name"": ""easy_d00"", ""map_seed"": 20300620, ""query_seed"": 20301622, ""evaluation_path_source"": ""trace_poses"", ""planner_path_pose_count"": 49, ""evaluation_path_pose_count"": 185}"
easy_s04_q0042,f_n3p_knn,Easy,d16_20,True,True,0.030450027996266726,0,26.65182190164318,18.296222411796215,0.4566844074031271,1,0.041242754885726325,0.07439391213357094,0,5,0,0,True,1,3,0.3333333333333333,,"{""profile_name"": ""easy_d00"", ""map_seed"": 20300620, ""query_seed"": 20301622}"
easy_s04_q0042,n3p_k1,Easy,d16_20,True,True,3.0329983699994045,4016,18.296222411796215,18.296222411796215,0.0,0,0.2716891783268185,0.1816371631604371,0,0,1,1,True,1,1,1.0,,"{""profile_name"": ""easy_d00"", ""map_seed"": 20300620, ""query_seed"": 20301622}"
easy_s04_q0042,voronoi_waypoint,Easy,d16_20,True,True,0.624402439003461,13,18.72704816647783,18.296222411796215,0.023547251721417917,0,0.17064902869096094,0.07622338680833463,0,0,0,0,False,,,,,"{""profile_name"": ""easy_d00"", ""map_seed"": 20300620, ""query_seed"": 20301622, ""waypoint_count"": 3}"
easy_s04_q0042,bottleneck_waypoint,Easy,d16_20,True,True,0.4764323650015285,3,17.919746552341845,18.296222411796215,-0.02057669889340885,0,0.05404451582537854,0.2793230987495092,0,0,0,0,False,,,,,"{""profile_name"": ""easy_d00"", ""map_seed"": 20300620, ""query_seed"": 20301622, ""waypoint_count"": 2, ""bottleneck_count"": 2}"
easy_s04_q0042,improved_ha,Easy,d16_20,True,True,2.1983659267425537,2837,18.296222411796215,18.296222411796215,0.0,0,0.2716891783268185,0.1816371631604371,0,0,0,0,False,,,,,"{""profile_name"": ""easy_d00"", ""map_seed"": 20300620, ""query_seed"": 20301622, ""evaluation_path_source"": ""trace_poses"", ""planner_path_pose_count"": 49, ""evaluation_path_pose_count"": 185}"
easy_s04_q0042,lo_ha,Easy,d16_20,True,True,0.1872546672821045,94,17.812894185664543,18.296222411796215,-0.026416831587052214,0,0.02658188888397522,0.0936001329076499,0,0,0,0,False,,,,,"{""profile_name"": ""easy_d00"", ""map_seed"": 20300620, ""query_seed"": 20301622, ""evaluation_path_source"": ""trace_poses"", ""planner_path_pose_count"": 52, ""evaluation_path_pose_count"": 180}"
easy_s04_q0042,ss_rrt,Easy,d16_20,True,True,0.08838339400244877,44,17.742546563430654,18.296222411796215,-0.030261757640669407,0,0.14712956197959054,0.07545779822566479,0,0,0,0,False,,,,,"{""profile_name"": ""easy_d00"", ""map_seed"": 20300620, ""query_seed"": 20301622, ""rrt_iterations"": 18, ""evaluation_path_source"": ""planner_path"", ""planner_path_pose_count"": 219, ""evaluation_path_pose_count"": 219}"
easy_s04_q0043,vanilla_ha,Easy,d20_inf,True,True,0.1519322395324707,9,20.84487227155462,,,0,0.10529118381513733,0.11285203561415968,0,0,0,0,False,,,,,"{""profile_name"": ""easy_d01"", ""map_seed"": 20300620, ""query_seed"": 20301623, ""evaluation_path_source"": ""trace_poses"", ""planner_path_pose_count"": 11, ""evaluation_path_pose_count"": 211}"
easy_s04_q0043,f_n3p_knn,Easy,d20_inf,True,True,0.021121755002241116,0,20.865642163997776,20.84487227155462,0.0009964029605256108,0,0.0704416159023892,0.08804426229353668,0,13,0,0,True,0,2,0.0,,"{""profile_name"": ""easy_d01"", ""map_seed"": 20300620, ""query_seed"": 20301623}"
easy_s04_q0043,n3p_k1,Easy,d20_inf,True,True,0.16191711600549752,9,20.84487227155462,20.84487227155462,0.0,0,0.10529118381513733,0.11285203561415968,0,0,1,0,True,0,0,,,"{""profile_name"": ""easy_d01"", ""map_seed"": 20300620, ""query_seed"": 20301623}"
easy_s04_q0043,voronoi_waypoint,Easy,d20_inf,True,True,0.7677492380025797,5,22.44385222905817,20.84487227155462,0.07670855146882105,0,0.18494273190527039,0.9645127280937544,0,0,0,0,False,,,,,"{""profile_name"": ""easy_d01"", ""map_seed"": 20300620, ""query_seed"": 20301623, ""waypoint_count"": 4}"
easy_s04_q0043,bottleneck_waypoint,Easy,d20_inf,True,True,0.625083826998889,4,22.14641344223694,20.84487227155462,0.06243939294645773,0,0.10676500109645544,1.4673206652277377,0,0,0,0,False,,,,,"{""profile_name"": ""easy_d01"", ""map_seed"": 20300620, ""query_seed"": 20301623, ""waypoint_count"": 3, ""bottleneck_count"": 3}"
easy_s04_q0043,improved_ha,Easy,d20_inf,True,True,0.15132474899291992,9,20.84487227155462,20.84487227155462,0.0,0,0.10529118381513733,0.11285203561415968,0,0,0,0,False,,,,,"{""profile_name"": ""easy_d01"", ""map_seed"": 20300620, ""query_seed"": 20301623, ""evaluation_path_source"": ""trace_poses"", ""planner_path_pose_count"": 11, ""evaluation_path_pose_count"": 211}"
easy_s04_q0043,lo_ha,Easy,d20_inf,True,True,0.16403841972351074,41,20.82533546321759,20.84487227155462,-0.0009372476877054225,0,0.06847962890411871,0.09582199810641212,0,0,0,0,False,,,,,"{""profile_name"": ""easy_d01"", ""map_seed"": 20300620, ""query_seed"": 20301623, ""evaluation_path_source"": ""trace_poses"", ""planner_path_pose_count"": 34, ""evaluation_path_pose_count"": 211}"
easy_s04_q0043,ss_rrt,Easy,d20_inf,True,True,0.3731612720002886,132,20.639141151687497,20.84487227155462,-0.00986962727269236,0,0.1924549294810305,0.07325331834418225,0,0,0,0,False,,,,,"{""profile_name"": ""easy_d01"", ""map_seed"": 20300620, ""query_seed"": 20301623, ""rrt_iterations"": 284, ""evaluation_path_source"": ""planner_path"", ""planner_path_pose_count"": 257, ""evaluation_path_pose_count"": 257}"
easy_s04_q0044,vanilla_ha,Easy,d08_12,True,True,0.6409037113189697,682,10.400509203317748,,,0,0.16929888649642807,0.10038326799763397,0,0,0,0,False,,,,,"{""profile_name"": ""easy_d00"", ""map_seed"": 20300620, ""query_seed"": 20301624, ""evaluation_path_source"": ""trace_poses"", ""planner_path_pose_count"": 27, ""evaluation_path_pose_count"": 106}"
easy_s04_q0044,f_n3p_knn,Easy,d08_12,True,True,0.011110931998700835,0,10.366281580047891,10.400509203317748,-0.003290956490758945,0,0.041421355611828,0.09905289718610222,0,6,0,0,True,0,1,0.0,,"{""profile_name"": ""easy_d00"", ""map_seed"": 20300620, ""query_seed"": 20301624}"
easy_s04_q0044,n3p_k1,Easy,d08_12,True,True,0.6500173860040377,682,10.400509203317748,10.400509203317748,0.0,0,0.16929888649642807,0.10038326799763397,0,0,1,0,True,0,0,,,"{""profile_name"": ""easy_d00"", ""map_seed"": 20300620, ""query_seed"": 20301624}"
easy_s04_q0044,voronoi_waypoint,Easy,d08_12,True,True,0.4737012240002514,3,13.89922049659739,10.400509203317748,0.3363980767560455,1,0.34065524484881377,0.7708542371741203,0,0,0,0,False,,,,,"{""profile_name"": ""easy_d00"", ""map_seed"": 20300620, ""query_seed"": 20301624, ""waypoint_count"": 2}"
easy_s04_q0044,bottleneck_waypoint,Easy,d08_12,True,True,0.33341910099989036,2,11.376783104603025,10.400509203317748,0.09386789456172462,0,0.18432765080848137,0.5212608560137438,0,0,0,0,False,,,,,"{""profile_name"": ""easy_d00"", ""map_seed"": 20300620, ""query_seed"": 20301624, ""waypoint_count"": 1, ""bottleneck_count"": 1}"
easy_s04_q0044,improved_ha,Easy,d08_12,True,True,0.6486139297485352,682,10.400509203317748,10.400509203317748,0.0,0,0.16929888649642807,0.10038326799763397,0,0,0,0,False,,,,,"{""profile_name"": ""easy_d00"", ""map_seed"": 20300620, ""query_seed"": 20301624, ""evaluation_path_source"": ""trace_poses"", ""planner_path_pose_count"": 27, ""evaluation_path_pose_count"": 106}"
easy_s04_q0044,lo_ha,Easy,d08_12,True,True,0.7059035301208496,1207,10.34754660707439,10.400509203317748,-0.005092308002233481,0,0.10668881752059607,0.06853184813422786,0,0,0,0,False,,,,,"{""profile_name"": ""easy_d00"", ""map_seed"": 20300620, ""query_seed"": 20301624, ""evaluation_path_source"": ""trace_poses"", ""planner_path_pose_count"": 31, ""evaluation_path_pose_count"": 106}"
easy_s04_q0044,ss_rrt,Easy,d08_12,True,True,0.06480957200255943,31,10.444434309123622,10.400509203317748,0.004223361082346111,0,0.30713760017638037,0.12941701989735455,0,0,0,0,False,,,,,"{""profile_name"": ""easy_d00"", ""map_seed"": 20300620, ""query_seed"": 20301624, ""rrt_iterations"": 17, ""evaluation_path_source"": ""planner_path"", ""planner_path_pose_count"": 131, ""evaluation_path_pose_count"": 131}"
easy_s04_q0045,vanilla_ha,Easy,d12_16,True,True,0.14786386489868164,1,12.514391715141413,,,0,0.0,0.06702128649026906,0,0,0,0,False,,,,,"{""profile_name"": ""easy_d01"", ""map_seed"": 20300621, ""query_seed"": 20301621, ""evaluation_path_source"": ""trace_poses"", ""planner_path_pose_count"": 2, ""evaluation_path_pose_count"": 127}"
easy_s04_q0045,f_n3p_knn,Easy,d12_16,True,True,0.0005581919976975769,0,12.514391715141413,12.514391715141413,0.0,0,9.980516281843018e-18,0.06702128649026906,0,0,0,0,False,0,0,,,"{""profile_name"": ""easy_d01"", ""map_seed"": 20300621, ""query_seed"": 20301621}"
easy_s04_q0045,n3p_k1,Easy,d12_16,True,True,0.0005433300029835664,0,12.514391715141413,12.514391715141413,0.0,0,9.980516281843018e-18,0.06702128649026906,0,0,0,0,False,0,0,,,"{""profile_name"": ""easy_d01"", ""map_seed"": 20300621, ""query_seed"": 20301621}"
easy_s04_q0045,voronoi_waypoint,Easy,d12_16,True,True,0.473644890000287,3,12.725842677593693,12.514391715141413,0.01689662328504893,0,0.167736054616965,0.7611604393490254,0,0,0,0,False,,,,,"{""profile_name"": ""easy_d01"", ""map_seed"": 20300621, ""query_seed"": 20301621, ""waypoint_count"": 2}"
easy_s04_q0045,bottleneck_waypoint,Easy,d12_16,True,True,0.33646039399900474,2,12.666262898912054,12.514391715141413,0.012135722392874193,0,0.10201534014752461,0.7595563275213819,0,0,0,0,False,,,,,"{""profile_name"": ""easy_d01"", ""map_seed"": 20300621, ""query_seed"": 20301621, ""waypoint_count"": 1, ""bottleneck_count"": 1}"
easy_s04_q0045,improved_ha,Easy,d12_16,True,True,0.14897847175598145,1,12.514391715141413,12.514391715141413,0.0,0,0.0,0.06702128649026906,0,0,0,0,False,,,,,"{""profile_name"": ""easy_d01"", ""map_seed"": 20300621, ""query_seed"": 20301621, ""evaluation_path_source"": ""trace_poses"", ""planner_path_pose_count"": 2, ""evaluation_path_pose_count"": 127}"
easy_s04_q0045,lo_ha,Easy,d12_16,True,True,0.14664363861083984,1,12.514391715141413,12.514391715141413,0.0,0,0.0,0.06702128649026906,0,0,0,0,False,,,,,"{""profile_name"": ""easy_d01"", ""map_seed"": 20300621, ""query_seed"": 20301621, ""evaluation_path_source"": ""trace_poses"", ""planner_path_pose_count"": 2, ""evaluation_path_pose_count"": 127}"
easy_s04_q0045,ss_rrt,Easy,d12_16,True,True,0.0004949490030412562,2,12.514391715141413,12.514391715141413,0.0,0,2.8278129465221893e-16,0.06702128649026617,0,0,0,0,False,,,,,"{""profile_name"": ""easy_d01"", ""map_seed"": 20300621, ""query_seed"": 20301621, ""rrt_iterations"": 0, ""evaluation_path_source"": ""planner_path"", ""planner_path_pose_count"": 127, ""evaluation_path_pose_count"": 127}"
easy_s04_q0046,vanilla_ha,Easy,d16_20,True,True,0.14880919456481934,1,16.227445886522005,,,0,0.0,0.15737680399019294,0,0,0,0,False,,,,,"{""profile_name"": ""easy_d00"", ""map_seed"": 20300621, ""query_seed"": 20301622, ""evaluation_path_source"": ""trace_poses"", ""planner_path_pose_count"": 2, ""evaluation_path_pose_count"": 164}"
easy_s04_q0046,f_n3p_knn,Easy,d16_20,True,True,0.0006632069998886436,0,16.22744588652201,16.227445886522005,2.220446049250313e-16,0,0.0,0.1573768039901926,0,0,0,0,False,0,0,,,"{""profile_name"": ""easy_d00"", ""map_seed"": 20300621, ""query_seed"": 20301622}"
easy_s04_q0046,n3p_k1,Easy,d16_20,True,True,0.0006429630011552945,0,16.22744588652201,16.227445886522005,2.220446049250313e-16,0,0.0,0.1573768039901926,0,0,0,0,False,0,0,,,"{""profile_name"": ""easy_d00"", ""map_seed"": 20300621, ""query_seed"": 20301622}"
easy_s04_q0046,voronoi_waypoint,Easy,d16_20,True,True,0.618517579001491,4,19.078148000672403,16.227445886522005,0.17567164506880895,3,0.2563830801354638,0.538251258277048,0,0,0,0,False,,,,,"{""profile_name"": ""easy_d00"", ""map_seed"": 20300621, ""query_seed"": 20301622, ""waypoint_count"": 3}"
easy_s04_q0046,bottleneck_waypoint,Easy,d16_20,True,True,0.47752632400079165,3,16.728486024432875,16.227445886522005,0.030876093589504272,0,0.08965069288322305,0.23248798197921627,0,0,0,0,False,,,,,"{""profile_name"": ""easy_d00"", ""map_seed"": 20300621, ""query_seed"": 20301622, ""waypoint_count"": 2, ""bottleneck_count"": 2}"
easy_s04_q0046,improved_ha,Easy,d16_20,True,True,0.14952778816223145,1,16.227445886522005,16.227445886522005,0.0,0,0.0,0.15737680399019294,0,0,0,0,False,,,,,"{""profile_name"": ""easy_d00"", ""map_seed"": 20300621, ""query_seed"": 20301622, ""evaluation_path_source"": ""trace_poses"", ""planner_path_pose_count"": 2, ""evaluation_path_pose_count"": 164}"
easy_s04_q0046,lo_ha,Easy,d16_20,True,True,0.14942550659179688,1,16.227445886522005,16.227445886522005,0.0,0,0.0,0.15737680399019294,0,0,0,0,False,,,,,"{""profile_name"": ""easy_d00"", ""map_seed"": 20300621, ""query_seed"": 20301622, ""evaluation_path_source"": ""trace_poses"", ""planner_path_pose_count"": 2, ""evaluation_path_pose_count"": 164}"
easy_s04_q0046,ss_rrt,Easy,d16_20,True,True,0.0006052729950170033,2,16.22744588652201,16.227445886522005,2.220446049250313e-16,0,2.1893240030775717e-16,0.15825752738881393,0,0,0,0,False,,,,,"{""profile_name"": ""easy_d00"", ""map_seed"": 20300621, ""query_seed"": 20301622, ""rrt_iterations"": 0, ""evaluation_path_source"": ""planner_path"", ""planner_path_pose_count"": 165, ""evaluation_path_pose_count"": 165}"
easy_s04_q0047,vanilla_ha,Easy,d20_inf,True,True,0.8855617046356201,1047,20.91413721855284,,,2,0.32400276861498756,0.06578970128806272,0,0,0,0,False,,,,,"{""profile_name"": ""easy_d01"", ""map_seed"": 20300621, ""query_seed"": 20301623, ""evaluation_path_source"": ""trace_poses"", ""planner_path_pose_count"": 63, ""evaluation_path_pose_count"": 211}"
easy_s04_q0047,f_n3p_knn,Easy,d20_inf,True,True,0.037213297000562306,0,21.66083768930108,20.91413721855284,0.035703144860589564,2,0.18842307215997703,0.09832176878400878,0,13,0,0,True,3,4,0.75,,"{""profile_name"": ""easy_d01"", ""map_seed"": 20300621, ""query_seed"": 20301623}"
easy_s04_q0047,n3p_k1,Easy,d20_inf,True,True,1.4130530750044272,977,21.386091338470166,20.91413721855284,0.022566272516308272,1,0.2053365641573684,0.0770290173379089,0,0,2,0,True,1,1,1.0,,"{""profile_name"": ""easy_d01"", ""map_seed"": 20300621, ""query_seed"": 20301623}"
easy_s04_q0047,voronoi_waypoint,Easy,d20_inf,True,True,0.7621042289974866,5,23.547149127178297,20.91413721855284,0.1258962720341017,1,0.29506985941337294,0.5435255111680379,0,0,0,0,False,,,,,"{""profile_name"": ""easy_d01"", ""map_seed"": 20300621, ""query_seed"": 20301623, ""waypoint_count"": 4}"
easy_s04_q0047,bottleneck_waypoint,Easy,d20_inf,True,True,0.48115543099993374,3,22.116364539034926,20.91413721855284,0.05748395489227254,0,0.1730568643585689,0.0983593098112211,0,0,0,0,False,,,,,"{""profile_name"": ""easy_d01"", ""map_seed"": 20300621, ""query_seed"": 20301623, ""waypoint_count"": 2, ""bottleneck_count"": 2}"
easy_s04_q0047,improved_ha,Easy,d20_inf,True,True,0.8806748390197754,1047,20.91413721855284,20.91413721855284,0.0,2,0.32400276861498756,0.06578970128806272,0,0,0,0,False,,,,,"{""profile_name"": ""easy_d01"", ""map_seed"": 20300621, ""query_seed"": 20301623, ""evaluation_path_source"": ""trace_poses"", ""planner_path_pose_count"": 63, ""evaluation_path_pose_count"": 211}"
easy_s04_q0047,lo_ha,Easy,d20_inf,True,True,0.3617212772369385,513,21.073905781584113,20.91413721855284,0.007639261489091886,0,0.2096025091481696,0.06447649282916457,0,0,0,0,False,,,,,"{""profile_name"": ""easy_d01"", ""map_seed"": 20300621, ""query_seed"": 20301623, ""evaluation_path_source"": ""trace_poses"", ""planner_path_pose_count"": 57, ""evaluation_path_pose_count"": 213}"
easy_s04_q0047,ss_rrt,Easy,d20_inf,False,False,2.5008361479995074,2492,,20.91413721855284,,0,,,0,0,0,0,False,,,,timeout,"{""profile_name"": ""easy_d01"", ""map_seed"": 20300621, ""query_seed"": 20301623, ""rrt_iterations"": 1089, ""evaluation_path_source"": ""planner_path"", ""planner_path_pose_count"": 0, ""evaluation_path_pose_count"": 0}"
easy_s04_q0048,vanilla_ha,Easy,d08_12,True,True,0.5492932796478271,517,11.69519387700984,,,0,0.3177519354343011,0.06137516815522892,0,0,0,0,False,,,,,"{""profile_name"": ""easy_d00"", ""map_seed"": 20300621, ""query_seed"": 20301624, ""evaluation_path_source"": ""trace_poses"", ""planner_path_pose_count"": 31, ""evaluation_path_pose_count"": 119}"
easy_s04_q0048,f_n3p_knn,Easy,d08_12,True,True,0.010780233998957556,0,11.44525271426893,11.69519387700984,-0.0213712714273373,0,0.0881827269869545,0.47708059415434534,0,1,0,0,True,0,1,0.0,,"{""profile_name"": ""easy_d00"", ""map_seed"": 20300621, ""query_seed"": 20301624}"
easy_s04_q0048,n3p_k1,Easy,d08_12,True,True,0.5354167309997138,517,11.69519387700984,11.69519387700984,0.0,0,0.3177519354343011,0.06137516815522892,0,0,1,0,True,0,0,,,"{""profile_name"": ""easy_d00"", ""map_seed"": 20300621, ""query_seed"": 20301624}"
easy_s04_q0048,voronoi_waypoint,Easy,d08_12,True,True,0.46730753800511593,3,13.591191457941633,11.69519387700984,0.16211766994807197,0,0.3026871022489965,0.223616714870301,0,0,0,0,False,,,,,"{""profile_name"": ""easy_d00"", ""map_seed"": 20300621, ""query_seed"": 20301624, ""waypoint_count"": 2}"
easy_s04_q0048,bottleneck_waypoint,Easy,d08_12,True,True,0.4726414760007174,3,13.17589289736667,11.69519387700984,0.12660747961327568,0,0.2727015770668979,0.25742190444766,0,0,0,0,False,,,,,"{""profile_name"": ""easy_d00"", ""map_seed"": 20300621, ""query_seed"": 20301624, ""waypoint_count"": 2, ""bottleneck_count"": 2}"
easy_s04_q0048,improved_ha,Easy,d08_12,True,True,0.5308568477630615,517,11.69519387700984,11.69519387700984,0.0,0,0.3177519354343011,0.06137516815522892,0,0,0,0,False,,,,,"{""profile_name"": ""easy_d00"", ""map_seed"": 20300621, ""query_seed"": 20301624, ""evaluation_path_source"": ""trace_poses"", ""planner_path_pose_count"": 31, ""evaluation_path_pose_count"": 119}"
easy_s04_q0048,lo_ha,Easy,d08_12,True,True,0.1574394702911377,28,11.383188540639619,11.69519387700984,-0.026678081582174995,0,0.026685082049785508,0.08566340818397133,0,0,0,0,False,,,,,"{""profile_name"": ""easy_d00"", ""map_seed"": 20300621, ""query_seed"": 20301624, ""evaluation_path_source"": ""trace_poses"", ""planner_path_pose_count"": 31, ""evaluation_path_pose_count"": 117}"
easy_s04_q0048,ss_rrt,Easy,d08_12,False,False,2.5001168140006484,2693,,11.69519387700984,,0,,,0,0,0,0,False,,,,timeout,"{""profile_name"": ""easy_d00"", ""map_seed"": 20300621, ""query_seed"": 20301624, ""rrt_iterations"": 1142, ""evaluation_path_source"": ""planner_path"", ""planner_path_pose_count"": 0, ""evaluation_path_pose_count"": 0}"
easy_s04_q0049,vanilla_ha,Easy,d12_16,True,True,0.1505718231201172,9,12.536453973286042,,,0,0.1624894436759355,0.09031691744432357,0,0,0,0,False,,,,,"{""profile_name"": ""easy_d01"", ""map_seed"": 20300621, ""query_seed"": 20301625, ""evaluation_path_source"": ""trace_poses"", ""planner_path_pose_count"": 7, ""evaluation_path_pose_count"": 128}"
easy_s04_q0049,f_n3p_knn,Easy,d12_16,True,True,0.01848091700230725,0,12.862125991536557,12.536453973286042,0.025978001350660307,1,0.1438244924686864,0.15350075252575301,0,5,0,0,True,0,2,0.0,,"{""profile_name"": ""easy_d01"", ""map_seed"": 20300621, ""query_seed"": 20301625}"
easy_s04_q0049,n3p_k1,Easy,d12_16,True,True,0.15400922799744876,7,12.870328276537524,12.536453973286042,0.026632276077664052,0,0.17426808227508553,0.09031691744432357,0,0,1,0,True,0,0,,,"{""profile_name"": ""easy_d01"", ""map_seed"": 20300621, ""query_seed"": 20301625}"
easy_s04_q0049,voronoi_waypoint,Easy,d12_16,True,True,0.47864094199758256,11,13.9883099858551,12.536453973286042,0.1158107400755286,0,0.41965486784959155,0.09031691744432357,0,0,0,0,False,,,,,"{""profile_name"": ""easy_d01"", ""map_seed"": 20300621, ""query_seed"": 20301625, ""waypoint_count"": 2}"
easy_s04_q0049,bottleneck_waypoint,Easy,d12_16,True,True,0.4724084289991879,3,13.685692267331248,12.536453973286042,0.09167171965007981,2,0.41151428333363255,0.06734062725636336,0,0,0,0,False,,,,,"{""profile_name"": ""easy_d01"", ""map_seed"": 20300621, ""query_seed"": 20301625, ""waypoint_count"": 2, ""bottleneck_count"": 2}"
easy_s04_q0049,improved_ha,Easy,d12_16,True,True,0.150956392288208,9,12.536453973286042,12.536453973286042,0.0,0,0.1624894436759355,0.09031691744432357,0,0,0,0,False,,,,,"{""profile_name"": ""easy_d01"", ""map_seed"": 20300621, ""query_seed"": 20301625, ""evaluation_path_source"": ""trace_poses"", ""planner_path_pose_count"": 7, ""evaluation_path_pose_count"": 128}"
easy_s04_q0049,lo_ha,Easy,d12_16,True,True,0.14983129501342773,9,12.536453973286042,12.536453973286042,0.0,0,0.1624894436759355,0.09031691744432357,0,0,0,0,False,,,,,"{""profile_name"": ""easy_d01"", ""map_seed"": 20300621, ""query_seed"": 20301625, ""evaluation_path_source"": ""trace_poses"", ""planner_path_pose_count"": 7, ""evaluation_path_pose_count"": 128}"
easy_s04_q0049,ss_rrt,Easy,d12_16,True,True,0.07824546100164298,33,12.464816169659738,12.536453973286042,-0.0057143594017061705,0,0.39572551316304744,0.0903210592782474,0,0,0,0,False,,,,,"{""profile_name"": ""easy_d01"", ""map_seed"": 20300621, ""query_seed"": 20301625, ""rrt_iterations"": 31, ""evaluation_path_source"": ""planner_path"", ""planner_path_pose_count"": 155, ""evaluation_path_pose_count"": 155}"
complex_s00_q0000,vanilla_ha,Complex,d08_12,True,True,0.6526412963867188,729,9.724165615469474,,,0,0.21224032493837516,0.09211451100499735,0,0,0,0,False,,,,,"{""profile_name"": ""complex_d02"", ""map_seed"": 20360620, ""query_seed"": 20361620, ""evaluation_path_source"": ""trace_poses"", ""planner_path_pose_count"": 28, ""evaluation_path_pose_count"": 100}"
complex_s00_q0000,f_n3p_knn,Complex,d08_12,True,True,0.02048008400015533,0,13.046243327326064,9.724165615469474,0.3416311325026937,3,0.33574406385694816,0.25995912998159443,0,7,0,0,True,1,2,0.5,,"{""profile_name"": ""complex_d02"", ""map_seed"": 20360620, ""query_seed"": 20361620}"
complex_s00_q0000,n3p_k1,Complex,d08_12,True,True,0.3245056599989766,241,9.66830001847953,9.724165615469474,-0.0057450273061034896,0,0.2854359013008685,0.08783753682172046,0,0,1,0,True,0,0,,,"{""profile_name"": ""complex_d02"", ""map_seed"": 20360620, ""query_seed"": 20361620}"
complex_s00_q0000,voronoi_waypoint,Complex,d08_12,True,True,0.509884041006444,51,13.848922022217565,9.724165615469474,0.4241758696690967,3,0.5454081909551509,0.09011937283692517,0,0,0,0,False,,,,,"{""profile_name"": ""complex_d02"", ""map_seed"": 20360620, ""query_seed"": 20361620, ""waypoint_count"": 2}"
complex_s00_q0000,bottleneck_waypoint,Complex,d08_12,True,True,0.47816716699890094,3,11.303043047011956,9.724165615469474,0.16236636581248254,2,0.3345711301491917,0.3104922540544357,0,0,0,0,False,,,,,"{""profile_name"": ""complex_d02"", ""map_seed"": 20360620, ""query_seed"": 20361620, ""waypoint_count"": 2, ""bottleneck_count"": 2}"
complex_s00_q0000,improved_ha,Complex,d08_12,True,True,0.6469368934631348,729,9.724165615469474,9.724165615469474,0.0,0,0.21224032493837516,0.09211451100499735,0,0,0,0,False,,,,,"{""profile_name"": ""complex_d02"", ""map_seed"": 20360620, ""query_seed"": 20361620, ""evaluation_path_source"": ""trace_poses"", ""planner_path_pose_count"": 28, ""evaluation_path_pose_count"": 100}"
complex_s00_q0000,lo_ha,Complex,d08_12,True,True,0.8853847980499268,1457,9.703555330795528,9.724165615469474,-0.002119491325935363,0,0.15523561757919138,0.05794645390239184,0,0,0,0,False,,,,,"{""profile_name"": ""complex_d02"", ""map_seed"": 20360620, ""query_seed"": 20361620, ""evaluation_path_source"": ""trace_poses"", ""planner_path_pose_count"": 27, ""evaluation_path_pose_count"": 100}"
complex_s00_q0000,ss_rrt,Complex,d08_12,True,True,0.3492803109984379,192,9.945195994623964,9.724165615469474,0.02273000974015371,0,0.42292067978148123,0.07384308844503118,0,0,0,0,False,,,,,"{""profile_name"": ""complex_d02"", ""map_seed"": 20360620, ""query_seed"": 20361620, ""rrt_iterations"": 300, ""evaluation_path_source"": ""planner_path"", ""planner_path_pose_count"": 123, ""evaluation_path_pose_count"": 123}"
complex_s00_q0001,vanilla_ha,Complex,d12_16,True,True,0.22645950317382812,127,13.114624807644978,,,0,0.23607276901488228,0.098176422805349,0,0,0,0,False,,,,,"{""profile_name"": ""complex_d03"", ""map_seed"": 20360620, ""query_seed"": 20361621, ""evaluation_path_source"": ""trace_poses"", ""planner_path_pose_count"": 34, ""evaluation_path_pose_count"": 134}"
complex_s00_q0001,f_n3p_knn,Complex,d12_16,True,True,0.01809657299600076,0,13.061476822603698,13.114624807644978,-0.0040525738113603715,4,0.157991899389622,0.07595167502348521,0,0,0,0,False,2,2,1.0,,"{""profile_name"": ""complex_d03"", ""map_seed"": 20360620, ""query_seed"": 20361621}"
complex_s00_q0001,n3p_k1,Complex,d12_16,True,True,0.015016421995824203,0,13.061476822603698,13.114624807644978,-0.0040525738113603715,4,0.157991899389622,0.07595167502348521,0,0,0,0,False,2,2,1.0,,"{""profile_name"": ""complex_d03"", ""map_seed"": 20360620, ""query_seed"": 20361621}"
complex_s00_q0001,voronoi_waypoint,Complex,d12_16,True,True,0.5266106620038045,75,13.943642080862071,13.114624807644978,0.06321319026479744,2,0.3672992112787166,0.07572231531171758,0,0,0,0,False,,,,,"{""profile_name"": ""complex_d03"", ""map_seed"": 20360620, ""query_seed"": 20361621, ""waypoint_count"": 2}"
complex_s00_q0001,bottleneck_waypoint,Complex,d12_16,True,True,0.47238287900108844,3,13.072163782004308,13.114624807644978,-0.0032376851235513815,0,0.21833173557059377,0.3888288132783322,0,0,0,0,False,,,,,"{""profile_name"": ""complex_d03"", ""map_seed"": 20360620, ""query_seed"": 20361621, ""waypoint_count"": 2, ""bottleneck_count"": 2}"
complex_s00_q0001,improved_ha,Complex,d12_16,True,True,0.22748565673828125,127,13.114624807644978,13.114624807644978,0.0,0,0.23607276901488228,0.098176422805349,0,0,0,0,False,,,,,"{""profile_name"": ""complex_d03"", ""map_seed"": 20360620, ""query_seed"": 20361621, ""evaluation_path_source"": ""trace_poses"", ""planner_path_pose_count"": 34, ""evaluation_path_pose_count"": 134}"
complex_s00_q0001,lo_ha,Complex,d12_16,True,True,0.21690583229064941,160,13.158856285756949,13.114624807644978,0.0033726834553580165,0,0.18446273176250474,0.0616127631165187,0,0,0,0,False,,,,,"{""profile_name"": ""complex_d03"", ""map_seed"": 20360620, ""query_seed"": 20361621, ""evaluation_path_source"": ""trace_poses"", ""planner_path_pose_count"": 35, ""evaluation_path_pose_count"": 134}"
complex_s00_q0001,ss_rrt,Complex,d12_16,False,False,2.50035653100349,2334,,13.114624807644978,,0,,,0,0,0,0,False,,,,timeout,"{""profile_name"": ""complex_d03"", ""map_seed"": 20360620, ""query_seed"": 20361621, ""rrt_iterations"": 1539, ""evaluation_path_source"": ""planner_path"", ""planner_path_pose_count"": 0, ""evaluation_path_pose_count"": 0}"
complex_s00_q0002,vanilla_ha,Complex,d16_20,False,False,2.500020980834961,4169,,,,0,,,0,0,0,0,False,,,,timeout,"{""profile_name"": ""complex_d04"", ""map_seed"": 20360620, ""query_seed"": 20361622, ""evaluation_path_source"": ""planner_path"", ""planner_path_pose_count"": 0, ""evaluation_path_pose_count"": 0}"
complex_s00_q0002,f_n3p_knn,Complex,d16_20,False,False,3.5158046559954528,6265,,,,0,,,0,19,1,1,True,0,0,,f2_failed:prediction:goal_in_collision;goal:timeout;f3_failed:timeout,"{""profile_name"": ""complex_d04"", ""map_seed"": 20360620, ""query_seed"": 20361622}"
complex_s00_q0002,n3p_k1,Complex,d16_20,False,False,3.514507211999444,6220,,,,0,,,0,0,1,1,True,0,0,,f2_failed:prediction:goal_in_collision;goal:timeout;f3_failed:timeout,"{""profile_name"": ""complex_d04"", ""map_seed"": 20360620, ""query_seed"": 20361622}"
complex_s00_q0002,voronoi_waypoint,Complex,d16_20,True,True,0.6186540049966425,8,21.176480201304557,,,0,0.25065969160458734,0.13691589210671284,0,0,0,0,False,,,,,"{""profile_name"": ""complex_d04"", ""map_seed"": 20360620, ""query_seed"": 20361622, ""waypoint_count"": 3}"
complex_s00_q0002,bottleneck_waypoint,Complex,d16_20,True,True,0.753119950000837,5,21.067833337728075,,,0,0.20973924253759854,0.13869885233209045,0,0,0,0,False,,,,,"{""profile_name"": ""complex_d04"", ""map_seed"": 20360620, ""query_seed"": 20361622, ""waypoint_count"": 4, ""bottleneck_count"": 4}"
complex_s00_q0002,improved_ha,Complex,d16_20,False,False,2.500317335128784,4144,,,,0,,,0,0,0,0,False,,,,timeout,"{""profile_name"": ""complex_d04"", ""map_seed"": 20360620, ""query_seed"": 20361622, ""evaluation_path_source"": ""planner_path"", ""planner_path_pose_count"": 0, ""evaluation_path_pose_count"": 0}"
complex_s00_q0002,lo_ha,Complex,d16_20,True,True,2.115469455718994,5581,19.174900471980482,,,0,0.1729850892590971,0.05382384167326204,0,0,0,0,False,,,,,"{""profile_name"": ""complex_d04"", ""map_seed"": 20360620, ""query_seed"": 20361622, ""evaluation_path_source"": ""trace_poses"", ""planner_path_pose_count"": 41, ""evaluation_path_pose_count"": 194}"
complex_s00_q0002,ss_rrt,Complex,d16_20,True,True,0.1932721980047063,90,19.662437005516175,,,0,0.28076789826233056,0.07836897013114053,0,0,0,0,False,,,,,"{""profile_name"": ""complex_d04"", ""map_seed"": 20360620, ""query_seed"": 20361622, ""rrt_iterations"": 162, ""evaluation_path_source"": ""planner_path"", ""planner_path_pose_count"": 245, ""evaluation_path_pose_count"": 245}"
complex_s00_q0003,vanilla_ha,Complex,d20_inf,False,False,2.5004782676696777,3133,,,,0,,,0,0,0,0,False,,,,timeout,"{""profile_name"": ""complex_d02"", ""map_seed"": 20360620, ""query_seed"": 20361623, ""evaluation_path_source"": ""planner_path"", ""planner_path_pose_count"": 0, ""evaluation_path_pose_count"": 0}"
complex_s00_q0003,f_n3p_knn,Complex,d20_inf,True,True,0.20009653799934313,9,21.52085078964624,,,0,0.18863714641615703,0.09750140095350768,0,25,1,0,True,2,4,0.5,,"{""profile_name"": ""complex_d02"", ""map_seed"": 20360620, ""query_seed"": 20361623}"
complex_s00_q0003,n3p_k1,Complex,d20_inf,True,True,0.7735647489971598,516,20.93987169144305,,,0,0.20092963715373416,0.08513886355521572,0,0,2,0,True,2,2,1.0,,"{""profile_name"": ""complex_d02"", ""map_seed"": 20360620, ""query_seed"": 20361623}"
complex_s00_q0003,voronoi_waypoint,Complex,d20_inf,True,True,0.7730204239996965,22,22.178680274467713,,,0,0.2378565964809513,0.09654689869225885,0,0,0,0,False,,,,,"{""profile_name"": ""complex_d02"", ""map_seed"": 20360620, ""query_seed"": 20361623, ""waypoint_count"": 4}"
complex_s00_q0003,bottleneck_waypoint,Complex,d20_inf,True,True,0.8909194000007119,133,22.40364278386332,,,0,0.29942600645138123,0.10130663021072617,0,0,0,0,False,,,,,"{""profile_name"": ""complex_d02"", ""map_seed"": 20360620, ""query_seed"": 20361623, ""waypoint_count"": 4, ""bottleneck_count"": 4}"
complex_s00_q0003,improved_ha,Complex,d20_inf,False,False,2.5034780502319336,3145,,,,0,,,0,0,0,0,False,,,,timeout,"{""profile_name"": ""complex_d02"", ""map_seed"": 20360620, ""query_seed"": 20361623, ""evaluation_path_source"": ""planner_path"", ""planner_path_pose_count"": 0, ""evaluation_path_pose_count"": 0}"
complex_s00_q0003,lo_ha,Complex,d20_inf,False,False,2.5006461143493652,5036,,,,0,,,0,0,0,0,False,,,,timeout,"{""profile_name"": ""complex_d02"", ""map_seed"": 20360620, ""query_seed"": 20361623, ""evaluation_path_source"": ""planner_path"", ""planner_path_pose_count"": 0, ""evaluation_path_pose_count"": 0}"
complex_s00_q0003,ss_rrt,Complex,d20_inf,False,False,2.50723184600065,1928,,,,0,,,0,0,0,0,False,,,,timeout,"{""profile_name"": ""complex_d02"", ""map_seed"": 20360620, ""query_seed"": 20361623, ""rrt_iterations"": 1305, ""evaluation_path_source"": ""planner_path"", ""planner_path_pose_count"": 0, ""evaluation_path_pose_count"": 0}"
complex_s00_q0004,vanilla_ha,Complex,d08_12,True,True,0.2344353199005127,103,10.341091658073225,,,0,0.4440947928407019,0.1156295074136442,0,0,0,0,False,,,,,"{""profile_name"": ""complex_d03"", ""map_seed"": 20360620, ""query_seed"": 20361624, ""evaluation_path_source"": ""trace_poses"", ""planner_path_pose_count"": 28, ""evaluation_path_pose_count"": 105}"
complex_s00_q0004,f_n3p_knn,Complex,d08_12,True,True,0.027612154997768812,0,10.762275091923824,10.341091658073225,0.040729107504021034,5,0.29857358890271396,0.09425989299033555,0,4,0,0,True,1,3,0.3333333333333333,,"{""profile_name"": ""complex_d03"", ""map_seed"": 20360620, ""query_seed"": 20361624}"
complex_s00_q0004,n3p_k1,Complex,d08_12,True,True,0.3100262230000226,14,10.269613636757775,10.341091658073225,-0.006912038272056886,0,0.3399029227980346,0.10373043492841227,0,0,2,0,True,0,0,,,"{""profile_name"": ""complex_d03"", ""map_seed"": 20360620, ""query_seed"": 20361624}"
complex_s00_q0004,voronoi_waypoint,Complex,d08_12,True,True,0.34616961300343974,18,10.239911060896073,10.341091658073225,-0.009784324568689051,0,0.16370987065832063,0.12780836538041707,0,0,0,0,False,,,,,"{""profile_name"": ""complex_d03"", ""map_seed"": 20360620, ""query_seed"": 20361624, ""waypoint_count"": 1}"
complex_s00_q0004,bottleneck_waypoint,Complex,d08_12,True,True,0.47144655999727547,3,10.766021463641213,10.341091658073225,0.04109138760376885,0,0.2888826288590774,0.47279378585344944,0,0,0,0,False,,,,,"{""profile_name"": ""complex_d03"", ""map_seed"": 20360620, ""query_seed"": 20361624, ""waypoint_count"": 2, ""bottleneck_count"": 2}"
complex_s00_q0004,improved_ha,Complex,d08_12,True,True,0.23519039154052734,103,10.341091658073225,10.341091658073225,0.0,0,0.4440947928407019,0.1156295074136442,0,0,0,0,False,,,,,"{""profile_name"": ""complex_d03"", ""map_seed"": 20360620, ""query_seed"": 20361624, ""evaluation_path_source"": ""trace_poses"", ""planner_path_pose_count"": 28, ""evaluation_path_pose_count"": 105}"
complex_s00_q0004,lo_ha,Complex,d08_12,True,True,0.20702743530273438,125,10.287504216147044,10.341091658073225,-0.005181990808905135,0,0.22612814047509627,0.09272179313638262,0,0,0,0,False,,,,,"{""profile_name"": ""complex_d03"", ""map_seed"": 20360620, ""query_seed"": 20361624, ""evaluation_path_source"": ""trace_poses"", ""planner_path_pose_count"": 30, ""evaluation_path_pose_count"": 105}"
complex_s00_q0004,ss_rrt,Complex,d08_12,False,False,2.5046930839962442,2741,,10.341091658073225,,0,,,0,0,0,0,False,,,,timeout,"{""profile_name"": ""complex_d03"", ""map_seed"": 20360620, ""query_seed"": 20361624, ""rrt_iterations"": 1550, ""evaluation_path_source"": ""planner_path"", ""planner_path_pose_count"": 0, ""evaluation_path_pose_count"": 0}"
complex_s00_q0005,vanilla_ha,Complex,d12_16,True,True,0.148909330368042,1,12.080149005703527,,,0,0.0,0.10164386607192744,0,0,0,0,False,,,,,"{""profile_name"": ""complex_d04"", ""map_seed"": 20360621, ""query_seed"": 20361621, ""evaluation_path_source"": ""trace_poses"", ""planner_path_pose_count"": 2, ""evaluation_path_pose_count"": 122}"
complex_s00_q0005,f_n3p_knn,Complex,d12_16,True,True,0.0006745499995304272,0,12.080149005703529,12.080149005703527,2.220446049250313e-16,0,0.0,0.10164386607192744,0,0,0,0,False,0,0,,,"{""profile_name"": ""complex_d04"", ""map_seed"": 20360621, ""query_seed"": 20361621}"
complex_s00_q0005,n3p_k1,Complex,d12_16,True,True,0.0006298340013017878,0,12.080149005703529,12.080149005703527,2.220446049250313e-16,0,0.0,0.10164386607192744,0,0,0,0,False,0,0,,,"{""profile_name"": ""complex_d04"", ""map_seed"": 20360621, ""query_seed"": 20361621}"
complex_s00_q0005,voronoi_waypoint,Complex,d12_16,True,True,0.4792505829973379,6,14.280758690323548,12.080149005703527,0.18216742886044068,2,0.27580030097360236,0.076409958683883,0,0,0,0,False,,,,,"{""profile_name"": ""complex_d04"", ""map_seed"": 20360621, ""query_seed"": 20361621, ""waypoint_count"": 2}"
complex_s00_q0005,bottleneck_waypoint,Complex,d12_16,True,True,0.47951093099982245,5,13.801385512628327,12.080149005703527,0.14248470826908965,0,0.3005980461072402,0.10163171647673641,0,0,0,0,False,,,,,"{""profile_name"": ""complex_d04"", ""map_seed"": 20360621, ""query_seed"": 20361621, ""waypoint_count"": 2, ""bottleneck_count"": 2}"
complex_s00_q0005,improved_ha,Complex,d12_16,True,True,0.14906597137451172,1,12.080149005703527,12.080149005703527,0.0,0,0.0,0.10164386607192744,0,0,0,0,False,,,,,"{""profile_name"": ""complex_d04"", ""map_seed"": 20360621, ""query_seed"": 20361621, ""evaluation_path_source"": ""trace_poses"", ""planner_path_pose_count"": 2, ""evaluation_path_pose_count"": 122}"
complex_s00_q0005,lo_ha,Complex,d12_16,True,True,0.14866065979003906,1,12.080149005703527,12.080149005703527,0.0,0,0.0,0.10164386607192744,0,0,0,0,False,,,,,"{""profile_name"": ""complex_d04"", ""map_seed"": 20360621, ""query_seed"": 20361621, ""evaluation_path_source"": ""trace_poses"", ""planner_path_pose_count"": 2, ""evaluation_path_pose_count"": 122}"
complex_s00_q0005,ss_rrt,Complex,d12_16,True,True,0.0005836989948875271,2,12.08014900570353,12.080149005703527,2.220446049250313e-16,0,2.2057139012460359e-16,0.10171261392806408,0,0,0,0,False,,,,,"{""profile_name"": ""complex_d04"", ""map_seed"": 20360621, ""query_seed"": 20361621, ""rrt_iterations"": 0, ""evaluation_path_source"": ""planner_path"", ""planner_path_pose_count"": 123, ""evaluation_path_pose_count"": 123}"
complex_s00_q0006,vanilla_ha,Complex,d16_20,True,True,1.4020357131958008,1329,19.041650439897627,,,2,0.17525999871568917,0.056668511883217754,0,0,0,0,False,,,,,"{""profile_name"": ""complex_d02"", ""map_seed"": 20360621, ""query_seed"": 20361622, ""evaluation_path_source"": ""trace_poses"", ""planner_path_pose_count"": 60, ""evaluation_path_pose_count"": 193}"
complex_s00_q0006,f_n3p_knn,Complex,d16_20,True,True,0.04438254599517677,0,20.497405468108628,19.041650439897627,0.07645109507738801,3,0.19948656864930492,0.1022239320615026,0,2,0,0,True,4,5,0.8,,"{""profile_name"": ""complex_d02"", ""map_seed"": 20360621, ""query_seed"": 20361622}"
complex_s00_q0006,n3p_k1,Complex,d16_20,True,True,2.2659855660022004,2235,19.041650439897627,19.041650439897627,0.0,2,0.17525999871568917,0.056668511883217754,0,0,1,1,True,1,1,1.0,,"{""profile_name"": ""complex_d02"", ""map_seed"": 20360621, ""query_seed"": 20361622}"
complex_s00_q0006,voronoi_waypoint,Complex,d16_20,True,True,0.6165822330003721,4,19.48260108529429,19.041650439897627,0.023157165225171195,0,0.1364074731228143,0.06555805684960414,0,0,0,0,False,,,,,"{""profile_name"": ""complex_d02"", ""map_seed"": 20360621, ""query_seed"": 20361622, ""waypoint_count"": 3}"
complex_s00_q0006,bottleneck_waypoint,Complex,d16_20,True,True,0.7699633980009821,307,19.629069175845107,19.041650439897627,0.030849150277261206,0,0.21698959361552636,0.07573593658664513,0,0,0,0,False,,,,,"{""profile_name"": ""complex_d02"", ""map_seed"": 20360621, ""query_seed"": 20361622, ""waypoint_count"": 2, ""bottleneck_count"": 2}"
complex_s00_q0006,improved_ha,Complex,d16_20,True,True,1.4043166637420654,1329,19.041650439897627,19.041650439897627,0.0,2,0.17525999871568917,0.056668511883217754,0,0,0,0,False,,,,,"{""profile_name"": ""complex_d02"", ""map_seed"": 20360621, ""query_seed"": 20361622, ""evaluation_path_source"": ""trace_poses"", ""planner_path_pose_count"": 60, ""evaluation_path_pose_count"": 193}"
complex_s00_q0006,lo_ha,Complex,d16_20,True,True,1.7164156436920166,2643,19.017576532753843,19.041650439897627,-0.0012642762884325087,0,0.2425287411453924,0.0730438148095377,0,0,0,0,False,,,,,"{""profile_name"": ""complex_d02"", ""map_seed"": 20360621, ""query_seed"": 20361622, ""evaluation_path_source"": ""trace_poses"", ""planner_path_pose_count"": 61, ""evaluation_path_pose_count"": 193}"
complex_s00_q0006,ss_rrt,Complex,d16_20,False,False,2.50179239299905,2599,,19.041650439897627,,0,,,0,0,0,0,False,,,,timeout,"{""profile_name"": ""complex_d02"", ""map_seed"": 20360621, ""query_seed"": 20361622, ""rrt_iterations"": 1143, ""evaluation_path_source"": ""planner_path"", ""planner_path_pose_count"": 0, ""evaluation_path_pose_count"": 0}"
complex_s00_q0007,vanilla_ha,Complex,d20_inf,False,False,2.5010182857513428,3953,,,,0,,,0,0,0,0,False,,,,timeout,"{""profile_name"": ""complex_d03"", ""map_seed"": 20360621, ""query_seed"": 20361623, ""evaluation_path_source"": ""planner_path"", ""planner_path_pose_count"": 0, ""evaluation_path_pose_count"": 0}"
complex_s00_q0007,f_n3p_knn,Complex,d20_inf,True,True,0.8917067469956237,1048,22.084951227119873,,,4,0.21270625975806096,0.07437559214929901,0,32,1,0,True,1,3,0.3333333333333333,,"{""profile_name"": ""complex_d03"", ""map_seed"": 20360621, ""query_seed"": 20361623}"
complex_s00_q0007,n3p_k1,Complex,d20_inf,True,True,2.276347936000093,1995,21.179898085097847,,,0,0.16305193654303218,0.07205753519187319,0,0,3,0,True,1,1,1.0,,"{""profile_name"": ""complex_d03"", ""map_seed"": 20360621, ""query_seed"": 20361623}"
complex_s00_q0007,voronoi_waypoint,Complex,d20_inf,True,True,0.7819669029995566,33,22.628113093539838,,,0,0.2652688013525625,0.12056270060390195,0,0,0,0,False,,,,,"{""profile_name"": ""complex_d03"", ""map_seed"": 20360621, ""query_seed"": 20361623, ""waypoint_count"": 4}"
complex_s00_q0007,bottleneck_waypoint,Complex,d20_inf,True,True,0.7623568780036294,5,22.94597728814555,,,0,0.21661341434387849,0.3045720174706772,0,0,0,0,False,,,,,"{""profile_name"": ""complex_d03"", ""map_seed"": 20360621, ""query_seed"": 20361623, ""waypoint_count"": 4, ""bottleneck_count"": 4}"
complex_s00_q0007,improved_ha,Complex,d20_inf,False,False,2.500767230987549,3977,,,,0,,,0,0,0,0,False,,,,timeout,"{""profile_name"": ""complex_d03"", ""map_seed"": 20360621, ""query_seed"": 20361623, ""evaluation_path_source"": ""planner_path"", ""planner_path_pose_count"": 0, ""evaluation_path_pose_count"": 0}"
complex_s00_q0007,lo_ha,Complex,d20_inf,True,True,0.9087784290313721,2033,21.062074863892736,,,0,0.09642696210937024,0.06416623758188511,0,0,0,0,False,,,,,"{""profile_name"": ""complex_d03"", ""map_seed"": 20360621, ""query_seed"": 20361623, ""evaluation_path_source"": ""trace_poses"", ""planner_path_pose_count"": 66, ""evaluation_path_pose_count"": 214}"
complex_s00_q0007,ss_rrt,Complex,d20_inf,False,False,2.5075267249994795,1558,,,,0,,,0,0,0,0,False,,,,timeout,"{""profile_name"": ""complex_d03"", ""map_seed"": 20360621, ""query_seed"": 20361623, ""rrt_iterations"": 1703, ""evaluation_path_source"": ""planner_path"", ""planner_path_pose_count"": 0, ""evaluation_path_pose_count"": 0}"
complex_s00_q0008,vanilla_ha,Complex,d08_12,True,True,0.644167423248291,733,10.701564985488762,,,0,0.33246079855002525,0.07389537422149706,0,0,0,0,False,,,,,"{""profile_name"": ""complex_d04"", ""map_seed"": 20360621, ""query_seed"": 20361624, ""evaluation_path_source"": ""trace_poses"", ""planner_path_pose_count"": 23, ""evaluation_path_pose_count"": 109}"
complex_s00_q0008,f_n3p_knn,Complex,d08_12,True,True,0.3574065330030862,54,11.09938644688034,10.701564985488762,0.03717413872933739,3,0.47709227545937505,0.08366774215712047,0,38,2,0,True,0,0,,,"{""profile_name"": ""complex_d04"", ""map_seed"": 20360621, ""query_seed"": 20361624}"
complex_s00_q0008,n3p_k1,Complex,d08_12,True,True,0.3530552459997125,54,11.09938644688034,10.701564985488762,0.03717413872933739,3,0.47709227545937505,0.08366774215712047,0,0,2,0,True,0,0,,,"{""profile_name"": ""complex_d04"", ""map_seed"": 20360621, ""query_seed"": 20361624}"
complex_s00_q0008,voronoi_waypoint,Complex,d08_12,True,True,0.44897750800009817,128,10.737273256801066,10.701564985488762,0.0033367335862299896,0,0.2761307463993214,0.07238542894783206,0,0,0,0,False,,,,,"{""profile_name"": ""complex_d04"", ""map_seed"": 20360621, ""query_seed"": 20361624, ""waypoint_count"": 1}"
complex_s00_q0008,bottleneck_waypoint,Complex,d08_12,True,True,0.4760940429987386,3,10.620196123897019,10.701564985488762,-0.007603454420178624,0,0.2841306509291726,0.5553786393972284,0,0,0,0,False,,,,,"{""profile_name"": ""complex_d04"", ""map_seed"": 20360621, ""query_seed"": 20361624, ""waypoint_count"": 2, ""bottleneck_count"": 2}"
complex_s00_q0008,improved_ha,Complex,d08_12,True,True,0.6437263488769531,733,10.701564985488762,10.701564985488762,0.0,0,0.33246079855002525,0.07389537422149706,0,0,0,0,False,,,,,"{""profile_name"": ""complex_d04"", ""map_seed"": 20360621, ""query_seed"": 20361624, ""evaluation_path_source"": ""trace_poses"", ""planner_path_pose_count"": 23, ""evaluation_path_pose_count"": 109}"
complex_s00_q0008,lo_ha,Complex,d08_12,True,True,0.19782471656799316,153,10.195866396184531,10.701564985488762,-0.04725463892336812,0,0.10805306777055318,0.13244879312420488,0,0,0,0,False,,,,,"{""profile_name"": ""complex_d04"", ""map_seed"": 20360621, ""query_seed"": 20361624, ""evaluation_path_source"": ""trace_poses"", ""planner_path_pose_count"": 23, ""evaluation_path_pose_count"": 105}"
complex_s00_q0008,ss_rrt,Complex,d08_12,False,False,2.5000194780004676,2297,,10.701564985488762,,0,,,0,0,0,0,False,,,,timeout,"{""profile_name"": ""complex_d04"", ""map_seed"": 20360621, ""query_seed"": 20361624, ""rrt_iterations"": 1539, ""evaluation_path_source"": ""planner_path"", ""planner_path_pose_count"": 0, ""evaluation_path_pose_count"": 0}"
complex_s00_q0009,vanilla_ha,Complex,d12_16,True,True,1.9410905838012695,2321,13.2139765763234,,,0,0.18934274733116008,0.0771091301505471,0,0,0,0,False,,,,,"{""profile_name"": ""complex_d02"", ""map_seed"": 20360621, ""query_seed"": 20361625, ""evaluation_path_source"": ""trace_poses"", ""planner_path_pose_count"": 40, ""evaluation_path_pose_count"": 134}"
complex_s00_q0009,f_n3p_knn,Complex,d12_16,True,True,1.9792204059995129,2300,13.563406047812943,13.2139765763234,0.026443929991191606,0,0.31999215020144556,0.08071379922827737,0,21,1,0,True,0,1,0.0,,"{""profile_name"": ""complex_d02"", ""map_seed"": 20360621, ""query_seed"": 20361625}"
complex_s00_q0009,n3p_k1,Complex,d12_16,True,True,2.7990340019969153,3436,13.2139765763234,13.2139765763234,0.0,0,0.18934274733116008,0.0771091301505471,0,0,1,1,True,0,0,,,"{""profile_name"": ""complex_d02"", ""map_seed"": 20360621, ""query_seed"": 20361625}"
complex_s00_q0009,voronoi_waypoint,Complex,d12_16,True,True,0.4931740419997368,31,14.55457519568699,13.2139765763234,0.10145307974630846,0,0.21805889168690168,0.16905257477945435,0,0,0,0,False,,,,,"{""profile_name"": ""complex_d02"", ""map_seed"": 20360621, ""query_seed"": 20361625, ""waypoint_count"": 2}"
complex_s00_q0009,bottleneck_waypoint,Complex,d12_16,True,True,0.4762920360008138,3,14.865118938438485,13.2139765763234,0.12495423709722453,0,0.27025891497216276,0.16667345791723398,0,0,0,0,False,,,,,"{""profile_name"": ""complex_d02"", ""map_seed"": 20360621, ""query_seed"": 20361625, ""waypoint_count"": 2, ""bottleneck_count"": 2}"
complex_s00_q0009,improved_ha,Complex,d12_16,True,True,1.9431986808776855,2321,13.2139765763234,13.2139765763234,0.0,0,0.18934274733116008,0.0771091301505471,0,0,0,0,False,,,,,"{""profile_name"": ""complex_d02"", ""map_seed"": 20360621, ""query_seed"": 20361625, ""evaluation_path_source"": ""trace_poses"", ""planner_path_pose_count"": 40, ""evaluation_path_pose_count"": 134}"
complex_s00_q0009,lo_ha,Complex,d12_16,True,True,0.9953272342681885,1819,13.381286938265003,13.2139765763234,0.01266162089627021,0,0.26341915300972407,0.056119528198267266,0,0,0,0,False,,,,,"{""profile_name"": ""complex_d02"", ""map_seed"": 20360621, ""query_seed"": 20361625, ""evaluation_path_source"": ""trace_poses"", ""planner_path_pose_count"": 38, ""evaluation_path_pose_count"": 136}"
complex_s00_q0009,ss_rrt,Complex,d12_16,False,False,2.500803711998742,1697,,13.2139765763234,,0,,,0,0,0,0,False,,,,timeout,"{""profile_name"": ""complex_d02"", ""map_seed"": 20360621, ""query_seed"": 20361625, ""rrt_iterations"": 1542, ""evaluation_path_source"": ""planner_path"", ""planner_path_pose_count"": 0, ""evaluation_path_pose_count"": 0}"
complex_s01_q0010,vanilla_ha,Complex,d16_20,True,True,0.2552495002746582,201,17.665449937241224,,,0,0.31904537236618435,0.0766210890444361,0,0,0,0,False,,,,,"{""profile_name"": ""complex_d03"", ""map_seed"": 20370620, ""query_seed"": 20371620, ""evaluation_path_source"": ""trace_poses"", ""planner_path_pose_count"": 48, ""evaluation_path_pose_count"": 178}"
complex_s01_q0010,f_n3p_knn,Complex,d16_20,True,True,0.23532693100423785,61,18.20283580462302,17.665449937241224,0.030420163046564364,2,0.11116658320450273,0.06297661809841754,0,40,1,0,True,0,4,0.0,,"{""profile_name"": ""complex_d03"", ""map_seed"": 20370620, ""query_seed"": 20371620}"
complex_s01_q0010,n3p_k1,Complex,d16_20,True,True,0.6625133950001327,263,18.188240841812963,17.665449937241224,0.029593976175473546,0,0.3178065090209177,0.06525312509376902,0,0,3,0,True,0,0,,,"{""profile_name"": ""complex_d03"", ""map_seed"": 20370620, ""query_seed"": 20371620}"
complex_s01_q0010,voronoi_waypoint,Complex,d16_20,True,True,0.6862294700040366,90,18.094153308188808,17.665449937241224,0.024267899910311197,0,0.3109406674531858,0.08469340129981662,0,0,0,0,False,,,,,"{""profile_name"": ""complex_d03"", ""map_seed"": 20370620, ""query_seed"": 20371620, ""waypoint_count"": 3}"
complex_s01_q0010,bottleneck_waypoint,Complex,d16_20,True,True,0.6398139800003264,31,18.038820493933503,17.665449937241224,0.02113563809689123,0,0.22380117125937132,0.07439186351822491,0,0,0,0,False,,,,,"{""profile_name"": ""complex_d03"", ""map_seed"": 20370620, ""query_seed"": 20371620, ""waypoint_count"": 3, ""bottleneck_count"": 3}"
complex_s01_q0010,improved_ha,Complex,d16_20,True,True,0.25496912002563477,201,17.665449937241224,17.665449937241224,0.0,0,0.31904537236618435,0.0766210890444361,0,0,0,0,False,,,,,"{""profile_name"": ""complex_d03"", ""map_seed"": 20370620, ""query_seed"": 20371620, ""evaluation_path_source"": ""trace_poses"", ""planner_path_pose_count"": 48, ""evaluation_path_pose_count"": 178}"
complex_s01_q0010,lo_ha,Complex,d16_20,True,True,0.2531867027282715,265,17.912598749058812,17.665449937241224,0.013990518933602925,0,0.16491007091040197,0.06397155242491825,0,0,0,0,False,,,,,"{""profile_name"": ""complex_d03"", ""map_seed"": 20370620, ""query_seed"": 20371620, ""evaluation_path_source"": ""trace_poses"", ""planner_path_pose_count"": 52, ""evaluation_path_pose_count"": 182}"
complex_s01_q0010,ss_rrt,Complex,d16_20,True,True,0.43916700000409037,206,19.763962083402248,17.665449937241224,0.11879188775922822,0,0.3919767882636595,0.09336685535463107,0,0,0,0,False,,,,,"{""profile_name"": ""complex_d03"", ""map_seed"": 20370620, ""query_seed"": 20371620, ""rrt_iterations"": 407, ""evaluation_path_source"": ""planner_path"", ""planner_path_pose_count"": 255, ""evaluation_path_pose_count"": 255}"
complex_s01_q0011,vanilla_ha,Complex,d20_inf,False,False,2.5003886222839355,3590,,,,0,,,0,0,0,0,False,,,,timeout,"{""profile_name"": ""complex_d04"", ""map_seed"": 20370620, ""query_seed"": 20371621, ""evaluation_path_source"": ""planner_path"", ""planner_path_pose_count"": 0, ""evaluation_path_pose_count"": 0}"
complex_s01_q0011,f_n3p_knn,Complex,d20_inf,True,True,0.032665649996488355,0,26.75838520980408,,,0,0.06587273123569708,0.1770346949453212,0,15,0,0,True,1,3,0.3333333333333333,,"{""profile_name"": ""complex_d04"", ""map_seed"": 20370620, ""query_seed"": 20371621}"
complex_s01_q0011,n3p_k1,Complex,d20_inf,True,True,0.168001252997783,1,26.643089476035218,,,0,0.022613079375758675,0.07647601563014061,0,0,1,0,True,1,1,1.0,,"{""profile_name"": ""complex_d04"", ""map_seed"": 20370620, ""query_seed"": 20371621}"
complex_s01_q0011,voronoi_waypoint,Complex,d20_inf,True,True,0.9697836460036342,70,28.29720063005923,,,0,0.22465449247563976,0.09087638017255817,0,0,0,0,False,,,,,"{""profile_name"": ""complex_d04"", ""map_seed"": 20370620, ""query_seed"": 20371621, ""waypoint_count"": 5}"
complex_s01_q0011,bottleneck_waypoint,Complex,d20_inf,True,True,0.7677972050005337,5,26.922151908983217,,,0,0.11153961346703636,0.1759595708797822,0,0,0,0,False,,,,,"{""profile_name"": ""complex_d04"", ""map_seed"": 20370620, ""query_seed"": 20371621, ""waypoint_count"": 4, ""bottleneck_count"": 4}"
complex_s01_q0011,improved_ha,Complex,d20_inf,False,False,2.5001187324523926,3540,,,,0,,,0,0,0,0,False,,,,timeout,"{""profile_name"": ""complex_d04"", ""map_seed"": 20370620, ""query_seed"": 20371621, ""evaluation_path_source"": ""planner_path"", ""planner_path_pose_count"": 0, ""evaluation_path_pose_count"": 0}"
complex_s01_q0011,lo_ha,Complex,d20_inf,True,True,0.23108887672424316,251,27.179919816357113,,,0,0.16090727721266748,0.0750785030508635,0,0,0,0,False,,,,,"{""profile_name"": ""complex_d04"", ""map_seed"": 20370620, ""query_seed"": 20371621, ""evaluation_path_source"": ""trace_poses"", ""planner_path_pose_count"": 74, ""evaluation_path_pose_count"": 275}"
complex_s01_q0011,ss_rrt,Complex,d20_inf,True,True,0.6789602280041436,736,26.810538629694445,,,0,0.2309547023958236,0.13741169363939998,0,0,0,0,False,,,,,"{""profile_name"": ""complex_d04"", ""map_seed"": 20370620, ""query_seed"": 20371621, ""rrt_iterations"": 267, ""evaluation_path_source"": ""planner_path"", ""planner_path_pose_count"": 335, ""evaluation_path_pose_count"": 335}"
complex_s01_q0012,vanilla_ha,Complex,d08_12,True,True,0.20657587051391602,81,10.359346638310068,,,0,0.2259340300036699,0.16860450169928076,0,0,0,0,False,,,,,"{""profile_name"": ""complex_d02"", ""map_seed"": 20370620, ""query_seed"": 20371622, ""evaluation_path_source"": ""trace_poses"", ""planner_path_pose_count"": 21, ""evaluation_path_pose_count"": 106}"
complex_s01_q0012,f_n3p_knn,Complex,d08_12,True,True,0.01159183799609309,0,10.377810227959392,10.359346638310068,0.0017823121760442984,0,0.07089130647304717,0.22999733298095715,0,3,0,0,True,0,1,0.0,,"{""profile_name"": ""complex_d02"", ""map_seed"": 20370620, ""query_seed"": 20371622}"
complex_s01_q0012,n3p_k1,Complex,d08_12,True,True,0.32845876600185875,191,10.381601554868668,10.359346638310068,0.002148293452822525,0,0.3040924687293473,0.07359417487917075,0,0,1,0,True,0,0,,,"{""profile_name"": ""complex_d02"", ""map_seed"": 20370620, ""query_seed"": 20371622}"
complex_s01_q0012,voronoi_waypoint,Complex,d08_12,True,True,0.3339150139945559,2,10.72536402310935,10.359346638310068,0.03533209164424589,0,0.12196086620891246,0.1870489220001068,0,0,0,0,False,,,,,"{""profile_name"": ""complex_d02"", ""map_seed"": 20370620, ""query_seed"": 20371622, ""waypoint_count"": 1}"
complex_s01_q0012,bottleneck_waypoint,Complex,d08_12,True,True,0.47450955299427733,3,10.80134199090586,10.359346638310068,0.042666334859501776,0,0.2381384300889391,0.876315643878357,0,0,0,0,False,,,,,"{""profile_name"": ""complex_d02"", ""map_seed"": 20370620, ""query_seed"": 20371622, ""waypoint_count"": 2, ""bottleneck_count"": 2}"
complex_s01_q0012,improved_ha,Complex,d08_12,True,True,0.2074730396270752,81,10.359346638310068,10.359346638310068,0.0,0,0.2259340300036699,0.16860450169928076,0,0,0,0,False,,,,,"{""profile_name"": ""complex_d02"", ""map_seed"": 20370620, ""query_seed"": 20371622, ""evaluation_path_source"": ""trace_poses"", ""planner_path_pose_count"": 21, ""evaluation_path_pose_count"": 106}"
complex_s01_q0012,lo_ha,Complex,d08_12,True,True,0.15538907051086426,22,10.499072767943643,10.359346638310068,0.013487928776980018,0,0.16192983369364664,0.07379488089960351,0,0,0,0,False,,,,,"{""profile_name"": ""complex_d02"", ""map_seed"": 20370620, ""query_seed"": 20371622, ""evaluation_path_source"": ""trace_poses"", ""planner_path_pose_count"": 24, ""evaluation_path_pose_count"": 108}"
complex_s01_q0012,ss_rrt,Complex,d08_12,True,True,0.17597281799680786,64,10.6361043953,10.359346638310068,0.026715754057929697,0,0.2518294548882005,0.09697092637073168,0,0,0,0,False,,,,,"{""profile_name"": ""complex_d02"", ""map_seed"": 20370620, ""query_seed"": 20371622, ""rrt_iterations"": 101, ""evaluation_path_source"": ""planner_path"", ""planner_path_pose_count"": 139, ""evaluation_path_pose_count"": 139}"
complex_s01_q0013,vanilla_ha,Complex,d12_16,True,True,0.2646646499633789,233,13.897965018791636,,,1,0.14944518583404923,0.07110641824554587,0,0,0,0,False,,,,,"{""profile_name"": ""complex_d03"", ""map_seed"": 20370620, ""query_seed"": 20371623, ""evaluation_path_source"": ""trace_poses"", ""planner_path_pose_count"": 17, ""evaluation_path_pose_count"": 142}"
complex_s01_q0013,f_n3p_knn,Complex,d12_16,True,True,0.027095729994471185,0,14.629678889847423,13.897965018791636,0.052648993580457715,1,0.2688216091917616,0.10680952853070114,0,2,0,0,True,1,3,0.3333333333333333,,"{""profile_name"": ""complex_d03"", ""map_seed"": 20370620, ""query_seed"": 20371623}"
complex_s01_q0013,n3p_k1,Complex,d12_16,True,True,0.27063616899977205,233,13.897965018791636,13.897965018791636,0.0,1,0.14944518583404928,0.07110641824554587,0,0,1,0,True,0,0,,,"{""profile_name"": ""complex_d03"", ""map_seed"": 20370620, ""query_seed"": 20371623}"
complex_s01_q0013,voronoi_waypoint,Complex,d12_16,True,True,0.6209742370047024,180,15.019277052672608,13.897965018791636,0.08068174242522774,1,0.26256778287636867,0.12626591096278683,0,0,0,0,False,,,,,"{""profile_name"": ""complex_d03"", ""map_seed"": 20370620, ""query_seed"": 20371623, ""waypoint_count"": 2}"
complex_s01_q0013,bottleneck_waypoint,Complex,d12_16,True,True,0.6177822440004093,4,15.980336589860988,13.897965018791636,0.14983284014988874,1,0.3263478741715194,0.41067991614973576,0,0,0,0,False,,,,,"{""profile_name"": ""complex_d03"", ""map_seed"": 20370620, ""query_seed"": 20371623, ""waypoint_count"": 3, ""bottleneck_count"": 3}"
complex_s01_q0013,improved_ha,Complex,d12_16,True,True,0.26461195945739746,233,13.897965018791636,13.897965018791636,0.0,1,0.14944518583404923,0.07110641824554587,0,0,0,0,False,,,,,"{""profile_name"": ""complex_d03"", ""map_seed"": 20370620, ""query_seed"": 20371623, ""evaluation_path_source"": ""trace_poses"", ""planner_path_pose_count"": 17, ""evaluation_path_pose_count"": 142}"
complex_s01_q0013,lo_ha,Complex,d12_16,True,True,0.2063579559326172,177,13.918843656015484,13.897965018791636,0.0015022801680402154,1,0.12932108761937766,0.05662464286568958,0,0,0,0,False,,,,,"{""profile_name"": ""complex_d03"", ""map_seed"": 20370620, ""query_seed"": 20371623, ""evaluation_path_source"": ""trace_poses"", ""planner_path_pose_count"": 18, ""evaluation_path_pose_count"": 142}"
complex_s01_q0013,ss_rrt,Complex,d12_16,False,False,0.8509698100024252,16,,13.897965018791636,,0,,,0,0,0,0,False,,,,iteration_budget_exhausted,"{""profile_name"": ""complex_d03"", ""map_seed"": 20370620, ""query_seed"": 20371623, ""rrt_iterations"": 3000, ""evaluation_path_source"": ""planner_path"", ""planner_path_pose_count"": 0, ""evaluation_path_pose_count"": 0}"
complex_s01_q0014,vanilla_ha,Complex,d16_20,True,True,0.8756289482116699,1039,19.813551214815245,,,0,0.33559141618186816,0.06509568880901206,0,0,0,0,False,,,,,"{""profile_name"": ""complex_d04"", ""map_seed"": 20370620, ""query_seed"": 20371624, ""evaluation_path_source"": ""trace_poses"", ""planner_path_pose_count"": 66, ""evaluation_path_pose_count"": 201}"
complex_s01_q0014,f_n3p_knn,Complex,d16_20,True,True,0.03407297599915182,0,23.7574143627769,19.813551214815245,0.19904877753629036,1,0.18468007292019153,0.07812473366909456,0,1,0,0,True,3,4,0.75,,"{""profile_name"": ""complex_d04"", ""map_seed"": 20370620, ""query_seed"": 20371624}"
complex_s01_q0014,n3p_k1,Complex,d16_20,True,True,0.8179058319947217,595,21.382446223772895,19.813551214815245,0.07918292848909059,2,0.1765541247164077,0.06050236790048247,0,0,1,0,True,2,2,1.0,,"{""profile_name"": ""complex_d04"", ""map_seed"": 20370620, ""query_seed"": 20371624}"
complex_s01_q0014,voronoi_waypoint,Complex,d16_20,True,True,0.7883258810034022,32,21.43596949552824,19.813551214815245,0.08188427521765296,0,0.3911562728896953,0.0719848233799456,0,0,0,0,False,,,,,"{""profile_name"": ""complex_d04"", ""map_seed"": 20370620, ""query_seed"": 20371624, ""waypoint_count"": 4}"
complex_s01_q0014,bottleneck_waypoint,Complex,d16_20,True,True,0.8159330030030105,43,20.982177706773562,19.813551214815245,0.05898117300065309,2,0.3611684389243519,0.06652096302718091,0,0,0,0,False,,,,,"{""profile_name"": ""complex_d04"", ""map_seed"": 20370620, ""query_seed"": 20371624, ""waypoint_count"": 4, ""bottleneck_count"": 4}"
complex_s01_q0014,improved_ha,Complex,d16_20,True,True,0.8761036396026611,1039,19.813551214815245,19.813551214815245,0.0,0,0.33559141618186816,0.06509568880901206,0,0,0,0,False,,,,,"{""profile_name"": ""complex_d04"", ""map_seed"": 20370620, ""query_seed"": 20371624, ""evaluation_path_source"": ""trace_poses"", ""planner_path_pose_count"": 66, ""evaluation_path_pose_count"": 201}"
complex_s01_q0014,lo_ha,Complex,d16_20,True,True,0.24761128425598145,259,19.59724293990397,19.813551214815245,-0.010917188572916348,0,0.16052861026870835,0.06624313107942881,0,0,0,0,False,,,,,"{""profile_name"": ""complex_d04"", ""map_seed"": 20370620, ""query_seed"": 20371624, ""evaluation_path_source"": ""trace_poses"", ""planner_path_pose_count"": 65, ""evaluation_path_pose_count"": 199}"
complex_s01_q0014,ss_rrt,Complex,d16_20,True,True,0.2667309840035159,85,21.09752259410386,19.813551214815245,0.06480268808796619,0,0.35726686714317357,0.061677684328319604,0,0,0,0,False,,,,,"{""profile_name"": ""complex_d04"", ""map_seed"": 20370620, ""query_seed"": 20371624, ""rrt_iterations"": 107, ""evaluation_path_source"": ""planner_path"", ""planner_path_pose_count"": 261, ""evaluation_path_pose_count"": 261}"
complex_s01_q0015,vanilla_ha,Complex,d20_inf,True,True,0.6979808807373047,1313,21.982258148408583,,,0,0.04357245325982878,0.1038069249117678,0,0,0,0,False,,,,,"{""profile_name"": ""complex_d02"", ""map_seed"": 20370621, ""query_seed"": 20371621, ""evaluation_path_source"": ""trace_poses"", ""planner_path_pose_count"": 19, ""evaluation_path_pose_count"": 222}"
complex_s01_q0015,f_n3p_knn,Complex,d20_inf,True,True,0.04387288200086914,0,28.009335553627352,21.982258148408583,0.2741791750660112,2,0.21283320977346723,0.14787879038673968,0,9,0,0,True,1,5,0.2,,"{""profile_name"": ""complex_d02"", ""map_seed"": 20370621, ""query_seed"": 20371621}"
complex_s01_q0015,n3p_k1,Complex,d20_inf,True,True,0.7000606059955317,1313,21.982258148408583,21.982258148408583,0.0,0,0.04357245325982878,0.1038069249117678,0,0,1,0,True,0,0,,,"{""profile_name"": ""complex_d02"", ""map_seed"": 20370621, ""query_seed"": 20371621}"
complex_s01_q0015,voronoi_waypoint,Complex,d20_inf,True,True,0.7703478129988071,5,23.25126688302642,21.982258148408583,0.05772877044980507,0,0.1977540831824339,1.1667332466787035,0,0,0,0,False,,,,,"{""profile_name"": ""complex_d02"", ""map_seed"": 20370621, ""query_seed"": 20371621, ""waypoint_count"": 4}"
complex_s01_q0015,bottleneck_waypoint,Complex,d20_inf,True,True,0.7740094710025005,5,22.919081466994843,21.982258148408583,0.04261724670238576,0,0.20111193099820227,1.1667332466787035,0,0,0,0,False,,,,,"{""profile_name"": ""complex_d02"", ""map_seed"": 20370621, ""query_seed"": 20371621, ""waypoint_count"": 4, ""bottleneck_count"": 4}"
complex_s01_q0015,improved_ha,Complex,d20_inf,True,True,0.7009015083312988,1313,21.982258148408583,21.982258148408583,0.0,0,0.04357245325982878,0.1038069249117678,0,0,0,0,False,,,,,"{""profile_name"": ""complex_d02"", ""map_seed"": 20370621, ""query_seed"": 20371621, ""evaluation_path_source"": ""trace_poses"", ""planner_path_pose_count"": 19, ""evaluation_path_pose_count"": 222}"
complex_s01_q0015,lo_ha,Complex,d20_inf,True,True,0.3755357265472412,553,22.032450800037044,21.982258148408583,0.0022833255477938685,0,0.05816102890815329,0.10808605646040048,0,0,0,0,False,,,,,"{""profile_name"": ""complex_d02"", ""map_seed"": 20370621, ""query_seed"": 20371621, ""evaluation_path_source"": ""trace_poses"", ""planner_path_pose_count"": 23, ""evaluation_path_pose_count"": 222}"
complex_s01_q0015,ss_rrt,Complex,d20_inf,True,True,0.12202888100000564,62,22.03920619646223,21.982258148408583,0.002590636852191297,0,0.17635543986248678,0.21715082480176418,0,0,0,0,False,,,,,"{""profile_name"": ""complex_d02"", ""map_seed"": 20370621, ""query_seed"": 20371621, ""rrt_iterations"": 48, ""evaluation_path_source"": ""planner_path"", ""planner_path_pose_count"": 277, ""evaluation_path_pose_count"": 277}"
complex_s01_q0016,vanilla_ha,Complex,d08_12,True,True,0.18731355667114258,58,9.464891787227865,,,0,0.29823219891876246,0.07537463536283262,0,0,0,0,False,,,,,"{""profile_name"": ""complex_d03"", ""map_seed"": 20370621, ""query_seed"": 20371622, ""evaluation_path_source"": ""trace_poses"", ""planner_path_pose_count"": 21, ""evaluation_path_pose_count"": 97}"
complex_s01_q0016,f_n3p_knn,Complex,d08_12,True,True,0.02685507900605444,0,9.478364608467865,9.464891787227865,0.001423452221416932,0,0.2571488723573953,0.10836856145255325,0,9,0,0,True,0,3,0.0,,"{""profile_name"": ""complex_d03"", ""map_seed"": 20370621, ""query_seed"": 20371622}"
complex_s01_q0016,n3p_k1,Complex,d08_12,True,True,0.35910942899499787,247,9.047940323354425,9.464891787227865,-0.0440524279882506,0,0.4951332438525556,0.09014354746380016,0,0,1,0,True,0,0,,,"{""profile_name"": ""complex_d03"", ""map_seed"": 20370621, ""query_seed"": 20371622}"
complex_s01_q0016,voronoi_waypoint,Complex,d08_12,True,True,0.5535824059988954,240,10.067815239051377,9.464891787227865,0.06370104015738565,1,0.3973862051186872,0.07074028601082516,0,0,0,0,False,,,,,"{""profile_name"": ""complex_d03"", ""map_seed"": 20370621, ""query_seed"": 20371622, ""waypoint_count"": 1}"
complex_s01_q0016,bottleneck_waypoint,Complex,d08_12,True,True,0.48086957400664687,3,11.852695233701649,9.464891787227865,0.25228005772828155,3,0.46391274355740497,0.47115770495118137,0,0,0,0,False,,,,,"{""profile_name"": ""complex_d03"", ""map_seed"": 20370621, ""query_seed"": 20371622, ""waypoint_count"": 2, ""bottleneck_count"": 2}"
complex_s01_q0016,improved_ha,Complex,d08_12,True,True,0.20790386199951172,58,9.464891787227865,9.464891787227865,0.0,0,0.29823219891876246,0.07537463536283262,0,0,0,0,False,,,,,"{""profile_name"": ""complex_d03"", ""map_seed"": 20370621, ""query_seed"": 20371622, ""evaluation_path_source"": ""trace_poses"", ""planner_path_pose_count"": 21, ""evaluation_path_pose_count"": 97}"
complex_s01_q0016,lo_ha,Complex,d08_12,True,True,0.20046234130859375,97,9.006651187066204,9.464891787227865,-0.04841477435378827,0,0.2823444641293824,0.07430055042578809,0,0,0,0,False,,,,,"{""profile_name"": ""complex_d03"", ""map_seed"": 20370621, ""query_seed"": 20371622, ""evaluation_path_source"": ""trace_poses"", ""planner_path_pose_count"": 25, ""evaluation_path_pose_count"": 92}"
complex_s01_q0016,ss_rrt,Complex,d08_12,False,False,2.5007915690002847,3243,,9.464891787227865,,0,,,0,0,0,0,False,,,,timeout,"{""profile_name"": ""complex_d03"", ""map_seed"": 20370621, ""query_seed"": 20371622, ""rrt_iterations"": 1220, ""evaluation_path_source"": ""planner_path"", ""planner_path_pose_count"": 0, ""evaluation_path_pose_count"": 0}"
complex_s01_q0017,vanilla_ha,Complex,d12_16,True,True,1.4937963485717773,1765,12.362262577791798,,,0,0.22414989718534148,0.09203043256538723,0,0,0,0,False,,,,,"{""profile_name"": ""complex_d04"", ""map_seed"": 20370621, ""query_seed"": 20371623, ""evaluation_path_source"": ""trace_poses"", ""planner_path_pose_count"": 28, ""evaluation_path_pose_count"": 127}"
complex_s01_q0017,f_n3p_knn,Complex,d12_16,True,True,0.020716370003356133,0,12.165358193272088,12.362262577791798,-0.015927859749026774,0,0.08355196259944515,0.13105802029603453,0,15,0,0,True,1,2,0.5,,"{""profile_name"": ""complex_d04"", ""map_seed"": 20370621, ""query_seed"": 20371623}"
complex_s01_q0017,n3p_k1,Complex,d12_16,True,True,0.16509254099946702,4,12.105711731574235,12.362262577791798,-0.020752742032712046,0,0.06298561638210115,0.11314858210902767,0,0,1,0,True,1,1,1.0,,"{""profile_name"": ""complex_d04"", ""map_seed"": 20370621, ""query_seed"": 20371623}"
complex_s01_q0017,voronoi_waypoint,Complex,d12_16,True,True,0.47547535299963783,3,15.9374458363117,12.362262577791798,0.28920136876420544,0,0.2989725169258004,0.09261601909901307,0,0,0,0,False,,,,,"{""profile_name"": ""complex_d04"", ""map_seed"": 20370621, ""query_seed"": 20371623, ""waypoint_count"": 2}"
complex_s01_q0017,bottleneck_waypoint,Complex,d12_16,True,True,0.3387613689992577,2,13.69248144663896,12.362262577791798,0.10760318837077887,0,0.1690561262879798,0.5508602628964563,0,0,0,0,False,,,,,"{""profile_name"": ""complex_d04"", ""map_seed"": 20370621, ""query_seed"": 20371623, ""waypoint_count"": 1, ""bottleneck_count"": 1}"
complex_s01_q0017,improved_ha,Complex,d12_16,True,True,1.4914088249206543,1765,12.362262577791798,12.362262577791798,0.0,0,0.22414989718534148,0.09203043256538723,0,0,0,0,False,,,,,"{""profile_name"": ""complex_d04"", ""map_seed"": 20370621, ""query_seed"": 20371623, ""evaluation_path_source"": ""trace_poses"", ""planner_path_pose_count"": 28, ""evaluation_path_pose_count"": 127}"
complex_s01_q0017,lo_ha,Complex,d12_16,True,True,0.1988370418548584,109,12.106051578844859,12.362262577791798,-0.020725251331193184,0,0.06352560855604757,0.08374404632938859,0,0,0,0,False,,,,,"{""profile_name"": ""complex_d04"", ""map_seed"": 20370621, ""query_seed"": 20371623, ""evaluation_path_source"": ""trace_poses"", ""planner_path_pose_count"": 33, ""evaluation_path_pose_count"": 123}"
complex_s01_q0017,ss_rrt,Complex,d12_16,True,True,0.09458158299821662,45,11.998993838476745,12.362262577791798,-0.029385295533816636,0,0.2522102512457339,0.10579733336693276,0,0,0,0,False,,,,,"{""profile_name"": ""complex_d04"", ""map_seed"": 20370621, ""query_seed"": 20371623, ""rrt_iterations"": 37, ""evaluation_path_source"": ""planner_path"", ""planner_path_pose_count"": 147, ""evaluation_path_pose_count"": 147}"
complex_s01_q0018,vanilla_ha,Complex,d16_20,True,True,0.8841574192047119,1141,18.744988374606255,,,0,0.22160418811057903,0.062240205500077805,0,0,0,0,False,,,,,"{""profile_name"": ""complex_d02"", ""map_seed"": 20370621, ""query_seed"": 20371624, ""evaluation_path_source"": ""trace_poses"", ""planner_path_pose_count"": 44, ""evaluation_path_pose_count"": 189}"
complex_s01_q0018,f_n3p_knn,Complex,d16_20,True,True,1.3992341109988047,1428,18.744988374606255,18.744988374606255,0.0,0,0.22160418811057903,0.062240205500077805,0,25,1,1,True,1,4,0.25,,"{""profile_name"": ""complex_d02"", ""map_seed"": 20370621, ""query_seed"": 20371624}"
complex_s01_q0018,n3p_k1,Complex,d16_20,True,True,0.39656609099620255,138,18.158469653932613,18.744988374606255,-0.031289361665766346,0,0.25804552967190464,0.07032832490452279,0,0,2,0,True,0,0,,,"{""profile_name"": ""complex_d02"", ""map_seed"": 20370621, ""query_seed"": 20371624}"
complex_s01_q0018,voronoi_waypoint,Complex,d16_20,True,True,0.6112474359979387,4,18.64363814116071,18.744988374606255,-0.005406790947005469,0,0.13715562664696776,0.07330407459761679,0,0,0,0,False,,,,,"{""profile_name"": ""complex_d02"", ""map_seed"": 20370621, ""query_seed"": 20371624, ""waypoint_count"": 3}"
complex_s01_q0018,bottleneck_waypoint,Complex,d16_20,True,True,0.47456979299749946,3,18.58842435690897,18.744988374606255,-0.008352313406039813,0,0.11802257760071479,0.07316722608637138,0,0,0,0,False,,,,,"{""profile_name"": ""complex_d02"", ""map_seed"": 20370621, ""query_seed"": 20371624, ""waypoint_count"": 2, ""bottleneck_count"": 2}"
complex_s01_q0018,improved_ha,Complex,d16_20,True,True,0.8858921527862549,1141,18.744988374606255,18.744988374606255,0.0,0,0.22160418811057903,0.062240205500077805,0,0,0,0,False,,,,,"{""profile_name"": ""complex_d02"", ""map_seed"": 20370621, ""query_seed"": 20371624, ""evaluation_path_source"": ""trace_poses"", ""planner_path_pose_count"": 44, ""evaluation_path_pose_count"": 189}"
complex_s01_q0018,lo_ha,Complex,d16_20,True,True,0.16658782958984375,56,18.009025794328895,18.744988374606255,-0.039261831779760614,0,0.10503895156155163,0.07203671538578893,0,0,0,0,False,,,,,"{""profile_name"": ""complex_d02"", ""map_seed"": 20370621, ""query_seed"": 20371624, ""evaluation_path_source"": ""trace_poses"", ""planner_path_pose_count"": 41, ""evaluation_path_pose_count"": 182}"
complex_s01_q0018,ss_rrt,Complex,d16_20,False,False,2.5000034810000216,993,,18.744988374606255,,0,,,0,0,0,0,False,,,,timeout,"{""profile_name"": ""complex_d02"", ""map_seed"": 20370621, ""query_seed"": 20371624, ""rrt_iterations"": 1796, ""evaluation_path_source"": ""planner_path"", ""planner_path_pose_count"": 0, ""evaluation_path_pose_count"": 0}"
complex_s01_q0019,vanilla_ha,Complex,d20_inf,True,True,0.30191659927368164,218,22.768635096496197,,,0,0.2679017457312682,0.2193531460193736,0,0,0,0,False,,,,,"{""profile_name"": ""complex_d03"", ""map_seed"": 20370621, ""query_seed"": 20371625, ""evaluation_path_source"": ""trace_poses"", ""planner_path_pose_count"": 50, ""evaluation_path_pose_count"": 231}"
complex_s01_q0019,f_n3p_knn,Complex,d20_inf,True,True,0.014473961004114244,0,23.13447161564699,22.768635096496197,0.01606756477058613,0,0.07288018178785333,0.28251712473350277,0,0,0,0,False,2,2,1.0,,"{""profile_name"": ""complex_d03"", ""map_seed"": 20370621, ""query_seed"": 20371625}"
complex_s01_q0019,n3p_k1,Complex,d20_inf,True,True,0.013058671000180766,0,23.13447161564699,22.768635096496197,0.01606756477058613,0,0.07288018178785333,0.28251712473350277,0,0,0,0,False,2,2,1.0,,"{""profile_name"": ""complex_d03"", ""map_seed"": 20370621, ""query_seed"": 20371625}"
complex_s01_q0019,voronoi_waypoint,Complex,d20_inf,True,True,0.7644584459994803,5,23.922947731613977,22.768635096496197,0.05069748934117757,0,0.23605474196113713,0.34432844483378255,0,0,0,0,False,,,,,"{""profile_name"": ""complex_d03"", ""map_seed"": 20370621, ""query_seed"": 20371625, ""waypoint_count"": 4}"
complex_s01_q0019,bottleneck_waypoint,Complex,d20_inf,True,True,0.625746532001358,4,22.535720518029123,22.768635096496197,-0.010229624107020663,0,0.09446862316826139,0.5508124629762032,0,0,0,0,False,,,,,"{""profile_name"": ""complex_d03"", ""map_seed"": 20370621, ""query_seed"": 20371625, ""waypoint_count"": 3, ""bottleneck_count"": 3}"
complex_s01_q0019,improved_ha,Complex,d20_inf,True,True,0.30449676513671875,218,22.768635096496197,22.768635096496197,0.0,0,0.2679017457312682,0.2193531460193736,0,0,0,0,False,,,,,"{""profile_name"": ""complex_d03"", ""map_seed"": 20370621, ""query_seed"": 20371625, ""evaluation_path_source"": ""trace_poses"", ""planner_path_pose_count"": 50, ""evaluation_path_pose_count"": 231}"
complex_s01_q0019,lo_ha,Complex,d20_inf,True,True,0.17609477043151855,56,22.24896605639229,22.768635096496197,-0.022823899539936687,0,0.03755209343217329,0.07839239525434039,0,0,0,0,False,,,,,"{""profile_name"": ""complex_d03"", ""map_seed"": 20370621, ""query_seed"": 20371625, ""evaluation_path_source"": ""trace_poses"", ""planner_path_pose_count"": 59, ""evaluation_path_pose_count"": 225}"
complex_s01_q0019,ss_rrt,Complex,d20_inf,True,True,0.22161593799683033,83,22.559223248209776,22.768635096496197,-0.009197382601061066,0,0.15005919203454418,0.19890743701835711,0,0,0,0,False,,,,,"{""profile_name"": ""complex_d03"", ""map_seed"": 20370621, ""query_seed"": 20371625, ""rrt_iterations"": 94, ""evaluation_path_source"": ""planner_path"", ""planner_path_pose_count"": 279, ""evaluation_path_pose_count"": 279}"
complex_s02_q0020,vanilla_ha,Complex,d08_12,True,True,0.8970000743865967,887,12.487409635552703,,,0,0.4499524000774535,0.06782004841245581,0,0,0,0,False,,,,,"{""profile_name"": ""complex_d04"", ""map_seed"": 20380620, ""query_seed"": 20381620, ""evaluation_path_source"": ""trace_poses"", ""planner_path_pose_count"": 36, ""evaluation_path_pose_count"": 127}"
complex_s02_q0020,f_n3p_knn,Complex,d08_12,True,True,0.04954519299644744,0,15.754550764199248,12.487409635552703,0.26163481650707765,2,0.33497340606870163,0.07416232502360998,0,0,0,0,False,6,6,1.0,,"{""profile_name"": ""complex_d04"", ""map_seed"": 20380620, ""query_seed"": 20381620}"
complex_s02_q0020,n3p_k1,Complex,d08_12,True,True,0.04127346700261114,0,15.754550764199248,12.487409635552703,0.26163481650707765,2,0.33497340606870163,0.07416232502360998,0,0,0,0,False,6,6,1.0,,"{""profile_name"": ""complex_d04"", ""map_seed"": 20380620, ""query_seed"": 20381620}"
complex_s02_q0020,voronoi_waypoint,Complex,d08_12,False,False,2.1927161769999657,2156,4.437775663191835,12.487409635552703,,0,0.32145754417635347,0.28377197824933764,0,0,0,0,False,,,,segment_failed:timeout,"{""profile_name"": ""complex_d04"", ""map_seed"": 20380620, ""query_seed"": 20381620, ""waypoint_count"": 2}"
complex_s02_q0020,bottleneck_waypoint,Complex,d08_12,True,True,0.6330740190023789,22,13.416877590352282,12.487409635552703,0.07443240687430519,1,0.4275486343214233,0.05053088131245814,0,0,0,0,False,,,,,"{""profile_name"": ""complex_d04"", ""map_seed"": 20380620, ""query_seed"": 20381620, ""waypoint_count"": 3, ""bottleneck_count"": 3}"
complex_s02_q0020,improved_ha,Complex,d08_12,True,True,0.8935487270355225,887,12.487409635552703,12.487409635552703,0.0,0,0.4499524000774535,0.06782004841245581,0,0,0,0,False,,,,,"{""profile_name"": ""complex_d04"", ""map_seed"": 20380620, ""query_seed"": 20381620, ""evaluation_path_source"": ""trace_poses"", ""planner_path_pose_count"": 36, ""evaluation_path_pose_count"": 127}"
complex_s02_q0020,lo_ha,Complex,d08_12,True,True,0.7062211036682129,1031,12.536906477881097,12.487409635552703,0.0039637397805443175,1,0.2805446330480585,0.06502382973378984,0,0,0,0,False,,,,,"{""profile_name"": ""complex_d04"", ""map_seed"": 20380620, ""query_seed"": 20381620, ""evaluation_path_source"": ""trace_poses"", ""planner_path_pose_count"": 39, ""evaluation_path_pose_count"": 127}"
complex_s02_q0020,ss_rrt,Complex,d08_12,True,True,0.21022271699621342,95,16.291677391044587,12.487409635552703,0.30464827106022163,0,0.42660047576470495,0.07931625423988042,0,0,0,0,False,,,,,"{""profile_name"": ""complex_d04"", ""map_seed"": 20380620, ""query_seed"": 20381620, ""rrt_iterations"": 209, ""evaluation_path_source"": ""planner_path"", ""planner_path_pose_count"": 197, ""evaluation_path_pose_count"": 197}"
complex_s02_q0021,vanilla_ha,Complex,d12_16,True,True,0.8221135139465332,817,16.115830100639617,,,1,0.36404082391894343,0.07255889639929214,0,0,0,0,False,,,,,"{""profile_name"": ""complex_d02"", ""map_seed"": 20380620, ""query_seed"": 20381621, ""evaluation_path_source"": ""trace_poses"", ""planner_path_pose_count"": 50, ""evaluation_path_pose_count"": 163}"
complex_s02_q0021,f_n3p_knn,Complex,d12_16,True,True,0.21852527499868302,39,16.118244548232028,16.115830100639617,0.0001498183821331267,3,0.285158514959877,0.08232408517032952,0,21,1,0,True,1,2,0.5,,"{""profile_name"": ""complex_d02"", ""map_seed"": 20380620, ""query_seed"": 20381621}"
complex_s02_q0021,n3p_k1,Complex,d12_16,True,True,0.8577843140010373,761,15.536561840284666,16.115830100639617,-0.03594405356333219,0,0.22843229046696253,0.06238661560399622,0,0,1,0,True,1,1,1.0,,"{""profile_name"": ""complex_d02"", ""map_seed"": 20380620, ""query_seed"": 20381621}"
complex_s02_q0021,voronoi_waypoint,Complex,d12_16,True,True,0.6875212989980355,227,16.41052303479946,16.115830100639617,0.018285929568601533,1,0.2425186891546232,0.06726983436247835,0,0,0,0,False,,,,,"{""profile_name"": ""complex_d02"", ""map_seed"": 20380620, ""query_seed"": 20381621, ""waypoint_count"": 2}"
complex_s02_q0021,bottleneck_waypoint,Complex,d12_16,True,True,0.6163270050019491,4,15.910892516610867,16.115830100639617,-0.012716539126372162,2,0.22579277207342413,0.0821759426416252,0,0,0,0,False,,,,,"{""profile_name"": ""complex_d02"", ""map_seed"": 20380620, ""query_seed"": 20381621, ""waypoint_count"": 3, ""bottleneck_count"": 3}"
complex_s02_q0021,improved_ha,Complex,d12_16,True,True,0.847055196762085,817,16.115830100639617,16.115830100639617,0.0,1,0.36404082391894343,0.07255889639929214,0,0,0,0,False,,,,,"{""profile_name"": ""complex_d02"", ""map_seed"": 20380620, ""query_seed"": 20381621, ""evaluation_path_source"": ""trace_poses"", ""planner_path_pose_count"": 50, ""evaluation_path_pose_count"": 163}"
complex_s02_q0021,lo_ha,Complex,d12_16,True,True,0.22368979454040527,131,15.585686913484956,16.115830100639617,-0.03289580392967906,0,0.15069927041428144,0.10873176287033548,0,0,0,0,False,,,,,"{""profile_name"": ""complex_d02"", ""map_seed"": 20380620, ""query_seed"": 20381621, ""evaluation_path_source"": ""trace_poses"", ""planner_path_pose_count"": 48, ""evaluation_path_pose_count"": 158}"
complex_s02_q0021,ss_rrt,Complex,d12_16,False,False,2.5043643500030157,2070,,16.115830100639617,,0,,,0,0,0,0,False,,,,timeout,"{""profile_name"": ""complex_d02"", ""map_seed"": 20380620, ""query_seed"": 20381621, ""rrt_iterations"": 1631, ""evaluation_path_source"": ""planner_path"", ""planner_path_pose_count"": 0, ""evaluation_path_pose_count"": 0}"
complex_s02_q0022,vanilla_ha,Complex,d16_20,True,True,0.5476136207580566,680,17.452008820478223,,,0,0.19493343308912076,0.06898974860788643,0,0,0,0,False,,,,,"{""profile_name"": ""complex_d03"", ""map_seed"": 20380620, ""query_seed"": 20381622, ""evaluation_path_source"": ""trace_poses"", ""planner_path_pose_count"": 32, ""evaluation_path_pose_count"": 177}"
complex_s02_q0022,f_n3p_knn,Complex,d16_20,True,True,0.026998919995094184,0,20.440473778473777,17.452008820478223,0.17123902404225722,5,0.2638036342515165,0.11970261631807166,0,11,0,0,True,2,3,0.6666666666666666,,"{""profile_name"": ""complex_d03"", ""map_seed"": 20380620, ""query_seed"": 20381622}"
complex_s02_q0022,n3p_k1,Complex,d16_20,True,True,1.6299925679995795,1285,18.77961490291498,17.452008820478223,0.07607182050463668,1,0.21981589072824553,0.06207391012487756,0,0,2,0,True,2,2,1.0,,"{""profile_name"": ""complex_d03"", ""map_seed"": 20380620, ""query_seed"": 20381622}"
complex_s02_q0022,voronoi_waypoint,Complex,d16_20,True,True,0.6370220590033568,22,19.896031203789757,17.452008820478223,0.14004246780139784,0,0.30721791342941457,0.08965939269325018,0,0,0,0,False,,,,,"{""profile_name"": ""complex_d03"", ""map_seed"": 20380620, ""query_seed"": 20381622, ""waypoint_count"": 3}"
complex_s02_q0022,bottleneck_waypoint,Complex,d16_20,True,True,0.7702968770026928,5,20.212983029475897,17.452008820478223,0.15820380549876534,1,0.323552488426261,0.17248412010031444,0,0,0,0,False,,,,,"{""profile_name"": ""complex_d03"", ""map_seed"": 20380620, ""query_seed"": 20381622, ""waypoint_count"": 4, ""bottleneck_count"": 4}"
complex_s02_q0022,improved_ha,Complex,d16_20,True,True,0.523188591003418,680,17.452008820478223,17.452008820478223,0.0,0,0.19493343308912076,0.06898974860788643,0,0,0,0,False,,,,,"{""profile_name"": ""complex_d03"", ""map_seed"": 20380620, ""query_seed"": 20381622, ""evaluation_path_source"": ""trace_poses"", ""planner_path_pose_count"": 32, ""evaluation_path_pose_count"": 177}"
complex_s02_q0022,lo_ha,Complex,d16_20,True,True,0.21482372283935547,201,17.732802498368514,17.452008820478223,0.01608947604706734,0,0.2254117566861715,0.06914375346358081,0,0,0,0,False,,,,,"{""profile_name"": ""complex_d03"", ""map_seed"": 20380620, ""query_seed"": 20381622, ""evaluation_path_source"": ""trace_poses"", ""planner_path_pose_count"": 25, ""evaluation_path_pose_count"": 179}"
complex_s02_q0022,ss_rrt,Complex,d16_20,False,False,2.507141858994146,993,,17.452008820478223,,0,,,0,0,0,0,False,,,,timeout,"{""profile_name"": ""complex_d03"", ""map_seed"": 20380620, ""query_seed"": 20381622, ""rrt_iterations"": 1715, ""evaluation_path_source"": ""planner_path"", ""planner_path_pose_count"": 0, ""evaluation_path_pose_count"": 0}"
complex_s02_q0023,vanilla_ha,Complex,d20_inf,False,False,2.5001466274261475,6653,,,,0,,,0,0,0,0,False,,,,timeout,"{""profile_name"": ""complex_d04"", ""map_seed"": 20380620, ""query_seed"": 20381623, ""evaluation_path_source"": ""planner_path"", ""planner_path_pose_count"": 0, ""evaluation_path_pose_count"": 0}"
complex_s02_q0023,f_n3p_knn,Complex,d20_inf,True,True,0.9819604779986548,779,29.40782871728127,,,4,0.26469174844539456,0.03683207335931826,0,66,1,0,True,0,7,0.0,,"{""profile_name"": ""complex_d04"", ""map_seed"": 20380620, ""query_seed"": 20381623}"
complex_s02_q0023,n3p_k1,Complex,d20_inf,True,True,1.329817263998848,963,29.102062752500363,,,1,0.26158433961366656,0.07593283549174501,0,0,3,0,True,2,2,1.0,,"{""profile_name"": ""complex_d04"", ""map_seed"": 20380620, ""query_seed"": 20381623}"
complex_s02_q0023,voronoi_waypoint,Complex,d20_inf,True,True,1.1014807079991442,216,28.763243538555127,,,0,0.23261557754888132,0.12685919460722161,0,0,0,0,False,,,,,"{""profile_name"": ""complex_d04"", ""map_seed"": 20380620, ""query_seed"": 20381623, ""waypoint_count"": 5}"
complex_s02_q0023,bottleneck_waypoint,Complex,d20_inf,True,True,0.9123716969988891,6,29.076296291129953,,,0,0.24905154950327207,0.1152501651457174,0,0,0,0,False,,,,,"{""profile_name"": ""complex_d04"", ""map_seed"": 20380620, ""query_seed"": 20381623, ""waypoint_count"": 5, ""bottleneck_count"": 5}"
complex_s02_q0023,improved_ha,Complex,d20_inf,False,False,2.500811815261841,6617,,,,0,,,0,0,0,0,False,,,,timeout,"{""profile_name"": ""complex_d04"", ""map_seed"": 20380620, ""query_seed"": 20381623, ""evaluation_path_source"": ""planner_path"", ""planner_path_pose_count"": 0, ""evaluation_path_pose_count"": 0}"
complex_s02_q0023,lo_ha,Complex,d20_inf,False,False,2.5001332759857178,6694,,,,0,,,0,0,0,0,False,,,,timeout,"{""profile_name"": ""complex_d04"", ""map_seed"": 20380620, ""query_seed"": 20381623, ""evaluation_path_source"": ""planner_path"", ""planner_path_pose_count"": 0, ""evaluation_path_pose_count"": 0}"
complex_s02_q0023,ss_rrt,Complex,d20_inf,True,True,0.4531847439939156,186,32.03185908392807,,,4,0.7456469964206482,0.10797394661331694,0,0,0,0,False,,,,,"{""profile_name"": ""complex_d04"", ""map_seed"": 20380620, ""query_seed"": 20381623, ""rrt_iterations"": 423, ""evaluation_path_source"": ""planner_path"", ""planner_path_pose_count"": 395, ""evaluation_path_pose_count"": 395}"
complex_s02_q0024,vanilla_ha,Complex,d08_12,True,True,2.3184025287628174,2925,9.593354155736819,,,0,0.17726382121220213,0.07106984546282258,0,0,0,0,False,,,,,"{""profile_name"": ""complex_d02"", ""map_seed"": 20380620, ""query_seed"": 20381624, ""evaluation_path_source"": ""trace_poses"", ""planner_path_pose_count"": 30, ""evaluation_path_pose_count"": 98}"
complex_s02_q0024,f_n3p_knn,Complex,d08_12,True,True,0.5056260569981532,359,9.71804885157322,9.593354155736819,0.012998029032612601,0,0.2867963726490625,0.10538840592715915,0,22,1,0,True,0,1,0.0,,"{""profile_name"": ""complex_d02"", ""map_seed"": 20380620, ""query_seed"": 20381624}"
complex_s02_q0024,n3p_k1,Complex,d08_12,True,True,3.1536501689988654,4226,9.593354155736819,9.593354155736819,0.0,0,0.17726382121220208,0.07106984546282258,0,0,1,1,True,0,0,,,"{""profile_name"": ""complex_d02"", ""map_seed"": 20380620, ""query_seed"": 20381624}"
complex_s02_q0024,voronoi_waypoint,Complex,d08_12,True,True,0.35224785299942596,26,9.801961880047884,9.593354155736819,0.02174502482912266,0,0.3580550072316606,0.09046534359804803,0,0,0,0,False,,,,,"{""profile_name"": ""complex_d02"", ""map_seed"": 20380620, ""query_seed"": 20381624, ""waypoint_count"": 1}"
complex_s02_q0024,bottleneck_waypoint,Complex,d08_12,True,True,0.46930626800167374,3,9.921628159835626,9.593354155736819,0.0342188976628679,2,0.2816350235697373,0.10859868673203232,0,0,0,0,False,,,,,"{""profile_name"": ""complex_d02"", ""map_seed"": 20380620, ""query_seed"": 20381624, ""waypoint_count"": 2, ""bottleneck_count"": 2}"
complex_s02_q0024,improved_ha,Complex,d08_12,True,True,2.3051300048828125,2925,9.593354155736819,9.593354155736819,0.0,0,0.17726382121220213,0.07106984546282258,0,0,0,0,False,,,,,"{""profile_name"": ""complex_d02"", ""map_seed"": 20380620, ""query_seed"": 20381624, ""evaluation_path_source"": ""trace_poses"", ""planner_path_pose_count"": 30, ""evaluation_path_pose_count"": 98}"
complex_s02_q0024,lo_ha,Complex,d08_12,True,True,2.4779129028320312,4743,9.69656954050131,9.593354155736819,0.010759050806309345,2,0.2670952296257558,0.09721258292590773,0,0,0,0,False,,,,,"{""profile_name"": ""complex_d02"", ""map_seed"": 20380620, ""query_seed"": 20381624, ""evaluation_path_source"": ""trace_poses"", ""planner_path_pose_count"": 30, ""evaluation_path_pose_count"": 99}"
complex_s02_q0024,ss_rrt,Complex,d08_12,False,False,2.5004866999952355,1783,,9.593354155736819,,0,,,0,0,0,0,False,,,,timeout,"{""profile_name"": ""complex_d02"", ""map_seed"": 20380620, ""query_seed"": 20381624, ""rrt_iterations"": 1859, ""evaluation_path_source"": ""planner_path"", ""planner_path_pose_count"": 0, ""evaluation_path_pose_count"": 0}"
complex_s02_q0025,vanilla_ha,Complex,d12_16,True,True,0.29531025886535645,217,15.092645847247708,,,0,0.23572089355084605,0.05455924506757959,0,0,0,0,False,,,,,"{""profile_name"": ""complex_d03"", ""map_seed"": 20380621, ""query_seed"": 20381621, ""evaluation_path_source"": ""trace_poses"", ""planner_path_pose_count"": 29, ""evaluation_path_pose_count"": 154}"
complex_s02_q0025,f_n3p_knn,Complex,d12_16,True,True,0.01983108800050104,0,15.787575003776439,15.092645847247708,0.046044223362960546,4,0.17999683895158974,0.07307233308371819,0,12,0,0,True,0,2,0.0,,"{""profile_name"": ""complex_d03"", ""map_seed"": 20380621, ""query_seed"": 20381621}"
complex_s02_q0025,n3p_k1,Complex,d12_16,True,True,0.42149171200435376,170,15.215142248020685,15.092645847247708,0.00811629730219332,0,0.2259790189290655,0.11965552233717103,0,0,2,0,True,0,0,,,"{""profile_name"": ""complex_d03"", ""map_seed"": 20380621, ""query_seed"": 20381621}"
complex_s02_q0025,voronoi_waypoint,Complex,d12_16,True,True,0.47793239499878837,3,15.752866965818017,15.092645847247708,0.04374455779671704,0,0.19976764887019835,0.5418310619901632,0,0,0,0,False,,,,,"{""profile_name"": ""complex_d03"", ""map_seed"": 20380621, ""query_seed"": 20381621, ""waypoint_count"": 2}"
complex_s02_q0025,bottleneck_waypoint,Complex,d12_16,True,True,0.47687088800012134,3,15.883176483517856,15.092645847247708,0.052378532185217264,0,0.23669520954688755,0.5535849724738319,0,0,0,0,False,,,,,"{""profile_name"": ""complex_d03"", ""map_seed"": 20380621, ""query_seed"": 20381621, ""waypoint_count"": 2, ""bottleneck_count"": 2}"
complex_s02_q0025,improved_ha,Complex,d12_16,True,True,0.2756223678588867,217,15.092645847247708,15.092645847247708,0.0,0,0.23572089355084605,0.05455924506757959,0,0,0,0,False,,,,,"{""profile_name"": ""complex_d03"", ""map_seed"": 20380621, ""query_seed"": 20381621, ""evaluation_path_source"": ""trace_poses"", ""planner_path_pose_count"": 29, ""evaluation_path_pose_count"": 154}"
complex_s02_q0025,lo_ha,Complex,d12_16,True,True,0.17221546173095703,77,15.125011525691795,15.092645847247708,0.002144466833162273,0,0.10599059625419169,0.07980313385147675,0,0,0,0,False,,,,,"{""profile_name"": ""complex_d03"", ""map_seed"": 20380621, ""query_seed"": 20381621, ""evaluation_path_source"": ""trace_poses"", ""planner_path_pose_count"": 38, ""evaluation_path_pose_count"": 154}"
complex_s02_q0025,ss_rrt,Complex,d12_16,False,False,2.500805016999948,2163,,15.092645847247708,,0,,,0,0,0,0,False,,,,timeout,"{""profile_name"": ""complex_d03"", ""map_seed"": 20380621, ""query_seed"": 20381621, ""rrt_iterations"": 1062, ""evaluation_path_source"": ""planner_path"", ""planner_path_pose_count"": 0, ""evaluation_path_pose_count"": 0}"
complex_s02_q0026,vanilla_ha,Complex,d16_20,True,True,1.7159769535064697,1837,19.67656716758693,,,0,0.10849709508088967,0.13673422522330647,0,0,0,0,False,,,,,"{""profile_name"": ""complex_d04"", ""map_seed"": 20380621, ""query_seed"": 20381622, ""evaluation_path_source"": ""trace_poses"", ""planner_path_pose_count"": 58, ""evaluation_path_pose_count"": 200}"
complex_s02_q0026,f_n3p_knn,Complex,d16_20,True,True,0.45167822999792406,441,22.576877076735133,19.67656716758693,0.14739918220724313,2,0.1420028249193826,0.1641032261303984,0,21,1,0,True,1,2,0.5,,"{""profile_name"": ""complex_d04"", ""map_seed"": 20380621, ""query_seed"": 20381622}"
complex_s02_q0026,n3p_k1,Complex,d16_20,True,True,0.41957986999477725,257,20.206000458525516,19.67656716758693,0.026906791536824404,0,0.19805688839151084,0.11622426226096028,0,0,1,0,True,1,1,1.0,,"{""profile_name"": ""complex_d04"", ""map_seed"": 20380621, ""query_seed"": 20381622}"
complex_s02_q0026,voronoi_waypoint,Complex,d16_20,True,True,0.7189049509979668,118,20.689298727064838,19.67656716758693,0.05146891481895133,0,0.24871826441501552,0.1322442573207555,0,0,0,0,False,,,,,"{""profile_name"": ""complex_d04"", ""map_seed"": 20380621, ""query_seed"": 20381622, ""waypoint_count"": 3}"
complex_s02_q0026,bottleneck_waypoint,Complex,d16_20,True,True,0.7603487599990331,5,22.804015662044684,19.67656716758693,0.15894279057017502,3,0.23680413349322996,0.31598487469457814,0,0,0,0,False,,,,,"{""profile_name"": ""complex_d04"", ""map_seed"": 20380621, ""query_seed"": 20381622, ""waypoint_count"": 4, ""bottleneck_count"": 4}"
complex_s02_q0026,improved_ha,Complex,d16_20,True,True,1.7316174507141113,1837,19.67656716758693,19.67656716758693,0.0,0,0.10849709508088967,0.13673422522330647,0,0,0,0,False,,,,,"{""profile_name"": ""complex_d04"", ""map_seed"": 20380621, ""query_seed"": 20381622, ""evaluation_path_source"": ""trace_poses"", ""planner_path_pose_count"": 58, ""evaluation_path_pose_count"": 200}"
complex_s02_q0026,lo_ha,Complex,d16_20,False,False,2.5002834796905518,3649,,19.67656716758693,,0,,,0,0,0,0,False,,,,timeout,"{""profile_name"": ""complex_d04"", ""map_seed"": 20380621, ""query_seed"": 20381622, ""evaluation_path_source"": ""planner_path"", ""planner_path_pose_count"": 0, ""evaluation_path_pose_count"": 0}"
complex_s02_q0026,ss_rrt,Complex,d16_20,False,False,2.501454705001379,749,,19.67656716758693,,0,,,0,0,0,0,False,,,,timeout,"{""profile_name"": ""complex_d04"", ""map_seed"": 20380621, ""query_seed"": 20381622, ""rrt_iterations"": 1290, ""evaluation_path_source"": ""planner_path"", ""planner_path_pose_count"": 0, ""evaluation_path_pose_count"": 0}"
complex_s02_q0027,vanilla_ha,Complex,d20_inf,True,True,0.3315262794494629,416,29.176496951804246,,,0,0.2655145150118885,0.07950531965623397,0,0,0,0,False,,,,,"{""profile_name"": ""complex_d02"", ""map_seed"": 20380621, ""query_seed"": 20381623, ""evaluation_path_source"": ""trace_poses"", ""planner_path_pose_count"": 82, ""evaluation_path_pose_count"": 295}"
complex_s02_q0027,f_n3p_knn,Complex,d20_inf,True,True,0.227067434003402,19,32.165458473344984,29.176496951804246,0.10244415313044986,4,0.28439904604911787,0.05228266617813898,0,53,1,0,True,3,7,0.42857142857142855,,"{""profile_name"": ""complex_d02"", ""map_seed"": 20380621, ""query_seed"": 20381623}"
complex_s02_q0027,n3p_k1,Complex,d20_inf,True,True,0.9099158339959104,770,29.331325957396988,29.176496951804246,0.005306634509567809,2,0.26574652819024036,0.08062547936445619,0,0,2,0,True,1,1,1.0,,"{""profile_name"": ""complex_d02"", ""map_seed"": 20380621, ""query_seed"": 20381623}"
complex_s02_q0027,voronoi_waypoint,Complex,d20_inf,True,True,0.9162471399977221,18,30.684605002117994,29.176496951804246,0.051689140502540365,0,0.2355917540390731,0.08661727842786482,0,0,0,0,False,,,,,"{""profile_name"": ""complex_d02"", ""map_seed"": 20380621, ""query_seed"": 20381623, ""waypoint_count"": 5}"
complex_s02_q0027,bottleneck_waypoint,Complex,d20_inf,True,True,0.9085664590020315,6,31.32838117012634,29.176496951804246,0.07375402954908283,2,0.253276686907495,0.11830470957282713,0,0,0,0,False,,,,,"{""profile_name"": ""complex_d02"", ""map_seed"": 20380621, ""query_seed"": 20381623, ""waypoint_count"": 5, ""bottleneck_count"": 5}"
complex_s02_q0027,improved_ha,Complex,d20_inf,True,True,0.33431291580200195,416,29.176496951804246,29.176496951804246,0.0,0,0.2655145150118885,0.07950531965623397,0,0,0,0,False,,,,,"{""profile_name"": ""complex_d02"", ""map_seed"": 20380621, ""query_seed"": 20381623, ""evaluation_path_source"": ""trace_poses"", ""planner_path_pose_count"": 82, ""evaluation_path_pose_count"": 295}"
complex_s02_q0027,lo_ha,Complex,d20_inf,True,True,0.25563573837280273,243,29.74645495590568,29.176496951804246,0.01953483329554362,2,0.14626928541026488,0.0560506846824097,0,0,0,0,False,,,,,"{""profile_name"": ""complex_d02"", ""map_seed"": 20380621, ""query_seed"": 20381623, ""evaluation_path_source"": ""trace_poses"", ""planner_path_pose_count"": 98, ""evaluation_path_pose_count"": 300}"
complex_s02_q0027,ss_rrt,Complex,d20_inf,True,True,0.6628663840019726,223,33.94370583390034,29.176496951804246,0.1633920922710803,0,0.44485407330581983,0.08286648742442448,0,0,0,0,False,,,,,"{""profile_name"": ""complex_d02"", ""map_seed"": 20380621, ""query_seed"": 20381623, ""rrt_iterations"": 483, ""evaluation_path_source"": ""planner_path"", ""planner_path_pose_count"": 415, ""evaluation_path_pose_count"": 415}"
complex_s02_q0028,vanilla_ha,Complex,d08_12,True,True,0.6195335388183594,805,11.659446778950032,,,0,0.17813743690637365,0.07557930085057996,0,0,0,0,False,,,,,"{""profile_name"": ""complex_d03"", ""map_seed"": 20380621, ""query_seed"": 20381624, ""evaluation_path_source"": ""trace_poses"", ""planner_path_pose_count"": 19, ""evaluation_path_pose_count"": 119}"
complex_s02_q0028,f_n3p_knn,Complex,d08_12,True,True,0.16964672700123629,6,12.07366885474079,11.659446778950032,0.035526734985281916,0,0.17754253025949096,0.07203124456749777,0,31,1,0,True,0,1,0.0,,"{""profile_name"": ""complex_d03"", ""map_seed"": 20380621, ""query_seed"": 20381624}"
complex_s02_q0028,n3p_k1,Complex,d08_12,True,True,0.6247827830011374,805,11.659446778950032,11.659446778950032,0.0,0,0.17813743690637365,0.07557930085057996,0,0,1,0,True,0,0,,,"{""profile_name"": ""complex_d03"", ""map_seed"": 20380621, ""query_seed"": 20381624}"
complex_s02_q0028,voronoi_waypoint,Complex,d08_12,True,True,0.47728738200385123,3,13.33012181945067,11.659446778950032,0.14328939204189983,2,0.3563173979145091,0.09134013955044662,0,0,0,0,False,,,,,"{""profile_name"": ""complex_d03"", ""map_seed"": 20380621, ""query_seed"": 20381624, ""waypoint_count"": 2}"
complex_s02_q0028,bottleneck_waypoint,Complex,d08_12,True,True,0.6186927529997774,4,13.03776522766742,11.659446778950032,0.11821473821603634,0,0.36339508844130874,0.08032798777930616,0,0,0,0,False,,,,,"{""profile_name"": ""complex_d03"", ""map_seed"": 20380621, ""query_seed"": 20381624, ""waypoint_count"": 3, ""bottleneck_count"": 3}"
complex_s02_q0028,improved_ha,Complex,d08_12,True,True,0.6240026950836182,805,11.659446778950032,11.659446778950032,0.0,0,0.17813743690637365,0.07557930085057996,0,0,0,0,False,,,,,"{""profile_name"": ""complex_d03"", ""map_seed"": 20380621, ""query_seed"": 20381624, ""evaluation_path_source"": ""trace_poses"", ""planner_path_pose_count"": 19, ""evaluation_path_pose_count"": 119}"
complex_s02_q0028,lo_ha,Complex,d08_12,True,True,0.39270710945129395,751,11.631461765829707,11.659446778950032,-0.0024002007686033666,0,0.13966458327767972,0.07512143204642341,0,0,0,0,False,,,,,"{""profile_name"": ""complex_d03"", ""map_seed"": 20380621, ""query_seed"": 20381624, ""evaluation_path_source"": ""trace_poses"", ""planner_path_pose_count"": 22, ""evaluation_path_pose_count"": 118}"
complex_s02_q0028,ss_rrt,Complex,d08_12,True,True,0.5796474779999699,210,12.337370662012466,11.659446778950032,0.058143743516747115,0,0.4595729109525833,0.09451094486351441,0,0,0,0,False,,,,,"{""profile_name"": ""complex_d03"", ""map_seed"": 20380621, ""query_seed"": 20381624, ""rrt_iterations"": 482, ""evaluation_path_source"": ""planner_path"", ""planner_path_pose_count"": 151, ""evaluation_path_pose_count"": 151}"
complex_s02_q0029,vanilla_ha,Complex,d12_16,True,True,0.2867908477783203,173,15.80789487445413,,,0,0.28655972047555217,0.07909148850981751,0,0,0,0,False,,,,,"{""profile_name"": ""complex_d04"", ""map_seed"": 20380621, ""query_seed"": 20381625, ""evaluation_path_source"": ""trace_poses"", ""planner_path_pose_count"": 46, ""evaluation_path_pose_count"": 160}"
complex_s02_q0029,f_n3p_knn,Complex,d12_16,True,True,0.18325339399598306,7,15.776489221687406,15.80789487445413,-0.001986706833272067,2,0.2079251623462028,0.08098585047707019,0,30,1,0,True,0,3,0.0,,"{""profile_name"": ""complex_d04"", ""map_seed"": 20380621, ""query_seed"": 20381625}"
complex_s02_q0029,n3p_k1,Complex,d12_16,True,True,0.2985900690036942,173,15.80789487445413,15.80789487445413,0.0,0,0.28655972047555217,0.07909148850981751,0,0,1,0,True,0,0,,,"{""profile_name"": ""complex_d04"", ""map_seed"": 20380621, ""query_seed"": 20381625}"
complex_s02_q0029,voronoi_waypoint,Complex,d12_16,True,True,0.6171747230036999,4,17.242567469650716,15.80789487445413,0.09075671407171648,1,0.1934817206115259,0.6359854342306033,0,0,0,0,False,,,,,"{""profile_name"": ""complex_d04"", ""map_seed"": 20380621, ""query_seed"": 20381625, ""waypoint_count"": 3}"
complex_s02_q0029,bottleneck_waypoint,Complex,d12_16,True,True,0.47727188400313025,3,17.0093226070543,15.80789487445413,0.07600175368965179,0,0.17993978421405663,0.48630571626599595,0,0,0,0,False,,,,,"{""profile_name"": ""complex_d04"", ""map_seed"": 20380621, ""query_seed"": 20381625, ""waypoint_count"": 2, ""bottleneck_count"": 2}"
complex_s02_q0029,improved_ha,Complex,d12_16,True,True,0.2864100933074951,173,15.80789487445413,15.80789487445413,0.0,0,0.28655972047555217,0.07909148850981751,0,0,0,0,False,,,,,"{""profile_name"": ""complex_d04"", ""map_seed"": 20380621, ""query_seed"": 20381625, ""evaluation_path_source"": ""trace_poses"", ""planner_path_pose_count"": 46, ""evaluation_path_pose_count"": 160}"
complex_s02_q0029,lo_ha,Complex,d12_16,True,True,0.18720793724060059,94,15.960379912122157,15.80789487445413,0.009646131814454728,2,0.18699547690751817,0.06553090404671802,0,0,0,0,False,,,,,"{""profile_name"": ""complex_d04"", ""map_seed"": 20380621, ""query_seed"": 20381625, ""evaluation_path_source"": ""trace_poses"", ""planner_path_pose_count"": 45, ""evaluation_path_pose_count"": 162}"
complex_s02_q0029,ss_rrt,Complex,d12_16,True,True,0.88221553999756,565,16.060490427347922,15.80789487445413,0.015979075955394384,0,0.3896345240174663,0.0712122642170061,0,0,0,0,False,,,,,"{""profile_name"": ""complex_d04"", ""map_seed"": 20380621, ""query_seed"": 20381625, ""rrt_iterations"": 533, ""evaluation_path_source"": ""planner_path"", ""planner_path_pose_count"": 201, ""evaluation_path_pose_count"": 201}"
complex_s03_q0030,vanilla_ha,Complex,d16_20,False,False,2.503343343734741,3521,,,,0,,,0,0,0,0,False,,,,timeout,"{""profile_name"": ""complex_d02"", ""map_seed"": 20390620, ""query_seed"": 20391620, ""evaluation_path_source"": ""planner_path"", ""planner_path_pose_count"": 0, ""evaluation_path_pose_count"": 0}"
complex_s03_q0030,f_n3p_knn,Complex,d16_20,False,False,3.533706941998389,4749,,,,0,,,0,25,1,1,True,0,2,0.0,f2_failed:prediction:goal_in_collision;goal:timeout;f3_failed:timeout,"{""profile_name"": ""complex_d02"", ""map_seed"": 20390620, ""query_seed"": 20391620}"
complex_s03_q0030,n3p_k1,Complex,d16_20,False,False,3.661712727996928,5073,,,,0,,,0,0,2,1,True,0,0,,f2_failed:prediction:goal_in_collision;goal:timeout;f3_failed:timeout,"{""profile_name"": ""complex_d02"", ""map_seed"": 20390620, ""query_seed"": 20391620}"
complex_s03_q0030,voronoi_waypoint,Complex,d16_20,True,True,0.8318211469959351,91,24.847369373457106,,,3,0.31899038819858344,0.08422023910661591,0,0,0,0,False,,,,,"{""profile_name"": ""complex_d02"", ""map_seed"": 20390620, ""query_seed"": 20391620, ""waypoint_count"": 4}"
complex_s03_q0030,bottleneck_waypoint,Complex,d16_20,True,True,0.7593487050035037,5,25.02663990297321,,,3,0.3013516086459434,0.11383762507371986,0,0,0,0,False,,,,,"{""profile_name"": ""complex_d02"", ""map_seed"": 20390620, ""query_seed"": 20391620, ""waypoint_count"": 4, ""bottleneck_count"": 4}"
complex_s03_q0030,improved_ha,Complex,d16_20,False,False,2.5007283687591553,3545,,,,0,,,0,0,0,0,False,,,,timeout,"{""profile_name"": ""complex_d02"", ""map_seed"": 20390620, ""query_seed"": 20391620, ""evaluation_path_source"": ""planner_path"", ""planner_path_pose_count"": 0, ""evaluation_path_pose_count"": 0}"
complex_s03_q0030,lo_ha,Complex,d16_20,False,False,2.502242088317871,5097,,,,0,,,0,0,0,0,False,,,,timeout,"{""profile_name"": ""complex_d02"", ""map_seed"": 20390620, ""query_seed"": 20391620, ""evaluation_path_source"": ""planner_path"", ""planner_path_pose_count"": 0, ""evaluation_path_pose_count"": 0}"
complex_s03_q0030,ss_rrt,Complex,d16_20,False,False,2.5000791200000094,2277,,,,0,,,0,0,0,0,False,,,,timeout,"{""profile_name"": ""complex_d02"", ""map_seed"": 20390620, ""query_seed"": 20391620, ""rrt_iterations"": 1161, ""evaluation_path_source"": ""planner_path"", ""planner_path_pose_count"": 0, ""evaluation_path_pose_count"": 0}"
complex_s03_q0031,vanilla_ha,Complex,d20_inf,False,False,2.5000665187835693,3511,,,,0,,,0,0,0,0,False,,,,timeout,"{""profile_name"": ""complex_d03"", ""map_seed"": 20390620, ""query_seed"": 20391621, ""evaluation_path_source"": ""planner_path"", ""planner_path_pose_count"": 0, ""evaluation_path_pose_count"": 0}"
complex_s03_q0031,f_n3p_knn,Complex,d20_inf,True,True,0.047760207002284005,0,22.60943573941253,,,0,0.20725919154449582,0.06479874560573817,0,20,0,0,True,1,5,0.2,,"{""profile_name"": ""complex_d03"", ""map_seed"": 20390620, ""query_seed"": 20391621}"
complex_s03_q0031,n3p_k1,Complex,d20_inf,True,True,0.3750306380024995,117,21.768929627978025,,,0,0.15417818483742673,0.10574312043710787,0,0,2,0,True,0,0,,,"{""profile_name"": ""complex_d03"", ""map_seed"": 20390620, ""query_seed"": 20391621}"
complex_s03_q0031,voronoi_waypoint,Complex,d20_inf,True,True,0.7570671220018994,5,24.496441182941595,,,2,0.29660795548959606,0.2919791839495469,0,0,0,0,False,,,,,"{""profile_name"": ""complex_d03"", ""map_seed"": 20390620, ""query_seed"": 20391621, ""waypoint_count"": 4}"
complex_s03_q0031,bottleneck_waypoint,Complex,d20_inf,True,True,0.7596300720033469,5,23.442245908080203,,,0,0.27409405525211317,0.6292768257308077,0,0,0,0,False,,,,,"{""profile_name"": ""complex_d03"", ""map_seed"": 20390620, ""query_seed"": 20391621, ""waypoint_count"": 4, ""bottleneck_count"": 4}"
complex_s03_q0031,improved_ha,Complex,d20_inf,False,False,2.500084638595581,3538,,,,0,,,0,0,0,0,False,,,,timeout,"{""profile_name"": ""complex_d03"", ""map_seed"": 20390620, ""query_seed"": 20391621, ""evaluation_path_source"": ""planner_path"", ""planner_path_pose_count"": 0, ""evaluation_path_pose_count"": 0}"
complex_s03_q0031,lo_ha,Complex,d20_inf,True,True,0.8526856899261475,1721,22.22305747875887,,,0,0.10208344355078683,0.0805279026637784,0,0,0,0,False,,,,,"{""profile_name"": ""complex_d03"", ""map_seed"": 20390620, ""query_seed"": 20391621, ""evaluation_path_source"": ""trace_poses"", ""planner_path_pose_count"": 59, ""evaluation_path_pose_count"": 224}"
complex_s03_q0031,ss_rrt,Complex,d20_inf,True,True,0.31280004500149516,93,21.545049262885385,,,0,0.16495808035320972,0.07116311396513364,0,0,0,0,False,,,,,"{""profile_name"": ""complex_d03"", ""map_seed"": 20390620, ""query_seed"": 20391621, ""rrt_iterations"": 69, ""evaluation_path_source"": ""planner_path"", ""planner_path_pose_count"": 267, ""evaluation_path_pose_count"": 267}"
complex_s03_q0032,vanilla_ha,Complex,d08_12,True,True,0.141862154006958,1,8.158431221748454,,,0,0.0,0.17268439352212916,0,0,0,0,False,,,,,"{""profile_name"": ""complex_d04"", ""map_seed"": 20390620, ""query_seed"": 20391622, ""evaluation_path_source"": ""trace_poses"", ""planner_path_pose_count"": 2, ""evaluation_path_pose_count"": 83}"
complex_s03_q0032,f_n3p_knn,Complex,d08_12,True,True,0.0003972060003434308,0,8.158431221748454,8.158431221748454,0.0,0,2.7216581091363814e-17,0.17268439352212916,0,0,0,0,False,0,0,,,"{""profile_name"": ""complex_d04"", ""map_seed"": 20390620, ""query_seed"": 20391622}"
complex_s03_q0032,n3p_k1,Complex,d08_12,True,True,0.0003755040015676059,0,8.158431221748454,8.158431221748454,0.0,0,2.7216581091363814e-17,0.17268439352212916,0,0,0,0,False,0,0,,,"{""profile_name"": ""complex_d04"", ""map_seed"": 20390620, ""query_seed"": 20391622}"
complex_s03_q0032,voronoi_waypoint,Complex,d08_12,True,True,0.3981051849987125,66,10.00536889613824,8.158431221748454,0.22638392408901908,1,0.3906615762470511,0.11919462561482341,0,0,0,0,False,,,,,"{""profile_name"": ""complex_d04"", ""map_seed"": 20390620, ""query_seed"": 20391622, ""waypoint_count"": 1}"
complex_s03_q0032,bottleneck_waypoint,Complex,d08_12,True,True,0.3332314229992335,6,10.230422040238524,8.158431221748454,0.25396926960254707,1,0.2999682821751938,0.3378516276037554,0,0,0,0,False,,,,,"{""profile_name"": ""complex_d04"", ""map_seed"": 20390620, ""query_seed"": 20391622, ""waypoint_count"": 1, ""bottleneck_count"": 1}"
complex_s03_q0032,improved_ha,Complex,d08_12,True,True,0.14340734481811523,1,8.158431221748454,8.158431221748454,0.0,0,0.0,0.17268439352212916,0,0,0,0,False,,,,,"{""profile_name"": ""complex_d04"", ""map_seed"": 20390620, ""query_seed"": 20391622, ""evaluation_path_source"": ""trace_poses"", ""planner_path_pose_count"": 2, ""evaluation_path_pose_count"": 83}"
complex_s03_q0032,lo_ha,Complex,d08_12,True,True,0.14241719245910645,1,8.158431221748454,8.158431221748454,0.0,0,0.0,0.17268439352212916,0,0,0,0,False,,,,,"{""profile_name"": ""complex_d04"", ""map_seed"": 20390620, ""query_seed"": 20391622, ""evaluation_path_source"": ""trace_poses"", ""planner_path_pose_count"": 2, ""evaluation_path_pose_count"": 83}"
complex_s03_q0032,ss_rrt,Complex,d08_12,True,True,0.00032330799876945093,2,8.158431221748456,8.158431221748454,2.220446049250313e-16,0,1.088663243654552e-16,0.17268439352212916,0,0,0,0,False,,,,,"{""profile_name"": ""complex_d04"", ""map_seed"": 20390620, ""query_seed"": 20391622, ""rrt_iterations"": 0, ""evaluation_path_source"": ""planner_path"", ""planner_path_pose_count"": 83, ""evaluation_path_pose_count"": 83}"
complex_s03_q0033,vanilla_ha,Complex,d12_16,True,True,0.1636960506439209,33,14.904007669971142,,,0,0.09219168279921262,0.08152519832634364,0,0,0,0,False,,,,,"{""profile_name"": ""complex_d02"", ""map_seed"": 20390620, ""query_seed"": 20391623, ""evaluation_path_source"": ""trace_poses"", ""planner_path_pose_count"": 12, ""evaluation_path_pose_count"": 151}"
complex_s03_q0033,f_n3p_knn,Complex,d12_16,True,True,0.025816563997068442,0,20.343333175609754,14.904007669971142,0.36495724009843755,1,0.09692575565160891,0.10239997299312953,0,8,0,0,True,1,3,0.3333333333333333,,"{""profile_name"": ""complex_d02"", ""map_seed"": 20390620, ""query_seed"": 20391623}"
complex_s03_q0033,n3p_k1,Complex,d12_16,True,True,1.281489741995756,997,15.481696733597497,14.904007669971142,0.03876065259885064,0,0.15502176804637025,0.08200201534005924,0,0,1,0,True,1,1,1.0,,"{""profile_name"": ""complex_d02"", ""map_seed"": 20390620, ""query_seed"": 20391623}"
complex_s03_q0033,voronoi_waypoint,Complex,d12_16,True,True,0.5015682529992773,31,15.628795130299213,14.904007669971142,0.048630373546330485,0,0.33901291796376526,0.0677623558133178,0,0,0,0,False,,,,,"{""profile_name"": ""complex_d02"", ""map_seed"": 20390620, ""query_seed"": 20391623, ""waypoint_count"": 2}"
complex_s03_q0033,bottleneck_waypoint,Complex,d12_16,True,True,0.6207075780039304,4,15.535999161194496,14.904007669971142,0.042404130836345644,0,0.2881302417206869,0.33021361396004634,0,0,0,0,False,,,,,"{""profile_name"": ""complex_d02"", ""map_seed"": 20390620, ""query_seed"": 20391623, ""waypoint_count"": 3, ""bottleneck_count"": 3}"
complex_s03_q0033,improved_ha,Complex,d12_16,True,True,0.1624915599822998,33,14.904007669971142,14.904007669971142,0.0,0,0.09219168279921262,0.08152519832634364,0,0,0,0,False,,,,,"{""profile_name"": ""complex_d02"", ""map_seed"": 20390620, ""query_seed"": 20391623, ""evaluation_path_source"": ""trace_poses"", ""planner_path_pose_count"": 12, ""evaluation_path_pose_count"": 151}"
complex_s03_q0033,lo_ha,Complex,d12_16,True,True,0.15843915939331055,41,14.863368368155216,14.904007669971142,-0.002726736507107863,0,0.05200277922996822,0.09866308902349874,0,0,0,0,False,,,,,"{""profile_name"": ""complex_d02"", ""map_seed"": 20390620, ""query_seed"": 20391623, ""evaluation_path_source"": ""trace_poses"", ""planner_path_pose_count"": 15, ""evaluation_path_pose_count"": 151}"
complex_s03_q0033,ss_rrt,Complex,d12_16,True,True,0.10839173899876187,46,15.358336953748974,14.904007669971142,0.030483699004880682,0,0.37817297103724495,0.09397112744710412,0,0,0,0,False,,,,,"{""profile_name"": ""complex_d02"", ""map_seed"": 20390620, ""query_seed"": 20391623, ""rrt_iterations"": 44, ""evaluation_path_source"": ""planner_path"", ""planner_path_pose_count"": 189, ""evaluation_path_pose_count"": 189}"
complex_s03_q0034,vanilla_ha,Complex,d16_20,True,True,0.2752044200897217,281,17.182983861760604,,,0,0.11644924388755147,0.07459461773068676,0,0,0,0,False,,,,,"{""profile_name"": ""complex_d03"", ""map_seed"": 20390620, ""query_seed"": 20391624, ""evaluation_path_source"": ""trace_poses"", ""planner_path_pose_count"": 20, ""evaluation_path_pose_count"": 174}"
complex_s03_q0034,f_n3p_knn,Complex,d16_20,True,True,0.010987975001626182,0,16.838473083820748,17.182983861760604,-0.020049531601233572,0,0.05696717492781207,0.17980784726672727,0,2,0,0,True,0,1,0.0,,"{""profile_name"": ""complex_d03"", ""map_seed"": 20390620, ""query_seed"": 20391624}"
complex_s03_q0034,n3p_k1,Complex,d16_20,True,True,0.36947851000149967,321,16.855006827910117,17.182983861760604,-0.019087315479610956,0,0.08280587728322548,0.06467338241355458,0,0,1,0,True,0,0,,,"{""profile_name"": ""complex_d03"", ""map_seed"": 20390620, ""query_seed"": 20391624}"
complex_s03_q0034,voronoi_waypoint,Complex,d16_20,True,True,0.9973804280016338,487,18.29843866229493,17.182983861760604,0.06491624560136411,0,0.2188728956541289,0.1190870657326526,0,0,0,0,False,,,,,"{""profile_name"": ""complex_d03"", ""map_seed"": 20390620, ""query_seed"": 20391624, ""waypoint_count"": 3}"
complex_s03_q0034,bottleneck_waypoint,Complex,d16_20,True,True,0.6118193570000585,4,18.08680471110256,17.182983861760604,0.05259976128787147,0,0.23138035665910225,0.1798078472667307,0,0,0,0,False,,,,,"{""profile_name"": ""complex_d03"", ""map_seed"": 20390620, ""query_seed"": 20391624, ""waypoint_count"": 3, ""bottleneck_count"": 3}"
complex_s03_q0034,improved_ha,Complex,d16_20,True,True,0.2757093906402588,281,17.182983861760604,17.182983861760604,0.0,0,0.11644924388755147,0.07459461773068676,0,0,0,0,False,,,,,"{""profile_name"": ""complex_d03"", ""map_seed"": 20390620, ""query_seed"": 20391624, ""evaluation_path_source"": ""trace_poses"", ""planner_path_pose_count"": 20, ""evaluation_path_pose_count"": 174}"
complex_s03_q0034,lo_ha,Complex,d16_20,True,True,0.18371224403381348,129,17.287524258823524,17.182983861760604,0.006083948975565745,0,0.1186625398474624,0.10206588942080408,0,0,0,0,False,,,,,"{""profile_name"": ""complex_d03"", ""map_seed"": 20390620, ""query_seed"": 20391624, ""evaluation_path_source"": ""trace_poses"", ""planner_path_pose_count"": 16, ""evaluation_path_pose_count"": 175}"
complex_s03_q0034,ss_rrt,Complex,d16_20,True,True,0.33211146499525057,186,22.30257733617704,17.182983861760604,0.29794554401053097,0,0.33858003641032264,0.1120495429511057,0,0,0,0,False,,,,,"{""profile_name"": ""complex_d03"", ""map_seed"": 20390620, ""query_seed"": 20391624, ""rrt_iterations"": 198, ""evaluation_path_source"": ""planner_path"", ""planner_path_pose_count"": 269, ""evaluation_path_pose_count"": 269}"
complex_s03_q0035,vanilla_ha,Complex,d20_inf,True,True,2.3400654792785645,3307,23.290130558018813,,,0,0.18827373310848372,0.068643023501048,0,0,0,0,False,,,,,"{""profile_name"": ""complex_d04"", ""map_seed"": 20390621, ""query_seed"": 20391621, ""evaluation_path_source"": ""trace_poses"", ""planner_path_pose_count"": 72, ""evaluation_path_pose_count"": 235}"
complex_s03_q0035,f_n3p_knn,Complex,d20_inf,True,True,0.04811500199866714,0,22.822694497794465,23.290130558018813,-0.02007013481783204,0,0.16427345613263591,0.08452330114251971,0,7,0,0,True,2,5,0.4,,"{""profile_name"": ""complex_d04"", ""map_seed"": 20390621, ""query_seed"": 20391621}"
complex_s03_q0035,n3p_k1,Complex,d20_inf,True,True,3.17873878699902,4682,23.290130558018813,23.290130558018813,0.0,0,0.18827373310848372,0.068643023501048,0,0,1,1,True,0,0,,,"{""profile_name"": ""complex_d04"", ""map_seed"": 20390621, ""query_seed"": 20391621}"
complex_s03_q0035,voronoi_waypoint,Complex,d20_inf,True,True,0.7618434100004379,11,23.516197001727733,23.290130558018813,0.00970653398209853,0,0.22630043456779766,0.0849511899328983,0,0,0,0,False,,,,,"{""profile_name"": ""complex_d04"", ""map_seed"": 20390621, ""query_seed"": 20391621, ""waypoint_count"": 4}"
complex_s03_q0035,bottleneck_waypoint,Complex,d20_inf,True,True,0.6660526049963664,64,22.753138637327268,23.290130558018813,-0.023056629903976944,0,0.0966651383932431,0.0890221360413338,0,0,0,0,False,,,,,"{""profile_name"": ""complex_d04"", ""map_seed"": 20390621, ""query_seed"": 20391621, ""waypoint_count"": 3, ""bottleneck_count"": 3}"
complex_s03_q0035,improved_ha,Complex,d20_inf,True,True,2.344486713409424,3307,23.290130558018813,23.290130558018813,0.0,0,0.18827373310848372,0.068643023501048,0,0,0,0,False,,,,,"{""profile_name"": ""complex_d04"", ""map_seed"": 20390621, ""query_seed"": 20391621, ""evaluation_path_source"": ""trace_poses"", ""planner_path_pose_count"": 72, ""evaluation_path_pose_count"": 235}"
complex_s03_q0035,lo_ha,Complex,d20_inf,True,True,0.4380652904510498,622,22.79363266938144,23.290130558018813,-0.021317952142884233,0,0.08910172083160167,0.07535084503420642,0,0,0,0,False,,,,,"{""profile_name"": ""complex_d04"", ""map_seed"": 20390621, ""query_seed"": 20391621, ""evaluation_path_source"": ""trace_poses"", ""planner_path_pose_count"": 67, ""evaluation_path_pose_count"": 231}"
complex_s03_q0035,ss_rrt,Complex,d20_inf,False,False,2.500946161999309,2296,,23.290130558018813,,0,,,0,0,0,0,False,,,,timeout,"{""profile_name"": ""complex_d04"", ""map_seed"": 20390621, ""query_seed"": 20391621, ""rrt_iterations"": 1233, ""evaluation_path_source"": ""planner_path"", ""planner_path_pose_count"": 0, ""evaluation_path_pose_count"": 0}"
complex_s03_q0036,vanilla_ha,Complex,d08_12,False,False,2.500281572341919,3569,,,,0,,,0,0,0,0,False,,,,timeout,"{""profile_name"": ""complex_d02"", ""map_seed"": 20390621, ""query_seed"": 20391622, ""evaluation_path_source"": ""planner_path"", ""planner_path_pose_count"": 0, ""evaluation_path_pose_count"": 0}"
complex_s03_q0036,f_n3p_knn,Complex,d08_12,True,True,0.2368349119933555,113,12.30791850000949,,,0,0.30704952718201,0.08191505036736768,0,25,1,0,True,0,2,0.0,,"{""profile_name"": ""complex_d02"", ""map_seed"": 20390621, ""query_seed"": 20391622}"
complex_s03_q0036,n3p_k1,Complex,d08_12,False,False,4.513508736003132,6026,,,,0,,,0,0,1,1,True,0,0,,f2_failed:prediction:timeout;goal:timeout;f3_failed:timeout,"{""profile_name"": ""complex_d02"", ""map_seed"": 20390621, ""query_seed"": 20391622}"
complex_s03_q0036,voronoi_waypoint,Complex,d08_12,True,True,0.47423198400065303,3,12.195605129733552,,,0,0.26245075501665105,0.10368016530655122,0,0,0,0,False,,,,,"{""profile_name"": ""complex_d02"", ""map_seed"": 20390621, ""query_seed"": 20391622, ""waypoint_count"": 2}"
complex_s03_q0036,bottleneck_waypoint,Complex,d08_12,True,True,0.4775376559991855,3,12.540474214665773,,,0,0.2893353069320499,0.08524037346280666,0,0,0,0,False,,,,,"{""profile_name"": ""complex_d02"", ""map_seed"": 20390621, ""query_seed"": 20391622, ""waypoint_count"": 2, ""bottleneck_count"": 2}"
complex_s03_q0036,improved_ha,Complex,d08_12,False,False,2.5002474784851074,3533,,,,0,,,0,0,0,0,False,,,,timeout,"{""profile_name"": ""complex_d02"", ""map_seed"": 20390621, ""query_seed"": 20391622, ""evaluation_path_source"": ""planner_path"", ""planner_path_pose_count"": 0, ""evaluation_path_pose_count"": 0}"
complex_s03_q0036,lo_ha,Complex,d08_12,True,True,0.6252827644348145,1261,12.013117494500518,,,0,0.2958660333273909,0.07099680386643559,0,0,0,0,False,,,,,"{""profile_name"": ""complex_d02"", ""map_seed"": 20390621, ""query_seed"": 20391622, ""evaluation_path_source"": ""trace_poses"", ""planner_path_pose_count"": 21, ""evaluation_path_pose_count"": 122}"
complex_s03_q0036,ss_rrt,Complex,d08_12,True,True,0.1941789990014513,126,12.141818736686954,,,0,0.4457108423491426,0.12930283460198855,0,0,0,0,False,,,,,"{""profile_name"": ""complex_d02"", ""map_seed"": 20390621, ""query_seed"": 20391622, ""rrt_iterations"": 90, ""evaluation_path_source"": ""planner_path"", ""planner_path_pose_count"": 155, ""evaluation_path_pose_count"": 155}"
complex_s03_q0037,vanilla_ha,Complex,d12_16,True,True,0.2733955383300781,233,13.869842900211644,,,0,0.14972495005516276,0.2385686019912281,0,0,0,0,False,,,,,"{""profile_name"": ""complex_d03"", ""map_seed"": 20390621, ""query_seed"": 20391623, ""evaluation_path_source"": ""trace_poses"", ""planner_path_pose_count"": 13, ""evaluation_path_pose_count"": 141}"
complex_s03_q0037,f_n3p_knn,Complex,d12_16,True,True,0.01162369099620264,0,13.636902056907964,13.869842900211644,-0.016794771575972645,0,0.07330592184305608,0.055656813901707125,0,8,0,0,True,0,1,0.0,,"{""profile_name"": ""complex_d03"", ""map_seed"": 20390621, ""query_seed"": 20391623}"
complex_s03_q0037,n3p_k1,Complex,d12_16,True,True,0.6708397210022667,72,15.726508703740823,13.869842900211644,0.1338635063776279,1,0.4262567459028376,0.053510981851327244,0,0,4,0,True,0,0,,,"{""profile_name"": ""complex_d03"", ""map_seed"": 20390621, ""query_seed"": 20391623}"
complex_s03_q0037,voronoi_waypoint,Complex,d12_16,True,True,0.5052573439970729,31,14.731300919631645,13.869842900211644,0.062110149741267495,0,0.2673697443586838,0.09434181826764843,0,0,0,0,False,,,,,"{""profile_name"": ""complex_d03"", ""map_seed"": 20390621, ""query_seed"": 20391623, ""waypoint_count"": 2}"
complex_s03_q0037,bottleneck_waypoint,Complex,d12_16,True,True,0.48277598900313023,3,13.975228502641308,13.869842900211644,0.007598182848059132,0,0.13300042909351023,0.09742757450026918,0,0,0,0,False,,,,,"{""profile_name"": ""complex_d03"", ""map_seed"": 20390621, ""query_seed"": 20391623, ""waypoint_count"": 2, ""bottleneck_count"": 2}"
complex_s03_q0037,improved_ha,Complex,d12_16,True,True,0.2758669853210449,233,13.869842900211644,13.869842900211644,0.0,0,0.14972495005516276,0.2385686019912281,0,0,0,0,False,,,,,"{""profile_name"": ""complex_d03"", ""map_seed"": 20390621, ""query_seed"": 20391623, ""evaluation_path_source"": ""trace_poses"", ""planner_path_pose_count"": 13, ""evaluation_path_pose_count"": 141}"
complex_s03_q0037,lo_ha,Complex,d12_16,True,True,0.19929838180541992,177,13.833164967347013,13.869842900211644,-0.0026444375129923703,0,0.10810239557463248,0.07327328671117783,0,0,0,0,False,,,,,"{""profile_name"": ""complex_d03"", ""map_seed"": 20390621, ""query_seed"": 20391623, ""evaluation_path_source"": ""trace_poses"", ""planner_path_pose_count"": 16, ""evaluation_path_pose_count"": 140}"
complex_s03_q0037,ss_rrt,Complex,d12_16,True,True,0.10583638700336451,50,13.82681052598376,13.869842900211644,-0.0031025855546804593,0,0.36533807507121197,0.17682497699598865,0,0,0,0,False,,,,,"{""profile_name"": ""complex_d03"", ""map_seed"": 20390621, ""query_seed"": 20391623, ""rrt_iterations"": 61, ""evaluation_path_source"": ""planner_path"", ""planner_path_pose_count"": 169, ""evaluation_path_pose_count"": 169}"
complex_s03_q0038,vanilla_ha,Complex,d16_20,True,True,0.39069032669067383,385,17.184271517943667,,,0,0.33025227303838073,0.0991340705960273,0,0,0,0,False,,,,,"{""profile_name"": ""complex_d04"", ""map_seed"": 20390621, ""query_seed"": 20391624, ""evaluation_path_source"": ""trace_poses"", ""planner_path_pose_count"": 50, ""evaluation_path_pose_count"": 174}"
complex_s03_q0038,f_n3p_knn,Complex,d16_20,True,True,0.0502597529994091,0,20.75879665477019,17.184271517943667,0.20801144424970452,3,0.31452233884278147,0.1136459611114713,0,24,0,0,True,1,5,0.2,,"{""profile_name"": ""complex_d04"", ""map_seed"": 20390621, ""query_seed"": 20391624}"
complex_s03_q0038,n3p_k1,Complex,d16_20,True,True,1.3610290200012969,975,19.541490119756947,17.184271517943667,0.13717303054434948,5,0.4121110879263053,0.06466961958363793,0,0,3,0,True,2,2,1.0,,"{""profile_name"": ""complex_d04"", ""map_seed"": 20390621, ""query_seed"": 20391624}"
complex_s03_q0038,voronoi_waypoint,Complex,d16_20,True,True,0.6205846820012084,4,19.13017751640689,17.184271517943667,0.11323761943771227,0,0.3304608070353565,0.3071989698865947,0,0,0,0,False,,,,,"{""profile_name"": ""complex_d04"", ""map_seed"": 20390621, ""query_seed"": 20391624, ""waypoint_count"": 3}"
complex_s03_q0038,bottleneck_waypoint,Complex,d16_20,True,True,0.6201476460046251,4,18.536187920149263,17.184271517943667,0.07867173192613586,0,0.25715190983247255,0.3071989698865891,0,0,0,0,False,,,,,"{""profile_name"": ""complex_d04"", ""map_seed"": 20390621, ""query_seed"": 20391624, ""waypoint_count"": 3, ""bottleneck_count"": 3}"
complex_s03_q0038,improved_ha,Complex,d16_20,True,True,0.3932914733886719,385,17.184271517943667,17.184271517943667,0.0,0,0.33025227303838073,0.0991340705960273,0,0,0,0,False,,,,,"{""profile_name"": ""complex_d04"", ""map_seed"": 20390621, ""query_seed"": 20391624, ""evaluation_path_source"": ""trace_poses"", ""planner_path_pose_count"": 50, ""evaluation_path_pose_count"": 174}"
complex_s03_q0038,lo_ha,Complex,d16_20,True,True,0.24001526832580566,257,17.782337677650858,17.184271517943667,0.03480311394537128,0,0.19517567572293407,0.077503662873453,0,0,0,0,False,,,,,"{""profile_name"": ""complex_d04"", ""map_seed"": 20390621, ""query_seed"": 20391624, ""evaluation_path_source"": ""trace_poses"", ""planner_path_pose_count"": 44, ""evaluation_path_pose_count"": 180}"
complex_s03_q0038,ss_rrt,Complex,d16_20,False,False,2.5003985020011896,1722,,17.184271517943667,,0,,,0,0,0,0,False,,,,timeout,"{""profile_name"": ""complex_d04"", ""map_seed"": 20390621, ""query_seed"": 20391624, ""rrt_iterations"": 2228, ""evaluation_path_source"": ""planner_path"", ""planner_path_pose_count"": 0, ""evaluation_path_pose_count"": 0}"
complex_s03_q0039,vanilla_ha,Complex,d20_inf,False,False,2.5009517669677734,5817,,,,0,,,0,0,0,0,False,,,,timeout,"{""profile_name"": ""complex_d02"", ""map_seed"": 20390621, ""query_seed"": 20391625, ""evaluation_path_source"": ""planner_path"", ""planner_path_pose_count"": 0, ""evaluation_path_pose_count"": 0}"
complex_s03_q0039,f_n3p_knn,Complex,d20_inf,True,True,0.20360355699813226,7,26.851988334538166,,,4,0.27453448724972873,0.06406764683406396,0,39,1,0,True,2,5,0.4,,"{""profile_name"": ""complex_d02"", ""map_seed"": 20390621, ""query_seed"": 20391625}"
complex_s03_q0039,n3p_k1,Complex,d20_inf,False,False,4.130553928000154,8101,,,,0,,,0,0,2,1,True,0,0,,f2_failed:prediction:goal_in_collision;goal:timeout;f3_failed:timeout,"{""profile_name"": ""complex_d02"", ""map_seed"": 20390621, ""query_seed"": 20391625}"
complex_s03_q0039,voronoi_waypoint,Complex,d20_inf,True,True,0.9680491399994935,239,25.867838985933876,,,2,0.26952228142643114,0.06143946243529497,0,0,0,0,False,,,,,"{""profile_name"": ""complex_d02"", ""map_seed"": 20390621, ""query_seed"": 20391625, ""waypoint_count"": 4}"
complex_s03_q0039,bottleneck_waypoint,Complex,d20_inf,True,True,0.7658341249989462,5,25.221418001447667,,,0,0.22700909592447682,0.0779537385716581,0,0,0,0,False,,,,,"{""profile_name"": ""complex_d02"", ""map_seed"": 20390621, ""query_seed"": 20391625, ""waypoint_count"": 4, ""bottleneck_count"": 4}"
complex_s03_q0039,improved_ha,Complex,d20_inf,False,False,2.5000364780426025,5863,,,,0,,,0,0,0,0,False,,,,timeout,"{""profile_name"": ""complex_d02"", ""map_seed"": 20390621, ""query_seed"": 20391625, ""evaluation_path_source"": ""planner_path"", ""planner_path_pose_count"": 0, ""evaluation_path_pose_count"": 0}"
complex_s03_q0039,lo_ha,Complex,d20_inf,False,False,2.5000057220458984,6353,,,,0,,,0,0,0,0,False,,,,timeout,"{""profile_name"": ""complex_d02"", ""map_seed"": 20390621, ""query_seed"": 20391625, ""evaluation_path_source"": ""planner_path"", ""planner_path_pose_count"": 0, ""evaluation_path_pose_count"": 0}"
complex_s03_q0039,ss_rrt,Complex,d20_inf,False,False,2.500602161002462,2311,,,,0,,,0,0,0,0,False,,,,timeout,"{""profile_name"": ""complex_d02"", ""map_seed"": 20390621, ""query_seed"": 20391625, ""rrt_iterations"": 1456, ""evaluation_path_source"": ""planner_path"", ""planner_path_pose_count"": 0, ""evaluation_path_pose_count"": 0}"
complex_s04_q0040,vanilla_ha,Complex,d08_12,True,True,0.5502071380615234,631,9.651619851112732,,,1,0.29072706500210543,0.10322454144803339,0,0,0,0,False,,,,,"{""profile_name"": ""complex_d03"", ""map_seed"": 20400620, ""query_seed"": 20401620, ""evaluation_path_source"": ""trace_poses"", ""planner_path_pose_count"": 13, ""evaluation_path_pose_count"": 100}"
complex_s04_q0040,f_n3p_knn,Complex,d08_12,True,True,0.030728543999430258,0,9.044618473067901,9.651619851112732,-0.06289114028614073,1,0.22243918589838185,0.07367900806860117,0,40,0,0,True,0,3,0.0,,"{""profile_name"": ""complex_d03"", ""map_seed"": 20400620, ""query_seed"": 20401620}"
complex_s04_q0040,n3p_k1,Complex,d08_12,True,True,0.42878413399739657,157,9.584468609364592,9.651619851112732,-0.00695751001220779,1,0.4632119144392008,0.08361041937893643,0,0,2,0,True,0,0,,,"{""profile_name"": ""complex_d03"", ""map_seed"": 20400620, ""query_seed"": 20401620}"
complex_s04_q0040,voronoi_waypoint,Complex,d08_12,True,True,0.4071662760034087,114,10.044776764060895,9.651619851112732,0.040734811255836556,1,0.3083625474040497,0.0683053317856337,0,0,0,0,False,,,,,"{""profile_name"": ""complex_d03"", ""map_seed"": 20400620, ""query_seed"": 20401620, ""waypoint_count"": 1}"
complex_s04_q0040,bottleneck_waypoint,Complex,d08_12,True,True,0.43454391599516384,134,10.267808856658444,9.651619851112732,0.06384306624702707,1,0.36104107773644684,0.10623808544423086,0,0,0,0,False,,,,,"{""profile_name"": ""complex_d03"", ""map_seed"": 20400620, ""query_seed"": 20401620, ""waypoint_count"": 1, ""bottleneck_count"": 1}"
complex_s04_q0040,improved_ha,Complex,d08_12,True,True,0.5473213195800781,631,9.651619851112732,9.651619851112732,0.0,1,0.29072706500210543,0.10322454144803339,0,0,0,0,False,,,,,"{""profile_name"": ""complex_d03"", ""map_seed"": 20400620, ""query_seed"": 20401620, ""evaluation_path_source"": ""trace_poses"", ""planner_path_pose_count"": 13, ""evaluation_path_pose_count"": 100}"
complex_s04_q0040,lo_ha,Complex,d08_12,True,True,0.3378021717071533,536,9.651619851112732,9.651619851112732,0.0,1,0.29072706500210543,0.10322454144803339,0,0,0,0,False,,,,,"{""profile_name"": ""complex_d03"", ""map_seed"": 20400620, ""query_seed"": 20401620, ""evaluation_path_source"": ""trace_poses"", ""planner_path_pose_count"": 13, ""evaluation_path_pose_count"": 100}"
complex_s04_q0040,ss_rrt,Complex,d08_12,False,False,0.5245415610042983,10,,9.651619851112732,,0,,,0,0,0,0,False,,,,iteration_budget_exhausted,"{""profile_name"": ""complex_d03"", ""map_seed"": 20400620, ""query_seed"": 20401620, ""rrt_iterations"": 3000, ""evaluation_path_source"": ""planner_path"", ""planner_path_pose_count"": 0, ""evaluation_path_pose_count"": 0}"
complex_s04_q0041,vanilla_ha,Complex,d12_16,True,True,0.15960121154785156,25,15.550333608634892,,,0,0.17049725165802446,0.06682752110602697,0,0,0,0,False,,,,,"{""profile_name"": ""complex_d04"", ""map_seed"": 20400620, ""query_seed"": 20401621, ""evaluation_path_source"": ""trace_poses"", ""planner_path_pose_count"": 16, ""evaluation_path_pose_count"": 157}"
complex_s04_q0041,f_n3p_knn,Complex,d12_16,True,True,0.017770769001799636,0,16.14385917252968,15.550333608634892,0.0381680276984675,1,0.12488238612837323,0.21549980086607656,0,1,0,0,True,1,2,0.5,,"{""profile_name"": ""complex_d04"", ""map_seed"": 20400620, ""query_seed"": 20401621}"
complex_s04_q0041,n3p_k1,Complex,d12_16,True,True,0.16581538900209125,25,15.550333608634892,15.550333608634892,0.0,0,0.17049725165802446,0.06682752110602697,0,0,1,0,True,0,0,,,"{""profile_name"": ""complex_d04"", ""map_seed"": 20400620, ""query_seed"": 20401621}"
complex_s04_q0041,voronoi_waypoint,Complex,d12_16,True,True,0.48337723100121366,9,16.67733124341345,15.550333608634892,0.07247417728406491,0,0.2181885580715931,0.06682752110602697,0,0,0,0,False,,,,,"{""profile_name"": ""complex_d04"", ""map_seed"": 20400620, ""query_seed"": 20401621, ""waypoint_count"": 2}"
complex_s04_q0041,bottleneck_waypoint,Complex,d12_16,True,True,0.6201542499984498,4,16.46171060566581,15.550333608634892,0.058608195809049635,1,0.22942436123901847,0.37559612813070387,0,0,0,0,False,,,,,"{""profile_name"": ""complex_d04"", ""map_seed"": 20400620, ""query_seed"": 20401621, ""waypoint_count"": 3, ""bottleneck_count"": 3}"
complex_s04_q0041,improved_ha,Complex,d12_16,True,True,0.16224431991577148,25,15.550333608634892,15.550333608634892,0.0,0,0.17049725165802446,0.06682752110602697,0,0,0,0,False,,,,,"{""profile_name"": ""complex_d04"", ""map_seed"": 20400620, ""query_seed"": 20401621, ""evaluation_path_source"": ""trace_poses"", ""planner_path_pose_count"": 16, ""evaluation_path_pose_count"": 157}"
complex_s04_q0041,lo_ha,Complex,d12_16,True,True,0.15697646141052246,17,15.564778221927137,15.550333608634892,0.0009288941096559089,0,0.11356854063156112,0.06682752110602697,0,0,0,0,False,,,,,"{""profile_name"": ""complex_d04"", ""map_seed"": 20400620, ""query_seed"": 20401621, ""evaluation_path_source"": ""trace_poses"", ""planner_path_pose_count"": 15, ""evaluation_path_pose_count"": 158}"
complex_s04_q0041,ss_rrt,Complex,d12_16,True,True,0.11229720900155371,46,15.668880513421401,15.550333608634892,0.00762343161053991,0,0.19213865928488497,0.08351974411612284,0,0,0,0,False,,,,,"{""profile_name"": ""complex_d04"", ""map_seed"": 20400620, ""query_seed"": 20401621, ""rrt_iterations"": 51, ""evaluation_path_source"": ""planner_path"", ""planner_path_pose_count"": 197, ""evaluation_path_pose_count"": 197}"
complex_s04_q0042,vanilla_ha,Complex,d16_20,True,True,0.8409838676452637,1016,19.192910034775327,,,0,0.0641954298941125,0.09809823759271574,0,0,0,0,False,,,,,"{""profile_name"": ""complex_d02"", ""map_seed"": 20400620, ""query_seed"": 20401622, ""evaluation_path_source"": ""trace_poses"", ""planner_path_pose_count"": 47, ""evaluation_path_pose_count"": 194}"
complex_s04_q0042,f_n3p_knn,Complex,d16_20,True,True,0.04135764199600089,0,19.34548804902593,19.192910034775327,0.007949707156140073,2,0.10712193004010445,0.09572272229536938,0,9,0,0,True,0,4,0.0,,"{""profile_name"": ""complex_d02"", ""map_seed"": 20400620, ""query_seed"": 20401622}"
complex_s04_q0042,n3p_k1,Complex,d16_20,True,True,0.3738214359982521,68,20.16410743871535,19.192910034775327,0.0506018838300355,0,0.25522736810197805,0.07169720922305056,0,0,2,0,True,1,1,1.0,,"{""profile_name"": ""complex_d02"", ""map_seed"": 20400620, ""query_seed"": 20401622}"
complex_s04_q0042,voronoi_waypoint,Complex,d16_20,True,True,0.6178609499984304,10,20.38724133822419,19.192910034775327,0.06222773416250438,0,0.25939497015854845,0.07150800163264959,0,0,0,0,False,,,,,"{""profile_name"": ""complex_d02"", ""map_seed"": 20400620, ""query_seed"": 20401622, ""waypoint_count"": 3}"
complex_s04_q0042,bottleneck_waypoint,Complex,d16_20,True,True,0.6145140759981587,4,20.69688354127953,19.192910034775327,0.07836088971287714,0,0.269944304514508,0.1465704189735102,0,0,0,0,False,,,,,"{""profile_name"": ""complex_d02"", ""map_seed"": 20400620, ""query_seed"": 20401622, ""waypoint_count"": 3, ""bottleneck_count"": 3}"
complex_s04_q0042,improved_ha,Complex,d16_20,True,True,0.8514440059661865,1016,19.192910034775327,19.192910034775327,0.0,0,0.0641954298941125,0.09809823759271574,0,0,0,0,False,,,,,"{""profile_name"": ""complex_d02"", ""map_seed"": 20400620, ""query_seed"": 20401622, ""evaluation_path_source"": ""trace_poses"", ""planner_path_pose_count"": 47, ""evaluation_path_pose_count"": 194}"
complex_s04_q0042,lo_ha,Complex,d16_20,True,True,0.3582890033721924,425,19.20975886882782,19.192910034775327,0.0008778676095477778,0,0.049198157973503326,0.08333246737254907,0,0,0,0,False,,,,,"{""profile_name"": ""complex_d02"", ""map_seed"": 20400620, ""query_seed"": 20401622, ""evaluation_path_source"": ""trace_poses"", ""planner_path_pose_count"": 36, ""evaluation_path_pose_count"": 194}"
complex_s04_q0042,ss_rrt,Complex,d16_20,True,True,0.35503598299692385,140,19.199259262312435,19.192910034775327,0.0003308110925130947,0,0.13250394171509686,0.09035500870824464,0,0,0,0,False,,,,,"{""profile_name"": ""complex_d02"", ""map_seed"": 20400620, ""query_seed"": 20401622, ""rrt_iterations"": 203, ""evaluation_path_source"": ""planner_path"", ""planner_path_pose_count"": 237, ""evaluation_path_pose_count"": 237}"
complex_s04_q0043,vanilla_ha,Complex,d20_inf,True,True,1.2411320209503174,1543,20.920392961447515,,,0,0.06525086378882962,0.07078302905820766,0,0,0,0,False,,,,,"{""profile_name"": ""complex_d03"", ""map_seed"": 20400620, ""query_seed"": 20401623, ""evaluation_path_source"": ""trace_poses"", ""planner_path_pose_count"": 48, ""evaluation_path_pose_count"": 211}"
complex_s04_q0043,f_n3p_knn,Complex,d20_inf,True,True,0.04696830000466434,0,22.092789065104476,20.920392961447515,0.056040826088566975,8,0.20163987876286804,0.13684540155075342,0,5,0,0,True,3,5,0.6,,"{""profile_name"": ""complex_d03"", ""map_seed"": 20400620, ""query_seed"": 20401623}"
complex_s04_q0043,n3p_k1,Complex,d20_inf,True,True,2.096898379000777,2710,20.920392961447515,20.920392961447515,0.0,0,0.06525086378882962,0.07078302905820766,0,0,1,1,True,0,0,,,"{""profile_name"": ""complex_d03"", ""map_seed"": 20400620, ""query_seed"": 20401623}"
complex_s04_q0043,voronoi_waypoint,Complex,d20_inf,True,True,0.6257639760005986,5,24.223005923268992,20.920392961447515,0.1578657230725824,3,0.19471087026119768,0.09610056552136359,0,0,0,0,False,,,,,"{""profile_name"": ""complex_d03"", ""map_seed"": 20400620, ""query_seed"": 20401623, ""waypoint_count"": 4}"
complex_s04_q0043,bottleneck_waypoint,Complex,d20_inf,True,True,0.6290958119934658,4,22.61518269579017,20.920392961447515,0.08101137189276719,0,0.14787778872138566,0.30383596854683037,0,0,0,0,False,,,,,"{""profile_name"": ""complex_d03"", ""map_seed"": 20400620, ""query_seed"": 20401623, ""waypoint_count"": 3, ""bottleneck_count"": 3}"
complex_s04_q0043,improved_ha,Complex,d20_inf,True,True,1.2530524730682373,1543,20.920392961447515,20.920392961447515,0.0,0,0.06525086378882962,0.07078302905820766,0,0,0,0,False,,,,,"{""profile_name"": ""complex_d03"", ""map_seed"": 20400620, ""query_seed"": 20401623, ""evaluation_path_source"": ""trace_poses"", ""planner_path_pose_count"": 48, ""evaluation_path_pose_count"": 211}"
complex_s04_q0043,lo_ha,Complex,d20_inf,False,False,2.502453088760376,4473,,20.920392961447515,,0,,,0,0,0,0,False,,,,timeout,"{""profile_name"": ""complex_d03"", ""map_seed"": 20400620, ""query_seed"": 20401623, ""evaluation_path_source"": ""planner_path"", ""planner_path_pose_count"": 0, ""evaluation_path_pose_count"": 0}"
complex_s04_q0043,ss_rrt,Complex,d20_inf,False,False,2.5035996259975946,3619,,20.920392961447515,,0,,,0,0,0,0,False,,,,timeout,"{""profile_name"": ""complex_d03"", ""map_seed"": 20400620, ""query_seed"": 20401623, ""rrt_iterations"": 1363, ""evaluation_path_source"": ""planner_path"", ""planner_path_pose_count"": 0, ""evaluation_path_pose_count"": 0}"
complex_s04_q0044,vanilla_ha,Complex,d08_12,True,True,2.0268280506134033,1999,10.287218025147489,,,2,0.21552193537106232,0.07106137573144011,0,0,0,0,False,,,,,"{""profile_name"": ""complex_d04"", ""map_seed"": 20400620, ""query_seed"": 20401624, ""evaluation_path_source"": ""trace_poses"", ""planner_path_pose_count"": 30, ""evaluation_path_pose_count"": 105}"
complex_s04_q0044,f_n3p_knn,Complex,d08_12,True,True,0.17993074699916178,6,34.65999210573209,10.287218025147489,2.369228883941649,5,0.21733186645771105,0.12972267058635745,0,32,1,0,True,3,5,0.6,,"{""profile_name"": ""complex_d04"", ""map_seed"": 20400620, ""query_seed"": 20401624}"
complex_s04_q0044,n3p_k1,Complex,d08_12,True,True,0.1822763170057442,21,13.864189396537876,10.287218025147489,0.34771027139177435,2,0.3887287485397878,0.1055950372538964,0,0,1,0,True,1,1,1.0,,"{""profile_name"": ""complex_d04"", ""map_seed"": 20400620, ""query_seed"": 20401624}"
complex_s04_q0044,voronoi_waypoint,Complex,d08_12,True,True,0.5118373509976664,182,10.20713857704717,10.287218025147489,-0.0077843638488619415,0,0.2829414639419342,0.09490627234954874,0,0,0,0,False,,,,,"{""profile_name"": ""complex_d04"", ""map_seed"": 20400620, ""query_seed"": 20401624, ""waypoint_count"": 1}"
complex_s04_q0044,bottleneck_waypoint,Complex,d08_12,True,True,0.8904281290015206,568,10.231712857782162,10.287218025147489,-0.005395546903899873,0,0.24726587466277114,0.06907708634209886,0,0,0,0,False,,,,,"{""profile_name"": ""complex_d04"", ""map_seed"": 20400620, ""query_seed"": 20401624, ""waypoint_count"": 1, ""bottleneck_count"": 1}"
complex_s04_q0044,improved_ha,Complex,d08_12,True,True,1.9915482997894287,1999,10.221286596487902,10.287218025147489,-0.006409063023493311,2,0.22457038772145158,0.09078889348201069,0,0,0,0,False,,,,,"{""profile_name"": ""complex_d04"", ""map_seed"": 20400620, ""query_seed"": 20401624, ""evaluation_path_source"": ""trace_poses"", ""planner_path_pose_count"": 30, ""evaluation_path_pose_count"": 105}"
complex_s04_q0044,lo_ha,Complex,d08_12,True,True,0.8456583023071289,1203,10.287218025147489,10.287218025147489,0.0,2,0.21552193537106232,0.07106137573144011,0,0,0,0,False,,,,,"{""profile_name"": ""complex_d04"", ""map_seed"": 20400620, ""query_seed"": 20401624, ""evaluation_path_source"": ""trace_poses"", ""planner_path_pose_count"": 30, ""evaluation_path_pose_count"": 105}"
complex_s04_q0044,ss_rrt,Complex,d08_12,False,False,2.5019954509989475,2529,,10.287218025147489,,0,,,0,0,0,0,False,,,,timeout,"{""profile_name"": ""complex_d04"", ""map_seed"": 20400620, ""query_seed"": 20401624, ""rrt_iterations"": 1115, ""evaluation_path_source"": ""planner_path"", ""planner_path_pose_count"": 0, ""evaluation_path_pose_count"": 0}"
complex_s04_q0045,vanilla_ha,Complex,d12_16,True,True,0.2612948417663574,185,15.27623753948386,,,0,0.1911461915835991,0.07515753237550549,0,0,0,0,False,,,,,"{""profile_name"": ""complex_d02"", ""map_seed"": 20400621, ""query_seed"": 20401621, ""evaluation_path_source"": ""trace_poses"", ""planner_path_pose_count"": 19, ""evaluation_path_pose_count"": 155}"
complex_s04_q0045,f_n3p_knn,Complex,d12_16,True,True,0.19892953600356122,49,15.225980983736365,15.27623753948386,-0.0032898516809259926,0,0.1107877483202857,0.08297545851218069,0,27,1,0,True,0,1,0.0,,"{""profile_name"": ""complex_d02"", ""map_seed"": 20400621, ""query_seed"": 20401621}"
complex_s04_q0045,n3p_k1,Complex,d12_16,True,True,0.25544576100219274,93,15.200689898865809,15.27623753948386,-0.004945435053807401,0,0.22686636798413676,0.05660802948714033,0,0,1,0,True,1,1,1.0,,"{""profile_name"": ""complex_d02"", ""map_seed"": 20400621, ""query_seed"": 20401621}"
complex_s04_q0045,voronoi_waypoint,Complex,d12_16,True,True,1.1956015739997383,707,15.758185322451485,15.27623753948386,0.0315488536835038,0,0.2196143841719996,0.06871328460072401,0,0,0,0,False,,,,,"{""profile_name"": ""complex_d02"", ""map_seed"": 20400621, ""query_seed"": 20401621, ""waypoint_count"": 2}"
complex_s04_q0045,bottleneck_waypoint,Complex,d12_16,True,True,0.48196497899334645,3,15.588906808913876,15.27623753948386,0.02046768837037738,0,0.19584777415721,0.0620837712237019,0,0,0,0,False,,,,,"{""profile_name"": ""complex_d02"", ""map_seed"": 20400621, ""query_seed"": 20401621, ""waypoint_count"": 2, ""bottleneck_count"": 2}"
complex_s04_q0045,improved_ha,Complex,d12_16,True,True,0.2600133419036865,185,15.27623753948386,15.27623753948386,0.0,0,0.1911461915835991,0.07515753237550549,0,0,0,0,False,,,,,"{""profile_name"": ""complex_d02"", ""map_seed"": 20400621, ""query_seed"": 20401621, ""evaluation_path_source"": ""trace_poses"", ""planner_path_pose_count"": 19, ""evaluation_path_pose_count"": 155}"
complex_s04_q0045,lo_ha,Complex,d12_16,True,True,0.22208094596862793,209,15.309196384097397,15.27623753948386,0.0021575237049273888,0,0.11406488683117949,0.07257228406376892,0,0,0,0,False,,,,,"{""profile_name"": ""complex_d02"", ""map_seed"": 20400621, ""query_seed"": 20401621, ""evaluation_path_source"": ""trace_poses"", ""planner_path_pose_count"": 20, ""evaluation_path_pose_count"": 156}"
complex_s04_q0045,ss_rrt,Complex,d12_16,True,True,0.29039986599673284,114,17.92020582102437,15.27623753948386,0.17307719094487473,0,0.4191316160858733,0.0846097786841995,0,0,0,0,False,,,,,"{""profile_name"": ""complex_d02"", ""map_seed"": 20400621, ""query_seed"": 20401621, ""rrt_iterations"": 229, ""evaluation_path_source"": ""planner_path"", ""planner_path_pose_count"": 237, ""evaluation_path_pose_count"": 237}"
complex_s04_q0046,vanilla_ha,Complex,d16_20,False,False,2.5001347064971924,2684,,,,0,,,0,0,0,0,False,,,,timeout,"{""profile_name"": ""complex_d03"", ""map_seed"": 20400621, ""query_seed"": 20401622, ""evaluation_path_source"": ""planner_path"", ""planner_path_pose_count"": 0, ""evaluation_path_pose_count"": 0}"
complex_s04_q0046,f_n3p_knn,Complex,d16_20,True,True,0.019908959002350457,0,18.411076951511493,,,2,0.16289655487487859,0.07249745101803606,0,6,0,0,True,1,2,0.5,,"{""profile_name"": ""complex_d03"", ""map_seed"": 20400621, ""query_seed"": 20401622}"
complex_s04_q0046,n3p_k1,Complex,d16_20,False,False,3.521231782004179,3818,,,,0,,,0,0,1,1,True,1,1,1.0,f2_failed:prediction:goal_in_collision;goal:timeout;f3_failed:timeout,"{""profile_name"": ""complex_d03"", ""map_seed"": 20400621, ""query_seed"": 20401622}"
complex_s04_q0046,voronoi_waypoint,Complex,d16_20,True,True,0.6174403190016164,8,18.963443219534714,,,0,0.30056681239877464,0.061629973192919074,0,0,0,0,False,,,,,"{""profile_name"": ""complex_d03"", ""map_seed"": 20400621, ""query_seed"": 20401622, ""waypoint_count"": 3}"
complex_s04_q0046,bottleneck_waypoint,Complex,d16_20,True,True,0.7605032030041912,5,18.602095772568433,,,1,0.1970185765356082,0.1888774764785015,0,0,0,0,False,,,,,"{""profile_name"": ""complex_d03"", ""map_seed"": 20400621, ""query_seed"": 20401622, ""waypoint_count"": 4, ""bottleneck_count"": 4}"
complex_s04_q0046,improved_ha,Complex,d16_20,False,False,2.5012989044189453,2657,,,,0,,,0,0,0,0,False,,,,timeout,"{""profile_name"": ""complex_d03"", ""map_seed"": 20400621, ""query_seed"": 20401622, ""evaluation_path_source"": ""planner_path"", ""planner_path_pose_count"": 0, ""evaluation_path_pose_count"": 0}"
complex_s04_q0046,lo_ha,Complex,d16_20,False,False,2.500002861022949,4296,,,,0,,,0,0,0,0,False,,,,timeout,"{""profile_name"": ""complex_d03"", ""map_seed"": 20400621, ""query_seed"": 20401622, ""evaluation_path_source"": ""planner_path"", ""planner_path_pose_count"": 0, ""evaluation_path_pose_count"": 0}"
complex_s04_q0046,ss_rrt,Complex,d16_20,False,False,2.50115081200056,1247,,,,0,,,0,0,0,0,False,,,,timeout,"{""profile_name"": ""complex_d03"", ""map_seed"": 20400621, ""query_seed"": 20401622, ""rrt_iterations"": 1237, ""evaluation_path_source"": ""planner_path"", ""planner_path_pose_count"": 0, ""evaluation_path_pose_count"": 0}"
complex_s04_q0047,vanilla_ha,Complex,d20_inf,False,False,2.5001180171966553,4039,,,,0,,,0,0,0,0,False,,,,timeout,"{""profile_name"": ""complex_d04"", ""map_seed"": 20400621, ""query_seed"": 20401623, ""evaluation_path_source"": ""planner_path"", ""planner_path_pose_count"": 0, ""evaluation_path_pose_count"": 0}"
complex_s04_q0047,f_n3p_knn,Complex,d20_inf,True,True,0.04087900800368516,0,28.46882267580629,,,1,0.14271881448464485,0.07304834169821095,0,17,0,0,True,3,5,0.6,,"{""profile_name"": ""complex_d04"", ""map_seed"": 20400621, ""query_seed"": 20401623}"
complex_s04_q0047,n3p_k1,Complex,d20_inf,True,True,0.39405772499594605,66,27.20144585393906,,,3,0.3569753491235834,0.0659940876862718,0,0,2,0,True,3,3,1.0,,"{""profile_name"": ""complex_d04"", ""map_seed"": 20400621, ""query_seed"": 20401623}"
complex_s04_q0047,voronoi_waypoint,Complex,d20_inf,True,True,0.7627396850002697,9,29.015450809135174,,,2,0.11835999410943383,0.0974742536307942,0,0,0,0,False,,,,,"{""profile_name"": ""complex_d04"", ""map_seed"": 20400621, ""query_seed"": 20401623, ""waypoint_count"": 4}"
complex_s04_q0047,bottleneck_waypoint,Complex,d20_inf,True,True,0.7694482229999267,10,29.102378374696148,,,2,0.13055494078282007,0.0974742536307942,0,0,0,0,False,,,,,"{""profile_name"": ""complex_d04"", ""map_seed"": 20400621, ""query_seed"": 20401623, ""waypoint_count"": 4, ""bottleneck_count"": 4}"
complex_s04_q0047,improved_ha,Complex,d20_inf,False,False,2.5000298023223877,4039,,,,0,,,0,0,0,0,False,,,,timeout,"{""profile_name"": ""complex_d04"", ""map_seed"": 20400621, ""query_seed"": 20401623, ""evaluation_path_source"": ""planner_path"", ""planner_path_pose_count"": 0, ""evaluation_path_pose_count"": 0}"
complex_s04_q0047,lo_ha,Complex,d20_inf,True,True,0.36536288261413574,595,26.78858251541441,,,2,0.14128854419842066,0.09287683856727313,0,0,0,0,False,,,,,"{""profile_name"": ""complex_d04"", ""map_seed"": 20400621, ""query_seed"": 20401623, ""evaluation_path_source"": ""trace_poses"", ""planner_path_pose_count"": 79, ""evaluation_path_pose_count"": 271}"
complex_s04_q0047,ss_rrt,Complex,d20_inf,False,False,0.4631179420030094,7,,,,0,,,0,0,0,0,False,,,,iteration_budget_exhausted,"{""profile_name"": ""complex_d04"", ""map_seed"": 20400621, ""query_seed"": 20401623, ""rrt_iterations"": 3000, ""evaluation_path_source"": ""planner_path"", ""planner_path_pose_count"": 0, ""evaluation_path_pose_count"": 0}"
complex_s04_q0048,vanilla_ha,Complex,d08_12,True,True,0.1467583179473877,1,8.324061508662705,,,0,0.0,0.11256087352795152,0,0,0,0,False,,,,,"{""profile_name"": ""complex_d02"", ""map_seed"": 20400621, ""query_seed"": 20401624, ""evaluation_path_source"": ""trace_poses"", ""planner_path_pose_count"": 2, ""evaluation_path_pose_count"": 85}"
complex_s04_q0048,f_n3p_knn,Complex,d08_12,True,True,0.00048624900227878243,0,8.324061508662705,8.324061508662705,0.0,0,4.00125476056286e-17,0.11256087352795152,0,0,0,0,False,0,0,,,"{""profile_name"": ""complex_d02"", ""map_seed"": 20400621, ""query_seed"": 20401624}"
complex_s04_q0048,n3p_k1,Complex,d08_12,True,True,0.000461670002550818,0,8.324061508662705,8.324061508662705,0.0,0,4.00125476056286e-17,0.11256087352795152,0,0,0,0,False,0,0,,,"{""profile_name"": ""complex_d02"", ""map_seed"": 20400621, ""query_seed"": 20401624}"
complex_s04_q0048,voronoi_waypoint,Complex,d08_12,True,True,0.33049759899586206,2,8.925171579698297,8.324061508662705,0.07221355469442736,0,0.2226849854486903,0.6834301258773148,0,0,0,0,False,,,,,"{""profile_name"": ""complex_d02"", ""map_seed"": 20400621, ""query_seed"": 20401624, ""waypoint_count"": 1}"
complex_s04_q0048,bottleneck_waypoint,Complex,d08_12,True,True,0.4728831639949931,3,8.944834439526229,8.324061508662705,0.07457572607044005,0,0.2886195482421244,0.6834301258773163,0,0,0,0,False,,,,,"{""profile_name"": ""complex_d02"", ""map_seed"": 20400621, ""query_seed"": 20401624, ""waypoint_count"": 2, ""bottleneck_count"": 2}"
complex_s04_q0048,improved_ha,Complex,d08_12,True,True,0.14855718612670898,1,8.324061508662705,8.324061508662705,0.0,0,0.0,0.11256087352795152,0,0,0,0,False,,,,,"{""profile_name"": ""complex_d02"", ""map_seed"": 20400621, ""query_seed"": 20401624, ""evaluation_path_source"": ""trace_poses"", ""planner_path_pose_count"": 2, ""evaluation_path_pose_count"": 85}"
complex_s04_q0048,lo_ha,Complex,d08_12,True,True,0.14600515365600586,1,8.324061508662705,8.324061508662705,0.0,0,0.0,0.11256087352795152,0,0,0,0,False,,,,,"{""profile_name"": ""complex_d02"", ""map_seed"": 20400621, ""query_seed"": 20401624, ""evaluation_path_source"": ""trace_poses"", ""planner_path_pose_count"": 2, ""evaluation_path_pose_count"": 85}"
complex_s04_q0048,ss_rrt,Complex,d08_12,True,True,0.00040855199767975137,2,8.324061508662705,8.324061508662705,0.0,0,4.1346299192482857e-16,0.11256087352795374,0,0,0,0,False,,,,,"{""profile_name"": ""complex_d02"", ""map_seed"": 20400621, ""query_seed"": 20401624, ""rrt_iterations"": 0, ""evaluation_path_source"": ""planner_path"", ""planner_path_pose_count"": 85, ""evaluation_path_pose_count"": 85}"
complex_s04_q0049,vanilla_ha,Complex,d12_16,True,True,0.35936880111694336,341,15.19587190870289,,,0,0.1686912282069382,0.0764117360801887,0,0,0,0,False,,,,,"{""profile_name"": ""complex_d03"", ""map_seed"": 20400621, ""query_seed"": 20401625, ""evaluation_path_source"": ""trace_poses"", ""planner_path_pose_count"": 33, ""evaluation_path_pose_count"": 155}"
complex_s04_q0049,f_n3p_knn,Complex,d12_16,True,True,0.2714839150066837,103,15.630276926381178,15.19587190870289,0.028587041289121373,2,0.17213186395646973,0.06535310639711944,0,20,1,0,True,0,1,0.0,,"{""profile_name"": ""complex_d03"", ""map_seed"": 20400621, ""query_seed"": 20401625}"
complex_s04_q0049,n3p_k1,Complex,d12_16,True,True,0.5262731340044411,224,15.90530761345091,15.19587190870289,0.04668608086527226,2,0.18943150179962095,0.07231262747276002,0,0,2,0,True,0,0,,,"{""profile_name"": ""complex_d03"", ""map_seed"": 20400621, ""query_seed"": 20401625}"
complex_s04_q0049,voronoi_waypoint,Complex,d12_16,True,True,0.47901884100429015,3,15.59823380070589,15.19587190870289,0.02647836823187233,0,0.13858479291319015,0.06261078414366061,0,0,0,0,False,,,,,"{""profile_name"": ""complex_d03"", ""map_seed"": 20400621, ""query_seed"": 20401625, ""waypoint_count"": 2}"
complex_s04_q0049,bottleneck_waypoint,Complex,d12_16,True,True,0.5026329940010328,23,16.302064043690326,15.19587190870289,0.07279556853555103,2,0.3104220574825522,0.06081099819216507,0,0,0,0,False,,,,,"{""profile_name"": ""complex_d03"", ""map_seed"": 20400621, ""query_seed"": 20401625, ""waypoint_count"": 2, ""bottleneck_count"": 2}"
complex_s04_q0049,improved_ha,Complex,d12_16,True,True,0.36131787300109863,341,15.19587190870289,15.19587190870289,0.0,0,0.1686912282069382,0.0764117360801887,0,0,0,0,False,,,,,"{""profile_name"": ""complex_d03"", ""map_seed"": 20400621, ""query_seed"": 20401625, ""evaluation_path_source"": ""trace_poses"", ""planner_path_pose_count"": 33, ""evaluation_path_pose_count"": 155}"
complex_s04_q0049,lo_ha,Complex,d12_16,True,True,0.2604055404663086,321,15.176555896707793,15.19587190870289,-0.0012711354841069555,0,0.12796050591784494,0.07178239187846769,0,0,0,0,False,,,,,"{""profile_name"": ""complex_d03"", ""map_seed"": 20400621, ""query_seed"": 20401625, ""evaluation_path_source"": ""trace_poses"", ""planner_path_pose_count"": 32, ""evaluation_path_pose_count"": 154}"
complex_s04_q0049,ss_rrt,Complex,d12_16,True,True,0.13423190000321483,52,15.832140633540876,15.19587190870289,0.04187115610480929,0,0.43986797309676284,0.05984222021156527,0,0,0,0,False,,,,,"{""profile_name"": ""complex_d03"", ""map_seed"": 20400621, ""query_seed"": 20401625, ""rrt_iterations"": 53, ""evaluation_path_source"": ""planner_path"", ""planner_path_pose_count"": 193, ""evaluation_path_pose_count"": 193}"
extreme_s00_q0000,vanilla_ha,Extreme,d08_12,True,True,0.15014934539794922,13,9.0269049258482,,,0,0.20394061509432007,0.1909453326641124,0,0,0,0,False,,,,,"{""profile_name"": ""extreme_d05"", ""map_seed"": 20460620, ""query_seed"": 20461620, ""evaluation_path_source"": ""trace_poses"", ""planner_path_pose_count"": 8, ""evaluation_path_pose_count"": 93}"
extreme_s00_q0000,f_n3p_knn,Extreme,d08_12,True,True,0.01937094799359329,0,11.199956238101606,9.0269049258482,0.24073049734144836,3,0.3966541670323814,0.18133531222381272,0,3,0,0,True,0,2,0.0,,"{""profile_name"": ""extreme_d05"", ""map_seed"": 20460620, ""query_seed"": 20461620}"
extreme_s00_q0000,n3p_k1,Extreme,d08_12,True,True,0.15582960500614718,5,9.052641313094796,9.0269049258482,0.0028510754747068656,0,0.1863329270860514,0.07980015545511376,0,0,1,0,True,0,0,,,"{""profile_name"": ""extreme_d05"", ""map_seed"": 20460620, ""query_seed"": 20461620}"
extreme_s00_q0000,voronoi_waypoint,Extreme,d08_12,True,True,0.33186653899610974,8,9.375485312934892,9.0269049258482,0.03861571490451232,0,0.24046680306504206,0.10243278202535633,0,0,0,0,False,,,,,"{""profile_name"": ""extreme_d05"", ""map_seed"": 20460620, ""query_seed"": 20461620, ""waypoint_count"": 1}"
extreme_s00_q0000,bottleneck_waypoint,Extreme,d08_12,True,True,0.4699846309958957,3,10.053612838752054,9.0269049258482,0.1137386425732605,0,0.3851384048178812,0.26995995245915183,0,0,0,0,False,,,,,"{""profile_name"": ""extreme_d05"", ""map_seed"": 20460620, ""query_seed"": 20461620, ""waypoint_count"": 2, ""bottleneck_count"": 2}"
extreme_s00_q0000,improved_ha,Extreme,d08_12,True,True,0.1514580249786377,13,9.0269049258482,9.0269049258482,0.0,0,0.20394061509432007,0.1909453326641124,0,0,0,0,False,,,,,"{""profile_name"": ""extreme_d05"", ""map_seed"": 20460620, ""query_seed"": 20461620, ""evaluation_path_source"": ""trace_poses"", ""planner_path_pose_count"": 8, ""evaluation_path_pose_count"": 93}"
extreme_s00_q0000,lo_ha,Extreme,d08_12,True,True,0.14766860008239746,19,8.918043192445479,9.0269049258482,-0.012059696462626945,0,0.16715794837526904,0.10292405888983858,0,0,0,0,False,,,,,"{""profile_name"": ""extreme_d05"", ""map_seed"": 20460620, ""query_seed"": 20461620, ""evaluation_path_source"": ""trace_poses"", ""planner_path_pose_count"": 10, ""evaluation_path_pose_count"": 91}"
extreme_s00_q0000,ss_rrt,Extreme,d08_12,False,False,2.502193852000346,1839,,9.0269049258482,,0,,,0,0,0,0,False,,,,timeout,"{""profile_name"": ""extreme_d05"", ""map_seed"": 20460620, ""query_seed"": 20461620, ""rrt_iterations"": 2013, ""evaluation_path_source"": ""planner_path"", ""planner_path_pose_count"": 0, ""evaluation_path_pose_count"": 0}"
extreme_s00_q0001,vanilla_ha,Extreme,d12_16,True,True,2.1526238918304443,2485,16.07257047230246,,,0,0.09320930936245926,0.04058843270878493,0,0,0,0,False,,,,,"{""profile_name"": ""extreme_d06"", ""map_seed"": 20460620, ""query_seed"": 20461621, ""evaluation_path_source"": ""trace_poses"", ""planner_path_pose_count"": 40, ""evaluation_path_pose_count"": 163}"
extreme_s00_q0001,f_n3p_knn,Extreme,d12_16,True,True,2.9877730239968514,3170,16.07257047230246,16.07257047230246,0.0,0,0.09320930936245926,0.04058843270878493,0,31,1,1,True,1,4,0.25,,"{""profile_name"": ""extreme_d06"", ""map_seed"": 20460620, ""query_seed"": 20461621}"
extreme_s00_q0001,n3p_k1,Extreme,d12_16,True,True,1.4908453789976193,1226,16.780903021673517,16.07257047230246,0.04407089398623043,2,0.30984006820337195,0.038884963438411524,0,0,2,0,True,0,0,,,"{""profile_name"": ""extreme_d06"", ""map_seed"": 20460620, ""query_seed"": 20461621}"
extreme_s00_q0001,voronoi_waypoint,Extreme,d12_16,True,True,1.4908238089992665,933,16.977430579507267,16.07257047230246,0.05629840657809737,0,0.2557273100459817,0.03880340141871064,0,0,0,0,False,,,,,"{""profile_name"": ""extreme_d06"", ""map_seed"": 20460620, ""query_seed"": 20461621, ""waypoint_count"": 3}"
extreme_s00_q0001,bottleneck_waypoint,Extreme,d12_16,True,True,0.49192467099783244,24,16.571591921547427,16.07257047230246,0.03104801749694741,0,0.23530243060768558,0.03672765710144121,0,0,0,0,False,,,,,"{""profile_name"": ""extreme_d06"", ""map_seed"": 20460620, ""query_seed"": 20461621, ""waypoint_count"": 2, ""bottleneck_count"": 2}"
extreme_s00_q0001,improved_ha,Extreme,d12_16,True,True,2.180081367492676,2485,16.07257047230246,16.07257047230246,0.0,0,0.09320930936245926,0.04058843270878493,0,0,0,0,False,,,,,"{""profile_name"": ""extreme_d06"", ""map_seed"": 20460620, ""query_seed"": 20461621, ""evaluation_path_source"": ""trace_poses"", ""planner_path_pose_count"": 40, ""evaluation_path_pose_count"": 163}"
extreme_s00_q0001,lo_ha,Extreme,d12_16,False,False,2.502472162246704,4641,,16.07257047230246,,0,,,0,0,0,0,False,,,,timeout,"{""profile_name"": ""extreme_d06"", ""map_seed"": 20460620, ""query_seed"": 20461621, ""evaluation_path_source"": ""planner_path"", ""planner_path_pose_count"": 0, ""evaluation_path_pose_count"": 0}"
extreme_s00_q0001,ss_rrt,Extreme,d12_16,False,False,2.5016569500003243,1276,,16.07257047230246,,0,,,0,0,0,0,False,,,,timeout,"{""profile_name"": ""extreme_d06"", ""map_seed"": 20460620, ""query_seed"": 20461621, ""rrt_iterations"": 1579, ""evaluation_path_source"": ""planner_path"", ""planner_path_pose_count"": 0, ""evaluation_path_pose_count"": 0}"
extreme_s00_q0002,vanilla_ha,Extreme,d16_20,True,True,0.6906065940856934,1537,19.061563419769328,,,0,0.1187793187913204,0.07414255827060368,0,0,0,0,False,,,,,"{""profile_name"": ""extreme_d07"", ""map_seed"": 20460620, ""query_seed"": 20461622, ""evaluation_path_source"": ""trace_poses"", ""planner_path_pose_count"": 14, ""evaluation_path_pose_count"": 193}"
extreme_s00_q0002,f_n3p_knn,Extreme,d16_20,True,True,0.039279024000279605,0,22.02004438582429,19.061563419769328,0.1552066271220245,7,0.29186519982828135,0.059953330059099086,0,5,0,0,True,2,4,0.5,,"{""profile_name"": ""extreme_d07"", ""map_seed"": 20460620, ""query_seed"": 20461622}"
extreme_s00_q0002,n3p_k1,Extreme,d16_20,True,True,0.8466373600022052,981,19.42114145969203,19.061563419769328,0.018864037120364108,2,0.20910845224849664,0.059953330059099086,0,0,1,0,True,1,1,1.0,,"{""profile_name"": ""extreme_d07"", ""map_seed"": 20460620, ""query_seed"": 20461622}"
extreme_s00_q0002,voronoi_waypoint,Extreme,d16_20,True,True,0.6165168640000047,4,19.225312149229534,19.061563419769328,0.008590519353222525,0,0.23157955318679163,0.11503428172340857,0,0,0,0,False,,,,,"{""profile_name"": ""extreme_d07"", ""map_seed"": 20460620, ""query_seed"": 20461622, ""waypoint_count"": 3}"
extreme_s00_q0002,bottleneck_waypoint,Extreme,d16_20,True,True,0.874545869002759,272,18.84786578824026,19.061563419769328,-0.011210918371335477,0,0.2268277212437397,0.08190605291668729,0,0,0,0,False,,,,,"{""profile_name"": ""extreme_d07"", ""map_seed"": 20460620, ""query_seed"": 20461622, ""waypoint_count"": 3, ""bottleneck_count"": 3}"
extreme_s00_q0002,improved_ha,Extreme,d16_20,True,True,0.6867599487304688,1537,19.061563419769328,19.061563419769328,0.0,0,0.1187793187913204,0.07414255827060368,0,0,0,0,False,,,,,"{""profile_name"": ""extreme_d07"", ""map_seed"": 20460620, ""query_seed"": 20461622, ""evaluation_path_source"": ""trace_poses"", ""planner_path_pose_count"": 14, ""evaluation_path_pose_count"": 193}"
extreme_s00_q0002,lo_ha,Extreme,d16_20,True,True,1.8477892875671387,4045,18.74730268813838,19.061563419769328,-0.016486618894283267,0,0.1057981169950703,0.08747058228028204,0,0,0,0,False,,,,,"{""profile_name"": ""extreme_d07"", ""map_seed"": 20460620, ""query_seed"": 20461622, ""evaluation_path_source"": ""trace_poses"", ""planner_path_pose_count"": 52, ""evaluation_path_pose_count"": 190}"
extreme_s00_q0002,ss_rrt,Extreme,d16_20,False,False,2.5049869299982674,2353,,19.061563419769328,,0,,,0,0,0,0,False,,,,timeout,"{""profile_name"": ""extreme_d07"", ""map_seed"": 20460620, ""query_seed"": 20461622, ""rrt_iterations"": 1757, ""evaluation_path_source"": ""planner_path"", ""planner_path_pose_count"": 0, ""evaluation_path_pose_count"": 0}"
extreme_s00_q0003,vanilla_ha,Extreme,d20_inf,True,True,1.2303953170776367,1877,28.6844418092315,,,2,0.3223658269008456,0.05475822083283527,0,0,0,0,False,,,,,"{""profile_name"": ""extreme_d05"", ""map_seed"": 20460620, ""query_seed"": 20461623, ""evaluation_path_source"": ""trace_poses"", ""planner_path_pose_count"": 93, ""evaluation_path_pose_count"": 290}"
extreme_s00_q0003,f_n3p_knn,Extreme,d20_inf,True,True,0.05959489200176904,0,30.993975381685036,28.6844418092315,0.08051520011486701,0,0.19506270706276113,0.07815567321096084,0,17,0,0,True,2,7,0.2857142857142857,,"{""profile_name"": ""extreme_d05"", ""map_seed"": 20460620, ""query_seed"": 20461623}"
extreme_s00_q0003,n3p_k1,Extreme,d20_inf,True,True,2.070904057996813,3451,28.6844418092315,28.6844418092315,0.0,2,0.3223658269008456,0.05475822083283527,0,0,1,1,True,0,0,,,"{""profile_name"": ""extreme_d05"", ""map_seed"": 20460620, ""query_seed"": 20461623}"
extreme_s00_q0003,voronoi_waypoint,Extreme,d20_inf,True,True,0.9112842019967502,18,30.25740002421045,28.6844418092315,0.05483663323274879,0,0.2733283155580493,0.0691453263223234,0,0,0,0,False,,,,,"{""profile_name"": ""extreme_d05"", ""map_seed"": 20460620, ""query_seed"": 20461623, ""waypoint_count"": 5}"
extreme_s00_q0003,bottleneck_waypoint,Extreme,d20_inf,True,True,1.0374710660034907,7,29.55910074438141,28.6844418092315,0.03049245095884756,0,0.24502721208481895,0.07866150274537442,0,0,0,0,False,,,,,"{""profile_name"": ""extreme_d05"", ""map_seed"": 20460620, ""query_seed"": 20461623, ""waypoint_count"": 6, ""bottleneck_count"": 6}"
extreme_s00_q0003,improved_ha,Extreme,d20_inf,True,True,1.2147085666656494,1877,28.6844418092315,28.6844418092315,0.0,2,0.3223658269008456,0.05475822083283527,0,0,0,0,False,,,,,"{""profile_name"": ""extreme_d05"", ""map_seed"": 20460620, ""query_seed"": 20461623, ""evaluation_path_source"": ""trace_poses"", ""planner_path_pose_count"": 93, ""evaluation_path_pose_count"": 290}"
extreme_s00_q0003,lo_ha,Extreme,d20_inf,False,False,2.5000345706939697,6726,,28.6844418092315,,0,,,0,0,0,0,False,,,,timeout,"{""profile_name"": ""extreme_d05"", ""map_seed"": 20460620, ""query_seed"": 20461623, ""evaluation_path_source"": ""planner_path"", ""planner_path_pose_count"": 0, ""evaluation_path_pose_count"": 0}"
extreme_s00_q0003,ss_rrt,Extreme,d20_inf,False,False,2.506125432999397,1178,,28.6844418092315,,0,,,0,0,0,0,False,,,,timeout,"{""profile_name"": ""extreme_d05"", ""map_seed"": 20460620, ""query_seed"": 20461623, ""rrt_iterations"": 2778, ""evaluation_path_source"": ""planner_path"", ""planner_path_pose_count"": 0, ""evaluation_path_pose_count"": 0}"
extreme_s00_q0004,vanilla_ha,Extreme,d08_12,False,False,2.500230073928833,2883,,,,0,,,0,0,0,0,False,,,,timeout,"{""profile_name"": ""extreme_d06"", ""map_seed"": 20460620, ""query_seed"": 20461624, ""evaluation_path_source"": ""planner_path"", ""planner_path_pose_count"": 0, ""evaluation_path_pose_count"": 0}"
extreme_s00_q0004,f_n3p_knn,Extreme,d08_12,True,True,0.033085219001804944,0,14.438334366042257,,,1,0.22356999495329258,0.0819902453072876,0,13,0,0,True,0,4,0.0,,"{""profile_name"": ""extreme_d06"", ""map_seed"": 20460620, ""query_seed"": 20461624}"
extreme_s00_q0004,n3p_k1,Extreme,d08_12,True,True,0.18475176899664802,25,11.921146306251947,,,1,0.39729850451474935,0.07464454916966956,0,0,1,0,True,1,1,1.0,,"{""profile_name"": ""extreme_d06"", ""map_seed"": 20460620, ""query_seed"": 20461624}"
extreme_s00_q0004,voronoi_waypoint,Extreme,d08_12,True,True,0.4848996279979474,13,14.29042225829031,,,3,0.30197234690706726,0.0819902453072896,0,0,0,0,False,,,,,"{""profile_name"": ""extreme_d06"", ""map_seed"": 20460620, ""query_seed"": 20461624, ""waypoint_count"": 2}"
extreme_s00_q0004,bottleneck_waypoint,Extreme,d08_12,True,True,0.47767498500616057,5,14.213351614520347,,,3,0.21461879239536202,0.06667986941246884,0,0,0,0,False,,,,,"{""profile_name"": ""extreme_d06"", ""map_seed"": 20460620, ""query_seed"": 20461624, ""waypoint_count"": 2, ""bottleneck_count"": 2}"
extreme_s00_q0004,improved_ha,Extreme,d08_12,False,False,2.500239610671997,2851,,,,0,,,0,0,0,0,False,,,,timeout,"{""profile_name"": ""extreme_d06"", ""map_seed"": 20460620, ""query_seed"": 20461624, ""evaluation_path_source"": ""planner_path"", ""planner_path_pose_count"": 0, ""evaluation_path_pose_count"": 0}"
extreme_s00_q0004,lo_ha,Extreme,d08_12,True,True,1.863466739654541,2821,12.461122053097235,,,3,0.21021153466415934,0.07810087196178317,0,0,0,0,False,,,,,"{""profile_name"": ""extreme_d06"", ""map_seed"": 20460620, ""query_seed"": 20461624, ""evaluation_path_source"": ""trace_poses"", ""planner_path_pose_count"": 40, ""evaluation_path_pose_count"": 127}"
extreme_s00_q0004,ss_rrt,Extreme,d08_12,False,False,2.500658768003632,3086,,,,0,,,0,0,0,0,False,,,,timeout,"{""profile_name"": ""extreme_d06"", ""map_seed"": 20460620, ""query_seed"": 20461624, ""rrt_iterations"": 1313, ""evaluation_path_source"": ""planner_path"", ""planner_path_pose_count"": 0, ""evaluation_path_pose_count"": 0}"
extreme_s00_q0005,vanilla_ha,Extreme,d12_16,False,False,2.500544548034668,3154,,,,0,,,0,0,0,0,False,,,,timeout,"{""profile_name"": ""extreme_d07"", ""map_seed"": 20460621, ""query_seed"": 20461621, ""evaluation_path_source"": ""planner_path"", ""planner_path_pose_count"": 0, ""evaluation_path_pose_count"": 0}"
extreme_s00_q0005,f_n3p_knn,Extreme,d12_16,True,True,0.0302502420017845,0,15.323282867802902,,,0,0.2235420032746021,0.175759606725582,0,3,0,0,True,2,3,0.6666666666666666,,"{""profile_name"": ""extreme_d07"", ""map_seed"": 20460621, ""query_seed"": 20461621}"
extreme_s00_q0005,n3p_k1,Extreme,d12_16,True,True,1.8359901389994775,1423,15.21572850323393,,,2,0.25230177800052167,0.07342153420176034,0,0,2,0,True,0,0,,,"{""profile_name"": ""extreme_d07"", ""map_seed"": 20460621, ""query_seed"": 20461621}"
extreme_s00_q0005,voronoi_waypoint,Extreme,d12_16,True,True,0.7152058580031735,264,15.257540061223375,,,0,0.3135672542625129,0.12348484643193003,0,0,0,0,False,,,,,"{""profile_name"": ""extreme_d07"", ""map_seed"": 20460621, ""query_seed"": 20461621, ""waypoint_count"": 2}"
extreme_s00_q0005,bottleneck_waypoint,Extreme,d12_16,True,True,0.6229841589956777,7,15.910859064016854,,,0,0.2761468885217181,0.11369054790934363,0,0,0,0,False,,,,,"{""profile_name"": ""extreme_d07"", ""map_seed"": 20460621, ""query_seed"": 20461621, ""waypoint_count"": 3, ""bottleneck_count"": 3}"
extreme_s00_q0005,improved_ha,Extreme,d12_16,False,False,2.5001368522644043,3167,,,,0,,,0,0,0,0,False,,,,timeout,"{""profile_name"": ""extreme_d07"", ""map_seed"": 20460621, ""query_seed"": 20461621, ""evaluation_path_source"": ""planner_path"", ""planner_path_pose_count"": 0, ""evaluation_path_pose_count"": 0}"
extreme_s00_q0005,lo_ha,Extreme,d12_16,True,True,1.1279056072235107,2200,15.306528076049652,,,2,0.30179432399724104,0.07368046344979984,0,0,0,0,False,,,,,"{""profile_name"": ""extreme_d07"", ""map_seed"": 20460621, ""query_seed"": 20461621, ""evaluation_path_source"": ""trace_poses"", ""planner_path_pose_count"": 41, ""evaluation_path_pose_count"": 156}"
extreme_s00_q0005,ss_rrt,Extreme,d12_16,False,False,2.5004201410047244,3298,,,,0,,,0,0,0,0,False,,,,timeout,"{""profile_name"": ""extreme_d07"", ""map_seed"": 20460621, ""query_seed"": 20461621, ""rrt_iterations"": 1424, ""evaluation_path_source"": ""planner_path"", ""planner_path_pose_count"": 0, ""evaluation_path_pose_count"": 0}"
extreme_s00_q0006,vanilla_ha,Extreme,d16_20,False,False,2.501129388809204,4177,,,,0,,,0,0,0,0,False,,,,timeout,"{""profile_name"": ""extreme_d05"", ""map_seed"": 20460621, ""query_seed"": 20461622, ""evaluation_path_source"": ""planner_path"", ""planner_path_pose_count"": 0, ""evaluation_path_pose_count"": 0}"
extreme_s00_q0006,f_n3p_knn,Extreme,d16_20,True,True,0.07309962200088194,0,17.852470969952012,,,1,0.26793360591136783,0.08241262429070761,0,16,0,0,True,2,8,0.25,,"{""profile_name"": ""extreme_d05"", ""map_seed"": 20460621, ""query_seed"": 20461622}"
extreme_s00_q0006,n3p_k1,Extreme,d16_20,False,False,3.511525718997291,6132,,,,0,,,0,0,1,1,True,0,0,,f2_failed:prediction:goal_in_collision;goal:timeout;f3_failed:timeout,"{""profile_name"": ""extreme_d05"", ""map_seed"": 20460621, ""query_seed"": 20461622}"
extreme_s00_q0006,voronoi_waypoint,Extreme,d16_20,True,True,0.7616337959989323,167,18.389197377461908,,,1,0.26944981059862094,0.06054005572069704,0,0,0,0,False,,,,,"{""profile_name"": ""extreme_d05"", ""map_seed"": 20460621, ""query_seed"": 20461622, ""waypoint_count"": 3}"
extreme_s00_q0006,bottleneck_waypoint,Extreme,d16_20,True,True,0.6807995760027552,66,19.378399402607336,,,1,0.23063494733768844,0.08241262429070761,0,0,0,0,False,,,,,"{""profile_name"": ""extreme_d05"", ""map_seed"": 20460621, ""query_seed"": 20461622, ""waypoint_count"": 3, ""bottleneck_count"": 3}"
extreme_s00_q0006,improved_ha,Extreme,d16_20,False,False,2.5000319480895996,4145,,,,0,,,0,0,0,0,False,,,,timeout,"{""profile_name"": ""extreme_d05"", ""map_seed"": 20460621, ""query_seed"": 20461622, ""evaluation_path_source"": ""planner_path"", ""planner_path_pose_count"": 0, ""evaluation_path_pose_count"": 0}"
extreme_s00_q0006,lo_ha,Extreme,d16_20,False,False,2.5000836849212646,6726,,,,0,,,0,0,0,0,False,,,,timeout,"{""profile_name"": ""extreme_d05"", ""map_seed"": 20460621, ""query_seed"": 20461622, ""evaluation_path_source"": ""planner_path"", ""planner_path_pose_count"": 0, ""evaluation_path_pose_count"": 0}"
extreme_s00_q0006,ss_rrt,Extreme,d16_20,False,False,2.501133051002398,2819,,,,0,,,0,0,0,0,False,,,,timeout,"{""profile_name"": ""extreme_d05"", ""map_seed"": 20460621, ""query_seed"": 20461622, ""rrt_iterations"": 1505, ""evaluation_path_source"": ""planner_path"", ""planner_path_pose_count"": 0, ""evaluation_path_pose_count"": 0}"
extreme_s00_q0007,vanilla_ha,Extreme,d20_inf,True,True,0.7805294990539551,845,30.166103937281882,,,1,0.3949498579239073,0.08031304800519223,0,0,0,0,False,,,,,"{""profile_name"": ""extreme_d06"", ""map_seed"": 20460621, ""query_seed"": 20461623, ""evaluation_path_source"": ""trace_poses"", ""planner_path_pose_count"": 96, ""evaluation_path_pose_count"": 304}"
extreme_s00_q0007,f_n3p_knn,Extreme,d20_inf,True,True,0.08289430800505215,0,34.043972491373765,30.166103937281882,0.12855052684809176,7,0.262381574151417,0.06048309292968973,0,37,0,0,True,3,10,0.3,,"{""profile_name"": ""extreme_d06"", ""map_seed"": 20460621, ""query_seed"": 20461623}"
extreme_s00_q0007,n3p_k1,Extreme,d20_inf,True,True,0.7009119509966695,132,30.648033584582734,30.166103937281882,0.01597586643282889,3,0.37236463624457955,0.07332430616628238,0,0,4,0,True,1,1,1.0,,"{""profile_name"": ""extreme_d06"", ""map_seed"": 20460621, ""query_seed"": 20461623}"
extreme_s00_q0007,voronoi_waypoint,Extreme,d20_inf,False,False,3.363560423000308,3286,26.007847842498034,30.166103937281882,,2,0.32112064283608494,0.061397805391912086,0,0,0,0,False,,,,segment_failed:timeout,"{""profile_name"": ""extreme_d06"", ""map_seed"": 20460621, ""query_seed"": 20461623, ""waypoint_count"": 5}"
extreme_s00_q0007,bottleneck_waypoint,Extreme,d20_inf,False,False,3.4022388299999875,3339,25.21477247555382,30.166103937281882,,2,0.24198266974699073,0.061397805391907756,0,0,0,0,False,,,,segment_failed:timeout,"{""profile_name"": ""extreme_d06"", ""map_seed"": 20460621, ""query_seed"": 20461623, ""waypoint_count"": 5, ""bottleneck_count"": 5}"
extreme_s00_q0007,improved_ha,Extreme,d20_inf,True,True,0.778191328048706,845,30.166103937281882,30.166103937281882,0.0,1,0.3949498579239073,0.08031304800519223,0,0,0,0,False,,,,,"{""profile_name"": ""extreme_d06"", ""map_seed"": 20460621, ""query_seed"": 20461623, ""evaluation_path_source"": ""trace_poses"", ""planner_path_pose_count"": 96, ""evaluation_path_pose_count"": 304}"
extreme_s00_q0007,lo_ha,Extreme,d20_inf,True,True,0.6977250576019287,1271,30.467077380490103,30.166103937281882,0.00997720633178134,1,0.17537029189949402,0.06834231861011475,0,0,0,0,False,,,,,"{""profile_name"": ""extreme_d06"", ""map_seed"": 20460621, ""query_seed"": 20461623, ""evaluation_path_source"": ""trace_poses"", ""planner_path_pose_count"": 99, ""evaluation_path_pose_count"": 307}"
extreme_s00_q0007,ss_rrt,Extreme,d20_inf,False,False,2.501603871001862,1127,,30.166103937281882,,0,,,0,0,0,0,False,,,,timeout,"{""profile_name"": ""extreme_d06"", ""map_seed"": 20460621, ""query_seed"": 20461623, ""rrt_iterations"": 2574, ""evaluation_path_source"": ""planner_path"", ""planner_path_pose_count"": 0, ""evaluation_path_pose_count"": 0}"
extreme_s00_q0008,vanilla_ha,Extreme,d08_12,False,False,2.500546455383301,2574,,,,0,,,0,0,0,0,False,,,,timeout,"{""profile_name"": ""extreme_d07"", ""map_seed"": 20460621, ""query_seed"": 20461624, ""evaluation_path_source"": ""planner_path"", ""planner_path_pose_count"": 0, ""evaluation_path_pose_count"": 0}"
extreme_s00_q0008,f_n3p_knn,Extreme,d08_12,False,False,3.5298069959972054,4216,,,,0,,,0,22,1,1,True,1,2,0.5,f2_failed:prediction:goal_in_collision;goal:timeout;f3_failed:timeout,"{""profile_name"": ""extreme_d07"", ""map_seed"": 20460621, ""query_seed"": 20461624}"
extreme_s00_q0008,n3p_k1,Extreme,d08_12,True,True,0.3163853450023453,232,11.295869494109748,,,0,0.4526029468402503,0.08152676325874209,0,0,1,0,True,1,1,1.0,,"{""profile_name"": ""extreme_d07"", ""map_seed"": 20460621, ""query_seed"": 20461624}"
extreme_s00_q0008,voronoi_waypoint,Extreme,d08_12,True,True,0.5396132410023711,87,13.245316692236818,,,3,0.42090951440378943,0.07199932903831974,0,0,0,0,False,,,,,"{""profile_name"": ""extreme_d07"", ""map_seed"": 20460621, ""query_seed"": 20461624, ""waypoint_count"": 2}"
extreme_s00_q0008,bottleneck_waypoint,Extreme,d08_12,True,True,0.6075854980008444,4,12.725841495733006,,,1,0.48866515323513604,0.16705701947274043,0,0,0,0,False,,,,,"{""profile_name"": ""extreme_d07"", ""map_seed"": 20460621, ""query_seed"": 20461624, ""waypoint_count"": 3, ""bottleneck_count"": 3}"
extreme_s00_q0008,improved_ha,Extreme,d08_12,False,False,2.500852108001709,2605,,,,0,,,0,0,0,0,False,,,,timeout,"{""profile_name"": ""extreme_d07"", ""map_seed"": 20460621, ""query_seed"": 20461624, ""evaluation_path_source"": ""planner_path"", ""planner_path_pose_count"": 0, ""evaluation_path_pose_count"": 0}"
extreme_s00_q0008,lo_ha,Extreme,d08_12,True,True,0.44420456886291504,659,11.487581532907042,,,0,0.45158076105230366,0.05553904439022389,0,0,0,0,False,,,,,"{""profile_name"": ""extreme_d07"", ""map_seed"": 20460621, ""query_seed"": 20461624, ""evaluation_path_source"": ""trace_poses"", ""planner_path_pose_count"": 32, ""evaluation_path_pose_count"": 117}"
extreme_s00_q0008,ss_rrt,Extreme,d08_12,False,False,2.500750773004256,1754,,,,0,,,0,0,0,0,False,,,,timeout,"{""profile_name"": ""extreme_d07"", ""map_seed"": 20460621, ""query_seed"": 20461624, ""rrt_iterations"": 2261, ""evaluation_path_source"": ""planner_path"", ""planner_path_pose_count"": 0, ""evaluation_path_pose_count"": 0}"
extreme_s00_q0009,vanilla_ha,Extreme,d12_16,True,True,0.15734243392944336,25,14.46645433289366,,,0,0.13657860146284498,0.07478658297015417,0,0,0,0,False,,,,,"{""profile_name"": ""extreme_d05"", ""map_seed"": 20460621, ""query_seed"": 20461625, ""evaluation_path_source"": ""trace_poses"", ""planner_path_pose_count"": 14, ""evaluation_path_pose_count"": 147}"
extreme_s00_q0009,f_n3p_knn,Extreme,d12_16,True,True,0.05095739999524085,0,16.753784186196743,14.46645433289366,0.15811267921415806,3,0.3829757098271082,0.12043704847632097,0,19,0,0,True,0,6,0.0,,"{""profile_name"": ""extreme_d05"", ""map_seed"": 20460621, ""query_seed"": 20461625}"
extreme_s00_q0009,n3p_k1,Extreme,d12_16,True,True,0.16717374700237997,25,14.46645433289366,14.46645433289366,0.0,0,0.136578601462845,0.07478658297015417,0,0,1,0,True,0,0,,,"{""profile_name"": ""extreme_d05"", ""map_seed"": 20460621, ""query_seed"": 20461625}"
extreme_s00_q0009,voronoi_waypoint,Extreme,d12_16,True,True,0.6832968770031584,239,14.79563534292931,14.46645433289366,0.022754781680481395,0,0.2485120078184515,0.12769760919742457,0,0,0,0,False,,,,,"{""profile_name"": ""extreme_d05"", ""map_seed"": 20460621, ""query_seed"": 20461625, ""waypoint_count"": 2}"
extreme_s00_q0009,bottleneck_waypoint,Extreme,d12_16,True,True,0.47910328899888555,8,14.659972147383154,14.46645433289366,0.013377003793491715,0,0.1692958443583914,0.13119638314657345,0,0,0,0,False,,,,,"{""profile_name"": ""extreme_d05"", ""map_seed"": 20460621, ""query_seed"": 20461625, ""waypoint_count"": 2, ""bottleneck_count"": 2}"
extreme_s00_q0009,improved_ha,Extreme,d12_16,True,True,0.157942533493042,25,14.46645433289366,14.46645433289366,0.0,0,0.13657860146284498,0.07478658297015417,0,0,0,0,False,,,,,"{""profile_name"": ""extreme_d05"", ""map_seed"": 20460621, ""query_seed"": 20461625, ""evaluation_path_source"": ""trace_poses"", ""planner_path_pose_count"": 14, ""evaluation_path_pose_count"": 147}"
extreme_s00_q0009,lo_ha,Extreme,d12_16,True,True,0.17160940170288086,97,14.493296832175673,14.46645433289366,0.0018554995346011793,0,0.09486254810289889,0.0789457805747863,0,0,0,0,False,,,,,"{""profile_name"": ""extreme_d05"", ""map_seed"": 20460621, ""query_seed"": 20461625, ""evaluation_path_source"": ""trace_poses"", ""planner_path_pose_count"": 14, ""evaluation_path_pose_count"": 148}"
extreme_s00_q0009,ss_rrt,Extreme,d12_16,True,True,0.18270099999790546,62,14.723198877045666,14.46645433289366,0.017747579209386855,0,0.48636658163810254,0.11316049711505838,0,0,0,0,False,,,,,"{""profile_name"": ""extreme_d05"", ""map_seed"": 20460621, ""query_seed"": 20461625, ""rrt_iterations"": 89, ""evaluation_path_source"": ""planner_path"", ""planner_path_pose_count"": 179, ""evaluation_path_pose_count"": 179}"
extreme_s01_q0010,vanilla_ha,Extreme,d16_20,False,False,2.5003883838653564,2811,,,,0,,,0,0,0,0,False,,,,timeout,"{""profile_name"": ""extreme_d06"", ""map_seed"": 20470620, ""query_seed"": 20471620, ""evaluation_path_source"": ""planner_path"", ""planner_path_pose_count"": 0, ""evaluation_path_pose_count"": 0}"
extreme_s01_q0010,f_n3p_knn,Extreme,d16_20,False,False,3.54857176799851,4019,,,,0,,,0,29,1,1,True,1,4,0.25,f2_failed:prediction:goal_in_collision;goal:timeout;f3_failed:timeout,"{""profile_name"": ""extreme_d06"", ""map_seed"": 20470620, ""query_seed"": 20471620}"
extreme_s01_q0010,n3p_k1,Extreme,d16_20,True,True,0.5384833369971602,238,20.221035698420827,,,1,0.3278635599064901,0.06374319819698926,0,0,2,0,True,2,2,1.0,,"{""profile_name"": ""extreme_d06"", ""map_seed"": 20470620, ""query_seed"": 20471620}"
extreme_s01_q0010,voronoi_waypoint,Extreme,d16_20,True,True,0.6384343879981316,22,22.019945825153947,,,1,0.2902660973997988,0.09777754905532621,0,0,0,0,False,,,,,"{""profile_name"": ""extreme_d06"", ""map_seed"": 20470620, ""query_seed"": 20471620, ""waypoint_count"": 3}"
extreme_s01_q0010,bottleneck_waypoint,Extreme,d16_20,True,True,0.9000528999968083,6,22.93227289304981,,,3,0.4408078199597866,0.09771650589044012,0,0,0,0,False,,,,,"{""profile_name"": ""extreme_d06"", ""map_seed"": 20470620, ""query_seed"": 20471620, ""waypoint_count"": 5, ""bottleneck_count"": 5}"
extreme_s01_q0010,improved_ha,Extreme,d16_20,False,False,2.5014774799346924,2793,,,,0,,,0,0,0,0,False,,,,timeout,"{""profile_name"": ""extreme_d06"", ""map_seed"": 20470620, ""query_seed"": 20471620, ""evaluation_path_source"": ""planner_path"", ""planner_path_pose_count"": 0, ""evaluation_path_pose_count"": 0}"
extreme_s01_q0010,lo_ha,Extreme,d16_20,False,False,2.500023603439331,4963,,,,0,,,0,0,0,0,False,,,,timeout,"{""profile_name"": ""extreme_d06"", ""map_seed"": 20470620, ""query_seed"": 20471620, ""evaluation_path_source"": ""planner_path"", ""planner_path_pose_count"": 0, ""evaluation_path_pose_count"": 0}"
extreme_s01_q0010,ss_rrt,Extreme,d16_20,False,False,2.5317845930039766,934,,,,0,,,0,0,0,0,False,,,,timeout,"{""profile_name"": ""extreme_d06"", ""map_seed"": 20470620, ""query_seed"": 20471620, ""rrt_iterations"": 1789, ""evaluation_path_source"": ""planner_path"", ""planner_path_pose_count"": 0, ""evaluation_path_pose_count"": 0}"
extreme_s01_q0011,vanilla_ha,Extreme,d20_inf,False,False,2.5001392364501953,3972,,,,0,,,0,0,0,0,False,,,,timeout,"{""profile_name"": ""extreme_d07"", ""map_seed"": 20470620, ""query_seed"": 20471621, ""evaluation_path_source"": ""planner_path"", ""planner_path_pose_count"": 0, ""evaluation_path_pose_count"": 0}"
extreme_s01_q0011,f_n3p_knn,Extreme,d20_inf,True,True,0.9567383930043434,988,33.89496060393077,,,5,0.2723897781958977,0.0777157314625394,0,63,2,0,True,0,5,0.0,,"{""profile_name"": ""extreme_d07"", ""map_seed"": 20470620, ""query_seed"": 20471621}"
extreme_s01_q0011,n3p_k1,Extreme,d20_inf,True,True,0.5661255889936001,132,29.212004578538654,,,1,0.2606181434256645,0.054096789978326176,0,0,3,0,True,3,3,1.0,,"{""profile_name"": ""extreme_d07"", ""map_seed"": 20470620, ""query_seed"": 20471621}"
extreme_s01_q0011,voronoi_waypoint,Extreme,d20_inf,False,False,4.198499712998455,4952,4.616240908674027,,,0,0.6392218957168883,0.15976016052110287,0,0,0,0,False,,,,segment_failed:timeout,"{""profile_name"": ""extreme_d07"", ""map_seed"": 20470620, ""query_seed"": 20471621, ""waypoint_count"": 5}"
extreme_s01_q0011,bottleneck_waypoint,Extreme,d20_inf,True,True,1.0448771599985776,7,30.453215196365342,,,1,0.21423782670285468,0.05472908766344309,0,0,0,0,False,,,,,"{""profile_name"": ""extreme_d07"", ""map_seed"": 20470620, ""query_seed"": 20471621, ""waypoint_count"": 6, ""bottleneck_count"": 6}"
extreme_s01_q0011,improved_ha,Extreme,d20_inf,False,False,2.5004525184631348,3941,,,,0,,,0,0,0,0,False,,,,timeout,"{""profile_name"": ""extreme_d07"", ""map_seed"": 20470620, ""query_seed"": 20471621, ""evaluation_path_source"": ""planner_path"", ""planner_path_pose_count"": 0, ""evaluation_path_pose_count"": 0}"
extreme_s01_q0011,lo_ha,Extreme,d20_inf,False,False,2.501100540161133,4855,,,,0,,,0,0,0,0,False,,,,timeout,"{""profile_name"": ""extreme_d07"", ""map_seed"": 20470620, ""query_seed"": 20471621, ""evaluation_path_source"": ""planner_path"", ""planner_path_pose_count"": 0, ""evaluation_path_pose_count"": 0}"
extreme_s01_q0011,ss_rrt,Extreme,d20_inf,False,False,2.5013849589959136,1554,,,,0,,,0,0,0,0,False,,,,timeout,"{""profile_name"": ""extreme_d07"", ""map_seed"": 20470620, ""query_seed"": 20471621, ""rrt_iterations"": 2015, ""evaluation_path_source"": ""planner_path"", ""planner_path_pose_count"": 0, ""evaluation_path_pose_count"": 0}"
extreme_s01_q0012,vanilla_ha,Extreme,d08_12,True,True,0.7858238220214844,681,10.111928433392713,,,0,0.20956548899752156,0.08897870928508811,0,0,0,0,False,,,,,"{""profile_name"": ""extreme_d05"", ""map_seed"": 20470620, ""query_seed"": 20471622, ""evaluation_path_source"": ""trace_poses"", ""planner_path_pose_count"": 31, ""evaluation_path_pose_count"": 104}"
extreme_s01_q0012,f_n3p_knn,Extreme,d08_12,True,True,0.011380272997485008,0,10.181253463740731,10.111928433392713,0.0068557675031684084,0,0.10571090232338606,0.057640183651359256,0,10,0,0,True,0,1,0.0,,"{""profile_name"": ""extreme_d05"", ""map_seed"": 20470620, ""query_seed"": 20471622}"
extreme_s01_q0012,n3p_k1,Extreme,d08_12,True,True,0.7898298389991396,681,10.111928433392713,10.111928433392713,0.0,0,0.20956548899752156,0.08897870928508811,0,0,1,0,True,0,0,,,"{""profile_name"": ""extreme_d05"", ""map_seed"": 20470620, ""query_seed"": 20471622}"
extreme_s01_q0012,voronoi_waypoint,Extreme,d08_12,True,True,0.44573541000136174,149,11.608359546443193,10.111928433392713,0.1479867191414055,0,0.31306356678971436,0.10380477978925762,0,0,0,0,False,,,,,"{""profile_name"": ""extreme_d05"", ""map_seed"": 20470620, ""query_seed"": 20471622, ""waypoint_count"": 1}"
extreme_s01_q0012,bottleneck_waypoint,Extreme,d08_12,True,True,0.32987750400207005,2,11.70825758316723,10.111928433392713,0.15786594617332783,0,0.26630899892809506,0.08467835069626062,0,0,0,0,False,,,,,"{""profile_name"": ""extreme_d05"", ""map_seed"": 20470620, ""query_seed"": 20471622, ""waypoint_count"": 1, ""bottleneck_count"": 1}"
extreme_s01_q0012,improved_ha,Extreme,d08_12,True,True,0.7880504131317139,681,10.111928433392713,10.111928433392713,0.0,0,0.20956548899752156,0.08897870928508811,0,0,0,0,False,,,,,"{""profile_name"": ""extreme_d05"", ""map_seed"": 20470620, ""query_seed"": 20471622, ""evaluation_path_source"": ""trace_poses"", ""planner_path_pose_count"": 31, ""evaluation_path_pose_count"": 104}"
extreme_s01_q0012,lo_ha,Extreme,d08_12,True,True,1.0808050632476807,1523,10.111928433392713,10.111928433392713,0.0,0,0.20956548899752156,0.08897870928508811,0,0,0,0,False,,,,,"{""profile_name"": ""extreme_d05"", ""map_seed"": 20470620, ""query_seed"": 20471622, ""evaluation_path_source"": ""trace_poses"", ""planner_path_pose_count"": 31, ""evaluation_path_pose_count"": 104}"
extreme_s01_q0012,ss_rrt,Extreme,d08_12,True,True,0.7485521460039308,362,10.225904186585389,10.111928433392713,0.011271416124375655,0,0.2820313156795569,0.1576495032810623,0,0,0,0,False,,,,,"{""profile_name"": ""extreme_d05"", ""map_seed"": 20470620, ""query_seed"": 20471622, ""rrt_iterations"": 365, ""evaluation_path_source"": ""planner_path"", ""planner_path_pose_count"": 133, ""evaluation_path_pose_count"": 133}"
extreme_s01_q0013,vanilla_ha,Extreme,d12_16,False,False,2.5002496242523193,3346,,,,0,,,0,0,0,0,False,,,,timeout,"{""profile_name"": ""extreme_d06"", ""map_seed"": 20470620, ""query_seed"": 20471623, ""evaluation_path_source"": ""planner_path"", ""planner_path_pose_count"": 0, ""evaluation_path_pose_count"": 0}"
extreme_s01_q0013,f_n3p_knn,Extreme,d12_16,True,True,0.40769721899414435,255,16.499382595672877,,,1,0.42505346687993584,0.057627662488384135,0,30,1,0,True,0,3,0.0,,"{""profile_name"": ""extreme_d06"", ""map_seed"": 20470620, ""query_seed"": 20471623}"
extreme_s01_q0013,n3p_k1,Extreme,d12_16,False,False,3.5108816889987793,4809,,,,0,,,0,0,1,1,True,0,0,,f2_failed:prediction:goal_in_collision;goal:timeout;f3_failed:timeout,"{""profile_name"": ""extreme_d06"", ""map_seed"": 20470620, ""query_seed"": 20471623}"
extreme_s01_q0013,voronoi_waypoint,Extreme,d12_16,True,True,0.5927666049974505,145,15.512343828891373,,,0,0.2823176099359812,0.06381082085865541,0,0,0,0,False,,,,,"{""profile_name"": ""extreme_d06"", ""map_seed"": 20470620, ""query_seed"": 20471623, ""waypoint_count"": 2}"
extreme_s01_q0013,bottleneck_waypoint,Extreme,d12_16,True,True,1.397141178000311,774,18.60650832124394,,,2,0.3368768368168268,0.05095376200101598,0,0,0,0,False,,,,,"{""profile_name"": ""extreme_d06"", ""map_seed"": 20470620, ""query_seed"": 20471623, ""waypoint_count"": 3, ""bottleneck_count"": 3}"
extreme_s01_q0013,improved_ha,Extreme,d12_16,False,False,2.500664710998535,3353,,,,0,,,0,0,0,0,False,,,,timeout,"{""profile_name"": ""extreme_d06"", ""map_seed"": 20470620, ""query_seed"": 20471623, ""evaluation_path_source"": ""planner_path"", ""planner_path_pose_count"": 0, ""evaluation_path_pose_count"": 0}"
extreme_s01_q0013,lo_ha,Extreme,d12_16,False,False,2.5018961429595947,6017,,,,0,,,0,0,0,0,False,,,,timeout,"{""profile_name"": ""extreme_d06"", ""map_seed"": 20470620, ""query_seed"": 20471623, ""evaluation_path_source"": ""planner_path"", ""planner_path_pose_count"": 0, ""evaluation_path_pose_count"": 0}"
extreme_s01_q0013,ss_rrt,Extreme,d12_16,False,False,2.5193702659962582,1803,,,,0,,,0,0,0,0,False,,,,timeout,"{""profile_name"": ""extreme_d06"", ""map_seed"": 20470620, ""query_seed"": 20471623, ""rrt_iterations"": 1921, ""evaluation_path_source"": ""planner_path"", ""planner_path_pose_count"": 0, ""evaluation_path_pose_count"": 0}"
extreme_s01_q0014,vanilla_ha,Extreme,d16_20,False,False,2.5000851154327393,4180,,,,0,,,0,0,0,0,False,,,,timeout,"{""profile_name"": ""extreme_d07"", ""map_seed"": 20470620, ""query_seed"": 20471624, ""evaluation_path_source"": ""planner_path"", ""planner_path_pose_count"": 0, ""evaluation_path_pose_count"": 0}"
extreme_s01_q0014,f_n3p_knn,Extreme,d16_20,True,True,0.5978594050029642,613,20.908207252048353,,,5,0.27597155402239226,0.06411321596857511,0,27,1,0,True,0,3,0.0,,"{""profile_name"": ""extreme_d07"", ""map_seed"": 20470620, ""query_seed"": 20471624}"
extreme_s01_q0014,n3p_k1,Extreme,d16_20,True,True,0.9261013909999747,1090,21.040246561847646,,,7,0.273655626382355,0.07404251869889122,0,0,2,0,True,1,1,1.0,,"{""profile_name"": ""extreme_d07"", ""map_seed"": 20470620, ""query_seed"": 20471624}"
extreme_s01_q0014,voronoi_waypoint,Extreme,d16_20,True,True,0.6145800820013392,4,19.936937199567133,,,0,0.16565816580546391,0.07565699193184794,0,0,0,0,False,,,,,"{""profile_name"": ""extreme_d07"", ""map_seed"": 20470620, ""query_seed"": 20471624, ""waypoint_count"": 3}"
extreme_s01_q0014,bottleneck_waypoint,Extreme,d16_20,True,True,0.7556727800038061,5,19.790833137737497,,,0,0.19398625988968388,0.07105860458274216,0,0,0,0,False,,,,,"{""profile_name"": ""extreme_d07"", ""map_seed"": 20470620, ""query_seed"": 20471624, ""waypoint_count"": 4, ""bottleneck_count"": 4}"
extreme_s01_q0014,improved_ha,Extreme,d16_20,False,False,2.5003178119659424,4192,,,,0,,,0,0,0,0,False,,,,timeout,"{""profile_name"": ""extreme_d07"", ""map_seed"": 20470620, ""query_seed"": 20471624, ""evaluation_path_source"": ""planner_path"", ""planner_path_pose_count"": 0, ""evaluation_path_pose_count"": 0}"
extreme_s01_q0014,lo_ha,Extreme,d16_20,True,True,1.5113425254821777,4105,19.248319585231272,,,0,0.18523174009769175,0.07177459101002148,0,0,0,0,False,,,,,"{""profile_name"": ""extreme_d07"", ""map_seed"": 20470620, ""query_seed"": 20471624, ""evaluation_path_source"": ""trace_poses"", ""planner_path_pose_count"": 21, ""evaluation_path_pose_count"": 195}"
extreme_s01_q0014,ss_rrt,Extreme,d16_20,True,True,0.4828501580050215,168,20.488371218583122,,,0,0.3998058435047778,0.07925036610862402,0,0,0,0,False,,,,,"{""profile_name"": ""extreme_d07"", ""map_seed"": 20470620, ""query_seed"": 20471624, ""rrt_iterations"": 614, ""evaluation_path_source"": ""planner_path"", ""planner_path_pose_count"": 253, ""evaluation_path_pose_count"": 253}"
extreme_s01_q0015,vanilla_ha,Extreme,d20_inf,True,True,0.7460761070251465,1025,20.97456657639006,,,0,0.15050848643335243,0.07817049494473904,0,0,0,0,False,,,,,"{""profile_name"": ""extreme_d05"", ""map_seed"": 20470621, ""query_seed"": 20471621, ""evaluation_path_source"": ""trace_poses"", ""planner_path_pose_count"": 36, ""evaluation_path_pose_count"": 212}"
extreme_s01_q0015,f_n3p_knn,Extreme,d20_inf,True,True,1.7559067900001537,2319,20.97456657639006,20.97456657639006,0.0,0,0.15050848643335243,0.07817049494473904,0,19,1,0,True,0,0,,,"{""profile_name"": ""extreme_d05"", ""map_seed"": 20470621, ""query_seed"": 20471621}"
extreme_s01_q0015,n3p_k1,Extreme,d20_inf,True,True,1.749608457001159,2318,20.97456657639006,20.97456657639006,0.0,0,0.15050848643335243,0.07817049494473904,0,0,1,0,True,0,0,,,"{""profile_name"": ""extreme_d05"", ""map_seed"": 20470621, ""query_seed"": 20471621}"
extreme_s01_q0015,voronoi_waypoint,Extreme,d20_inf,True,True,1.7270051059967955,1210,21.27036816137509,20.97456657639006,0.014102869964330855,0,0.22276577091459226,0.056210882135097506,0,0,0,0,False,,,,,"{""profile_name"": ""extreme_d05"", ""map_seed"": 20470621, ""query_seed"": 20471621, ""waypoint_count"": 3}"
extreme_s01_q0015,bottleneck_waypoint,Extreme,d20_inf,True,True,1.8933156870043604,1255,21.752367710738422,20.97456657639006,0.03708306112145787,0,0.24319642422979024,0.06397061234600943,0,0,0,0,False,,,,,"{""profile_name"": ""extreme_d05"", ""map_seed"": 20470621, ""query_seed"": 20471621, ""waypoint_count"": 4, ""bottleneck_count"": 4}"
extreme_s01_q0015,improved_ha,Extreme,d20_inf,True,True,0.7430083751678467,1025,20.97456657639006,20.97456657639006,0.0,0,0.15050848643335243,0.07817049494473904,0,0,0,0,False,,,,,"{""profile_name"": ""extreme_d05"", ""map_seed"": 20470621, ""query_seed"": 20471621, ""evaluation_path_source"": ""trace_poses"", ""planner_path_pose_count"": 36, ""evaluation_path_pose_count"": 212}"
extreme_s01_q0015,lo_ha,Extreme,d20_inf,True,True,0.3013875484466553,497,21.25174006528091,20.97456657639006,0.013214742144080693,0,0.19212400939534058,0.08703826413769022,0,0,0,0,False,,,,,"{""profile_name"": ""extreme_d05"", ""map_seed"": 20470621, ""query_seed"": 20471621, ""evaluation_path_source"": ""trace_poses"", ""planner_path_pose_count"": 31, ""evaluation_path_pose_count"": 215}"
extreme_s01_q0015,ss_rrt,Extreme,d20_inf,True,True,0.29562051300308667,123,22.02162386420856,20.97456657639006,0.04992033012959207,0,0.2772640544096149,0.11044620270076,0,0,0,0,False,,,,,"{""profile_name"": ""extreme_d05"", ""map_seed"": 20470621, ""query_seed"": 20471621, ""rrt_iterations"": 409, ""evaluation_path_source"": ""planner_path"", ""planner_path_pose_count"": 273, ""evaluation_path_pose_count"": 273}"
extreme_s01_q0016,vanilla_ha,Extreme,d08_12,True,True,0.26960229873657227,172,10.060664532978146,,,0,0.3257224166660874,0.06816141246790164,0,0,0,0,False,,,,,"{""profile_name"": ""extreme_d06"", ""map_seed"": 20470621, ""query_seed"": 20471622, ""evaluation_path_source"": ""trace_poses"", ""planner_path_pose_count"": 26, ""evaluation_path_pose_count"": 104}"
extreme_s01_q0016,f_n3p_knn,Extreme,d08_12,True,True,0.03933343300013803,0,10.582007533933838,10.060664532978146,0.05181993686865982,0,0.2513197327651855,0.06493576254347633,0,17,0,0,True,2,4,0.5,,"{""profile_name"": ""extreme_d06"", ""map_seed"": 20470621, ""query_seed"": 20471622}"
extreme_s01_q0016,n3p_k1,Extreme,d08_12,True,True,0.3101800980002736,190,10.581367406933765,10.060664532978146,0.05175631015712656,0,0.26431428568838383,0.07283532223134692,0,0,1,0,True,1,1,1.0,,"{""profile_name"": ""extreme_d06"", ""map_seed"": 20470621, ""query_seed"": 20471622}"
extreme_s01_q0016,voronoi_waypoint,Extreme,d08_12,True,True,0.5297067660067114,220,10.56990238407391,10.060664532978146,0.05061672113472393,0,0.3032153310612905,0.09612568746911665,0,0,0,0,False,,,,,"{""profile_name"": ""extreme_d06"", ""map_seed"": 20470621, ""query_seed"": 20471622, ""waypoint_count"": 1}"
extreme_s01_q0016,bottleneck_waypoint,Extreme,d08_12,True,True,0.47472040000138804,3,10.50219552607552,10.060664532978146,0.04388686171276923,0,0.19820843128900023,0.162024559647176,0,0,0,0,False,,,,,"{""profile_name"": ""extreme_d06"", ""map_seed"": 20470621, ""query_seed"": 20471622, ""waypoint_count"": 2, ""bottleneck_count"": 2}"
extreme_s01_q0016,improved_ha,Extreme,d08_12,True,True,0.2708625793457031,172,10.060664532978146,10.060664532978146,0.0,0,0.3257224166660874,0.06816141246790164,0,0,0,0,False,,,,,"{""profile_name"": ""extreme_d06"", ""map_seed"": 20470621, ""query_seed"": 20471622, ""evaluation_path_source"": ""trace_poses"", ""planner_path_pose_count"": 26, ""evaluation_path_pose_count"": 104}"
extreme_s01_q0016,lo_ha,Extreme,d08_12,True,True,0.1609487533569336,47,10.032104861333393,10.060664532978146,-0.002838746044174001,0,0.14722573032915104,0.08293094147031621,0,0,0,0,False,,,,,"{""profile_name"": ""extreme_d06"", ""map_seed"": 20470621, ""query_seed"": 20471622, ""evaluation_path_source"": ""trace_poses"", ""planner_path_pose_count"": 28, ""evaluation_path_pose_count"": 103}"
extreme_s01_q0016,ss_rrt,Extreme,d08_12,True,True,1.1773663670028327,603,13.564410020626287,10.060664532978146,0.3482618346097428,0,0.6186356989304479,0.1188646082635878,0,0,0,0,False,,,,,"{""profile_name"": ""extreme_d06"", ""map_seed"": 20470621, ""query_seed"": 20471622, ""rrt_iterations"": 1087, ""evaluation_path_source"": ""planner_path"", ""planner_path_pose_count"": 173, ""evaluation_path_pose_count"": 173}"
extreme_s01_q0017,vanilla_ha,Extreme,d12_16,False,False,2.5003931522369385,3886,,,,0,,,0,0,0,0,False,,,,timeout,"{""profile_name"": ""extreme_d07"", ""map_seed"": 20470621, ""query_seed"": 20471623, ""evaluation_path_source"": ""planner_path"", ""planner_path_pose_count"": 0, ""evaluation_path_pose_count"": 0}"
extreme_s01_q0017,f_n3p_knn,Extreme,d12_16,True,True,0.054289428000629414,0,19.432776884486,,,1,0.250100497396874,0.09983481872100297,0,20,0,0,True,2,6,0.3333333333333333,,"{""profile_name"": ""extreme_d07"", ""map_seed"": 20470621, ""query_seed"": 20471623}"
extreme_s01_q0017,n3p_k1,Extreme,d12_16,True,True,1.099620174994925,885,17.968439272796026,,,4,0.48707434845948644,0.06628592188496274,0,0,3,0,True,0,0,,,"{""profile_name"": ""extreme_d07"", ""map_seed"": 20470621, ""query_seed"": 20471623}"
extreme_s01_q0017,voronoi_waypoint,Extreme,d12_16,True,True,0.7734176840021973,188,17.33872414342216,,,0,0.23588813532984274,0.08971461551173598,0,0,0,0,False,,,,,"{""profile_name"": ""extreme_d07"", ""map_seed"": 20470621, ""query_seed"": 20471623, ""waypoint_count"": 3}"
extreme_s01_q0017,bottleneck_waypoint,Extreme,d12_16,True,True,0.6670534559962107,76,16.438531741766564,,,0,0.22145922814450655,0.07985528886127713,0,0,0,0,False,,,,,"{""profile_name"": ""extreme_d07"", ""map_seed"": 20470621, ""query_seed"": 20471623, ""waypoint_count"": 3, ""bottleneck_count"": 3}"
extreme_s01_q0017,improved_ha,Extreme,d12_16,False,False,2.500128984451294,3834,,,,0,,,0,0,0,0,False,,,,timeout,"{""profile_name"": ""extreme_d07"", ""map_seed"": 20470621, ""query_seed"": 20471623, ""evaluation_path_source"": ""planner_path"", ""planner_path_pose_count"": 0, ""evaluation_path_pose_count"": 0}"
extreme_s01_q0017,lo_ha,Extreme,d12_16,False,False,2.500105619430542,7015,,,,0,,,0,0,0,0,False,,,,timeout,"{""profile_name"": ""extreme_d07"", ""map_seed"": 20470621, ""query_seed"": 20471623, ""evaluation_path_source"": ""planner_path"", ""planner_path_pose_count"": 0, ""evaluation_path_pose_count"": 0}"
extreme_s01_q0017,ss_rrt,Extreme,d12_16,False,False,2.501612551001017,1581,,,,0,,,0,0,0,0,False,,,,timeout,"{""profile_name"": ""extreme_d07"", ""map_seed"": 20470621, ""query_seed"": 20471623, ""rrt_iterations"": 2329, ""evaluation_path_source"": ""planner_path"", ""planner_path_pose_count"": 0, ""evaluation_path_pose_count"": 0}"
extreme_s01_q0018,vanilla_ha,Extreme,d16_20,True,True,0.5121562480926514,415,18.65264587421543,,,0,0.22023341286248088,0.06415890484194153,0,0,0,0,False,,,,,"{""profile_name"": ""extreme_d05"", ""map_seed"": 20470621, ""query_seed"": 20471624, ""evaluation_path_source"": ""trace_poses"", ""planner_path_pose_count"": 60, ""evaluation_path_pose_count"": 189}"
extreme_s01_q0018,f_n3p_knn,Extreme,d16_20,True,True,0.3585861549945548,129,23.776384878423766,18.65264587421543,0.27469234331474435,4,0.36784027809359404,0.05860466366863143,0,46,1,0,True,4,10,0.4,,"{""profile_name"": ""extreme_d05"", ""map_seed"": 20470621, ""query_seed"": 20471624}"
extreme_s01_q0018,n3p_k1,Extreme,d16_20,True,True,0.5219105360010872,415,18.65264587421543,18.65264587421543,0.0,0,0.22023341286248088,0.06415890484194153,0,0,1,0,True,0,0,,,"{""profile_name"": ""extreme_d05"", ""map_seed"": 20470621, ""query_seed"": 20471624}"
extreme_s01_q0018,voronoi_waypoint,Extreme,d16_20,True,True,0.6618946559974574,58,20.446082997183133,18.65264587421543,0.09614920773501989,2,0.32515505215895807,0.06415890484194153,0,0,0,0,False,,,,,"{""profile_name"": ""extreme_d05"", ""map_seed"": 20470621, ""query_seed"": 20471624, ""waypoint_count"": 3}"
extreme_s01_q0018,bottleneck_waypoint,Extreme,d16_20,True,True,0.6210050750014489,4,19.454092315332446,18.65264587421543,0.04296690381201618,0,0.19718490630806687,0.050780297169996935,0,0,0,0,False,,,,,"{""profile_name"": ""extreme_d05"", ""map_seed"": 20470621, ""query_seed"": 20471624, ""waypoint_count"": 3, ""bottleneck_count"": 3}"
extreme_s01_q0018,improved_ha,Extreme,d16_20,True,True,0.5125601291656494,415,18.65264587421543,18.65264587421543,0.0,0,0.22023341286248088,0.06415890484194153,0,0,0,0,False,,,,,"{""profile_name"": ""extreme_d05"", ""map_seed"": 20470621, ""query_seed"": 20471624, ""evaluation_path_source"": ""trace_poses"", ""planner_path_pose_count"": 60, ""evaluation_path_pose_count"": 189}"
extreme_s01_q0018,lo_ha,Extreme,d16_20,True,True,0.39525938034057617,365,18.872532233279077,18.65264587421543,0.011788480870030815,0,0.15652207628438752,0.06422440126832019,0,0,0,0,False,,,,,"{""profile_name"": ""extreme_d05"", ""map_seed"": 20470621, ""query_seed"": 20471624, ""evaluation_path_source"": ""trace_poses"", ""planner_path_pose_count"": 61, ""evaluation_path_pose_count"": 190}"
extreme_s01_q0018,ss_rrt,Extreme,d16_20,False,False,2.5000309070019284,966,,18.65264587421543,,0,,,0,0,0,0,False,,,,timeout,"{""profile_name"": ""extreme_d05"", ""map_seed"": 20470621, ""query_seed"": 20471624, ""rrt_iterations"": 2428, ""evaluation_path_source"": ""planner_path"", ""planner_path_pose_count"": 0, ""evaluation_path_pose_count"": 0}"
extreme_s01_q0019,vanilla_ha,Extreme,d20_inf,False,False,2.5002379417419434,3664,,,,0,,,0,0,0,0,False,,,,timeout,"{""profile_name"": ""extreme_d06"", ""map_seed"": 20470621, ""query_seed"": 20471625, ""evaluation_path_source"": ""planner_path"", ""planner_path_pose_count"": 0, ""evaluation_path_pose_count"": 0}"
extreme_s01_q0019,f_n3p_knn,Extreme,d20_inf,True,True,0.0462788129952969,0,21.497701475645112,,,0,0.20955057845799713,0.11044270160171821,0,4,0,0,True,2,5,0.4,,"{""profile_name"": ""extreme_d06"", ""map_seed"": 20470621, ""query_seed"": 20471625}"
extreme_s01_q0019,n3p_k1,Extreme,d20_inf,False,False,3.1249651580001228,3677,,,,0,,,0,0,4,1,True,1,1,1.0,no_progress_sentinel;f3_failed:timeout,"{""profile_name"": ""extreme_d06"", ""map_seed"": 20470621, ""query_seed"": 20471625}"
extreme_s01_q0019,voronoi_waypoint,Extreme,d20_inf,True,True,0.7714754789994913,15,22.895665345991645,,,0,0.3075636937605738,0.06509416128255885,0,0,0,0,False,,,,,"{""profile_name"": ""extreme_d06"", ""map_seed"": 20470621, ""query_seed"": 20471625, ""waypoint_count"": 4}"
extreme_s01_q0019,bottleneck_waypoint,Extreme,d20_inf,True,True,0.78065937700012,25,22.859111214697023,,,0,0.22933279989093677,0.07523586451439523,0,0,0,0,False,,,,,"{""profile_name"": ""extreme_d06"", ""map_seed"": 20470621, ""query_seed"": 20471625, ""waypoint_count"": 4, ""bottleneck_count"": 4}"
extreme_s01_q0019,improved_ha,Extreme,d20_inf,False,False,2.5013463497161865,3649,,,,0,,,0,0,0,0,False,,,,timeout,"{""profile_name"": ""extreme_d06"", ""map_seed"": 20470621, ""query_seed"": 20471625, ""evaluation_path_source"": ""planner_path"", ""planner_path_pose_count"": 0, ""evaluation_path_pose_count"": 0}"
extreme_s01_q0019,lo_ha,Extreme,d20_inf,True,True,2.2010021209716797,4894,20.925485044298874,,,0,0.12997706342529292,0.0735975842911244,0,0,0,0,False,,,,,"{""profile_name"": ""extreme_d06"", ""map_seed"": 20470621, ""query_seed"": 20471625, ""evaluation_path_source"": ""trace_poses"", ""planner_path_pose_count"": 62, ""evaluation_path_pose_count"": 212}"
extreme_s01_q0019,ss_rrt,Extreme,d20_inf,True,True,0.4462846249953145,143,21.46869669067437,,,0,0.3182798742790147,0.11180700122681164,0,0,0,0,False,,,,,"{""profile_name"": ""extreme_d06"", ""map_seed"": 20470621, ""query_seed"": 20471625, ""rrt_iterations"": 197, ""evaluation_path_source"": ""planner_path"", ""planner_path_pose_count"": 263, ""evaluation_path_pose_count"": 263}"
extreme_s02_q0020,vanilla_ha,Extreme,d08_12,True,True,0.14470720291137695,1,11.92686044187656,,,0,0.0,0.7024758878414941,0,0,0,0,False,,,,,"{""profile_name"": ""extreme_d07"", ""map_seed"": 20480620, ""query_seed"": 20481620, ""evaluation_path_source"": ""trace_poses"", ""planner_path_pose_count"": 2, ""evaluation_path_pose_count"": 121}"
extreme_s02_q0020,f_n3p_knn,Extreme,d08_12,True,True,0.0005277640011627227,0,11.926860441876563,11.92686044187656,2.220446049250313e-16,0,1.0472168336253177e-17,0.7024758878414943,0,0,0,0,False,0,0,,,"{""profile_name"": ""extreme_d07"", ""map_seed"": 20480620, ""query_seed"": 20481620}"
extreme_s02_q0020,n3p_k1,Extreme,d08_12,True,True,0.0005318359981174581,0,11.926860441876563,11.92686044187656,2.220446049250313e-16,0,1.0472168336253177e-17,0.7024758878414943,0,0,0,0,False,0,0,,,"{""profile_name"": ""extreme_d07"", ""map_seed"": 20480620, ""query_seed"": 20481620}"
extreme_s02_q0020,voronoi_waypoint,Extreme,d08_12,True,True,0.4731921069978853,3,13.031688878470709,11.92686044187656,0.09263363497697785,0,0.26773340402600765,0.39070574054009144,0,0,0,0,False,,,,,"{""profile_name"": ""extreme_d07"", ""map_seed"": 20480620, ""query_seed"": 20481620, ""waypoint_count"": 2}"
extreme_s02_q0020,bottleneck_waypoint,Extreme,d08_12,True,True,0.6196307599966531,4,12.19739082920844,11.92686044187656,0.022682447627375257,0,0.11548279682781348,0.6245564710615055,0,0,0,0,False,,,,,"{""profile_name"": ""extreme_d07"", ""map_seed"": 20480620, ""query_seed"": 20481620, ""waypoint_count"": 3, ""bottleneck_count"": 3}"
extreme_s02_q0020,improved_ha,Extreme,d08_12,True,True,0.14589524269104004,1,11.92686044187656,11.92686044187656,0.0,0,0.0,0.7024758878414941,0,0,0,0,False,,,,,"{""profile_name"": ""extreme_d07"", ""map_seed"": 20480620, ""query_seed"": 20481620, ""evaluation_path_source"": ""trace_poses"", ""planner_path_pose_count"": 2, ""evaluation_path_pose_count"": 121}"
extreme_s02_q0020,lo_ha,Extreme,d08_12,True,True,0.14535784721374512,1,11.92686044187656,11.92686044187656,0.0,0,0.0,0.7024758878414941,0,0,0,0,False,,,,,"{""profile_name"": ""extreme_d07"", ""map_seed"": 20480620, ""query_seed"": 20481620, ""evaluation_path_source"": ""trace_poses"", ""planner_path_pose_count"": 2, ""evaluation_path_pose_count"": 121}"
extreme_s02_q0020,ss_rrt,Extreme,d08_12,True,True,0.0004606560032698326,2,11.926860441876563,11.92686044187656,2.220446049250313e-16,0,1.931533270908918e-16,0.7024758878414941,0,0,0,0,False,,,,,"{""profile_name"": ""extreme_d07"", ""map_seed"": 20480620, ""query_seed"": 20481620, ""rrt_iterations"": 0, ""evaluation_path_source"": ""planner_path"", ""planner_path_pose_count"": 121, ""evaluation_path_pose_count"": 121}"
extreme_s02_q0021,vanilla_ha,Extreme,d12_16,True,True,0.2905454635620117,207,13.00708467830289,,,0,0.3885693412624927,0.07007350937013546,0,0,0,0,False,,,,,"{""profile_name"": ""extreme_d05"", ""map_seed"": 20480620, ""query_seed"": 20481621, ""evaluation_path_source"": ""trace_poses"", ""planner_path_pose_count"": 38, ""evaluation_path_pose_count"": 132}"
extreme_s02_q0021,f_n3p_knn,Extreme,d12_16,True,True,0.03970483999728458,0,13.440841871901066,13.00708467830289,0.033347764262788626,2,0.3173104771958835,0.10278288153473059,0,7,0,0,True,0,4,0.0,,"{""profile_name"": ""extreme_d05"", ""map_seed"": 20480620, ""query_seed"": 20481621}"
extreme_s02_q0021,n3p_k1,Extreme,d12_16,True,True,0.36916344099881826,105,12.81387005979509,13.00708467830289,-0.014854567590391832,0,0.36352269853397295,0.07007350937013546,0,0,2,0,True,0,0,,,"{""profile_name"": ""extreme_d05"", ""map_seed"": 20480620, ""query_seed"": 20481621}"
extreme_s02_q0021,voronoi_waypoint,Extreme,d12_16,True,True,0.8222870199970203,365,13.888897166341243,13.00708467830289,0.06779478336981248,2,0.30706599312850197,0.09916057462548422,0,0,0,0,False,,,,,"{""profile_name"": ""extreme_d05"", ""map_seed"": 20480620, ""query_seed"": 20481621, ""waypoint_count"": 2}"
extreme_s02_q0021,bottleneck_waypoint,Extreme,d12_16,True,True,1.394453742002952,898,12.829347409355904,13.00708467830289,-0.0136646507148116,0,0.31333260798160467,0.07007350937013546,0,0,0,0,False,,,,,"{""profile_name"": ""extreme_d05"", ""map_seed"": 20480620, ""query_seed"": 20481621, ""waypoint_count"": 2, ""bottleneck_count"": 2}"
extreme_s02_q0021,improved_ha,Extreme,d12_16,True,True,0.2912311553955078,207,12.992902301772546,13.00708467830289,-0.0010903578227642319,0,0.3795311987768485,0.07007350937013546,0,0,0,0,False,,,,,"{""profile_name"": ""extreme_d05"", ""map_seed"": 20480620, ""query_seed"": 20481621, ""evaluation_path_source"": ""trace_poses"", ""planner_path_pose_count"": 38, ""evaluation_path_pose_count"": 132}"
extreme_s02_q0021,lo_ha,Extreme,d12_16,True,True,0.1887514591217041,127,13.297876359588006,13.00708467830289,0.022356407179403126,0,0.22314679720911793,0.05718142876984239,0,0,0,0,False,,,,,"{""profile_name"": ""extreme_d05"", ""map_seed"": 20480620, ""query_seed"": 20481621, ""evaluation_path_source"": ""trace_poses"", ""planner_path_pose_count"": 37, ""evaluation_path_pose_count"": 135}"
extreme_s02_q0021,ss_rrt,Extreme,d12_16,False,False,2.5007679669943172,3550,,13.00708467830289,,0,,,0,0,0,0,False,,,,timeout,"{""profile_name"": ""extreme_d05"", ""map_seed"": 20480620, ""query_seed"": 20481621, ""rrt_iterations"": 1345, ""evaluation_path_source"": ""planner_path"", ""planner_path_pose_count"": 0, ""evaluation_path_pose_count"": 0}"
extreme_s02_q0022,vanilla_ha,Extreme,d16_20,True,True,0.6646366119384766,613,17.698958805008928,,,0,0.1982001256933241,0.0898349820851363,0,0,0,0,False,,,,,"{""profile_name"": ""extreme_d06"", ""map_seed"": 20480620, ""query_seed"": 20481622, ""evaluation_path_source"": ""trace_poses"", ""planner_path_pose_count"": 48, ""evaluation_path_pose_count"": 180}"
extreme_s02_q0022,f_n3p_knn,Extreme,d16_20,True,True,0.6727426020006533,628,19.936521220712375,17.698958805008928,0.12642339249189072,2,0.20774517463228326,0.06732415630669009,0,20,1,0,True,2,3,0.6666666666666666,,"{""profile_name"": ""extreme_d06"", ""map_seed"": 20480620, ""query_seed"": 20481622}"
extreme_s02_q0022,n3p_k1,Extreme,d16_20,True,True,1.2248330540023744,1029,18.427975373415734,17.698958805008928,0.04118979971864167,0,0.1933082176087101,0.10370872185781477,0,0,1,0,True,2,2,1.0,,"{""profile_name"": ""extreme_d06"", ""map_seed"": 20480620, ""query_seed"": 20481622}"
extreme_s02_q0022,voronoi_waypoint,Extreme,d16_20,True,True,0.6192246950013214,4,19.780713781844398,17.698958805008928,0.11762019448546979,0,0.2193506963631253,0.13957162748699314,0,0,0,0,False,,,,,"{""profile_name"": ""extreme_d06"", ""map_seed"": 20480620, ""query_seed"": 20481622, ""waypoint_count"": 3}"
extreme_s02_q0022,bottleneck_waypoint,Extreme,d16_20,True,True,0.6206865489948541,4,18.220433643568082,17.698958805008928,0.029463588468920276,0,0.21559751448216888,0.13957162748699314,0,0,0,0,False,,,,,"{""profile_name"": ""extreme_d06"", ""map_seed"": 20480620, ""query_seed"": 20481622, ""waypoint_count"": 3, ""bottleneck_count"": 3}"
extreme_s02_q0022,improved_ha,Extreme,d16_20,True,True,0.6687541007995605,613,17.698958805008928,17.698958805008928,0.0,0,0.1982001256933241,0.0898349820851363,0,0,0,0,False,,,,,"{""profile_name"": ""extreme_d06"", ""map_seed"": 20480620, ""query_seed"": 20481622, ""evaluation_path_source"": ""trace_poses"", ""planner_path_pose_count"": 48, ""evaluation_path_pose_count"": 180}"
extreme_s02_q0022,lo_ha,Extreme,d16_20,True,True,0.3863964080810547,446,17.672525610726606,17.698958805008928,-0.0014934886607477216,0,0.13580401878400916,0.05542193377573412,0,0,0,0,False,,,,,"{""profile_name"": ""extreme_d06"", ""map_seed"": 20480620, ""query_seed"": 20481622, ""evaluation_path_source"": ""trace_poses"", ""planner_path_pose_count"": 41, ""evaluation_path_pose_count"": 179}"
extreme_s02_q0022,ss_rrt,Extreme,d16_20,False,False,2.503832287999103,2474,,17.698958805008928,,0,,,0,0,0,0,False,,,,timeout,"{""profile_name"": ""extreme_d06"", ""map_seed"": 20480620, ""query_seed"": 20481622, ""rrt_iterations"": 1616, ""evaluation_path_source"": ""planner_path"", ""planner_path_pose_count"": 0, ""evaluation_path_pose_count"": 0}"
extreme_s02_q0023,vanilla_ha,Extreme,d20_inf,True,True,0.7649886608123779,1009,24.839900719863497,,,0,0.43447880660230387,0.07417303626214133,0,0,0,0,False,,,,,"{""profile_name"": ""extreme_d07"", ""map_seed"": 20480620, ""query_seed"": 20481623, ""evaluation_path_source"": ""trace_poses"", ""planner_path_pose_count"": 78, ""evaluation_path_pose_count"": 251}"
extreme_s02_q0023,f_n3p_knn,Extreme,d20_inf,True,True,0.6176570399984485,348,25.869168551756683,24.839900719863497,0.0414360686663342,7,0.40644104027286565,0.07188915421056474,0,43,2,0,True,3,5,0.6,,"{""profile_name"": ""extreme_d07"", ""map_seed"": 20480620, ""query_seed"": 20481623}"
extreme_s02_q0023,n3p_k1,Extreme,d20_inf,True,True,0.770166253001662,1009,24.839900719863497,24.839900719863497,0.0,0,0.43447880660230387,0.07417303626214133,0,0,1,0,True,0,0,,,"{""profile_name"": ""extreme_d07"", ""map_seed"": 20480620, ""query_seed"": 20481623}"
extreme_s02_q0023,voronoi_waypoint,Extreme,d20_inf,True,True,1.2271426810038975,461,28.102398311228782,24.839900719863497,0.13134100768592827,3,0.2638336753733145,0.06910857160477812,0,0,0,0,False,,,,,"{""profile_name"": ""extreme_d07"", ""map_seed"": 20480620, ""query_seed"": 20481623, ""waypoint_count"": 4}"
extreme_s02_q0023,bottleneck_waypoint,Extreme,d20_inf,True,True,0.9044298689987045,6,27.716482373103407,24.839900719863497,0.1158048772288216,3,0.2528821382590921,0.0641037085530215,0,0,0,0,False,,,,,"{""profile_name"": ""extreme_d07"", ""map_seed"": 20480620, ""query_seed"": 20481623, ""waypoint_count"": 5, ""bottleneck_count"": 5}"
extreme_s02_q0023,improved_ha,Extreme,d20_inf,True,True,0.7656004428863525,1009,24.839900719863497,24.839900719863497,0.0,0,0.43447880660230387,0.07417303626214133,0,0,0,0,False,,,,,"{""profile_name"": ""extreme_d07"", ""map_seed"": 20480620, ""query_seed"": 20481623, ""evaluation_path_source"": ""trace_poses"", ""planner_path_pose_count"": 78, ""evaluation_path_pose_count"": 251}"
extreme_s02_q0023,lo_ha,Extreme,d20_inf,False,False,2.500709295272827,6145,,24.839900719863497,,0,,,0,0,0,0,False,,,,timeout,"{""profile_name"": ""extreme_d07"", ""map_seed"": 20480620, ""query_seed"": 20481623, ""evaluation_path_source"": ""planner_path"", ""planner_path_pose_count"": 0, ""evaluation_path_pose_count"": 0}"
extreme_s02_q0023,ss_rrt,Extreme,d20_inf,True,True,1.421594425002695,822,27.645203134145213,24.839900719863497,0.11293533118022592,0,0.5829917158134716,0.05896861490947902,0,0,0,0,False,,,,,"{""profile_name"": ""extreme_d07"", ""map_seed"": 20480620, ""query_seed"": 20481623, ""rrt_iterations"": 1545, ""evaluation_path_source"": ""planner_path"", ""planner_path_pose_count"": 335, ""evaluation_path_pose_count"": 335}"
extreme_s02_q0024,vanilla_ha,Extreme,d08_12,True,True,1.2673959732055664,1243,9.166206339662512,,,0,0.3872798761173781,0.10482280740520067,0,0,0,0,False,,,,,"{""profile_name"": ""extreme_d05"", ""map_seed"": 20480620, ""query_seed"": 20481624, ""evaluation_path_source"": ""trace_poses"", ""planner_path_pose_count"": 26, ""evaluation_path_pose_count"": 94}"
extreme_s02_q0024,f_n3p_knn,Extreme,d08_12,True,True,0.020115563995204866,0,10.409644425593788,9.166206339662512,0.13565460342637858,0,0.33848398422672754,0.18634233228916797,0,0,0,0,False,2,2,1.0,,"{""profile_name"": ""extreme_d05"", ""map_seed"": 20480620, ""query_seed"": 20481624}"
extreme_s02_q0024,n3p_k1,Extreme,d08_12,True,True,0.016892835999897216,0,10.409644425593788,9.166206339662512,0.13565460342637858,0,0.33848398422672754,0.18634233228916797,0,0,0,0,False,2,2,1.0,,"{""profile_name"": ""extreme_d05"", ""map_seed"": 20480620, ""query_seed"": 20481624}"
extreme_s02_q0024,voronoi_waypoint,Extreme,d08_12,True,True,0.3482558420000714,22,9.261773041104565,9.166206339662512,0.01042598190578925,0,0.2677798175555224,0.055911976175593625,0,0,0,0,False,,,,,"{""profile_name"": ""extreme_d05"", ""map_seed"": 20480620, ""query_seed"": 20481624, ""waypoint_count"": 1}"
extreme_s02_q0024,bottleneck_waypoint,Extreme,d08_12,True,True,0.37818537799466867,50,9.49013853636121,9.166206339662512,0.03533983249940942,1,0.46798507738613115,0.0832597081665114,0,0,0,0,False,,,,,"{""profile_name"": ""extreme_d05"", ""map_seed"": 20480620, ""query_seed"": 20481624, ""waypoint_count"": 1, ""bottleneck_count"": 1}"
extreme_s02_q0024,improved_ha,Extreme,d08_12,True,True,1.2730226516723633,1243,9.166206339662512,9.166206339662512,0.0,0,0.3872798761173781,0.10482280740520067,0,0,0,0,False,,,,,"{""profile_name"": ""extreme_d05"", ""map_seed"": 20480620, ""query_seed"": 20481624, ""evaluation_path_source"": ""trace_poses"", ""planner_path_pose_count"": 26, ""evaluation_path_pose_count"": 94}"
extreme_s02_q0024,lo_ha,Extreme,d08_12,True,True,0.4271237850189209,557,9.107910442083483,9.166206339662512,-0.006359871839975995,0,0.4026673371734301,0.06462678350475182,0,0,0,0,False,,,,,"{""profile_name"": ""extreme_d05"", ""map_seed"": 20480620, ""query_seed"": 20481624, ""evaluation_path_source"": ""trace_poses"", ""planner_path_pose_count"": 26, ""evaluation_path_pose_count"": 93}"
extreme_s02_q0024,ss_rrt,Extreme,d08_12,False,False,2.501805255000363,2610,,9.166206339662512,,0,,,0,0,0,0,False,,,,timeout,"{""profile_name"": ""extreme_d05"", ""map_seed"": 20480620, ""query_seed"": 20481624, ""rrt_iterations"": 1636, ""evaluation_path_source"": ""planner_path"", ""planner_path_pose_count"": 0, ""evaluation_path_pose_count"": 0}"
extreme_s02_q0025,vanilla_ha,Extreme,d12_16,True,True,0.18012261390686035,61,15.759243801121846,,,0,0.1081141805469781,0.11981407488482776,0,0,0,0,False,,,,,"{""profile_name"": ""extreme_d06"", ""map_seed"": 20480621, ""query_seed"": 20481621, ""evaluation_path_source"": ""trace_poses"", ""planner_path_pose_count"": 38, ""evaluation_path_pose_count"": 161}"
extreme_s02_q0025,f_n3p_knn,Extreme,d12_16,True,True,0.24731268600589829,141,18.35929461700869,15.759243801121846,0.16498576002116017,2,0.14500877202744872,0.07709446839425693,0,23,1,0,True,0,1,0.0,,"{""profile_name"": ""extreme_d06"", ""map_seed"": 20480621, ""query_seed"": 20481621}"
extreme_s02_q0025,n3p_k1,Extreme,d12_16,True,True,0.3210075470051379,32,15.755603165400522,15.759243801121846,-0.00023101588929441697,0,0.15196288893066642,0.09210398676731946,0,0,2,0,True,0,0,,,"{""profile_name"": ""extreme_d06"", ""map_seed"": 20480621, ""query_seed"": 20481621}"
extreme_s02_q0025,voronoi_waypoint,Extreme,d12_16,True,True,0.46567293900443474,3,16.643312874973038,15.759243801121846,0.05609844514165441,0,0.260602905519452,0.07606990333175678,0,0,0,0,False,,,,,"{""profile_name"": ""extreme_d06"", ""map_seed"": 20480621, ""query_seed"": 20481621, ""waypoint_count"": 2}"
extreme_s02_q0025,bottleneck_waypoint,Extreme,d12_16,True,True,0.6088727910027956,4,15.75174901300943,15.759243801121846,-0.0004755804407240438,0,0.11208557429311833,0.11438649598495143,0,0,0,0,False,,,,,"{""profile_name"": ""extreme_d06"", ""map_seed"": 20480621, ""query_seed"": 20481621, ""waypoint_count"": 3, ""bottleneck_count"": 3}"
extreme_s02_q0025,improved_ha,Extreme,d12_16,True,True,0.18080592155456543,61,15.759243801121846,15.759243801121846,0.0,0,0.1081141805469781,0.11981407488482776,0,0,0,0,False,,,,,"{""profile_name"": ""extreme_d06"", ""map_seed"": 20480621, ""query_seed"": 20481621, ""evaluation_path_source"": ""trace_poses"", ""planner_path_pose_count"": 38, ""evaluation_path_pose_count"": 161}"
extreme_s02_q0025,lo_ha,Extreme,d12_16,True,True,0.1644272804260254,61,15.79221003736447,15.759243801121846,0.002091866631334094,0,0.10294489397387191,0.0560254114177588,0,0,0,0,False,,,,,"{""profile_name"": ""extreme_d06"", ""map_seed"": 20480621, ""query_seed"": 20481621, ""evaluation_path_source"": ""trace_poses"", ""planner_path_pose_count"": 40, ""evaluation_path_pose_count"": 160}"
extreme_s02_q0025,ss_rrt,Extreme,d12_16,True,True,0.1046821310010273,46,15.754800055258357,15.759243801121846,-0.00028197709988930786,0,0.1974756677852124,0.05589767226351283,0,0,0,0,False,,,,,"{""profile_name"": ""extreme_d06"", ""map_seed"": 20480621, ""query_seed"": 20481621, ""rrt_iterations"": 37, ""evaluation_path_source"": ""planner_path"", ""planner_path_pose_count"": 195, ""evaluation_path_pose_count"": 195}"
extreme_s02_q0026,vanilla_ha,Extreme,d16_20,True,True,1.8345632553100586,2437,17.54029179807436,,,0,0.22103303694035814,0.05317481968992532,0,0,0,0,False,,,,,"{""profile_name"": ""extreme_d07"", ""map_seed"": 20480621, ""query_seed"": 20481622, ""evaluation_path_source"": ""trace_poses"", ""planner_path_pose_count"": 46, ""evaluation_path_pose_count"": 179}"
extreme_s02_q0026,f_n3p_knn,Extreme,d16_20,True,True,2.6958166920012445,3760,17.54029179807436,17.54029179807436,0.0,0,0.22103303694035814,0.05317481968992532,0,19,1,1,True,0,0,,,"{""profile_name"": ""extreme_d07"", ""map_seed"": 20480621, ""query_seed"": 20481622}"
extreme_s02_q0026,n3p_k1,Extreme,d16_20,True,True,2.7072440990014,3759,17.54029179807436,17.54029179807436,0.0,0,0.22103303694035814,0.05317481968992532,0,0,1,1,True,0,0,,,"{""profile_name"": ""extreme_d07"", ""map_seed"": 20480621, ""query_seed"": 20481622}"
extreme_s02_q0026,voronoi_waypoint,Extreme,d16_20,True,True,0.812322955003765,244,19.307144609006272,17.54029179807436,0.10073109565519789,2,0.42702961289103886,0.07393972769506629,0,0,0,0,False,,,,,"{""profile_name"": ""extreme_d07"", ""map_seed"": 20480621, ""query_seed"": 20481622, ""waypoint_count"": 3}"
extreme_s02_q0026,bottleneck_waypoint,Extreme,d16_20,True,True,0.6376831169982324,14,19.321283878775283,17.54029179807436,0.1015371979670514,2,0.2722049432377934,0.07196082989156061,0,0,0,0,False,,,,,"{""profile_name"": ""extreme_d07"", ""map_seed"": 20480621, ""query_seed"": 20481622, ""waypoint_count"": 3, ""bottleneck_count"": 3}"
extreme_s02_q0026,improved_ha,Extreme,d16_20,True,True,1.8421378135681152,2437,17.54029179807436,17.54029179807436,0.0,0,0.22103303694035814,0.05317481968992532,0,0,0,0,False,,,,,"{""profile_name"": ""extreme_d07"", ""map_seed"": 20480621, ""query_seed"": 20481622, ""evaluation_path_source"": ""trace_poses"", ""planner_path_pose_count"": 46, ""evaluation_path_pose_count"": 179}"
extreme_s02_q0026,lo_ha,Extreme,d16_20,True,True,0.20659494400024414,166,17.341452594676017,17.54029179807436,-0.011336139996266925,0,0.0876603952092479,0.05317481968992532,0,0,0,0,False,,,,,"{""profile_name"": ""extreme_d07"", ""map_seed"": 20480621, ""query_seed"": 20481622, ""evaluation_path_source"": ""trace_poses"", ""planner_path_pose_count"": 49, ""evaluation_path_pose_count"": 176}"
extreme_s02_q0026,ss_rrt,Extreme,d16_20,False,False,2.5003093170016655,2387,,17.54029179807436,,0,,,0,0,0,0,False,,,,timeout,"{""profile_name"": ""extreme_d07"", ""map_seed"": 20480621, ""query_seed"": 20481622, ""rrt_iterations"": 1382, ""evaluation_path_source"": ""planner_path"", ""planner_path_pose_count"": 0, ""evaluation_path_pose_count"": 0}"
extreme_s02_q0027,vanilla_ha,Extreme,d20_inf,True,True,1.5021495819091797,3721,26.895170331020225,,,0,0.1870578186687563,0.0518005867396476,0,0,0,0,False,,,,,"{""profile_name"": ""extreme_d05"", ""map_seed"": 20480621, ""query_seed"": 20481623, ""evaluation_path_source"": ""trace_poses"", ""planner_path_pose_count"": 47, ""evaluation_path_pose_count"": 271}"
extreme_s02_q0027,f_n3p_knn,Extreme,d20_inf,True,True,3.2622838509996654,6692,26.895170331020225,26.895170331020225,0.0,0,0.1870578186687563,0.0518005867396476,0,26,1,1,True,0,2,0.0,,"{""profile_name"": ""extreme_d05"", ""map_seed"": 20480621, ""query_seed"": 20481623}"
extreme_s02_q0027,n3p_k1,Extreme,d20_inf,True,True,2.242894892995537,5721,26.895170331020225,26.895170331020225,0.0,0,0.1870578186687563,0.0518005867396476,0,0,1,1,True,0,0,,,"{""profile_name"": ""extreme_d05"", ""map_seed"": 20480621, ""query_seed"": 20481623}"
extreme_s02_q0027,voronoi_waypoint,Extreme,d20_inf,True,True,0.9757057809983962,94,29.04609725553336,26.895170331020225,0.07997446746162873,0,0.18888335460546335,0.04981475186331974,0,0,0,0,False,,,,,"{""profile_name"": ""extreme_d05"", ""map_seed"": 20480621, ""query_seed"": 20481623, ""waypoint_count"": 5}"
extreme_s02_q0027,bottleneck_waypoint,Extreme,d20_inf,True,True,1.041131043995847,7,29.849677229398694,26.895170331020225,0.1098526933280215,0,0.2576222045635835,0.1053093608773904,0,0,0,0,False,,,,,"{""profile_name"": ""extreme_d05"", ""map_seed"": 20480621, ""query_seed"": 20481623, ""waypoint_count"": 6, ""bottleneck_count"": 6}"
extreme_s02_q0027,improved_ha,Extreme,d20_inf,True,True,1.513397455215454,3721,26.895170331020225,26.895170331020225,0.0,0,0.1870578186687563,0.0518005867396476,0,0,0,0,False,,,,,"{""profile_name"": ""extreme_d05"", ""map_seed"": 20480621, ""query_seed"": 20481623, ""evaluation_path_source"": ""trace_poses"", ""planner_path_pose_count"": 47, ""evaluation_path_pose_count"": 271}"
extreme_s02_q0027,lo_ha,Extreme,d20_inf,True,True,0.4790685176849365,937,26.915408522299376,26.895170331020225,0.0007524842204031934,0,0.12175122522229016,0.05591641386395968,0,0,0,0,False,,,,,"{""profile_name"": ""extreme_d05"", ""map_seed"": 20480621, ""query_seed"": 20481623, ""evaluation_path_source"": ""trace_poses"", ""planner_path_pose_count"": 52, ""evaluation_path_pose_count"": 271}"
extreme_s02_q0027,ss_rrt,Extreme,d20_inf,False,False,2.500444965000497,1468,,26.895170331020225,,0,,,0,0,0,0,False,,,,timeout,"{""profile_name"": ""extreme_d05"", ""map_seed"": 20480621, ""query_seed"": 20481623, ""rrt_iterations"": 2030, ""evaluation_path_source"": ""planner_path"", ""planner_path_pose_count"": 0, ""evaluation_path_pose_count"": 0}"
extreme_s02_q0028,vanilla_ha,Extreme,d08_12,True,True,0.16420793533325195,28,8.266312310985654,,,0,0.1818209416798804,0.08332009788563943,0,0,0,0,False,,,,,"{""profile_name"": ""extreme_d06"", ""map_seed"": 20480621, ""query_seed"": 20481624, ""evaluation_path_source"": ""trace_poses"", ""planner_path_pose_count"": 18, ""evaluation_path_pose_count"": 85}"
extreme_s02_q0028,f_n3p_knn,Extreme,d08_12,True,True,0.010924304006039165,0,8.556438042264533,8.266312310985654,0.03509735905977229,0,0.3113250059893483,0.09030549257791443,0,4,0,0,True,0,1,0.0,,"{""profile_name"": ""extreme_d06"", ""map_seed"": 20480621, ""query_seed"": 20481624}"
extreme_s02_q0028,n3p_k1,Extreme,d08_12,True,True,0.17232687099749455,28,8.266347164908296,8.266312310985654,4.21638105740918e-06,0,0.18184317488741683,0.08331935342429786,0,0,1,0,True,0,0,,,"{""profile_name"": ""extreme_d06"", ""map_seed"": 20480621, ""query_seed"": 20481624}"
extreme_s02_q0028,voronoi_waypoint,Extreme,d08_12,True,True,0.3408252849985729,2,10.139239665838518,8.266312310985654,0.226573505136481,2,0.3786225462975458,0.1291222866176015,0,0,0,0,False,,,,,"{""profile_name"": ""extreme_d06"", ""map_seed"": 20480621, ""query_seed"": 20481624, ""waypoint_count"": 1}"
extreme_s02_q0028,bottleneck_waypoint,Extreme,d08_12,True,True,0.7502838799991878,530,8.697443920833374,8.266312310985654,0.05215525298684387,0,0.3363693246547768,0.11360907086025529,0,0,0,0,False,,,,,"{""profile_name"": ""extreme_d06"", ""map_seed"": 20480621, ""query_seed"": 20481624, ""waypoint_count"": 1, ""bottleneck_count"": 1}"
extreme_s02_q0028,improved_ha,Extreme,d08_12,True,True,0.1651909351348877,28,8.266312310985654,8.266312310985654,0.0,0,0.1818209416798804,0.08332009788563943,0,0,0,0,False,,,,,"{""profile_name"": ""extreme_d06"", ""map_seed"": 20480621, ""query_seed"": 20481624, ""evaluation_path_source"": ""trace_poses"", ""planner_path_pose_count"": 18, ""evaluation_path_pose_count"": 85}"
extreme_s02_q0028,lo_ha,Extreme,d08_12,True,True,0.1518723964691162,19,8.24898088968889,8.266312310985654,-0.0020966327722378164,0,0.1631147659342355,0.06336613379017197,0,0,0,0,False,,,,,"{""profile_name"": ""extreme_d06"", ""map_seed"": 20480621, ""query_seed"": 20481624, ""evaluation_path_source"": ""trace_poses"", ""planner_path_pose_count"": 20, ""evaluation_path_pose_count"": 85}"
extreme_s02_q0028,ss_rrt,Extreme,d08_12,False,False,2.500368648994481,1108,,8.266312310985654,,0,,,0,0,0,0,False,,,,timeout,"{""profile_name"": ""extreme_d06"", ""map_seed"": 20480621, ""query_seed"": 20481624, ""rrt_iterations"": 2165, ""evaluation_path_source"": ""planner_path"", ""planner_path_pose_count"": 0, ""evaluation_path_pose_count"": 0}"
extreme_s02_q0029,vanilla_ha,Extreme,d12_16,True,True,1.736666202545166,2439,13.611468829033457,,,2,0.2902325997614986,0.05603534776423691,0,0,0,0,False,,,,,"{""profile_name"": ""extreme_d07"", ""map_seed"": 20480621, ""query_seed"": 20481625, ""evaluation_path_source"": ""trace_poses"", ""planner_path_pose_count"": 39, ""evaluation_path_pose_count"": 139}"
extreme_s02_q0029,f_n3p_knn,Extreme,d12_16,True,True,0.027556537999771535,0,14.288289467028381,13.611468829033457,0.04972429107366105,2,0.28169203718457686,0.08888614431073205,0,18,0,0,True,1,3,0.3333333333333333,,"{""profile_name"": ""extreme_d07"", ""map_seed"": 20480621, ""query_seed"": 20481625}"
extreme_s02_q0029,n3p_k1,Extreme,d12_16,True,True,0.2188369550058269,73,13.273989409582711,13.611468829033457,-0.02479375471447265,0,0.15948554422345165,0.06436936409437055,0,0,1,0,True,1,1,1.0,,"{""profile_name"": ""extreme_d07"", ""map_seed"": 20480621, ""query_seed"": 20481625}"
extreme_s02_q0029,voronoi_waypoint,Extreme,d12_16,True,True,0.5155710379985976,58,13.926457792645746,13.611468829033457,0.023141438118743807,0,0.24976258076681446,0.05140346991582695,0,0,0,0,False,,,,,"{""profile_name"": ""extreme_d07"", ""map_seed"": 20480621, ""query_seed"": 20481625, ""waypoint_count"": 2}"
extreme_s02_q0029,bottleneck_waypoint,Extreme,d12_16,True,True,0.47202967799967155,3,13.695178658845506,13.611468829033457,0.006149948316635401,0,0.1936181625219917,0.0525592054603114,0,0,0,0,False,,,,,"{""profile_name"": ""extreme_d07"", ""map_seed"": 20480621, ""query_seed"": 20481625, ""waypoint_count"": 2, ""bottleneck_count"": 2}"
extreme_s02_q0029,improved_ha,Extreme,d12_16,True,True,1.734241008758545,2439,13.611468829033457,13.611468829033457,0.0,2,0.2902325997614986,0.05603534776423691,0,0,0,0,False,,,,,"{""profile_name"": ""extreme_d07"", ""map_seed"": 20480621, ""query_seed"": 20481625, ""evaluation_path_source"": ""trace_poses"", ""planner_path_pose_count"": 39, ""evaluation_path_pose_count"": 139}"
extreme_s02_q0029,lo_ha,Extreme,d12_16,True,True,0.28907346725463867,359,13.282689062454839,13.611468829033457,-0.024154613341752396,0,0.15553339604626318,0.07424325631637863,0,0,0,0,False,,,,,"{""profile_name"": ""extreme_d07"", ""map_seed"": 20480621, ""query_seed"": 20481625, ""evaluation_path_source"": ""trace_poses"", ""planner_path_pose_count"": 39, ""evaluation_path_pose_count"": 136}"
extreme_s02_q0029,ss_rrt,Extreme,d12_16,False,False,2.5002532660000725,1693,,13.611468829033457,,0,,,0,0,0,0,False,,,,timeout,"{""profile_name"": ""extreme_d07"", ""map_seed"": 20480621, ""query_seed"": 20481625, ""rrt_iterations"": 2190, ""evaluation_path_source"": ""planner_path"", ""planner_path_pose_count"": 0, ""evaluation_path_pose_count"": 0}"
extreme_s03_q0030,vanilla_ha,Extreme,d16_20,True,True,0.2700037956237793,329,20.48200719589693,,,1,0.11492857645164894,0.09020337901617625,0,0,0,0,False,,,,,"{""profile_name"": ""extreme_d05"", ""map_seed"": 20490620, ""query_seed"": 20491620, ""evaluation_path_source"": ""trace_poses"", ""planner_path_pose_count"": 25, ""evaluation_path_pose_count"": 208}"
extreme_s03_q0030,f_n3p_knn,Extreme,d16_20,True,True,0.04756591299519641,0,24.07764297643481,20.48200719589693,0.17555094801734938,4,0.3103821623466747,0.1306879736314539,0,10,0,0,True,2,5,0.4,,"{""profile_name"": ""extreme_d05"", ""map_seed"": 20490620, ""query_seed"": 20491620}"
extreme_s03_q0030,n3p_k1,Extreme,d16_20,True,True,0.2756985230007558,329,20.48200719589693,20.48200719589693,0.0,1,0.11492857645164894,0.09020337901617625,0,0,1,0,True,0,0,,,"{""profile_name"": ""extreme_d05"", ""map_seed"": 20490620, ""query_seed"": 20491620}"
extreme_s03_q0030,voronoi_waypoint,Extreme,d16_20,True,True,0.8104741770002875,81,24.15193102904782,20.48200719589693,0.17917793886363187,1,0.24912659125142678,0.06493274606445587,0,0,0,0,False,,,,,"{""profile_name"": ""extreme_d05"", ""map_seed"": 20490620, ""query_seed"": 20491620, ""waypoint_count"": 4}"
extreme_s03_q0030,bottleneck_waypoint,Extreme,d16_20,True,True,0.7600067759995,5,22.28824291650212,20.48200719589693,0.08818646060074742,1,0.3125282211439838,0.14687224229515305,0,0,0,0,False,,,,,"{""profile_name"": ""extreme_d05"", ""map_seed"": 20490620, ""query_seed"": 20491620, ""waypoint_count"": 4, ""bottleneck_count"": 4}"
extreme_s03_q0030,improved_ha,Extreme,d16_20,True,True,0.2716071605682373,329,20.48200719589693,20.48200719589693,0.0,1,0.11492857645164894,0.09020337901617625,0,0,0,0,False,,,,,"{""profile_name"": ""extreme_d05"", ""map_seed"": 20490620, ""query_seed"": 20491620, ""evaluation_path_source"": ""trace_poses"", ""planner_path_pose_count"": 25, ""evaluation_path_pose_count"": 208}"
extreme_s03_q0030,lo_ha,Extreme,d16_20,True,True,0.46579837799072266,839,21.495714036192737,20.48200719589693,0.04949255366431471,1,0.20827333101893966,0.06545949975713106,0,0,0,0,False,,,,,"{""profile_name"": ""extreme_d05"", ""map_seed"": 20490620, ""query_seed"": 20491620, ""evaluation_path_source"": ""trace_poses"", ""planner_path_pose_count"": 65, ""evaluation_path_pose_count"": 217}"
extreme_s03_q0030,ss_rrt,Extreme,d16_20,False,False,0.42380573200352956,6,,20.48200719589693,,0,,,0,0,0,0,False,,,,iteration_budget_exhausted,"{""profile_name"": ""extreme_d05"", ""map_seed"": 20490620, ""query_seed"": 20491620, ""rrt_iterations"": 3000, ""evaluation_path_source"": ""planner_path"", ""planner_path_pose_count"": 0, ""evaluation_path_pose_count"": 0}"
extreme_s03_q0031,vanilla_ha,Extreme,d20_inf,False,False,2.5000064373016357,4125,,,,0,,,0,0,0,0,False,,,,timeout,"{""profile_name"": ""extreme_d06"", ""map_seed"": 20490620, ""query_seed"": 20491621, ""evaluation_path_source"": ""planner_path"", ""planner_path_pose_count"": 0, ""evaluation_path_pose_count"": 0}"
extreme_s03_q0031,f_n3p_knn,Extreme,d20_inf,False,False,3.519230644000345,6409,,,,0,,,0,23,1,1,True,0,1,0.0,f2_failed:prediction:goal_in_collision;goal:node_budget_exhausted;f3_failed:timeout,"{""profile_name"": ""extreme_d06"", ""map_seed"": 20490620, ""query_seed"": 20491621}"
extreme_s03_q0031,n3p_k1,Extreme,d20_inf,True,True,1.727194037004665,1278,33.82062995480647,,,3,0.32867413372577176,0.0693388301981519,0,0,4,0,True,1,1,1.0,,"{""profile_name"": ""extreme_d06"", ""map_seed"": 20490620, ""query_seed"": 20491621}"
extreme_s03_q0031,voronoi_waypoint,Extreme,d20_inf,False,False,1.8112062090003747,873,28.51161523552855,,,1,0.1513632072964227,0.13751594585642501,0,0,0,0,False,,,,segment_failed:timeout,"{""profile_name"": ""extreme_d06"", ""map_seed"": 20490620, ""query_seed"": 20491621, ""waypoint_count"": 5}"
extreme_s03_q0031,bottleneck_waypoint,Extreme,d20_inf,False,False,1.7144083800012595,1067,27.75845839104192,,,1,0.12553519754454487,0.06254791597712689,0,0,0,0,False,,,,segment_failed:timeout,"{""profile_name"": ""extreme_d06"", ""map_seed"": 20490620, ""query_seed"": 20491621, ""waypoint_count"": 4, ""bottleneck_count"": 4}"
extreme_s03_q0031,improved_ha,Extreme,d20_inf,False,False,2.502481460571289,4153,,,,0,,,0,0,0,0,False,,,,timeout,"{""profile_name"": ""extreme_d06"", ""map_seed"": 20490620, ""query_seed"": 20491621, ""evaluation_path_source"": ""planner_path"", ""planner_path_pose_count"": 0, ""evaluation_path_pose_count"": 0}"
extreme_s03_q0031,lo_ha,Extreme,d20_inf,False,False,2.5001039505004883,5294,,,,0,,,0,0,0,0,False,,,,timeout,"{""profile_name"": ""extreme_d06"", ""map_seed"": 20490620, ""query_seed"": 20491621, ""evaluation_path_source"": ""planner_path"", ""planner_path_pose_count"": 0, ""evaluation_path_pose_count"": 0}"
extreme_s03_q0031,ss_rrt,Extreme,d20_inf,False,False,2.5240334420013824,958,,,,0,,,0,0,0,0,False,,,,timeout,"{""profile_name"": ""extreme_d06"", ""map_seed"": 20490620, ""query_seed"": 20491621, ""rrt_iterations"": 1817, ""evaluation_path_source"": ""planner_path"", ""planner_path_pose_count"": 0, ""evaluation_path_pose_count"": 0}"
extreme_s03_q0032,vanilla_ha,Extreme,d08_12,True,True,1.7843241691589355,2513,10.943845530651602,,,2,0.22982487530761964,0.074157856952067,0,0,0,0,False,,,,,"{""profile_name"": ""extreme_d07"", ""map_seed"": 20490620, ""query_seed"": 20491622, ""evaluation_path_source"": ""trace_poses"", ""planner_path_pose_count"": 34, ""evaluation_path_pose_count"": 112}"
extreme_s03_q0032,f_n3p_knn,Extreme,d08_12,True,True,0.029170040994358715,0,12.557682668976925,10.943845530651602,0.14746527021103106,3,0.2884916871129553,0.12882914480909313,0,5,0,0,True,1,3,0.3333333333333333,,"{""profile_name"": ""extreme_d07"", ""map_seed"": 20490620, ""query_seed"": 20491622}"
extreme_s03_q0032,n3p_k1,Extreme,d08_12,True,True,2.673446540000441,3894,10.943845530651602,10.943845530651602,0.0,2,0.22982487530761964,0.074157856952067,0,0,1,1,True,0,0,,,"{""profile_name"": ""extreme_d07"", ""map_seed"": 20490620, ""query_seed"": 20491622}"
extreme_s03_q0032,voronoi_waypoint,Extreme,d08_12,True,True,1.0085019999969518,559,13.209843900763804,10.943845530651602,0.20705686714652338,7,0.40403634803639543,0.08291352459427925,0,0,0,0,False,,,,,"{""profile_name"": ""extreme_d07"", ""map_seed"": 20490620, ""query_seed"": 20491622, ""waypoint_count"": 2}"
extreme_s03_q0032,bottleneck_waypoint,Extreme,d08_12,True,True,0.4748813650003285,3,11.494998610984334,10.943845530651602,0.050361920660252135,0,0.22708021643930737,0.07613265399582714,0,0,0,0,False,,,,,"{""profile_name"": ""extreme_d07"", ""map_seed"": 20490620, ""query_seed"": 20491622, ""waypoint_count"": 2, ""bottleneck_count"": 2}"
extreme_s03_q0032,improved_ha,Extreme,d08_12,True,True,1.7944517135620117,2513,10.943845530651602,10.943845530651602,0.0,2,0.22982487530761964,0.074157856952067,0,0,0,0,False,,,,,"{""profile_name"": ""extreme_d07"", ""map_seed"": 20490620, ""query_seed"": 20491622, ""evaluation_path_source"": ""trace_poses"", ""planner_path_pose_count"": 34, ""evaluation_path_pose_count"": 112}"
extreme_s03_q0032,lo_ha,Extreme,d08_12,True,True,0.2885167598724365,361,11.200539018255586,10.943845530651602,0.0234555108517418,0,0.21629837783597747,0.07480707434208633,0,0,0,0,False,,,,,"{""profile_name"": ""extreme_d07"", ""map_seed"": 20490620, ""query_seed"": 20491622, ""evaluation_path_source"": ""trace_poses"", ""planner_path_pose_count"": 21, ""evaluation_path_pose_count"": 114}"
extreme_s03_q0032,ss_rrt,Extreme,d08_12,False,False,2.5007433959981427,1789,,10.943845530651602,,0,,,0,0,0,0,False,,,,timeout,"{""profile_name"": ""extreme_d07"", ""map_seed"": 20490620, ""query_seed"": 20491622, ""rrt_iterations"": 1347, ""evaluation_path_source"": ""planner_path"", ""planner_path_pose_count"": 0, ""evaluation_path_pose_count"": 0}"
extreme_s03_q0033,vanilla_ha,Extreme,d12_16,True,True,0.2658529281616211,196,15.715198431761163,,,0,0.1592966824820091,0.10128763257179785,0,0,0,0,False,,,,,"{""profile_name"": ""extreme_d05"", ""map_seed"": 20490620, ""query_seed"": 20491623, ""evaluation_path_source"": ""trace_poses"", ""planner_path_pose_count"": 37, ""evaluation_path_pose_count"": 160}"
extreme_s03_q0033,f_n3p_knn,Extreme,d12_16,True,True,0.010550810999120586,0,15.599222557418727,15.715198431761163,-0.007379854275848197,0,0.03516003907052643,0.22027096422680192,0,1,0,0,True,0,1,0.0,,"{""profile_name"": ""extreme_d05"", ""map_seed"": 20490620, ""query_seed"": 20491623}"
extreme_s03_q0033,n3p_k1,Extreme,d12_16,True,True,0.2758283000002848,196,15.715198431761163,15.715198431761163,0.0,0,0.1592966824820091,0.10128763257179785,0,0,1,0,True,0,0,,,"{""profile_name"": ""extreme_d05"", ""map_seed"": 20490620, ""query_seed"": 20491623}"
extreme_s03_q0033,voronoi_waypoint,Extreme,d12_16,True,True,0.47775357399950735,3,17.255744299519495,15.715198431761163,0.09802904331419815,0,0.15143140272668318,0.18901234290159685,0,0,0,0,False,,,,,"{""profile_name"": ""extreme_d05"", ""map_seed"": 20490620, ""query_seed"": 20491623, ""waypoint_count"": 2}"
extreme_s03_q0033,bottleneck_waypoint,Extreme,d12_16,True,True,0.4822195809974801,3,16.377618716431453,15.715198431761163,0.042151569867008964,0,0.1423641672080823,0.34890206391288914,0,0,0,0,False,,,,,"{""profile_name"": ""extreme_d05"", ""map_seed"": 20490620, ""query_seed"": 20491623, ""waypoint_count"": 2, ""bottleneck_count"": 2}"
extreme_s03_q0033,improved_ha,Extreme,d12_16,True,True,0.2678868770599365,196,15.715198431761163,15.715198431761163,0.0,0,0.1592966824820091,0.10128763257179785,0,0,0,0,False,,,,,"{""profile_name"": ""extreme_d05"", ""map_seed"": 20490620, ""query_seed"": 20491623, ""evaluation_path_source"": ""trace_poses"", ""planner_path_pose_count"": 37, ""evaluation_path_pose_count"": 160}"
extreme_s03_q0033,lo_ha,Extreme,d12_16,True,True,0.6462080478668213,1209,15.946035164875545,15.715198431761163,0.01468875713639406,0,0.18524779980440503,0.08624354923350797,0,0,0,0,False,,,,,"{""profile_name"": ""extreme_d05"", ""map_seed"": 20490620, ""query_seed"": 20491623, ""evaluation_path_source"": ""trace_poses"", ""planner_path_pose_count"": 41, ""evaluation_path_pose_count"": 162}"
extreme_s03_q0033,ss_rrt,Extreme,d12_16,True,True,0.15775347799353767,70,15.781935784312456,15.715198431761163,0.004246675779569831,0,0.32955951111801157,0.06077527035493974,0,0,0,0,False,,,,,"{""profile_name"": ""extreme_d05"", ""map_seed"": 20490620, ""query_seed"": 20491623, ""rrt_iterations"": 124, ""evaluation_path_source"": ""planner_path"", ""planner_path_pose_count"": 197, ""evaluation_path_pose_count"": 197}"
extreme_s03_q0034,vanilla_ha,Extreme,d16_20,True,True,0.6180980205535889,664,20.352854827916495,,,0,0.21770665257080804,0.05820689067871904,0,0,0,0,False,,,,,"{""profile_name"": ""extreme_d06"", ""map_seed"": 20490620, ""query_seed"": 20491624, ""evaluation_path_source"": ""trace_poses"", ""planner_path_pose_count"": 60, ""evaluation_path_pose_count"": 206}"
extreme_s03_q0034,f_n3p_knn,Extreme,d16_20,True,True,0.03932070000155363,0,20.69569034275318,20.352854827916495,0.016844590979268714,0,0.1218083924149567,0.06381082085865541,0,1,0,0,True,3,4,0.75,,"{""profile_name"": ""extreme_d06"", ""map_seed"": 20490620, ""query_seed"": 20491624}"
extreme_s03_q0034,n3p_k1,Extreme,d16_20,True,True,0.9162546270017629,860,20.223130997567207,20.352854827916495,-0.006373741248886455,0,0.2619282022500625,0.05978365694291454,0,0,2,0,True,0,0,,,"{""profile_name"": ""extreme_d06"", ""map_seed"": 20490620, ""query_seed"": 20491624}"
extreme_s03_q0034,voronoi_waypoint,Extreme,d16_20,True,True,0.8157749500023783,68,23.050503174368348,20.352854827916495,0.1325439781917812,2,0.4045459676648064,0.06381082085865541,0,0,0,0,False,,,,,"{""profile_name"": ""extreme_d06"", ""map_seed"": 20490620, ""query_seed"": 20491624, ""waypoint_count"": 4}"
extreme_s03_q0034,bottleneck_waypoint,Extreme,d16_20,True,True,0.9169062189976103,8,22.20303308834226,20.352854827916495,0.09090509788769352,2,0.3200204528208008,0.05097334756623395,0,0,0,0,False,,,,,"{""profile_name"": ""extreme_d06"", ""map_seed"": 20490620, ""query_seed"": 20491624, ""waypoint_count"": 5, ""bottleneck_count"": 5}"
extreme_s03_q0034,improved_ha,Extreme,d16_20,True,True,0.616567850112915,664,20.352854827916495,20.352854827916495,0.0,0,0.21770665257080804,0.05820689067871904,0,0,0,0,False,,,,,"{""profile_name"": ""extreme_d06"", ""map_seed"": 20490620, ""query_seed"": 20491624, ""evaluation_path_source"": ""trace_poses"", ""planner_path_pose_count"": 60, ""evaluation_path_pose_count"": 206}"
extreme_s03_q0034,lo_ha,Extreme,d16_20,True,True,0.3039684295654297,397,21.134131302838785,20.352854827916495,0.0383865792552438,0,0.240563118600495,0.08720852170048365,0,0,0,0,False,,,,,"{""profile_name"": ""extreme_d06"", ""map_seed"": 20490620, ""query_seed"": 20491624, ""evaluation_path_source"": ""trace_poses"", ""planner_path_pose_count"": 60, ""evaluation_path_pose_count"": 214}"
extreme_s03_q0034,ss_rrt,Extreme,d16_20,False,False,2.5029196080067777,2940,,20.352854827916495,,0,,,0,0,0,0,False,,,,timeout,"{""profile_name"": ""extreme_d06"", ""map_seed"": 20490620, ""query_seed"": 20491624, ""rrt_iterations"": 1359, ""evaluation_path_source"": ""planner_path"", ""planner_path_pose_count"": 0, ""evaluation_path_pose_count"": 0}"
extreme_s03_q0035,vanilla_ha,Extreme,d20_inf,False,False,2.5006747245788574,3889,,,,0,,,0,0,0,0,False,,,,timeout,"{""profile_name"": ""extreme_d07"", ""map_seed"": 20490621, ""query_seed"": 20491621, ""evaluation_path_source"": ""planner_path"", ""planner_path_pose_count"": 0, ""evaluation_path_pose_count"": 0}"
extreme_s03_q0035,f_n3p_knn,Extreme,d20_inf,True,True,1.3468722390025505,1141,22.772274989257276,,,4,0.3308514271804847,0.05548657069452617,0,49,1,0,True,0,6,0.0,,"{""profile_name"": ""extreme_d07"", ""map_seed"": 20490621, ""query_seed"": 20491621}"
extreme_s03_q0035,n3p_k1,Extreme,d20_inf,False,False,3.5125890920025995,5743,,,,0,,,0,0,1,1,True,0,0,,f2_failed:prediction:goal_in_collision;goal:timeout;f3_failed:timeout,"{""profile_name"": ""extreme_d07"", ""map_seed"": 20490621, ""query_seed"": 20491621}"
extreme_s03_q0035,voronoi_waypoint,Extreme,d20_inf,True,True,0.7419909670061315,169,21.8508924791173,,,0,0.3000592996249745,0.05392600597138919,0,0,0,0,False,,,,,"{""profile_name"": ""extreme_d07"", ""map_seed"": 20490621, ""query_seed"": 20491621, ""waypoint_count"": 3}"
extreme_s03_q0035,bottleneck_waypoint,Extreme,d20_inf,True,True,1.2346641780022765,52,22.13041296879111,,,0,0.4497504948460858,0.052630357896261803,0,0,0,0,False,,,,,"{""profile_name"": ""extreme_d07"", ""map_seed"": 20490621, ""query_seed"": 20491621, ""waypoint_count"": 7, ""bottleneck_count"": 7}"
extreme_s03_q0035,improved_ha,Extreme,d20_inf,False,False,2.5016520023345947,3921,,,,0,,,0,0,0,0,False,,,,timeout,"{""profile_name"": ""extreme_d07"", ""map_seed"": 20490621, ""query_seed"": 20491621, ""evaluation_path_source"": ""planner_path"", ""planner_path_pose_count"": 0, ""evaluation_path_pose_count"": 0}"
extreme_s03_q0035,lo_ha,Extreme,d20_inf,False,False,2.5001626014709473,6611,,,,0,,,0,0,0,0,False,,,,timeout,"{""profile_name"": ""extreme_d07"", ""map_seed"": 20490621, ""query_seed"": 20491621, ""evaluation_path_source"": ""planner_path"", ""planner_path_pose_count"": 0, ""evaluation_path_pose_count"": 0}"
extreme_s03_q0035,ss_rrt,Extreme,d20_inf,False,False,2.3956135059997905,1241,,,,0,,,0,0,0,0,False,,,,iteration_budget_exhausted,"{""profile_name"": ""extreme_d07"", ""map_seed"": 20490621, ""query_seed"": 20491621, ""rrt_iterations"": 3000, ""evaluation_path_source"": ""planner_path"", ""planner_path_pose_count"": 0, ""evaluation_path_pose_count"": 0}"
extreme_s03_q0036,vanilla_ha,Extreme,d08_12,True,True,1.284987211227417,1589,11.62692109152262,,,0,0.4051166275903953,0.0657603019152393,0,0,0,0,False,,,,,"{""profile_name"": ""extreme_d05"", ""map_seed"": 20490621, ""query_seed"": 20491622, ""evaluation_path_source"": ""trace_poses"", ""planner_path_pose_count"": 27, ""evaluation_path_pose_count"": 119}"
extreme_s03_q0036,f_n3p_knn,Extreme,d08_12,True,True,0.1809333190030884,4,12.248137961347492,11.62692109152262,0.05342918085836246,3,0.25906435645458237,0.0655591278486044,0,38,1,0,True,0,3,0.0,,"{""profile_name"": ""extreme_d05"", ""map_seed"": 20490621, ""query_seed"": 20491622}"
extreme_s03_q0036,n3p_k1,Extreme,d08_12,True,True,1.3928708599996753,1432,11.631522236366575,11.62692109152262,0.0003957320091652061,0,0.3055002129170565,0.07031543996892287,0,0,2,0,True,0,0,,,"{""profile_name"": ""extreme_d05"", ""map_seed"": 20490621, ""query_seed"": 20491622}"
extreme_s03_q0036,voronoi_waypoint,Extreme,d08_12,True,True,0.6876410429977113,244,12.303552730911715,11.62692109152262,0.0581952551378746,0,0.5032136253668595,0.08359789636822368,0,0,0,0,False,,,,,"{""profile_name"": ""extreme_d05"", ""map_seed"": 20490621, ""query_seed"": 20491622, ""waypoint_count"": 2}"
extreme_s03_q0036,bottleneck_waypoint,Extreme,d08_12,True,True,0.48024876000272343,12,12.293227580320735,11.62692109152262,0.0573072168937252,0,0.4071059275285025,0.06677043541973893,0,0,0,0,False,,,,,"{""profile_name"": ""extreme_d05"", ""map_seed"": 20490621, ""query_seed"": 20491622, ""waypoint_count"": 2, ""bottleneck_count"": 2}"
extreme_s03_q0036,improved_ha,Extreme,d08_12,True,True,1.2681729793548584,1589,11.62692109152262,11.62692109152262,0.0,0,0.4051166275903953,0.0657603019152393,0,0,0,0,False,,,,,"{""profile_name"": ""extreme_d05"", ""map_seed"": 20490621, ""query_seed"": 20491622, ""evaluation_path_source"": ""trace_poses"", ""planner_path_pose_count"": 27, ""evaluation_path_pose_count"": 119}"
extreme_s03_q0036,lo_ha,Extreme,d08_12,True,True,0.16228747367858887,43,11.37809788654841,11.62692109152262,-0.021400610102672024,0,0.23527517443080348,0.06093173664769819,0,0,0,0,False,,,,,"{""profile_name"": ""extreme_d05"", ""map_seed"": 20490621, ""query_seed"": 20491622, ""evaluation_path_source"": ""trace_poses"", ""planner_path_pose_count"": 32, ""evaluation_path_pose_count"": 116}"
extreme_s03_q0036,ss_rrt,Extreme,d08_12,True,True,0.13539806300104829,68,12.958156363166388,11.62692109152262,0.1144959410289963,0,0.5760475346618262,0.0831250570276153,0,0,0,0,False,,,,,"{""profile_name"": ""extreme_d05"", ""map_seed"": 20490621, ""query_seed"": 20491622, ""rrt_iterations"": 173, ""evaluation_path_source"": ""planner_path"", ""planner_path_pose_count"": 163, ""evaluation_path_pose_count"": 163}"
extreme_s03_q0037,vanilla_ha,Extreme,d12_16,True,True,0.6225230693817139,610,14.621637784138153,,,0,0.2632628303603249,0.14233332830095213,0,0,0,0,False,,,,,"{""profile_name"": ""extreme_d06"", ""map_seed"": 20490621, ""query_seed"": 20491623, ""evaluation_path_source"": ""trace_poses"", ""planner_path_pose_count"": 39, ""evaluation_path_pose_count"": 148}"
extreme_s03_q0037,f_n3p_knn,Extreme,d12_16,True,True,0.037916982000751887,0,17.247046691114118,14.621637784138153,0.1795564180795164,5,0.30222797029618875,0.09804188033454897,0,16,0,0,True,1,4,0.25,,"{""profile_name"": ""extreme_d06"", ""map_seed"": 20490621, ""query_seed"": 20491623}"
extreme_s03_q0037,n3p_k1,Extreme,d12_16,True,True,1.7308204579967423,2088,14.621637784138153,14.621637784138153,0.0,0,0.2632628303603249,0.14233332830095213,0,0,2,1,True,0,0,,,"{""profile_name"": ""extreme_d06"", ""map_seed"": 20490621, ""query_seed"": 20491623}"
extreme_s03_q0037,voronoi_waypoint,Extreme,d12_16,True,True,0.481298661994515,7,14.800332629502778,14.621637784138153,0.012221260573044512,0,0.16818312857365064,0.10608991176013727,0,0,0,0,False,,,,,"{""profile_name"": ""extreme_d06"", ""map_seed"": 20490621, ""query_seed"": 20491623, ""waypoint_count"": 2}"
extreme_s03_q0037,bottleneck_waypoint,Extreme,d12_16,True,True,0.6154375769983744,4,15.694864829418513,14.621637784138153,0.07339992011323226,0,0.34226279464639164,0.18728443457932642,0,0,0,0,False,,,,,"{""profile_name"": ""extreme_d06"", ""map_seed"": 20490621, ""query_seed"": 20491623, ""waypoint_count"": 3, ""bottleneck_count"": 3}"
extreme_s03_q0037,improved_ha,Extreme,d12_16,True,True,0.6308701038360596,610,14.621637784138153,14.621637784138153,0.0,0,0.2632628303603249,0.14233332830095213,0,0,0,0,False,,,,,"{""profile_name"": ""extreme_d06"", ""map_seed"": 20490621, ""query_seed"": 20491623, ""evaluation_path_source"": ""trace_poses"", ""planner_path_pose_count"": 39, ""evaluation_path_pose_count"": 148}"
extreme_s03_q0037,lo_ha,Extreme,d12_16,True,True,0.18785810470581055,76,14.618810905433675,14.621637784138153,-0.00019333529842635588,0,0.1558987423168403,0.09100516055469221,0,0,0,0,False,,,,,"{""profile_name"": ""extreme_d06"", ""map_seed"": 20490621, ""query_seed"": 20491623, ""evaluation_path_source"": ""trace_poses"", ""planner_path_pose_count"": 38, ""evaluation_path_pose_count"": 149}"
extreme_s03_q0037,ss_rrt,Extreme,d12_16,False,False,2.5013970119980513,3844,,14.621637784138153,,0,,,0,0,0,0,False,,,,timeout,"{""profile_name"": ""extreme_d06"", ""map_seed"": 20490621, ""query_seed"": 20491623, ""rrt_iterations"": 1466, ""evaluation_path_source"": ""planner_path"", ""planner_path_pose_count"": 0, ""evaluation_path_pose_count"": 0}"
extreme_s03_q0038,vanilla_ha,Extreme,d16_20,True,True,2.286742687225342,4005,20.387868815801944,,,0,0.18928998313441814,0.05594835293665262,0,0,0,0,False,,,,,"{""profile_name"": ""extreme_d07"", ""map_seed"": 20490621, ""query_seed"": 20491624, ""evaluation_path_source"": ""trace_poses"", ""planner_path_pose_count"": 43, ""evaluation_path_pose_count"": 207}"
extreme_s03_q0038,f_n3p_knn,Extreme,d16_20,True,True,0.19604906300082803,3,20.93314032511469,20.387868815801944,0.026744899834264313,2,0.2503622287390885,0.09598718399372208,0,48,1,0,True,2,5,0.4,,"{""profile_name"": ""extreme_d07"", ""map_seed"": 20490621, ""query_seed"": 20491624}"
extreme_s03_q0038,n3p_k1,Extreme,d16_20,True,True,1.400239923998015,1011,20.45299577071934,20.387868815801944,0.0031943973892414324,0,0.2658216957811226,0.07275507827515948,0,0,2,0,True,2,2,1.0,,"{""profile_name"": ""extreme_d07"", ""map_seed"": 20490621, ""query_seed"": 20491624}"
extreme_s03_q0038,voronoi_waypoint,Extreme,d16_20,True,True,0.735618919999979,163,20.92906494405707,20.387868815801944,0.02654500738378629,0,0.272217190550441,0.07160076793342562,0,0,0,0,False,,,,,"{""profile_name"": ""extreme_d07"", ""map_seed"": 20490621, ""query_seed"": 20491624, ""waypoint_count"": 3}"
extreme_s03_q0038,bottleneck_waypoint,Extreme,d16_20,True,True,1.552465761997155,1070,23.051132833745815,20.387868815801944,0.1306298388519973,4,0.32646298289830833,0.05896726253552803,0,0,0,0,False,,,,,"{""profile_name"": ""extreme_d07"", ""map_seed"": 20490621, ""query_seed"": 20491624, ""waypoint_count"": 4, ""bottleneck_count"": 4}"
extreme_s03_q0038,improved_ha,Extreme,d16_20,True,True,2.3256876468658447,4005,20.387868815801944,20.387868815801944,0.0,0,0.18928998313441814,0.05594835293665262,0,0,0,0,False,,,,,"{""profile_name"": ""extreme_d07"", ""map_seed"": 20490621, ""query_seed"": 20491624, ""evaluation_path_source"": ""trace_poses"", ""planner_path_pose_count"": 43, ""evaluation_path_pose_count"": 207}"
extreme_s03_q0038,lo_ha,Extreme,d16_20,True,True,1.2961206436157227,3017,20.49389578393195,20.387868815801944,0.005200492954311464,0,0.18845203091024898,0.07921594675896271,0,0,0,0,False,,,,,"{""profile_name"": ""extreme_d07"", ""map_seed"": 20490621, ""query_seed"": 20491624, ""evaluation_path_source"": ""trace_poses"", ""planner_path_pose_count"": 40, ""evaluation_path_pose_count"": 208}"
extreme_s03_q0038,ss_rrt,Extreme,d16_20,True,True,0.20174856299854582,93,20.63229516063028,20.387868815801944,0.011988812908139357,0,0.31277198834224035,0.08991725387342053,0,0,0,0,False,,,,,"{""profile_name"": ""extreme_d07"", ""map_seed"": 20490621, ""query_seed"": 20491624, ""rrt_iterations"": 137, ""evaluation_path_source"": ""planner_path"", ""planner_path_pose_count"": 251, ""evaluation_path_pose_count"": 251}"
extreme_s03_q0039,vanilla_ha,Extreme,d20_inf,False,False,2.500124931335449,4170,,,,0,,,0,0,0,0,False,,,,timeout,"{""profile_name"": ""extreme_d05"", ""map_seed"": 20490621, ""query_seed"": 20491625, ""evaluation_path_source"": ""planner_path"", ""planner_path_pose_count"": 0, ""evaluation_path_pose_count"": 0}"
extreme_s03_q0039,f_n3p_knn,Extreme,d20_inf,True,True,0.05482837599993218,0,27.30015257077813,,,5,0.24838062873319527,0.06984893078498644,0,10,0,0,True,2,6,0.3333333333333333,,"{""profile_name"": ""extreme_d05"", ""map_seed"": 20490621, ""query_seed"": 20491625}"
extreme_s03_q0039,n3p_k1,Extreme,d20_inf,False,False,4.521458761999384,6782,,,,0,,,0,0,1,1,True,1,1,1.0,f2_failed:prediction:timeout;goal:timeout;f3_failed:timeout,"{""profile_name"": ""extreme_d05"", ""map_seed"": 20490621, ""query_seed"": 20491625}"
extreme_s03_q0039,voronoi_waypoint,Extreme,d20_inf,True,True,0.7580833360043471,5,25.953915144213404,,,0,0.24249945828504282,0.10043524342422072,0,0,0,0,False,,,,,"{""profile_name"": ""extreme_d05"", ""map_seed"": 20490621, ""query_seed"": 20491625, ""waypoint_count"": 4}"
extreme_s03_q0039,bottleneck_waypoint,Extreme,d20_inf,True,True,0.8974245540011907,6,25.433169064934745,,,0,0.1907268598111148,0.19048064689265765,0,0,0,0,False,,,,,"{""profile_name"": ""extreme_d05"", ""map_seed"": 20490621, ""query_seed"": 20491625, ""waypoint_count"": 5, ""bottleneck_count"": 5}"
extreme_s03_q0039,improved_ha,Extreme,d20_inf,False,False,2.501081705093384,4153,,,,0,,,0,0,0,0,False,,,,timeout,"{""profile_name"": ""extreme_d05"", ""map_seed"": 20490621, ""query_seed"": 20491625, ""evaluation_path_source"": ""planner_path"", ""planner_path_pose_count"": 0, ""evaluation_path_pose_count"": 0}"
extreme_s03_q0039,lo_ha,Extreme,d20_inf,False,False,2.5001108646392822,5208,,,,0,,,0,0,0,0,False,,,,timeout,"{""profile_name"": ""extreme_d05"", ""map_seed"": 20490621, ""query_seed"": 20491625, ""evaluation_path_source"": ""planner_path"", ""planner_path_pose_count"": 0, ""evaluation_path_pose_count"": 0}"
extreme_s03_q0039,ss_rrt,Extreme,d20_inf,True,True,0.46587809800257673,148,25.423535249529266,,,0,0.42279328105870834,0.07930773922532253,0,0,0,0,False,,,,,"{""profile_name"": ""extreme_d05"", ""map_seed"": 20490621, ""query_seed"": 20491625, ""rrt_iterations"": 279, ""evaluation_path_source"": ""planner_path"", ""planner_path_pose_count"": 311, ""evaluation_path_pose_count"": 311}"
extreme_s04_q0040,vanilla_ha,Extreme,d08_12,True,True,0.23875808715820312,124,12.112890653810219,,,0,0.36840003417324635,0.07743032668183347,0,0,0,0,False,,,,,"{""profile_name"": ""extreme_d06"", ""map_seed"": 20500620, ""query_seed"": 20501620, ""evaluation_path_source"": ""trace_poses"", ""planner_path_pose_count"": 30, ""evaluation_path_pose_count"": 124}"
extreme_s04_q0040,f_n3p_knn,Extreme,d08_12,True,True,0.19383854100306053,17,19.3435372599843,12.112890653810219,0.5969381556251079,1,0.13287889893824506,0.18992142369940657,0,20,1,0,True,2,3,0.6666666666666666,,"{""profile_name"": ""extreme_d06"", ""map_seed"": 20500620, ""query_seed"": 20501620}"
extreme_s04_q0040,n3p_k1,Extreme,d08_12,True,True,0.24938286600081483,124,12.112890653810219,12.112890653810219,0.0,0,0.36840003417324635,0.07743032668183347,0,0,1,0,True,0,0,,,"{""profile_name"": ""extreme_d06"", ""map_seed"": 20500620, ""query_seed"": 20501620}"
extreme_s04_q0040,voronoi_waypoint,Extreme,d08_12,True,True,0.4712779790061177,3,12.72226830419725,12.112890653810219,0.05030819379149154,0,0.2081525205604833,0.08263096351039234,0,0,0,0,False,,,,,"{""profile_name"": ""extreme_d06"", ""map_seed"": 20500620, ""query_seed"": 20501620, ""waypoint_count"": 2}"
extreme_s04_q0040,bottleneck_waypoint,Extreme,d08_12,True,True,0.47487495700625004,3,12.676219966207759,12.112890653810219,0.04650659603043139,0,0.3249504826695956,0.5895491281987626,0,0,0,0,False,,,,,"{""profile_name"": ""extreme_d06"", ""map_seed"": 20500620, ""query_seed"": 20501620, ""waypoint_count"": 2, ""bottleneck_count"": 2}"
extreme_s04_q0040,improved_ha,Extreme,d08_12,True,True,0.23948192596435547,124,12.112890653810219,12.112890653810219,0.0,0,0.36840003417324635,0.07743032668183347,0,0,0,0,False,,,,,"{""profile_name"": ""extreme_d06"", ""map_seed"": 20500620, ""query_seed"": 20501620, ""evaluation_path_source"": ""trace_poses"", ""planner_path_pose_count"": 30, ""evaluation_path_pose_count"": 124}"
extreme_s04_q0040,lo_ha,Extreme,d08_12,True,True,0.16214823722839355,45,12.144210134684872,12.112890653810219,0.0025856322631627737,0,0.16953225263448266,0.11963877440382653,0,0,0,0,False,,,,,"{""profile_name"": ""extreme_d06"", ""map_seed"": 20500620, ""query_seed"": 20501620, ""evaluation_path_source"": ""trace_poses"", ""planner_path_pose_count"": 35, ""evaluation_path_pose_count"": 124}"
extreme_s04_q0040,ss_rrt,Extreme,d08_12,False,False,2.5002474630018696,832,,12.112890653810219,,0,,,0,0,0,0,False,,,,timeout,"{""profile_name"": ""extreme_d06"", ""map_seed"": 20500620, ""query_seed"": 20501620, ""rrt_iterations"": 1759, ""evaluation_path_source"": ""planner_path"", ""planner_path_pose_count"": 0, ""evaluation_path_pose_count"": 0}"
extreme_s04_q0041,vanilla_ha,Extreme,d12_16,True,True,0.3320014476776123,253,15.67034527435282,,,0,0.35790092645050736,0.05555340628565175,0,0,0,0,False,,,,,"{""profile_name"": ""extreme_d07"", ""map_seed"": 20500620, ""query_seed"": 20501621, ""evaluation_path_source"": ""trace_poses"", ""planner_path_pose_count"": 45, ""evaluation_path_pose_count"": 159}"
extreme_s04_q0041,f_n3p_knn,Extreme,d12_16,True,True,0.30092658099601977,169,16.380932626523826,15.67034527435282,0.045345992046135875,2,0.23967384263314423,0.07123155231804912,0,22,1,0,True,0,3,0.0,,"{""profile_name"": ""extreme_d07"", ""map_seed"": 20500620, ""query_seed"": 20501621}"
extreme_s04_q0041,n3p_k1,Extreme,d12_16,True,True,0.32108554700243985,253,15.67034527435282,15.67034527435282,0.0,0,0.35790092645050736,0.05555340628565175,0,0,1,0,True,0,0,,,"{""profile_name"": ""extreme_d07"", ""map_seed"": 20500620, ""query_seed"": 20501621}"
extreme_s04_q0041,voronoi_waypoint,Extreme,d12_16,True,True,0.5007569389999844,45,15.740540400687145,15.67034527435282,0.004479488173704249,0,0.2508724417790802,0.05691840753321897,0,0,0,0,False,,,,,"{""profile_name"": ""extreme_d07"", ""map_seed"": 20500620, ""query_seed"": 20501621, ""waypoint_count"": 2}"
extreme_s04_q0041,bottleneck_waypoint,Extreme,d12_16,True,True,0.6142809430020861,6,15.814529312449526,15.67034527435282,0.009201076017941068,0,0.2908825110063687,0.05547142609873257,0,0,0,0,False,,,,,"{""profile_name"": ""extreme_d07"", ""map_seed"": 20500620, ""query_seed"": 20501621, ""waypoint_count"": 3, ""bottleneck_count"": 3}"
extreme_s04_q0041,improved_ha,Extreme,d12_16,True,True,0.31113338470458984,253,15.67034527435282,15.67034527435282,0.0,0,0.35790092645050736,0.05555340628565175,0,0,0,0,False,,,,,"{""profile_name"": ""extreme_d07"", ""map_seed"": 20500620, ""query_seed"": 20501621, ""evaluation_path_source"": ""trace_poses"", ""planner_path_pose_count"": 45, ""evaluation_path_pose_count"": 159}"
extreme_s04_q0041,lo_ha,Extreme,d12_16,True,True,0.19428467750549316,130,15.63317813870734,15.67034527435282,-0.0023718134472959784,0,0.1904609800900733,0.05486236249382376,0,0,0,0,False,,,,,"{""profile_name"": ""extreme_d07"", ""map_seed"": 20500620, ""query_seed"": 20501621, ""evaluation_path_source"": ""trace_poses"", ""planner_path_pose_count"": 45, ""evaluation_path_pose_count"": 159}"
extreme_s04_q0041,ss_rrt,Extreme,d12_16,False,False,2.500018464997993,1651,,15.67034527435282,,0,,,0,0,0,0,False,,,,timeout,"{""profile_name"": ""extreme_d07"", ""map_seed"": 20500620, ""query_seed"": 20501621, ""rrt_iterations"": 1628, ""evaluation_path_source"": ""planner_path"", ""planner_path_pose_count"": 0, ""evaluation_path_pose_count"": 0}"
extreme_s04_q0042,vanilla_ha,Extreme,d16_20,True,True,0.4198908805847168,439,17.704644606386026,,,0,0.268515298419609,0.06470876446265938,0,0,0,0,False,,,,,"{""profile_name"": ""extreme_d05"", ""map_seed"": 20500620, ""query_seed"": 20501622, ""evaluation_path_source"": ""trace_poses"", ""planner_path_pose_count"": 37, ""evaluation_path_pose_count"": 179}"
extreme_s04_q0042,f_n3p_knn,Extreme,d16_20,True,True,0.04833386400423478,0,20.059109572618855,17.704644606386026,0.13298572315784174,2,0.24825623718637463,0.09713480826688503,0,29,0,0,True,0,5,0.0,,"{""profile_name"": ""extreme_d05"", ""map_seed"": 20500620, ""query_seed"": 20501622}"
extreme_s04_q0042,n3p_k1,Extreme,d16_20,True,True,0.42682654300006106,439,17.704644606386026,17.704644606386026,0.0,0,0.268515298419609,0.06470876446265938,0,0,1,0,True,0,0,,,"{""profile_name"": ""extreme_d05"", ""map_seed"": 20500620, ""query_seed"": 20501622}"
extreme_s04_q0042,voronoi_waypoint,Extreme,d16_20,True,True,0.6041694390005432,4,19.751883410054834,17.704644606386026,0.11563286635702208,0,0.3627920162075175,0.09912192633146766,0,0,0,0,False,,,,,"{""profile_name"": ""extreme_d05"", ""map_seed"": 20500620, ""query_seed"": 20501622, ""waypoint_count"": 3}"
extreme_s04_q0042,bottleneck_waypoint,Extreme,d16_20,True,True,0.6501070429949323,76,19.081159943484963,17.704644606386026,0.077748826237519,0,0.2790440755226391,0.10530938022232206,0,0,0,0,False,,,,,"{""profile_name"": ""extreme_d05"", ""map_seed"": 20500620, ""query_seed"": 20501622, ""waypoint_count"": 3, ""bottleneck_count"": 3}"
extreme_s04_q0042,improved_ha,Extreme,d16_20,True,True,0.41673994064331055,439,17.704644606386026,17.704644606386026,0.0,0,0.268515298419609,0.06470876446265938,0,0,0,0,False,,,,,"{""profile_name"": ""extreme_d05"", ""map_seed"": 20500620, ""query_seed"": 20501622, ""evaluation_path_source"": ""trace_poses"", ""planner_path_pose_count"": 37, ""evaluation_path_pose_count"": 179}"
extreme_s04_q0042,lo_ha,Extreme,d16_20,True,True,0.2692220211029053,296,17.795308280339665,17.704644606386026,0.005120897706183625,0,0.14784525524359618,0.05276566980147834,0,0,0,0,False,,,,,"{""profile_name"": ""extreme_d05"", ""map_seed"": 20500620, ""query_seed"": 20501622, ""evaluation_path_source"": ""trace_poses"", ""planner_path_pose_count"": 44, ""evaluation_path_pose_count"": 180}"
extreme_s04_q0042,ss_rrt,Extreme,d16_20,True,True,0.1147027219994925,53,18.057518214587233,17.704644606386026,0.019931131973918603,0,0.23679987817367448,0.06693583587641738,0,0,0,0,False,,,,,"{""profile_name"": ""extreme_d05"", ""map_seed"": 20500620, ""query_seed"": 20501622, ""rrt_iterations"": 73, ""evaluation_path_source"": ""planner_path"", ""planner_path_pose_count"": 223, ""evaluation_path_pose_count"": 223}"
extreme_s04_q0043,vanilla_ha,Extreme,d20_inf,True,True,0.1492018699645996,1,23.938462774372127,,,0,0.0,0.12052577067185855,0,0,0,0,False,,,,,"{""profile_name"": ""extreme_d06"", ""map_seed"": 20500620, ""query_seed"": 20501623, ""evaluation_path_source"": ""trace_poses"", ""planner_path_pose_count"": 2, ""evaluation_path_pose_count"": 241}"
extreme_s04_q0043,f_n3p_knn,Extreme,d20_inf,True,True,0.0010002440030802973,0,23.938462774372123,23.938462774372127,-1.1102230246251565e-16,0,0.0,0.12052577067185943,0,0,0,0,False,0,0,,,"{""profile_name"": ""extreme_d06"", ""map_seed"": 20500620, ""query_seed"": 20501623}"
extreme_s04_q0043,n3p_k1,Extreme,d20_inf,True,True,0.0010239390030619688,0,23.938462774372123,23.938462774372127,-1.1102230246251565e-16,0,0.0,0.12052577067185943,0,0,0,0,False,0,0,,,"{""profile_name"": ""extreme_d06"", ""map_seed"": 20500620, ""query_seed"": 20501623}"
extreme_s04_q0043,voronoi_waypoint,Extreme,d20_inf,True,True,0.7556212279960164,5,26.34554963052611,23.938462774372127,0.10055310897953507,2,0.3185857208066134,0.13025675305474482,0,0,0,0,False,,,,,"{""profile_name"": ""extreme_d06"", ""map_seed"": 20500620, ""query_seed"": 20501623, ""waypoint_count"": 4}"
extreme_s04_q0043,bottleneck_waypoint,Extreme,d20_inf,True,True,0.7598171019999427,5,24.557450000947746,23.938462774372127,0.025857434222480213,0,0.16744612592486338,0.15302728637152307,0,0,0,0,False,,,,,"{""profile_name"": ""extreme_d06"", ""map_seed"": 20500620, ""query_seed"": 20501623, ""waypoint_count"": 4, ""bottleneck_count"": 4}"
extreme_s04_q0043,improved_ha,Extreme,d20_inf,True,True,0.15017390251159668,1,23.938462774372127,23.938462774372127,0.0,0,0.0,0.12052577067185855,0,0,0,0,False,,,,,"{""profile_name"": ""extreme_d06"", ""map_seed"": 20500620, ""query_seed"": 20501623, ""evaluation_path_source"": ""trace_poses"", ""planner_path_pose_count"": 2, ""evaluation_path_pose_count"": 241}"
extreme_s04_q0043,lo_ha,Extreme,d20_inf,True,True,0.15014314651489258,1,23.938462774372127,23.938462774372127,0.0,0,0.0,0.12052577067185855,0,0,0,0,False,,,,,"{""profile_name"": ""extreme_d06"", ""map_seed"": 20500620, ""query_seed"": 20501623, ""evaluation_path_source"": ""trace_poses"", ""planner_path_pose_count"": 2, ""evaluation_path_pose_count"": 241}"
extreme_s04_q0043,ss_rrt,Extreme,d20_inf,True,True,0.0009368039973196574,2,23.938462774372127,23.938462774372127,0.0,0,1.2985898460775227e-16,0.1205257706718581,0,0,0,0,False,,,,,"{""profile_name"": ""extreme_d06"", ""map_seed"": 20500620, ""query_seed"": 20501623, ""rrt_iterations"": 0, ""evaluation_path_source"": ""planner_path"", ""planner_path_pose_count"": 241, ""evaluation_path_pose_count"": 241}"
extreme_s04_q0044,vanilla_ha,Extreme,d08_12,True,True,0.4320361614227295,442,8.182332623336743,,,0,0.09193673429286893,0.11876306516065771,0,0,0,0,False,,,,,"{""profile_name"": ""extreme_d07"", ""map_seed"": 20500620, ""query_seed"": 20501624, ""evaluation_path_source"": ""trace_poses"", ""planner_path_pose_count"": 20, ""evaluation_path_pose_count"": 84}"
extreme_s04_q0044,f_n3p_knn,Extreme,d08_12,True,True,0.010194233000220265,0,8.244948869993772,8.182332623336743,0.007652615646355221,0,0.10401278139059056,0.11315394346307062,0,0,0,0,False,1,1,1.0,,"{""profile_name"": ""extreme_d07"", ""map_seed"": 20500620, ""query_seed"": 20501624}"
extreme_s04_q0044,n3p_k1,Extreme,d08_12,True,True,0.008024210997973569,0,8.244948869993772,8.182332623336743,0.007652615646355221,0,0.10401278139059056,0.11315394346307062,0,0,0,0,False,1,1,1.0,,"{""profile_name"": ""extreme_d07"", ""map_seed"": 20500620, ""query_seed"": 20501624}"
extreme_s04_q0044,voronoi_waypoint,Extreme,d08_12,True,True,0.33639143799518934,2,9.237391590403213,8.182332623336743,0.12894354405213848,0,0.284544882750336,0.38372937980144395,0,0,0,0,False,,,,,"{""profile_name"": ""extreme_d07"", ""map_seed"": 20500620, ""query_seed"": 20501624, ""waypoint_count"": 1}"
extreme_s04_q0044,bottleneck_waypoint,Extreme,d08_12,True,True,0.33890678699390264,2,8.337032561827842,8.182332623336743,0.018906581486296536,0,0.14130971133125217,0.38340078476293094,0,0,0,0,False,,,,,"{""profile_name"": ""extreme_d07"", ""map_seed"": 20500620, ""query_seed"": 20501624, ""waypoint_count"": 1, ""bottleneck_count"": 1}"
extreme_s04_q0044,improved_ha,Extreme,d08_12,True,True,0.43071556091308594,442,8.182332623336743,8.182332623336743,0.0,0,0.09193673429286893,0.11876306516065771,0,0,0,0,False,,,,,"{""profile_name"": ""extreme_d07"", ""map_seed"": 20500620, ""query_seed"": 20501624, ""evaluation_path_source"": ""trace_poses"", ""planner_path_pose_count"": 20, ""evaluation_path_pose_count"": 84}"
extreme_s04_q0044,lo_ha,Extreme,d08_12,True,True,0.23718857765197754,257,8.223249980166326,8.182332623336743,0.005000695854490589,0,0.12485204224715875,0.07779182585827149,0,0,0,0,False,,,,,"{""profile_name"": ""extreme_d07"", ""map_seed"": 20500620, ""query_seed"": 20501624, ""evaluation_path_source"": ""trace_poses"", ""planner_path_pose_count"": 22, ""evaluation_path_pose_count"": 85}"
extreme_s04_q0044,ss_rrt,Extreme,d08_12,True,True,0.04814855299628107,22,8.145559598893284,8.182332623336743,-0.004494198187272258,0,0.35327341773775084,0.2203006382015542,0,0,0,0,False,,,,,"{""profile_name"": ""extreme_d07"", ""map_seed"": 20500620, ""query_seed"": 20501624, ""rrt_iterations"": 16, ""evaluation_path_source"": ""planner_path"", ""planner_path_pose_count"": 101, ""evaluation_path_pose_count"": 101}"
extreme_s04_q0045,vanilla_ha,Extreme,d12_16,True,True,0.22323274612426758,169,14.866750492628798,,,1,0.1416439421158053,0.08919462796245203,0,0,0,0,False,,,,,"{""profile_name"": ""extreme_d05"", ""map_seed"": 20500621, ""query_seed"": 20501621, ""evaluation_path_source"": ""trace_poses"", ""planner_path_pose_count"": 16, ""evaluation_path_pose_count"": 152}"
extreme_s04_q0045,f_n3p_knn,Extreme,d12_16,True,True,0.028216871003678534,0,15.339791750708661,14.866750492628798,0.03181873929440093,6,0.3092387246143971,0.07912596681774275,0,16,0,0,True,0,3,0.0,,"{""profile_name"": ""extreme_d05"", ""map_seed"": 20500621, ""query_seed"": 20501621}"
extreme_s04_q0045,n3p_k1,Extreme,d12_16,True,True,0.22818575400015106,169,14.866750492628798,14.866750492628798,0.0,1,0.1416439421158053,0.08919462796245203,0,0,1,0,True,0,0,,,"{""profile_name"": ""extreme_d05"", ""map_seed"": 20500621, ""query_seed"": 20501621}"
extreme_s04_q0045,voronoi_waypoint,Extreme,d12_16,True,True,0.529032295999059,75,16.43228747465902,14.866750492628798,0.10530458440171198,1,0.21110138328868194,0.08321518980921827,0,0,0,0,False,,,,,"{""profile_name"": ""extreme_d05"", ""map_seed"": 20500621, ""query_seed"": 20501621, ""waypoint_count"": 2}"
extreme_s04_q0045,bottleneck_waypoint,Extreme,d12_16,True,True,0.6255871609973838,8,15.646373939073886,14.866750492628798,0.052440743310492755,1,0.3705694630388375,0.07755148516811783,0,0,0,0,False,,,,,"{""profile_name"": ""extreme_d05"", ""map_seed"": 20500621, ""query_seed"": 20501621, ""waypoint_count"": 3, ""bottleneck_count"": 3}"
extreme_s04_q0045,improved_ha,Extreme,d12_16,True,True,0.22224664688110352,169,14.866750492628798,14.866750492628798,0.0,1,0.1416439421158053,0.08919462796245203,0,0,0,0,False,,,,,"{""profile_name"": ""extreme_d05"", ""map_seed"": 20500621, ""query_seed"": 20501621, ""evaluation_path_source"": ""trace_poses"", ""planner_path_pose_count"": 16, ""evaluation_path_pose_count"": 152}"
extreme_s04_q0045,lo_ha,Extreme,d12_16,True,True,0.20642590522766113,177,15.191496585518623,14.866750492628798,0.021843784426922364,1,0.11175582190145314,0.0892481050289552,0,0,0,0,False,,,,,"{""profile_name"": ""extreme_d05"", ""map_seed"": 20500621, ""query_seed"": 20501621, ""evaluation_path_source"": ""trace_poses"", ""planner_path_pose_count"": 20, ""evaluation_path_pose_count"": 154}"
extreme_s04_q0045,ss_rrt,Extreme,d12_16,False,False,0.7073052199993981,16,,14.866750492628798,,0,,,0,0,0,0,False,,,,iteration_budget_exhausted,"{""profile_name"": ""extreme_d05"", ""map_seed"": 20500621, ""query_seed"": 20501621, ""rrt_iterations"": 3000, ""evaluation_path_source"": ""planner_path"", ""planner_path_pose_count"": 0, ""evaluation_path_pose_count"": 0}"
extreme_s04_q0046,vanilla_ha,Extreme,d16_20,False,False,2.5003774166107178,4119,,,,0,,,0,0,0,0,False,,,,timeout,"{""profile_name"": ""extreme_d06"", ""map_seed"": 20500621, ""query_seed"": 20501622, ""evaluation_path_source"": ""planner_path"", ""planner_path_pose_count"": 0, ""evaluation_path_pose_count"": 0}"
extreme_s04_q0046,f_n3p_knn,Extreme,d16_20,False,False,3.5288478009970277,5818,,,,0,,,0,33,1,1,True,0,2,0.0,f2_failed:prediction:goal_in_collision;goal:timeout;f3_failed:timeout,"{""profile_name"": ""extreme_d06"", ""map_seed"": 20500621, ""query_seed"": 20501622}"
extreme_s04_q0046,n3p_k1,Extreme,d16_20,False,False,3.5127225879987236,6174,,,,0,,,0,0,1,1,True,0,0,,f2_failed:prediction:goal_in_collision;goal:timeout;f3_failed:timeout,"{""profile_name"": ""extreme_d06"", ""map_seed"": 20500621, ""query_seed"": 20501622}"
extreme_s04_q0046,voronoi_waypoint,Extreme,d16_20,True,True,1.9038143670040881,1617,22.234200992469955,,,0,0.27834942717856137,0.06589464227800657,0,0,0,0,False,,,,,"{""profile_name"": ""extreme_d06"", ""map_seed"": 20500621, ""query_seed"": 20501622, ""waypoint_count"": 3}"
extreme_s04_q0046,bottleneck_waypoint,Extreme,d16_20,True,True,2.377681489997485,2732,25.731110363959658,,,4,0.29197716978638594,0.06376510500051902,0,0,0,0,False,,,,,"{""profile_name"": ""extreme_d06"", ""map_seed"": 20500621, ""query_seed"": 20501622, ""waypoint_count"": 3, ""bottleneck_count"": 3}"
extreme_s04_q0046,improved_ha,Extreme,d16_20,False,False,2.5001718997955322,4112,,,,0,,,0,0,0,0,False,,,,timeout,"{""profile_name"": ""extreme_d06"", ""map_seed"": 20500621, ""query_seed"": 20501622, ""evaluation_path_source"": ""planner_path"", ""planner_path_pose_count"": 0, ""evaluation_path_pose_count"": 0}"
extreme_s04_q0046,lo_ha,Extreme,d16_20,True,True,1.3470149040222168,2949,21.292371345816584,,,0,0.25359422871284165,0.06150069925343171,0,0,0,0,False,,,,,"{""profile_name"": ""extreme_d06"", ""map_seed"": 20500621, ""query_seed"": 20501622, ""evaluation_path_source"": ""trace_poses"", ""planner_path_pose_count"": 67, ""evaluation_path_pose_count"": 215}"
extreme_s04_q0046,ss_rrt,Extreme,d16_20,True,True,0.3298348129974329,140,23.498654699908375,,,0,0.3410411622148509,0.06632161063058795,0,0,0,0,False,,,,,"{""profile_name"": ""extreme_d06"", ""map_seed"": 20500621, ""query_seed"": 20501622, ""rrt_iterations"": 349, ""evaluation_path_source"": ""planner_path"", ""planner_path_pose_count"": 289, ""evaluation_path_pose_count"": 289}"
extreme_s04_q0047,vanilla_ha,Extreme,d20_inf,True,True,0.32341980934143066,481,24.988600159247657,,,0,0.08635934599790054,0.07930534884707563,0,0,0,0,False,,,,,"{""profile_name"": ""extreme_d07"", ""map_seed"": 20500621, ""query_seed"": 20501623, ""evaluation_path_source"": ""trace_poses"", ""planner_path_pose_count"": 48, ""evaluation_path_pose_count"": 253}"
extreme_s04_q0047,f_n3p_knn,Extreme,d20_inf,True,True,0.2230463080049958,121,25.349678395686574,24.988600159247657,0.014449718437120618,0,0.13680593533750954,0.05327065659406954,0,19,1,0,True,1,1,1.0,,"{""profile_name"": ""extreme_d07"", ""map_seed"": 20500621, ""query_seed"": 20501623}"
extreme_s04_q0047,n3p_k1,Extreme,d20_inf,True,True,0.21945330499875126,121,25.349678395686574,24.988600159247657,0.014449718437120618,0,0.13680593533750954,0.05327065659406954,0,0,1,0,True,1,1,1.0,,"{""profile_name"": ""extreme_d07"", ""map_seed"": 20500621, ""query_seed"": 20501623}"
extreme_s04_q0047,voronoi_waypoint,Extreme,d20_inf,True,True,1.083148802004871,365,25.616190286452163,24.988600159247657,0.025115057394371476,0,0.20251593887495112,0.07938446496139828,0,0,0,0,False,,,,,"{""profile_name"": ""extreme_d07"", ""map_seed"": 20500621, ""query_seed"": 20501623, ""waypoint_count"": 4}"
extreme_s04_q0047,bottleneck_waypoint,Extreme,d20_inf,True,True,0.771934718999546,5,25.43116336394467,24.988600159247657,0.01771060411053993,0,0.15327336292490198,0.07137263442431818,0,0,0,0,False,,,,,"{""profile_name"": ""extreme_d07"", ""map_seed"": 20500621, ""query_seed"": 20501623, ""waypoint_count"": 4, ""bottleneck_count"": 4}"
extreme_s04_q0047,improved_ha,Extreme,d20_inf,True,True,0.32579779624938965,481,24.988600159247657,24.988600159247657,0.0,0,0.08635934599790054,0.07930534884707563,0,0,0,0,False,,,,,"{""profile_name"": ""extreme_d07"", ""map_seed"": 20500621, ""query_seed"": 20501623, ""evaluation_path_source"": ""trace_poses"", ""planner_path_pose_count"": 48, ""evaluation_path_pose_count"": 253}"
extreme_s04_q0047,lo_ha,Extreme,d20_inf,True,True,0.3222818374633789,533,24.75967231617301,24.988600159247657,-0.009161291213422684,0,0.1345761903294445,0.06228278116394864,0,0,0,0,False,,,,,"{""profile_name"": ""extreme_d07"", ""map_seed"": 20500621, ""query_seed"": 20501623, ""evaluation_path_source"": ""trace_poses"", ""planner_path_pose_count"": 59, ""evaluation_path_pose_count"": 251}"
extreme_s04_q0047,ss_rrt,Extreme,d20_inf,True,True,0.1538647810011753,69,25.723353112834324,24.988600159247657,0.029403525964008637,0,0.27022274156746734,0.07142569765465079,0,0,0,0,False,,,,,"{""profile_name"": ""extreme_d07"", ""map_seed"": 20500621, ""query_seed"": 20501623, ""rrt_iterations"": 135, ""evaluation_path_source"": ""planner_path"", ""planner_path_pose_count"": 321, ""evaluation_path_pose_count"": 321}"
extreme_s04_q0048,vanilla_ha,Extreme,d08_12,True,True,0.26195383071899414,131,9.493829201537299,,,0,0.25855788326299667,0.14211500277999134,0,0,0,0,False,,,,,"{""profile_name"": ""extreme_d05"", ""map_seed"": 20500621, ""query_seed"": 20501624, ""evaluation_path_source"": ""trace_poses"", ""planner_path_pose_count"": 29, ""evaluation_path_pose_count"": 97}"
extreme_s04_q0048,f_n3p_knn,Extreme,d08_12,True,True,0.029683286004001275,0,10.373942768607193,9.493829201537299,0.09270374981333984,2,0.35074365322710954,0.09228336163562834,0,27,0,0,True,1,3,0.3333333333333333,,"{""profile_name"": ""extreme_d05"", ""map_seed"": 20500621, ""query_seed"": 20501624}"
extreme_s04_q0048,n3p_k1,Extreme,d08_12,True,True,0.29698568499588873,127,9.467317774008215,9.493829201537299,-0.0027924904657848915,0,0.20858166160933764,0.07231240569127162,0,0,1,0,True,1,1,1.0,,"{""profile_name"": ""extreme_d05"", ""map_seed"": 20500621, ""query_seed"": 20501624}"
extreme_s04_q0048,voronoi_waypoint,Extreme,d08_12,True,True,0.3906579829999828,60,9.732421663240006,9.493829201537299,0.025131320212088193,0,0.34020346535444107,0.07265626508086742,0,0,0,0,False,,,,,"{""profile_name"": ""extreme_d05"", ""map_seed"": 20500621, ""query_seed"": 20501624, ""waypoint_count"": 1}"
extreme_s04_q0048,bottleneck_waypoint,Extreme,d08_12,True,True,0.48408881099749124,9,10.84386850463581,9.493829201537299,0.14220176858457734,3,0.37613495663109914,0.06622129883394268,0,0,0,0,False,,,,,"{""profile_name"": ""extreme_d05"", ""map_seed"": 20500621, ""query_seed"": 20501624, ""waypoint_count"": 2, ""bottleneck_count"": 2}"
extreme_s04_q0048,improved_ha,Extreme,d08_12,True,True,0.2656116485595703,131,9.493829201537299,9.493829201537299,0.0,0,0.25855788326299667,0.14211500277999134,0,0,0,0,False,,,,,"{""profile_name"": ""extreme_d05"", ""map_seed"": 20500621, ""query_seed"": 20501624, ""evaluation_path_source"": ""trace_poses"", ""planner_path_pose_count"": 29, ""evaluation_path_pose_count"": 97}"
extreme_s04_q0048,lo_ha,Extreme,d08_12,True,True,0.30571937561035156,223,9.50478487183524,9.493829201537299,0.0011539780277662892,0,0.17875950958822945,0.05807000174075083,0,0,0,0,False,,,,,"{""profile_name"": ""extreme_d05"", ""map_seed"": 20500621, ""query_seed"": 20501624, ""evaluation_path_source"": ""trace_poses"", ""planner_path_pose_count"": 29, ""evaluation_path_pose_count"": 97}"
extreme_s04_q0048,ss_rrt,Extreme,d08_12,False,False,2.540208344005805,632,,9.493829201537299,,0,,,0,0,0,0,False,,,,timeout,"{""profile_name"": ""extreme_d05"", ""map_seed"": 20500621, ""query_seed"": 20501624, ""rrt_iterations"": 1332, ""evaluation_path_source"": ""planner_path"", ""planner_path_pose_count"": 0, ""evaluation_path_pose_count"": 0}"
extreme_s04_q0049,vanilla_ha,Extreme,d12_16,True,True,0.14682793617248535,1,15.494515158597249,,,0,0.0,0.08037625353234323,0,0,0,0,False,,,,,"{""profile_name"": ""extreme_d06"", ""map_seed"": 20500621, ""query_seed"": 20501625, ""evaluation_path_source"": ""trace_poses"", ""planner_path_pose_count"": 2, ""evaluation_path_pose_count"": 156}"
extreme_s04_q0049,f_n3p_knn,Extreme,d12_16,True,True,0.000754166001570411,0,15.49451515859725,15.494515158597249,2.220446049250313e-16,0,0.0,0.08037625353234323,0,0,0,0,False,0,0,,,"{""profile_name"": ""extreme_d06"", ""map_seed"": 20500621, ""query_seed"": 20501625}"
extreme_s04_q0049,n3p_k1,Extreme,d12_16,True,True,0.0006946979992790148,0,15.49451515859725,15.494515158597249,2.220446049250313e-16,0,0.0,0.08037625353234323,0,0,0,0,False,0,0,,,"{""profile_name"": ""extreme_d06"", ""map_seed"": 20500621, ""query_seed"": 20501625}"
extreme_s04_q0049,voronoi_waypoint,Extreme,d12_16,True,True,0.4700275230061379,3,15.632521909815422,15.494515158597249,0.008906813140364678,0,0.1237740752455905,0.11667518368398477,0,0,0,0,False,,,,,"{""profile_name"": ""extreme_d06"", ""map_seed"": 20500621, ""query_seed"": 20501625, ""waypoint_count"": 2}"
extreme_s04_q0049,bottleneck_waypoint,Extreme,d12_16,True,True,0.4732753650023369,3,15.755377563734436,15.494515158597249,0.01683579011457126,0,0.18818346464073077,0.09433427750097911,0,0,0,0,False,,,,,"{""profile_name"": ""extreme_d06"", ""map_seed"": 20500621, ""query_seed"": 20501625, ""waypoint_count"": 2, ""bottleneck_count"": 2}"
extreme_s04_q0049,improved_ha,Extreme,d12_16,True,True,0.14760446548461914,1,15.494515158597249,15.494515158597249,0.0,0,0.0,0.08037625353234323,0,0,0,0,False,,,,,"{""profile_name"": ""extreme_d06"", ""map_seed"": 20500621, ""query_seed"": 20501625, ""evaluation_path_source"": ""trace_poses"", ""planner_path_pose_count"": 2, ""evaluation_path_pose_count"": 156}"
extreme_s04_q0049,lo_ha,Extreme,d12_16,True,True,0.1463766098022461,1,15.494515158597249,15.494515158597249,0.0,0,0.0,0.08037625353234323,0,0,0,0,False,,,,,"{""profile_name"": ""extreme_d06"", ""map_seed"": 20500621, ""query_seed"": 20501625, ""evaluation_path_source"": ""trace_poses"", ""planner_path_pose_count"": 2, ""evaluation_path_pose_count"": 156}"
extreme_s04_q0049,ss_rrt,Extreme,d12_16,True,True,0.0006559520043083467,2,15.494515158597252,15.494515158597249,2.220446049250313e-16,0,3.8692429363621337e-16,0.07961862571726774,0,0,0,0,False,,,,,"{""profile_name"": ""extreme_d06"", ""map_seed"": 20500621, ""query_seed"": 20501625, ""rrt_iterations"": 0, ""evaluation_path_source"": ""planner_path"", ""planner_path_pose_count"": 157, ""evaluation_path_pose_count"": 157}"
