query_id,method,bucket,distance_bin_key,old_time_s,new_time_s,delta_new_minus_old_s,old_feasible,new_feasible,old_collision_violation_count,new_collision_violation_count,old_fallback_triggered,new_fallback_triggered,old_fallback_f3_count,new_fallback_f3_count,old_total_expansions,new_total_expansions,old_path_inflation_ratio,new_path_inflation_ratio,old_failure_reason,new_failure_reason
complex_s00_q0000,bottleneck_waypoint,Complex,d08_12,0.47635205811820924,0.47498218598775566,-0.0013698721304535866,True,True,0,0,False,False,0,0,3,3,0.16236636581248254,0.16020750499483838,,
complex_s00_q0000,f_n3p_knn,Complex,d08_12,0.3244363411795348,0.32447258988395333,3.624870441854e-05,True,True,0,0,True,True,0,0,241,241,-0.0057450273061034896,-0.0057450273061034896,,
complex_s00_q0000,md_dqn,Complex,d08_12,0.3174359258264303,0.3172121711540967,-0.00022375467233359814,False,False,0,0,False,False,0,0,354,354,,,md_dqn_not_reached,md_dqn_not_reached
complex_s00_q0000,n3p_k1,Complex,d08_12,0.3226809399202466,0.322443317854777,-0.0002376220654696226,True,True,0,0,True,True,0,0,241,241,-0.0057450273061034896,-0.0057450273061034896,,
complex_s00_q0000,vanilla_ha,Complex,d08_12,0.6345067024230957,0.6369690895080566,0.0024623870849609375,True,True,0,0,False,False,0,0,729,729,,,,
complex_s00_q0000,voronoi_waypoint,Complex,d08_12,0.5084643671289086,0.4983400439377874,-0.01012432319112122,True,True,0,0,False,False,0,0,51,31,0.39083486347350105,0.4040497089435908,,
complex_s00_q0001,bottleneck_waypoint,Complex,d12_16,0.4756032689474523,0.5052260670345277,0.029622798087075353,True,True,0,0,False,False,0,0,3,3,0.025688324029257803,0.00919214771484067,,
complex_s00_q0001,f_n3p_knn,Complex,d12_16,0.3065842939540744,0.016721418825909495,-0.2898628751281649,True,True,0,0,False,False,0,0,2,0,0.03447259109623069,-0.0040525738113603715,,
complex_s00_q0001,md_dqn,Complex,d12_16,0.32637699344195426,0.7159598399884999,0.3895828465465456,False,False,0,0,False,False,0,0,122,122,,,md_dqn_not_reached,md_dqn_not_reached
complex_s00_q0001,n3p_k1,Complex,d12_16,0.30877697886899114,0.014850051142275333,-0.2939269277267158,True,True,0,0,False,False,0,0,2,0,0.03447259109623069,-0.0040525738113603715,,
complex_s00_q0001,vanilla_ha,Complex,d12_16,0.22451496124267578,0.22608733177185059,0.0015723705291748047,True,True,0,0,False,False,0,0,127,127,,,,
complex_s00_q0001,voronoi_waypoint,Complex,d12_16,0.5214553321711719,0.5421246609184891,0.020669328747317195,True,True,0,0,False,False,0,0,75,75,0.05056441184235494,0.06321319026479744,,
complex_s00_q0002,bottleneck_waypoint,Complex,d16_20,0.7552598109468818,0.8056458150967956,0.05038600414991379,True,True,0,0,False,False,0,0,5,5,,,,
complex_s00_q0002,f_n3p_knn,Complex,d16_20,3.5154032760765404,3.5141897229477763,-0.0012135531287640333,False,False,0,0,True,True,1,1,6382,6038,,,f2_failed:prediction:goal_in_collision;goal:timeout;f3_failed:timeout,f2_failed:prediction:goal_in_collision;goal:timeout;f3_failed:timeout
complex_s00_q0002,md_dqn,Complex,d16_20,0.39380629430525005,0.8905986156314611,0.4967923213262111,False,False,0,0,False,False,0,0,518,518,,,md_dqn_not_reached,md_dqn_not_reached
complex_s00_q0002,n3p_k1,Complex,d16_20,3.513398675015196,3.5140987131744623,0.0007000381592661142,False,False,0,0,True,True,1,1,6373,6028,,,f2_failed:prediction:goal_in_collision;goal:timeout;f3_failed:timeout,f2_failed:prediction:goal_in_collision;goal:timeout;f3_failed:timeout
complex_s00_q0002,vanilla_ha,Complex,d16_20,2.5000035762786865,2.5001351833343506,0.0001316070556640625,False,False,0,0,False,False,0,0,4323,4096,,,timeout,timeout
complex_s00_q0002,voronoi_waypoint,Complex,d16_20,0.6122410490643233,0.6556116249412298,0.043370575876906514,True,True,0,0,False,False,0,0,7,8,,,,
complex_s00_q0003,bottleneck_waypoint,Complex,d20_inf,0.9532787729986012,0.8089535119943321,-0.14432526100426912,True,True,0,0,False,False,0,0,133,53,,,,
complex_s00_q0003,f_n3p_knn,Complex,d20_inf,0.8211565611418337,0.1991583921480924,-0.6219981689937413,True,True,0,0,True,True,0,0,13,9,,,,
complex_s00_q0003,md_dqn,Complex,d20_inf,0.2213414553552866,0.4928659948054701,0.2715245394501835,False,False,0,0,False,False,0,0,600,600,,,md_dqn_not_reached,md_dqn_not_reached
complex_s00_q0003,n3p_k1,Complex,d20_inf,1.1218267299700528,0.7699238159693778,-0.3519029140006751,True,True,0,0,True,True,0,0,518,516,,,,
complex_s00_q0003,vanilla_ha,Complex,d20_inf,2.5002591609954834,2.500828504562378,0.0005693435668945312,False,False,0,0,False,False,0,0,3126,3151,,,timeout,timeout
complex_s00_q0003,voronoi_waypoint,Complex,d20_inf,0.8268293950241059,0.7753406669944525,-0.05148872802965343,True,True,0,0,False,False,0,0,20,22,,,,
complex_s00_q0004,bottleneck_waypoint,Complex,d08_12,0.4749775528907776,0.473668924998492,-0.0013086278922855854,True,True,0,0,False,False,0,0,3,3,0.04109138760376885,0.04109138760376885,,
complex_s00_q0004,f_n3p_knn,Complex,d08_12,0.45537813496775925,0.024400024907663465,-0.4309781100600958,True,True,0,0,True,True,0,0,3,0,0.06703401166235223,0.040729107504021034,,
complex_s00_q0004,md_dqn,Complex,d08_12,0.17078167852014303,0.338098932756111,0.167317254235968,False,False,0,0,False,False,0,0,600,600,,,md_dqn_not_reached,md_dqn_not_reached
complex_s00_q0004,n3p_k1,Complex,d08_12,0.31224240898154676,0.31330152601003647,0.001059117028489709,True,True,0,0,True,True,0,0,14,14,-0.006912038272056886,-0.006912038272056886,,
complex_s00_q0004,vanilla_ha,Complex,d08_12,0.24532032012939453,0.23378252983093262,-0.011537790298461914,True,True,0,0,False,False,0,0,103,103,,,,
complex_s00_q0004,voronoi_waypoint,Complex,d08_12,0.34811253705993295,0.3484524458181113,0.0003399087581783533,True,True,0,0,False,False,0,0,18,18,-0.009784324568689051,-0.009784324568689051,,
complex_s00_q0005,bottleneck_waypoint,Complex,d12_16,0.5138250638265163,0.4863471849821508,-0.027477878844365478,True,True,0,0,False,False,0,0,3,3,0.06265376586913729,0.09541233237467783,,
complex_s00_q0005,f_n3p_knn,Complex,d12_16,0.4194695050828159,0.2486786290537566,-0.1707908760290593,True,True,0,0,True,True,0,0,86,85,0.016001819890275826,0.015572159042426703,,
complex_s00_q0005,md_dqn,Complex,d12_16,0.258123972453177,0.25612952024675906,-0.001994452206417918,False,False,0,0,False,False,0,0,295,295,,,md_dqn_not_reached,md_dqn_not_reached
complex_s00_q0005,n3p_k1,Complex,d12_16,0.9769444819539785,0.9240694490727037,-0.05287503288127482,True,True,0,0,True,True,0,0,654,654,-0.0040818479840081245,-0.0040818479840081245,,
complex_s00_q0005,vanilla_ha,Complex,d12_16,1.0598413944244385,1.0026144981384277,-0.05722689628601074,True,True,0,0,False,False,0,0,1043,1043,,,,
complex_s00_q0005,voronoi_waypoint,Complex,d12_16,0.5911307549104095,0.565191772999242,-0.025938981911167502,True,True,0,0,False,False,0,0,89,93,0.08509506330801031,0.08367546808208859,,
complex_s00_q0006,bottleneck_waypoint,Complex,d16_20,0.6617362699471414,0.6230394470039755,-0.0386968229431659,True,True,0,0,False,False,0,0,4,4,0.010928312157097775,0.010928312157097775,,
complex_s00_q0006,f_n3p_knn,Complex,d16_20,0.643277304014191,0.16686784219928086,-0.4764094618149102,True,True,0,0,True,True,0,0,4,1,0.1368873155905701,0.13403305451931447,,
complex_s00_q0006,md_dqn,Complex,d16_20,0.17069906485266984,0.16963000688701868,-0.0010690579656511545,False,False,0,0,False,False,0,0,600,600,,,md_dqn_not_reached,md_dqn_not_reached
complex_s00_q0006,n3p_k1,Complex,d16_20,0.6402991549111903,0.16695129312574863,-0.47334786178544164,True,True,0,0,True,True,0,0,4,1,0.1368873155905701,0.13403305451931447,,
complex_s00_q0006,vanilla_ha,Complex,d16_20,0.435168981552124,0.41135501861572266,-0.023813962936401367,True,True,0,0,False,False,0,0,355,355,,,,
complex_s00_q0006,voronoi_waypoint,Complex,d16_20,0.7022294281050563,0.7621692789252847,0.05993985082022846,True,True,0,0,False,False,0,0,50,5,0.0065906885111184366,0.2011256898502276,,
complex_s00_q0007,bottleneck_waypoint,Complex,d20_inf,0.8187693909276277,0.7665735569316894,-0.0521958339959383,True,True,0,0,False,False,0,0,5,5,0.04911758739116556,0.049768927204828506,,
complex_s00_q0007,f_n3p_knn,Complex,d20_inf,0.5870468080975115,0.4059518661815673,-0.18109494191594422,True,True,0,0,True,True,0,0,344,343,-0.014207299534739537,-0.014207299534739648,,
complex_s00_q0007,md_dqn,Complex,d20_inf,0.17111976398155093,0.16966198664158583,-0.001457777339965105,False,False,0,0,False,False,0,0,600,600,,,md_dqn_not_reached,md_dqn_not_reached
complex_s00_q0007,n3p_k1,Complex,d20_inf,0.5857604381162673,0.40745235909707844,-0.17830807901918888,True,True,0,0,True,True,0,0,344,343,-0.014207299534739537,-0.014207299534739648,,
complex_s00_q0007,vanilla_ha,Complex,d20_inf,1.1309878826141357,1.0130209922790527,-0.11796689033508301,True,True,0,0,False,False,0,0,1109,1109,,,,
complex_s00_q0007,voronoi_waypoint,Complex,d20_inf,0.9762659939005971,0.9037272590212524,-0.0725387348793447,True,True,0,0,False,False,0,0,9,9,0.08258277242008338,0.07835475466194719,,
complex_s00_q0008,bottleneck_waypoint,Complex,d08_12,0.35561468196101487,0.33227354497648776,-0.02334113698452711,True,True,0,0,False,False,0,0,4,4,0.06972212032743874,0.06972212032743874,,
complex_s00_q0008,f_n3p_knn,Complex,d08_12,0.2816831429954618,0.26442629285156727,-0.017256850143894553,True,True,0,0,True,True,0,0,186,186,0.0,0.0,,
complex_s00_q0008,md_dqn,Complex,d08_12,0.0014742910861968994,0.0014611408114433289,-1.3150274753570557e-05,False,False,0,0,False,False,0,0,1,1,,,md_dqn_not_reached,md_dqn_not_reached
complex_s00_q0008,n3p_k1,Complex,d08_12,0.27855125698260963,0.26228034496307373,-0.0162709120195359,True,True,0,0,True,True,0,0,186,186,0.0,0.0,,
complex_s00_q0008,vanilla_ha,Complex,d08_12,0.26934146881103516,0.2570490837097168,-0.01229238510131836,True,True,0,0,False,False,0,0,186,186,,,,
complex_s00_q0008,voronoi_waypoint,Complex,d08_12,0.42798321112059057,0.4010293739847839,-0.02695383713580668,True,True,0,0,False,False,0,0,83,83,0.21171593461625737,0.2118152260499082,,
complex_s00_q0009,bottleneck_waypoint,Complex,d12_16,0.8357835290953517,0.7606230690144002,-0.07516046008095145,True,True,0,0,False,False,0,0,5,5,,,,
complex_s00_q0009,f_n3p_knn,Complex,d12_16,0.49373147799633443,0.029934481950476766,-0.46379699604585767,True,True,0,0,True,True,0,0,3,0,,,,
complex_s00_q0009,md_dqn,Complex,d12_16,0.17131913849152625,0.16966626862995327,-0.0016528698615729809,False,False,0,0,False,False,0,0,600,600,,,md_dqn_not_reached,md_dqn_not_reached
complex_s00_q0009,n3p_k1,Complex,d12_16,0.39053358184173703,0.2209971910342574,-0.16953639080747962,True,True,0,0,True,True,0,0,80,79,,,,
complex_s00_q0009,vanilla_ha,Complex,d12_16,2.500605583190918,2.50045108795166,-0.0001544952392578125,False,False,0,0,False,False,0,0,2341,2450,,,timeout,timeout
complex_s00_q0009,voronoi_waypoint,Complex,d12_16,1.3586520098615438,1.3376097020227462,-0.02104230783879757,False,False,0,0,False,False,0,0,814,887,,,segment_failed:timeout,segment_failed:timeout
complex_s00_q0010,bottleneck_waypoint,Complex,d16_20,0.6769337099976838,0.6380776949226856,-0.03885601507499814,True,True,0,0,False,False,0,0,23,25,,,,
complex_s00_q0010,f_n3p_knn,Complex,d16_20,3.4237605261150748,3.382834810996428,-0.04092571511864662,False,False,0,0,True,True,1,1,6319,6473,,,f2_failed:prediction:goal_in_collision;goal:node_budget_exhausted;f3_failed:timeout,f2_failed:prediction:goal_in_collision;goal:node_budget_exhausted;f3_failed:timeout
complex_s00_q0010,md_dqn,Complex,d16_20,0.0014515719376504421,0.0014589030761271715,7.331138476729393e-06,False,False,0,0,False,False,0,0,1,1,,,md_dqn_not_reached,md_dqn_not_reached
complex_s00_q0010,n3p_k1,Complex,d16_20,3.4215731560252607,3.3738601019140333,-0.04771305411122739,False,False,0,0,True,True,1,1,6325,6399,,,f2_failed:prediction:goal_in_collision;goal:node_budget_exhausted;f3_failed:timeout,f2_failed:prediction:goal_in_collision;goal:node_budget_exhausted;f3_failed:timeout
complex_s00_q0010,vanilla_ha,Complex,d16_20,2.5009381771087646,2.5001463890075684,-0.0007917881011962891,False,False,0,0,False,False,0,0,4123,4324,,,timeout,timeout
complex_s00_q0010,voronoi_waypoint,Complex,d16_20,1.00291938893497,0.9447364611551166,-0.058182927779853344,True,True,0,0,False,False,0,0,348,348,,,,
complex_s00_q0011,bottleneck_waypoint,Complex,d20_inf,0.9593067448586226,0.8990243151783943,-0.06028242968022823,True,True,0,0,False,False,0,0,6,6,0.07309658292912258,0.07008605765996512,,
complex_s00_q0011,f_n3p_knn,Complex,d20_inf,0.8757295948453248,0.24819941795431077,-0.627530176891014,True,True,0,0,True,True,0,0,65,61,0.09269579367137415,0.07423967770915585,,
complex_s00_q0011,md_dqn,Complex,d20_inf,0.17062503099441528,0.17009094660170376,-0.0005340843927115202,False,False,0,0,False,False,0,0,600,600,,,md_dqn_not_reached,md_dqn_not_reached
complex_s00_q0011,n3p_k1,Complex,d20_inf,0.6636490889359266,0.18846775707788765,-0.4751813318580389,True,True,0,0,True,True,0,0,20,17,0.02454129044314013,0.006091953491011104,,
complex_s00_q0011,vanilla_ha,Complex,d20_inf,0.30777549743652344,0.29257941246032715,-0.015196084976196289,True,True,0,0,False,False,0,0,201,201,,,,
complex_s00_q0011,voronoi_waypoint,Complex,d20_inf,0.816600909922272,0.7611472569406033,-0.05545365298166871,True,True,0,0,False,False,0,0,5,11,0.07055184590197361,0.0652286703621685,,
complex_s00_q0012,bottleneck_waypoint,Complex,d08_12,0.6614950688090175,0.6186563309747726,-0.042838737834244967,True,True,0,0,False,False,0,0,4,4,0.12588795583527368,0.12588795583527368,,
complex_s00_q0012,f_n3p_knn,Complex,d08_12,0.1656265170313418,0.010134181939065456,-0.15549233509227633,True,True,0,0,False,False,0,0,1,0,0.14866101445076407,0.1478178373127612,,
complex_s00_q0012,md_dqn,Complex,d08_12,0.2976026169490069,0.29546487843617797,-0.002137738512828946,False,False,0,0,False,False,0,0,505,505,,,md_dqn_not_reached,md_dqn_not_reached
complex_s00_q0012,n3p_k1,Complex,d08_12,0.1675929739139974,0.008894585072994232,-0.15869838884100318,True,True,0,0,False,False,0,0,1,0,0.14866101445076407,0.1478178373127612,,
complex_s00_q0012,vanilla_ha,Complex,d08_12,0.17872166633605957,0.17310452461242676,-0.0056171417236328125,True,True,0,0,False,False,0,0,37,37,,,,
complex_s00_q0012,voronoi_waypoint,Complex,d08_12,0.5081832238938659,0.47774304007180035,-0.030440183822065592,True,True,0,0,False,False,0,0,3,3,0.12264103406393279,0.11550055511585744,,
complex_s00_q0013,bottleneck_waypoint,Complex,d12_16,0.6589406649582088,0.6257237731479108,-0.033216891810297966,True,True,0,0,False,False,0,0,4,4,0.07618722201276618,0.07618722201276618,,
complex_s00_q0013,f_n3p_knn,Complex,d12_16,0.17359452112577856,0.1637542499229312,-0.009840271202847362,True,True,0,0,True,True,0,0,11,11,0.0015973852267467947,0.0015973852267467947,,
complex_s00_q0013,md_dqn,Complex,d12_16,0.17030505882576108,0.16927352477796376,-0.0010315340477973223,False,False,0,0,False,False,0,0,600,600,,,md_dqn_not_reached,md_dqn_not_reached
complex_s00_q0013,n3p_k1,Complex,d12_16,0.17366913193836808,0.1630964418873191,-0.010572690051048994,True,True,0,0,True,True,0,0,11,11,0.0015973852267467947,0.0015973852267467947,,
complex_s00_q0013,vanilla_ha,Complex,d12_16,0.16152620315551758,0.1544017791748047,-0.007124423980712891,True,True,0,0,False,False,0,0,9,9,,,,
complex_s00_q0013,voronoi_waypoint,Complex,d12_16,0.5111147549469024,0.47705238591879606,-0.03406236902810633,True,True,0,0,False,False,0,0,6,3,0.08167560505904192,0.0592575647117628,,
complex_s00_q0014,bottleneck_waypoint,Complex,d16_20,0.8214578730985522,0.7717019179835916,-0.04975595511496067,True,True,0,0,False,False,0,0,5,5,0.03948313492861444,0.03278578976961133,,
complex_s00_q0014,f_n3p_knn,Complex,d16_20,0.8347185689490288,0.6536080839578062,-0.18111048499122262,True,True,0,0,True,True,0,0,810,809,0.006868727330908042,0.006864771348676246,,
complex_s00_q0014,md_dqn,Complex,d16_20,0.16969140199944377,0.16869317181408405,-0.0009982301853597164,False,False,0,0,False,False,0,0,600,600,,,md_dqn_not_reached,md_dqn_not_reached
complex_s00_q0014,n3p_k1,Complex,d16_20,0.8391230499837548,0.6479076731484383,-0.19121537683531642,True,True,0,0,True,True,0,0,810,809,0.006868727330908042,0.006864771348676246,,
complex_s00_q0014,vanilla_ha,Complex,d16_20,0.500281810760498,0.47508811950683594,-0.02519369125366211,True,True,0,0,False,False,0,0,585,585,,,,
complex_s00_q0014,voronoi_waypoint,Complex,d16_20,1.4670561428647488,1.2061782409437,-0.26087790192104876,True,True,0,0,False,False,0,0,832,608,0.07110576156525172,0.06130635241032367,,
complex_s00_q0015,bottleneck_waypoint,Complex,d20_inf,0.9714550040662289,0.9126698521431535,-0.05878515192307532,True,True,0,0,False,False,0,0,6,6,,,,
complex_s00_q0015,f_n3p_knn,Complex,d20_inf,0.7712461471091956,0.2878280389122665,-0.4834181081969291,True,True,0,0,True,True,0,0,114,111,,,,
complex_s00_q0015,md_dqn,Complex,d20_inf,0.17175606545060873,0.17020463291555643,-0.0015514325350522995,False,False,0,0,False,False,0,0,600,600,,,md_dqn_not_reached,md_dqn_not_reached
complex_s00_q0015,n3p_k1,Complex,d20_inf,3.70907464181073,3.6960594428237528,-0.013015198986977339,False,False,0,0,True,True,1,1,4464,4759,,,f2_failed:prediction:goal_in_collision;goal:timeout;f3_failed:timeout,f2_failed:prediction:goal_in_collision;goal:timeout;f3_failed:timeout
complex_s00_q0015,vanilla_ha,Complex,d20_inf,2.5000224113464355,2.500605583190918,0.0005831718444824219,False,False,0,0,False,False,0,0,3173,3361,,,timeout,timeout
complex_s00_q0015,voronoi_waypoint,Complex,d20_inf,0.9712809771299362,0.9075772368814796,-0.0637037402484566,True,True,0,0,False,False,0,0,6,6,,,,
complex_s00_q0016,bottleneck_waypoint,Complex,d08_12,0.36210127593949437,0.33620927506126463,-0.025892000878229737,True,True,0,0,False,False,0,0,2,2,0.1266176672001631,0.1478004165748703,,
complex_s00_q0016,f_n3p_knn,Complex,d08_12,0.0004319688305258751,0.00042861304245889187,-3.355788066983223e-06,True,True,0,0,False,False,0,0,0,0,0.0,0.0,,
complex_s00_q0016,md_dqn,Complex,d08_12,0.1744982386007905,0.1691972112748772,-0.00530102732591331,False,False,0,0,False,False,0,0,600,600,,,md_dqn_not_reached,md_dqn_not_reached
complex_s00_q0016,n3p_k1,Complex,d08_12,0.0004508530255407095,0.0004046759568154812,-4.617706872522831e-05,True,True,0,0,False,False,0,0,0,0,0.0,0.0,,
complex_s00_q0016,vanilla_ha,Complex,d08_12,0.15602612495422363,0.15022516250610352,-0.005800962448120117,True,True,0,0,False,False,0,0,1,1,,,,
complex_s00_q0016,voronoi_waypoint,Complex,d08_12,0.3574808540288359,0.33643435104750097,-0.021046502981334925,True,True,0,0,False,False,0,0,2,2,0.05685400697637766,0.04807213073237082,,
complex_s00_q0017,bottleneck_waypoint,Complex,d12_16,0.478903132956475,0.47263520094566047,-0.0062679320108145475,True,True,0,0,False,False,0,0,3,3,0.029498884200006126,0.036553356780499646,,
complex_s00_q0017,f_n3p_knn,Complex,d12_16,0.0007422328926622868,0.0006067240610718727,-0.00013550883159041405,True,True,0,0,False,False,0,0,0,0,0.0,0.0,,
complex_s00_q0017,md_dqn,Complex,d12_16,0.16921554366126657,0.17013998236507177,0.0009244387038052082,False,False,0,0,False,False,0,0,600,600,,,md_dqn_not_reached,md_dqn_not_reached
complex_s00_q0017,n3p_k1,Complex,d12_16,0.0005952201317995787,0.0005902049597352743,-5.015172064304352e-06,True,True,0,0,False,False,0,0,0,0,0.0,0.0,,
complex_s00_q0017,vanilla_ha,Complex,d12_16,0.16095471382141113,0.14866232872009277,-0.01229238510131836,True,True,0,0,False,False,0,0,1,1,,,,
complex_s00_q0017,voronoi_waypoint,Complex,d12_16,0.5387136649806052,0.5016948638949543,-0.03701880108565092,True,True,0,0,False,False,0,0,31,31,0.10823875318237897,0.10823875318237897,,
complex_s00_q0018,bottleneck_waypoint,Complex,d16_20,0.4759528241120279,0.6136490900535136,0.13769626594148576,True,True,0,0,False,False,0,0,3,4,0.027368812623272287,0.039825060599222306,,
complex_s00_q0018,f_n3p_knn,Complex,d16_20,0.0006881409790366888,0.0006741611286997795,-1.3979850336909294e-05,True,True,0,0,False,False,0,0,0,0,0.0,0.0,,
complex_s00_q0018,md_dqn,Complex,d16_20,0.17242600629106164,0.1688666376285255,-0.0035593686625361443,False,False,0,0,False,False,0,0,600,600,,,md_dqn_not_reached,md_dqn_not_reached
complex_s00_q0018,n3p_k1,Complex,d16_20,0.0009930478408932686,0.0006686949636787176,-0.00032435287721455097,True,True,0,0,False,False,0,0,0,0,0.0,0.0,,
complex_s00_q0018,vanilla_ha,Complex,d16_20,0.15505766868591309,0.147918701171875,-0.007138967514038086,True,True,0,0,False,False,0,0,1,1,,,,
complex_s00_q0018,voronoi_waypoint,Complex,d16_20,0.6228802381083369,0.614051606040448,-0.008828632067888975,True,True,0,0,False,False,0,0,4,4,0.07807313177050812,0.07807313177050812,,
complex_s00_q0019,bottleneck_waypoint,Complex,d20_inf,0.7784952649381012,0.7797248389106244,0.0012295739725232124,True,True,0,0,False,False,0,0,11,11,0.05711746069873991,0.057304092191557965,,
complex_s00_q0019,f_n3p_knn,Complex,d20_inf,0.4637187561020255,0.024680952075868845,-0.43903780402615666,True,True,0,0,True,True,0,0,3,0,0.05343676273063269,0.052141467597358826,,
complex_s00_q0019,md_dqn,Complex,d20_inf,0.17158992728218436,0.16946090129204094,-0.0021290259901434183,False,False,0,0,False,False,0,0,600,600,,,md_dqn_not_reached,md_dqn_not_reached
complex_s00_q0019,n3p_k1,Complex,d20_inf,0.8721425449475646,0.7276876321993768,-0.14445491274818778,True,True,0,0,True,True,0,0,447,446,0.015544120190531308,0.01457194853675059,,
complex_s00_q0019,vanilla_ha,Complex,d20_inf,2.301787853240967,2.3079545497894287,0.006166696548461914,True,True,0,0,False,False,0,0,2833,2833,,,,
complex_s00_q0019,voronoi_waypoint,Complex,d20_inf,0.7762525570578873,0.7715098119806498,-0.004742745077237487,True,True,0,0,False,False,0,0,5,5,0.13440020705213818,0.1268652695185557,,
complex_s01_q0020,bottleneck_waypoint,Complex,d08_12,0.3469913930166513,0.3448901418596506,-0.002101251157000661,True,True,0,0,False,False,0,0,17,17,0.16299624695643322,0.16299624695643322,,
complex_s01_q0020,f_n3p_knn,Complex,d08_12,0.4471052410081029,0.021585564827546477,-0.4255196761805564,True,True,0,0,True,True,0,0,3,0,0.04734876773733343,0.0035061743669035916,,
complex_s01_q0020,md_dqn,Complex,d08_12,0.11233416339382529,0.11119275097735226,-0.001141412416473031,False,False,0,0,False,False,0,0,34,34,,,md_dqn_not_reached,md_dqn_not_reached
complex_s01_q0020,n3p_k1,Complex,d08_12,0.1689840720500797,0.16749238595366478,-0.0014916860964149237,True,True,0,0,True,True,0,0,31,31,0.0,0.0,,
complex_s01_q0020,vanilla_ha,Complex,d08_12,0.16327595710754395,0.1634688377380371,0.00019288063049316406,True,True,0,0,False,False,0,0,31,31,,,,
complex_s01_q0020,voronoi_waypoint,Complex,d08_12,0.48295077588409185,0.4832344581373036,0.0002836822532117367,True,True,0,0,False,False,0,0,15,15,0.20898495026523833,0.20898495026523833,,
complex_s01_q0021,bottleneck_waypoint,Complex,d12_16,0.4807609370909631,0.4771059309132397,-0.0036550061777234077,True,True,0,0,False,False,0,0,3,3,0.02217964187035948,0.02217964187035948,,
complex_s01_q0021,f_n3p_knn,Complex,d12_16,1.369707527803257,1.222832177998498,-0.14687534980475903,True,True,0,0,True,True,0,0,1027,1029,0.002739106102503941,0.002321132447508756,,
complex_s01_q0021,md_dqn,Complex,d12_16,0.169486653059721,0.16638885042630136,-0.003097802633419633,False,False,0,0,False,False,0,0,600,600,,,md_dqn_not_reached,md_dqn_not_reached
complex_s01_q0021,n3p_k1,Complex,d12_16,0.7521239528432488,0.7471921530086547,-0.0049317998345941305,True,True,0,0,True,True,0,0,799,799,0.0,0.0,,
complex_s01_q0021,vanilla_ha,Complex,d12_16,0.7419559955596924,0.7369718551635742,-0.004984140396118164,True,True,0,0,False,False,0,0,799,799,,,,
complex_s01_q0021,voronoi_waypoint,Complex,d12_16,0.6170499711297452,0.6197022208943963,0.00265224976465106,True,True,0,0,False,False,0,0,4,4,0.061207220243811644,0.055639856800046905,,
complex_s01_q0022,bottleneck_waypoint,Complex,d16_20,0.7582981640007347,0.7591832841280848,0.0008851201273500919,True,True,0,0,False,False,0,0,5,5,,,,
complex_s01_q0022,f_n3p_knn,Complex,d16_20,0.4642703931313008,0.028726449003443122,-0.4355439441278577,True,True,0,0,True,True,0,0,3,0,,,,
complex_s01_q0022,md_dqn,Complex,d16_20,0.1714410176500678,0.1676039001904428,-0.0038371174596250057,False,False,0,0,False,False,0,0,600,600,,,md_dqn_not_reached,md_dqn_not_reached
complex_s01_q0022,n3p_k1,Complex,d16_20,0.6301881049294025,0.33688405412249267,-0.2933040508069098,True,True,0,0,True,True,0,0,201,199,,,,
complex_s01_q0022,vanilla_ha,Complex,d16_20,2.500455379486084,2.5015039443969727,0.0010485649108886719,False,False,0,0,False,False,0,0,2696,2701,,,timeout,timeout
complex_s01_q0022,voronoi_waypoint,Complex,d16_20,0.6447576889768243,0.6397187989205122,-0.005038890056312084,True,True,0,0,False,False,0,0,34,25,,,,
complex_s01_q0023,bottleneck_waypoint,Complex,d20_inf,0.8376380100380629,0.9089876748621464,0.07134966482408345,True,True,0,0,False,False,0,0,133,6,0.01954790446644661,0.035488256905698234,,
complex_s01_q0023,f_n3p_knn,Complex,d20_inf,0.4785278469789773,0.18387843086384237,-0.29464941611513495,True,True,0,0,True,True,0,0,19,17,0.003178628551239626,0.0024001702964362437,,
complex_s01_q0023,md_dqn,Complex,d20_inf,0.23000409360975027,0.2299693333916366,-3.476021811366081e-05,False,False,0,0,False,False,0,0,375,375,,,md_dqn_not_reached,md_dqn_not_reached
complex_s01_q0023,n3p_k1,Complex,d20_inf,2.28714061784558,2.2124493459705263,-0.07469127187505364,True,True,0,0,True,True,1,1,3097,3109,0.0,0.0,,
complex_s01_q0023,vanilla_ha,Complex,d20_inf,1.3348054885864258,1.4096083641052246,0.07480287551879883,True,True,0,0,False,False,0,0,1796,1796,,,,
complex_s01_q0023,voronoi_waypoint,Complex,d20_inf,0.8536848588846624,1.0502440531272441,0.19655919424258173,True,True,0,0,False,False,0,0,105,303,0.06902120991837912,0.07554462854260713,,
complex_s01_q0024,bottleneck_waypoint,Complex,d08_12,0.46968066808767617,0.47208241978660226,0.002401751698926091,True,True,0,0,False,False,0,0,3,3,0.0059156435913327865,0.0059156435913327865,,
complex_s01_q0024,f_n3p_knn,Complex,d08_12,0.21702965395525098,0.21720438008196652,0.00017472612671554089,True,True,0,0,True,True,0,0,100,100,0.0,0.0,,
complex_s01_q0024,md_dqn,Complex,d08_12,0.16879572649486363,0.16794463130645454,-0.00085109518840909,False,False,0,0,False,False,0,0,600,600,,,md_dqn_not_reached,md_dqn_not_reached
complex_s01_q0024,n3p_k1,Complex,d08_12,0.21673044678755105,0.21581883286125958,-0.0009116139262914658,True,True,0,0,True,True,0,0,100,100,0.0,0.0,,
complex_s01_q0024,vanilla_ha,Complex,d08_12,0.20683836936950684,0.20737195014953613,0.0005335807800292969,True,True,0,0,False,False,0,0,100,100,,,,
complex_s01_q0024,voronoi_waypoint,Complex,d08_12,0.33909475011751056,0.3391454180236906,5.066790618002415e-05,True,True,0,0,False,False,0,0,14,14,0.015942594173840696,0.015942594173840696,,
complex_s01_q0025,bottleneck_waypoint,Complex,d12_16,0.6226552019361407,0.6238480410538614,0.0011928391177207232,True,True,0,0,False,False,0,0,4,4,,,,
complex_s01_q0025,f_n3p_knn,Complex,d12_16,0.6145647901576012,0.03630930604413152,-0.5782554841134697,True,True,0,0,True,True,0,0,4,0,,,,
complex_s01_q0025,md_dqn,Complex,d12_16,0.17624341719783843,0.1749070817604661,-0.0013363354373723269,False,False,0,0,False,False,0,0,600,600,,,md_dqn_not_reached,md_dqn_not_reached
complex_s01_q0025,n3p_k1,Complex,d12_16,3.5138619381468743,3.5140678910538554,0.00020595290698111057,False,False,0,0,True,True,1,1,5230,5225,,,f2_failed:prediction:goal_in_collision;goal:timeout;f3_failed:timeout,f2_failed:prediction:goal_in_collision;goal:timeout;f3_failed:timeout
complex_s01_q0025,vanilla_ha,Complex,d12_16,2.5003821849823,2.5003106594085693,-7.152557373046875e-05,False,False,0,0,False,False,0,0,3627,3625,,,timeout,timeout
complex_s01_q0025,voronoi_waypoint,Complex,d12_16,0.6213264300022274,0.621297470992431,-2.8959009796380997e-05,True,True,0,0,False,False,0,0,4,4,,,,
complex_s01_q0026,bottleneck_waypoint,Complex,d16_20,0.7682377381715924,0.7686822179239243,0.0004444797523319721,True,True,0,0,False,False,0,0,5,5,0.06312407737260761,0.06031903944016559,,
complex_s01_q0026,f_n3p_knn,Complex,d16_20,0.31432537198998034,0.02062418800778687,-0.29370118398219347,True,True,0,0,True,True,0,0,2,0,0.02465062628100756,0.02330826550532117,,
complex_s01_q0026,md_dqn,Complex,d16_20,0.31347947428002954,0.3116024488117546,-0.001877025468274951,False,False,0,0,False,False,0,0,520,520,,,md_dqn_not_reached,md_dqn_not_reached
complex_s01_q0026,n3p_k1,Complex,d16_20,0.18931578402407467,0.19020361499860883,0.0008878309745341539,True,True,0,0,True,True,0,0,53,53,-0.0005079956725422274,-0.0005079956725422274,,
complex_s01_q0026,vanilla_ha,Complex,d16_20,0.166914701461792,0.1671466827392578,0.0002319812774658203,True,True,0,0,False,False,0,0,49,49,,,,
complex_s01_q0026,voronoi_waypoint,Complex,d16_20,0.6279117879457772,0.6256023719906807,-0.0023094159550964832,True,True,0,0,False,False,0,0,4,4,0.12355983475273824,0.1216150685989612,,
complex_s01_q0027,bottleneck_waypoint,Complex,d20_inf,0.9097144699189812,0.9102989018429071,0.0005844319239258766,True,True,0,0,False,False,0,0,6,6,0.04845790916174808,0.047477847664624484,,
complex_s01_q0027,f_n3p_knn,Complex,d20_inf,0.4655246799811721,0.027788707986474037,-0.43773597199469805,True,True,0,0,True,True,0,0,3,0,-0.0025142882101275577,-0.002886572405744414,,
complex_s01_q0027,md_dqn,Complex,d20_inf,0.16991639719344676,0.1674343415070325,-0.002482055686414242,False,False,0,0,False,False,0,0,600,600,,,md_dqn_not_reached,md_dqn_not_reached
complex_s01_q0027,n3p_k1,Complex,d20_inf,0.4753622559364885,0.33275010297074914,-0.14261215296573937,True,True,0,0,True,True,0,0,282,281,-0.0022780244163507213,-0.0023131901208146566,,
complex_s01_q0027,vanilla_ha,Complex,d20_inf,2.209019422531128,2.233664035797119,0.02464461326599121,True,True,0,0,False,False,0,0,3137,3137,,,,
complex_s01_q0027,voronoi_waypoint,Complex,d20_inf,0.7650569358374923,0.7692502690479159,0.004193333210423589,True,True,0,0,False,False,0,0,5,5,0.03560662971265671,0.03751270899474002,,
complex_s01_q0028,bottleneck_waypoint,Complex,d08_12,0.47382259904406965,0.4715737490914762,-0.0022488499525934458,True,True,0,0,False,False,0,0,3,3,0.17865647744561408,0.17865647744561408,,
complex_s01_q0028,f_n3p_knn,Complex,d08_12,2.5890996048692614,2.5953357520047575,0.0062361471354961395,True,True,0,0,True,True,1,1,2855,2838,0.0,0.0,,
complex_s01_q0028,md_dqn,Complex,d08_12,0.16910552605986595,0.16840617265552282,-0.0006993534043431282,False,False,0,0,False,False,0,0,600,600,,,md_dqn_not_reached,md_dqn_not_reached
complex_s01_q0028,n3p_k1,Complex,d08_12,2.5861980551853776,2.5941829921212047,0.007984936935827136,True,True,0,0,True,True,1,1,2850,2836,0.0,0.0,,
complex_s01_q0028,vanilla_ha,Complex,d08_12,1.6974434852600098,1.7220056056976318,0.02456212043762207,True,True,0,0,False,False,0,0,1829,1829,,,,
complex_s01_q0028,voronoi_waypoint,Complex,d08_12,0.47333320905454457,0.4687702658120543,-0.004562943242490292,True,True,0,0,False,False,0,0,3,3,0.331898588492366,0.331267626620928,,
complex_s01_q0029,bottleneck_waypoint,Complex,d12_16,0.7575215159449726,0.7644626181572676,0.006941102212294936,True,True,0,0,False,False,0,0,5,5,0.0723541040253406,0.0723541040253406,,
complex_s01_q0029,f_n3p_knn,Complex,d12_16,0.18930930411443114,0.19038146804086864,0.0010721639264374971,True,True,0,0,True,True,0,0,65,65,0.0,0.0,,
complex_s01_q0029,md_dqn,Complex,d12_16,0.17175827757455409,0.17098617437295616,-0.000772103201597929,False,False,0,0,False,False,0,0,600,600,,,md_dqn_not_reached,md_dqn_not_reached
complex_s01_q0029,n3p_k1,Complex,d12_16,0.18723072903230786,0.18823180091567338,0.001001071883365512,True,True,0,0,True,True,0,0,65,65,0.0,0.0,,
complex_s01_q0029,vanilla_ha,Complex,d12_16,0.18217849731445312,0.18332791328430176,0.0011494159698486328,True,True,0,0,False,False,0,0,65,65,,,,
complex_s01_q0029,voronoi_waypoint,Complex,d12_16,0.6202118890359998,0.618364887079224,-0.0018470019567757845,True,True,0,0,False,False,0,0,4,4,0.11262397994144835,0.11262397994144835,,
complex_s01_q0030,bottleneck_waypoint,Complex,d16_20,0.6137069039978087,0.6109998568426818,-0.0027070471551269293,True,True,0,0,False,False,0,0,4,4,0.02546461081543816,0.02546461081543816,,
complex_s01_q0030,f_n3p_knn,Complex,d16_20,0.0007070889696478844,0.0007114040199667215,4.315050318837166e-06,True,True,0,0,False,False,0,0,0,0,0.0,0.0,,
complex_s01_q0030,md_dqn,Complex,d16_20,0.16960685490630567,0.1685004006139934,-0.0011064542923122644,False,False,0,0,False,False,0,0,600,600,,,md_dqn_not_reached,md_dqn_not_reached
complex_s01_q0030,n3p_k1,Complex,d16_20,0.0007016279269009829,0.0006852350197732449,-1.6392907127738e-05,True,True,0,0,False,False,0,0,0,0,0.0,0.0,,
complex_s01_q0030,vanilla_ha,Complex,d16_20,0.14822053909301758,0.14802908897399902,-0.0001914501190185547,True,True,0,0,False,False,0,0,1,1,,,,
complex_s01_q0030,voronoi_waypoint,Complex,d16_20,0.6084488341584802,0.6090613198466599,0.0006124856881797314,True,True,0,0,False,False,0,0,4,4,0.013606233521040956,0.013606233521040956,,
complex_s01_q0031,bottleneck_waypoint,Complex,d20_inf,0.4897903648670763,0.49325010599568486,0.0034597411286085844,True,True,0,0,False,False,0,0,21,21,0.020064061452762516,0.02265882830746202,,
complex_s01_q0031,f_n3p_knn,Complex,d20_inf,0.30862463591620326,0.01988698518835008,-0.2887376507278532,True,True,0,0,False,False,0,0,2,0,0.032017362273593086,0.00971618280500075,,
complex_s01_q0031,md_dqn,Complex,d20_inf,0.22249877802096307,0.2188485914375633,-0.0036501865833997726,False,False,0,0,False,False,0,0,176,176,,,md_dqn_not_reached,md_dqn_not_reached
complex_s01_q0031,n3p_k1,Complex,d20_inf,0.3058904430363327,0.01583522604778409,-0.29005521698854864,True,True,0,0,False,False,0,0,2,0,0.032017362273593086,0.00971618280500075,,
complex_s01_q0031,vanilla_ha,Complex,d20_inf,0.17198681831359863,0.17188763618469238,-9.918212890625e-05,True,True,0,0,False,False,0,0,41,41,,,,
complex_s01_q0031,voronoi_waypoint,Complex,d20_inf,0.7746205430012196,0.7780647377949208,0.003444194793701172,True,True,0,0,False,False,0,0,20,20,0.1064844671097096,0.1064844671097096,,
complex_s01_q0032,bottleneck_waypoint,Complex,d08_12,0.48047420592047274,0.4809107920154929,0.000436586095020175,True,True,0,0,False,False,0,0,13,13,0.2241247871538654,0.22657487689379985,,
complex_s01_q0032,f_n3p_knn,Complex,d08_12,0.2963515769224614,0.012047830037772655,-0.28430374688468874,True,True,0,0,True,True,0,0,2,0,0.4683407174195393,0.460085948231985,,
complex_s01_q0032,md_dqn,Complex,d08_12,0.1927079102024436,0.18957602186128497,-0.0031318883411586285,False,False,0,0,False,False,0,0,341,341,,,md_dqn_not_reached,md_dqn_not_reached
complex_s01_q0032,n3p_k1,Complex,d08_12,0.2983629039954394,0.15565940784290433,-0.14270349615253508,True,True,0,0,True,True,0,0,4,3,0.31772366352278736,0.31746049476755545,,
complex_s01_q0032,vanilla_ha,Complex,d08_12,1.9188694953918457,2.0131256580352783,0.09425616264343262,True,True,0,0,False,False,0,0,1829,1829,,,,
complex_s01_q0032,voronoi_waypoint,Complex,d08_12,0.6206126189790666,0.6236589539330453,0.0030463349539786577,True,True,0,0,False,False,0,0,270,270,0.13675254564812578,0.13675254564812578,,
complex_s01_q0033,bottleneck_waypoint,Complex,d12_16,0.474528914084658,0.4751679259352386,0.0006390118505805731,True,True,0,0,False,False,0,0,3,3,0.04840519584520697,0.04840519584520697,,
complex_s01_q0033,f_n3p_knn,Complex,d12_16,0.6453524089884013,0.6482509928755462,0.002898583887144923,True,True,0,0,True,True,0,0,766,766,0.0,0.0,,
complex_s01_q0033,md_dqn,Complex,d12_16,0.1706894061062485,0.168598058167845,-0.002091347938403487,False,False,0,0,False,False,0,0,600,600,,,md_dqn_not_reached,md_dqn_not_reached
complex_s01_q0033,n3p_k1,Complex,d12_16,0.6416274178773165,0.6479574320837855,0.006330014206469059,True,True,0,0,True,True,0,0,766,766,0.0,0.0,,
complex_s01_q0033,vanilla_ha,Complex,d12_16,0.6313586235046387,0.6384823322296143,0.007123708724975586,True,True,0,0,False,False,0,0,766,766,,,,
complex_s01_q0033,voronoi_waypoint,Complex,d12_16,0.4721916690468788,0.4752983250655234,0.0031066560186445713,True,True,0,0,False,False,0,0,3,3,0.025653616075497432,0.026179701194567917,,
complex_s01_q0034,bottleneck_waypoint,Complex,d16_20,0.48331892397254705,0.4865092148538679,0.003190290881320834,True,True,0,0,False,False,0,0,7,7,0.037018364286917516,0.037018364286917516,,
complex_s01_q0034,f_n3p_knn,Complex,d16_20,0.1526102910283953,0.010979300132021308,-0.141630990896374,True,True,0,0,False,False,0,0,1,0,-0.0004941173982762059,-0.0004941173982762059,,
complex_s01_q0034,md_dqn,Complex,d16_20,0.21190451085567474,0.2103435064200312,-0.0015610044356435537,False,False,0,0,False,False,0,0,307,307,,,md_dqn_not_reached,md_dqn_not_reached
complex_s01_q0034,n3p_k1,Complex,d16_20,0.1533138700760901,0.009767093928530812,-0.14354677614755929,True,True,0,0,False,False,0,0,1,0,-0.0004941173982762059,-0.0004941173982762059,,
complex_s01_q0034,vanilla_ha,Complex,d16_20,0.15213799476623535,0.15543270111083984,0.003294706344604492,True,True,0,0,False,False,0,0,9,9,,,,
complex_s01_q0034,voronoi_waypoint,Complex,d16_20,0.6169960910920054,0.6198144149966538,0.002818323904648423,True,True,0,0,False,False,0,0,4,4,0.08695203922313244,0.08695203922313244,,
complex_s01_q0035,bottleneck_waypoint,Complex,d20_inf,0.771828155964613,0.7731200191192329,0.0012918631546199322,True,True,0,0,False,False,0,0,5,5,0.022148825857573495,0.01888755174430168,,
complex_s01_q0035,f_n3p_knn,Complex,d20_inf,0.31482014898210764,0.02051620092242956,-0.2943039480596781,True,True,0,0,True,True,0,0,2,0,-0.01109515475843692,-0.011405991288412465,,
complex_s01_q0035,md_dqn,Complex,d20_inf,0.17956970329396427,0.17770454799756408,-0.0018651552964001894,True,True,0,0,False,False,0,0,445,445,0.9625834269763256,0.9625834269763256,,
complex_s01_q0035,n3p_k1,Complex,d20_inf,0.3397766291163862,0.33902838081121445,-0.0007482483051717281,True,True,0,0,True,True,0,0,38,38,0.013853605330359509,0.013853605330359509,,
complex_s01_q0035,vanilla_ha,Complex,d20_inf,0.1723191738128662,0.17151308059692383,-0.0008060932159423828,True,True,0,0,False,False,0,0,49,49,,,,
complex_s01_q0035,voronoi_waypoint,Complex,d20_inf,0.76677086786367,0.7721944709774107,0.005423603113740683,True,True,0,0,False,False,0,0,5,5,0.053995956845266146,0.0546662964306559,,
complex_s01_q0036,bottleneck_waypoint,Complex,d08_12,0.3308219281025231,0.3284937241114676,-0.0023282039910554886,True,True,0,0,False,False,0,0,2,2,0.016303955733571796,0.016303955733571796,,
complex_s01_q0036,f_n3p_knn,Complex,d08_12,0.0004478590562939644,0.0004543219693005085,6.462913006544113e-06,True,True,0,0,False,False,0,0,0,0,0.0,0.0,,
complex_s01_q0036,md_dqn,Complex,d08_12,0.16970414435490966,0.17057208996266127,0.0008679456077516079,False,False,0,0,False,False,0,0,600,600,,,md_dqn_not_reached,md_dqn_not_reached
complex_s01_q0036,n3p_k1,Complex,d08_12,0.0004300421569496393,0.00045755389146506786,2.7511734515428543e-05,True,True,0,0,False,False,0,0,0,0,0.0,0.0,,
complex_s01_q0036,vanilla_ha,Complex,d08_12,0.14482498168945312,0.14379239082336426,-0.0010325908660888672,True,True,0,0,False,False,0,0,1,1,,,,
complex_s01_q0036,voronoi_waypoint,Complex,d08_12,0.32914815400727093,0.32932688808068633,0.0001787340734153986,True,True,0,0,False,False,0,0,2,2,0.017337091116329084,0.017337091116329084,,
complex_s01_q0037,bottleneck_waypoint,Complex,d12_16,0.4783725719898939,0.48082938394509256,0.0024568119551986456,True,True,0,0,False,False,0,0,3,3,0.0849484214986429,0.0849484214986429,,
complex_s01_q0037,f_n3p_knn,Complex,d12_16,0.5576085140928626,0.26876753591932356,-0.28884097817353904,True,True,0,0,True,True,0,0,101,99,0.18841985058292998,0.18766302921021727,,
complex_s01_q0037,md_dqn,Complex,d12_16,0.2542188160587102,0.2526098790112883,-0.0016089370474219322,False,False,0,0,False,False,0,0,343,343,,,md_dqn_not_reached,md_dqn_not_reached
complex_s01_q0037,n3p_k1,Complex,d12_16,0.32326194015331566,0.32368594594299793,0.0004240057896822691,True,True,0,0,True,True,0,0,18,18,0.25488053201066463,0.25488053201066463,,
complex_s01_q0037,vanilla_ha,Complex,d12_16,1.2743163108825684,1.2881267070770264,0.013810396194458008,True,True,0,0,False,False,0,0,1223,1223,,,,
complex_s01_q0037,voronoi_waypoint,Complex,d12_16,0.4765877609606832,0.48325330507941544,0.006665544118732214,True,True,0,0,False,False,0,0,3,3,0.15379110629213955,0.15379110629213955,,
complex_s01_q0038,bottleneck_waypoint,Complex,d16_20,0.6185989980585873,0.621875406941399,0.0032764088828116655,True,True,0,0,False,False,0,0,4,4,0.035111838543142815,0.035111838543142815,,
complex_s01_q0038,f_n3p_knn,Complex,d16_20,0.0009474058169871569,0.0008672778494656086,-8.012796752154827e-05,True,True,0,0,False,False,0,0,0,0,0.0,0.0,,
complex_s01_q0038,md_dqn,Complex,d16_20,0.15886756824329495,0.15681426506489515,-0.0020533031783998013,True,True,0,0,False,False,0,0,346,346,0.4363212689179983,0.4363212689179983,,
complex_s01_q0038,n3p_k1,Complex,d16_20,0.0008252288680523634,0.00084840995259583,2.3181084543466568e-05,True,True,0,0,False,False,0,0,0,0,0.0,0.0,,
complex_s01_q0038,vanilla_ha,Complex,d16_20,0.15073132514953613,0.15160799026489258,0.0008766651153564453,True,True,0,0,False,False,0,0,1,1,,,,
complex_s01_q0038,voronoi_waypoint,Complex,d16_20,0.624384026043117,0.6296813900116831,0.00529736396856606,True,True,0,0,False,False,0,0,16,16,0.021216975775146807,0.021216975775146807,,
complex_s01_q0039,bottleneck_waypoint,Complex,d20_inf,0.9020340009592474,0.9091069530695677,0.00707295211032033,True,True,0,0,False,False,0,0,6,6,-0.010104073142865544,-0.00210401660489945,,
complex_s01_q0039,f_n3p_knn,Complex,d20_inf,0.6167131240945309,0.03843064815737307,-0.5782824759371579,True,True,0,0,True,True,0,0,4,0,0.006678693528471502,-0.002861666473009894,,
complex_s01_q0039,md_dqn,Complex,d20_inf,0.16953150648623705,0.16783716692589223,-0.0016943395603448153,False,False,0,0,False,False,0,0,600,600,,,md_dqn_not_reached,md_dqn_not_reached
complex_s01_q0039,n3p_k1,Complex,d20_inf,0.33037668000906706,0.1738915629684925,-0.15648511704057455,True,True,0,0,True,True,0,0,12,11,-0.020715799982547023,-0.020715799982546912,,
complex_s01_q0039,vanilla_ha,Complex,d20_inf,0.2261066436767578,0.22848176956176758,0.0023751258850097656,True,True,0,0,False,False,0,0,177,177,,,,
complex_s01_q0039,voronoi_waypoint,Complex,d20_inf,1.0424516240600497,1.0420614511240274,-0.00039017293602228165,True,True,0,0,False,False,0,0,7,7,0.013679866366628213,0.016803426291236656,,
complex_s02_q0040,bottleneck_waypoint,Complex,d08_12,0.4787927600555122,0.47967894095927477,0.000886180903762579,True,True,0,0,False,False,0,0,3,3,0.12702644307527677,0.10378952144396303,,
complex_s02_q0040,f_n3p_knn,Complex,d08_12,0.0004965479020029306,0.0004964068066328764,-1.41095370054245e-07,True,True,0,0,False,False,0,0,0,0,0.0,0.0,,
complex_s02_q0040,md_dqn,Complex,d08_12,0.2128841222729534,0.20907691400498152,-0.0038072082679718733,False,False,0,0,False,False,0,0,430,430,,,md_dqn_not_reached,md_dqn_not_reached
complex_s02_q0040,n3p_k1,Complex,d08_12,0.00046928785741329193,0.00048154895193874836,1.2261094525456429e-05,True,True,0,0,False,False,0,0,0,0,0.0,0.0,,
complex_s02_q0040,vanilla_ha,Complex,d08_12,0.14813876152038574,0.14843153953552246,0.00029277801513671875,True,True,0,0,False,False,0,0,1,1,,,,
complex_s02_q0040,voronoi_waypoint,Complex,d08_12,0.4730573398992419,0.47357437084428966,0.0005170309450477362,True,True,0,0,False,False,0,0,3,3,0.04024137927508309,0.026452427354136665,,
complex_s02_q0041,bottleneck_waypoint,Complex,d12_16,0.48076861584559083,0.48188148997724056,0.0011128741316497326,True,True,0,0,False,False,0,0,3,3,0.07817532007744221,0.07817532007744221,,
complex_s02_q0041,f_n3p_knn,Complex,d12_16,0.0006362530402839184,0.0006298229563981295,-6.4300838857889175e-06,True,True,0,0,False,False,0,0,0,0,2.220446049250313e-16,2.220446049250313e-16,,
complex_s02_q0041,md_dqn,Complex,d12_16,0.17081170855090022,0.17013044166378677,-0.000681266887113452,False,False,0,0,False,False,0,0,600,600,,,md_dqn_not_reached,md_dqn_not_reached
complex_s02_q0041,n3p_k1,Complex,d12_16,0.0006220750510692596,0.0006183169316500425,-3.7581194192171097e-06,True,True,0,0,False,False,0,0,0,0,2.220446049250313e-16,2.220446049250313e-16,,
complex_s02_q0041,vanilla_ha,Complex,d12_16,0.15090012550354004,0.15047502517700195,-0.00042510032653808594,True,True,0,0,False,False,0,0,1,1,,,,
complex_s02_q0041,voronoi_waypoint,Complex,d12_16,0.6248268280178308,0.6243035108782351,-0.000523317139595747,True,True,0,0,False,False,0,0,4,4,0.10954275674644065,0.10954275674644065,,
complex_s02_q0042,bottleneck_waypoint,Complex,d16_20,0.7621412188746035,0.7634275471791625,0.0012863283045589924,True,True,0,0,False,False,0,0,5,5,0.06833281697888416,0.06833281697888416,,
complex_s02_q0042,f_n3p_knn,Complex,d16_20,0.463621144881472,0.027080272091552615,-0.4365408727899194,True,True,0,0,False,False,0,0,3,0,-0.0012903631693084172,-0.0019461406897051114,,
complex_s02_q0042,md_dqn,Complex,d16_20,0.16956402081996202,0.16549500892870128,-0.004069011891260743,False,False,0,0,False,False,0,0,600,600,,,md_dqn_not_reached,md_dqn_not_reached
complex_s02_q0042,n3p_k1,Complex,d16_20,0.4562983331270516,0.022596118040382862,-0.43370221508666873,True,True,0,0,False,False,0,0,3,0,-0.0012903631693084172,-0.0019461406897051114,,
complex_s02_q0042,vanilla_ha,Complex,d16_20,0.33856701850891113,0.3406951427459717,0.002128124237060547,True,True,0,0,False,False,0,0,232,232,,,,
complex_s02_q0042,voronoi_waypoint,Complex,d16_20,0.699624682078138,0.6726795800495893,-0.026945102028548717,True,True,0,0,False,False,0,0,98,64,0.005529471723826562,0.0036140384927705327,,
complex_s02_q0043,bottleneck_waypoint,Complex,d20_inf,0.9073879420757294,0.9152865000069141,0.007898557931184769,True,True,0,0,False,False,0,0,6,6,,,,
complex_s02_q0043,f_n3p_knn,Complex,d20_inf,0.46500762389041483,0.02823062497191131,-0.4367769989185035,True,True,0,0,True,True,0,0,3,0,,,,
complex_s02_q0043,md_dqn,Complex,d20_inf,0.17091806046664715,0.16746207722462714,-0.003455983242020011,False,False,0,0,False,False,0,0,600,600,,,md_dqn_not_reached,md_dqn_not_reached
complex_s02_q0043,n3p_k1,Complex,d20_inf,1.432276131119579,1.2957297170069069,-0.1365464141126722,True,True,0,0,True,True,0,0,1557,1556,,,,
complex_s02_q0043,vanilla_ha,Complex,d20_inf,2.5003063678741455,2.5000057220458984,-0.0003006458282470703,False,False,0,0,False,False,0,0,3305,3267,,,timeout,timeout
complex_s02_q0043,voronoi_waypoint,Complex,d20_inf,0.9740120421629399,0.9923409828916192,0.0183289407286793,True,True,0,0,False,False,0,0,93,105,,,,
complex_s02_q0044,bottleneck_waypoint,Complex,d08_12,0.4791010159533471,0.479673690861091,0.0005726749077439308,True,True,0,0,False,False,0,0,3,3,0.031780087884317076,0.11796547084743092,,
complex_s02_q0044,f_n3p_knn,Complex,d08_12,1.0407168839592487,0.9046024079434574,-0.1361144760157913,True,True,0,0,True,True,0,0,1044,1043,0.0220700061209822,0.02070503025353343,,
complex_s02_q0044,md_dqn,Complex,d08_12,0.14250267180614173,0.14043028093874454,-0.002072390867397189,False,False,0,0,False,False,0,0,411,411,,,md_dqn_not_reached,md_dqn_not_reached
complex_s02_q0044,n3p_k1,Complex,d08_12,0.9322444240096956,0.9344027610495687,0.002158337039873004,True,True,0,0,True,True,0,0,1149,1149,0.0,0.0,,
complex_s02_q0044,vanilla_ha,Complex,d08_12,0.9129431247711182,0.9189200401306152,0.00597691535949707,True,True,0,0,False,False,0,0,1149,1149,,,,
complex_s02_q0044,voronoi_waypoint,Complex,d08_12,0.7520739801693708,0.7589554081205279,0.006881427951157093,True,True,0,0,False,False,0,0,345,345,0.1476342665888497,0.1476342665888497,,
complex_s02_q0045,bottleneck_waypoint,Complex,d12_16,0.7680668169632554,0.765431976178661,-0.0026348407845944166,True,True,0,0,False,False,0,0,5,5,0.03679454128974724,0.03679454128974724,,
complex_s02_q0045,f_n3p_knn,Complex,d12_16,0.0005822370294481516,0.0005629691295325756,-1.926789991557598e-05,True,True,0,0,False,False,0,0,0,0,2.220446049250313e-16,2.220446049250313e-16,,
complex_s02_q0045,md_dqn,Complex,d12_16,0.16931502614170313,0.16883273608982563,-0.0004822900518774986,False,False,0,0,False,False,0,0,600,600,,,md_dqn_not_reached,md_dqn_not_reached
complex_s02_q0045,n3p_k1,Complex,d12_16,0.0005698560271412134,0.00055520492605865,-1.46511010825634e-05,True,True,0,0,False,False,0,0,0,0,2.220446049250313e-16,2.220446049250313e-16,,
complex_s02_q0045,vanilla_ha,Complex,d12_16,0.1471402645111084,0.14666986465454102,-0.0004703998565673828,True,True,0,0,False,False,0,0,1,1,,,,
complex_s02_q0045,voronoi_waypoint,Complex,d12_16,0.4781542010605335,0.4736275828909129,-0.004526618169620633,True,True,0,0,False,False,0,0,3,3,0.009277671935774334,0.009277671935774334,,
complex_s02_q0046,bottleneck_waypoint,Complex,d16_20,0.4858875470235944,0.4809991049114615,-0.004888442112132907,True,True,0,0,False,False,0,0,3,3,0.03506529701761063,0.05375123051108499,,
complex_s02_q0046,f_n3p_knn,Complex,d16_20,0.31391446315683424,0.019478454953059554,-0.2944360082037747,True,True,0,0,True,True,0,0,2,0,-0.01243979433118736,-0.012527374605184494,,
complex_s02_q0046,md_dqn,Complex,d16_20,0.1738900695927441,0.16900433134287596,-0.0048857382498681545,False,False,0,0,False,False,0,0,600,600,,,md_dqn_not_reached,md_dqn_not_reached
complex_s02_q0046,n3p_k1,Complex,d16_20,0.6918789050541818,0.6943666038569063,0.0024876988027244806,True,True,0,0,True,True,0,0,573,573,0.0005528944051000906,0.0005528944051000906,,
complex_s02_q0046,vanilla_ha,Complex,d16_20,1.809924602508545,1.8236823081970215,0.013757705688476562,True,True,0,0,False,False,0,0,2599,2599,,,,
complex_s02_q0046,voronoi_waypoint,Complex,d16_20,0.630038475850597,0.6240896659437567,-0.005948809906840324,True,True,0,0,False,False,0,0,10,4,0.08719591907617419,0.1514736487026651,,
complex_s02_q0047,bottleneck_waypoint,Complex,d20_inf,0.765444008866325,0.764813352143392,-0.000630656722933054,True,True,0,0,False,False,0,0,5,5,0.08439606386480314,0.08266099224281964,,
complex_s02_q0047,f_n3p_knn,Complex,d20_inf,0.4647580599412322,0.027019798988476396,-0.4377382609527558,True,True,0,0,True,True,0,0,3,0,0.0551189114783337,0.05407757425332704,,
complex_s02_q0047,md_dqn,Complex,d20_inf,0.17026247060857713,0.1684296887833625,-0.0018327818252146244,False,False,0,0,False,False,0,0,600,600,,,md_dqn_not_reached,md_dqn_not_reached
complex_s02_q0047,n3p_k1,Complex,d20_inf,0.325063152005896,0.32257938710972667,-0.002483764896169305,True,True,0,0,True,True,0,0,32,32,-0.0037658004961167446,-0.0037658004961167446,,
complex_s02_q0047,vanilla_ha,Complex,d20_inf,0.17507386207580566,0.17450356483459473,-0.0005702972412109375,True,True,0,0,False,False,0,0,57,57,,,,
complex_s02_q0047,voronoi_waypoint,Complex,d20_inf,0.7647175509482622,0.7657056658063084,0.000988114858046174,True,True,0,0,False,False,0,0,5,5,0.09805621163232492,0.10114481587796798,,
complex_s02_q0048,bottleneck_waypoint,Complex,d08_12,0.33203717204742134,0.332265387987718,0.00022821594029664993,True,True,0,0,False,False,0,0,2,2,0.022926901321022264,0.022926901321022264,,
complex_s02_q0048,f_n3p_knn,Complex,d08_12,0.0004016929306089878,0.0003950130194425583,-6.67991116642952e-06,True,True,0,0,False,False,0,0,0,0,0.0,0.0,,
complex_s02_q0048,md_dqn,Complex,d08_12,0.17039765138179064,0.16822904534637928,-0.002168606035411358,False,False,0,0,False,False,0,0,600,600,,,md_dqn_not_reached,md_dqn_not_reached
complex_s02_q0048,n3p_k1,Complex,d08_12,0.0003817130345851183,0.0003797430545091629,-1.969980075955391e-06,True,True,0,0,False,False,0,0,0,0,0.0,0.0,,
complex_s02_q0048,vanilla_ha,Complex,d08_12,0.14670157432556152,0.14751696586608887,0.0008153915405273438,True,True,0,0,False,False,0,0,1,1,,,,
complex_s02_q0048,voronoi_waypoint,Complex,d08_12,0.3316529239527881,0.33167676092125475,2.383696846663952e-05,True,True,0,0,False,False,0,0,2,2,0.0036967288819416133,0.0036967288819416133,,
complex_s02_q0049,bottleneck_waypoint,Complex,d12_16,0.6274447401519865,0.6293787129689008,0.00193397281691432,True,True,0,0,False,False,0,0,4,4,0.02869852092938574,0.02869852092938574,,
complex_s02_q0049,f_n3p_knn,Complex,d12_16,0.16030006506480277,0.01086085312999785,-0.14943921193480492,True,True,0,0,False,False,0,0,1,0,-0.007387354467406793,-0.0076918373646120974,,
complex_s02_q0049,md_dqn,Complex,d12_16,0.1703696905169636,0.1687409703154117,-0.0016287202015519142,False,False,0,0,False,False,0,0,600,600,,,md_dqn_not_reached,md_dqn_not_reached
complex_s02_q0049,n3p_k1,Complex,d12_16,0.15781526011414826,0.009663673117756844,-0.14815158699639142,True,True,0,0,False,False,0,0,1,0,-0.007387354467406793,-0.0076918373646120974,,
complex_s02_q0049,vanilla_ha,Complex,d12_16,0.17034912109375,0.1714022159576416,0.0010530948638916016,True,True,0,0,False,False,0,0,41,41,,,,
complex_s02_q0049,voronoi_waypoint,Complex,d12_16,0.6324467600788921,0.7064168560318649,0.07397009595297277,True,True,0,0,False,False,0,0,16,112,0.15736798217099013,0.1712873049722483,,
complex_s02_q0050,bottleneck_waypoint,Complex,d16_20,0.6181946150027215,0.6200030860491097,0.0018084710463881493,True,True,0,0,False,False,0,0,4,4,0.002715765050877561,0.002715765050877561,,
complex_s02_q0050,f_n3p_knn,Complex,d16_20,0.15702356211841106,0.01074377610348165,-0.1462797860149294,True,True,0,0,False,False,0,0,1,0,-0.023506740648155278,-0.02351411464200659,,
complex_s02_q0050,md_dqn,Complex,d16_20,0.19300998421385884,0.18956117751076818,-0.0034488067030906677,False,False,0,0,False,False,0,0,600,600,,,md_dqn_not_reached,md_dqn_not_reached
complex_s02_q0050,n3p_k1,Complex,d16_20,0.15658580604940653,0.009936570189893246,-0.14664923585951328,True,True,0,0,False,False,0,0,1,0,-0.023506740648155278,-0.02351411464200659,,
complex_s02_q0050,vanilla_ha,Complex,d16_20,0.39021801948547363,0.3911559581756592,0.0009379386901855469,True,True,0,0,False,False,0,0,463,463,,,,
complex_s02_q0050,voronoi_waypoint,Complex,d16_20,0.6328900498338044,0.6184370361734182,-0.014453013660386205,True,True,0,0,False,False,0,0,4,4,0.047201163409739566,0.047201163409739566,,
complex_s02_q0051,bottleneck_waypoint,Complex,d20_inf,0.7667179401032627,0.7758234050124884,0.009105464909225702,True,True,0,0,False,False,0,0,5,5,0.06472301195776331,0.06472301195776331,,
complex_s02_q0051,f_n3p_knn,Complex,d20_inf,0.15702316421084106,0.010468936059623957,-0.1465542281512171,True,True,0,0,False,False,0,0,1,0,-0.0047954645376308,-0.005513887389021366,,
complex_s02_q0051,md_dqn,Complex,d20_inf,0.17232395405881107,0.17049321229569614,-0.0018307417631149292,False,False,0,0,False,False,0,0,600,600,,,md_dqn_not_reached,md_dqn_not_reached
complex_s02_q0051,n3p_k1,Complex,d20_inf,0.15701048402115703,0.009931873995810747,-0.14707861002534628,True,True,0,0,False,False,0,0,1,0,-0.0047954645376308,-0.005513887389021366,,
complex_s02_q0051,vanilla_ha,Complex,d20_inf,0.2387373447418213,0.23275303840637207,-0.005984306335449219,True,True,0,0,False,False,0,0,161,161,,,,
complex_s02_q0051,voronoi_waypoint,Complex,d20_inf,0.6250964920036495,0.625082294922322,-1.4197081327438354e-05,True,True,0,0,False,False,0,0,4,4,0.0664207189206305,0.06762589794540275,,
complex_s02_q0052,bottleneck_waypoint,Complex,d08_12,0.4781823121011257,0.4782670480199158,8.4735918790102e-05,True,True,0,0,False,False,0,0,3,3,0.03879901090656612,0.03879901090656612,,
complex_s02_q0052,f_n3p_knn,Complex,d08_12,0.15546695492230356,0.010419768979772925,-0.14504718594253063,True,True,0,0,True,True,0,0,1,0,-0.0021360466485137453,-0.002164323568916715,,
complex_s02_q0052,md_dqn,Complex,d08_12,0.17106696357950568,0.16899724560789764,-0.0020697179716080427,False,False,0,0,False,False,0,0,600,600,,,md_dqn_not_reached,md_dqn_not_reached
complex_s02_q0052,n3p_k1,Complex,d08_12,0.178021582076326,0.17743817018344998,-0.000583411892876029,True,True,0,0,True,True,0,0,34,34,0.03134480650238225,0.03134480650238225,,
complex_s02_q0052,vanilla_ha,Complex,d08_12,0.17089295387268066,0.1690356731414795,-0.0018572807312011719,True,True,0,0,False,False,0,0,37,37,,,,
complex_s02_q0052,voronoi_waypoint,Complex,d08_12,0.3344101079273969,0.3369742389768362,0.002564131049439311,True,True,0,0,False,False,0,0,2,2,0.01471387236303845,0.012778223750515405,,
complex_s02_q0053,bottleneck_waypoint,Complex,d12_16,0.6369385630823672,0.6368172150105238,-0.0001213480718433857,True,True,0,0,False,False,0,0,12,12,0.22771602599081175,0.22771602599081175,,
complex_s02_q0053,f_n3p_knn,Complex,d12_16,1.0111743328161538,0.8671573169995099,-0.14401701581664383,True,True,0,0,True,True,0,0,635,634,0.04475360507335635,0.044444737096035025,,
complex_s02_q0053,md_dqn,Complex,d12_16,0.001463199034333229,0.0014608809724450111,-2.318061888217926e-06,False,False,0,0,False,False,0,0,1,1,,,md_dqn_not_reached,md_dqn_not_reached
complex_s02_q0053,n3p_k1,Complex,d12_16,1.0082312889862806,0.8653460431378335,-0.14288524584844708,True,True,0,0,True,True,0,0,635,634,0.04475360507335635,0.044444737096035025,,
complex_s02_q0053,vanilla_ha,Complex,d12_16,1.8978595733642578,1.9016809463500977,0.0038213729858398438,True,True,0,0,False,False,0,0,2665,2665,,,,
complex_s02_q0053,voronoi_waypoint,Complex,d12_16,0.5111004889477044,0.49617258412763476,-0.01492790482006967,True,True,0,0,False,False,0,0,54,25,0.14086516323145726,0.1469539699834943,,
complex_s02_q0054,bottleneck_waypoint,Complex,d16_20,0.6164694270119071,0.6144691838417202,-0.0020002431701868773,True,True,0,0,False,False,0,0,4,4,0.058579709989537765,0.058579709989537765,,
complex_s02_q0054,f_n3p_knn,Complex,d16_20,0.528699564980343,0.38588677486404777,-0.14281279011629522,True,True,0,0,True,True,0,0,91,90,-0.001462419423527872,-0.0017493995249929783,,
complex_s02_q0054,md_dqn,Complex,d16_20,0.17187766102142632,0.1701410843525082,-0.0017365766689181328,False,False,0,0,False,False,0,0,600,600,,,md_dqn_not_reached,md_dqn_not_reached
complex_s02_q0054,n3p_k1,Complex,d16_20,0.5005435929633677,0.360077888937667,-0.1404657040257007,True,True,0,0,True,True,0,0,57,56,0.014879897025043665,0.014878912635407415,,
complex_s02_q0054,vanilla_ha,Complex,d16_20,0.26064515113830566,0.26115894317626953,0.0005137920379638672,True,True,0,0,False,False,0,0,211,211,,,,
complex_s02_q0054,voronoi_waypoint,Complex,d16_20,0.6100931651890278,0.6144662189763039,0.004373053787276149,True,True,0,0,False,False,0,0,4,4,0.09511352156819886,0.0953272194668977,,
complex_s02_q0055,bottleneck_waypoint,Complex,d20_inf,0.76417515007779,0.7664514500647783,0.002276299986988306,True,True,0,0,False,False,0,0,5,5,,,,
complex_s02_q0055,f_n3p_knn,Complex,d20_inf,3.51734357397072,3.5152564481832087,-0.002087125787511468,False,False,0,0,True,True,1,1,6130,6256,,,f2_failed:prediction:goal_in_collision;goal:timeout;f3_failed:timeout,f2_failed:prediction:goal_in_collision;goal:timeout;f3_failed:timeout
complex_s02_q0055,md_dqn,Complex,d20_inf,0.1686691918876022,0.16794325457885861,-0.0007259373087435961,False,False,0,0,False,False,0,0,600,600,,,md_dqn_not_reached,md_dqn_not_reached
complex_s02_q0055,n3p_k1,Complex,d20_inf,3.5136119730304927,3.5131228829268366,-0.0004890901036560535,False,False,0,0,True,True,1,1,6252,6267,,,f2_failed:prediction:goal_in_collision;goal:timeout;f3_failed:timeout,f2_failed:prediction:goal_in_collision;goal:timeout;f3_failed:timeout
complex_s02_q0055,vanilla_ha,Complex,d20_inf,2.500154733657837,2.501819610595703,0.001664876937866211,False,False,0,0,False,False,0,0,4318,4166,,,timeout,timeout
complex_s02_q0055,voronoi_waypoint,Complex,d20_inf,0.7606609128415585,0.7630669379141182,0.0024060250725597143,True,True,0,0,False,False,0,0,5,5,,,,
complex_s02_q0056,bottleneck_waypoint,Complex,d08_12,0.47624537302181125,0.47825720999389887,0.0020118369720876217,True,True,0,0,False,False,0,0,3,3,0.10916611036356594,0.10916611036356594,,
complex_s02_q0056,f_n3p_knn,Complex,d08_12,0.15765915880911052,0.010491658002138138,-0.14716750080697238,True,True,0,0,False,False,0,0,1,0,0.0021441513325355377,0.002025454862517817,,
complex_s02_q0056,md_dqn,Complex,d08_12,0.4424685728736222,0.43683715001679957,-0.00563142285682261,False,False,0,0,False,False,0,0,600,600,,,md_dqn_not_reached,md_dqn_not_reached
complex_s02_q0056,n3p_k1,Complex,d08_12,0.15650239796377718,0.009400587994605303,-0.14710180996917188,True,True,0,0,False,False,0,0,1,0,0.0021441513325355377,0.002025454862517817,,
complex_s02_q0056,vanilla_ha,Complex,d08_12,0.15392184257507324,0.1571044921875,0.003182649612426758,True,True,0,0,False,False,0,0,9,9,,,,
complex_s02_q0056,voronoi_waypoint,Complex,d08_12,0.4777607580181211,0.48328594397753477,0.005525185959413648,True,True,0,0,False,False,0,0,3,3,0.05979759332849244,0.05979759332849244,,
complex_s02_q0057,bottleneck_waypoint,Complex,d12_16,0.480189825873822,0.4821722670458257,0.001982441172003746,True,True,0,0,False,False,0,0,3,3,0.06813485245399264,0.06813485245399264,,
complex_s02_q0057,f_n3p_knn,Complex,d12_16,0.0006156719755381346,0.0006268988363444805,1.122686080634594e-05,True,True,0,0,False,False,0,0,0,0,0.0,0.0,,
complex_s02_q0057,md_dqn,Complex,d12_16,0.16929259966127574,0.1694172457791865,0.00012464611791074276,False,False,0,0,False,False,0,0,600,600,,,md_dqn_not_reached,md_dqn_not_reached
complex_s02_q0057,n3p_k1,Complex,d12_16,0.000617676880210638,0.0006139331962913275,-3.7436839193105698e-06,True,True,0,0,False,False,0,0,0,0,0.0,0.0,,
complex_s02_q0057,vanilla_ha,Complex,d12_16,0.14708304405212402,0.1472947597503662,0.0002117156982421875,True,True,0,0,False,False,0,0,1,1,,,,
complex_s02_q0057,voronoi_waypoint,Complex,d12_16,0.47507914900779724,0.4783553669694811,0.0032762179616838694,True,True,0,0,False,False,0,0,3,3,0.06278780005799023,0.06278780005799023,,
complex_s02_q0058,bottleneck_waypoint,Complex,d16_20,0.4749820129945874,0.4762652851641178,0.0012832721695303917,True,True,0,0,False,False,0,0,3,3,0.005255662217283907,0.005255662217283907,,
complex_s02_q0058,f_n3p_knn,Complex,d16_20,0.3151992710772902,0.02001160103827715,-0.29518767003901303,True,True,0,0,True,True,0,0,2,0,0.022332276865827838,0.021793320691855023,,
complex_s02_q0058,md_dqn,Complex,d16_20,0.19083273084834218,0.19207559293136,0.001242862083017826,False,False,0,0,False,False,0,0,600,600,,,md_dqn_not_reached,md_dqn_not_reached
complex_s02_q0058,n3p_k1,Complex,d16_20,0.328239165013656,0.18148233415558934,-0.14675683085806668,True,True,0,0,True,True,0,0,26,25,-0.0021139615505626486,-0.0021139615505626486,,
complex_s02_q0058,vanilla_ha,Complex,d16_20,0.212113618850708,0.21483159065246582,0.0027179718017578125,True,True,0,0,False,False,0,0,120,120,,,,
complex_s02_q0058,voronoi_waypoint,Complex,d16_20,0.6226275621447712,0.6260423429775983,0.0034147808328270912,True,True,0,0,False,False,0,0,13,13,0.0037402465670217655,0.0037402465670217655,,
complex_s02_q0059,bottleneck_waypoint,Complex,d20_inf,1.0513375881128013,1.0574243690352887,0.006086780922487378,True,True,0,0,False,False,0,0,7,7,,,,
complex_s02_q0059,f_n3p_knn,Complex,d20_inf,0.9013185750227422,0.3203171920031309,-0.5810013830196112,True,True,0,0,True,True,0,0,205,201,,,,
complex_s02_q0059,md_dqn,Complex,d20_inf,0.16765304515138268,0.16831981693394482,0.0006667717825621367,False,False,0,0,False,False,0,0,600,600,,,md_dqn_not_reached,md_dqn_not_reached
complex_s02_q0059,n3p_k1,Complex,d20_inf,1.2376019009388983,1.086017293855548,-0.15158460708335042,True,True,0,0,True,True,0,0,979,978,,,,
complex_s02_q0059,vanilla_ha,Complex,d20_inf,2.5011532306671143,2.500157594680786,-0.000995635986328125,False,False,0,0,False,False,0,0,5761,5736,,,timeout,timeout
complex_s02_q0059,voronoi_waypoint,Complex,d20_inf,1.0443717581219971,1.0518702289555222,0.007498470833525062,True,True,0,0,False,False,0,0,7,7,,,,
complex_s03_q0060,bottleneck_waypoint,Complex,d08_12,0.3373302570544183,0.33680429495871067,-0.000525962095707655,True,True,0,0,False,False,0,0,2,2,0.03582331302884589,0.03582331302884589,,
complex_s03_q0060,f_n3p_knn,Complex,d08_12,0.0004754969850182533,0.0004855240695178509,1.002708449959755e-05,True,True,0,0,False,False,0,0,0,0,2.220446049250313e-16,2.220446049250313e-16,,
complex_s03_q0060,md_dqn,Complex,d08_12,0.16767528234049678,0.16740801208652556,-0.00026727025397121906,False,False,0,0,False,False,0,0,600,600,,,md_dqn_not_reached,md_dqn_not_reached
complex_s03_q0060,n3p_k1,Complex,d08_12,0.000452820910140872,0.00045289890840649605,7.799826562404633e-08,True,True,0,0,False,False,0,0,0,0,2.220446049250313e-16,2.220446049250313e-16,,
complex_s03_q0060,vanilla_ha,Complex,d08_12,0.14922738075256348,0.15076971054077148,0.0015423297882080078,True,True,0,0,False,False,0,0,1,1,,,,
complex_s03_q0060,voronoi_waypoint,Complex,d08_12,0.3364968369714916,0.33456547395326197,-0.0019313630182296038,True,True,0,0,False,False,0,0,2,2,0.07536562026128801,0.042519221791283535,,
complex_s03_q0061,bottleneck_waypoint,Complex,d12_16,0.6262838719412684,0.6295747610274702,0.003290889086201787,True,True,0,0,False,False,0,0,4,4,0.13311474996871797,0.13311474996871797,,
complex_s03_q0061,f_n3p_knn,Complex,d12_16,0.27654229709878564,0.2776684300042689,0.0011261329054832458,True,True,0,0,True,True,0,0,201,201,0.013308615630286624,0.013308615630286624,,
complex_s03_q0061,md_dqn,Complex,d12_16,0.2737028314732015,0.2700466434471309,-0.003656188026070595,False,False,0,0,False,False,0,0,504,504,,,md_dqn_not_reached,md_dqn_not_reached
complex_s03_q0061,n3p_k1,Complex,d12_16,0.27558687096461654,0.2768409240525216,0.0012540530879050493,True,True,0,0,True,True,0,0,201,201,0.013308615630286624,0.013308615630286624,,
complex_s03_q0061,vanilla_ha,Complex,d12_16,0.16443467140197754,0.164581298828125,0.00014662742614746094,True,True,0,0,False,False,0,0,25,25,,,,
complex_s03_q0061,voronoi_waypoint,Complex,d12_16,0.4804152899887413,0.48557160794734955,0.00515631795860827,True,True,0,0,False,False,0,0,3,3,0.07540365029287233,0.07692109564422567,,
complex_s03_q0062,bottleneck_waypoint,Complex,d16_20,0.7640183670446277,0.7637708431575447,-0.0002475238870829344,True,True,0,0,False,False,0,0,5,5,,,,
complex_s03_q0062,f_n3p_knn,Complex,d16_20,3.5128978739958256,3.513530525844544,0.000632651848718524,False,False,0,0,True,True,1,1,6330,5993,,,f2_failed:prediction:goal_in_collision;goal:timeout;f3_failed:timeout,f2_failed:prediction:goal_in_collision;goal:timeout;f3_failed:timeout
complex_s03_q0062,md_dqn,Complex,d16_20,0.2296764967031777,0.22702421387657523,-0.002652282826602459,False,False,0,0,False,False,0,0,411,411,,,md_dqn_not_reached,md_dqn_not_reached
complex_s03_q0062,n3p_k1,Complex,d16_20,3.5136883000377566,3.515068276086822,0.00137997604906559,False,False,0,0,True,True,1,1,6385,6098,,,f2_failed:prediction:goal_in_collision;goal:timeout;f3_failed:timeout,f2_failed:prediction:goal_in_collision;goal:timeout;f3_failed:timeout
complex_s03_q0062,vanilla_ha,Complex,d16_20,2.5530221462249756,2.50235915184021,-0.050662994384765625,False,False,0,0,False,False,0,0,4385,4153,,,timeout,timeout
complex_s03_q0062,voronoi_waypoint,Complex,d16_20,0.7624692269600928,0.7643915361259133,0.0019223091658204794,True,True,0,0,False,False,0,0,5,5,,,,
complex_s03_q0063,bottleneck_waypoint,Complex,d20_inf,0.8310133970808238,0.6917051689233631,-0.1393082281574607,True,True,0,0,False,False,0,0,65,64,0.1367540855113294,0.03853547842800609,,
complex_s03_q0063,f_n3p_knn,Complex,d20_inf,0.46724353008903563,0.029463405953720212,-0.4377801241353154,True,True,0,0,True,True,0,0,3,0,0.008890054743413645,0.007497791785850527,,
complex_s03_q0063,md_dqn,Complex,d20_inf,0.17025255342014134,0.16648601624183357,-0.0037665371783077717,False,False,0,0,False,False,0,0,600,600,,,md_dqn_not_reached,md_dqn_not_reached
complex_s03_q0063,n3p_k1,Complex,d20_inf,1.7631133901886642,1.6205604879651219,-0.14255290222354233,True,True,0,0,True,True,0,0,1233,1229,-0.006503044568429539,-0.006551487880150031,,
complex_s03_q0063,vanilla_ha,Complex,d20_inf,1.9273338317871094,1.9303016662597656,0.00296783447265625,True,True,0,0,False,False,0,0,3553,3553,,,,
complex_s03_q0063,voronoi_waypoint,Complex,d20_inf,0.7632282860577106,0.7675412360113114,0.004312949953600764,True,True,0,0,False,False,0,0,5,5,0.18515653773999174,0.18677114957365726,,
complex_s03_q0064,bottleneck_waypoint,Complex,d08_12,0.3313705420587212,0.3328877731692046,0.001517231110483408,True,True,0,0,False,False,0,0,2,2,0.024747303933908782,0.024747303933908782,,
complex_s03_q0064,f_n3p_knn,Complex,d08_12,0.00042635598219931126,0.00043083704076707363,4.481058567762375e-06,True,True,0,0,False,False,0,0,0,0,0.0,0.0,,
complex_s03_q0064,md_dqn,Complex,d08_12,0.16867137583903968,0.16931785619817674,0.0006464803591370583,False,False,0,0,False,False,0,0,600,600,,,md_dqn_not_reached,md_dqn_not_reached
complex_s03_q0064,n3p_k1,Complex,d08_12,0.00039943004958331585,0.00040327897295355797,3.848923370242119e-06,True,True,0,0,False,False,0,0,0,0,0.0,0.0,,
complex_s03_q0064,vanilla_ha,Complex,d08_12,0.14476370811462402,0.14462566375732422,-0.0001380443572998047,True,True,0,0,False,False,0,0,1,1,,,,
complex_s03_q0064,voronoi_waypoint,Complex,d08_12,0.3285136609338224,0.3343905520159751,0.005876891082152724,True,True,0,0,False,False,0,0,2,2,0.06923046808578737,0.06137214643928446,,
complex_s03_q0065,bottleneck_waypoint,Complex,d12_16,0.6282419650815427,0.6302787689492106,0.0020368038676679134,True,True,0,0,False,False,0,0,4,4,0.12243147266749821,0.14508795202457692,,
complex_s03_q0065,f_n3p_knn,Complex,d12_16,0.6126348990947008,0.31917940895073116,-0.29345549014396966,True,True,0,0,True,True,0,0,165,163,0.11313798252194207,0.10990582193035703,,
complex_s03_q0065,md_dqn,Complex,d12_16,0.16980996844358742,0.16695050499401987,-0.0028594634495675564,False,False,0,0,False,False,0,0,600,600,,,md_dqn_not_reached,md_dqn_not_reached
complex_s03_q0065,n3p_k1,Complex,d12_16,0.6037680839654058,0.6010892631020397,-0.002678820863366127,True,True,0,0,True,True,0,0,589,589,0.0,0.0,,
complex_s03_q0065,vanilla_ha,Complex,d12_16,0.5860261917114258,0.5884888172149658,0.002462625503540039,True,True,0,0,False,False,0,0,589,589,,,,
complex_s03_q0065,voronoi_waypoint,Complex,d12_16,0.8049965780228376,0.8074101828970015,0.002413604874163866,True,True,0,0,False,False,0,0,391,391,0.1339807991097255,0.1339807991097255,,
complex_s03_q0066,bottleneck_waypoint,Complex,d16_20,0.48244061903096735,0.4798522340133786,-0.0025883850175887346,True,True,0,0,False,False,0,0,9,9,0.10953838346941569,0.10750336641028757,,
complex_s03_q0066,f_n3p_knn,Complex,d16_20,0.4669267248827964,0.18163938005454838,-0.285287344828248,True,True,0,0,True,True,0,0,19,17,0.0829302435415813,0.08128031426744498,,
complex_s03_q0066,md_dqn,Complex,d16_20,0.0014439921360462904,0.001447560964152217,3.5688281059265137e-06,False,False,0,0,False,False,0,0,1,1,,,md_dqn_not_reached,md_dqn_not_reached
complex_s03_q0066,n3p_k1,Complex,d16_20,0.5019205731805414,0.21456338511779904,-0.28735718806274235,True,True,0,0,True,True,0,0,43,41,0.23502376868289754,0.23263527699063502,,
complex_s03_q0066,vanilla_ha,Complex,d16_20,0.37831568717956543,0.3792722225189209,0.0009565353393554688,True,True,0,0,False,False,0,0,461,461,,,,
complex_s03_q0066,voronoi_waypoint,Complex,d16_20,0.6187345290090889,0.6799886040389538,0.06125407502986491,True,True,0,0,False,False,0,0,8,82,0.14464441685399154,0.15845016249549837,,
complex_s03_q0067,bottleneck_waypoint,Complex,d20_inf,1.053587146103382,1.061373817967251,0.007786671863868833,True,True,0,0,False,False,0,0,7,7,0.04289046664448137,0.034576033863317646,,
complex_s03_q0067,f_n3p_knn,Complex,d20_inf,0.5444114389829338,0.39842509501613677,-0.145986343966797,True,True,0,0,True,True,0,0,356,355,-7.668598925536507e-05,-0.00026029673772820505,,
complex_s03_q0067,md_dqn,Complex,d20_inf,0.26768971630372107,0.2645814723800868,-0.0031082439236342907,False,False,0,0,False,False,0,0,512,512,,,md_dqn_not_reached,md_dqn_not_reached
complex_s03_q0067,n3p_k1,Complex,d20_inf,0.7742898960132152,0.7739394211675972,-0.00035047484561800957,True,True,0,0,True,True,0,0,913,913,0.0,0.0,,
complex_s03_q0067,vanilla_ha,Complex,d20_inf,0.7608754634857178,0.7617733478546143,0.0008978843688964844,True,True,0,0,False,False,0,0,913,913,,,,
complex_s03_q0067,voronoi_waypoint,Complex,d20_inf,1.0804282140452415,0.905327158048749,-0.1751010559964925,True,True,0,0,False,False,0,0,391,198,0.09519528735181493,0.054039449901084335,,
complex_s03_q0068,bottleneck_waypoint,Complex,d08_12,0.3432899098843336,0.34500475600361824,0.0017148461192846298,True,True,0,0,False,False,0,0,14,14,0.011541903084371752,0.011541903084371752,,
complex_s03_q0068,f_n3p_knn,Complex,d08_12,0.16672314517199993,0.16639013402163982,-0.0003330111503601074,True,True,0,0,True,True,0,0,17,17,0.02617521813335255,0.02617521813335255,,
complex_s03_q0068,md_dqn,Complex,d08_12,0.12636838969774544,0.12549471925012767,-0.0008736704476177692,False,False,0,0,False,False,0,0,42,42,,,md_dqn_not_reached,md_dqn_not_reached
complex_s03_q0068,n3p_k1,Complex,d08_12,0.16346526495181024,0.16440573008731008,0.000940465135499835,True,True,0,0,True,True,0,0,17,17,0.02617521813335255,0.02617521813335255,,
complex_s03_q0068,vanilla_ha,Complex,d08_12,0.153517484664917,0.1554877758026123,0.0019702911376953125,True,True,0,0,False,False,0,0,15,15,,,,
complex_s03_q0068,voronoi_waypoint,Complex,d08_12,0.4820947030093521,0.4843481529969722,0.0022534499876201153,True,True,0,0,False,False,0,0,15,15,0.053195503241847186,0.06766645076354383,,
complex_s03_q0069,bottleneck_waypoint,Complex,d12_16,0.6222511769738048,0.6243772280868143,0.002126051113009453,True,True,0,0,False,False,0,0,4,4,0.07821410790351013,0.07821410790351013,,
complex_s03_q0069,f_n3p_knn,Complex,d12_16,0.46411914890632033,0.025601645931601524,-0.4385175029747188,True,True,0,0,True,True,0,0,3,0,0.03560263470250713,0.03148257983900926,,
complex_s03_q0069,md_dqn,Complex,d12_16,0.16113523882813752,0.15991399879567325,-0.0012212400324642658,False,False,0,0,False,False,0,0,318,318,,,md_dqn_not_reached,md_dqn_not_reached
complex_s03_q0069,n3p_k1,Complex,d12_16,0.4624689049087465,0.17273995489813387,-0.2897289500106126,True,True,0,0,True,True,0,0,8,6,0.06739853434997434,0.06649331425583394,,
complex_s03_q0069,vanilla_ha,Complex,d12_16,0.21509385108947754,0.21650409698486328,0.0014102458953857422,True,True,0,0,False,False,0,0,113,113,,,,
complex_s03_q0069,voronoi_waypoint,Complex,d12_16,0.4784080379176885,0.47933160210959613,0.0009235641919076443,True,True,0,0,False,False,0,0,3,3,0.1094032453021907,0.09442857799645665,,
complex_s03_q0070,bottleneck_waypoint,Complex,d16_20,0.6201863198075444,0.6170511450618505,-0.003135174745693803,True,True,0,0,False,False,0,0,4,4,0.04190605044187201,0.04190605044187201,,
complex_s03_q0070,f_n3p_knn,Complex,d16_20,0.4407243370078504,0.2991649699397385,-0.1415593670681119,True,True,0,0,True,True,0,0,176,175,-0.03296560529372716,-0.03297731390375169,,
complex_s03_q0070,md_dqn,Complex,d16_20,0.17385741299949586,0.1725882904138416,-0.0012691225856542587,False,False,0,0,False,False,0,0,600,600,,,md_dqn_not_reached,md_dqn_not_reached
complex_s03_q0070,n3p_k1,Complex,d16_20,0.44173465413041413,0.2982871439307928,-0.14344751019962132,True,True,0,0,True,True,0,0,176,175,-0.03296560529372716,-0.03297731390375169,,
complex_s03_q0070,vanilla_ha,Complex,d16_20,0.4849052429199219,0.4844791889190674,-0.0004260540008544922,True,True,0,0,False,False,0,0,666,666,,,,
complex_s03_q0070,voronoi_waypoint,Complex,d16_20,0.6128366901539266,0.6149990591220558,0.002162368968129158,True,True,0,0,False,False,0,0,4,4,0.05109647244644666,0.04886781529040163,,
complex_s03_q0071,bottleneck_waypoint,Complex,d20_inf,0.7703129588626325,0.7654385920614004,-0.0048743668012320995,True,True,0,0,False,False,0,0,5,5,,,,
complex_s03_q0071,f_n3p_knn,Complex,d20_inf,0.6207511199172586,0.1833829761017114,-0.43736814381554723,True,True,0,0,True,True,0,0,9,6,,,,
complex_s03_q0071,md_dqn,Complex,d20_inf,0.1703109557274729,0.1682095192372799,-0.0021014364901930094,False,False,0,0,False,False,0,0,600,600,,,md_dqn_not_reached,md_dqn_not_reached
complex_s03_q0071,n3p_k1,Complex,d20_inf,3.5135194200556725,3.5123785650357604,-0.0011408550199121237,False,False,0,0,True,True,1,1,5261,5254,,,f2_failed:prediction:goal_in_collision;goal:timeout;f3_failed:timeout,f2_failed:prediction:goal_in_collision;goal:timeout;f3_failed:timeout
complex_s03_q0071,vanilla_ha,Complex,d20_inf,2.500065326690674,2.5012991428375244,0.001233816146850586,False,False,0,0,False,False,0,0,3580,3553,,,timeout,timeout
complex_s03_q0071,voronoi_waypoint,Complex,d20_inf,1.1198538970202208,1.1249498000834137,0.005095903063192964,True,True,0,0,False,False,0,0,294,306,,,,
complex_s03_q0072,bottleneck_waypoint,Complex,d08_12,0.4734500120393932,0.4739207271486521,0.00047071510925889015,True,True,0,0,False,False,0,0,3,3,0.14406252287958643,0.14480612797996306,,
complex_s03_q0072,f_n3p_knn,Complex,d08_12,0.15752635803073645,0.011178788961842656,-0.1463475690688938,True,True,0,0,False,False,0,0,1,0,0.08818943278874314,0.08666700538313554,,
complex_s03_q0072,md_dqn,Complex,d08_12,0.17006807192228734,0.16742306901142,-0.0026450029108673334,False,False,0,0,False,False,0,0,600,600,,,md_dqn_not_reached,md_dqn_not_reached
complex_s03_q0072,n3p_k1,Complex,d08_12,0.15572138992138207,0.010062451008707285,-0.14565893891267478,True,True,0,0,False,False,0,0,1,0,0.08818943278874314,0.08666700538313554,,
complex_s03_q0072,vanilla_ha,Complex,d08_12,0.1743183135986328,0.1746349334716797,0.000316619873046875,True,True,0,0,False,False,0,0,37,37,,,,
complex_s03_q0072,voronoi_waypoint,Complex,d08_12,0.3294692630879581,0.33491364982910454,0.005444386741146445,True,True,0,0,False,False,0,0,2,6,0.17079822936222455,-0.011741259774926127,,
complex_s03_q0073,bottleneck_waypoint,Complex,d12_16,0.5233662840910256,0.5251732501201332,0.0018069660291075706,True,True,0,0,False,False,0,0,222,222,0.029697524509979534,0.029697524509979534,,
complex_s03_q0073,f_n3p_knn,Complex,d12_16,0.39274742384441197,0.39342694683000445,0.0006795229855924845,True,True,0,0,True,True,0,0,393,393,0.0,0.0,,
complex_s03_q0073,md_dqn,Complex,d12_16,0.17058511753566563,0.16761357034556568,-0.0029715471900999546,False,False,0,0,False,False,0,0,600,600,,,md_dqn_not_reached,md_dqn_not_reached
complex_s03_q0073,n3p_k1,Complex,d12_16,0.39309995993971825,0.39326756494119763,0.00016760500147938728,True,True,0,0,True,True,0,0,393,393,0.0,0.0,,
complex_s03_q0073,vanilla_ha,Complex,d12_16,0.3826737403869629,0.38643622398376465,0.003762483596801758,True,True,0,0,False,False,0,0,393,393,,,,
complex_s03_q0073,voronoi_waypoint,Complex,d12_16,0.5125722030643374,0.5093717898707837,-0.003200413193553686,True,True,0,0,False,False,0,0,33,33,-0.008035165492590535,-0.008035165492590535,,
complex_s03_q0074,bottleneck_waypoint,Complex,d16_20,0.7766249659471214,0.7707733199931681,-0.005851645953953266,True,True,0,0,False,False,0,0,5,5,-0.002385977723040389,-0.013503703049422833,,
complex_s03_q0074,f_n3p_knn,Complex,d16_20,0.3561707017943263,0.19045021897181869,-0.16572048282250762,True,True,0,0,True,True,0,0,47,46,-0.01704786797131641,-0.01764722824629328,,
complex_s03_q0074,md_dqn,Complex,d16_20,0.29154096567071974,0.28673086455091834,-0.004810101119801402,False,False,0,0,False,False,0,0,586,586,,,md_dqn_not_reached,md_dqn_not_reached
complex_s03_q0074,n3p_k1,Complex,d16_20,0.35729911900125444,0.33476245892234147,-0.022536660078912973,True,True,0,0,True,True,0,0,55,55,-0.004076212318678274,-0.004076212318678274,,
complex_s03_q0074,vanilla_ha,Complex,d16_20,1.5613253116607666,1.4800050258636475,-0.08132028579711914,True,True,0,0,False,False,0,0,2181,2181,,,,
complex_s03_q0074,voronoi_waypoint,Complex,d16_20,0.6692360760644078,0.6239703369792551,-0.045265739085152745,True,True,0,0,False,False,0,0,4,4,0.06663598334094822,0.06099321360338905,,
complex_s03_q0075,bottleneck_waypoint,Complex,d20_inf,0.7652934398502111,0.7668892510700971,0.0015958112198859453,True,True,0,0,False,False,0,0,5,5,0.06620736403391758,0.0699846228883012,,
complex_s03_q0075,f_n3p_knn,Complex,d20_inf,0.525892480975017,0.383594520855695,-0.14229796011932194,True,True,0,0,True,True,0,0,87,86,-0.0008935061691855983,-0.0008935061691855983,,
complex_s03_q0075,md_dqn,Complex,d20_inf,0.17047076672315598,0.16790089732967317,-0.0025698693934828043,False,False,0,0,False,False,0,0,600,600,,,md_dqn_not_reached,md_dqn_not_reached
complex_s03_q0075,n3p_k1,Complex,d20_inf,0.5317547209560871,0.38416206697002053,-0.14759265398606658,True,True,0,0,True,True,0,0,87,86,-0.0008935061691855983,-0.0008935061691855983,,
complex_s03_q0075,vanilla_ha,Complex,d20_inf,0.5769379138946533,0.5823872089385986,0.0054492950439453125,True,True,0,0,False,False,0,0,619,619,,,,
complex_s03_q0075,voronoi_waypoint,Complex,d20_inf,0.7695146182086319,0.7667668520007282,-0.0027477662079036236,True,True,0,0,False,False,0,0,8,8,0.09165630829696814,0.08866410177888118,,
complex_s03_q0076,bottleneck_waypoint,Complex,d08_12,0.36297652986831963,0.3645763599779457,0.0015998301096260548,True,True,0,0,False,False,0,0,44,44,0.13229609208116133,0.13229609208116133,,
complex_s03_q0076,f_n3p_knn,Complex,d08_12,0.4521759988274425,0.02186396811157465,-0.4303120307158679,True,True,0,0,False,False,0,0,3,0,0.10278157585929648,0.09992349181519167,,
complex_s03_q0076,md_dqn,Complex,d08_12,0.23289001593366265,0.22896308917552233,-0.0039269267581403255,False,False,0,0,False,False,0,0,239,239,,,md_dqn_not_reached,md_dqn_not_reached
complex_s03_q0076,n3p_k1,Complex,d08_12,0.45033095008693635,0.01910232100635767,-0.4312286290805787,True,True,0,0,False,False,0,0,3,0,0.10278157585929648,0.09992349181519167,,
complex_s03_q0076,vanilla_ha,Complex,d08_12,0.6515247821807861,0.6498894691467285,-0.0016353130340576172,True,True,0,0,False,False,0,0,559,559,,,,
complex_s03_q0076,voronoi_waypoint,Complex,d08_12,0.34066618303768337,0.33983872388489544,-0.0008274591527879238,True,True,0,0,False,False,0,0,12,12,-0.02292179157581009,-0.02292179157581009,,
complex_s03_q0077,bottleneck_waypoint,Complex,d12_16,0.33997301617637277,0.34003368904814124,6.067287176847458e-05,True,True,0,0,False,False,0,0,14,14,0.05543198993213916,0.05543198993213916,,
complex_s03_q0077,f_n3p_knn,Complex,d12_16,0.5229369010776281,0.2344254448544234,-0.28851145622320473,True,True,0,0,True,True,0,0,67,65,0.23452602559736646,0.22773772874180453,,
complex_s03_q0077,md_dqn,Complex,d12_16,0.21379014453850687,0.21528294798918068,0.0014928034506738186,False,False,0,0,False,False,0,0,242,242,,,md_dqn_not_reached,md_dqn_not_reached
complex_s03_q0077,n3p_k1,Complex,d12_16,0.3465663951355964,0.34789676289074123,0.0013303677551448345,True,True,0,0,True,True,0,0,54,54,0.05858870304575192,0.05858870304575192,,
complex_s03_q0077,vanilla_ha,Complex,d12_16,0.47496914863586426,0.47440433502197266,-0.0005648136138916016,True,True,0,0,False,False,0,0,571,571,,,,
complex_s03_q0077,voronoi_waypoint,Complex,d12_16,0.47102568089030683,0.47028739913366735,-0.0007382817566394806,True,True,0,0,False,False,0,0,3,3,0.09534246629813081,0.0911403822992034,,
complex_s03_q0078,bottleneck_waypoint,Complex,d16_20,0.6223186359275132,0.6179465220775455,-0.004372113849967718,True,True,0,0,False,False,0,0,4,4,0.024015841564247742,0.024015841564247742,,
complex_s03_q0078,f_n3p_knn,Complex,d16_20,0.5083317479584366,0.5080149930436164,-0.00031675491482019424,True,True,0,0,True,True,0,0,230,230,0.004350469773403809,0.004350469773403809,,
complex_s03_q0078,md_dqn,Complex,d16_20,0.377763943746686,0.37683184118941426,-0.000932102557271719,False,False,0,0,False,False,0,0,470,470,,,md_dqn_not_reached,md_dqn_not_reached
complex_s03_q0078,n3p_k1,Complex,d16_20,0.5079139999579638,0.511320275021717,0.003406275063753128,True,True,0,0,True,True,0,0,230,230,0.004350469773403809,0.004350469773403809,,
complex_s03_q0078,vanilla_ha,Complex,d16_20,1.4414138793945312,1.451089859008789,0.009675979614257812,True,True,0,0,False,False,0,0,2467,2467,,,,
complex_s03_q0078,voronoi_waypoint,Complex,d16_20,0.6167298811487854,0.6137238258961588,-0.0030060552526265383,True,True,0,0,False,False,0,0,4,4,0.09035916290601875,0.09501659804206253,,
complex_s03_q0079,bottleneck_waypoint,Complex,d20_inf,0.9111215700395405,0.910278877010569,-0.0008426930289715528,True,True,0,0,False,False,0,0,6,6,0.03232598231927897,0.005889583513328134,,
complex_s03_q0079,f_n3p_knn,Complex,d20_inf,0.4695356930606067,0.026933267014101148,-0.44260242604650557,True,True,0,0,True,True,0,0,3,0,0.009317637439731241,0.00917245057408178,,
complex_s03_q0079,md_dqn,Complex,d20_inf,0.3991216095164418,0.16883370792493224,-0.23028790159150958,False,False,0,0,False,False,0,0,600,600,,,md_dqn_not_reached,md_dqn_not_reached
complex_s03_q0079,n3p_k1,Complex,d20_inf,1.7578565520234406,1.6092857199255377,-0.1485708320979029,True,True,0,0,True,True,1,1,2163,2162,0.0,0.0,,
complex_s03_q0079,vanilla_ha,Complex,d20_inf,0.729567289352417,0.7322981357574463,0.002730846405029297,True,True,0,0,False,False,0,0,891,891,,,,
complex_s03_q0079,voronoi_waypoint,Complex,d20_inf,0.9029775550588965,0.9037159339059144,0.0007383788470178843,True,True,0,0,False,False,0,0,6,6,0.04132897000165592,0.03912112577661109,,
complex_s04_q0080,bottleneck_waypoint,Complex,d08_12,0.36912147095426917,0.3432918190956116,-0.0258296518586576,True,True,0,0,False,False,0,0,17,17,0.2070203532535846,0.2070203532535846,,
complex_s04_q0080,f_n3p_knn,Complex,d08_12,0.16448947601020336,0.007424541050568223,-0.15706493495963514,True,True,0,0,True,True,0,0,1,0,0.043325792621281556,-0.007875968697246605,,
complex_s04_q0080,md_dqn,Complex,d08_12,0.0019792739767581224,0.0014371799770742655,-0.000542093999683857,False,False,0,0,False,False,0,0,1,1,,,md_dqn_not_reached,md_dqn_not_reached
complex_s04_q0080,n3p_k1,Complex,d08_12,0.16722985007800162,0.15694161993451416,-0.010288230143487453,True,True,0,0,True,True,0,0,7,7,0.0975558730363646,0.0975558730363646,,
complex_s04_q0080,vanilla_ha,Complex,d08_12,0.21541643142700195,0.2013399600982666,-0.014076471328735352,True,True,0,0,False,False,0,0,92,92,,,,
complex_s04_q0080,voronoi_waypoint,Complex,d08_12,0.36380322999320924,0.4806658341549337,0.11686260416172445,True,True,0,0,False,False,0,0,10,11,0.2877851005047303,0.3281255331528645,,
complex_s04_q0081,bottleneck_waypoint,Complex,d12_16,0.6557479768525809,0.6108410288579762,-0.04490694799460471,True,True,0,0,False,False,0,0,4,4,0.002370270522660256,0.002370270522660256,,
complex_s04_q0081,f_n3p_knn,Complex,d12_16,0.16545883589424193,0.010458227945491672,-0.15500060794875026,True,True,0,0,False,False,0,0,1,0,-0.02969936016800856,-0.029861001644798435,,
complex_s04_q0081,md_dqn,Complex,d12_16,0.40554129146039486,0.16816101595759392,-0.23738027550280094,False,False,0,0,False,False,0,0,600,600,,,md_dqn_not_reached,md_dqn_not_reached
complex_s04_q0081,n3p_k1,Complex,d12_16,0.1644098749384284,0.009465036913752556,-0.15494483802467585,True,True,0,0,False,False,0,0,1,0,-0.02969936016800856,-0.029861001644798435,,
complex_s04_q0081,vanilla_ha,Complex,d12_16,0.17231512069702148,0.1579575538635254,-0.014357566833496094,True,True,0,0,False,False,0,0,25,25,,,,
complex_s04_q0081,voronoi_waypoint,Complex,d12_16,0.5022152720484883,0.47089819400571287,-0.03131707804277539,True,True,0,0,False,False,0,0,3,3,0.02799752587530424,0.014559817838802669,,
complex_s04_q0082,bottleneck_waypoint,Complex,d16_20,0.8175286590121686,0.7659440538845956,-0.05158460512757301,True,True,0,0,False,False,0,0,5,5,0.04784288897546718,0.047815883694115824,,
complex_s04_q0082,f_n3p_knn,Complex,d16_20,0.22692723106592894,0.21287526818923652,-0.014051962876692414,True,True,0,0,True,True,0,0,99,99,0.0,0.0,,
complex_s04_q0082,md_dqn,Complex,d16_20,0.3603661742527038,0.35270829987712204,-0.007657874375581741,False,False,0,0,False,False,0,0,555,555,,,md_dqn_not_reached,md_dqn_not_reached
complex_s04_q0082,n3p_k1,Complex,d16_20,0.22803463600575924,0.21476779016666114,-0.013266845839098096,True,True,0,0,True,True,0,0,99,99,0.0,0.0,,
complex_s04_q0082,vanilla_ha,Complex,d16_20,0.20900535583496094,0.20424723625183105,-0.004758119583129883,True,True,0,0,False,False,0,0,99,99,,,,
complex_s04_q0082,voronoi_waypoint,Complex,d16_20,0.9574826289899647,0.8673556810244918,-0.09012694796547294,True,True,0,0,False,False,0,0,330,296,0.04114051840361621,0.025722291878935488,,
complex_s04_q0083,bottleneck_waypoint,Complex,d20_inf,0.8182864978443831,0.7674371700268239,-0.05084932781755924,True,True,0,0,False,False,0,0,5,5,,,,
complex_s04_q0083,f_n3p_knn,Complex,d20_inf,1.8437094211112708,1.5889695601072162,-0.25473986100405455,True,True,0,0,True,True,0,0,1221,1270,,,,
complex_s04_q0083,md_dqn,Complex,d20_inf,0.17168827122077346,0.16940923361107707,-0.0022790376096963882,False,False,0,0,False,False,0,0,600,600,,,md_dqn_not_reached,md_dqn_not_reached
complex_s04_q0083,n3p_k1,Complex,d20_inf,0.7497340159025043,0.4139918969012797,-0.33574211900122464,True,True,0,0,True,True,0,0,291,289,,,,
complex_s04_q0083,vanilla_ha,Complex,d20_inf,2.504146099090576,2.504572629928589,0.0004265308380126953,False,False,0,0,False,False,0,0,2897,3153,,,timeout,timeout
complex_s04_q0083,voronoi_waypoint,Complex,d20_inf,0.8197257700376213,0.7698618529830128,-0.049863917054608464,True,True,0,0,False,False,0,0,5,5,,,,
complex_s04_q0084,bottleneck_waypoint,Complex,d08_12,0.3593050909694284,0.3339909198693931,-0.02531417110003531,True,True,0,0,False,False,0,0,2,2,0.0007491177942742233,0.0007491177942742233,,
complex_s04_q0084,f_n3p_knn,Complex,d08_12,0.00039760302752256393,0.00040124403312802315,3.6410056054592133e-06,True,True,0,0,False,False,0,0,0,0,2.220446049250313e-16,2.220446049250313e-16,,
complex_s04_q0084,md_dqn,Complex,d08_12,0.3623355596791953,0.16783044347539544,-0.19450511620379984,False,False,0,0,False,False,0,0,600,600,,,md_dqn_not_reached,md_dqn_not_reached
complex_s04_q0084,n3p_k1,Complex,d08_12,0.000403229845687747,0.0003834799863398075,-1.974985934793949e-05,True,True,0,0,False,False,0,0,0,0,2.220446049250313e-16,2.220446049250313e-16,,
complex_s04_q0084,vanilla_ha,Complex,d08_12,0.15641188621520996,0.14861035346984863,-0.007801532745361328,True,True,0,0,False,False,0,0,1,1,,,,
complex_s04_q0084,voronoi_waypoint,Complex,d08_12,0.35671430197544396,0.33371021691709757,-0.02300408505834639,True,True,0,0,False,False,0,0,2,2,0.005445812033524788,0.005445812033524788,,
complex_s04_q0085,bottleneck_waypoint,Complex,d12_16,0.4839172789361328,0.486029852880165,0.0021125739440321922,True,True,0,0,False,False,0,0,3,3,0.01589597122402897,0.02046768837037738,,
complex_s04_q0085,f_n3p_knn,Complex,d12_16,0.4030268769711256,0.25779291498474777,-0.14523396198637784,True,True,0,0,True,True,0,0,94,93,-0.00494543505380729,-0.004945435053807401,,
complex_s04_q0085,md_dqn,Complex,d12_16,0.17145809368230402,0.16792805213481188,-0.0035300415474921465,False,False,0,0,False,False,0,0,600,600,,,md_dqn_not_reached,md_dqn_not_reached
complex_s04_q0085,n3p_k1,Complex,d12_16,0.4011980430223048,0.2546789748594165,-0.1465190681628883,True,True,0,0,True,True,0,0,94,93,-0.00494543505380729,-0.004945435053807401,,
complex_s04_q0085,vanilla_ha,Complex,d12_16,0.258575439453125,0.25808286666870117,-0.0004925727844238281,True,True,0,0,False,False,0,0,185,185,,,,
complex_s04_q0085,voronoi_waypoint,Complex,d12_16,1.6646750618238002,1.6656129099428654,0.0009378481190651655,True,True,0,0,False,False,0,0,1356,1350,0.03311797498875091,0.03311797498875091,,
complex_s04_q0086,bottleneck_waypoint,Complex,d16_20,0.6205872939899564,0.6629351950250566,0.04234790103510022,True,True,0,0,False,False,0,0,4,4,,,,
complex_s04_q0086,f_n3p_knn,Complex,d16_20,3.6715889000333846,3.523034767014906,-0.14855413301847875,False,False,0,0,True,True,1,1,3925,3684,,,f2_failed:prediction:goal_in_collision;goal:timeout;f3_failed:timeout,f2_failed:prediction:goal_in_collision;goal:timeout;f3_failed:timeout
complex_s04_q0086,md_dqn,Complex,d16_20,0.17060270276851952,0.1693705355282873,-0.0012321672402322292,False,False,0,0,False,False,0,0,600,600,,,md_dqn_not_reached,md_dqn_not_reached
complex_s04_q0086,n3p_k1,Complex,d16_20,3.668291273061186,3.521097230957821,-0.14719404210336506,False,False,0,0,True,True,1,1,3915,3676,,,f2_failed:prediction:goal_in_collision;goal:timeout;f3_failed:timeout,f2_failed:prediction:goal_in_collision;goal:timeout;f3_failed:timeout
complex_s04_q0086,vanilla_ha,Complex,d16_20,2.5002591609954834,2.500124216079712,-0.00013494491577148438,False,False,0,0,False,False,0,0,2785,2730,,,timeout,timeout
complex_s04_q0086,voronoi_waypoint,Complex,d16_20,0.6230230450164527,0.6696299419272691,0.04660689691081643,True,True,0,0,False,False,0,0,8,12,,,,
complex_s04_q0087,bottleneck_waypoint,Complex,d20_inf,0.7731829830445349,0.819754398195073,0.04657141515053809,True,True,0,0,False,False,0,0,10,10,,,,
complex_s04_q0087,f_n3p_knn,Complex,d20_inf,0.8341249949298799,0.4241879459004849,-0.409937049029395,True,True,0,0,True,True,0,0,69,66,,,,
complex_s04_q0087,md_dqn,Complex,d20_inf,0.0015978210140019655,0.0014621021691709757,-0.00013571884483098984,False,False,0,0,False,False,0,0,1,1,,,md_dqn_not_reached,md_dqn_not_reached
complex_s04_q0087,n3p_k1,Complex,d20_inf,0.8222195280250162,0.41662677098065615,-0.40559275704436004,True,True,0,0,True,True,0,0,69,66,,,,
complex_s04_q0087,vanilla_ha,Complex,d20_inf,2.5003116130828857,2.5001235008239746,-0.0001881122589111328,False,False,0,0,False,False,0,0,4208,3936,,,timeout,timeout
complex_s04_q0087,voronoi_waypoint,Complex,d20_inf,0.7687921861652285,0.8215593660715967,0.052767179906368256,True,True,0,0,False,False,0,0,9,9,,,,
complex_s04_q0088,bottleneck_waypoint,Complex,d08_12,0.4771910379640758,0.5075237380806357,0.030332700116559863,True,True,0,0,False,False,0,0,3,3,0.07816645306597136,0.07457572607044005,,
complex_s04_q0088,f_n3p_knn,Complex,d08_12,0.00048786704428493977,0.0004783028271049261,-9.564217180013657e-06,True,True,0,0,False,False,0,0,0,0,0.0,0.0,,
complex_s04_q0088,md_dqn,Complex,d08_12,0.2126430117059499,0.21089629316702485,-0.0017467185389250517,False,False,0,0,False,False,0,0,437,437,,,md_dqn_not_reached,md_dqn_not_reached
complex_s04_q0088,n3p_k1,Complex,d08_12,0.0004513449966907501,0.0004734210669994354,2.2076070308685303e-05,True,True,0,0,False,False,0,0,0,0,0.0,0.0,,
complex_s04_q0088,vanilla_ha,Complex,d08_12,0.14804577827453613,0.15873122215270996,0.010685443878173828,True,True,0,0,False,False,0,0,1,1,,,,
complex_s04_q0088,voronoi_waypoint,Complex,d08_12,0.3324805030133575,0.35344106680713594,0.02096056379377842,True,True,0,0,False,False,0,0,2,2,0.07221355469442736,0.07334558548782288,,
complex_s04_q0089,bottleneck_waypoint,Complex,d12_16,0.5199125979561359,0.5182136090006679,-0.0016989889554679394,True,True,0,0,False,False,0,0,3,3,0.032140192760251596,0.032140192760251596,,
complex_s04_q0089,f_n3p_knn,Complex,d12_16,0.41237513814121485,0.2611078699119389,-0.15126726822927594,True,True,0,0,True,True,0,0,104,103,0.049563242135815866,0.028587041289121373,,
complex_s04_q0089,md_dqn,Complex,d12_16,0.39297823514789343,0.1688726842403412,-0.22410555090755224,False,False,0,0,False,False,0,0,600,600,,,md_dqn_not_reached,md_dqn_not_reached
complex_s04_q0089,n3p_k1,Complex,d12_16,0.5584841538220644,0.5582217921037227,-0.0002623617183417082,True,True,0,0,True,True,0,0,224,224,0.04668608086527226,0.04668608086527226,,
complex_s04_q0089,vanilla_ha,Complex,d12_16,0.36359453201293945,0.3759491443634033,0.012354612350463867,True,True,0,0,False,False,0,0,341,341,,,,
complex_s04_q0089,voronoi_waypoint,Complex,d12_16,0.5166945001110435,0.5371738020330667,0.020479301922023296,True,True,0,0,False,False,0,0,3,23,0.026481865370214797,0.07236057948252017,,
complex_s04_q0090,bottleneck_waypoint,Complex,d16_20,0.6241152789443731,0.6710213799960911,0.046906101051718,True,True,0,0,False,False,0,0,4,4,,,,
complex_s04_q0090,f_n3p_knn,Complex,d16_20,0.3357913140207529,0.020397430984303355,-0.31539388303644955,True,True,0,0,True,True,0,0,2,0,,,,
complex_s04_q0090,md_dqn,Complex,d16_20,0.532253006240353,0.23451384622603655,-0.29773916001431644,False,False,0,0,False,False,0,0,406,406,,,md_dqn_not_reached,md_dqn_not_reached
complex_s04_q0090,n3p_k1,Complex,d16_20,4.248809644952416,4.253102167043835,0.004292522091418505,False,False,0,0,True,True,1,1,4708,4751,,,f2_failed:prediction:goal_in_collision;goal:timeout;f3_failed:timeout,f2_failed:prediction:goal_in_collision;goal:timeout;f3_failed:timeout
complex_s04_q0090,vanilla_ha,Complex,d16_20,2.5002329349517822,2.5011682510375977,0.0009353160858154297,False,False,0,0,False,False,0,0,2944,2933,,,timeout,timeout
complex_s04_q0090,voronoi_waypoint,Complex,d16_20,0.640185410855338,0.67210853099823,0.031923120142892,True,True,0,0,False,False,0,0,4,4,,,,
complex_s04_q0091,bottleneck_waypoint,Complex,d20_inf,0.9130610029678792,0.9855349140707403,0.07247391110286117,True,True,0,0,False,False,0,0,6,6,0.022780565779580098,0.022780565779579875,,
complex_s04_q0091,f_n3p_knn,Complex,d20_inf,0.6107961900997907,0.03005192894488573,-0.580744261154905,True,True,0,0,True,True,0,0,4,0,0.008661199734240288,0.005692732852600191,,
complex_s04_q0091,md_dqn,Complex,d20_inf,0.4273526365868747,0.18867825507186353,-0.2386743815150112,False,False,0,0,False,False,0,0,415,415,,,md_dqn_not_reached,md_dqn_not_reached
complex_s04_q0091,n3p_k1,Complex,d20_inf,0.4602931549306959,0.1821793168783188,-0.2781138380523771,True,True,0,0,True,True,0,0,9,7,-0.03037622966315945,-0.030488967625964647,,
complex_s04_q0091,vanilla_ha,Complex,d20_inf,1.601703405380249,1.7693877220153809,0.16768431663513184,True,True,0,0,False,False,0,0,2281,2281,,,,
complex_s04_q0091,voronoi_waypoint,Complex,d20_inf,1.0561466158833355,1.132948833052069,0.07680221716873348,True,True,0,0,False,False,0,0,7,7,0.01935892899172842,0.01935892899172842,,
complex_s04_q0092,bottleneck_waypoint,Complex,d08_12,0.3322195520158857,0.3566762818954885,0.02445672987960279,True,True,0,0,False,False,0,0,2,2,0.0010273622764704893,0.0010273622764704893,,
complex_s04_q0092,f_n3p_knn,Complex,d08_12,0.0005111049395054579,0.0005717840977013111,6.067915819585323e-05,True,True,0,0,False,False,0,0,0,0,0.0,0.0,,
complex_s04_q0092,md_dqn,Complex,d08_12,0.39314189786091447,0.16903677256777883,-0.22410512529313564,False,False,0,0,False,False,0,0,600,600,,,md_dqn_not_reached,md_dqn_not_reached
complex_s04_q0092,n3p_k1,Complex,d08_12,0.0005000371020287275,0.0005031919572502375,3.1548552215099335e-06,True,True,0,0,False,False,0,0,0,0,0.0,0.0,,
complex_s04_q0092,vanilla_ha,Complex,d08_12,0.153090238571167,0.1552734375,0.002183198928833008,True,True,0,0,False,False,0,0,1,1,,,,
complex_s04_q0092,voronoi_waypoint,Complex,d08_12,0.33599612792022526,0.3535113241523504,0.017515196232125163,True,True,0,0,False,False,0,0,2,2,0.0013512584178381193,0.0013512584178381193,,
complex_s04_q0093,bottleneck_waypoint,Complex,d12_16,0.511221586028114,0.5066379348281771,-0.004583651199936867,True,True,0,0,False,False,0,0,3,3,0.01365269845512751,0.01365269845512751,,
complex_s04_q0093,f_n3p_knn,Complex,d12_16,0.0005981898866593838,0.000622904859483242,2.471497282385826e-05,True,True,0,0,False,False,0,0,0,0,0.0,0.0,,
complex_s04_q0093,md_dqn,Complex,d12_16,0.6613552337512374,0.2940140566788614,-0.367341177072376,False,False,0,0,False,False,0,0,474,474,,,md_dqn_not_reached,md_dqn_not_reached
complex_s04_q0093,n3p_k1,Complex,d12_16,0.0005860540550202131,0.000605936162173748,1.988210715353489e-05,True,True,0,0,False,False,0,0,0,0,0.0,0.0,,
complex_s04_q0093,vanilla_ha,Complex,d12_16,0.15552330017089844,0.15680932998657227,0.0012860298156738281,True,True,0,0,False,False,0,0,1,1,,,,
complex_s04_q0093,voronoi_waypoint,Complex,d12_16,0.5058205239474773,0.5058166880626231,-3.835884854197502e-06,True,True,0,0,False,False,0,0,3,3,0.02113577169260772,0.025048362793907986,,
complex_s04_q0094,bottleneck_waypoint,Complex,d16_20,0.5096610540058464,0.5091468149330467,-0.0005142390727996826,True,True,0,0,False,False,0,0,3,3,0.07338286930500804,0.07338286930500804,,
complex_s04_q0094,f_n3p_knn,Complex,d16_20,0.32477430696599185,0.019379021134227514,-0.30539528583176434,True,True,0,0,True,True,0,0,2,0,0.057679042725359286,0.05752983085403662,,
complex_s04_q0094,md_dqn,Complex,d16_20,0.6515181735157967,0.2753783038351685,-0.3761398696806282,False,False,0,0,False,False,0,0,445,445,,,md_dqn_not_reached,md_dqn_not_reached
complex_s04_q0094,n3p_k1,Complex,d16_20,0.22207794501446187,0.2207927410490811,-0.0012852039653807878,True,True,0,0,True,True,0,0,64,64,0.01257740716335709,0.01257740716335709,,
complex_s04_q0094,vanilla_ha,Complex,d16_20,0.17812895774841309,0.18027949333190918,0.0021505355834960938,True,True,0,0,False,False,0,0,41,41,,,,
complex_s04_q0094,voronoi_waypoint,Complex,d16_20,0.6579698810819536,0.6567149928305298,-0.0012548882514238358,True,True,0,0,False,False,0,0,4,4,0.14053618205549068,0.1586807769739098,,
complex_s04_q0095,bottleneck_waypoint,Complex,d20_inf,1.055906421970576,1.0492976929526776,-0.00660872901789844,True,True,0,0,False,False,0,0,7,7,0.0017644177499598346,0.012676725936352273,,
complex_s04_q0095,f_n3p_knn,Complex,d20_inf,0.6267880368977785,0.0389242940582335,-0.587863742839545,True,True,0,0,True,True,0,0,4,0,-0.011858462666294312,-0.012404087058265456,,
complex_s04_q0095,md_dqn,Complex,d20_inf,0.3856436249334365,0.1745253207627684,-0.21111830417066813,False,False,0,0,False,False,0,0,600,600,,,md_dqn_not_reached,md_dqn_not_reached
complex_s04_q0095,n3p_k1,Complex,d20_inf,0.6190358940511942,0.33824300090782344,-0.28079289314337075,True,True,0,0,True,True,0,0,6,4,0.1090547703888416,0.11880275783810568,,
complex_s04_q0095,vanilla_ha,Complex,d20_inf,0.31980204582214355,0.342559814453125,0.022757768630981445,True,True,0,0,False,False,0,0,369,369,,,,
complex_s04_q0095,voronoi_waypoint,Complex,d20_inf,1.1032205901574343,1.1046949399169534,0.0014743497595191002,True,True,0,0,False,False,0,0,249,254,-0.0017326335920838654,0.006199527074188138,,
complex_s04_q0096,bottleneck_waypoint,Complex,d08_12,0.33570561301894486,0.33358991984277964,-0.002115693176165223,True,True,0,0,False,False,0,0,2,2,0.027471221731367512,0.027471221731367512,,
complex_s04_q0096,f_n3p_knn,Complex,d08_12,0.00044794101268053055,0.0004075670149177313,-4.037399776279926e-05,True,True,0,0,False,False,0,0,0,0,0.0,0.0,,
complex_s04_q0096,md_dqn,Complex,d08_12,0.16889572865329683,0.16791898873634636,-0.0009767399169504642,False,False,0,0,False,False,0,0,600,600,,,md_dqn_not_reached,md_dqn_not_reached
complex_s04_q0096,n3p_k1,Complex,d08_12,0.00038786185905337334,0.00037457607686519623,-1.3285782188177109e-05,True,True,0,0,False,False,0,0,0,0,0.0,0.0,,
complex_s04_q0096,vanilla_ha,Complex,d08_12,0.14964795112609863,0.14666128158569336,-0.0029866695404052734,True,True,0,0,False,False,0,0,1,1,,,,
complex_s04_q0096,voronoi_waypoint,Complex,d08_12,0.33269352093338966,0.3319912471342832,-0.0007022737991064787,True,True,0,0,False,False,0,0,2,2,0.08998072734944929,0.08998072734944929,,
complex_s04_q0097,bottleneck_waypoint,Complex,d12_16,0.47691429895348847,0.47513468307442963,-0.0017796158790588379,True,True,0,0,False,False,0,0,3,3,0.013880261943431949,0.013880261943431949,,
complex_s04_q0097,f_n3p_knn,Complex,d12_16,0.0005953970830887556,0.0006137508898973465,1.835380680859089e-05,True,True,0,0,False,False,0,0,0,0,0.0,0.0,,
complex_s04_q0097,md_dqn,Complex,d12_16,0.16990879434160888,0.17255219165235758,0.0026433973107486963,False,False,0,0,False,False,0,0,600,600,,,md_dqn_not_reached,md_dqn_not_reached
complex_s04_q0097,n3p_k1,Complex,d12_16,0.0005961470305919647,0.0006023920141160488,6.244983524084091e-06,True,True,0,0,False,False,0,0,0,0,0.0,0.0,,
complex_s04_q0097,vanilla_ha,Complex,d12_16,0.14662909507751465,0.14776158332824707,0.0011324882507324219,True,True,0,0,False,False,0,0,1,1,,,,
complex_s04_q0097,voronoi_waypoint,Complex,d12_16,0.4722576860804111,0.4726516520604491,0.00039396598003804684,True,True,0,0,False,False,0,0,3,3,0.08388201590159228,0.0659792989000143,,
complex_s04_q0098,bottleneck_waypoint,Complex,d16_20,0.6176037241239101,0.616568956989795,-0.0010347671341151,True,True,0,0,False,False,0,0,4,4,0.019864892399361844,0.026033288633240392,,
complex_s04_q0098,f_n3p_knn,Complex,d16_20,0.3007275548297912,0.014960773987695575,-0.2857667808420956,True,True,0,0,False,False,0,0,2,0,-0.018278949799253152,-0.019965641033197756,,
complex_s04_q0098,md_dqn,Complex,d16_20,0.169582175090909,0.17007612390443683,0.0004939488135278225,False,False,0,0,False,False,0,0,600,600,,,md_dqn_not_reached,md_dqn_not_reached
complex_s04_q0098,n3p_k1,Complex,d16_20,0.2952704799827188,0.008898326894268394,-0.28637215308845043,True,True,0,0,False,False,0,0,2,0,-0.018278949799253152,-0.019965641033197756,,
complex_s04_q0098,vanilla_ha,Complex,d16_20,0.16656756401062012,0.16506457328796387,-0.00150299072265625,True,True,0,0,False,False,0,0,49,49,,,,
complex_s04_q0098,voronoi_waypoint,Complex,d16_20,0.6428378392010927,0.6443728609010577,0.0015350216999650002,True,True,0,0,False,False,0,0,46,46,0.015533246034872716,0.025659343325533657,,
complex_s04_q0099,bottleneck_waypoint,Complex,d20_inf,1.0629290838260204,1.051732755964622,-0.011196327861398458,True,True,0,0,False,False,0,0,7,7,,,,
complex_s04_q0099,f_n3p_knn,Complex,d20_inf,0.7732994130346924,0.1997663842048496,-0.5735330288298428,True,True,0,0,True,True,0,0,15,11,,,,
complex_s04_q0099,md_dqn,Complex,d20_inf,0.16847417107783258,0.16731120622716844,-0.0011629648506641388,False,False,0,0,False,False,0,0,600,600,,,md_dqn_not_reached,md_dqn_not_reached
complex_s04_q0099,n3p_k1,Complex,d20_inf,3.4687069579958916,3.4725897051393986,0.003882747143507004,False,False,0,0,True,True,1,1,7929,7929,,,f2_failed:prediction:goal_in_collision;goal:node_budget_exhausted;f3_failed:timeout,f2_failed:prediction:goal_in_collision;goal:node_budget_exhausted;f3_failed:timeout
complex_s04_q0099,vanilla_ha,Complex,d20_inf,2.500429391860962,2.500366449356079,-6.29425048828125e-05,False,False,0,0,False,False,0,0,5756,5721,,,timeout,timeout
complex_s04_q0099,voronoi_waypoint,Complex,d20_inf,0.9964983868412673,0.9551273460965604,-0.04137104074470699,True,True,0,0,False,False,0,0,112,60,,,,
easy_s00_q0000,bottleneck_waypoint,Easy,d08_12,0.3306784969754517,0.3309885060880333,0.0003100091125816107,True,True,0,0,False,False,0,0,2,2,0.031541957541968646,0.031541957541968646,,
easy_s00_q0000,f_n3p_knn,Easy,d08_12,0.1565139340236783,0.010025707073509693,-0.1464882269501686,True,True,0,0,True,True,0,0,1,0,0.04577958669579707,0.04346119840223195,,
easy_s00_q0000,md_dqn,Easy,d08_12,0.37943909829482436,0.40563010005280375,0.026191001757979393,False,False,0,0,False,False,0,0,600,600,,,md_dqn_not_reached,md_dqn_not_reached
easy_s00_q0000,n3p_k1,Easy,d08_12,1.1749114049598575,1.174016810953617,-0.0008945940062403679,True,True,0,0,True,True,0,0,960,954,0.0,0.0,,
easy_s00_q0000,vanilla_ha,Easy,d08_12,0.16669368743896484,0.16590642929077148,-0.0007872581481933594,True,True,0,0,False,False,0,0,31,31,,,,
easy_s00_q0000,voronoi_waypoint,Easy,d08_12,0.3284058650024235,0.3303398380521685,0.0019339730497449636,True,True,0,0,False,False,0,0,2,2,0.043428648875873055,0.04680977844429757,,
easy_s00_q0001,bottleneck_waypoint,Easy,d12_16,0.48099048202857375,0.47991183400154114,-0.0010786480270326138,True,True,0,0,False,False,0,0,3,3,0.15151081586264303,0.15151081586264303,,
easy_s00_q0001,f_n3p_knn,Easy,d12_16,0.0007204399444162846,0.0006270399317145348,-9.34000127017498e-05,True,True,0,0,False,False,0,0,0,0,0.0,0.0,,
easy_s00_q0001,md_dqn,Easy,d12_16,0.4058331944979727,0.40428182017058134,-0.001551374327391386,False,False,0,0,False,False,0,0,600,600,,,md_dqn_not_reached,md_dqn_not_reached
easy_s00_q0001,n3p_k1,Easy,d12_16,0.0006147301755845547,0.0006836540997028351,6.892392411828041e-05,True,True,0,0,False,False,0,0,0,0,0.0,0.0,,
easy_s00_q0001,vanilla_ha,Easy,d12_16,0.15158343315124512,0.15113258361816406,-0.0004508495330810547,True,True,0,0,False,False,0,0,1,1,,,,
easy_s00_q0001,voronoi_waypoint,Easy,d12_16,0.6214073761366308,0.628505181055516,0.007097804918885231,True,True,0,0,False,False,0,0,4,4,0.25389323838023703,0.25478749435890724,,
easy_s00_q0002,bottleneck_waypoint,Easy,d16_20,0.6123699198942631,0.6151785398833454,0.002808619989082217,True,True,0,0,False,False,0,0,4,4,0.11689575086631865,0.11372610316044951,,
easy_s00_q0002,f_n3p_knn,Easy,d16_20,0.45778386597521603,0.023164520040154457,-0.4346193459350616,True,True,0,0,True,True,0,0,3,0,0.11029482586555162,0.10872330383064921,,
easy_s00_q0002,md_dqn,Easy,d16_20,0.39342034282162786,0.17351069278083742,-0.21990965004079044,False,False,0,0,False,False,0,0,600,600,,,md_dqn_not_reached,md_dqn_not_reached
easy_s00_q0002,n3p_k1,Easy,d16_20,0.49127524299547076,0.34484620415605605,-0.14642903883941472,True,True,0,0,True,True,0,0,63,62,0.06130535262244785,0.06129751205590139,,
easy_s00_q0002,vanilla_ha,Easy,d16_20,0.28545069694519043,0.28718137741088867,0.0017306804656982422,True,True,0,0,False,False,0,0,187,187,,,,
easy_s00_q0002,voronoi_waypoint,Easy,d16_20,0.6143689688760787,0.6161303028929979,0.001761334016919136,True,True,0,0,False,False,0,0,4,4,0.10484161797490765,0.105882456302556,,
easy_s00_q0003,bottleneck_waypoint,Easy,d20_inf,1.3566797890234739,1.3573651290498674,0.0006853400263935328,True,True,0,0,False,False,0,0,9,9,-0.013892716233805724,-0.012494959560695462,,
easy_s00_q0003,f_n3p_knn,Easy,d20_inf,0.6153402489144355,0.023173326859250665,-0.5921669220551848,True,True,0,0,True,True,0,0,4,0,0.035322008021168916,0.014016301300852074,,
easy_s00_q0003,md_dqn,Easy,d20_inf,0.38944119517691433,0.16728912526741624,-0.2221520699094981,False,False,0,0,False,False,0,0,600,600,,,md_dqn_not_reached,md_dqn_not_reached
easy_s00_q0003,n3p_k1,Easy,d20_inf,0.5173618320841342,0.2250653349328786,-0.2922964971512556,True,True,0,0,True,True,0,0,107,105,0.018690910405237515,0.018093948627923018,,
easy_s00_q0003,vanilla_ha,Easy,d20_inf,0.3870818614959717,0.3909590244293213,0.0038771629333496094,True,True,0,0,False,False,0,0,313,313,,,,
easy_s00_q0003,voronoi_waypoint,Easy,d20_inf,0.7741461931727827,0.7741069730836898,-3.9220089092850685e-05,True,True,0,0,False,False,0,0,5,5,-0.011477181726425978,-0.013636794142066422,,
easy_s00_q0004,bottleneck_waypoint,Easy,d08_12,0.5069755990989506,0.4741188350599259,-0.03285676403902471,True,True,0,0,False,False,0,0,3,3,0.026384461162030082,0.02712268398474471,,
easy_s00_q0004,f_n3p_knn,Easy,d08_12,0.324342496227473,0.30638279812410474,-0.017959698103368282,True,True,0,0,True,True,0,0,249,249,0.0,0.0,,
easy_s00_q0004,md_dqn,Easy,d08_12,0.17068101069889963,0.16833916422910988,-0.0023418464697897434,False,False,0,0,False,False,0,0,600,600,,,md_dqn_not_reached,md_dqn_not_reached
easy_s00_q0004,n3p_k1,Easy,d08_12,0.32246145815588534,0.3075776610057801,-0.014883797150105238,True,True,0,0,True,True,0,0,249,249,0.0,0.0,,
easy_s00_q0004,vanilla_ha,Easy,d08_12,0.30803370475769043,0.29695558547973633,-0.011078119277954102,True,True,0,0,False,False,0,0,249,249,,,,
easy_s00_q0004,voronoi_waypoint,Easy,d08_12,0.4708759291097522,0.4418408169876784,-0.02903511212207377,True,True,0,0,False,False,0,0,158,158,-0.005570636072054769,-0.005570636072054769,,
easy_s00_q0005,bottleneck_waypoint,Easy,d12_16,0.5133344491478056,0.4821596438996494,-0.03117480524815619,True,True,0,0,False,False,0,0,3,3,0.03525794145832295,0.05096629814104947,,
easy_s00_q0005,f_n3p_knn,Easy,d12_16,0.0007393071427941322,0.000617670826613903,-0.00012163631618022919,True,True,0,0,False,False,0,0,0,0,0.0,0.0,,
easy_s00_q0005,md_dqn,Easy,d12_16,0.1696301989722997,0.16811797278933227,-0.0015122261829674244,False,False,0,0,False,False,0,0,600,600,,,md_dqn_not_reached,md_dqn_not_reached
easy_s00_q0005,n3p_k1,Easy,d12_16,0.0006526189390569925,0.000609678914770484,-4.294002428650856e-05,True,True,0,0,False,False,0,0,0,0,0.0,0.0,,
easy_s00_q0005,vanilla_ha,Easy,d12_16,0.16057610511779785,0.15170717239379883,-0.008868932723999023,True,True,0,0,False,False,0,0,1,1,,,,
easy_s00_q0005,voronoi_waypoint,Easy,d12_16,0.5132882890757173,0.4794334811158478,-0.033854807959869504,True,True,0,0,False,False,0,0,3,3,0.17293741303046595,0.17293741303046595,,
easy_s00_q0006,bottleneck_waypoint,Easy,d16_20,0.6679237668868154,0.759710140991956,0.09178637410514057,True,True,0,0,False,False,0,0,4,5,0.04226650744718907,0.04247877217238161,,
easy_s00_q0006,f_n3p_knn,Easy,d16_20,0.49201484583318233,0.02599635487422347,-0.46601849095895886,True,True,0,0,True,True,0,0,3,0,0.07485749943157338,0.05242285401538371,,
easy_s00_q0006,md_dqn,Easy,d16_20,0.17212366755120456,0.16975332773290575,-0.0023703398182988167,False,False,0,0,False,False,0,0,600,600,,,md_dqn_not_reached,md_dqn_not_reached
easy_s00_q0006,n3p_k1,Easy,d16_20,0.7097491410095245,0.6721039218828082,-0.037645219126716256,True,True,0,0,True,True,0,0,1257,1257,0.0,0.0,,
easy_s00_q0006,vanilla_ha,Easy,d16_20,0.6930458545684814,0.6580793857574463,-0.034966468811035156,True,True,0,0,False,False,0,0,1257,1257,,,,
easy_s00_q0006,voronoi_waypoint,Easy,d16_20,0.6615230629686266,0.6199614969082177,-0.04156156606040895,True,True,0,0,False,False,0,0,4,4,0.0722271849158882,0.07348368987340481,,
easy_s00_q0007,bottleneck_waypoint,Easy,d20_inf,1.0680909920483828,1.0642636511474848,-0.0038273409008979797,True,True,0,0,False,False,0,0,11,11,,,,
easy_s00_q0007,f_n3p_knn,Easy,d20_inf,4.0247233810368925,3.7010135538876057,-0.32370982714928687,False,False,0,0,True,True,1,1,3448,3622,,,f2_failed:prediction:goal_in_collision;goal:timeout;f3_failed:timeout,f2_failed:prediction:goal_in_collision;goal:timeout;f3_failed:timeout
easy_s00_q0007,md_dqn,Easy,d20_inf,0.3814143114723265,0.1674651491921395,-0.213949162280187,False,False,0,0,False,False,0,0,600,600,,,md_dqn_not_reached,md_dqn_not_reached
easy_s00_q0007,n3p_k1,Easy,d20_inf,3.855952051933855,3.6875093448907137,-0.16844270704314113,False,False,0,0,True,True,1,1,3597,3677,,,f2_failed:prediction:goal_in_collision;goal:timeout;f3_failed:timeout,f2_failed:prediction:goal_in_collision;goal:timeout;f3_failed:timeout
easy_s00_q0007,vanilla_ha,Easy,d20_inf,2.500424385070801,2.500061511993408,-0.0003628730773925781,False,False,0,0,False,False,0,0,2499,2634,,,timeout,timeout
easy_s00_q0007,voronoi_waypoint,Easy,d20_inf,0.9162701340392232,0.9211115599609911,0.00484142592176795,True,True,0,0,False,False,0,0,6,9,,,,
easy_s00_q0008,bottleneck_waypoint,Easy,d08_12,0.47740186797454953,0.47642685705795884,-0.0009750109165906906,True,True,0,0,False,False,0,0,3,3,0.12118345155845889,0.12118345155845889,,
easy_s00_q0008,f_n3p_knn,Easy,d08_12,0.1548178899101913,0.010031608864665031,-0.14478628104552627,True,True,0,0,False,False,0,0,1,0,0.030029684156516856,0.028737802153030012,,
easy_s00_q0008,md_dqn,Easy,d08_12,0.4053700752556324,0.16945417854003608,-0.23591589671559632,False,False,0,0,False,False,0,0,600,600,,,md_dqn_not_reached,md_dqn_not_reached
easy_s00_q0008,n3p_k1,Easy,d08_12,0.15485477587208152,0.008592111058533192,-0.14626266481354833,True,True,0,0,False,False,0,0,1,0,0.030029684156516856,0.028737802153030012,,
easy_s00_q0008,vanilla_ha,Easy,d08_12,0.23100614547729492,0.23467350006103516,0.0036673545837402344,True,True,0,0,False,False,0,0,121,121,,,,
easy_s00_q0008,voronoi_waypoint,Easy,d08_12,0.47460538102313876,0.47669173195026815,0.002086350927129388,True,True,0,0,False,False,0,0,3,3,0.09727237403189726,0.15517881731162864,,
easy_s00_q0009,bottleneck_waypoint,Easy,d12_16,0.4731710918713361,0.47485002712346613,0.0016789352521300316,True,True,0,0,False,False,0,0,3,3,0.03483910108747201,0.03483910108747201,,
easy_s00_q0009,f_n3p_knn,Easy,d12_16,0.0006236007902771235,0.0006139029283076525,-9.697861969470978e-06,True,True,0,0,False,False,0,0,0,0,2.220446049250313e-16,2.220446049250313e-16,,
easy_s00_q0009,md_dqn,Easy,d12_16,0.40456638182513416,0.16952433926053345,-0.2350420425646007,False,False,0,0,False,False,0,0,600,600,,,md_dqn_not_reached,md_dqn_not_reached
easy_s00_q0009,n3p_k1,Easy,d12_16,0.0005944909062236547,0.0006056551355868578,1.1164229363203049e-05,True,True,0,0,False,False,0,0,0,0,2.220446049250313e-16,2.220446049250313e-16,,
easy_s00_q0009,vanilla_ha,Easy,d12_16,0.1454000473022461,0.14592266082763672,0.000522613525390625,True,True,0,0,False,False,0,0,1,1,,,,
easy_s00_q0009,voronoi_waypoint,Easy,d12_16,0.4715936128050089,0.4719017830211669,0.0003081702161580324,True,True,0,0,False,False,0,0,3,3,0.0905387450556765,0.0905387450556765,,
easy_s00_q0010,bottleneck_waypoint,Easy,d16_20,0.6158818248659372,0.6150120191741735,-0.0008698056917637587,True,True,0,0,False,False,0,0,4,4,0.2539729107241324,0.26155021483580954,,
easy_s00_q0010,f_n3p_knn,Easy,d16_20,0.0007017641328275204,0.0006974330171942711,-4.331115633249283e-06,True,True,0,0,False,False,0,0,0,0,0.0,0.0,,
easy_s00_q0010,md_dqn,Easy,d16_20,0.17356877913698554,0.1677020664792508,-0.005866712657734752,False,False,0,0,False,False,0,0,600,600,,,md_dqn_not_reached,md_dqn_not_reached
easy_s00_q0010,n3p_k1,Easy,d16_20,0.0006914269179105759,0.0006815739907324314,-9.852927178144455e-06,True,True,0,0,False,False,0,0,0,0,0.0,0.0,,
easy_s00_q0010,vanilla_ha,Easy,d16_20,0.15062618255615234,0.1483924388885498,-0.002233743667602539,True,True,0,0,False,False,0,0,1,1,,,,
easy_s00_q0010,voronoi_waypoint,Easy,d16_20,0.6131241419352591,0.614962741965428,0.001838600030168891,True,True,0,0,False,False,0,0,4,4,0.20978832455606544,0.21486949836454983,,
easy_s00_q0011,bottleneck_waypoint,Easy,d20_inf,0.7750561370048672,0.7779112739954144,0.00285513699054718,True,True,0,0,False,False,0,0,5,5,0.02699186949961563,0.043180776525997056,,
easy_s00_q0011,f_n3p_knn,Easy,d20_inf,0.1591578850056976,0.010980173945426941,-0.14817771106027067,True,True,0,0,False,False,0,0,1,0,-0.03738144172460167,-0.03748716173272659,,
easy_s00_q0011,md_dqn,Easy,d20_inf,0.16979127982631326,0.1676243010442704,-0.002166978782042861,False,False,0,0,False,False,0,0,600,600,,,md_dqn_not_reached,md_dqn_not_reached
easy_s00_q0011,n3p_k1,Easy,d20_inf,0.15715832309797406,0.008813685970380902,-0.14834463712759316,True,True,0,0,False,False,0,0,1,0,-0.03738144172460167,-0.03748716173272659,,
easy_s00_q0011,vanilla_ha,Easy,d20_inf,0.19540882110595703,0.19597315788269043,0.0005643367767333984,True,True,0,0,False,False,0,0,97,97,,,,
easy_s00_q0011,voronoi_waypoint,Easy,d20_inf,0.9204419369343668,0.9215114291291684,0.001069492194801569,True,True,0,0,False,False,0,0,6,6,0.12128179117457383,0.13816790932475853,,
easy_s00_q0012,bottleneck_waypoint,Easy,d08_12,0.33017364307306707,0.3303655011113733,0.00019185803830623627,True,True,0,0,False,False,0,0,2,2,0.1122389941924935,0.1122389941924935,,
easy_s00_q0012,f_n3p_knn,Easy,d08_12,0.0004539990331977606,0.00046935887075960636,1.535983756184578e-05,True,True,0,0,False,False,0,0,0,0,2.220446049250313e-16,2.220446049250313e-16,,
easy_s00_q0012,md_dqn,Easy,d08_12,0.16982453735545278,0.16826729266904294,-0.001557244686409831,False,False,0,0,False,False,0,0,600,600,,,md_dqn_not_reached,md_dqn_not_reached
easy_s00_q0012,n3p_k1,Easy,d08_12,0.0004496730398386717,0.00044055795297026634,-9.115086868405342e-06,True,True,0,0,False,False,0,0,0,0,2.220446049250313e-16,2.220446049250313e-16,,
easy_s00_q0012,vanilla_ha,Easy,d08_12,0.1467452049255371,0.14512062072753906,-0.0016245841979980469,True,True,0,0,False,False,0,0,1,1,,,,
easy_s00_q0012,voronoi_waypoint,Easy,d08_12,0.37654394493438303,0.3770657889544964,0.000521844020113349,True,True,0,0,False,False,0,0,74,74,0.11932962298938654,0.11932962298938654,,
easy_s00_q0013,bottleneck_waypoint,Easy,d12_16,0.4833318470045924,0.48241817601956427,-0.0009136709850281477,True,True,0,0,False,False,0,0,3,3,0.03184550791736407,0.03184550791736407,,
easy_s00_q0013,f_n3p_knn,Easy,d12_16,0.0005744819063693285,0.0005786449182778597,4.163011908531189e-06,True,True,0,0,False,False,0,0,0,0,0.0,0.0,,
easy_s00_q0013,md_dqn,Easy,d12_16,0.17366374656558037,0.1765800123102963,0.002916265744715929,False,False,0,0,False,False,0,0,600,600,,,md_dqn_not_reached,md_dqn_not_reached
easy_s00_q0013,n3p_k1,Easy,d12_16,0.0005557870026677847,0.0005538249388337135,-1.9620638340711594e-06,True,True,0,0,False,False,0,0,0,0,0.0,0.0,,
easy_s00_q0013,vanilla_ha,Easy,d12_16,0.15130114555358887,0.15221881866455078,0.0009176731109619141,True,True,0,0,False,False,0,0,1,1,,,,
easy_s00_q0013,voronoi_waypoint,Easy,d12_16,0.48033301904797554,0.4805759119335562,0.0002428928855806589,True,True,0,0,False,False,0,0,3,3,0.1425784451739205,0.14323719142694435,,
easy_s00_q0014,bottleneck_waypoint,Easy,d16_20,0.6598199729342014,0.6196877700276673,-0.040132202906534076,True,True,0,0,False,False,0,0,4,4,0.03302848794311131,0.032222223751063206,,
easy_s00_q0014,f_n3p_knn,Easy,d16_20,2.0001472579315305,1.9480584969278425,-0.05208876100368798,True,True,0,0,True,True,1,1,2159,2226,0.0,0.0,,
easy_s00_q0014,md_dqn,Easy,d16_20,0.17176692746579647,0.18094231490977108,0.009175387443974614,False,False,0,0,False,False,0,0,600,600,,,md_dqn_not_reached,md_dqn_not_reached
easy_s00_q0014,n3p_k1,Easy,d16_20,1.9983992299530655,1.9394028401002288,-0.05899638985283673,True,True,0,0,True,True,1,1,2158,2231,0.0,0.0,,
easy_s00_q0014,vanilla_ha,Easy,d16_20,1.0836141109466553,1.0784573554992676,-0.005156755447387695,True,True,0,0,False,False,0,0,1157,1157,,,,
easy_s00_q0014,voronoi_waypoint,Easy,d16_20,0.6612179831136018,0.6168563289102167,-0.044361654203385115,True,True,0,0,False,False,0,0,4,4,0.12761259423730142,0.12807647407182943,,
easy_s00_q0015,bottleneck_waypoint,Easy,d20_inf,0.9526809400413185,0.9290273149963468,-0.023653625044971704,True,True,0,0,False,False,0,0,24,24,0.05582914015443197,0.05450612170618774,,
easy_s00_q0015,f_n3p_knn,Easy,d20_inf,0.39470175094902515,0.21836818102747202,-0.17633356992155313,True,True,0,0,True,True,0,0,122,121,-0.00887678088870536,-0.008953362967582756,,
easy_s00_q0015,md_dqn,Easy,d20_inf,0.18890179274603724,0.18433316168375313,-0.004568631062284112,False,False,0,0,False,False,0,0,600,600,,,md_dqn_not_reached,md_dqn_not_reached
easy_s00_q0015,n3p_k1,Easy,d20_inf,0.3827787209302187,0.2152261349838227,-0.167552585946396,True,True,0,0,True,True,0,0,122,121,-0.00887678088870536,-0.008953362967582756,,
easy_s00_q0015,vanilla_ha,Easy,d20_inf,0.2912135124206543,0.2730121612548828,-0.018201351165771484,True,True,0,0,False,False,0,0,297,297,,,,
easy_s00_q0015,voronoi_waypoint,Easy,d20_inf,0.973086945945397,0.9137174950446934,-0.05936945090070367,True,True,0,0,False,False,0,0,6,6,0.05506545400199103,0.058507525551751094,,
easy_s00_q0016,bottleneck_waypoint,Easy,d08_12,0.5142929318826646,0.48058499791659415,-0.033707933966070414,True,True,0,0,False,False,0,0,3,3,0.03376919984964877,0.03376919984964877,,
easy_s00_q0016,f_n3p_knn,Easy,d08_12,0.2065835678949952,0.19457969209179282,-0.01200387580320239,True,True,0,0,True,True,0,0,64,64,0.0,0.0,,
easy_s00_q0016,md_dqn,Easy,d08_12,0.1728917162399739,0.17073658970184624,-0.0021551265381276608,False,False,0,0,False,False,0,0,600,600,,,md_dqn_not_reached,md_dqn_not_reached
easy_s00_q0016,n3p_k1,Easy,d08_12,0.2059675718192011,0.1947902061510831,-0.011177365668118,True,True,0,0,True,True,0,0,64,64,0.0,0.0,,
easy_s00_q0016,vanilla_ha,Easy,d08_12,0.19342494010925293,0.1858375072479248,-0.007587432861328125,True,True,0,0,False,False,0,0,64,64,,,,
easy_s00_q0016,voronoi_waypoint,Easy,d08_12,0.5271457389462739,0.48440986103378236,-0.04273587791249156,True,True,0,0,False,False,0,0,18,11,0.06602421457330143,0.07345477877161044,,
easy_s00_q0017,bottleneck_waypoint,Easy,d12_16,1.4844454198610038,1.4809879779350013,-0.0034574419260025024,False,False,0,0,False,False,0,0,904,903,,,segment_failed:timeout,segment_failed:timeout
easy_s00_q0017,f_n3p_knn,Easy,d12_16,0.6972714462317526,0.7052884821314365,0.008017035899683833,True,True,0,0,True,True,0,0,499,499,,,,
easy_s00_q0017,md_dqn,Easy,d12_16,0.17019454948604107,0.1688461024314165,-0.0013484470546245575,False,False,0,0,False,False,0,0,600,600,,,md_dqn_not_reached,md_dqn_not_reached
easy_s00_q0017,n3p_k1,Easy,d12_16,0.6944969850592315,0.6998114748857915,0.0053144898265600204,True,True,0,0,True,True,0,0,499,499,,,,
easy_s00_q0017,vanilla_ha,Easy,d12_16,2.5001046657562256,2.5000412464141846,-6.341934204101562e-05,False,False,0,0,False,False,0,0,2619,2646,,,timeout,timeout
easy_s00_q0017,voronoi_waypoint,Easy,d12_16,0.6288650219794363,0.6288003630470484,-6.465893238782883e-05,True,True,0,0,False,False,0,0,4,4,,,,
easy_s00_q0018,bottleneck_waypoint,Easy,d16_20,0.6154949718620628,0.6190092097967863,0.0035142379347234964,True,True,0,0,False,False,0,0,4,4,,,,
easy_s00_q0018,f_n3p_knn,Easy,d16_20,0.6048437659628689,0.034876192919909954,-0.569967573042959,True,True,0,0,True,True,0,0,4,0,,,,
easy_s00_q0018,md_dqn,Easy,d16_20,0.172757318476215,0.16889869491569698,-0.0038586235605180264,False,False,0,0,False,False,0,0,600,600,,,md_dqn_not_reached,md_dqn_not_reached
easy_s00_q0018,n3p_k1,Easy,d16_20,1.6096165429335088,1.177259000018239,-0.43235754291526973,True,True,0,0,True,True,0,0,1018,1014,,,,
easy_s00_q0018,vanilla_ha,Easy,d16_20,2.500389575958252,2.500242233276367,-0.00014734268188476562,False,False,0,0,False,False,0,0,3628,3621,,,timeout,timeout
easy_s00_q0018,voronoi_waypoint,Easy,d16_20,0.7552406589966267,0.7610902490559965,0.0058495900593698025,True,True,0,0,False,False,0,0,5,5,,,,
easy_s00_q0019,bottleneck_waypoint,Easy,d20_inf,0.987617070088163,0.9299397440627217,-0.05767732602544129,True,True,0,0,False,False,0,0,6,6,0.03802119002221671,0.03604842745663195,,
easy_s00_q0019,f_n3p_knn,Easy,d20_inf,0.15595220308750868,0.0075241210870444775,-0.1484280820004642,True,True,0,0,True,True,0,0,1,0,-0.012432295921045,-0.013254660932969786,,
easy_s00_q0019,md_dqn,Easy,d20_inf,0.17255175672471523,0.1695100914221257,-0.0030416653025895357,False,False,0,0,False,False,0,0,600,600,,,md_dqn_not_reached,md_dqn_not_reached
easy_s00_q0019,n3p_k1,Easy,d20_inf,0.914013370173052,0.5859681919682771,-0.32804517820477486,True,True,0,0,True,True,0,0,509,507,0.028611777060611576,0.0283763834880022,,
easy_s00_q0019,vanilla_ha,Easy,d20_inf,0.20503592491149902,0.2065744400024414,0.0015385150909423828,True,True,0,0,False,False,0,0,105,105,,,,
easy_s00_q0019,voronoi_waypoint,Easy,d20_inf,0.9830083400011063,0.9202370471321046,-0.06277129286900163,True,True,0,0,False,False,0,0,12,9,0.08513406289755032,0.07362218045278213,,
easy_s01_q0020,bottleneck_waypoint,Easy,d08_12,0.512813885929063,0.483336373930797,-0.02947751199826598,True,True,0,0,False,False,0,0,3,3,0.45410079547118243,0.45410079547118243,,
easy_s01_q0020,f_n3p_knn,Easy,d08_12,0.00047031790018081665,0.0004280379507690668,-4.227994941174984e-05,True,True,0,0,False,False,0,0,0,0,4.440892098500626e-16,4.440892098500626e-16,,
easy_s01_q0020,md_dqn,Easy,d08_12,0.17060999339446425,0.2296738033182919,0.05906380992382765,False,False,0,0,False,False,0,0,600,600,,,md_dqn_not_reached,md_dqn_not_reached
easy_s01_q0020,n3p_k1,Easy,d08_12,0.00041411397978663445,0.0004194071516394615,5.293171852827072e-06,True,True,0,0,False,False,0,0,0,0,4.440892098500626e-16,4.440892098500626e-16,,
easy_s01_q0020,vanilla_ha,Easy,d08_12,0.16013026237487793,0.15088319778442383,-0.009247064590454102,True,True,0,0,False,False,0,0,1,1,,,,
easy_s01_q0020,voronoi_waypoint,Easy,d08_12,0.35560759785585105,0.33546734298579395,-0.020140254870057106,True,True,0,0,False,False,0,0,2,2,0.2640388138444598,0.2640388138444598,,
easy_s01_q0021,bottleneck_waypoint,Easy,d12_16,0.5146711010020226,0.48583827004767954,-0.02883283095434308,True,True,0,0,False,False,0,0,3,3,0.04477412414372495,0.04164895391029,,
easy_s01_q0021,f_n3p_knn,Easy,d12_16,0.16486683790571988,0.010925949085503817,-0.15394088882021606,True,True,0,0,True,True,0,0,1,0,0.009430153767277183,0.008007649595535904,,
easy_s01_q0021,md_dqn,Easy,d12_16,0.3088173600845039,0.3023499008268118,-0.006467459257692099,False,False,0,0,False,False,0,0,583,583,,,md_dqn_not_reached,md_dqn_not_reached
easy_s01_q0021,n3p_k1,Easy,d12_16,0.18868391611613333,0.19096070807427168,0.0022767919581383467,True,True,0,0,True,True,0,0,36,36,0.0,0.0,,
easy_s01_q0021,vanilla_ha,Easy,d12_16,0.17824530601501465,0.17269611358642578,-0.005549192428588867,True,True,0,0,False,False,0,0,36,36,,,,
easy_s01_q0021,voronoi_waypoint,Easy,d12_16,0.513526793802157,0.4920737019274384,-0.021453091874718666,True,True,0,0,False,False,0,0,3,7,0.0919378977987102,0.0767789255089355,,
easy_s01_q0022,bottleneck_waypoint,Easy,d16_20,0.6605508648790419,0.6296701498795301,-0.030880714999511838,True,True,0,0,False,False,0,0,4,4,0.060891091519010176,0.06075360132597263,,
easy_s01_q0022,f_n3p_knn,Easy,d16_20,0.32248486182652414,0.016918651992455125,-0.305566209834069,True,True,0,0,True,True,0,0,2,0,-0.013483692004185976,-0.014001911045542714,,
easy_s01_q0022,md_dqn,Easy,d16_20,0.3719356043729931,0.16709386301226914,-0.20484174136072397,False,False,0,0,False,False,0,0,600,600,,,md_dqn_not_reached,md_dqn_not_reached
easy_s01_q0022,n3p_k1,Easy,d16_20,0.3285898801404983,0.3235585209913552,-0.0050313591491431,True,True,0,0,True,True,0,0,23,23,-0.013252306192212071,-0.013252306192212071,,
easy_s01_q0022,vanilla_ha,Easy,d16_20,0.20510387420654297,0.19596529006958008,-0.00913858413696289,True,True,0,0,False,False,0,0,81,81,,,,
easy_s01_q0022,voronoi_waypoint,Easy,d16_20,0.6357490730006248,0.6250273641198874,-0.010721708880737424,True,True,0,0,False,False,0,0,4,4,0.12489751449511632,0.12489751449511632,,
easy_s01_q0023,bottleneck_waypoint,Easy,d20_inf,0.7769467488396913,0.7820377089083195,0.005090960068628192,True,True,0,0,False,False,0,0,5,5,,,,
easy_s01_q0023,f_n3p_knn,Easy,d20_inf,0.6234391969628632,0.03055163100361824,-0.592887565959245,True,True,0,0,True,True,0,0,4,0,,,,
easy_s01_q0023,md_dqn,Easy,d20_inf,0.1710823280736804,0.16681537427939475,-0.004266953794285655,False,False,0,0,False,False,0,0,600,600,,,md_dqn_not_reached,md_dqn_not_reached
easy_s01_q0023,n3p_k1,Easy,d20_inf,3.683898959076032,3.68356632697396,-0.0003326321020722389,False,False,0,0,True,True,1,1,4642,4648,,,f2_failed:prediction:goal_in_collision;goal:timeout;f3_failed:timeout,f2_failed:prediction:goal_in_collision;goal:timeout;f3_failed:timeout
easy_s01_q0023,vanilla_ha,Easy,d20_inf,2.5001485347747803,2.5002782344818115,0.00012969970703125,False,False,0,0,False,False,0,0,3315,3338,,,timeout,timeout
easy_s01_q0023,voronoi_waypoint,Easy,d20_inf,0.9166621840558946,0.9219016369897872,0.005239452933892608,True,True,0,0,False,False,0,0,6,6,,,,
easy_s01_q0024,bottleneck_waypoint,Easy,d08_12,0.3360875411890447,0.3377116108313203,0.0016240696422755718,True,True,0,0,False,False,0,0,2,2,0.06589948281524682,0.06589948281524682,,
easy_s01_q0024,f_n3p_knn,Easy,d08_12,0.1613108590245247,0.010825967881828547,-0.15048489114269614,True,True,0,0,True,True,0,0,1,0,-0.012344845830027817,-0.013103274283211452,,
easy_s01_q0024,md_dqn,Easy,d08_12,0.17158894147723913,0.16665957495570183,-0.004929366521537304,False,False,0,0,False,False,0,0,600,600,,,md_dqn_not_reached,md_dqn_not_reached
easy_s01_q0024,n3p_k1,Easy,d08_12,1.8420502659864724,1.8504261700436473,0.008375904057174921,True,True,0,0,True,True,0,0,2267,2266,0.0,0.0,,
easy_s01_q0024,vanilla_ha,Easy,d08_12,0.8301882743835449,0.835101842880249,0.0049135684967041016,True,True,0,0,False,False,0,0,1116,1116,,,,
easy_s01_q0024,voronoi_waypoint,Easy,d08_12,0.33631380600854754,0.33402190799824893,-0.0022918980102986097,True,True,0,0,False,False,0,0,2,2,0.11862955387787366,0.11862955387787366,,
easy_s01_q0025,bottleneck_waypoint,Easy,d12_16,0.3395307420287281,0.34140358096919954,0.0018728389404714108,True,True,0,0,False,False,0,0,2,2,0.04962612864425342,0.04962612864425342,,
easy_s01_q0025,f_n3p_knn,Easy,d12_16,0.33312448603101075,0.33383305580355227,0.000708569772541523,True,True,0,0,True,True,0,0,187,187,0.01685943604940232,0.01685943604940232,,
easy_s01_q0025,md_dqn,Easy,d12_16,0.1707007479853928,0.16823144792579114,-0.0024693000596016645,False,False,0,0,False,False,0,0,600,600,,,md_dqn_not_reached,md_dqn_not_reached
easy_s01_q0025,n3p_k1,Easy,d12_16,0.3320145630277693,0.3329985870514065,0.0009840240236371756,True,True,0,0,True,True,0,0,187,187,0.01685943604940232,0.01685943604940232,,
easy_s01_q0025,vanilla_ha,Easy,d12_16,0.15837788581848145,0.15799522399902344,-0.0003826618194580078,True,True,0,0,False,False,0,0,17,17,,,,
easy_s01_q0025,voronoi_waypoint,Easy,d12_16,0.47998613910749555,0.47930556000210345,-0.0006805791053920984,True,True,0,0,False,False,0,0,3,3,0.19874467381703087,0.1881793570179442,,
easy_s01_q0026,bottleneck_waypoint,Easy,d16_20,0.6166787939146161,0.6266354948747903,0.009956700960174203,True,True,0,0,False,False,0,0,4,4,0.049186517046049705,0.049186517046049705,,
easy_s01_q0026,f_n3p_knn,Easy,d16_20,0.46024857996962965,0.025431739864870906,-0.43481684010475874,True,True,0,0,True,True,0,0,3,0,0.025739255453145038,0.02211928772195315,,
easy_s01_q0026,md_dqn,Easy,d16_20,0.17257771897129714,0.1668964105192572,-0.005681308452039957,False,False,0,0,False,False,0,0,600,600,,,md_dqn_not_reached,md_dqn_not_reached
easy_s01_q0026,n3p_k1,Easy,d16_20,0.3692488551605493,0.22375704417936504,-0.14549181098118424,True,True,0,0,True,True,0,0,88,87,-0.0047215170115940674,-0.004736540355938401,,
easy_s01_q0026,vanilla_ha,Easy,d16_20,0.24964237213134766,0.2504427433013916,0.0008003711700439453,True,True,0,0,False,False,0,0,145,145,,,,
easy_s01_q0026,voronoi_waypoint,Easy,d16_20,0.6206108471378684,0.6196433508303016,-0.000967496307566762,True,True,0,0,False,False,0,0,4,4,0.037482605114316225,0.037482605114316225,,
easy_s01_q0027,bottleneck_waypoint,Easy,d20_inf,0.6269247829914093,0.6309073099400848,0.003982526948675513,True,True,0,0,False,False,0,0,4,4,0.008280641737876904,0.008280641737876904,,
easy_s01_q0027,f_n3p_knn,Easy,d20_inf,0.0009651829022914171,0.0009764009155333042,1.1218013241887093e-05,True,True,0,0,False,False,0,0,0,0,2.220446049250313e-16,2.220446049250313e-16,,
easy_s01_q0027,md_dqn,Easy,d20_inf,0.17236658046022058,0.16049669426865876,-0.011869886191561818,False,False,0,0,False,False,0,0,600,600,,,md_dqn_not_reached,md_dqn_not_reached
easy_s01_q0027,n3p_k1,Easy,d20_inf,0.0009405149612575769,0.0011399558279663324,0.0001994408667087555,True,True,0,0,False,False,0,0,0,0,2.220446049250313e-16,2.220446049250313e-16,,
easy_s01_q0027,vanilla_ha,Easy,d20_inf,0.15286874771118164,0.15663456916809082,0.0037658214569091797,True,True,0,0,False,False,0,0,1,1,,,,
easy_s01_q0027,voronoi_waypoint,Easy,d20_inf,0.7708774148486555,0.7727534880395979,0.0018760731909424067,True,True,0,0,False,False,0,0,5,5,0.028418720345845028,0.025153442603758513,,
easy_s01_q0028,bottleneck_waypoint,Easy,d08_12,0.3294528890401125,0.3317353390157223,0.0022824499756097794,True,True,0,0,False,False,0,0,2,2,-0.024947303002271992,-0.024947303002271992,,
easy_s01_q0028,f_n3p_knn,Easy,d08_12,0.30558073287829757,0.019305796828120947,-0.2862749360501766,True,True,0,0,True,True,0,0,2,0,-0.03703497892522489,-0.03779976522763273,,
easy_s01_q0028,md_dqn,Easy,d08_12,0.17041745618917048,0.16732862498611212,-0.003088831203058362,False,False,0,0,False,False,0,0,600,600,,,md_dqn_not_reached,md_dqn_not_reached
easy_s01_q0028,n3p_k1,Easy,d08_12,0.43099964200519025,0.4315777749288827,0.0005781329236924648,True,True,0,0,True,True,0,0,367,367,-0.03857476262906345,-0.03857476262906345,,
easy_s01_q0028,vanilla_ha,Easy,d08_12,0.18525242805480957,0.18691730499267578,0.001664876937866211,True,True,0,0,False,False,0,0,61,61,,,,
easy_s01_q0028,voronoi_waypoint,Easy,d08_12,0.328774516005069,0.3303160239011049,0.0015415078960359097,True,True,0,0,False,False,0,0,2,2,-0.032421397233275084,-0.032421397233275084,,
easy_s01_q0029,bottleneck_waypoint,Easy,d12_16,0.475992338033393,0.4750155739020556,-0.0009767641313374043,True,True,0,0,False,False,0,0,3,3,0.0458216143663539,0.0458216143663539,,
easy_s01_q0029,f_n3p_knn,Easy,d12_16,0.3057845670264214,0.01779757719486952,-0.2879869898315519,True,True,0,0,True,True,0,0,2,0,0.06009371146957454,0.03434022601892672,,
easy_s01_q0029,md_dqn,Easy,d12_16,0.1719697096850723,0.16948907589539886,-0.0024806337896734476,False,False,0,0,False,False,0,0,600,600,,,md_dqn_not_reached,md_dqn_not_reached
easy_s01_q0029,n3p_k1,Easy,d12_16,0.3077594949863851,0.1607929291203618,-0.1469665658660233,True,True,0,0,True,True,0,0,12,11,0.01138619366885707,0.011375000040659167,,
easy_s01_q0029,vanilla_ha,Easy,d12_16,0.22252941131591797,0.22257304191589355,4.363059997558594e-05,True,True,0,0,False,False,0,0,96,96,,,,
easy_s01_q0029,voronoi_waypoint,Easy,d12_16,0.4751911200582981,0.47570169484242797,0.000510574784129858,True,True,0,0,False,False,0,0,3,3,0.07590842077540261,0.06570444479743531,,
easy_s01_q0030,bottleneck_waypoint,Easy,d16_20,0.4813518568407744,0.47875409410335124,-0.0025977627374231815,True,True,0,0,False,False,0,0,3,3,0.02461223855487349,0.02461223855487349,,
easy_s01_q0030,f_n3p_knn,Easy,d16_20,0.32240895996801555,0.17525281780399382,-0.14715614216402173,True,True,0,0,True,True,0,0,20,19,-0.03459301771095369,-0.03460403153098046,,
easy_s01_q0030,md_dqn,Easy,d16_20,0.1707626967690885,0.16836641891859472,-0.0023962778504937887,False,False,0,0,False,False,0,0,600,600,,,md_dqn_not_reached,md_dqn_not_reached
easy_s01_q0030,n3p_k1,Easy,d16_20,0.28740633092820644,0.28586320183239877,-0.0015431290958076715,True,True,0,0,True,True,0,0,241,241,0.0,0.0,,
easy_s01_q0030,vanilla_ha,Easy,d16_20,0.27838921546936035,0.28069615364074707,0.0023069381713867188,True,True,0,0,False,False,0,0,241,241,,,,
easy_s01_q0030,voronoi_waypoint,Easy,d16_20,0.6225336480420083,0.6259309879969805,0.003397339954972267,True,True,0,0,False,False,0,0,4,4,0.032582231725566624,0.032582231725566624,,
easy_s01_q0031,bottleneck_waypoint,Easy,d20_inf,0.47654085303656757,0.47605072893202305,-0.0004901241045445204,True,True,0,0,False,False,0,0,3,3,0.028126596156411443,0.028126596156411443,,
easy_s01_q0031,f_n3p_knn,Easy,d20_inf,0.31095068505965173,0.016818298026919365,-0.29413238703273237,True,True,0,0,True,True,0,0,2,0,-0.0023542910498394187,-0.0042441078350174966,,
easy_s01_q0031,md_dqn,Easy,d20_inf,0.1695891753770411,0.16793487849645317,-0.0016542968805879354,False,False,0,0,False,False,0,0,600,600,,,md_dqn_not_reached,md_dqn_not_reached
easy_s01_q0031,n3p_k1,Easy,d20_inf,1.684647544985637,1.5396036158781499,-0.1450439291074872,True,True,0,0,True,True,0,0,1286,1279,-0.0013867653579666683,-0.001445694132256592,,
easy_s01_q0031,vanilla_ha,Easy,d20_inf,0.26606225967407227,0.26746702194213867,0.0014047622680664062,True,True,0,0,False,False,0,0,209,209,,,,
easy_s01_q0031,voronoi_waypoint,Easy,d20_inf,0.7618961250409484,0.760581596987322,-0.0013145280536264181,True,True,0,0,False,False,0,0,5,5,0.03787245984241716,0.0549379128132621,,
easy_s01_q0032,bottleneck_waypoint,Easy,d08_12,0.47977792704477906,0.48237196006812155,0.00259403302334249,True,True,0,0,False,False,0,0,3,3,0.040172213802176504,0.040172213802176504,,
easy_s01_q0032,f_n3p_knn,Easy,d08_12,0.0005261080805212259,0.0005179599393159151,-8.148141205310822e-06,True,True,0,0,False,False,0,0,0,0,0.0,0.0,,
easy_s01_q0032,md_dqn,Easy,d08_12,0.23322231601923704,0.23313387692905962,-8.84390901774168e-05,False,False,0,0,False,False,0,0,600,600,,,md_dqn_not_reached,md_dqn_not_reached
easy_s01_q0032,n3p_k1,Easy,d08_12,0.0005019230302423239,0.0004991339519619942,-2.7890782803297043e-06,True,True,0,0,False,False,0,0,0,0,0.0,0.0,,
easy_s01_q0032,vanilla_ha,Easy,d08_12,0.15020990371704102,0.1504061222076416,0.00019621849060058594,True,True,0,0,False,False,0,0,1,1,,,,
easy_s01_q0032,voronoi_waypoint,Easy,d08_12,0.4819654000457376,0.4795740870758891,-0.0023913129698485136,True,True,0,0,False,False,0,0,3,3,0.022655909957667975,0.022655909957667975,,
easy_s01_q0033,bottleneck_waypoint,Easy,d12_16,0.482934582978487,0.4836629561614245,0.0007283731829375029,True,True,0,0,False,False,0,0,3,3,0.1231448409996927,0.1231448409996927,,
easy_s01_q0033,f_n3p_knn,Easy,d12_16,0.37467200797982514,0.2251894490327686,-0.14948255894705653,True,True,0,0,True,True,0,0,89,88,-0.021760791910501953,-0.021872878472988022,,
easy_s01_q0033,md_dqn,Easy,d12_16,0.16975122690200806,0.16718619572930038,-0.002565031172707677,False,False,0,0,False,False,0,0,600,600,,,md_dqn_not_reached,md_dqn_not_reached
easy_s01_q0033,n3p_k1,Easy,d12_16,0.16368513298220932,0.16267139301635325,-0.0010137399658560753,True,True,0,0,True,True,0,0,7,7,-0.023017115559256895,-0.023017115559256895,,
easy_s01_q0033,vanilla_ha,Easy,d12_16,0.6547725200653076,0.6572926044464111,0.0025200843811035156,True,True,0,0,False,False,0,0,823,823,,,,
easy_s01_q0033,voronoi_waypoint,Easy,d12_16,0.6275554008316249,0.6280718829948455,0.000516482163220644,True,True,0,0,False,False,0,0,4,4,0.25245815433560437,0.25245815433560437,,
easy_s01_q0034,bottleneck_waypoint,Easy,d16_20,0.6199523850809783,0.6220473998691887,0.002095014788210392,True,True,0,0,False,False,0,0,4,4,0.14780603659975178,0.14780603659975178,,
easy_s01_q0034,f_n3p_knn,Easy,d16_20,0.32207595300860703,0.1765648270957172,-0.14551112591288984,True,True,0,0,True,True,0,0,17,16,0.02765312315841517,0.026094359929071942,,
easy_s01_q0034,md_dqn,Easy,d16_20,0.1697116643190384,0.16729400819167495,-0.0024176561273634434,False,False,0,0,False,False,0,0,600,600,,,md_dqn_not_reached,md_dqn_not_reached
easy_s01_q0034,n3p_k1,Easy,d16_20,0.31906719389371574,0.17050761403515935,-0.1485595798585564,True,True,0,0,True,True,0,0,17,16,0.02765312315841517,0.026094359929071942,,
easy_s01_q0034,vanilla_ha,Easy,d16_20,0.17616724967956543,0.1757204532623291,-0.0004467964172363281,True,True,0,0,False,False,0,0,57,57,,,,
easy_s01_q0034,voronoi_waypoint,Easy,d16_20,0.6543172739911824,0.65629325597547,0.0019759819842875004,True,True,0,0,False,False,0,0,40,40,0.16586411381936994,0.16586411381936994,,
easy_s01_q0035,bottleneck_waypoint,Easy,d20_inf,1.1406468939967453,1.2078108149580657,0.0671639209613204,True,True,0,0,False,False,0,0,11,12,0.030870154974183883,0.037056829227311905,,
easy_s01_q0035,f_n3p_knn,Easy,d20_inf,0.6638309871777892,0.4784020360093564,-0.18542895116843283,True,True,0,0,True,True,0,0,275,274,-0.017367531023079197,-0.018505135710388698,,
easy_s01_q0035,md_dqn,Easy,d20_inf,0.00148862786591053,0.001477769110351801,-1.0858755558729172e-05,False,False,0,0,False,False,0,0,1,1,,,md_dqn_not_reached,md_dqn_not_reached
easy_s01_q0035,n3p_k1,Easy,d20_inf,0.5508210321422666,0.5160277709364891,-0.034793261205777526,True,True,0,0,True,True,0,0,440,440,-0.009733568089772993,-0.009733568089772993,,
easy_s01_q0035,vanilla_ha,Easy,d20_inf,0.3377871513366699,0.3145771026611328,-0.02321004867553711,True,True,0,0,False,False,0,0,281,281,,,,
easy_s01_q0035,voronoi_waypoint,Easy,d20_inf,1.1379388819914311,1.0794057238381356,-0.05853315815329552,True,True,0,0,False,False,0,0,13,37,0.012722471983451555,0.013360990721678956,,
easy_s01_q0036,bottleneck_waypoint,Easy,d08_12,0.365998248802498,0.3403577709104866,-0.025640477892011404,True,True,0,0,False,False,0,0,8,8,0.07157857048873528,0.07157857048873528,,
easy_s01_q0036,f_n3p_knn,Easy,d08_12,0.25839169905520976,0.2436747148167342,-0.014716984238475561,True,True,0,0,True,True,0,0,85,85,6.254119726678553e-05,6.254119726678553e-05,,
easy_s01_q0036,md_dqn,Easy,d08_12,0.1719030977692455,0.16803991002961993,-0.003863187739625573,False,False,0,0,False,False,0,0,600,600,,,md_dqn_not_reached,md_dqn_not_reached
easy_s01_q0036,n3p_k1,Easy,d08_12,0.25642484007403255,0.2423267080448568,-0.014098132029175758,True,True,0,0,True,True,0,0,85,85,6.254119726678553e-05,6.254119726678553e-05,,
easy_s01_q0036,vanilla_ha,Easy,d08_12,0.2931201457977295,0.27733373641967773,-0.015786409378051758,True,True,0,0,False,False,0,0,157,157,,,,
easy_s01_q0036,voronoi_waypoint,Easy,d08_12,0.6087697010952979,0.5770495960023254,-0.03172010509297252,True,True,0,0,False,False,0,0,93,107,0.07532378872326406,0.10312692201897367,,
easy_s01_q0037,bottleneck_waypoint,Easy,d12_16,0.35736452997662127,0.3376636269968003,-0.019700902979820967,True,True,0,0,False,False,0,0,2,2,0.01125236175576494,0.01125236175576494,,
easy_s01_q0037,f_n3p_knn,Easy,d12_16,0.27204043488018215,0.2619542758911848,-0.01008615898899734,True,True,0,0,True,True,0,0,161,161,0.0,0.0,,
easy_s01_q0037,md_dqn,Easy,d12_16,0.17415475519374013,0.16909156134352088,-0.00506319385021925,False,False,0,0,False,False,0,0,600,600,,,md_dqn_not_reached,md_dqn_not_reached
easy_s01_q0037,n3p_k1,Easy,d12_16,0.2758212119806558,0.26135473512113094,-0.014466476859524846,True,True,0,0,True,True,0,0,161,161,0.0,0.0,,
easy_s01_q0037,vanilla_ha,Easy,d12_16,0.2638568878173828,0.25203919410705566,-0.011817693710327148,True,True,0,0,False,False,0,0,161,161,,,,
easy_s01_q0037,voronoi_waypoint,Easy,d12_16,0.5110925899352878,0.47713750205002725,-0.03395508788526058,True,True,0,0,False,False,0,0,3,3,0.0742480575711435,0.0742480575711435,,
easy_s01_q0038,bottleneck_waypoint,Easy,d16_20,0.8425812651403248,0.7890163899865001,-0.05356487515382469,True,True,0,0,False,False,0,0,23,23,0.20842286724103443,0.1898957651448112,,
easy_s01_q0038,f_n3p_knn,Easy,d16_20,0.16383865987882018,0.00887844106182456,-0.15496021881699562,True,True,0,0,False,False,0,0,1,0,-0.0009949104545345921,-0.0012796558711130057,,
easy_s01_q0038,md_dqn,Easy,d16_20,0.41251418460160494,0.40233216690830886,-0.010182017693296075,False,False,0,0,False,False,0,0,585,585,,,md_dqn_not_reached,md_dqn_not_reached
easy_s01_q0038,n3p_k1,Easy,d16_20,0.16207485599443316,0.00724803889170289,-0.15482681710273027,True,True,0,0,False,False,0,0,1,0,-0.0009949104545345921,-0.0012796558711130057,,
easy_s01_q0038,vanilla_ha,Easy,d16_20,0.16225790977478027,0.1532907485961914,-0.008967161178588867,True,True,0,0,False,False,0,0,9,9,,,,
easy_s01_q0038,voronoi_waypoint,Easy,d16_20,0.6771535789594054,0.6309742138255388,-0.04617936513386667,True,True,0,0,False,False,0,0,16,16,0.23813246370200214,0.23588055699921795,,
easy_s01_q0039,bottleneck_waypoint,Easy,d20_inf,1.198323671007529,1.2124667498283088,0.01414307882077992,True,True,0,0,False,False,0,0,11,11,,,,
easy_s01_q0039,f_n3p_knn,Easy,d20_inf,0.6666872899513692,0.042075667064636946,-0.6246116228867322,True,True,0,0,True,True,0,0,4,0,,,,
easy_s01_q0039,md_dqn,Easy,d20_inf,0.44215552345849574,0.4396777879446745,-0.0024777355138212442,False,False,0,0,False,False,0,0,431,431,,,md_dqn_not_reached,md_dqn_not_reached
easy_s01_q0039,n3p_k1,Easy,d20_inf,1.2532909831497818,0.8919806098565459,-0.3613103732932359,True,True,0,0,True,True,0,0,628,626,,,,
easy_s01_q0039,vanilla_ha,Easy,d20_inf,2.5024173259735107,2.5009632110595703,-0.0014541149139404297,False,False,0,0,False,False,0,0,4921,5233,,,timeout,timeout
easy_s01_q0039,voronoi_waypoint,Easy,d20_inf,1.1236505629494786,1.0602837388869375,-0.06336682406254113,True,True,0,0,False,False,0,0,23,11,,,,
easy_s02_q0040,bottleneck_waypoint,Easy,d08_12,0.51255206996575,0.47706852410919964,-0.035483545856550336,True,True,0,0,False,False,0,0,3,3,0.6354524091624483,0.6354524091624483,,
easy_s02_q0040,f_n3p_knn,Easy,d08_12,0.17009108886122704,0.158372996840626,-0.011718092020601034,True,True,0,0,True,True,0,0,7,7,0.010212618636343151,0.010212618636343151,,
easy_s02_q0040,md_dqn,Easy,d08_12,0.2837452085223049,0.2798962867818773,-0.0038489217404276133,False,False,0,0,False,False,0,0,537,537,,,md_dqn_not_reached,md_dqn_not_reached
easy_s02_q0040,n3p_k1,Easy,d08_12,0.16871040780097246,0.15642117685638368,-0.01228923094458878,True,True,0,0,True,True,0,0,7,7,0.010212618636343151,0.010212618636343151,,
easy_s02_q0040,vanilla_ha,Easy,d08_12,0.1608109474182129,0.15448641777038574,-0.0063245296478271484,True,True,0,0,False,False,0,0,8,8,,,,
easy_s02_q0040,voronoi_waypoint,Easy,d08_12,0.5195303200744092,0.48432598798535764,-0.035204332089051604,True,True,0,0,False,False,0,0,15,15,0.5826653249707618,0.5826653249707618,,
easy_s02_q0041,bottleneck_waypoint,Easy,d12_16,0.5052424699533731,0.47438207105733454,-0.030860398896038532,True,True,0,0,False,False,0,0,3,3,-0.012997811969835738,-0.012997811969835738,,
easy_s02_q0041,f_n3p_knn,Easy,d12_16,0.23175655608065426,0.21897815098054707,-0.012778405100107193,True,True,0,0,True,True,0,0,93,93,-0.02097270403442486,-0.02097270403442486,,
easy_s02_q0041,md_dqn,Easy,d12_16,0.1722708446905017,0.17042770492844284,-0.001843139762058854,False,False,0,0,False,False,0,0,600,600,,,md_dqn_not_reached,md_dqn_not_reached
easy_s02_q0041,n3p_k1,Easy,d12_16,0.23179807793349028,0.2165078551042825,-0.015290222829207778,True,True,0,0,True,True,0,0,93,93,-0.02097270403442486,-0.02097270403442486,,
easy_s02_q0041,vanilla_ha,Easy,d12_16,0.18356800079345703,0.17320990562438965,-0.010358095169067383,True,True,0,0,False,False,0,0,49,49,,,,
easy_s02_q0041,voronoi_waypoint,Easy,d12_16,0.5079506910406053,0.470431970898062,-0.037518720142543316,True,True,0,0,False,False,0,0,3,3,0.006536137490920968,0.026789897831241305,,
easy_s02_q0042,bottleneck_waypoint,Easy,d16_20,0.6686157479416579,0.6242079718504101,-0.0444077760912478,True,True,0,0,False,False,0,0,4,4,0.15295399257693165,0.16525386092366068,,
easy_s02_q0042,f_n3p_knn,Easy,d16_20,0.0006950311362743378,0.0006922758184373379,-2.755317836999893e-06,True,True,0,0,False,False,0,0,0,0,0.0,0.0,,
easy_s02_q0042,md_dqn,Easy,d16_20,0.17269358760677278,0.16846467042341828,-0.004228917183354497,False,False,0,0,False,False,0,0,600,600,,,md_dqn_not_reached,md_dqn_not_reached
easy_s02_q0042,n3p_k1,Easy,d16_20,0.0007269580382853746,0.0006684879772365093,-5.847006104886532e-05,True,True,0,0,False,False,0,0,0,0,0.0,0.0,,
easy_s02_q0042,vanilla_ha,Easy,d16_20,0.15794587135314941,0.14961481094360352,-0.008331060409545898,True,True,0,0,False,False,0,0,1,1,,,,
easy_s02_q0042,voronoi_waypoint,Easy,d16_20,0.6642633760347962,0.6212015631608665,-0.04306181287392974,True,True,0,0,False,False,0,0,4,4,0.08932947547115488,0.09056722865296263,,
easy_s02_q0043,bottleneck_waypoint,Easy,d20_inf,0.6706525038462132,0.6244216931518167,-0.046230810694396496,True,True,0,0,False,False,0,0,4,4,-0.025163429345077315,-0.019644083157168257,,
easy_s02_q0043,f_n3p_knn,Easy,d20_inf,0.33778741396963596,0.021101636113598943,-0.316685777856037,True,True,0,0,False,False,0,0,2,0,-0.03444094519465546,-0.03532062426502858,,
easy_s02_q0043,md_dqn,Easy,d20_inf,0.174448368139565,0.16927815624512732,-0.005170211894437671,False,False,0,0,False,False,0,0,600,600,,,md_dqn_not_reached,md_dqn_not_reached
easy_s02_q0043,n3p_k1,Easy,d20_inf,0.3361077329609543,0.018677894957363605,-0.3174298380035907,True,True,0,0,False,False,0,0,2,0,-0.03444094519465546,-0.03532062426502858,,
easy_s02_q0043,vanilla_ha,Easy,d20_inf,0.3016932010650635,0.2859170436859131,-0.01577615737915039,True,True,0,0,False,False,0,0,401,401,,,,
easy_s02_q0043,voronoi_waypoint,Easy,d20_inf,0.8267805748619139,0.7666216280777007,-0.060158946784213185,True,True,0,0,False,False,0,0,5,5,0.02022970678263536,0.01976190480831086,,
easy_s02_q0044,bottleneck_waypoint,Easy,d08_12,0.3589543600101024,0.33545739692635834,-0.02349696308374405,True,True,0,0,False,False,0,0,2,2,0.001996639117290977,0.00879479642088854,,
easy_s02_q0044,f_n3p_knn,Easy,d08_12,0.0004852320998907089,0.00047588394954800606,-9.348150342702866e-06,True,True,0,0,False,False,0,0,0,0,4.440892098500626e-16,4.440892098500626e-16,,
easy_s02_q0044,md_dqn,Easy,d08_12,0.17088496824726462,0.16837855544872582,-0.002506412798538804,False,False,0,0,False,False,0,0,600,600,,,md_dqn_not_reached,md_dqn_not_reached
easy_s02_q0044,n3p_k1,Easy,d08_12,0.0004709050990641117,0.00046621193177998066,-4.69316728413105e-06,True,True,0,0,False,False,0,0,0,0,4.440892098500626e-16,4.440892098500626e-16,,
easy_s02_q0044,vanilla_ha,Easy,d08_12,0.15949249267578125,0.15186643600463867,-0.007626056671142578,True,True,0,0,False,False,0,0,1,1,,,,
easy_s02_q0044,voronoi_waypoint,Easy,d08_12,0.35688206111080945,0.3343339019920677,-0.02254815911874175,True,True,0,0,False,False,0,0,2,2,0.001398932978272871,0.008582041786426853,,
easy_s02_q0045,bottleneck_waypoint,Easy,d12_16,0.35534203494898975,0.33271370409056544,-0.022628330858424306,True,True,0,0,False,False,0,0,2,2,0.12114519928249567,0.11954461459466037,,
easy_s02_q0045,f_n3p_knn,Easy,d12_16,0.9979251609183848,0.9466413299087435,-0.05128383100964129,True,True,0,0,True,True,0,0,1141,1141,0.0,0.0,,
easy_s02_q0045,md_dqn,Easy,d12_16,0.17195603530853987,0.16992254555225372,-0.0020334897562861443,False,False,0,0,False,False,0,0,600,600,,,md_dqn_not_reached,md_dqn_not_reached
easy_s02_q0045,n3p_k1,Easy,d12_16,0.9974368249531835,0.9466910851188004,-0.05074573983438313,True,True,0,0,True,True,0,0,1141,1141,0.0,0.0,,
easy_s02_q0045,vanilla_ha,Easy,d12_16,0.9870126247406006,0.9392910003662109,-0.04772162437438965,True,True,0,0,False,False,0,0,1141,1141,,,,
easy_s02_q0045,voronoi_waypoint,Easy,d12_16,0.5035689561627805,0.46813017106615007,-0.035438785096630454,True,True,0,0,False,False,0,0,3,3,0.1395344126308955,0.14166737589277378,,
easy_s02_q0046,bottleneck_waypoint,Easy,d16_20,0.6795241970103234,0.6653086491860449,-0.014215547824278474,True,True,0,0,False,False,0,0,4,4,0.04009282503956224,0.04175300612651456,,
easy_s02_q0046,f_n3p_knn,Easy,d16_20,0.6410025891382247,0.17912033013999462,-0.4618822589982301,True,True,0,0,True,True,0,0,7,4,0.27706996104469694,0.25757823137758806,,
easy_s02_q0046,md_dqn,Easy,d16_20,0.17154708527959883,0.4109806609340012,0.23943357565440238,False,False,0,0,False,False,0,0,600,600,,,md_dqn_not_reached,md_dqn_not_reached
easy_s02_q0046,n3p_k1,Easy,d16_20,0.49190637189894915,0.17926849913783371,-0.31263787276111543,True,True,0,0,True,True,0,0,13,11,0.24378100985703388,0.24123805608305382,,
easy_s02_q0046,vanilla_ha,Easy,d16_20,0.2533233165740967,0.24235248565673828,-0.010970830917358398,True,True,0,0,False,False,0,0,171,171,,,,
easy_s02_q0046,voronoi_waypoint,Easy,d16_20,0.6527287589851767,0.6594608458690345,0.006732086883857846,True,True,0,0,False,False,0,0,4,4,0.05363576314261875,0.05363576314261875,,
easy_s02_q0047,bottleneck_waypoint,Easy,d20_inf,0.9687908110208809,0.9153446678537875,-0.053446143167093396,True,True,0,0,False,False,0,0,6,6,0.07751410345729282,0.07751410345729282,,
easy_s02_q0047,f_n3p_knn,Easy,d20_inf,0.5071275040972978,0.1841955380514264,-0.3229319660458714,True,True,0,0,True,True,0,0,18,16,0.010316594407176582,0.00608485806041692,,
easy_s02_q0047,md_dqn,Easy,d20_inf,0.17061412939801812,0.16823499486781657,-0.0023791345302015543,False,False,0,0,False,False,0,0,600,600,,,md_dqn_not_reached,md_dqn_not_reached
easy_s02_q0047,n3p_k1,Easy,d20_inf,0.5020254531409591,0.18280874495394528,-0.31921670818701386,True,True,0,0,True,True,0,0,18,16,0.010316594407176582,0.00608485806041692,,
easy_s02_q0047,vanilla_ha,Easy,d20_inf,1.7900938987731934,1.7729623317718506,-0.017131567001342773,True,True,0,0,False,False,0,0,2721,2721,,,,
easy_s02_q0047,voronoi_waypoint,Easy,d20_inf,0.8131160931661725,0.7737718289718032,-0.039344264194369316,True,True,0,0,False,False,0,0,5,5,0.06919627299854403,0.06635493413496407,,
easy_s02_q0048,bottleneck_waypoint,Easy,d08_12,0.3583123618736863,0.33899762388318777,-0.019314737990498543,True,True,0,0,False,False,0,0,2,2,0.004091567949638941,0.004091567949638941,,
easy_s02_q0048,f_n3p_knn,Easy,d08_12,0.0005186239723116159,0.0004781549796462059,-4.046899266541004e-05,True,True,0,0,False,False,0,0,0,0,2.220446049250313e-16,2.220446049250313e-16,,
easy_s02_q0048,md_dqn,Easy,d08_12,0.2069450239650905,0.20571977272629738,-0.0012252512387931347,False,False,0,0,False,False,0,0,266,266,,,md_dqn_not_reached,md_dqn_not_reached
easy_s02_q0048,n3p_k1,Easy,d08_12,0.00045834900811314583,0.0004465340171009302,-1.1814991012215614e-05,True,True,0,0,False,False,0,0,0,0,2.220446049250313e-16,2.220446049250313e-16,,
easy_s02_q0048,vanilla_ha,Easy,d08_12,0.15682506561279297,0.15092086791992188,-0.005904197692871094,True,True,0,0,False,False,0,0,1,1,,,,
easy_s02_q0048,voronoi_waypoint,Easy,d08_12,0.3582233388442546,0.3352369510103017,-0.022986387833952904,True,True,0,0,False,False,0,0,2,2,0.01222853584232797,0.01222853584232797,,
easy_s02_q0049,bottleneck_waypoint,Easy,d12_16,0.5126210460439324,0.48365221498534083,-0.028968831058591604,True,True,0,0,False,False,0,0,3,3,0.040060635978824255,0.040060635978824255,,
easy_s02_q0049,f_n3p_knn,Easy,d12_16,0.6477509769611061,0.026989910984411836,-0.6207610659766942,True,True,0,0,True,True,0,0,4,0,0.32078765970546175,0.30997038468804927,,
easy_s02_q0049,md_dqn,Easy,d12_16,0.34325432078912854,0.3027384397573769,-0.04051588103175163,False,False,0,0,False,False,0,0,569,569,,,md_dqn_not_reached,md_dqn_not_reached
easy_s02_q0049,n3p_k1,Easy,d12_16,0.5058661880902946,0.1841483290772885,-0.3217178590130061,True,True,0,0,True,True,0,0,21,19,0.016656758562706875,0.011825781462707186,,
easy_s02_q0049,vanilla_ha,Easy,d12_16,1.3672192096710205,1.23311185836792,-0.13410735130310059,True,True,0,0,False,False,0,0,1675,1675,,,,
easy_s02_q0049,voronoi_waypoint,Easy,d12_16,0.5257983230985701,0.4884439050219953,-0.0373544180765748,True,True,0,0,False,False,0,0,24,11,0.07286025410673136,0.11331524543097449,,
easy_s02_q0050,bottleneck_waypoint,Easy,d16_20,0.6594435770530254,0.6218077789526433,-0.03763579810038209,True,True,0,0,False,False,0,0,4,4,0.07832099882177013,0.07308546432885299,,
easy_s02_q0050,f_n3p_knn,Easy,d16_20,0.0008126078173518181,0.0007534960750490427,-5.911174230277538e-05,True,True,0,0,False,False,0,0,0,0,0.0,0.0,,
easy_s02_q0050,md_dqn,Easy,d16_20,0.3872169563546777,0.16836498654447496,-0.21885196981020272,False,False,0,0,False,False,0,0,600,600,,,md_dqn_not_reached,md_dqn_not_reached
easy_s02_q0050,n3p_k1,Easy,d16_20,0.0007391809485852718,0.000724172918125987,-1.5008030459284782e-05,True,True,0,0,False,False,0,0,0,0,0.0,0.0,,
easy_s02_q0050,vanilla_ha,Easy,d16_20,0.16124463081359863,0.15185308456420898,-0.009391546249389648,True,True,0,0,False,False,0,0,1,1,,,,
easy_s02_q0050,voronoi_waypoint,Easy,d16_20,0.6598926489241421,0.6210202970542014,-0.03887235186994076,True,True,0,0,False,False,0,0,4,4,0.15725219362592568,0.15434316401640458,,
easy_s02_q0051,bottleneck_waypoint,Easy,d20_inf,0.6612459870520979,0.621271908050403,-0.03997407900169492,True,True,0,0,False,False,0,0,4,4,0.03400862974166219,0.03400862974166219,,
easy_s02_q0051,f_n3p_knn,Easy,d20_inf,0.5432543840724975,0.5154028588440269,-0.027851525228470564,True,True,0,0,True,True,0,0,385,385,-0.019314747383939568,-0.019314747383939568,,
easy_s02_q0051,md_dqn,Easy,d20_inf,0.1705550877377391,0.1679266847204417,-0.002628403017297387,False,False,0,0,False,False,0,0,600,600,,,md_dqn_not_reached,md_dqn_not_reached
easy_s02_q0051,n3p_k1,Easy,d20_inf,0.5379130409564823,0.5129367250483483,-0.024976315908133984,True,True,0,0,True,True,0,0,385,385,-0.019314747383939568,-0.019314747383939568,,
easy_s02_q0051,vanilla_ha,Easy,d20_inf,0.16002488136291504,0.15597915649414062,-0.004045724868774414,True,True,0,0,False,False,0,0,17,17,,,,
easy_s02_q0051,voronoi_waypoint,Easy,d20_inf,0.8188959481194615,0.768758008023724,-0.050137940095737576,True,True,0,0,False,False,0,0,5,5,0.05204454065833719,0.0555990283042036,,
easy_s02_q0052,bottleneck_waypoint,Easy,d08_12,0.6605927259661257,0.6173116341233253,-0.04328109184280038,True,True,0,0,False,False,0,0,4,4,0.33637268034516765,0.34477331762553365,,
easy_s02_q0052,f_n3p_knn,Easy,d08_12,0.3416695878840983,0.17780422000214458,-0.16386536788195372,True,True,0,0,True,True,0,0,14,13,0.01602211464952452,0.014023560739975904,,
easy_s02_q0052,md_dqn,Easy,d08_12,0.18281301017850637,0.17913088272325695,-0.0036821274552494287,False,False,0,0,False,False,0,0,328,328,,,md_dqn_not_reached,md_dqn_not_reached
easy_s02_q0052,n3p_k1,Easy,d08_12,0.34036934887990355,0.17449610005132854,-0.16587324882857502,True,True,0,0,True,True,0,0,14,13,0.01602211464952452,0.014023560739975904,,
easy_s02_q0052,vanilla_ha,Easy,d08_12,0.47607898712158203,0.45451807975769043,-0.0215609073638916,True,True,0,0,False,False,0,0,396,396,,,,
easy_s02_q0052,voronoi_waypoint,Easy,d08_12,0.5057581819128245,0.47778834705241024,-0.027969834860414267,True,True,0,0,False,False,0,0,3,3,0.2887525307008747,0.2826398064530209,,
easy_s02_q0053,bottleneck_waypoint,Easy,d12_16,0.5082620941102505,0.4782630337867886,-0.02999906032346189,True,True,0,0,False,False,0,0,3,3,0.041402264205574246,0.041402264205574246,,
easy_s02_q0053,f_n3p_knn,Easy,d12_16,0.17043018410913646,0.011024350067600608,-0.15940583404153585,True,True,0,0,True,True,0,0,1,0,-0.017514245360338188,-0.01764625128255326,,
easy_s02_q0053,md_dqn,Easy,d12_16,0.17252459819428623,0.16911135474219918,-0.0034132434520870447,False,False,0,0,False,False,0,0,600,600,,,md_dqn_not_reached,md_dqn_not_reached
easy_s02_q0053,n3p_k1,Easy,d12_16,0.1805224590934813,0.17021634499542415,-0.01030611409805715,True,True,0,0,True,True,0,0,17,17,0.0,0.0,,
easy_s02_q0053,vanilla_ha,Easy,d12_16,0.16832900047302246,0.1610407829284668,-0.007288217544555664,True,True,0,0,False,False,0,0,17,17,,,,
easy_s02_q0053,voronoi_waypoint,Easy,d12_16,0.6590353089850396,0.6214795119594783,-0.03755579702556133,True,True,0,0,False,False,0,0,4,4,0.05435790940256369,0.05435790940256369,,
easy_s02_q0054,bottleneck_waypoint,Easy,d16_20,0.6622599810361862,0.6244959139730781,-0.03776406706310809,True,True,0,0,False,False,0,0,4,4,0.15455122475382743,0.15455122475382743,,
easy_s02_q0054,f_n3p_knn,Easy,d16_20,0.1681539099663496,0.010794869856908917,-0.15735904010944068,True,True,0,0,True,True,0,0,1,0,-0.010355677676834874,-0.01066774155433381,,
easy_s02_q0054,md_dqn,Easy,d16_20,0.17054487601853907,0.1692427070811391,-0.0013021689373999834,False,False,0,0,False,False,0,0,600,600,,,md_dqn_not_reached,md_dqn_not_reached
easy_s02_q0054,n3p_k1,Easy,d16_20,0.1928831939585507,0.18231076980009675,-0.010572424158453941,True,True,0,0,True,True,0,0,49,49,0.0,0.0,,
easy_s02_q0054,vanilla_ha,Easy,d16_20,0.1804056167602539,0.17290759086608887,-0.007498025894165039,True,True,0,0,False,False,0,0,49,49,,,,
easy_s02_q0054,voronoi_waypoint,Easy,d16_20,0.6619209218770266,0.6218048308510333,-0.04011609102599323,True,True,0,0,False,False,0,0,4,4,0.15183742393104382,0.15183742393104382,,
easy_s02_q0055,bottleneck_waypoint,Easy,d20_inf,1.124946293886751,1.0530618180055171,-0.07188447588123381,True,True,0,0,False,False,0,0,7,7,0.07504295032326413,0.07690254991289969,,
easy_s02_q0055,f_n3p_knn,Easy,d20_inf,0.49462907086126506,0.02881417190656066,-0.4658148989547044,True,True,0,0,False,False,0,0,3,0,-0.03767409135783739,-0.03767409135783739,,
easy_s02_q0055,md_dqn,Easy,d20_inf,0.20300073246471584,0.19969779020175338,-0.0033029422629624605,False,False,0,0,False,False,0,0,600,600,,,md_dqn_not_reached,md_dqn_not_reached
easy_s02_q0055,n3p_k1,Easy,d20_inf,0.49460476404055953,0.026298569981008768,-0.46830619405955076,True,True,0,0,False,False,0,0,3,0,-0.03767409135783739,-0.03767409135783739,,
easy_s02_q0055,vanilla_ha,Easy,d20_inf,0.2435319423675537,0.22974061965942383,-0.013791322708129883,True,True,0,0,False,False,0,0,97,97,,,,
easy_s02_q0055,voronoi_waypoint,Easy,d20_inf,0.8229736420325935,0.7733620200306177,-0.049611622001975775,True,True,0,0,False,False,0,0,5,5,0.12264402085032966,0.12067500695846567,,
easy_s02_q0056,bottleneck_waypoint,Easy,d08_12,0.3490667340811342,0.32804461498744786,-0.021022119093686342,True,True,0,0,False,False,0,0,2,2,0.007449374558999855,0.007449374558999855,,
easy_s02_q0056,f_n3p_knn,Easy,d08_12,0.3163925569970161,0.01305552595295012,-0.30333703104406595,True,True,0,0,True,True,0,0,2,0,0.5432490898864137,0.5384543145360419,,
easy_s02_q0056,md_dqn,Easy,d08_12,0.13871214212849736,0.13867978821508586,-3.235391341149807e-05,False,False,0,0,False,False,0,0,290,290,,,md_dqn_not_reached,md_dqn_not_reached
easy_s02_q0056,n3p_k1,Easy,d08_12,0.31483929487876594,0.1549179118592292,-0.15992138301953673,True,True,0,0,True,True,0,0,4,3,0.38701928532864893,0.38676285783465736,,
easy_s02_q0056,vanilla_ha,Easy,d08_12,0.16293716430664062,0.15216898918151855,-0.01076817512512207,True,True,0,0,False,False,0,0,11,11,,,,
easy_s02_q0056,voronoi_waypoint,Easy,d08_12,0.3475822671316564,0.326772146159783,-0.020810120971873403,True,True,0,0,False,False,0,0,2,2,0.009906456889729576,0.009906456889729576,,
easy_s02_q0057,bottleneck_waypoint,Easy,d12_16,0.5083075340371579,0.47782376897521317,-0.030483765061944723,True,True,0,0,False,False,0,0,3,3,0.007287615825757765,0.007287615825757765,,
easy_s02_q0057,f_n3p_knn,Easy,d12_16,0.16491595096886158,0.010726750828325748,-0.15418920014053583,True,True,0,0,True,True,0,0,1,0,-0.002065325404510432,-0.0032208781162482714,,
easy_s02_q0057,md_dqn,Easy,d12_16,0.17269103089347482,0.17151028010994196,-0.001180750783532858,False,False,0,0,False,False,0,0,600,600,,,md_dqn_not_reached,md_dqn_not_reached
easy_s02_q0057,n3p_k1,Easy,d12_16,0.21231804485432804,0.19871266395784914,-0.013605380896478891,True,True,0,0,True,True,0,0,61,61,-2.7690338706642947e-05,-2.7690338706642947e-05,,
easy_s02_q0057,vanilla_ha,Easy,d12_16,0.19317960739135742,0.18812274932861328,-0.005056858062744141,True,True,0,0,False,False,0,0,64,64,,,,
easy_s02_q0057,voronoi_waypoint,Easy,d12_16,0.5060363640077412,0.4727020668797195,-0.03333429712802172,True,True,0,0,False,False,0,0,3,3,0.04725322475771798,0.04183832129283194,,
easy_s02_q0058,bottleneck_waypoint,Easy,d16_20,0.6598562838044018,0.6192913660779595,-0.04056491772644222,True,True,0,0,False,False,0,0,4,4,0.007924136094231704,0.017605793838924688,,
easy_s02_q0058,f_n3p_knn,Easy,d16_20,0.0007788590155541897,0.0007725008763372898,-6.358139216899872e-06,True,True,0,0,False,False,0,0,0,0,0.0,0.0,,
easy_s02_q0058,md_dqn,Easy,d16_20,0.17439104476943612,0.17279962007887661,-0.0015914246905595064,False,False,0,0,False,False,0,0,600,600,,,md_dqn_not_reached,md_dqn_not_reached
easy_s02_q0058,n3p_k1,Easy,d16_20,0.0007815009448677301,0.0007564669940620661,-2.5033950805664062e-05,True,True,0,0,False,False,0,0,0,0,0.0,0.0,,
easy_s02_q0058,vanilla_ha,Easy,d16_20,0.15775465965270996,0.1509408950805664,-0.006813764572143555,True,True,0,0,False,False,0,0,1,1,,,,
easy_s02_q0058,voronoi_waypoint,Easy,d16_20,0.657960302894935,0.6137795229442418,-0.04418077995069325,True,True,0,0,False,False,0,0,4,4,0.057639350563489566,0.057639350563489566,,
easy_s02_q0059,bottleneck_waypoint,Easy,d20_inf,0.8070734872017056,0.7647744910791516,-0.042298996122553945,True,True,0,0,False,False,0,0,5,5,0.13653527085668804,0.13712186064811993,,
easy_s02_q0059,f_n3p_knn,Easy,d20_inf,0.0009504940826445818,0.0008582980372011662,-9.219604544341564e-05,True,True,0,0,False,False,0,0,0,0,0.0,0.0,,
easy_s02_q0059,md_dqn,Easy,d20_inf,0.1713195526972413,0.17000701883807778,-0.0013125338591635227,False,False,0,0,False,False,0,0,600,600,,,md_dqn_not_reached,md_dqn_not_reached
easy_s02_q0059,n3p_k1,Easy,d20_inf,0.000834053847938776,0.0008344559464603662,4.0209852159023285e-07,True,True,0,0,False,False,0,0,0,0,0.0,0.0,,
easy_s02_q0059,vanilla_ha,Easy,d20_inf,0.15520477294921875,0.15007400512695312,-0.005130767822265625,True,True,0,0,False,False,0,0,1,1,,,,
easy_s02_q0059,voronoi_waypoint,Easy,d20_inf,0.8146295060869306,0.772015315014869,-0.04261419107206166,True,True,0,0,False,False,0,0,19,19,0.1429464138862382,0.15678837937146173,,
easy_s03_q0060,bottleneck_waypoint,Easy,d08_12,0.6607011409942061,0.6265533410478383,-0.03414779994636774,True,True,0,0,False,False,0,0,4,4,0.43730897047700856,0.43730897047700856,,
easy_s03_q0060,f_n3p_knn,Easy,d08_12,0.0004737169947475195,0.0004265950992703438,-4.712189547717571e-05,True,True,0,0,False,False,0,0,0,0,2.220446049250313e-16,2.220446049250313e-16,,
easy_s03_q0060,md_dqn,Easy,d08_12,0.17241875641047955,0.1705294824205339,-0.00188927398994565,False,False,0,0,False,False,0,0,600,600,,,md_dqn_not_reached,md_dqn_not_reached
easy_s03_q0060,n3p_k1,Easy,d08_12,0.0004282889422029257,0.00041317613795399666,-1.5112804248929024e-05,True,True,0,0,False,False,0,0,0,0,2.220446049250313e-16,2.220446049250313e-16,,
easy_s03_q0060,vanilla_ha,Easy,d08_12,0.15924429893493652,0.15059995651245117,-0.008644342422485352,True,True,0,0,False,False,0,0,1,1,,,,
easy_s03_q0060,voronoi_waypoint,Easy,d08_12,0.354011591989547,0.33384968689642847,-0.02016190509311855,True,True,0,0,False,False,0,0,2,2,0.23849761774139422,0.23849761774139422,,
easy_s03_q0061,bottleneck_waypoint,Easy,d12_16,0.667340368963778,0.6344478169921786,-0.03289255197159946,True,True,0,0,False,False,0,0,4,4,0.2234259762922408,0.21483816787030596,,
easy_s03_q0061,f_n3p_knn,Easy,d12_16,0.0006208051927387714,0.0005924459546804428,-2.835923805832863e-05,True,True,0,0,False,False,0,0,0,0,0.0,0.0,,
easy_s03_q0061,md_dqn,Easy,d12_16,0.17210460174828768,0.38608782179653645,0.21398322004824877,False,False,0,0,False,False,0,0,600,600,,,md_dqn_not_reached,md_dqn_not_reached
easy_s03_q0061,n3p_k1,Easy,d12_16,0.000571028795093298,0.0005724530201405287,1.4242250472307205e-06,True,True,0,0,False,False,0,0,0,0,0.0,0.0,,
easy_s03_q0061,vanilla_ha,Easy,d12_16,0.15878772735595703,0.15253782272338867,-0.006249904632568359,True,True,0,0,False,False,0,0,1,1,,,,
easy_s03_q0061,voronoi_waypoint,Easy,d12_16,0.6669359998777509,0.6296367428731173,-0.037299257004633546,True,True,0,0,False,False,0,0,4,4,0.3241527212193349,0.3241527212193349,,
easy_s03_q0062,bottleneck_waypoint,Easy,d16_20,0.8246459481306374,0.9730710878502578,0.14842513971962035,True,True,0,0,False,False,0,0,5,6,0.023197813736236528,0.0613288324043586,,
easy_s03_q0062,f_n3p_knn,Easy,d16_20,0.8261454838793725,0.20369618409313262,-0.6224492997862399,True,True,0,0,True,True,0,0,19,15,0.11662239693901255,0.11285810158455223,,
easy_s03_q0062,md_dqn,Easy,d16_20,0.17214854853227735,0.40766279911622405,0.2355142505839467,False,False,0,0,False,False,0,0,600,600,,,md_dqn_not_reached,md_dqn_not_reached
easy_s03_q0062,n3p_k1,Easy,d16_20,0.5140069599729031,0.35748066985979676,-0.15652629011310637,True,True,0,0,True,True,0,0,167,166,0.01052418242880071,0.010510005868720418,,
easy_s03_q0062,vanilla_ha,Easy,d16_20,0.7306678295135498,0.7319214344024658,0.0012536048889160156,True,True,0,0,False,False,0,0,567,567,,,,
easy_s03_q0062,voronoi_waypoint,Easy,d16_20,0.6677874841261655,0.6599334080237895,-0.007854076102375984,True,True,0,0,False,False,0,0,4,4,0.04138720310730348,0.04102500896744821,,
easy_s03_q0063,bottleneck_waypoint,Easy,d20_inf,0.7727199639193714,0.8252069468144327,0.052486982895061374,True,True,0,0,False,False,0,0,5,5,0.06461660084712717,0.10228004626673859,,
easy_s03_q0063,f_n3p_knn,Easy,d20_inf,0.347924096044153,0.3473436520434916,-0.0005804440006613731,True,True,0,0,True,True,0,0,349,349,0.0,0.0,,
easy_s03_q0063,md_dqn,Easy,d20_inf,1.1795118316076696,0.9931238384451717,-0.18638799316249788,False,False,0,0,False,False,0,0,600,600,,,md_dqn_not_reached,md_dqn_not_reached
easy_s03_q0063,n3p_k1,Easy,d20_inf,0.3479304069187492,0.3465970738325268,-0.0013333330862224102,True,True,0,0,True,True,0,0,349,349,0.0,0.0,,
easy_s03_q0063,vanilla_ha,Easy,d20_inf,0.33919763565063477,0.33129048347473145,-0.00790715217590332,True,True,0,0,False,False,0,0,349,349,,,,
easy_s03_q0063,voronoi_waypoint,Easy,d20_inf,0.883344957139343,0.9230606409255415,0.0397156837861985,True,True,0,0,False,False,0,0,107,107,0.10840519034625329,0.11225364382461334,,
easy_s03_q0064,bottleneck_waypoint,Easy,d08_12,0.33611177699640393,0.3557380500715226,0.01962627307511866,True,True,0,0,False,False,0,0,2,2,0.15316238400213478,0.15316238400213478,,
easy_s03_q0064,f_n3p_knn,Easy,d08_12,0.0004588558804243803,0.00048562209121882915,2.6766210794448853e-05,True,True,0,0,False,False,0,0,0,0,2.220446049250313e-16,2.220446049250313e-16,,
easy_s03_q0064,md_dqn,Easy,d08_12,0.5249731305520982,0.5263221936766058,0.0013490631245076656,False,False,0,0,False,False,0,0,600,600,,,md_dqn_not_reached,md_dqn_not_reached
easy_s03_q0064,n3p_k1,Easy,d08_12,0.00044709094800055027,0.0004530171863734722,5.926238372921944e-06,True,True,0,0,False,False,0,0,0,0,2.220446049250313e-16,2.220446049250313e-16,,
easy_s03_q0064,vanilla_ha,Easy,d08_12,0.14818739891052246,0.1543560028076172,0.0061686038970947266,True,True,0,0,False,False,0,0,1,1,,,,
easy_s03_q0064,voronoi_waypoint,Easy,d08_12,0.4774940030183643,0.5078487109858543,0.030354707967489958,True,True,0,0,False,False,0,0,3,3,0.19559476180218982,0.19559476180218982,,
easy_s03_q0065,bottleneck_waypoint,Easy,d12_16,0.6221466660499573,0.622998917941004,0.0008522518910467625,True,True,0,0,False,False,0,0,4,4,0.1298385411184242,0.1298385411184242,,
easy_s03_q0065,f_n3p_knn,Easy,d12_16,0.3400925889145583,0.3418693121057004,0.0017767231911420822,True,True,0,0,True,True,0,0,37,37,-0.008997490786705309,-0.008997490786705309,,
easy_s03_q0065,md_dqn,Easy,d12_16,0.3850807014387101,0.3861907576210797,0.0011100561823695898,False,False,0,0,False,False,0,0,600,600,,,md_dqn_not_reached,md_dqn_not_reached
easy_s03_q0065,n3p_k1,Easy,d12_16,0.33957412582822144,0.34309564298018813,0.003521517151966691,True,True,0,0,True,True,0,0,37,37,-0.008997490786705309,-0.008997490786705309,,
easy_s03_q0065,vanilla_ha,Easy,d12_16,0.17136693000793457,0.17178702354431152,0.0004200935363769531,True,True,0,0,False,False,0,0,41,41,,,,
easy_s03_q0065,voronoi_waypoint,Easy,d12_16,0.6279972109477967,0.6249224101193249,-0.00307480082847178,True,True,0,0,False,False,0,0,8,4,0.20374416255944605,0.20377102782534062,,
easy_s03_q0066,bottleneck_waypoint,Easy,d16_20,0.48219937505200505,0.5116255581378937,0.029426183085888624,True,True,0,0,False,False,0,0,3,3,0.007456291920733493,0.012296712908875795,,
easy_s03_q0066,f_n3p_knn,Easy,d16_20,0.45128212380222976,0.02021433087065816,-0.4310677929315716,True,True,0,0,True,True,0,0,3,0,0.019390873360175087,0.017408790281174813,,
easy_s03_q0066,md_dqn,Easy,d16_20,0.8624878695700318,0.8553676041774452,-0.007120265392586589,False,False,0,0,False,False,0,0,551,551,,,md_dqn_not_reached,md_dqn_not_reached
easy_s03_q0066,n3p_k1,Easy,d16_20,0.30910065793432295,0.17393947090022266,-0.1351611870341003,True,True,0,0,True,True,0,0,6,5,0.015831590619565628,0.014135526726888337,,
easy_s03_q0066,vanilla_ha,Easy,d16_20,0.5981321334838867,0.621685266494751,0.023553133010864258,True,True,0,0,False,False,0,0,1265,1265,,,,
easy_s03_q0066,voronoi_waypoint,Easy,d16_20,0.6244535089936107,0.818512603174895,0.1940590941812843,True,True,0,0,False,False,0,0,4,5,0.04556201592391407,0.1591928447583666,,
easy_s03_q0067,bottleneck_waypoint,Easy,d20_inf,0.9808512090239674,0.9782787610311061,-0.002572447992861271,True,True,0,0,False,False,0,0,6,6,0.08509782362053842,0.08606917410434733,,
easy_s03_q0067,f_n3p_knn,Easy,d20_inf,0.32466981280595064,0.013464321149513125,-0.3112054916564375,True,True,0,0,True,True,0,0,2,0,-0.0001928301783608033,-0.0017952563606881133,,
easy_s03_q0067,md_dqn,Easy,d20_inf,0.4290043420623988,0.44421257823705673,0.01520823617465794,False,False,0,0,False,False,0,0,270,270,,,md_dqn_not_reached,md_dqn_not_reached
easy_s03_q0067,n3p_k1,Easy,d20_inf,0.9072947481181473,0.285859095165506,-0.6214356529526412,True,True,0,0,True,True,0,0,111,107,0.015706027486922958,0.006460148362785523,,
easy_s03_q0067,vanilla_ha,Easy,d20_inf,1.9767625331878662,1.9767918586730957,2.9325485229492188e-05,True,True,0,0,False,False,0,0,2401,2401,,,,
easy_s03_q0067,voronoi_waypoint,Easy,d20_inf,0.9800907659810036,0.9781437078490853,-0.0019470581319183111,True,True,0,0,False,False,0,0,6,6,0.1815683725970989,0.19364741370391902,,
easy_s03_q0068,bottleneck_waypoint,Easy,d08_12,0.3564560399390757,0.33461716515012085,-0.021838874788954854,True,True,0,0,False,False,0,0,2,2,0.04818643664052624,0.04818643664052624,,
easy_s03_q0068,f_n3p_knn,Easy,d08_12,0.16746693011373281,0.012452486902475357,-0.15501444321125746,True,True,0,0,True,True,0,0,1,0,0.020815223168046515,0.020265884736593964,,
easy_s03_q0068,md_dqn,Easy,d08_12,0.6417579571716487,0.6302044908516109,-0.011553466320037842,False,False,0,0,False,False,0,0,462,462,,,md_dqn_not_reached,md_dqn_not_reached
easy_s03_q0068,n3p_k1,Easy,d08_12,0.1821796470321715,0.17149797198362648,-0.010681675048545003,True,True,0,0,True,True,0,0,29,29,0.002980361466725201,0.002980361466725201,,
easy_s03_q0068,vanilla_ha,Easy,d08_12,0.17014145851135254,0.16997814178466797,-0.0001633167266845703,True,True,0,0,False,False,0,0,26,26,,,,
easy_s03_q0068,voronoi_waypoint,Easy,d08_12,0.3560438761487603,0.332400674931705,-0.02364320121705532,True,True,0,0,False,False,0,0,2,2,0.007278588315098755,0.011426345222975476,,
easy_s03_q0069,bottleneck_waypoint,Easy,d12_16,0.4912808968219906,0.4838484770152718,-0.007432419806718826,True,True,0,0,False,False,0,0,3,3,0.05287415550171293,0.05528017396722662,,
easy_s03_q0069,f_n3p_knn,Easy,d12_16,0.15799889713525772,0.011256571160629392,-0.14674232597462833,True,True,0,0,False,False,0,0,1,0,0.002067444239141736,0.0011021627333325235,,
easy_s03_q0069,md_dqn,Easy,d12_16,0.3822098970413208,0.17127743153832853,-0.21093246550299227,False,False,0,0,False,False,0,0,600,600,,,md_dqn_not_reached,md_dqn_not_reached
easy_s03_q0069,n3p_k1,Easy,d12_16,0.15944545506499708,0.009972186991944909,-0.14947326807305217,True,True,0,0,False,False,0,0,1,0,0.002067444239141736,0.0011021627333325235,,
easy_s03_q0069,vanilla_ha,Easy,d12_16,0.18601179122924805,0.17708826065063477,-0.008923530578613281,True,True,0,0,False,False,0,0,33,33,,,,
easy_s03_q0069,voronoi_waypoint,Easy,d12_16,0.4881966570392251,0.48331351880915463,-0.004883138230070472,True,True,0,0,False,False,0,0,3,3,0.02558428740206775,0.02666053446482164,,
easy_s03_q0070,bottleneck_waypoint,Easy,d16_20,0.6228182669728994,0.6200735529419035,-0.002744714030995965,True,True,0,0,False,False,0,0,4,4,,,,
easy_s03_q0070,f_n3p_knn,Easy,d16_20,0.15562050603330135,0.00897970306687057,-0.14664080296643078,True,True,0,0,True,True,0,0,1,0,,,,
easy_s03_q0070,md_dqn,Easy,d16_20,0.4060717080719769,0.1697419723495841,-0.2363297357223928,False,False,0,0,False,False,0,0,600,600,,,md_dqn_not_reached,md_dqn_not_reached
easy_s03_q0070,n3p_k1,Easy,d16_20,3.5122043769806623,3.5111218958627433,-0.0010824811179190874,False,False,0,0,True,True,1,1,5139,5136,,,f2_failed:prediction:goal_in_collision;goal:timeout;f3_failed:timeout,f2_failed:prediction:goal_in_collision;goal:timeout;f3_failed:timeout
easy_s03_q0070,vanilla_ha,Easy,d16_20,2.502103805541992,2.5002381801605225,-0.0018656253814697266,False,False,0,0,False,False,0,0,3601,3590,,,timeout,timeout
easy_s03_q0070,voronoi_waypoint,Easy,d16_20,0.6885017098393291,0.8889579079113901,0.20045619807206094,True,True,0,0,False,False,0,0,86,318,,,,
easy_s03_q0071,bottleneck_waypoint,Easy,d20_inf,0.9776264489628375,0.9153189100325108,-0.0623075389303267,True,True,0,0,False,False,0,0,6,6,,,,
easy_s03_q0071,f_n3p_knn,Easy,d20_inf,0.5049271679017693,0.182835005922243,-0.3220921619795263,True,True,0,0,True,True,0,0,13,11,,,,
easy_s03_q0071,md_dqn,Easy,d20_inf,0.18012244766578078,0.16945547424256802,-0.010666973423212767,False,False,0,0,False,False,0,0,600,600,,,md_dqn_not_reached,md_dqn_not_reached
easy_s03_q0071,n3p_k1,Easy,d20_inf,0.8611312538851053,0.5208962131291628,-0.34023504075594246,True,True,0,0,True,True,0,0,407,405,,,,
easy_s03_q0071,vanilla_ha,Easy,d20_inf,2.500087261199951,2.500032424926758,-5.4836273193359375e-05,False,False,0,0,False,False,0,0,3622,3806,,,timeout,timeout
easy_s03_q0071,voronoi_waypoint,Easy,d20_inf,0.9775490930769593,0.9137703138403594,-0.0637787792365998,True,True,0,0,False,False,0,0,6,6,,,,
easy_s03_q0072,bottleneck_waypoint,Easy,d08_12,0.20353258401155472,0.19152541598305106,-0.012007168028503656,True,True,0,0,False,False,0,0,1,1,0.0,0.0,,
easy_s03_q0072,f_n3p_knn,Easy,d08_12,0.0004892928991466761,0.0004060829523950815,-8.320994675159454e-05,True,True,0,0,False,False,0,0,0,0,0.0,0.0,,
easy_s03_q0072,md_dqn,Easy,d08_12,0.17289543407969177,0.1759315049275756,0.0030360708478838205,False,False,0,0,False,False,0,0,600,600,,,md_dqn_not_reached,md_dqn_not_reached
easy_s03_q0072,n3p_k1,Easy,d08_12,0.0003859950229525566,0.0003871840890496969,1.1890660971403122e-06,True,True,0,0,False,False,0,0,0,0,0.0,0.0,,
easy_s03_q0072,vanilla_ha,Easy,d08_12,0.15708398818969727,0.15047931671142578,-0.006604671478271484,True,True,0,0,False,False,0,0,1,1,,,,
easy_s03_q0072,voronoi_waypoint,Easy,d08_12,0.35592170082964003,0.3337549548596144,-0.02216674597002566,True,True,0,0,False,False,0,0,2,2,0.11483782990060099,0.11483782990060099,,
easy_s03_q0073,bottleneck_waypoint,Easy,d12_16,0.3601288360077888,0.33977080788463354,-0.020358028123155236,True,True,0,0,False,False,0,0,2,2,0.029337842417469284,0.029337842417469284,,
easy_s03_q0073,f_n3p_knn,Easy,d12_16,0.3237819189671427,0.012554369168356061,-0.31122754979878664,True,True,0,0,True,True,0,0,2,0,0.023484035609540044,0.014976683429026583,,
easy_s03_q0073,md_dqn,Easy,d12_16,0.1701071427669376,0.17148649273440242,0.0013793499674648046,False,False,0,0,False,False,0,0,600,600,,,md_dqn_not_reached,md_dqn_not_reached
easy_s03_q0073,n3p_k1,Easy,d12_16,0.1815179369878024,0.17039961507543921,-0.011118321912363172,True,True,0,0,True,True,0,0,17,17,-2.220446049250313e-16,-2.220446049250313e-16,,
easy_s03_q0073,vanilla_ha,Easy,d12_16,0.17018508911132812,0.1629345417022705,-0.007250547409057617,True,True,0,0,False,False,0,0,17,17,,,,
easy_s03_q0073,voronoi_waypoint,Easy,d12_16,0.5113173217978328,0.48295943392440677,-0.02835788787342608,True,True,0,0,False,False,0,0,3,3,0.040433197472272475,0.040433197472272475,,
easy_s03_q0074,bottleneck_waypoint,Easy,d16_20,0.5509033200796694,0.520560807781294,-0.030342512298375368,True,True,0,0,False,False,0,0,67,67,0.06670584383382705,0.06670584383382705,,
easy_s03_q0074,f_n3p_knn,Easy,d16_20,2.6053008269518614,2.508798675844446,-0.09650215110741556,True,True,0,0,True,True,1,1,4012,4116,0.0,0.0,,
easy_s03_q0074,md_dqn,Easy,d16_20,0.0014628611970692873,0.0014516280498355627,-1.1233147233724594e-05,False,False,0,0,False,False,0,0,1,1,,,md_dqn_not_reached,md_dqn_not_reached
easy_s03_q0074,n3p_k1,Easy,d16_20,2.6008007579948753,2.5112808539997786,-0.08951990399509668,True,True,0,0,True,True,1,1,4012,4116,0.0,0.0,,
easy_s03_q0074,vanilla_ha,Easy,d16_20,1.795349359512329,1.7257928848266602,-0.06955647468566895,True,True,0,0,False,False,0,0,2571,2571,,,,
easy_s03_q0074,voronoi_waypoint,Easy,d16_20,0.6702099798712879,0.6264756480231881,-0.04373433184809983,True,True,0,0,False,False,0,0,14,14,0.09853171749346812,0.09853171749346812,,
easy_s03_q0075,bottleneck_waypoint,Easy,d20_inf,0.6640658220276237,0.7655257419683039,0.10145991994068027,True,True,0,0,False,False,0,0,4,5,,,,
easy_s03_q0075,f_n3p_knn,Easy,d20_inf,3.8704089848324656,3.8497009200509638,-0.02070806478150189,False,False,0,0,True,True,1,1,5073,5361,,,f2_failed:prediction:goal_in_collision;goal:timeout;f3_failed:timeout,f2_failed:prediction:goal_in_collision;goal:timeout;f3_failed:timeout
easy_s03_q0075,md_dqn,Easy,d20_inf,0.18288794625550508,0.1789901142474264,-0.0038978320080786943,False,False,0,0,False,False,0,0,600,600,,,md_dqn_not_reached,md_dqn_not_reached
easy_s03_q0075,n3p_k1,Easy,d20_inf,3.8804243539925665,3.848737820982933,-0.03168653300963342,False,False,0,0,True,True,1,1,5021,5258,,,f2_failed:prediction:goal_in_collision;goal:timeout;f3_failed:timeout,f2_failed:prediction:goal_in_collision;goal:timeout;f3_failed:timeout
easy_s03_q0075,vanilla_ha,Easy,d20_inf,2.5019750595092773,2.5001296997070312,-0.0018453598022460938,False,False,0,0,False,False,0,0,3361,3570,,,timeout,timeout
easy_s03_q0075,voronoi_waypoint,Easy,d20_inf,0.8611485019791871,0.8068798219319433,-0.054268680047243834,True,True,0,0,False,False,0,0,65,65,,,,
easy_s03_q0076,bottleneck_waypoint,Easy,d08_12,0.35718240891583264,0.3379846918396652,-0.019197717076167464,True,True,0,0,False,False,0,0,2,2,-0.0025499998900723186,-0.0025499998900723186,,
easy_s03_q0076,f_n3p_knn,Easy,d08_12,0.16961780190467834,0.010322195943444967,-0.15929560596123338,True,True,0,0,False,False,0,0,1,0,0.09460706421021992,0.09133886464620855,,
easy_s03_q0076,md_dqn,Easy,d08_12,0.17460618633776903,0.1692539476789534,-0.005352238658815622,False,False,0,0,False,False,0,0,600,600,,,md_dqn_not_reached,md_dqn_not_reached
easy_s03_q0076,n3p_k1,Easy,d08_12,0.16914701787754893,0.009778291918337345,-0.1593687259592116,True,True,0,0,False,False,0,0,1,0,0.09460706421021992,0.09133886464620855,,
easy_s03_q0076,vanilla_ha,Easy,d08_12,0.18125319480895996,0.17386364936828613,-0.007389545440673828,True,True,0,0,False,False,0,0,37,37,,,,
easy_s03_q0076,voronoi_waypoint,Easy,d08_12,0.3760590229649097,0.3456743729766458,-0.030384649988263845,True,True,0,0,False,False,0,0,22,10,-0.017598048100877395,-0.017622932324661944,,
easy_s03_q0077,bottleneck_waypoint,Easy,d12_16,0.502071657916531,0.47263543703593314,-0.02943622088059783,True,True,0,0,False,False,0,0,3,3,0.048803729149013986,0.05500285496386881,,
easy_s03_q0077,f_n3p_knn,Easy,d12_16,0.1647767680697143,0.011517809005454183,-0.15325895906426013,True,True,0,0,True,True,0,0,1,0,-0.018215859465291806,-0.019758627920607674,,
easy_s03_q0077,md_dqn,Easy,d12_16,0.2487754742614925,0.24508017487823963,-0.003695299383252859,False,False,0,0,False,False,0,0,211,211,,,md_dqn_not_reached,md_dqn_not_reached
easy_s03_q0077,n3p_k1,Easy,d12_16,0.43420531786978245,0.40803909790702164,-0.026166219962760806,True,True,0,0,True,True,0,0,116,116,-0.008041342764638415,-0.008041342764638415,,
easy_s03_q0077,vanilla_ha,Easy,d12_16,0.6350076198577881,0.6026873588562012,-0.032320261001586914,True,True,0,0,False,False,0,0,711,711,,,,
easy_s03_q0077,voronoi_waypoint,Easy,d12_16,0.6755314900074154,0.6290831281803548,-0.04644836182706058,True,True,0,0,False,False,0,0,31,31,0.14750082882042337,0.1526687063917911,,
easy_s03_q0078,bottleneck_waypoint,Easy,d16_20,0.503191351890564,0.4731310710776597,-0.03006028081290424,True,True,0,0,False,False,0,0,3,3,0.06675304218080691,0.06675304218080691,,
easy_s03_q0078,f_n3p_knn,Easy,d16_20,0.16361804213374853,0.010365321999415755,-0.15325272013433278,True,True,0,0,True,True,0,0,1,0,-0.0106849566151761,-0.010952630799410112,,
easy_s03_q0078,md_dqn,Easy,d16_20,0.1716931308619678,0.16761348210275173,-0.00407964875921607,False,False,0,0,False,False,0,0,600,600,,,md_dqn_not_reached,md_dqn_not_reached
easy_s03_q0078,n3p_k1,Easy,d16_20,0.17474133078940213,0.16302460595034063,-0.011716724839061499,True,True,0,0,True,True,0,0,25,25,0.0,0.0,,
easy_s03_q0078,vanilla_ha,Easy,d16_20,0.16635489463806152,0.15893268585205078,-0.007422208786010742,True,True,0,0,False,False,0,0,25,25,,,,
easy_s03_q0078,voronoi_waypoint,Easy,d16_20,0.649070882005617,0.6119664181023836,-0.03710446390323341,True,True,0,0,False,False,0,0,4,4,0.150688931648298,0.150688931648298,,
easy_s03_q0079,bottleneck_waypoint,Easy,d20_inf,1.2821000749245286,1.2042710431851447,-0.07782903173938394,True,True,0,0,False,False,0,0,12,12,0.16089394953227698,0.17095384449299011,,
easy_s03_q0079,f_n3p_knn,Easy,d20_inf,0.46969512291252613,0.377555123064667,-0.09213999984785914,True,True,0,0,True,True,0,0,489,489,0.0,0.0,,
easy_s03_q0079,md_dqn,Easy,d20_inf,0.2288877845276147,0.1445720363408327,-0.084315748186782,False,False,0,0,False,False,0,0,66,66,,,md_dqn_not_reached,md_dqn_not_reached
easy_s03_q0079,n3p_k1,Easy,d20_inf,0.3985983128659427,0.3744420912116766,-0.02415622165426612,True,True,0,0,True,True,0,0,489,489,0.0,0.0,,
easy_s03_q0079,vanilla_ha,Easy,d20_inf,0.3886711597442627,0.36838674545288086,-0.020284414291381836,True,True,0,0,False,False,0,0,489,489,,,,
easy_s03_q0079,voronoi_waypoint,Easy,d20_inf,1.1132279518060386,1.065496512921527,-0.04773143888451159,True,True,0,0,False,False,0,0,195,213,0.1271911749834247,0.13386166040402148,,
easy_s04_q0080,bottleneck_waypoint,Easy,d08_12,0.35272050299681723,0.3319334720727056,-0.020787030924111605,True,True,0,0,False,False,0,0,2,2,0.028429819306611925,0.07810422950618601,,
easy_s04_q0080,f_n3p_knn,Easy,d08_12,0.16413148492574692,0.009495656937360764,-0.15463582798838615,True,True,0,0,False,False,0,0,1,0,0.11503491279299705,0.052452607667718754,,
easy_s04_q0080,md_dqn,Easy,d08_12,0.177339751040563,0.1745181179139763,-0.0028216331265866756,False,False,0,0,False,False,0,0,103,103,,,md_dqn_not_reached,md_dqn_not_reached
easy_s04_q0080,n3p_k1,Easy,d08_12,0.16250792611390352,0.00758693995885551,-0.154920986155048,True,True,0,0,False,False,0,0,1,0,0.11503491279299705,0.052452607667718754,,
easy_s04_q0080,vanilla_ha,Easy,d08_12,0.16329002380371094,0.15419769287109375,-0.009092330932617188,True,True,0,0,False,False,0,0,15,15,,,,
easy_s04_q0080,voronoi_waypoint,Easy,d08_12,0.360643028980121,0.33846911205910146,-0.022173916921019554,True,True,0,0,False,False,0,0,14,14,0.016327196460010907,0.016327196460010907,,
easy_s04_q0081,bottleneck_waypoint,Easy,d12_16,0.35286202491261065,0.33304283604957163,-0.019819188863039017,True,True,0,0,False,False,0,0,2,2,0.059939188507041496,0.059939188507041496,,
easy_s04_q0081,f_n3p_knn,Easy,d12_16,0.32969142706133425,0.16526382882148027,-0.16442759823985398,True,True,0,0,True,True,0,0,7,6,0.20192745838126802,0.1975034285196524,,
easy_s04_q0081,md_dqn,Easy,d12_16,0.174183648545295,0.1693605927284807,-0.004823055816814303,False,False,0,0,False,False,0,0,600,600,,,md_dqn_not_reached,md_dqn_not_reached
easy_s04_q0081,n3p_k1,Easy,d12_16,0.16495749610476196,0.15399162680841982,-0.010965869296342134,True,True,0,0,True,True,0,0,1,1,0.01087901393049795,0.01087901393049795,,
easy_s04_q0081,vanilla_ha,Easy,d12_16,0.17240452766418457,0.16690421104431152,-0.005500316619873047,True,True,0,0,False,False,0,0,33,33,,,,
easy_s04_q0081,voronoi_waypoint,Easy,d12_16,0.5036520669236779,0.4736367189325392,-0.030015347991138697,True,True,0,0,False,False,0,0,3,3,0.09481745637104044,0.09481745637104044,,
easy_s04_q0082,bottleneck_waypoint,Easy,d16_20,0.5084979871753603,0.47688181698322296,-0.03161617019213736,True,True,0,0,False,False,0,0,3,3,-0.01843244788185594,-0.01843244788185594,,
easy_s04_q0082,f_n3p_knn,Easy,d16_20,0.49543608096428216,0.027972039999440312,-0.46746404096484184,True,True,0,0,True,True,0,0,3,0,0.457431419277639,0.4566844074031271,,
easy_s04_q0082,md_dqn,Easy,d16_20,0.4111711566802114,0.40446626814082265,-0.006704888539388776,False,False,0,0,False,False,0,0,600,600,,,md_dqn_not_reached,md_dqn_not_reached
easy_s04_q0082,n3p_k1,Easy,d16_20,3.2726400999817997,2.998556751990691,-0.2740833479911089,True,True,0,0,True,True,1,1,3960,4033,0.0,0.0,,
easy_s04_q0082,vanilla_ha,Easy,d16_20,2.2412455081939697,2.1096622943878174,-0.13158321380615234,True,True,0,0,False,False,0,0,2837,2837,,,,
easy_s04_q0082,voronoi_waypoint,Easy,d16_20,0.6663402928970754,0.6315400640014559,-0.03480022889561951,True,True,0,0,False,False,0,0,13,16,0.023547251721417917,0.024120408714401798,,
easy_s04_q0083,bottleneck_waypoint,Easy,d20_inf,0.6657700550276786,0.6270245020277798,-0.03874555299989879,True,True,0,0,False,False,0,0,4,4,0.0673414608314149,0.06243939294645773,,
easy_s04_q0083,f_n3p_knn,Easy,d20_inf,0.3574978681281209,0.19196486589498818,-0.16553300223313272,True,True,0,0,True,True,0,0,50,49,0.004119382302020913,0.0036800582934530812,,
easy_s04_q0083,md_dqn,Easy,d20_inf,0.17101859650574625,0.16878074640408158,-0.0022378501016646624,False,False,0,0,False,False,0,0,600,600,,,md_dqn_not_reached,md_dqn_not_reached
easy_s04_q0083,n3p_k1,Easy,d20_inf,0.1728369330521673,0.162472038064152,-0.010364894988015294,True,True,0,0,True,True,0,0,9,9,0.0,0.0,,
easy_s04_q0083,vanilla_ha,Easy,d20_inf,0.16075348854064941,0.15365076065063477,-0.0071027278900146484,True,True,0,0,False,False,0,0,9,9,,,,
easy_s04_q0083,voronoi_waypoint,Easy,d20_inf,0.8170492649078369,0.7686454830691218,-0.048403781838715076,True,True,0,0,False,False,0,0,5,5,0.08018694226618184,0.08175069798467427,,
easy_s04_q0084,bottleneck_waypoint,Easy,d08_12,0.35272567393258214,0.3318667549174279,-0.020858919015154243,True,True,0,0,False,False,0,0,2,2,0.09386789456172462,0.09386789456172462,,
easy_s04_q0084,f_n3p_knn,Easy,d08_12,0.6763535898644477,0.6455173650756478,-0.030836224788799882,True,True,0,0,True,True,0,0,682,682,0.0,0.0,,
easy_s04_q0084,md_dqn,Easy,d08_12,0.1706356075592339,0.1709026109892875,0.00026700343005359173,False,False,0,0,False,False,0,0,600,600,,,md_dqn_not_reached,md_dqn_not_reached
easy_s04_q0084,n3p_k1,Easy,d08_12,0.6772212160285562,0.6430549381766468,-0.0341662778519094,True,True,0,0,True,True,0,0,682,682,0.0,0.0,,
easy_s04_q0084,vanilla_ha,Easy,d08_12,0.6628024578094482,0.6349766254425049,-0.02782583236694336,True,True,0,0,False,False,0,0,682,682,,,,
easy_s04_q0084,voronoi_waypoint,Easy,d08_12,0.5047653261572123,0.47751934407278895,-0.027245982084423304,True,True,0,0,False,False,0,0,3,3,0.3363980767560455,0.3363980767560455,,
easy_s04_q0085,bottleneck_waypoint,Easy,d12_16,0.3599599951412529,0.3356407401151955,-0.024319255026057363,True,True,0,0,False,False,0,0,2,2,0.00740128661664885,0.012135722392874193,,
easy_s04_q0085,f_n3p_knn,Easy,d12_16,0.0005865381099283695,0.0005586948245763779,-2.7843285351991653e-05,True,True,0,0,False,False,0,0,0,0,0.0,0.0,,
easy_s04_q0085,md_dqn,Easy,d12_16,0.1687806153204292,0.16833512531593442,-0.00044549000449478626,False,False,0,0,False,False,0,0,600,600,,,md_dqn_not_reached,md_dqn_not_reached
easy_s04_q0085,n3p_k1,Easy,d12_16,0.000549656804651022,0.0005522000137716532,2.543209120631218e-06,True,True,0,0,False,False,0,0,0,0,0.0,0.0,,
easy_s04_q0085,vanilla_ha,Easy,d12_16,0.15871691703796387,0.1508314609527588,-0.007885456085205078,True,True,0,0,False,False,0,0,1,1,,,,
easy_s04_q0085,voronoi_waypoint,Easy,d12_16,0.5105672390200198,0.4783646098803729,-0.03220262913964689,True,True,0,0,False,False,0,0,3,3,0.01689662328504893,0.01689662328504893,,
easy_s04_q0086,bottleneck_waypoint,Easy,d16_20,0.5093726620543748,0.4795950339175761,-0.02977762813679874,True,True,0,0,False,False,0,0,3,3,0.030876093589504272,0.030876093589504272,,
easy_s04_q0086,f_n3p_knn,Easy,d16_20,0.0006778009701520205,0.0007965110708028078,0.00011871010065078735,True,True,0,0,False,False,0,0,0,0,2.220446049250313e-16,2.220446049250313e-16,,
easy_s04_q0086,md_dqn,Easy,d16_20,0.17211384349502623,0.1687762241344899,-0.003337619360536337,False,False,0,0,False,False,0,0,600,600,,,md_dqn_not_reached,md_dqn_not_reached
easy_s04_q0086,n3p_k1,Easy,d16_20,0.0007104040123522282,0.0006573419086635113,-5.306210368871689e-05,True,True,0,0,False,False,0,0,0,0,2.220446049250313e-16,2.220446049250313e-16,,
easy_s04_q0086,vanilla_ha,Easy,d16_20,0.15806245803833008,0.14992451667785645,-0.008137941360473633,True,True,0,0,False,False,0,0,1,1,,,,
easy_s04_q0086,voronoi_waypoint,Easy,d16_20,0.6618362939916551,0.6222461250144988,-0.03959016897715628,True,True,0,0,False,False,0,0,4,4,0.17567164506880895,0.1814416056153172,,
easy_s04_q0087,bottleneck_waypoint,Easy,d20_inf,0.6678587640635669,0.4835317889228463,-0.1843269751407206,True,True,0,0,False,False,0,0,4,3,0.06074050129707498,0.07127187674685254,,
easy_s04_q0087,f_n3p_knn,Easy,d20_inf,0.49835734302178025,0.17874234495684505,-0.3196149980649352,True,True,0,0,True,True,0,0,8,6,0.19914563291595555,0.19911234532454203,,
easy_s04_q0087,md_dqn,Easy,d20_inf,0.17048704554326832,0.1681790912989527,-0.0023079542443156242,False,False,0,0,False,False,0,0,600,600,,,md_dqn_not_reached,md_dqn_not_reached
easy_s04_q0087,n3p_k1,Easy,d20_inf,1.5975795770063996,1.4125511741731316,-0.18502840283326805,True,True,0,0,True,True,0,0,941,985,0.02257671068900624,0.022566272516308272,,
easy_s04_q0087,vanilla_ha,Easy,d20_inf,0.9018435478210449,0.8658497333526611,-0.03599381446838379,True,True,0,0,False,False,0,0,1047,1047,,,,
easy_s04_q0087,voronoi_waypoint,Easy,d20_inf,0.8130535839591175,0.764711628202349,-0.048341955756768584,True,True,0,0,False,False,0,0,5,5,0.12678654051253258,0.1258962720341017,,
easy_s04_q0088,bottleneck_waypoint,Easy,d08_12,0.4692842229269445,0.4751067969482392,0.005822574021294713,True,True,0,0,False,False,0,0,3,3,0.13941549015983967,0.12660747961327568,,
easy_s04_q0088,f_n3p_knn,Easy,d08_12,0.15574241895228624,0.010280397953465581,-0.14546202099882066,True,True,0,0,True,True,0,0,1,0,-0.021018635557184084,-0.0213712714273373,,
easy_s04_q0088,md_dqn,Easy,d08_12,0.38806614046916366,0.16939675039611757,-0.2186693900730461,False,False,0,0,False,False,0,0,600,600,,,md_dqn_not_reached,md_dqn_not_reached
easy_s04_q0088,n3p_k1,Easy,d08_12,0.5315229520201683,0.5305026490241289,-0.0010203029960393906,True,True,0,0,True,True,0,0,517,517,0.0,0.0,,
easy_s04_q0088,vanilla_ha,Easy,d08_12,0.5403635501861572,0.5221302509307861,-0.018233299255371094,True,True,0,0,False,False,0,0,517,517,,,,
easy_s04_q0088,voronoi_waypoint,Easy,d08_12,0.4675199850462377,0.47023832611739635,0.0027183410711586475,True,True,0,0,False,False,0,0,3,3,0.16273457004789127,0.15868691204632301,,
easy_s04_q0089,bottleneck_waypoint,Easy,d12_16,0.5052957960870117,0.4738265781197697,-0.031469217967242,True,True,0,0,False,False,0,0,3,3,0.09167171965007981,0.09167171965007981,,
easy_s04_q0089,f_n3p_knn,Easy,d12_16,0.31697615096345544,0.014904215931892395,-0.30207193503156304,True,True,0,0,True,True,0,0,2,0,0.0606332663450484,0.025978001350660307,,
easy_s04_q0089,md_dqn,Easy,d12_16,0.3275952769909054,0.1487552053295076,-0.17884007166139781,False,False,0,0,False,False,0,0,38,38,,,md_dqn_not_reached,md_dqn_not_reached
easy_s04_q0089,n3p_k1,Easy,d12_16,0.16460231808014214,0.15790048497729003,-0.006701833102852106,True,True,0,0,True,True,0,0,7,7,0.026632276077664052,0.026632276077664052,,
easy_s04_q0089,vanilla_ha,Easy,d12_16,0.15714764595031738,0.15314579010009766,-0.0040018558502197266,True,True,0,0,False,False,0,0,9,9,,,,
easy_s04_q0089,voronoi_waypoint,Easy,d12_16,0.5109314848668873,0.4827125510200858,-0.02821893384680152,True,True,0,0,False,False,0,0,11,11,0.10242773851167453,0.10242773851167453,,
easy_s04_q0090,bottleneck_waypoint,Easy,d16_20,0.5117796349804848,0.48147971695289016,-0.030299918027594686,True,True,0,0,False,False,0,0,3,3,0.13982662601055273,0.13982662601055273,,
easy_s04_q0090,f_n3p_knn,Easy,d16_20,0.17018846794962883,0.01084941579028964,-0.1593390521593392,True,True,0,0,True,True,0,0,1,0,0.01868728493558036,0.01852480515153032,,
easy_s04_q0090,md_dqn,Easy,d16_20,0.4088655640371144,0.16759087448008358,-0.2412746895570308,False,False,0,0,False,False,0,0,600,600,,,md_dqn_not_reached,md_dqn_not_reached
easy_s04_q0090,n3p_k1,Easy,d16_20,0.18935523787513375,0.17779875197447836,-0.011556485900655389,True,True,0,0,True,True,0,0,31,31,0.003040382656158691,0.003040382656158691,,
easy_s04_q0090,vanilla_ha,Easy,d16_20,0.17416095733642578,0.1640491485595703,-0.010111808776855469,True,True,0,0,False,False,0,0,33,33,,,,
easy_s04_q0090,voronoi_waypoint,Easy,d16_20,0.6608747609425336,0.6206276770681143,-0.04024708387441933,True,True,0,0,False,False,0,0,4,4,0.12510900554886684,0.12510900554886684,,
easy_s04_q0091,bottleneck_waypoint,Easy,d20_inf,0.6256039459258318,0.6229157471098006,-0.0026881988160312176,True,True,0,0,False,False,0,0,4,4,0.010048008762311156,0.009409045702423624,,
easy_s04_q0091,f_n3p_knn,Easy,d20_inf,0.3143959688022733,0.015330585883930326,-0.29906538291834295,True,True,0,0,False,False,0,0,2,0,0.013469109667650025,0.01298346962302599,,
easy_s04_q0091,md_dqn,Easy,d20_inf,0.1684959412086755,0.1669901276472956,-0.0015058135613799095,False,False,0,0,False,False,0,0,600,600,,,md_dqn_not_reached,md_dqn_not_reached
easy_s04_q0091,n3p_k1,Easy,d20_inf,0.30829173093661666,0.011799490079283714,-0.29649224085733294,True,True,0,0,False,False,0,0,2,0,0.013469109667650025,0.01298346962302599,,
easy_s04_q0091,vanilla_ha,Easy,d20_inf,0.21558237075805664,0.2168269157409668,0.0012445449829101562,True,True,0,0,False,False,0,0,129,129,,,,
easy_s04_q0091,voronoi_waypoint,Easy,d20_inf,0.6297235500533134,0.7624539181124419,0.13273036805912852,True,True,0,0,False,False,0,0,5,5,0.1022369748763885,0.06632536918177645,,
easy_s04_q0092,bottleneck_waypoint,Easy,d08_12,0.3360568361822516,0.33255798812024295,-0.0034988480620086193,True,True,0,0,False,False,0,0,2,2,0.00706645158766106,0.00706645158766106,,
easy_s04_q0092,f_n3p_knn,Easy,d08_12,0.00044148415327072144,0.00045316899195313454,1.1684838682413101e-05,True,True,0,0,False,False,0,0,0,0,0.0,0.0,,
easy_s04_q0092,md_dqn,Easy,d08_12,0.17064370308071375,0.16870044800452888,-0.0019432550761848688,False,False,0,0,False,False,0,0,600,600,,,md_dqn_not_reached,md_dqn_not_reached
easy_s04_q0092,n3p_k1,Easy,d08_12,0.0004479961935430765,0.0004199249669909477,-2.8071226552128792e-05,True,True,0,0,False,False,0,0,0,0,0.0,0.0,,
easy_s04_q0092,vanilla_ha,Easy,d08_12,0.14976096153259277,0.14997434616088867,0.00021338462829589844,True,True,0,0,False,False,0,0,1,1,,,,
easy_s04_q0092,voronoi_waypoint,Easy,d08_12,0.3347702529281378,0.33180160797201097,-0.002968644956126809,True,True,0,0,False,False,0,0,2,2,0.03416474829168403,0.03416474829168403,,
easy_s04_q0093,bottleneck_waypoint,Easy,d12_16,0.4827130089979619,0.4817213579080999,-0.000991651089861989,True,True,0,0,False,False,0,0,3,3,0.17097474324507012,0.17097474324507012,,
easy_s04_q0093,f_n3p_knn,Easy,d12_16,0.3112933561205864,0.01672096806578338,-0.294572388054803,True,True,0,0,False,False,0,0,2,0,-0.007153285692537481,-0.007674008428834478,,
easy_s04_q0093,md_dqn,Easy,d12_16,0.1708741148468107,0.16916323034092784,-0.0017108845058828592,False,False,0,0,False,False,0,0,600,600,,,md_dqn_not_reached,md_dqn_not_reached
easy_s04_q0093,n3p_k1,Easy,d12_16,0.3079309151507914,0.014192001894116402,-0.293738913256675,True,True,0,0,False,False,0,0,2,0,-0.007153285692537481,-0.007674008428834478,,
easy_s04_q0093,vanilla_ha,Easy,d12_16,0.17346405982971191,0.17307472229003906,-0.00038933753967285156,True,True,0,0,False,False,0,0,41,41,,,,
easy_s04_q0093,voronoi_waypoint,Easy,d12_16,0.6225570940878242,0.6217390859965235,-0.0008180080913007259,True,True,0,0,False,False,0,0,4,4,0.22549926259051434,0.22549926259051434,,
easy_s04_q0094,bottleneck_waypoint,Easy,d16_20,0.47877336805686355,0.4761508838273585,-0.002622484229505062,True,True,0,0,False,False,0,0,3,3,0.15336982315020187,0.15336982315020187,,
easy_s04_q0094,f_n3p_knn,Easy,d16_20,0.1503136451356113,0.008287871023640037,-0.14202577411197126,True,True,0,0,False,False,0,0,1,0,-0.0015355899920659333,-0.00202105512142281,,
easy_s04_q0094,md_dqn,Easy,d16_20,0.19406983442604542,0.19485811167396605,0.0007882772479206324,False,False,0,0,False,False,0,0,176,176,,,md_dqn_not_reached,md_dqn_not_reached
easy_s04_q0094,n3p_k1,Easy,d16_20,0.14863786194473505,0.007092742016538978,-0.14154511992819607,True,True,0,0,False,False,0,0,1,0,-0.0015355899920659333,-0.00202105512142281,,
easy_s04_q0094,vanilla_ha,Easy,d16_20,0.15578365325927734,0.15505719184875488,-0.0007264614105224609,True,True,0,0,False,False,0,0,9,9,,,,
easy_s04_q0094,voronoi_waypoint,Easy,d16_20,0.616930381860584,0.6186250608880073,0.0016946790274232626,True,True,0,0,False,False,0,0,4,4,0.14018699218255826,0.1348120702771296,,
easy_s04_q0095,bottleneck_waypoint,Easy,d20_inf,0.7681014030240476,0.756322278873995,-0.011779124150052667,True,True,0,0,False,False,0,0,5,5,,,,
easy_s04_q0095,f_n3p_knn,Easy,d20_inf,1.0870932010002434,0.22388686798512936,-0.8632063330151141,True,True,0,0,True,True,0,0,35,29,,,,
easy_s04_q0095,md_dqn,Easy,d20_inf,0.41144383139908314,0.40620112884789705,-0.005242702551186085,False,False,0,0,False,False,0,0,513,513,,,md_dqn_not_reached,md_dqn_not_reached
easy_s04_q0095,n3p_k1,Easy,d20_inf,1.4920642520301044,0.7768448339775205,-0.7152194180525839,True,True,0,0,True,True,0,0,694,689,,,,
easy_s04_q0095,vanilla_ha,Easy,d20_inf,2.500354766845703,2.50026273727417,-9.202957153320312e-05,False,False,0,0,False,False,0,0,3518,3499,,,timeout,timeout
easy_s04_q0095,voronoi_waypoint,Easy,d20_inf,0.7639685140457004,0.7649668999947608,0.0009983859490603209,True,True,0,0,False,False,0,0,11,19,,,,
easy_s04_q0096,bottleneck_waypoint,Easy,d08_12,0.33413785393349826,0.334253084147349,0.00011523021385073662,True,True,0,0,False,False,0,0,2,2,0.009128123754539974,0.003415576543433607,,
easy_s04_q0096,f_n3p_knn,Easy,d08_12,0.0004500271752476692,0.0004464669618755579,-3.5602133721113205e-06,True,True,0,0,False,False,0,0,0,0,0.0,0.0,,
easy_s04_q0096,md_dqn,Easy,d08_12,0.1722235567867756,0.17168571101501584,-0.0005378457717597485,False,False,0,0,False,False,0,0,600,600,,,md_dqn_not_reached,md_dqn_not_reached
easy_s04_q0096,n3p_k1,Easy,d08_12,0.00042720302008092403,0.00042334594763815403,-3.857072442770004e-06,True,True,0,0,False,False,0,0,0,0,0.0,0.0,,
easy_s04_q0096,vanilla_ha,Easy,d08_12,0.15000057220458984,0.14942169189453125,-0.0005788803100585938,True,True,0,0,False,False,0,0,1,1,,,,
easy_s04_q0096,voronoi_waypoint,Easy,d08_12,0.33481776202097535,0.3344161689747125,-0.0004015930462628603,True,True,0,0,False,False,0,0,2,2,0.1876768348732447,0.19216275858095555,,
easy_s04_q0097,bottleneck_waypoint,Easy,d12_16,0.47512250603176653,0.47623276384547353,0.001110257813706994,True,True,0,0,False,False,0,0,3,3,0.03748086538097306,0.013922842673558478,,
easy_s04_q0097,f_n3p_knn,Easy,d12_16,0.5154267200268805,0.37508602999150753,-0.14034069003537297,True,True,0,0,True,True,0,0,242,241,0.061176501191182675,0.05654611150953226,,
easy_s04_q0097,md_dqn,Easy,d12_16,0.16930291708558798,0.168513162760064,-0.0007897543255239725,False,False,0,0,False,False,0,0,600,600,,,md_dqn_not_reached,md_dqn_not_reached
easy_s04_q0097,n3p_k1,Easy,d12_16,0.5129872029647231,0.37672691815532744,-0.13626028480939567,True,True,0,0,True,True,0,0,242,241,0.061176501191182675,0.05654611150953226,,
easy_s04_q0097,vanilla_ha,Easy,d12_16,0.21236395835876465,0.21311354637145996,0.0007495880126953125,True,True,0,0,False,False,0,0,101,101,,,,
easy_s04_q0097,voronoi_waypoint,Easy,d12_16,0.4782604230567813,0.47248477791436017,-0.005775645142421126,True,True,0,0,False,False,0,0,3,3,0.08968509723109008,0.08371063761783604,,
easy_s04_q0098,bottleneck_waypoint,Easy,d16_20,0.6264933759812266,0.6278784838505089,0.0013851078692823648,True,True,0,0,False,False,0,0,4,4,0.09468242664465643,0.09468242664465643,,
easy_s04_q0098,f_n3p_knn,Easy,d16_20,0.3131587530951947,0.017421216936782002,-0.2957375361584127,True,True,0,0,False,False,0,0,2,0,1.260931608904059e-06,-0.001187476924979558,,
easy_s04_q0098,md_dqn,Easy,d16_20,0.2827106895856559,0.27846089797094464,-0.004249791614711285,False,False,0,0,False,False,0,0,300,300,,,md_dqn_not_reached,md_dqn_not_reached
easy_s04_q0098,n3p_k1,Easy,d16_20,0.31195533904246986,0.01656106999143958,-0.2953942690510303,True,True,0,0,False,False,0,0,2,0,1.260931608904059e-06,-0.001187476924979558,,
easy_s04_q0098,vanilla_ha,Easy,d16_20,0.21262574195861816,0.2125704288482666,-5.53131103515625e-05,True,True,0,0,False,False,0,0,121,121,,,,
easy_s04_q0098,voronoi_waypoint,Easy,d16_20,0.7663934861775488,0.7727613509632647,0.006367864785715938,True,True,0,0,False,False,0,0,5,5,0.19095941787673465,0.1968614898629375,,
easy_s04_q0099,bottleneck_waypoint,Easy,d20_inf,0.767994147958234,0.9145706898998469,0.14657654194161296,True,True,0,0,False,False,0,0,5,6,0.14727454145266416,0.1434618130025349,,
easy_s04_q0099,f_n3p_knn,Easy,d20_inf,1.0603012170176953,0.9199475760105997,-0.14035364100709558,True,True,0,0,True,True,0,0,712,711,0.007985794699188142,0.007912387755443007,,
easy_s04_q0099,md_dqn,Easy,d20_inf,0.17036532424390316,0.1687715172301978,-0.0015938070137053728,False,False,0,0,False,False,0,0,600,600,,,md_dqn_not_reached,md_dqn_not_reached
easy_s04_q0099,n3p_k1,Easy,d20_inf,3.3134964909404516,3.245036347070709,-0.06846014386974275,True,True,0,0,True,True,1,1,5031,4911,0.0,0.0,,
easy_s04_q0099,vanilla_ha,Easy,d20_inf,2.0690722465515137,2.0561161041259766,-0.01295614242553711,True,True,0,0,False,False,0,0,3411,3411,,,,
easy_s04_q0099,voronoi_waypoint,Easy,d20_inf,0.9104759090114385,0.9259613009635359,0.015485391952097416,True,True,0,0,False,False,0,0,6,15,0.15414630262243945,0.1573062141375452,,
extreme_s00_q0000,bottleneck_waypoint,Extreme,d08_12,0.3377100450452417,0.33527749590575695,-0.002432549139484763,True,True,0,0,False,False,0,0,6,6,0.02779343077551233,0.02779343077551233,,
extreme_s00_q0000,f_n3p_knn,Extreme,d08_12,0.30550117418169975,0.01879139500670135,-0.2867097791749984,True,True,0,0,True,True,0,0,2,0,0.09310811048601608,0.09248733149575417,,
extreme_s00_q0000,md_dqn,Extreme,d08_12,0.001454253913834691,0.0014376360923051834,-1.6617821529507637e-05,False,False,0,0,False,False,0,0,1,1,,,md_dqn_not_reached,md_dqn_not_reached
extreme_s00_q0000,n3p_k1,Extreme,d08_12,0.15832376899197698,0.1595211150124669,0.001197346020489931,True,True,0,0,True,True,0,0,7,7,-0.009248804720901949,-0.009248804720901949,,
extreme_s00_q0000,vanilla_ha,Extreme,d08_12,0.2643880844116211,0.2620999813079834,-0.0022881031036376953,True,True,0,0,False,False,0,0,155,155,,,,
extreme_s00_q0000,voronoi_waypoint,Extreme,d08_12,0.33804346388205886,0.3378184649627656,-0.00022499891929328442,True,True,0,0,False,False,0,0,11,11,0.018915928575268692,0.015927787905352542,,
extreme_s00_q0001,bottleneck_waypoint,Extreme,d12_16,0.47596194315701723,0.4728720379061997,-0.0030899052508175373,True,True,0,0,False,False,0,0,3,3,0.09580324483712621,0.09411562669580387,,
extreme_s00_q0001,f_n3p_knn,Extreme,d12_16,0.3033665220718831,0.017381559126079082,-0.285984962945804,True,True,0,0,True,True,0,0,2,0,-0.00863295283107457,-0.00966988293273885,,
extreme_s00_q0001,md_dqn,Extreme,d12_16,0.15986202470958233,0.1590947969816625,-0.000767227727919817,False,False,0,0,False,False,0,0,147,147,,,md_dqn_not_reached,md_dqn_not_reached
extreme_s00_q0001,n3p_k1,Extreme,d12_16,0.3032252420671284,0.1589815621264279,-0.14424367994070053,True,True,0,0,True,True,0,0,2,1,-0.014327780826924985,-0.014537679521891334,,
extreme_s00_q0001,vanilla_ha,Extreme,d12_16,0.19216465950012207,0.1923055648803711,0.00014090538024902344,True,True,0,0,False,False,0,0,67,67,,,,
extreme_s00_q0001,voronoi_waypoint,Extreme,d12_16,0.4725969689898193,0.471965285949409,-0.0006316830404102802,True,True,0,0,False,False,0,0,3,3,0.07223011254782685,0.08073831504344642,,
extreme_s00_q0002,bottleneck_waypoint,Extreme,d16_20,0.6210727109573781,0.4800741320941597,-0.14099857886321843,True,True,0,0,False,False,0,0,4,3,0.03308773902299911,0.037059733088492086,,
extreme_s00_q0002,f_n3p_knn,Extreme,d16_20,0.9248046949505806,0.6324940009508282,-0.2923106939997524,True,True,0,0,True,True,0,0,729,727,0.031073361836869262,0.013146139372854027,,
extreme_s00_q0002,md_dqn,Extreme,d16_20,0.3613969134166837,0.36171294027008116,0.0003160268533974886,False,False,0,0,False,False,0,0,583,583,,,md_dqn_not_reached,md_dqn_not_reached
extreme_s00_q0002,n3p_k1,Extreme,d16_20,1.627244831994176,1.7107285971287638,0.08348376513458788,True,True,0,0,True,True,1,1,4177,4177,0.0,0.0,,
extreme_s00_q0002,vanilla_ha,Extreme,d16_20,0.9822986125946045,0.9153788089752197,-0.06691980361938477,True,True,0,0,False,False,0,0,2177,2177,,,,
extreme_s00_q0002,voronoi_waypoint,Extreme,d16_20,0.8074433461297303,0.6319666118361056,-0.17547673429362476,True,True,0,0,False,False,0,0,247,16,0.15169201566874202,0.06005975276085862,,
extreme_s00_q0003,bottleneck_waypoint,Extreme,d20_inf,1.053887045942247,1.1312834648415446,0.07739641889929771,True,True,0,0,False,False,0,0,7,7,0.01856250986262431,0.018683320893374766,,
extreme_s00_q0003,f_n3p_knn,Extreme,d20_inf,0.6357614619191736,0.20411475584842265,-0.43164670607075095,True,True,0,0,True,True,0,0,36,33,-0.002988331662394539,-0.004227455966578253,,
extreme_s00_q0003,md_dqn,Extreme,d20_inf,0.19052932364866138,0.18927161348983645,-0.0012577101588249207,False,False,0,0,False,False,0,0,221,221,,,md_dqn_not_reached,md_dqn_not_reached
extreme_s00_q0003,n3p_k1,Extreme,d20_inf,0.531268181046471,0.24346195603720844,-0.28780622500926256,True,True,0,0,True,True,0,0,85,83,0.005760551706366801,0.0055238927575629315,,
extreme_s00_q0003,vanilla_ha,Extreme,d20_inf,0.47052502632141113,0.47247743606567383,0.0019524097442626953,True,True,0,0,False,False,0,0,873,873,,,,
extreme_s00_q0003,voronoi_waypoint,Extreme,d20_inf,0.9386265480425209,0.990126586984843,0.051500038942322135,True,True,0,0,False,False,0,0,34,30,0.005392471444114477,0.0010768393865498993,,
extreme_s00_q0004,bottleneck_waypoint,Extreme,d08_12,0.33198581519536674,0.35365415597334504,0.0216683407779783,True,True,0,0,False,False,0,0,2,2,-0.0008700402950291286,-0.0008257157694090411,,
extreme_s00_q0004,f_n3p_knn,Extreme,d08_12,0.2019448559731245,0.20866071106866002,0.006715855095535517,True,True,0,0,True,True,0,0,57,57,-0.0022533748664472775,-0.0022533748664472775,,
extreme_s00_q0004,md_dqn,Extreme,d08_12,0.23471499234437943,0.23395979939959943,-0.0007551929447799921,False,False,0,0,False,False,0,0,449,449,,,md_dqn_not_reached,md_dqn_not_reached
extreme_s00_q0004,n3p_k1,Extreme,d08_12,0.19841015082783997,0.20995114790275693,0.011540997074916959,True,True,0,0,True,True,0,0,57,57,-0.0022533748664472775,-0.0022533748664472775,,
extreme_s00_q0004,vanilla_ha,Extreme,d08_12,0.24409008026123047,0.256763219833374,0.012673139572143555,True,True,0,0,False,False,0,0,139,139,,,,
extreme_s00_q0004,voronoi_waypoint,Extreme,d08_12,0.4687027621548623,0.5028303149156272,0.034127552760764956,True,True,0,0,False,False,0,0,3,3,0.041257371548301336,0.014228354044254043,,
extreme_s00_q0005,bottleneck_waypoint,Extreme,d12_16,0.3398562029469758,0.3627193730790168,0.022863170132040977,True,True,0,0,False,False,0,0,14,14,-0.008896648020045417,-0.008896648020045417,,
extreme_s00_q0005,f_n3p_knn,Extreme,d12_16,0.31675712997093797,0.17238639993593097,-0.144370730035007,True,True,0,0,True,True,0,0,14,13,0.1798330568610349,0.17950509537769976,,
extreme_s00_q0005,md_dqn,Extreme,d12_16,0.4253188057336956,0.4261146776843816,0.0007958719506859779,False,False,0,0,False,False,0,0,532,532,,,md_dqn_not_reached,md_dqn_not_reached
extreme_s00_q0005,n3p_k1,Extreme,d12_16,0.4410019479691982,0.4519479810260236,0.0109460330568254,True,True,0,0,True,True,0,0,156,156,0.06140834407745421,0.06140834407745421,,
extreme_s00_q0005,vanilla_ha,Extreme,d12_16,0.24051356315612793,0.24630403518676758,0.0057904720306396484,True,True,0,0,False,False,0,0,161,161,,,,
extreme_s00_q0005,voronoi_waypoint,Extreme,d12_16,0.4722215470392257,0.5044821628835052,0.03226061584427953,True,True,0,0,False,False,0,0,3,3,0.10784003264843278,0.09232028852706398,,
extreme_s00_q0006,bottleneck_waypoint,Extreme,d16_20,0.6218097028322518,0.6595145598985255,0.03770485706627369,True,True,0,0,False,False,0,0,4,4,0.07971721804822773,0.07971721804822773,,
extreme_s00_q0006,f_n3p_knn,Extreme,d16_20,0.1590472310781479,0.010792591143399477,-0.1482546399347484,True,True,0,0,False,False,0,0,1,0,-0.0023294653624837958,-0.002453633110036546,,
extreme_s00_q0006,md_dqn,Extreme,d16_20,0.16948172892443836,0.1732521818485111,0.0037704529240727425,False,False,0,0,False,False,0,0,600,600,,,md_dqn_not_reached,md_dqn_not_reached
extreme_s00_q0006,n3p_k1,Extreme,d16_20,0.15648424392566085,0.009315727045759559,-0.1471685168799013,True,True,0,0,False,False,0,0,1,0,-0.0023294653624837958,-0.002453633110036546,,
extreme_s00_q0006,vanilla_ha,Extreme,d16_20,0.1504676342010498,0.15139484405517578,0.0009272098541259766,True,True,0,0,False,False,0,0,9,9,,,,
extreme_s00_q0006,voronoi_waypoint,Extreme,d16_20,0.7092197639867663,0.6552429120056331,-0.05397685198113322,True,True,0,0,False,False,0,0,106,38,0.07884484263052971,0.08557900617789915,,
extreme_s00_q0007,bottleneck_waypoint,Extreme,d20_inf,0.7635413068346679,0.7634101279545575,-0.00013117888011038303,True,True,0,0,False,False,0,0,5,5,0.017113592648263953,0.017113592648263953,,
extreme_s00_q0007,f_n3p_knn,Extreme,d20_inf,1.7208421370014548,1.7153517459519207,-0.005490391049534082,True,True,0,0,True,True,0,0,1698,1692,0.0,0.0,,
extreme_s00_q0007,md_dqn,Extreme,d20_inf,0.5956338902469724,0.5947019623126835,-0.0009319279342889786,False,False,0,0,False,False,0,0,600,600,,,md_dqn_not_reached,md_dqn_not_reached
extreme_s00_q0007,n3p_k1,Extreme,d20_inf,1.7160865950863808,1.7198895670007914,0.003802971914410591,True,True,0,0,True,True,0,0,1700,1692,0.0,0.0,,
extreme_s00_q0007,vanilla_ha,Extreme,d20_inf,0.7001841068267822,0.7363762855529785,0.03619217872619629,True,True,0,0,False,False,0,0,809,809,,,,
extreme_s00_q0007,voronoi_waypoint,Extreme,d20_inf,0.7649753789883107,0.7647134012077004,-0.00026197778061032295,True,True,0,0,False,False,0,0,5,5,0.045576830317874295,0.045576830317874295,,
extreme_s00_q0008,bottleneck_waypoint,Extreme,d08_12,0.4792519980110228,0.47994882497005165,0.0006968269590288401,True,True,0,0,False,False,0,0,3,3,0.016207914524277278,0.016207914524277278,,
extreme_s00_q0008,f_n3p_knn,Extreme,d08_12,0.0004805598873645067,0.0004878391046077013,7.27921724319458e-06,True,True,0,0,False,False,0,0,0,0,2.220446049250313e-16,2.220446049250313e-16,,
extreme_s00_q0008,md_dqn,Extreme,d08_12,0.2024464439600706,0.19786437577567995,-0.004582068184390664,False,False,0,0,False,False,0,0,412,412,,,md_dqn_not_reached,md_dqn_not_reached
extreme_s00_q0008,n3p_k1,Extreme,d08_12,0.0004581448156386614,0.0004659290425479412,7.784226909279823e-06,True,True,0,0,False,False,0,0,0,0,2.220446049250313e-16,2.220446049250313e-16,,
extreme_s00_q0008,vanilla_ha,Extreme,d08_12,0.15014147758483887,0.14972281455993652,-0.00041866302490234375,True,True,0,0,False,False,0,0,1,1,,,,
extreme_s00_q0008,voronoi_waypoint,Extreme,d08_12,0.33615113515406847,0.33614274696446955,-8.388189598917961e-06,True,True,0,0,False,False,0,0,2,2,0.08361996934895366,0.08361996934895366,,
extreme_s00_q0009,bottleneck_waypoint,Extreme,d12_16,0.5296403649263084,0.49505539587698877,-0.034584969049319625,True,True,0,0,False,False,0,0,25,25,0.030408202309320842,0.030408202309320842,,
extreme_s00_q0009,f_n3p_knn,Extreme,d12_16,0.6604690698441118,0.33272209111601114,-0.32774697872810066,True,True,0,0,True,True,0,0,16,14,0.08787458910108548,0.06663552341383139,,
extreme_s00_q0009,md_dqn,Extreme,d12_16,0.0019160450901836157,0.0014441108796745539,-0.0004719342105090618,False,False,0,0,False,False,0,0,1,1,,,md_dqn_not_reached,md_dqn_not_reached
extreme_s00_q0009,n3p_k1,Extreme,d12_16,0.6563260550610721,0.32856482407078147,-0.32776123099029064,True,True,0,0,True,True,0,0,16,14,0.08787458910108548,0.06663552341383139,,
extreme_s00_q0009,vanilla_ha,Extreme,d12_16,0.454988956451416,0.43931078910827637,-0.01567816734313965,True,True,0,0,False,False,0,0,493,493,,,,
extreme_s00_q0009,voronoi_waypoint,Extreme,d12_16,0.6151310079731047,0.5135513320565224,-0.10157967591658235,True,True,0,0,False,False,0,0,116,40,0.05940979868610996,0.06081864925065128,,
extreme_s00_q0010,bottleneck_waypoint,Extreme,d16_20,0.710520118009299,0.8975886751431972,0.18706855713389814,True,True,0,0,False,False,0,0,79,6,-0.007748200757795143,-0.0021908545555997527,,
extreme_s00_q0010,f_n3p_knn,Extreme,d16_20,0.5737248791847378,0.25324195297434926,-0.32048292621038854,True,True,0,0,True,True,0,0,123,121,-0.03773193711470846,-0.038621594009656035,,
extreme_s00_q0010,md_dqn,Extreme,d16_20,0.8789040553383529,0.3729973949957639,-0.505906660342589,False,False,0,0,False,False,0,0,476,476,,,md_dqn_not_reached,md_dqn_not_reached
extreme_s00_q0010,n3p_k1,Extreme,d16_20,0.5717344279401004,0.25127201108261943,-0.320462416857481,True,True,0,0,True,True,0,0,123,121,-0.03773193711470846,-0.038621594009656035,,
extreme_s00_q0010,vanilla_ha,Extreme,d16_20,0.5097620487213135,0.481187105178833,-0.02857494354248047,True,True,0,0,False,False,0,0,596,596,,,,
extreme_s00_q0010,voronoi_waypoint,Extreme,d16_20,0.6643623909913003,0.6297992439940572,-0.034563146997243166,True,True,0,0,False,False,0,0,16,16,0.0023389971282221644,0.0023389971282221644,,
extreme_s00_q0011,bottleneck_waypoint,Extreme,d20_inf,0.9167233989574015,1.061290408950299,0.1445670099928975,True,True,0,0,False,False,0,0,10,11,,,,
extreme_s00_q0011,f_n3p_knn,Extreme,d20_inf,3.515619216952473,3.5164368068799376,0.0008175899274647236,False,False,0,0,True,True,1,1,4756,4882,,,f2_failed:prediction:goal_in_collision;goal:timeout;f3_failed:timeout,f2_failed:prediction:goal_in_collision;goal:timeout;f3_failed:timeout
extreme_s00_q0011,md_dqn,Extreme,d20_inf,0.0019693151116371155,0.0014474939089268446,-0.0005218212027102709,False,False,0,0,False,False,0,0,1,1,,,md_dqn_not_reached,md_dqn_not_reached
extreme_s00_q0011,n3p_k1,Extreme,d20_inf,3.5129343590233475,3.516684256028384,0.0037498970050364733,False,False,0,0,True,True,1,1,4885,4779,,,f2_failed:prediction:goal_in_collision;goal:timeout;f3_failed:timeout,f2_failed:prediction:goal_in_collision;goal:timeout;f3_failed:timeout
extreme_s00_q0011,vanilla_ha,Extreme,d20_inf,2.503730058670044,2.5000884532928467,-0.0036416053771972656,False,False,0,0,False,False,0,0,3465,3453,,,timeout,timeout
extreme_s00_q0011,voronoi_waypoint,Extreme,d20_inf,1.1713221760001034,1.1910733131226152,0.019751137122511864,True,True,0,0,False,False,0,0,128,146,,,,
extreme_s00_q0012,bottleneck_waypoint,Extreme,d08_12,0.5095274830237031,0.48056114302016795,-0.02896634000353515,True,True,0,0,False,False,0,0,3,3,0.15023204194318063,0.15023204194318063,,
extreme_s00_q0012,f_n3p_knn,Extreme,d08_12,0.6732384511269629,0.2031226868275553,-0.4701157642994076,True,True,0,0,True,True,0,0,36,33,0.1611730928360795,0.103036360185772,,
extreme_s00_q0012,md_dqn,Extreme,d08_12,0.17203317652456462,0.1690086133312434,-0.003024563193321228,False,False,0,0,False,False,0,0,600,600,,,md_dqn_not_reached,md_dqn_not_reached
extreme_s00_q0012,n3p_k1,Extreme,d08_12,0.485134846996516,0.1682956439908594,-0.3168392030056566,True,True,0,0,True,True,0,0,3,1,0.14333840698673095,0.08646616966641929,,
extreme_s00_q0012,vanilla_ha,Extreme,d08_12,0.8791768550872803,0.8325610160827637,-0.0466158390045166,True,True,0,0,False,False,0,0,957,957,,,,
extreme_s00_q0012,voronoi_waypoint,Extreme,d08_12,0.726685306057334,0.5353751010261476,-0.19131020503118634,True,True,0,0,False,False,0,0,243,82,0.16470564436327972,0.20201789706077067,,
extreme_s00_q0013,bottleneck_waypoint,Extreme,d12_16,0.6657359029632062,0.6224082859698683,-0.04332761699333787,True,True,0,0,False,False,0,0,4,4,0.13370564979529975,0.09043562459031129,,
extreme_s00_q0013,f_n3p_knn,Extreme,d12_16,0.3346787861082703,0.020624857861548662,-0.3140539282467216,True,True,0,0,True,True,0,0,2,0,-0.015465752964450963,-0.015481875086265195,,
extreme_s00_q0013,md_dqn,Extreme,d12_16,0.27543674292974174,0.27315570786595345,-0.002281035063788295,False,False,0,0,False,False,0,0,280,280,,,md_dqn_not_reached,md_dqn_not_reached
extreme_s00_q0013,n3p_k1,Extreme,d12_16,0.3867814168334007,0.21565878600813448,-0.17112263082526624,True,True,0,0,True,True,0,0,66,65,0.041338928322763424,0.041338928322762536,,
extreme_s00_q0013,vanilla_ha,Extreme,d12_16,0.27690982818603516,0.2618062496185303,-0.015103578567504883,True,True,0,0,False,False,0,0,169,169,,,,
extreme_s00_q0013,voronoi_waypoint,Extreme,d12_16,0.6649214178323746,0.6208352718967944,-0.044086145935580134,True,True,0,0,False,False,0,0,4,4,0.0916482723376475,0.08419850159062237,,
extreme_s00_q0014,bottleneck_waypoint,Extreme,d16_20,0.8096504609566182,0.7522349290084094,-0.05741553194820881,True,True,0,0,False,False,0,0,5,193,,,,
extreme_s00_q0014,f_n3p_knn,Extreme,d16_20,3.512695914832875,3.512902179034427,0.0002062642015516758,False,False,0,0,True,True,1,1,4459,4723,,,f2_failed:prediction:goal_in_collision;goal:timeout;f3_failed:timeout,f2_failed:prediction:goal_in_collision;goal:timeout;f3_failed:timeout
extreme_s00_q0014,md_dqn,Extreme,d16_20,0.3505365129094571,0.34630165342241526,-0.004234859487041831,False,False,0,0,False,False,0,0,362,362,,,md_dqn_not_reached,md_dqn_not_reached
extreme_s00_q0014,n3p_k1,Extreme,d16_20,3.5105165680870414,3.5101280550006777,-0.0003885130863636732,False,False,0,0,True,True,1,1,4477,4738,,,f2_failed:prediction:goal_in_collision;goal:timeout;f3_failed:timeout,f2_failed:prediction:goal_in_collision;goal:timeout;f3_failed:timeout
extreme_s00_q0014,vanilla_ha,Extreme,d16_20,2.500093460083008,2.5000083446502686,-8.511543273925781e-05,False,False,0,0,False,False,0,0,3169,3407,,,timeout,timeout
extreme_s00_q0014,voronoi_waypoint,Extreme,d16_20,0.7600059490650892,0.6905397488735616,-0.0694662001915276,True,True,0,0,False,False,0,0,106,84,,,,
extreme_s00_q0015,bottleneck_waypoint,Extreme,d20_inf,0.972792878979817,0.9052493369672447,-0.06754354201257229,True,True,0,0,False,False,0,0,6,6,,,,
extreme_s00_q0015,f_n3p_knn,Extreme,d20_inf,0.8028281019069254,0.36673519713804126,-0.4360929047688842,True,True,0,0,True,True,0,0,39,36,,,,
extreme_s00_q0015,md_dqn,Extreme,d20_inf,0.17170711606740952,0.16761807980947196,-0.0040890362579375505,False,False,0,0,False,False,0,0,600,600,,,md_dqn_not_reached,md_dqn_not_reached
extreme_s00_q0015,n3p_k1,Extreme,d20_inf,3.513725836062804,3.51253382419236,-0.001192011870443821,False,False,0,0,True,True,1,1,6965,6811,,,f2_failed:prediction:goal_in_collision;goal:timeout;f3_failed:timeout,f2_failed:prediction:goal_in_collision;goal:timeout;f3_failed:timeout
extreme_s00_q0015,vanilla_ha,Extreme,d20_inf,2.5000672340393066,2.500204086303711,0.00013685226440429688,False,False,0,0,False,False,0,0,4837,4935,,,timeout,timeout
extreme_s00_q0015,voronoi_waypoint,Extreme,d20_inf,0.9674918910022825,0.9001741339452565,-0.06731775705702603,True,True,0,0,False,False,0,0,6,6,,,,
extreme_s00_q0016,bottleneck_waypoint,Extreme,d08_12,0.35581202805042267,0.3317242858465761,-0.024087742203846574,True,True,0,0,False,False,0,0,2,2,0.08983610565699207,0.08983610565699207,,
extreme_s00_q0016,f_n3p_knn,Extreme,d08_12,0.32760277995839715,0.019655664218589664,-0.3079471157398075,True,True,0,0,True,True,0,0,2,0,0.12060828880001151,0.1199413418392965,,
extreme_s00_q0016,md_dqn,Extreme,d08_12,0.16971367970108986,0.1674807497765869,-0.002232929924502969,False,False,0,0,False,False,0,0,600,600,,,md_dqn_not_reached,md_dqn_not_reached
extreme_s00_q0016,n3p_k1,Extreme,d08_12,0.22300715721212327,0.20936871296726167,-0.013638444244861603,True,True,0,0,True,True,0,0,57,57,-0.006167974299462142,-0.006167974299462142,,
extreme_s00_q0016,vanilla_ha,Extreme,d08_12,0.4390144348144531,0.41431570053100586,-0.024698734283447266,True,True,0,0,False,False,0,0,421,421,,,,
extreme_s00_q0016,voronoi_waypoint,Extreme,d08_12,0.353459688834846,0.33461289503611624,-0.018846793798729777,True,True,0,0,False,False,0,0,2,2,0.1972045047676354,0.1972045047676354,,
extreme_s00_q0017,bottleneck_waypoint,Extreme,d12_16,0.47788616782054305,0.4759919058997184,-0.001894261920824647,True,True,0,0,False,False,0,0,3,3,0.024674205886913825,0.024674205886913825,,
extreme_s00_q0017,f_n3p_knn,Extreme,d12_16,0.15681251185014844,0.010705145075917244,-0.1461073667742312,True,True,0,0,True,True,0,0,1,0,0.013627011970916758,0.013197614091453147,,
extreme_s00_q0017,md_dqn,Extreme,d12_16,0.3597451220266521,0.16816574637778103,-0.19157937564887106,False,False,0,0,False,False,0,0,600,600,,,md_dqn_not_reached,md_dqn_not_reached
extreme_s00_q0017,n3p_k1,Extreme,d12_16,1.1709889299236238,1.1692927170079201,-0.0016962129157036543,True,True,0,0,True,True,0,0,924,914,0.0,0.0,,
extreme_s00_q0017,vanilla_ha,Extreme,d12_16,0.16170215606689453,0.16086912155151367,-0.0008330345153808594,True,True,0,0,False,False,0,0,29,29,,,,
extreme_s00_q0017,voronoi_waypoint,Extreme,d12_16,0.4736929808277637,0.47604484017938375,0.002351859351620078,True,True,0,0,False,False,0,0,3,3,0.1118518938925881,0.1100226334717953,,
extreme_s00_q0018,bottleneck_waypoint,Extreme,d16_20,0.6291248688939959,0.6289798519574106,-0.00014501693658530712,True,True,0,0,False,False,0,0,10,10,0.0029394240485547396,0.0007084786274320631,,
extreme_s00_q0018,f_n3p_knn,Extreme,d16_20,0.4866262199357152,0.19460150692611933,-0.29202471300959587,True,True,0,0,True,True,0,0,38,36,0.10782436211095736,0.10737020768273076,,
extreme_s00_q0018,md_dqn,Extreme,d16_20,0.3350736212451011,0.3329040177632123,-0.002169603481888771,False,False,0,0,False,False,0,0,390,390,,,md_dqn_not_reached,md_dqn_not_reached
extreme_s00_q0018,n3p_k1,Extreme,d16_20,0.4813496188726276,0.18857317394576967,-0.29277644492685795,True,True,0,0,True,True,0,0,38,36,0.10782436211095736,0.10737020768273076,,
extreme_s00_q0018,vanilla_ha,Extreme,d16_20,0.501955509185791,0.5006937980651855,-0.0012617111206054688,True,True,0,0,False,False,0,0,541,541,,,,
extreme_s00_q0018,voronoi_waypoint,Extreme,d16_20,1.1664790369104594,1.163164020050317,-0.00331501686014235,True,True,0,0,False,False,0,0,611,611,0.0749500288404219,0.0749500288404219,,
extreme_s00_q0019,bottleneck_waypoint,Extreme,d20_inf,0.6298916628584266,0.6314139100722969,0.001522247213870287,True,True,0,0,False,False,0,0,9,4,0.053517900118297046,0.0572686569418599,,
extreme_s00_q0019,f_n3p_knn,Extreme,d20_inf,0.0009361680131405592,0.0009529520757496357,1.67840626090765e-05,True,True,0,0,False,False,0,0,0,0,0.0,0.0,,
extreme_s00_q0019,md_dqn,Extreme,d20_inf,0.16980252997018397,0.16860205912962556,-0.0012004708405584097,False,False,0,0,False,False,0,0,600,600,,,md_dqn_not_reached,md_dqn_not_reached
extreme_s00_q0019,n3p_k1,Extreme,d20_inf,0.0009163960348814726,0.0009315048810094595,1.5108846127986908e-05,True,True,0,0,False,False,0,0,0,0,0.0,0.0,,
extreme_s00_q0019,vanilla_ha,Extreme,d20_inf,0.15038156509399414,0.15033197402954102,-4.9591064453125e-05,True,True,0,0,False,False,0,0,1,1,,,,
extreme_s00_q0019,voronoi_waypoint,Extreme,d20_inf,0.8247693418525159,0.8296015330124646,0.004832191159948707,True,True,0,0,False,False,0,0,92,92,0.09008230027720932,0.09008230027720932,,
extreme_s01_q0020,bottleneck_waypoint,Extreme,d08_12,0.4877058770507574,0.4888247069902718,0.0011188299395143986,True,True,0,0,False,False,0,0,7,7,-0.015973870216518082,-0.015973870216518082,,
extreme_s01_q0020,f_n3p_knn,Extreme,d08_12,0.298494981136173,0.29751993296667933,-0.0009750481694936752,True,True,0,0,True,True,0,0,157,157,0.0009486696538667516,0.0009486696538667516,,
extreme_s01_q0020,md_dqn,Extreme,d08_12,0.0014767700340598822,0.001460799016058445,-1.5971018001437187e-05,False,False,0,0,False,False,0,0,1,1,,,md_dqn_not_reached,md_dqn_not_reached
extreme_s01_q0020,n3p_k1,Extreme,d08_12,0.2964399019256234,0.2980682668276131,0.0016283649019896984,True,True,0,0,True,True,0,0,157,157,0.0009486696538667516,0.0009486696538667516,,
extreme_s01_q0020,vanilla_ha,Extreme,d08_12,0.24092555046081543,0.24220705032348633,0.0012814998626708984,True,True,0,0,False,False,0,0,161,161,,,,
extreme_s01_q0020,voronoi_waypoint,Extreme,d08_12,0.5685744609218091,0.6150027411058545,0.046428280184045434,True,True,0,0,False,False,0,0,123,186,0.04607564707229894,-0.10474503253360679,,
extreme_s01_q0021,bottleneck_waypoint,Extreme,d12_16,0.47813038900494576,0.47918901196680963,0.0010586229618638754,True,True,0,0,False,False,0,0,3,3,0.023173248477238673,0.023173248477238673,,
extreme_s01_q0021,f_n3p_knn,Extreme,d12_16,0.15741095296107233,0.010285784024745226,-0.1471251689363271,True,True,0,0,False,False,0,0,1,0,0.006048548433966294,0.005773196605793451,,
extreme_s01_q0021,md_dqn,Extreme,d12_16,0.16827279748395085,0.1674949461594224,-0.0007778513245284557,False,False,0,0,False,False,0,0,600,600,,,md_dqn_not_reached,md_dqn_not_reached
extreme_s01_q0021,n3p_k1,Extreme,d12_16,0.15636092494241893,0.009234400931745768,-0.14712652401067317,True,True,0,0,False,False,0,0,1,0,0.006048548433966294,0.005773196605793451,,
extreme_s01_q0021,vanilla_ha,Extreme,d12_16,0.8854665756225586,0.8901569843292236,0.004690408706665039,True,True,0,0,False,False,0,0,1171,1171,,,,
extreme_s01_q0021,voronoi_waypoint,Extreme,d12_16,0.5669423120561987,0.6285073629114777,0.06156505085527897,True,True,0,0,False,False,0,0,109,187,0.04920217168644925,0.11871012904695544,,
extreme_s01_q0022,bottleneck_waypoint,Extreme,d16_20,0.4745883399154991,0.47874072613194585,0.004152386216446757,True,True,0,0,False,False,0,0,3,3,-0.006575319912083488,-0.021824659050309503,,
extreme_s01_q0022,f_n3p_knn,Extreme,d16_20,0.30985241918824613,0.020090943900868297,-0.28976147528737783,True,True,0,0,False,False,0,0,2,0,-0.026205424817944967,-0.02704470509127399,,
extreme_s01_q0022,md_dqn,Extreme,d16_20,0.07748369150795043,0.07707444368861616,-0.00040924781933426857,True,True,0,0,False,False,0,0,226,226,0.17330117390913968,0.17330117390913968,,
extreme_s01_q0022,n3p_k1,Extreme,d16_20,0.3069934828672558,0.018443461041897535,-0.28855002182535827,True,True,0,0,False,False,0,0,2,0,-0.026205424817944967,-0.02704470509127399,,
extreme_s01_q0022,vanilla_ha,Extreme,d16_20,0.2070000171661377,0.20764803886413574,0.0006480216979980469,True,True,0,0,False,False,0,0,81,81,,,,
extreme_s01_q0022,voronoi_waypoint,Extreme,d16_20,0.4783029928803444,0.4768814940471202,-0.0014214988332241774,True,True,0,0,False,False,0,0,3,3,-0.0025587467200450797,-0.005292234949400343,,
extreme_s01_q0023,bottleneck_waypoint,Extreme,d20_inf,0.7572970811743289,0.7619536318816245,0.004656550707295537,True,True,0,0,False,False,0,0,5,5,0.0049912697230243275,0.0049912697230243275,,
extreme_s01_q0023,f_n3p_knn,Extreme,d20_inf,1.4782825149595737,1.3354419800452888,-0.14284053491428494,True,True,0,0,True,True,0,0,1341,1332,-0.024064627292841645,-0.024308450382798052,,
extreme_s01_q0023,md_dqn,Extreme,d20_inf,0.22420709347352386,0.22111622779630125,-0.0030908656772226095,False,False,0,0,False,False,0,0,308,308,,,md_dqn_not_reached,md_dqn_not_reached
extreme_s01_q0023,n3p_k1,Extreme,d20_inf,0.36770543293096125,0.3684812281280756,0.0007757951971143484,True,True,0,0,True,True,0,0,78,78,-0.017151479220080534,-0.017151479220080534,,
extreme_s01_q0023,vanilla_ha,Extreme,d20_inf,0.8611235618591309,0.8640739917755127,0.002950429916381836,True,True,0,0,False,False,0,0,1257,1257,,,,
extreme_s01_q0023,voronoi_waypoint,Extreme,d20_inf,0.987315075006336,0.9954545230139047,0.008139448007568717,True,True,0,0,False,False,0,0,291,288,0.025019140471906454,0.025933534411251014,,
extreme_s01_q0024,bottleneck_waypoint,Extreme,d08_12,0.4689869440626353,0.46882471698336303,-0.0001622270792722702,True,True,0,0,False,False,0,0,3,3,0.14872316797624419,0.20372544878135157,,
extreme_s01_q0024,f_n3p_knn,Extreme,d08_12,0.15303392801433802,0.008982730796560645,-0.14405119721777737,True,True,0,0,False,False,0,0,1,0,-0.024858709861851125,-0.025629401727324863,,
extreme_s01_q0024,md_dqn,Extreme,d08_12,0.33054099418222904,0.32892072619870305,-0.0016202679835259914,False,False,0,0,False,False,0,0,360,360,,,md_dqn_not_reached,md_dqn_not_reached
extreme_s01_q0024,n3p_k1,Extreme,d08_12,0.14884111494757235,0.006770384032279253,-0.1420707309152931,True,True,0,0,False,False,0,0,1,0,-0.024858709861851125,-0.025629401727324863,,
extreme_s01_q0024,vanilla_ha,Extreme,d08_12,0.14948105812072754,0.15139555931091309,0.0019145011901855469,True,True,0,0,False,False,0,0,13,13,,,,
extreme_s01_q0024,voronoi_waypoint,Extreme,d08_12,0.3355562330689281,0.33527386002242565,-0.00028237304650247097,True,True,0,0,False,False,0,0,10,10,0.0002231427516345974,0.00019523151609490697,,
extreme_s01_q0025,bottleneck_waypoint,Extreme,d12_16,0.6147021490614861,0.6229316331446171,0.008229484083130956,True,True,0,0,False,False,0,0,4,4,0.2967963665359885,0.2967963665359885,,
extreme_s01_q0025,f_n3p_knn,Extreme,d12_16,0.3079899020958692,0.01987633598037064,-0.28811356611549854,True,True,0,0,True,True,0,0,2,0,-0.015835900040287232,-0.016269548532876432,,
extreme_s01_q0025,md_dqn,Extreme,d12_16,0.17010325589217246,0.16748622129671276,-0.0026170345954596996,False,False,0,0,False,False,0,0,600,600,,,md_dqn_not_reached,md_dqn_not_reached
extreme_s01_q0025,n3p_k1,Extreme,d12_16,0.312694899039343,0.1685965028591454,-0.1440983961801976,True,True,0,0,True,True,0,0,14,13,-0.018356336689315023,-0.018404863172927333,,
extreme_s01_q0025,vanilla_ha,Extreme,d12_16,0.21276378631591797,0.2133808135986328,0.0006170272827148438,True,True,0,0,False,False,0,0,91,91,,,,
extreme_s01_q0025,voronoi_waypoint,Extreme,d12_16,0.6096292219590396,0.6147187210153788,0.005089499056339264,True,True,0,0,False,False,0,0,4,4,0.2490529038601581,0.2490529038601581,,
extreme_s01_q0026,bottleneck_waypoint,Extreme,d16_20,0.6224002810195088,0.6319109289906919,0.009510647971183062,True,True,0,0,False,False,0,0,4,4,-0.030118356918161004,-0.03154248567724116,,
extreme_s01_q0026,f_n3p_knn,Extreme,d16_20,1.3186781390104443,1.1869642229285091,-0.13171391608193517,True,True,0,0,True,True,0,1,1149,1400,-0.005345242220534119,0.0,,
extreme_s01_q0026,md_dqn,Extreme,d16_20,0.1699732644483447,0.16912271198816597,-0.0008505524601787329,False,False,0,0,False,False,0,0,600,600,,,md_dqn_not_reached,md_dqn_not_reached
extreme_s01_q0026,n3p_k1,Extreme,d16_20,1.3189922629389912,1.1856638970784843,-0.1333283658605069,True,True,0,0,True,True,0,1,1149,1400,-0.005345242220534119,0.0,,
extreme_s01_q0026,vanilla_ha,Extreme,d16_20,0.29804158210754395,0.29992032051086426,0.0018787384033203125,True,True,0,0,False,False,0,0,256,256,,,,
extreme_s01_q0026,voronoi_waypoint,Extreme,d16_20,0.6254644088912755,0.6300694120582193,0.0046050031669437885,True,True,0,0,False,False,0,0,10,10,-0.015253532310467555,-0.0014995859016938562,,
extreme_s01_q0027,bottleneck_waypoint,Extreme,d20_inf,0.759474819060415,0.7622011280618608,0.0027263090014457703,True,True,0,0,False,False,0,0,5,5,,,,
extreme_s01_q0027,f_n3p_knn,Extreme,d20_inf,4.46208803798072,4.3908157190307975,-0.07127231894992292,False,False,0,0,True,True,1,1,8429,8282,,,f2_failed:prediction:timeout;goal:node_budget_exhausted;f3_failed:timeout,f2_failed:prediction:timeout;goal:node_budget_exhausted;f3_failed:timeout
extreme_s01_q0027,md_dqn,Extreme,d20_inf,0.16767354775220156,0.16714954166673124,-0.0005240060854703188,False,False,0,0,False,False,0,0,600,600,,,md_dqn_not_reached,md_dqn_not_reached
extreme_s01_q0027,n3p_k1,Extreme,d20_inf,4.390082502970472,4.389265595935285,-0.0008169070351868868,False,False,0,0,True,True,1,1,8429,8431,,,f2_failed:prediction:timeout;goal:node_budget_exhausted;f3_failed:timeout,f2_failed:prediction:timeout;goal:node_budget_exhausted;f3_failed:timeout
extreme_s01_q0027,vanilla_ha,Extreme,d20_inf,2.500209093093872,2.501203775405884,0.0009946823120117188,False,False,0,0,False,False,0,0,5096,5097,,,timeout,timeout
extreme_s01_q0027,voronoi_waypoint,Extreme,d20_inf,0.7564466309268028,0.7630059579387307,0.006559327011927962,True,True,0,0,False,False,0,0,5,5,,,,
extreme_s01_q0028,bottleneck_waypoint,Extreme,d08_12,0.34462332003749907,0.3446148158982396,-8.504139259457588e-06,True,True,0,0,False,False,0,0,14,14,,,,
extreme_s01_q0028,f_n3p_knn,Extreme,d08_12,3.512405327986926,3.5116135531570762,-0.0007917748298496008,False,False,0,0,True,True,1,1,4339,4347,,,f2_failed:prediction:goal_in_collision;goal:timeout;f3_failed:timeout,f2_failed:prediction:goal_in_collision;goal:timeout;f3_failed:timeout
extreme_s01_q0028,md_dqn,Extreme,d08_12,0.18936327588744462,0.18878223560750484,-0.0005810402799397707,False,False,0,0,False,False,0,0,262,262,,,md_dqn_not_reached,md_dqn_not_reached
extreme_s01_q0028,n3p_k1,Extreme,d08_12,3.515127161052078,3.516185550019145,0.0010583889670670033,False,False,0,0,True,True,1,1,4276,4357,,,f2_failed:prediction:goal_in_collision;goal:timeout;f3_failed:timeout,f2_failed:prediction:goal_in_collision;goal:timeout;f3_failed:timeout
extreme_s01_q0028,vanilla_ha,Extreme,d08_12,2.5003466606140137,2.5003135204315186,-3.314018249511719e-05,False,False,0,0,False,False,0,0,3053,3032,,,timeout,timeout
extreme_s01_q0028,voronoi_waypoint,Extreme,d08_12,0.47570956707932055,0.4744941929820925,-0.0012153740972280502,True,True,0,0,False,False,0,0,6,3,,,,
extreme_s01_q0029,bottleneck_waypoint,Extreme,d12_16,0.47716434695757926,0.47661660285666585,-0.0005477441009134054,True,True,0,0,False,False,0,0,3,3,,,,
extreme_s01_q0029,f_n3p_knn,Extreme,d12_16,3.5133126450236887,3.513614584924653,0.0003019399009644985,False,False,0,0,True,True,1,1,4579,4570,,,f2_failed:prediction:goal_in_collision;goal:timeout;f3_failed:timeout,f2_failed:prediction:goal_in_collision;goal:timeout;f3_failed:timeout
extreme_s01_q0029,md_dqn,Extreme,d12_16,0.16904978826642036,0.16743382951244712,-0.0016159587539732456,False,False,0,0,False,False,0,0,600,600,,,md_dqn_not_reached,md_dqn_not_reached
extreme_s01_q0029,n3p_k1,Extreme,d12_16,3.5123193110339344,3.5125272320583463,0.00020792102441191673,False,False,0,0,True,True,1,1,4581,4582,,,f2_failed:prediction:goal_in_collision;goal:timeout;f3_failed:timeout,f2_failed:prediction:goal_in_collision;goal:timeout;f3_failed:timeout
extreme_s01_q0029,vanilla_ha,Extreme,d12_16,2.5003087520599365,2.501121997833252,0.0008132457733154297,False,False,0,0,False,False,0,0,3237,3137,,,timeout,timeout
extreme_s01_q0029,voronoi_waypoint,Extreme,d12_16,0.47543069114908576,0.4775213620159775,0.0020906708668917418,True,True,0,0,False,False,0,0,3,6,,,,
extreme_s01_q0030,bottleneck_waypoint,Extreme,d16_20,0.6225780139211565,0.7660477929748595,0.14346977905370295,True,True,0,0,False,False,0,0,4,5,,,,
extreme_s01_q0030,f_n3p_knn,Extreme,d16_20,0.3132429930847138,0.019410109147429466,-0.29383288393728435,True,True,0,0,True,True,0,0,2,0,,,,
extreme_s01_q0030,md_dqn,Extreme,d16_20,0.17004586337134242,0.16864944412373006,-0.0013964192476123571,False,False,0,0,False,False,0,0,600,600,,,md_dqn_not_reached,md_dqn_not_reached
extreme_s01_q0030,n3p_k1,Extreme,d16_20,3.5117582199163735,3.514509240165353,0.00275102024897933,False,False,0,0,True,True,1,1,6424,6414,,,f2_failed:prediction:goal_in_collision;goal:timeout;f3_failed:timeout,f2_failed:prediction:goal_in_collision;goal:timeout;f3_failed:timeout
extreme_s01_q0030,vanilla_ha,Extreme,d16_20,2.5005993843078613,2.500332832336426,-0.0002665519714355469,False,False,0,0,False,False,0,0,4243,4237,,,timeout,timeout
extreme_s01_q0030,voronoi_waypoint,Extreme,d16_20,0.6236532940529287,0.6242083320394158,0.0005550379864871502,True,True,0,0,False,False,0,0,4,4,,,,
extreme_s01_q0031,bottleneck_waypoint,Extreme,d20_inf,0.6179434608202428,0.6157186098862439,-0.002224850933998823,True,True,0,0,False,False,0,0,4,4,0.026506423216871466,0.026506423216871466,,
extreme_s01_q0031,f_n3p_knn,Extreme,d20_inf,0.38127001211978495,0.23840384394861758,-0.14286616817116737,True,True,0,0,True,True,0,0,170,169,0.0050672329334897626,0.005051422131901573,,
extreme_s01_q0031,md_dqn,Extreme,d20_inf,0.1700402379501611,0.16746026393957436,-0.0025799740105867386,False,False,0,0,False,False,0,0,600,600,,,md_dqn_not_reached,md_dqn_not_reached
extreme_s01_q0031,n3p_k1,Extreme,d20_inf,0.3773449519649148,0.2355881379917264,-0.1417568139731884,True,True,0,0,True,True,0,0,170,169,0.0050672329334897626,0.005051422131901573,,
extreme_s01_q0031,vanilla_ha,Extreme,d20_inf,0.23564720153808594,0.23700165748596191,0.0013544559478759766,True,True,0,0,False,False,0,0,233,233,,,,
extreme_s01_q0031,voronoi_waypoint,Extreme,d20_inf,0.7972545349039137,0.7939934669993818,-0.0032610679045319557,True,True,0,0,False,False,0,0,59,59,0.05255958531236371,0.05257502443359385,,
extreme_s01_q0032,bottleneck_waypoint,Extreme,d08_12,0.4757917979732156,0.4739560200832784,-0.0018357778899371624,True,True,0,0,False,False,0,0,3,3,0.1255840501236405,0.1255840501236405,,
extreme_s01_q0032,f_n3p_knn,Extreme,d08_12,0.15497767296619713,0.010263734962791204,-0.14471393800340593,True,True,0,0,True,True,0,0,1,0,0.05931862934259868,0.05400006199563934,,
extreme_s01_q0032,md_dqn,Extreme,d08_12,0.16824060771614313,0.16701937234029174,-0.0012212353758513927,False,False,0,0,False,False,0,0,600,600,,,md_dqn_not_reached,md_dqn_not_reached
extreme_s01_q0032,n3p_k1,Extreme,d08_12,0.27825747802853584,0.2791511039249599,0.0008936258964240551,True,True,0,0,True,True,0,0,206,206,0.0,0.0,,
extreme_s01_q0032,vanilla_ha,Extreme,d08_12,0.2694578170776367,0.26730990409851074,-0.0021479129791259766,True,True,0,0,False,False,0,0,206,206,,,,
extreme_s01_q0032,voronoi_waypoint,Extreme,d08_12,0.3297787718474865,0.330896127037704,0.001117355190217495,True,True,0,0,False,False,0,0,2,2,0.14361448879207095,0.14361448879207095,,
extreme_s01_q0033,bottleneck_waypoint,Extreme,d12_16,0.4758544750511646,0.4775577939581126,0.0017033189069479704,True,True,0,0,False,False,0,0,3,3,0.04437820249218549,0.04437820249218549,,
extreme_s01_q0033,f_n3p_knn,Extreme,d12_16,0.15763282706029713,0.011047126026824117,-0.14658570103347301,True,True,0,0,True,True,0,0,1,0,0.016859418191569775,0.014829765481336299,,
extreme_s01_q0033,md_dqn,Extreme,d12_16,0.1676731980405748,0.1671603200957179,-0.0005128779448568821,False,False,0,0,False,False,0,0,600,600,,,md_dqn_not_reached,md_dqn_not_reached
extreme_s01_q0033,n3p_k1,Extreme,d12_16,0.1868521780706942,0.1871480338741094,0.00029585580341517925,True,True,0,0,True,True,0,0,47,47,0.008220839478803255,0.008220839478803255,,
extreme_s01_q0033,vanilla_ha,Extreme,d12_16,0.17464447021484375,0.1752791404724121,0.0006346702575683594,True,True,0,0,False,False,0,0,49,49,,,,
extreme_s01_q0033,voronoi_waypoint,Extreme,d12_16,0.474612093064934,0.475192803889513,0.0005807108245790005,True,True,0,0,False,False,0,0,3,3,0.05265407181298176,0.05265407181298176,,
extreme_s01_q0034,bottleneck_waypoint,Extreme,d16_20,0.612615805817768,0.47312099020928144,-0.13949481560848653,True,True,0,0,False,False,0,0,4,3,0.04365066519931049,0.04125354487272914,,
extreme_s01_q0034,f_n3p_knn,Extreme,d16_20,0.2982853080611676,0.298640841152519,0.0003555330913513899,True,True,0,0,True,True,0,0,241,241,0.0,0.0,,
extreme_s01_q0034,md_dqn,Extreme,d16_20,0.1699405014514923,0.16734449192881584,-0.002596009522676468,False,False,0,0,False,False,0,0,600,600,,,md_dqn_not_reached,md_dqn_not_reached
extreme_s01_q0034,n3p_k1,Extreme,d16_20,0.2971062739379704,0.29854227020405233,0.0014359962660819292,True,True,0,0,True,True,0,0,241,241,0.0,0.0,,
extreme_s01_q0034,vanilla_ha,Extreme,d16_20,0.2888364791870117,0.2914848327636719,0.0026483535766601562,True,True,0,0,False,False,0,0,241,241,,,,
extreme_s01_q0034,voronoi_waypoint,Extreme,d16_20,0.6108600499574095,0.6114716760348529,0.0006116260774433613,True,True,0,0,False,False,0,0,4,4,0.09116535251816882,0.09116535251816882,,
extreme_s01_q0035,bottleneck_waypoint,Extreme,d20_inf,0.9044483758043498,0.9068504509050399,0.0024020751006901264,True,True,0,0,False,False,0,0,6,6,,,,
extreme_s01_q0035,f_n3p_knn,Extreme,d20_inf,3.826088950969279,3.6825128621421754,-0.14357608882710338,False,False,0,0,True,True,1,1,5614,5636,,,f2_failed:prediction:goal_in_collision;goal:timeout;f3_failed:timeout,f2_failed:prediction:goal_in_collision;goal:timeout;f3_failed:timeout
extreme_s01_q0035,md_dqn,Extreme,d20_inf,0.16859455360099673,0.1656342321075499,-0.002960321493446827,False,False,0,0,False,False,0,0,600,600,,,md_dqn_not_reached,md_dqn_not_reached
extreme_s01_q0035,n3p_k1,Extreme,d20_inf,3.8211026799399406,3.677614460932091,-0.1434882190078497,False,False,0,0,True,True,1,1,5617,5620,,,f2_failed:prediction:goal_in_collision;goal:timeout;f3_failed:timeout,f2_failed:prediction:goal_in_collision;goal:timeout;f3_failed:timeout
extreme_s01_q0035,vanilla_ha,Extreme,d20_inf,2.5021464824676514,2.5014820098876953,-0.0006644725799560547,False,False,0,0,False,False,0,0,4041,4017,,,timeout,timeout
extreme_s01_q0035,voronoi_waypoint,Extreme,d20_inf,0.7610226350370795,0.7658444638364017,0.0048218287993222475,True,True,0,0,False,False,0,0,5,5,,,,
extreme_s01_q0036,bottleneck_waypoint,Extreme,d08_12,0.6207492391113192,0.621850793948397,0.001101554837077856,True,True,0,0,False,False,0,0,4,4,0.13103070922254378,0.13103070922254378,,
extreme_s01_q0036,f_n3p_knn,Extreme,d08_12,0.15979927382431924,0.010862629162147641,-0.1489366446621716,True,True,0,0,True,True,0,0,1,0,5.830121785166398e-05,-0.0004874176776659134,,
extreme_s01_q0036,md_dqn,Extreme,d08_12,0.1690399742219597,0.1680842423811555,-0.0009557318408042192,False,False,0,0,False,False,0,0,600,600,,,md_dqn_not_reached,md_dqn_not_reached
extreme_s01_q0036,n3p_k1,Extreme,d08_12,0.17778732697479427,0.176871637115255,-0.0009156898595392704,True,True,0,0,True,True,0,0,29,29,0.0042671040297164176,0.0042671040297164176,,
extreme_s01_q0036,vanilla_ha,Extreme,d08_12,0.19373726844787598,0.19247055053710938,-0.0012667179107666016,True,True,0,0,False,False,0,0,73,73,,,,
extreme_s01_q0036,voronoi_waypoint,Extreme,d08_12,0.47671971493400633,0.47692551696673036,0.00020580203272402287,True,True,0,0,False,False,0,0,3,3,0.14748451187180378,0.15056461981560254,,
extreme_s01_q0037,bottleneck_waypoint,Extreme,d12_16,0.6187905189581215,0.617751571116969,-0.0010389478411525488,True,True,0,0,False,False,0,0,4,4,0.03784058581855443,0.05417976087750764,,
extreme_s01_q0037,f_n3p_knn,Extreme,d12_16,0.3481767999473959,0.2047101710923016,-0.1434666288550943,True,True,0,0,True,True,0,0,72,71,-0.0020525230780455983,-0.0028066993719990663,,
extreme_s01_q0037,md_dqn,Extreme,d12_16,0.16969037661328912,0.16674028406850994,-0.0029500925447791815,False,False,0,0,False,False,0,0,600,600,,,md_dqn_not_reached,md_dqn_not_reached
extreme_s01_q0037,n3p_k1,Extreme,d12_16,0.348894109018147,0.2053189929574728,-0.1435751160606742,True,True,0,0,True,True,0,0,72,71,-0.0020525230780455983,-0.0028066993719990663,,
extreme_s01_q0037,vanilla_ha,Extreme,d12_16,0.3529531955718994,0.3526341915130615,-0.0003190040588378906,True,True,0,0,False,False,0,0,285,285,,,,
extreme_s01_q0037,voronoi_waypoint,Extreme,d12_16,0.7335000101011246,0.6127471150830388,-0.12075289501808584,True,True,0,0,False,False,0,0,112,4,0.07069272739671728,0.07957038941228856,,
extreme_s01_q0038,bottleneck_waypoint,Extreme,d16_20,0.6125259378459305,0.6151736590545624,0.0026477212086319923,True,True,0,0,False,False,0,0,4,4,0.11056807807699442,0.09960899780216903,,
extreme_s01_q0038,f_n3p_knn,Extreme,d16_20,0.48602000693790615,0.20737542095594108,-0.27864458598196507,True,True,0,0,True,True,0,0,63,61,0.01933220757537768,0.016965643606753122,,
extreme_s01_q0038,md_dqn,Extreme,d16_20,0.16898756544105709,0.16731866006739438,-0.0016689053736627102,False,False,0,0,False,False,0,0,600,600,,,md_dqn_not_reached,md_dqn_not_reached
extreme_s01_q0038,n3p_k1,Extreme,d16_20,0.21779741090722382,0.21937275701202452,0.0015753461048007011,True,True,0,0,True,True,0,0,177,177,0.0,0.0,,
extreme_s01_q0038,vanilla_ha,Extreme,d16_20,0.21037745475769043,0.21153759956359863,0.0011601448059082031,True,True,0,0,False,False,0,0,177,177,,,,
extreme_s01_q0038,voronoi_waypoint,Extreme,d16_20,0.6061488720588386,0.613077016081661,0.00692814402282238,True,True,0,0,False,False,0,0,4,4,0.1376483994818174,0.1271793961377934,,
extreme_s01_q0039,bottleneck_waypoint,Extreme,d20_inf,0.9094364850316197,0.9150423570536077,0.005605872021988034,True,True,0,0,False,False,0,0,6,6,,,,
extreme_s01_q0039,f_n3p_knn,Extreme,d20_inf,0.9396071860101074,0.21600423008203506,-0.7236029559280723,True,True,0,0,True,True,0,0,22,17,,,,
extreme_s01_q0039,md_dqn,Extreme,d20_inf,0.1688399282284081,0.16651937318965793,-0.0023205550387501717,False,False,0,0,False,False,0,0,600,600,,,md_dqn_not_reached,md_dqn_not_reached
extreme_s01_q0039,n3p_k1,Extreme,d20_inf,3.8218654869124293,3.5301827990915626,-0.2916826878208667,False,False,0,0,True,True,1,1,7119,7098,,,f2_failed:prediction:goal_in_collision;goal:timeout;f3_failed:timeout,f2_failed:prediction:goal_in_collision;goal:timeout;f3_failed:timeout
extreme_s01_q0039,vanilla_ha,Extreme,d20_inf,2.5007638931274414,2.500281572341919,-0.00048232078552246094,False,False,0,0,False,False,0,0,5145,5126,,,timeout,timeout
extreme_s01_q0039,voronoi_waypoint,Extreme,d20_inf,1.0503059888724238,1.0531473690643907,0.0028413801919668913,True,True,0,0,False,False,0,0,7,7,,,,
extreme_s02_q0040,bottleneck_waypoint,Extreme,d08_12,0.34178604395128787,0.34326901682652533,0.001482972875237465,True,True,0,0,False,False,0,0,10,10,0.014449125026884557,0.014449125026884557,,
extreme_s02_q0040,f_n3p_knn,Extreme,d08_12,0.16052386187948287,0.16138401511125267,0.0008601532317698002,True,True,0,0,True,True,0,0,7,7,0.007565816066040565,0.007565816066040565,,
extreme_s02_q0040,md_dqn,Extreme,d08_12,0.1878495931159705,0.1857691635377705,-0.0020804295781999826,False,False,0,0,False,False,0,0,155,155,,,md_dqn_not_reached,md_dqn_not_reached
extreme_s02_q0040,n3p_k1,Extreme,d08_12,0.15952539700083435,0.15992511110380292,0.00039971410296857357,True,True,0,0,True,True,0,0,7,7,0.007565816066040565,0.007565816066040565,,
extreme_s02_q0040,vanilla_ha,Extreme,d08_12,0.15201902389526367,0.15222597122192383,0.00020694732666015625,True,True,0,0,False,False,0,0,8,8,,,,
extreme_s02_q0040,voronoi_waypoint,Extreme,d08_12,0.33321624621748924,0.33682243200019,0.003606185782700777,True,True,0,0,False,False,0,0,2,2,0.05527979326768939,0.05527979326768939,,
extreme_s02_q0041,bottleneck_waypoint,Extreme,d12_16,0.47272339602932334,0.4725227428134531,-0.0002006532158702612,True,True,0,0,False,False,0,0,3,3,-0.003461112711926284,-0.003461112711926284,,
extreme_s02_q0041,f_n3p_knn,Extreme,d12_16,0.3992980669718236,0.25397781608626246,-0.1453202508855611,True,True,0,0,True,True,0,0,104,103,-0.014445645278382546,-0.014445645278382546,,
extreme_s02_q0041,md_dqn,Extreme,d12_16,0.1754302978515625,0.1785183260217309,0.0030880281701684,False,False,0,0,False,False,0,0,420,420,,,md_dqn_not_reached,md_dqn_not_reached
extreme_s02_q0041,n3p_k1,Extreme,d12_16,0.3985781199298799,0.2551973059307784,-0.14338081399910152,True,True,0,0,True,True,0,0,104,103,-0.014445645278382546,-0.014445645278382546,,
extreme_s02_q0041,vanilla_ha,Extreme,d12_16,0.8095190525054932,0.8132791519165039,0.003760099411010742,True,True,0,0,False,False,0,0,759,759,,,,
extreme_s02_q0041,voronoi_waypoint,Extreme,d12_16,0.47581539396196604,0.48271461809054017,0.006899224128574133,True,True,0,0,False,False,0,0,9,15,-0.008571485881128327,-0.008366609190864405,,
extreme_s02_q0042,bottleneck_waypoint,Extreme,d16_20,0.7674649639520794,0.7760408141184598,0.008575850166380405,True,True,0,0,False,False,0,0,5,5,0.0690517699825639,0.06835406424370705,,
extreme_s02_q0042,f_n3p_knn,Extreme,d16_20,0.15485025406815112,0.01005177479237318,-0.14479847927577794,True,True,0,0,False,False,0,0,1,0,-0.0002903387075386954,-0.0008624638218024394,,
extreme_s02_q0042,md_dqn,Extreme,d16_20,0.16941383806988597,0.16983252647332847,0.000418688403442502,False,False,0,0,False,False,0,0,600,600,,,md_dqn_not_reached,md_dqn_not_reached
extreme_s02_q0042,n3p_k1,Extreme,d16_20,0.15414640912786126,0.008666152833029628,-0.14548025629483163,True,True,0,0,False,False,0,0,1,0,-0.0002903387075386954,-0.0008624638218024394,,
extreme_s02_q0042,vanilla_ha,Extreme,d16_20,0.15605878829956055,0.15618276596069336,0.0001239776611328125,True,True,0,0,False,False,0,0,17,17,,,,
extreme_s02_q0042,voronoi_waypoint,Extreme,d16_20,0.6365208069328219,0.6791409798897803,0.04262017295695841,True,True,0,0,False,False,0,0,22,56,0.07480005183271521,0.10829843250172977,,
extreme_s02_q0043,bottleneck_waypoint,Extreme,d20_inf,0.899274499155581,0.8943905299529433,-0.004883969202637672,True,True,0,0,False,False,0,0,6,6,0.018844094041621462,0.01884330671877299,,
extreme_s02_q0043,f_n3p_knn,Extreme,d20_inf,0.45359825901687145,0.026675085071474314,-0.42692317394539714,True,True,0,0,True,True,0,0,3,0,0.005179211745920176,0.0044897998594466415,,
extreme_s02_q0043,md_dqn,Extreme,d20_inf,0.17133008688688278,0.17041093646548688,-0.0009191504213958979,False,False,0,0,False,False,0,0,600,600,,,md_dqn_not_reached,md_dqn_not_reached
extreme_s02_q0043,n3p_k1,Extreme,d20_inf,0.4793209289200604,0.19824447319842875,-0.28107645572163165,True,True,0,0,True,True,0,0,45,43,-0.005508489014661833,-0.006453460452452986,,
extreme_s02_q0043,vanilla_ha,Extreme,d20_inf,0.310882568359375,0.3116123676300049,0.0007297992706298828,True,True,0,0,False,False,0,0,301,301,,,,
extreme_s02_q0043,voronoi_waypoint,Extreme,d20_inf,0.7545225669164211,0.7554853849578649,0.0009628180414438248,True,True,0,0,False,False,0,0,8,8,0.015742439137641062,0.014086375991055222,,
extreme_s02_q0044,bottleneck_waypoint,Extreme,d08_12,0.4767892339732498,0.4766355089377612,-0.0001537250354886055,True,True,0,0,False,False,0,0,3,3,0.0689187004711358,0.04599829923990795,,
extreme_s02_q0044,f_n3p_knn,Extreme,d08_12,0.3104442229960114,0.02074043406173587,-0.2897037889342755,True,True,0,0,True,True,0,0,2,0,-0.0002545193045462302,-0.0010216658996666794,,
extreme_s02_q0044,md_dqn,Extreme,d08_12,0.17030996968969703,0.16717285686172545,-0.0031371128279715776,False,False,0,0,False,False,0,0,600,600,,,md_dqn_not_reached,md_dqn_not_reached
extreme_s02_q0044,n3p_k1,Extreme,d08_12,1.3305348679423332,1.3321686920244247,0.0016338240820914507,True,True,0,0,True,True,0,0,1111,1112,0.0,0.0,,
extreme_s02_q0044,vanilla_ha,Extreme,d08_12,0.3193538188934326,0.3222978115081787,0.0029439926147460938,True,True,0,0,False,False,0,0,223,223,,,,
extreme_s02_q0044,voronoi_waypoint,Extreme,d08_12,0.49412274011410773,0.49628408905118704,0.0021613489370793104,True,True,0,0,False,False,0,0,25,25,0.05748536044453445,0.05748536044453445,,
extreme_s02_q0045,bottleneck_waypoint,Extreme,d12_16,0.6157706188969314,0.6194298078771681,0.0036591889802366495,True,True,0,0,False,False,0,0,4,4,,,,
extreme_s02_q0045,f_n3p_knn,Extreme,d12_16,0.3102579729165882,0.019855910912156105,-0.2904020620044321,True,True,0,0,False,False,0,0,2,0,,,,
extreme_s02_q0045,md_dqn,Extreme,d12_16,0.16956516192294657,0.16752808494493365,-0.0020370769780129194,False,False,0,0,False,False,0,0,600,600,,,md_dqn_not_reached,md_dqn_not_reached
extreme_s02_q0045,n3p_k1,Extreme,d12_16,0.31040178914554417,0.01921745901927352,-0.29118433012627065,True,True,0,0,False,False,0,0,2,0,,,,
extreme_s02_q0045,vanilla_ha,Extreme,d12_16,2.5002589225769043,2.5006728172302246,0.0004138946533203125,False,False,0,0,False,False,0,0,3740,3739,,,timeout,timeout
extreme_s02_q0045,voronoi_waypoint,Extreme,d12_16,0.4921216769143939,0.4960713190957904,0.003949642181396484,True,True,0,0,False,False,0,0,25,25,,,,
extreme_s02_q0046,bottleneck_waypoint,Extreme,d16_20,0.48042530100792646,0.4856227640993893,0.005197463091462851,True,True,0,0,False,False,0,0,3,3,-0.021413244777167995,-0.021413244777167995,,
extreme_s02_q0046,f_n3p_knn,Extreme,d16_20,0.6148775480687618,0.03761125495657325,-0.5772662931121886,True,True,0,0,True,True,0,0,4,0,-0.012431312684659912,-0.014700701698514673,,
extreme_s02_q0046,md_dqn,Extreme,d16_20,0.1695816391147673,0.16824614419601858,-0.0013354949187487364,False,False,0,0,False,False,0,0,600,600,,,md_dqn_not_reached,md_dqn_not_reached
extreme_s02_q0046,n3p_k1,Extreme,d16_20,0.38207569206133485,0.3896382269449532,0.007562534883618355,True,True,0,0,True,True,0,0,245,245,-0.013352976885818268,-0.013352976885818268,,
extreme_s02_q0046,vanilla_ha,Extreme,d16_20,0.2964479923248291,0.29877734184265137,0.0023293495178222656,True,True,0,0,False,False,0,0,353,353,,,,
extreme_s02_q0046,voronoi_waypoint,Extreme,d16_20,0.6214276959653944,0.622910063015297,0.0014823670499026775,True,True,0,0,False,False,0,0,4,4,-0.009344015738797062,-0.009344015738797062,,
extreme_s02_q0047,bottleneck_waypoint,Extreme,d20_inf,0.9316119959112257,0.9432439841330051,0.011631988221779466,True,True,0,0,False,False,0,0,34,34,0.04058983721344567,0.04058983721344567,,
extreme_s02_q0047,f_n3p_knn,Extreme,d20_inf,0.6350482678972185,0.20028738700784743,-0.43476088088937104,True,True,0,0,True,True,0,0,24,21,0.005841822867931112,-0.004338275316872364,,
extreme_s02_q0047,md_dqn,Extreme,d20_inf,0.17018347303383052,0.16910034115426242,-0.0010831318795681,False,False,0,0,False,False,0,0,600,600,,,md_dqn_not_reached,md_dqn_not_reached
extreme_s02_q0047,n3p_k1,Extreme,d20_inf,0.7073252669069916,0.561330878874287,-0.1459943880327046,True,True,0,0,True,True,0,0,632,631,-0.020033742831460644,-0.02005299683409567,,
extreme_s02_q0047,vanilla_ha,Extreme,d20_inf,0.40105581283569336,0.40564846992492676,0.0045926570892333984,True,True,0,0,False,False,0,0,689,689,,,,
extreme_s02_q0047,voronoi_waypoint,Extreme,d20_inf,0.8050327480304986,0.8441973661538213,0.039164618123322725,True,True,0,0,False,False,0,0,39,79,0.14904422206655465,0.1260855193098671,,
extreme_s02_q0048,bottleneck_waypoint,Extreme,d08_12,0.4791748868301511,0.6185840519610792,0.13940916513092816,True,True,0,0,False,False,0,0,6,4,0.28742559519227684,0.22147537619120206,,
extreme_s02_q0048,f_n3p_knn,Extreme,d08_12,1.3771370120812207,1.233397495932877,-0.14373951614834368,True,True,0,0,True,True,0,0,1134,1127,0.048825478708163894,-0.004350737348950751,,
extreme_s02_q0048,md_dqn,Extreme,d08_12,0.001471279887482524,0.0014620760921388865,-9.203795343637466e-06,False,False,0,0,False,False,0,0,1,1,,,md_dqn_not_reached,md_dqn_not_reached
extreme_s02_q0048,n3p_k1,Extreme,d08_12,0.33377746888436377,0.33471707510761917,0.0009396062232553959,True,True,0,0,True,True,0,0,67,67,0.04359671803243037,0.04359671803243037,,
extreme_s02_q0048,vanilla_ha,Extreme,d08_12,0.3593142032623291,0.36061835289001465,0.0013041496276855469,True,True,0,0,False,False,0,0,346,346,,,,
extreme_s02_q0048,voronoi_waypoint,Extreme,d08_12,0.38117225584574044,0.3632182099390775,-0.01795404590666294,True,True,0,0,False,False,0,0,52,38,0.24507336468431462,0.2297392165276746,,
extreme_s02_q0049,bottleneck_waypoint,Extreme,d12_16,0.47184100397862494,0.473222270142287,0.001381266163662076,True,True,0,0,False,False,0,0,3,3,0.07424324892759016,0.07424324892759016,,
extreme_s02_q0049,f_n3p_knn,Extreme,d12_16,0.19106788211502135,0.19244338502176106,0.0013755029067397118,True,True,0,0,True,True,0,0,49,49,0.0,0.0,,
extreme_s02_q0049,md_dqn,Extreme,d12_16,0.16834875824861228,0.16629001428373158,-0.002058743964880705,False,False,0,0,False,False,0,0,600,600,,,md_dqn_not_reached,md_dqn_not_reached
extreme_s02_q0049,n3p_k1,Extreme,d12_16,0.1916377111338079,0.1921160810161382,0.0004783698823302984,True,True,0,0,True,True,0,0,49,49,0.0,0.0,,
extreme_s02_q0049,vanilla_ha,Extreme,d12_16,0.18443083763122559,0.18390631675720215,-0.0005245208740234375,True,True,0,0,False,False,0,0,49,49,,,,
extreme_s02_q0049,voronoi_waypoint,Extreme,d12_16,0.4692965850699693,0.47090115095488727,0.0016045658849179745,True,True,0,0,False,False,0,0,3,3,0.046541199136471034,0.05020369096982513,,
extreme_s02_q0050,bottleneck_waypoint,Extreme,d16_20,0.7724081252235919,0.7651472240686417,-0.007260901154950261,True,True,0,0,False,False,0,0,5,5,0.05259184268104522,0.050063578667688846,,
extreme_s02_q0050,f_n3p_knn,Extreme,d16_20,0.16014749696478248,0.010553712025284767,-0.1495937849394977,True,True,0,0,False,False,0,0,1,0,-0.006189135186591366,-0.006373609833546179,,
extreme_s02_q0050,md_dqn,Extreme,d16_20,0.16947607463225722,0.16846812888979912,-0.001007945742458105,False,False,0,0,False,False,0,0,600,600,,,md_dqn_not_reached,md_dqn_not_reached
extreme_s02_q0050,n3p_k1,Extreme,d16_20,0.15779063408263028,0.009257819037884474,-0.1485328150447458,True,True,0,0,False,False,0,0,1,0,-0.006189135186591366,-0.006373609833546179,,
extreme_s02_q0050,vanilla_ha,Extreme,d16_20,0.24633312225341797,0.24483299255371094,-0.0015001296997070312,True,True,0,0,False,False,0,0,190,190,,,,
extreme_s02_q0050,voronoi_waypoint,Extreme,d16_20,0.7655001098755747,0.6226003288757056,-0.1428997809998691,True,True,0,0,False,False,0,0,5,4,0.11335949741793883,0.07556285993118905,,
extreme_s02_q0051,bottleneck_waypoint,Extreme,d20_inf,0.7542278300970793,0.7557248680386692,0.0014970379415899515,True,True,0,0,False,False,0,0,5,5,0.04690143896052423,0.04690143896052423,,
extreme_s02_q0051,f_n3p_knn,Extreme,d20_inf,1.987471329048276,1.9888883479870856,0.0014170189388096333,True,True,0,0,True,True,1,1,4521,4521,0.0,0.0,,
extreme_s02_q0051,md_dqn,Extreme,d20_inf,0.16930282721295953,0.16955346730537713,0.00025064009241759777,False,False,0,0,False,False,0,0,600,600,,,md_dqn_not_reached,md_dqn_not_reached
extreme_s02_q0051,n3p_k1,Extreme,d20_inf,2.051982843084261,2.0565656491089612,0.004582806024700403,True,True,0,0,True,True,1,1,4521,4521,0.0,0.0,,
extreme_s02_q0051,vanilla_ha,Extreme,d20_inf,1.2173759937286377,1.2184576988220215,0.001081705093383789,True,True,0,0,False,False,0,0,2521,2521,,,,
extreme_s02_q0051,voronoi_waypoint,Extreme,d20_inf,0.7734620340634137,0.7804879080504179,0.007025873987004161,True,True,0,0,False,False,0,0,35,44,0.11490502673754333,0.11827331569870991,,
extreme_s02_q0052,bottleneck_waypoint,Extreme,d08_12,0.3297669009771198,0.3311636040452868,0.0013967030681669712,True,True,0,0,False,False,0,0,2,2,0.003133369506964634,0.003133369506964634,,
extreme_s02_q0052,f_n3p_knn,Extreme,d08_12,0.4587268978357315,0.17509446805343032,-0.2836324297823012,True,True,0,0,True,True,0,0,11,9,0.7602808083427866,0.759394077907966,,
extreme_s02_q0052,md_dqn,Extreme,d08_12,0.16939186421222985,0.16730368975549936,-0.002088174456730485,False,False,0,0,False,False,0,0,600,600,,,md_dqn_not_reached,md_dqn_not_reached
extreme_s02_q0052,n3p_k1,Extreme,d08_12,0.21948995790444314,0.22066118312068284,0.0011712252162396908,True,True,0,0,True,True,0,0,83,83,0.0010506593878589765,0.0010506593878589765,,
extreme_s02_q0052,vanilla_ha,Extreme,d08_12,0.19566965103149414,0.19554853439331055,-0.00012111663818359375,True,True,0,0,False,False,0,0,67,67,,,,
extreme_s02_q0052,voronoi_waypoint,Extreme,d08_12,0.32786405296064913,0.3295811149291694,0.0017170619685202837,True,True,0,0,False,False,0,0,2,2,0.003885651970405135,0.003885651970405135,,
extreme_s02_q0053,bottleneck_waypoint,Extreme,d12_16,0.4796331408433616,0.6259978539310396,0.14636471308767796,True,True,0,0,False,False,0,0,3,4,0.10945232811180361,0.12254545387382776,,
extreme_s02_q0053,f_n3p_knn,Extreme,d12_16,0.0005657309666275978,0.000561657827347517,-4.073139280080795e-06,True,True,0,0,False,False,0,0,0,0,0.0,0.0,,
extreme_s02_q0053,md_dqn,Extreme,d12_16,0.17033359431661665,0.17023099097423255,-0.00010260334238409996,False,False,0,0,False,False,0,0,600,600,,,md_dqn_not_reached,md_dqn_not_reached
extreme_s02_q0053,n3p_k1,Extreme,d12_16,0.000553361140191555,0.0005608261562883854,7.465016096830368e-06,True,True,0,0,False,False,0,0,0,0,0.0,0.0,,
extreme_s02_q0053,vanilla_ha,Extreme,d12_16,0.14856457710266113,0.14998435974121094,0.0014197826385498047,True,True,0,0,False,False,0,0,1,1,,,,
extreme_s02_q0053,voronoi_waypoint,Extreme,d12_16,0.48009549197740853,0.4803513288497925,0.00025583687238395214,True,True,0,0,False,False,0,0,3,3,0.13602036013148333,0.12809545821285195,,
extreme_s02_q0054,bottleneck_waypoint,Extreme,d16_20,0.6490670540370047,0.6542669569607824,0.0051999029237776995,True,True,0,0,False,False,0,0,37,37,,,,
extreme_s02_q0054,f_n3p_knn,Extreme,d16_20,0.3097510519437492,0.019956886069849133,-0.28979416587390006,True,True,0,0,False,False,0,0,2,0,,,,
extreme_s02_q0054,md_dqn,Extreme,d16_20,0.24088510498404503,0.23827211232855916,-0.0026129926554858685,False,False,0,0,False,False,0,0,560,560,,,md_dqn_not_reached,md_dqn_not_reached
extreme_s02_q0054,n3p_k1,Extreme,d16_20,0.31134320003911853,0.01861247606575489,-0.29273072397336364,True,True,0,0,False,False,0,0,2,0,,,,
extreme_s02_q0054,vanilla_ha,Extreme,d16_20,2.5000948905944824,2.5000791549682617,-1.5735626220703125e-05,False,False,0,0,False,False,0,0,4176,4157,,,timeout,timeout
extreme_s02_q0054,voronoi_waypoint,Extreme,d16_20,0.622921935049817,0.6213255668990314,-0.0015963681507855654,True,True,0,0,False,False,0,0,4,4,,,,
extreme_s02_q0055,bottleneck_waypoint,Extreme,d20_inf,0.6172085129655898,0.6238093730062246,0.0066008600406348705,True,True,0,0,False,False,0,0,4,4,,,,
extreme_s02_q0055,f_n3p_knn,Extreme,d20_inf,0.7148776969406754,0.4291356361936778,-0.2857420607469976,True,True,0,0,True,True,0,0,411,409,,,,
extreme_s02_q0055,md_dqn,Extreme,d20_inf,0.2073865116108209,0.20501167490147054,-0.0023748367093503475,False,False,0,0,False,False,0,0,148,148,,,md_dqn_not_reached,md_dqn_not_reached
extreme_s02_q0055,n3p_k1,Extreme,d20_inf,0.7221845560707152,0.42354383296333253,-0.29864072310738266,True,True,0,0,True,True,0,0,411,409,,,,
extreme_s02_q0055,vanilla_ha,Extreme,d20_inf,2.5000927448272705,2.501711368560791,0.0016186237335205078,False,False,0,0,False,False,0,0,4698,4689,,,timeout,timeout
extreme_s02_q0055,voronoi_waypoint,Extreme,d20_inf,0.7601691097952425,0.7581319699529558,-0.002037139842286706,True,True,0,0,False,False,0,0,11,11,,,,
extreme_s02_q0056,bottleneck_waypoint,Extreme,d08_12,0.47417447599582374,0.476745055988431,0.002570579992607236,True,True,0,0,False,False,0,0,3,3,0.13314866150276128,0.09004559018625935,,
extreme_s02_q0056,f_n3p_knn,Extreme,d08_12,0.3191135551314801,0.1782641860190779,-0.1408493691124022,True,True,0,0,True,True,0,0,22,21,0.03771323586177422,-0.004514001498704845,,
extreme_s02_q0056,md_dqn,Extreme,d08_12,0.18346499651670456,0.1822327272966504,-0.0012322692200541496,False,False,0,0,False,False,0,0,155,155,,,md_dqn_not_reached,md_dqn_not_reached
extreme_s02_q0056,n3p_k1,Extreme,d08_12,0.3161208969540894,0.1777381410356611,-0.1383827559184283,True,True,0,0,True,True,0,0,22,21,0.03771323586177422,-0.004514001498704845,,
extreme_s02_q0056,vanilla_ha,Extreme,d08_12,0.1998004913330078,0.20056366920471191,0.0007631778717041016,True,True,0,0,False,False,0,0,73,73,,,,
extreme_s02_q0056,voronoi_waypoint,Extreme,d08_12,0.4741928889416158,0.474882431095466,0.0006895421538501978,True,True,0,0,False,False,0,0,3,3,0.055089328439251295,0.055089328439251295,,
extreme_s02_q0057,bottleneck_waypoint,Extreme,d12_16,0.4809748800471425,0.4830949839670211,0.002120103919878602,True,True,0,0,False,False,0,0,3,3,0.029866541322216333,0.03188425302052811,,
extreme_s02_q0057,f_n3p_knn,Extreme,d12_16,0.31966810394078493,0.17348077008500695,-0.14618733385577798,True,True,0,0,True,True,0,0,14,13,-0.021673591937119152,-0.021673927283932914,,
extreme_s02_q0057,md_dqn,Extreme,d12_16,0.1696753220167011,0.16881394758820534,-0.0008613744284957647,False,False,0,0,False,False,0,0,600,600,,,md_dqn_not_reached,md_dqn_not_reached
extreme_s02_q0057,n3p_k1,Extreme,d12_16,0.31934383581392467,0.17396290902979672,-0.14538092678412795,True,True,0,0,True,True,0,0,14,13,-0.021673591937119152,-0.021673927283932914,,
extreme_s02_q0057,vanilla_ha,Extreme,d12_16,0.3111391067504883,0.31504297256469727,0.0039038658142089844,True,True,0,0,False,False,0,0,246,246,,,,
extreme_s02_q0057,voronoi_waypoint,Extreme,d12_16,0.4798040180467069,0.47690091794356704,-0.0029031001031398773,True,True,0,0,False,False,0,0,3,3,0.03787622710050664,0.0406427028661116,,
extreme_s02_q0058,bottleneck_waypoint,Extreme,d16_20,0.7535581451375037,0.7571389679796994,0.00358082284219563,True,True,0,0,False,False,0,0,5,5,0.035586460062089875,0.0402741142265588,,
extreme_s02_q0058,f_n3p_knn,Extreme,d16_20,0.4549288689158857,0.026022389065474272,-0.4289064798504114,True,True,0,0,True,True,0,0,3,0,0.04217196141482549,0.040055890773395664,,
extreme_s02_q0058,md_dqn,Extreme,d16_20,0.16831777477636933,0.16787503752857447,-0.00044273724779486656,False,False,0,0,False,False,0,0,600,600,,,md_dqn_not_reached,md_dqn_not_reached
extreme_s02_q0058,n3p_k1,Extreme,d16_20,0.21688845800235868,0.21424644510261714,-0.0026420128997415304,True,True,0,0,True,True,0,0,121,121,0.0,0.0,,
extreme_s02_q0058,vanilla_ha,Extreme,d16_20,0.2038865089416504,0.20523786544799805,0.0013513565063476562,True,True,0,0,False,False,0,0,121,121,,,,
extreme_s02_q0058,voronoi_waypoint,Extreme,d16_20,0.6094463979825377,0.6152361428830773,0.005789744900539517,True,True,0,0,False,False,0,0,4,4,0.05366818710872967,0.060259984565560476,,
extreme_s02_q0059,bottleneck_waypoint,Extreme,d20_inf,0.9014482910279185,0.7650809499900788,-0.13636734103783965,True,True,0,0,False,False,0,0,6,5,0.05515511300578302,0.0480692547608752,,
extreme_s02_q0059,f_n3p_knn,Extreme,d20_inf,0.6639175501186401,0.3728435910306871,-0.29107395908795297,True,True,0,0,True,True,0,0,86,84,0.13720139866783243,0.13702259365092617,,
extreme_s02_q0059,md_dqn,Extreme,d20_inf,0.16852413560263813,0.1685311128385365,6.977235898375511e-06,False,False,0,0,False,False,0,0,600,600,,,md_dqn_not_reached,md_dqn_not_reached
extreme_s02_q0059,n3p_k1,Extreme,d20_inf,0.349745332961902,0.34930777410045266,-0.00043755886144936085,True,True,0,0,True,True,0,0,68,68,0.004290033874770005,0.004290033874770005,,
extreme_s02_q0059,vanilla_ha,Extreme,d20_inf,0.17575788497924805,0.17392396926879883,-0.0018339157104492188,True,True,0,0,False,False,0,0,65,65,,,,
extreme_s02_q0059,voronoi_waypoint,Extreme,d20_inf,0.7679356189910322,0.7922658198513091,0.02433020086027682,True,True,0,0,False,False,0,0,5,43,0.09838573914122462,0.08525252367211955,,
extreme_s03_q0060,bottleneck_waypoint,Extreme,d08_12,0.5640083041507751,0.5595180110540241,-0.004490293096750975,True,True,0,0,False,False,0,0,327,329,0.006491716296596728,0.0034127100397798316,,
extreme_s03_q0060,f_n3p_knn,Extreme,d08_12,0.7095319188665599,0.5701309740543365,-0.13940094481222332,True,True,0,0,True,True,0,0,394,393,0.10431890985260539,0.1037363668624669,,
extreme_s03_q0060,md_dqn,Extreme,d08_12,0.0014469609595835209,0.0014474140480160713,4.530884325504303e-07,False,False,0,0,False,False,0,0,1,1,,,md_dqn_not_reached,md_dqn_not_reached
extreme_s03_q0060,n3p_k1,Extreme,d08_12,0.7369018699973822,0.7394055309705436,0.002503660973161459,True,True,0,0,True,True,0,0,438,438,0.014421705528680384,0.014421705528680384,,
extreme_s03_q0060,vanilla_ha,Extreme,d08_12,0.5452487468719482,0.5476148128509521,0.0023660659790039062,True,True,0,0,False,False,0,0,623,623,,,,
extreme_s03_q0060,voronoi_waypoint,Extreme,d08_12,0.7123599429614842,0.7203966020606458,0.008036659099161625,True,True,0,0,False,False,0,0,365,373,0.27325562869814934,0.24009362156087866,,
extreme_s03_q0061,bottleneck_waypoint,Extreme,d12_16,1.007590384921059,1.0072672481182963,-0.0003231368027627468,True,True,0,0,False,False,0,0,211,211,0.2214891773404124,0.22189745858152587,,
extreme_s03_q0061,f_n3p_knn,Extreme,d12_16,0.3039698980282992,0.16352723189629614,-0.14044266613200307,True,True,0,0,True,True,0,0,2,1,-0.014253376068381729,-0.014948646668977883,,
extreme_s03_q0061,md_dqn,Extreme,d12_16,0.16998686245642602,0.16688888357020915,-0.003097978886216879,False,False,0,0,False,False,0,0,600,600,,,md_dqn_not_reached,md_dqn_not_reached
extreme_s03_q0061,n3p_k1,Extreme,d12_16,0.3023068089969456,0.1607277209404856,-0.14157908805646002,True,True,0,0,True,True,0,0,2,1,-0.014253376068381729,-0.014948646668977883,,
extreme_s03_q0061,vanilla_ha,Extreme,d12_16,2.1708600521087646,2.176791191101074,0.00593113899230957,True,True,0,0,False,False,0,0,3130,3130,,,,
extreme_s03_q0061,voronoi_waypoint,Extreme,d12_16,0.46957573597319424,0.4704220830462873,0.0008463470730930567,True,True,0,0,False,False,0,0,3,3,0.017957424342761596,0.0014300258985504577,,
extreme_s03_q0062,bottleneck_waypoint,Extreme,d16_20,0.511362035991624,0.4782508830539882,-0.03311115293763578,True,True,0,0,False,False,0,0,3,3,0.016791726779468608,0.016791726779468608,,
extreme_s03_q0062,f_n3p_knn,Extreme,d16_20,0.3552549718879163,0.19777079694904387,-0.15748417493887246,True,True,0,0,True,True,0,0,44,43,-0.01659255603569154,-0.016602404238766688,,
extreme_s03_q0062,md_dqn,Extreme,d16_20,0.17132854787632823,0.1683526993729174,-0.002975848503410816,False,False,0,0,False,False,0,0,600,600,,,md_dqn_not_reached,md_dqn_not_reached
extreme_s03_q0062,n3p_k1,Extreme,d16_20,0.36267642700113356,0.1964206020347774,-0.16625582496635616,True,True,0,0,True,True,0,0,44,43,-0.01659255603569154,-0.016602404238766688,,
extreme_s03_q0062,vanilla_ha,Extreme,d16_20,0.24007129669189453,0.23908686637878418,-0.0009844303131103516,True,True,0,0,False,False,0,0,153,153,,,,
extreme_s03_q0062,voronoi_waypoint,Extreme,d16_20,0.6688489390071481,0.6201555011793971,-0.04869343782775104,True,True,0,0,False,False,0,0,12,12,0.005390072899720044,0.005390072899720044,,
extreme_s03_q0063,bottleneck_waypoint,Extreme,d20_inf,0.6693385092075914,0.7702102600596845,0.1008717508520931,True,True,0,0,False,False,0,0,4,5,-0.010408962259563115,-0.012115776805789236,,
extreme_s03_q0063,f_n3p_knn,Extreme,d20_inf,0.5900966469198465,0.2625126561615616,-0.3275839907582849,True,True,0,0,True,True,0,0,123,121,-0.037373913208411325,-0.037644435399004306,,
extreme_s03_q0063,md_dqn,Extreme,d20_inf,0.1719612895976752,0.16782752657309175,-0.004133763024583459,False,False,0,0,False,False,0,0,600,600,,,md_dqn_not_reached,md_dqn_not_reached
extreme_s03_q0063,n3p_k1,Extreme,d20_inf,0.4841131560970098,0.30767811089754105,-0.17643504519946873,True,True,0,0,True,True,0,0,202,201,-0.026176037375407968,-0.026176037375407968,,
extreme_s03_q0063,vanilla_ha,Extreme,d20_inf,0.18829679489135742,0.1781902313232422,-0.010106563568115234,True,True,0,0,False,False,0,0,49,49,,,,
extreme_s03_q0063,voronoi_waypoint,Extreme,d20_inf,0.9709679149091244,0.9096079559531063,-0.06135995895601809,True,True,0,0,False,False,0,0,6,6,0.08038298456222348,0.09343552864954607,,
extreme_s03_q0064,bottleneck_waypoint,Extreme,d08_12,0.5113291160669178,0.47582633793354034,-0.03550277813337743,True,True,0,0,False,False,0,0,3,3,0.13568677975291044,0.13568677975291044,,
extreme_s03_q0064,f_n3p_knn,Extreme,d08_12,0.6500874699559063,0.03479640791192651,-0.6152910620439798,True,True,0,0,True,True,0,0,4,0,0.23189285181727604,0.2246617423253816,,
extreme_s03_q0064,md_dqn,Extreme,d08_12,0.1498345611616969,0.14679287420585752,-0.0030416869558393955,False,False,0,0,False,False,0,0,225,225,,,md_dqn_not_reached,md_dqn_not_reached
extreme_s03_q0064,n3p_k1,Extreme,d08_12,0.37893797596916556,0.3540777692105621,-0.024860206758603454,True,True,0,0,True,True,0,0,72,72,0.018890472745037634,0.018890472745037634,,
extreme_s03_q0064,vanilla_ha,Extreme,d08_12,0.22502779960632324,0.21247005462646484,-0.012557744979858398,True,True,0,0,False,False,0,0,103,103,,,,
extreme_s03_q0064,voronoi_waypoint,Extreme,d08_12,0.36001953296363354,0.3362990370951593,-0.023720495868474245,True,True,0,0,False,False,0,0,6,6,0.013996769181467084,0.013996769181467084,,
extreme_s03_q0065,bottleneck_waypoint,Extreme,d12_16,0.9176791862118989,0.6276199310086668,-0.29005925520323217,True,True,0,0,False,False,0,0,475,167,0.017592965798360005,0.008879093272570415,,
extreme_s03_q0065,f_n3p_knn,Extreme,d12_16,0.3092907010577619,0.019214294152334332,-0.2900764069054276,True,True,0,0,True,True,0,0,2,0,0.0676938617156071,0.06696462663848513,,
extreme_s03_q0065,md_dqn,Extreme,d12_16,0.16940050851553679,0.1669556749984622,-0.002444833517074585,False,False,0,0,False,False,0,0,600,600,,,md_dqn_not_reached,md_dqn_not_reached
extreme_s03_q0065,n3p_k1,Extreme,d12_16,0.41063764691352844,0.26140407007187605,-0.1492335768416524,True,True,0,0,True,True,0,0,110,109,-0.009174271747842688,-0.009174271747842688,,
extreme_s03_q0065,vanilla_ha,Extreme,d12_16,0.745283842086792,0.7412240505218506,-0.004059791564941406,True,True,0,0,False,False,0,0,671,671,,,,
extreme_s03_q0065,voronoi_waypoint,Extreme,d12_16,0.47640495491214097,0.48083170293830335,0.004426748026162386,True,True,0,0,False,False,0,0,3,3,0.04166232620814547,0.04071027589035214,,
extreme_s03_q0066,bottleneck_waypoint,Extreme,d16_20,0.48908041906543076,0.482109344098717,-0.006971074966713786,True,True,0,0,False,False,0,0,3,3,0.02671978383964846,0.027761245505764753,,
extreme_s03_q0066,f_n3p_knn,Extreme,d16_20,0.0007525109685957432,0.0007662239950150251,1.371302641928196e-05,True,True,0,0,False,False,0,0,0,0,0.0,0.0,,
extreme_s03_q0066,md_dqn,Extreme,d16_20,0.17053037998266518,0.16624786844477057,-0.004282511537894607,False,False,0,0,False,False,0,0,600,600,,,md_dqn_not_reached,md_dqn_not_reached
extreme_s03_q0066,n3p_k1,Extreme,d16_20,0.0007443029899150133,0.000746038043871522,1.7350539565086365e-06,True,True,0,0,False,False,0,0,0,0,0.0,0.0,,
extreme_s03_q0066,vanilla_ha,Extreme,d16_20,0.14936280250549316,0.1487894058227539,-0.0005733966827392578,True,True,0,0,False,False,0,0,1,1,,,,
extreme_s03_q0066,voronoi_waypoint,Extreme,d16_20,0.6194929399061948,0.6243444809224457,0.004851541016250849,True,True,0,0,False,False,0,0,4,4,0.036235442901246584,0.04403009979859829,,
extreme_s03_q0067,bottleneck_waypoint,Extreme,d20_inf,0.676032257033512,0.6323653170838952,-0.04366693994961679,True,True,0,0,False,False,0,0,4,4,,0.012520295015610472,,
extreme_s03_q0067,f_n3p_knn,Extreme,d20_inf,0.9743572392035276,0.05138256191276014,-0.9229746772907674,True,True,0,0,True,True,0,0,6,0,,0.0008201751948166969,,
extreme_s03_q0067,md_dqn,Extreme,d20_inf,0.23765265895053744,0.23479880625382066,-0.0028538526967167854,False,False,0,0,False,False,0,0,94,94,,,md_dqn_not_reached,md_dqn_not_reached
extreme_s03_q0067,n3p_k1,Extreme,d20_inf,0.618594644125551,0.5764553949702531,-0.042139249155297875,True,True,0,0,True,True,0,0,203,203,,0.0011437720055287315,,
extreme_s03_q0067,vanilla_ha,Extreme,d20_inf,2.5002224445343018,2.3887224197387695,-0.11150002479553223,False,True,0,0,False,False,0,0,2968,3089,,,timeout,
extreme_s03_q0067,voronoi_waypoint,Extreme,d20_inf,0.825339978095144,0.769838365027681,-0.05550161306746304,True,True,0,0,False,False,0,0,5,5,,0.03584870674660734,,
extreme_s03_q0068,bottleneck_waypoint,Extreme,d08_12,0.5085009769536555,0.47604508697986603,-0.032455889973789454,True,True,0,0,False,False,0,0,8,3,0.3685996270279277,0.4873041777444156,,
extreme_s03_q0068,f_n3p_knn,Extreme,d08_12,0.15995721402578056,0.005804823013022542,-0.15415239101275802,True,True,0,0,True,True,0,0,1,0,0.01767234504490056,-0.03568009497763758,,
extreme_s03_q0068,md_dqn,Extreme,d08_12,0.0014681031461805105,0.0014215139672160149,-4.658917896449566e-05,False,False,0,0,False,False,0,0,1,1,,,md_dqn_not_reached,md_dqn_not_reached
extreme_s03_q0068,n3p_k1,Extreme,d08_12,0.16154776304028928,0.15080725401639938,-0.0107405090238899,True,True,0,0,True,True,0,0,3,3,-0.00827638559484678,-0.00827638559484678,,
extreme_s03_q0068,vanilla_ha,Extreme,d08_12,0.28046298027038574,0.26687073707580566,-0.013592243194580078,True,True,0,0,False,False,0,0,205,205,,,,
extreme_s03_q0068,voronoi_waypoint,Extreme,d08_12,0.5141243739053607,0.49127123691141605,-0.022853136993944645,True,True,0,0,False,False,0,0,9,21,0.45336824377216556,0.32552831838850294,,
extreme_s03_q0069,bottleneck_waypoint,Extreme,d12_16,1.2430091791320592,1.3374608890153468,0.09445170988328755,True,False,0,0,False,False,0,0,769,919,-0.006082770171558116,,,segment_failed:timeout
extreme_s03_q0069,f_n3p_knn,Extreme,d12_16,1.3575455218087882,0.5449259539600462,-0.812619567848742,True,True,0,0,True,True,0,0,86,81,0.9713462768320107,0.9676649989644277,,
extreme_s03_q0069,md_dqn,Extreme,d12_16,0.1703879781998694,0.16667987196706235,-0.00370810623280704,False,False,0,0,False,False,0,0,600,600,,,md_dqn_not_reached,md_dqn_not_reached
extreme_s03_q0069,n3p_k1,Extreme,d12_16,0.6810198980383575,0.3446629010140896,-0.3363569970242679,True,True,0,0,True,True,0,0,32,30,0.3932576930811065,0.3923289423905887,,
extreme_s03_q0069,vanilla_ha,Extreme,d12_16,0.23860907554626465,0.22375106811523438,-0.014858007431030273,True,True,0,0,False,False,0,0,115,115,,,,
extreme_s03_q0069,voronoi_waypoint,Extreme,d12_16,1.360362677834928,1.3383417630102485,-0.022020914824679494,False,False,0,0,False,False,0,0,850,905,,,segment_failed:timeout,segment_failed:timeout
extreme_s03_q0070,bottleneck_waypoint,Extreme,d16_20,0.6693819451611489,0.6214405049104244,-0.047941440250724554,True,True,0,0,False,False,0,0,4,4,0.0003496695462041899,0.0013542365111567367,,
extreme_s03_q0070,f_n3p_knn,Extreme,d16_20,0.513288700953126,0.18735762010328472,-0.32593108084984124,True,True,0,0,True,True,0,0,24,22,0.009471941485115654,0.00891569234844014,,
extreme_s03_q0070,md_dqn,Extreme,d16_20,0.1717072690371424,0.16679781791754067,-0.0049094511196017265,False,False,0,0,False,False,0,0,600,600,,,md_dqn_not_reached,md_dqn_not_reached
extreme_s03_q0070,n3p_k1,Extreme,d16_20,0.5089133330620825,0.18630045396275818,-0.32261287909932435,True,True,0,0,True,True,0,0,24,22,0.009471941485115654,0.00891569234844014,,
extreme_s03_q0070,vanilla_ha,Extreme,d16_20,0.16768646240234375,0.1569373607635498,-0.010749101638793945,True,True,0,0,False,False,0,0,25,25,,,,
extreme_s03_q0070,voronoi_waypoint,Extreme,d16_20,0.666288138832897,0.6185878270771354,-0.047700311755761504,True,True,0,0,False,False,0,0,4,4,0.02717232148350357,0.022909272145499315,,
extreme_s03_q0071,bottleneck_waypoint,Extreme,d20_inf,0.6672417018562555,0.6188854011707008,-0.04835630068555474,True,True,0,0,False,False,0,0,4,4,0.050085024204165274,0.04772673644264991,,
extreme_s03_q0071,f_n3p_knn,Extreme,d20_inf,0.36577113904058933,0.19950793706811965,-0.1662632019724697,True,True,0,0,True,True,0,0,50,49,0.023828544146019093,0.022825579970993104,,
extreme_s03_q0071,md_dqn,Extreme,d20_inf,0.17115498636849225,0.16830573556944728,-0.0028492507990449667,False,False,0,0,False,False,0,0,600,600,,,md_dqn_not_reached,md_dqn_not_reached
extreme_s03_q0071,n3p_k1,Extreme,d20_inf,0.36451453901827335,0.20158642693422735,-0.162928112084046,True,True,0,0,True,True,0,0,50,49,0.023828544146019093,0.022825579970993104,,
extreme_s03_q0071,vanilla_ha,Extreme,d20_inf,0.2724175453186035,0.254901647567749,-0.017515897750854492,True,True,0,0,False,False,0,0,305,305,,,,
extreme_s03_q0071,voronoi_waypoint,Extreme,d20_inf,0.8646187488920987,0.794438763987273,-0.07017998490482569,True,True,0,0,False,False,0,0,55,39,0.046347773375056356,0.04755727420492817,,
extreme_s03_q0072,bottleneck_waypoint,Extreme,d08_12,0.36218692804686725,0.33782776608131826,-0.024359161965548992,True,True,0,0,False,False,0,0,2,2,0.011665331941981272,0.011665331941981272,,
extreme_s03_q0072,f_n3p_knn,Extreme,d08_12,0.18606781587004662,0.17443830100819468,-0.01162951486185193,True,True,0,0,True,True,0,0,25,25,0.0,0.0,,
extreme_s03_q0072,md_dqn,Extreme,d08_12,0.1690204048063606,0.16865029092878103,-0.0003701138775795698,False,False,0,0,False,False,0,0,600,600,,,md_dqn_not_reached,md_dqn_not_reached
extreme_s03_q0072,n3p_k1,Extreme,d08_12,0.1858203278388828,0.17502014990895987,-0.010800177929922938,True,True,0,0,True,True,0,0,25,25,0.0,0.0,,
extreme_s03_q0072,vanilla_ha,Extreme,d08_12,0.175689697265625,0.16572284698486328,-0.009966850280761719,True,True,0,0,False,False,0,0,25,25,,,,
extreme_s03_q0072,voronoi_waypoint,Extreme,d08_12,0.3645547218620777,0.3421670908574015,-0.022387631004676223,True,True,0,0,False,False,0,0,8,8,0.006666735657421485,0.006666735657421485,,
extreme_s03_q0073,bottleneck_waypoint,Extreme,d12_16,0.6696311221458018,0.6660675490275025,-0.003563573118299246,True,True,0,0,False,False,0,0,4,4,0.04429153041724798,0.045898038200888,,
extreme_s03_q0073,f_n3p_knn,Extreme,d12_16,0.0006205039098858833,0.0006382630672305822,1.7759157344698906e-05,True,True,0,0,False,False,0,0,0,0,0.0,0.0,,
extreme_s03_q0073,md_dqn,Extreme,d12_16,0.17111032037064433,0.1688176200259477,-0.002292700344696641,False,False,0,0,False,False,0,0,600,600,,,md_dqn_not_reached,md_dqn_not_reached
extreme_s03_q0073,n3p_k1,Extreme,d12_16,0.0006375941447913647,0.0006212140433490276,-1.6380101442337036e-05,True,True,0,0,False,False,0,0,0,0,0.0,0.0,,
extreme_s03_q0073,vanilla_ha,Extreme,d12_16,0.1576387882232666,0.15000700950622559,-0.007631778717041016,True,True,0,0,False,False,0,0,1,1,,,,
extreme_s03_q0073,voronoi_waypoint,Extreme,d12_16,0.5152014079503715,0.4845849459525198,-0.03061646199785173,True,True,0,0,False,False,0,0,3,3,0.08376486221353474,0.08376486221353474,,
extreme_s03_q0074,bottleneck_waypoint,Extreme,d16_20,0.7789904968813062,0.8207504150923342,0.04175991821102798,True,True,0,0,False,False,0,0,7,7,,,,
extreme_s03_q0074,f_n3p_knn,Extreme,d16_20,3.671061512082815,3.5238330219872296,-0.14722849009558558,False,False,0,0,True,True,1,1,5336,5070,,,f2_failed:prediction:goal_in_collision;goal:timeout;f3_failed:timeout,f2_failed:prediction:goal_in_collision;goal:timeout;f3_failed:timeout
extreme_s03_q0074,md_dqn,Extreme,d16_20,0.31947709899395704,0.3419226824771613,0.022445583483204246,False,False,0,0,False,False,0,0,600,600,,,md_dqn_not_reached,md_dqn_not_reached
extreme_s03_q0074,n3p_k1,Extreme,d16_20,4.125467585865408,4.170082297874615,0.044614712009206414,False,False,0,0,True,True,1,1,6138,5826,,,f2_failed:prediction:goal_in_collision;goal:timeout;f3_failed:timeout,f2_failed:prediction:goal_in_collision;goal:timeout;f3_failed:timeout
extreme_s03_q0074,vanilla_ha,Extreme,d16_20,2.5004003047943115,2.5004258155822754,2.5510787963867188e-05,False,False,0,0,False,False,0,0,4149,3929,,,timeout,timeout
extreme_s03_q0074,voronoi_waypoint,Extreme,d16_20,0.7014463788364083,0.750354042975232,0.04890766413882375,True,True,0,0,False,False,0,0,100,100,,,,
extreme_s03_q0075,bottleneck_waypoint,Extreme,d20_inf,0.6352649452164769,0.6858366809319705,0.05057173571549356,True,True,0,0,False,False,0,0,19,19,0.029884411016876777,0.027150437043088838,,
extreme_s03_q0075,f_n3p_knn,Extreme,d20_inf,0.4881565391551703,0.36246058717370033,-0.12569595198147,True,True,0,0,True,True,0,0,188,187,-0.004671910177554972,-0.0051292214668913205,,
extreme_s03_q0075,md_dqn,Extreme,d20_inf,0.2597760802600533,0.2593461419455707,-0.0004299383144825697,False,False,0,0,False,False,0,0,531,531,,,md_dqn_not_reached,md_dqn_not_reached
extreme_s03_q0075,n3p_k1,Extreme,d20_inf,0.16759732412174344,0.17892127810046077,0.011323953978717327,True,True,0,0,True,True,0,0,16,16,-0.021903376615657888,-0.021903376615657888,,
extreme_s03_q0075,vanilla_ha,Extreme,d20_inf,0.30031919479370117,0.3198516368865967,0.019532442092895508,True,True,0,0,False,False,0,0,239,239,,,,
extreme_s03_q0075,voronoi_waypoint,Extreme,d20_inf,0.6345065550412983,0.6809427659027278,0.04643621086142957,True,True,0,0,False,False,0,0,19,19,0.04082751534984985,0.04190644603358007,,
extreme_s03_q0076,bottleneck_waypoint,Extreme,d08_12,0.642241942929104,0.6490176499355584,0.006775707006454468,True,True,0,0,False,False,0,0,169,169,,,,
extreme_s03_q0076,f_n3p_knn,Extreme,d08_12,0.3125615520402789,0.16762670292519033,-0.14493484911508858,True,True,0,0,True,True,0,0,8,7,,,,
extreme_s03_q0076,md_dqn,Extreme,d08_12,0.16948745772242546,0.16891924967058003,-0.0005682080518454313,False,False,0,0,False,False,0,0,600,600,,,md_dqn_not_reached,md_dqn_not_reached
extreme_s03_q0076,n3p_k1,Extreme,d08_12,0.31095367297530174,0.16729258210398257,-0.14366109087131917,True,True,0,0,True,True,0,0,8,7,,,,
extreme_s03_q0076,vanilla_ha,Extreme,d08_12,2.5001327991485596,2.5007240772247314,0.000591278076171875,False,False,0,0,False,False,0,0,2514,2425,,,timeout,timeout
extreme_s03_q0076,voronoi_waypoint,Extreme,d08_12,0.47025896003469825,0.46700873016379774,-0.0032502298709005117,True,True,0,0,False,False,0,0,3,3,,,,
extreme_s03_q0077,bottleneck_waypoint,Extreme,d12_16,0.6331235538236797,0.6267652539536357,-0.006358299870043993,True,True,0,0,False,False,0,0,6,6,0.1157332783525109,0.118846950432556,,
extreme_s03_q0077,f_n3p_knn,Extreme,d12_16,0.6136280950158834,0.03262461302801967,-0.5810034819878638,True,True,0,0,True,True,0,0,4,0,0.04545223406720278,0.02191516572533092,,
extreme_s03_q0077,md_dqn,Extreme,d12_16,0.001460314029827714,0.0014565950259566307,-3.7190038710832596e-06,False,False,0,0,False,False,0,0,1,1,,,md_dqn_not_reached,md_dqn_not_reached
extreme_s03_q0077,n3p_k1,Extreme,d12_16,0.3114449221175164,0.16907396796159446,-0.14237095415592194,True,True,0,0,True,True,0,0,18,17,-0.0027440773644172856,-0.026281145706289366,,
extreme_s03_q0077,vanilla_ha,Extreme,d12_16,0.2012488842010498,0.19986820220947266,-0.0013806819915771484,True,True,0,0,False,False,0,0,145,145,,,,
extreme_s03_q0077,voronoi_waypoint,Extreme,d12_16,0.7213607910089195,0.6317226309329271,-0.08963816007599235,True,True,0,0,False,False,0,0,127,19,0.08668121191997336,0.11032001469627017,,
extreme_s03_q0078,bottleneck_waypoint,Extreme,d16_20,0.908178135054186,0.9150501319672912,0.006871996913105249,True,True,0,0,False,False,0,0,6,6,,,,
extreme_s03_q0078,f_n3p_knn,Extreme,d16_20,3.513470627134666,3.513168780133128,-0.0003018470015376806,False,False,0,0,True,True,1,1,4942,4950,,,f2_failed:prediction:goal_in_collision;goal:timeout;f3_failed:timeout,f2_failed:prediction:goal_in_collision;goal:timeout;f3_failed:timeout
extreme_s03_q0078,md_dqn,Extreme,d16_20,0.2402860512956977,0.2368868924677372,-0.003399158827960491,False,False,0,0,False,False,0,0,600,600,,,md_dqn_not_reached,md_dqn_not_reached
extreme_s03_q0078,n3p_k1,Extreme,d16_20,3.511434532003477,3.513512003934011,0.0020774719305336475,False,False,0,0,True,True,1,1,4947,4837,,,f2_failed:prediction:goal_in_collision;goal:timeout;f3_failed:timeout,f2_failed:prediction:goal_in_collision;goal:timeout;f3_failed:timeout
extreme_s03_q0078,vanilla_ha,Extreme,d16_20,2.500458240509033,2.5014989376068115,0.0010406970977783203,False,False,0,0,False,False,0,0,3333,3433,,,timeout,timeout
extreme_s03_q0078,voronoi_waypoint,Extreme,d16_20,0.6321731398347765,0.6271283680107445,-0.005044771824032068,True,True,0,0,False,False,0,0,14,10,,,,
extreme_s03_q0079,bottleneck_waypoint,Extreme,d20_inf,0.6251659169793129,0.6287924889475107,0.0036265719681978226,True,True,0,0,False,False,0,0,4,4,0.06527397116441414,0.06527397116441414,,
extreme_s03_q0079,f_n3p_knn,Extreme,d20_inf,0.5141195750329643,0.22868634387850761,-0.28543323115445673,True,True,0,0,True,True,0,0,103,101,0.061706588794437245,0.059816233690088705,,
extreme_s03_q0079,md_dqn,Extreme,d20_inf,0.1709457952529192,0.16959482245147228,-0.0013509728014469147,False,False,0,0,False,False,0,0,600,600,,,md_dqn_not_reached,md_dqn_not_reached
extreme_s03_q0079,n3p_k1,Extreme,d20_inf,0.5140961890574545,0.22539448598399758,-0.2887017030734569,True,True,0,0,True,True,0,0,103,101,0.061706588794437245,0.059816233690088705,,
extreme_s03_q0079,vanilla_ha,Extreme,d20_inf,1.3416109085083008,1.3413701057434082,-0.00024080276489257812,True,True,0,0,False,False,0,0,2461,2461,,,,
extreme_s03_q0079,voronoi_waypoint,Extreme,d20_inf,0.9034247749950737,0.9163639631588012,0.012939188163727522,True,True,0,0,False,False,0,0,6,6,0.05369292011634608,0.09104969311080424,,
extreme_s04_q0080,bottleneck_waypoint,Extreme,d08_12,0.47207284113392234,0.474522084929049,0.0024492437951266766,True,True,0,0,False,False,0,0,3,3,0.02558955516017436,0.1911720092336917,,
extreme_s04_q0080,f_n3p_knn,Extreme,d08_12,0.30293146916665137,0.019270936027169228,-0.28366053313948214,True,True,0,0,True,True,0,0,2,0,0.00904584807091946,0.00650406298524242,,
extreme_s04_q0080,md_dqn,Extreme,d08_12,0.2951690424233675,0.29230489465408027,-0.0028641477692872286,False,False,0,0,False,False,0,0,356,356,,,md_dqn_not_reached,md_dqn_not_reached
extreme_s04_q0080,n3p_k1,Extreme,d08_12,0.3271463189739734,0.3305113799870014,0.0033650610130280256,True,True,0,0,True,True,0,0,301,301,0.05633107398817261,0.05633107398817261,,
extreme_s04_q0080,vanilla_ha,Extreme,d08_12,0.18613862991333008,0.1851060390472412,-0.0010325908660888672,True,True,0,0,False,False,0,0,78,78,,,,
extreme_s04_q0080,voronoi_waypoint,Extreme,d08_12,0.6362234340049326,0.6370428919326514,0.0008194579277187586,True,True,0,0,False,False,0,0,189,189,0.031815704299228864,0.030550801302417163,,
extreme_s04_q0081,bottleneck_waypoint,Extreme,d12_16,0.6176955900155008,0.6203282638452947,0.00263267382979393,True,True,0,0,False,False,0,0,4,4,0.13663129963703713,0.13663129963703713,,
extreme_s04_q0081,f_n3p_knn,Extreme,d12_16,0.4655477099586278,0.1811930639669299,-0.2843546459916979,True,True,0,0,True,True,0,0,15,13,0.0689503329992176,0.06852474009049403,,
extreme_s04_q0081,md_dqn,Extreme,d12_16,0.18246305384673178,0.18000044021755457,-0.0024626136291772127,False,False,0,0,False,False,0,0,600,600,,,md_dqn_not_reached,md_dqn_not_reached
extreme_s04_q0081,n3p_k1,Extreme,d12_16,0.4640561838168651,0.17782130395062268,-0.2862348798662424,True,True,0,0,True,True,0,0,15,13,0.0689503329992176,0.06852474009049403,,
extreme_s04_q0081,vanilla_ha,Extreme,d12_16,0.23230361938476562,0.23349642753601074,0.0011928081512451172,True,True,0,0,False,False,0,0,113,113,,,,
extreme_s04_q0081,voronoi_waypoint,Extreme,d12_16,0.6239413048606366,0.6245374409481883,0.000596136087551713,True,True,0,0,False,False,0,0,4,4,0.17161111511370497,0.16129533789065098,,
extreme_s04_q0082,bottleneck_waypoint,Extreme,d16_20,0.7619556211866438,0.7648985160049051,0.0029428948182612658,True,True,0,0,False,False,0,0,5,5,0.04040402344295124,0.04040402344295124,,
extreme_s04_q0082,f_n3p_knn,Extreme,d16_20,2.132801746018231,2.1321308410260826,-0.0006709049921482801,True,True,0,0,True,True,1,1,3098,3097,0.0,0.0,,
extreme_s04_q0082,md_dqn,Extreme,d16_20,0.16386769129894674,0.16350609296932817,-0.0003615983296185732,False,False,0,0,False,False,0,0,443,443,,,md_dqn_not_reached,md_dqn_not_reached
extreme_s04_q0082,n3p_k1,Extreme,d16_20,2.1314738001674414,2.126702836016193,-0.004770964151248336,True,True,0,0,True,True,1,1,3102,3092,0.0,0.0,,
extreme_s04_q0082,vanilla_ha,Extreme,d16_20,1.2611408233642578,1.2575461864471436,-0.003594636917114258,True,True,0,0,False,False,0,0,1745,1745,,,,
extreme_s04_q0082,voronoi_waypoint,Extreme,d16_20,0.6358224470168352,0.6554165659472346,0.019594118930399418,True,True,0,0,False,False,0,0,22,52,0.1138071463563195,0.15176482035589256,,
extreme_s04_q0083,bottleneck_waypoint,Extreme,d20_inf,0.9149616749491543,1.040983236161992,0.1260215612128377,True,True,0,0,False,False,0,0,38,7,,,,
extreme_s04_q0083,f_n3p_knn,Extreme,d20_inf,4.6679323830176145,4.523194120964035,-0.1447382620535791,False,False,0,0,True,True,1,1,6236,6335,,,f2_failed:prediction:timeout;goal:timeout;f3_failed:timeout,f2_failed:prediction:timeout;goal:timeout;f3_failed:timeout
extreme_s04_q0083,md_dqn,Extreme,d20_inf,0.17052610707469285,0.16876006568782032,-0.00176604138687253,False,False,0,0,False,False,0,0,600,600,,,md_dqn_not_reached,md_dqn_not_reached
extreme_s04_q0083,n3p_k1,Extreme,d20_inf,4.665847514057532,4.521485929144546,-0.14436158491298556,False,False,0,0,True,True,1,1,6355,6242,,,f2_failed:prediction:timeout;goal:timeout;f3_failed:timeout,f2_failed:prediction:timeout;goal:timeout;f3_failed:timeout
extreme_s04_q0083,vanilla_ha,Extreme,d20_inf,2.500183582305908,2.500373125076294,0.0001895427703857422,False,False,0,0,False,False,0,0,3454,3440,,,timeout,timeout
extreme_s04_q0083,voronoi_waypoint,Extreme,d20_inf,0.7498362089972943,0.7546413829550147,0.004805173957720399,True,True,0,0,False,False,0,0,5,5,,,,
extreme_s04_q0084,bottleneck_waypoint,Extreme,d08_12,0.6012134451884776,0.5867563209030777,-0.014457124285399914,True,True,0,0,False,False,0,0,142,134,0.10031497956838153,0.06013187894196026,,
extreme_s04_q0084,f_n3p_knn,Extreme,d08_12,0.9234247219283134,0.5407269538845867,-0.3826977680437267,True,True,0,0,True,True,1,0,663,383,0.0,0.016225027384205504,,
extreme_s04_q0084,md_dqn,Extreme,d08_12,0.001458511920645833,0.0014638351276516914,5.323207005858421e-06,False,False,0,0,False,False,0,0,1,1,,,md_dqn_not_reached,md_dqn_not_reached
extreme_s04_q0084,n3p_k1,Extreme,d08_12,0.9223203351721168,0.5388552080839872,-0.3834651270881295,True,True,0,0,True,True,1,0,663,383,0.0,0.016225027384205504,,
extreme_s04_q0084,vanilla_ha,Extreme,d08_12,0.7629313468933105,0.7638442516326904,0.0009129047393798828,True,True,0,0,False,False,0,0,661,661,,,,
extreme_s04_q0084,voronoi_waypoint,Extreme,d08_12,0.5937322450336069,0.5904292450286448,-0.0033030000049620867,True,True,0,0,False,False,0,0,144,140,0.14336693783933718,0.13152160378313593,,
extreme_s04_q0085,bottleneck_waypoint,Extreme,d12_16,0.47591879195533693,0.4740430610254407,-0.0018757309298962355,True,True,0,0,False,False,0,0,3,3,0.09451618439442533,0.09451618439442533,,
extreme_s04_q0085,f_n3p_knn,Extreme,d12_16,0.1566566820256412,0.010697562014684081,-0.14595912001095712,True,True,0,0,True,True,0,0,1,0,-0.02777295009018188,-0.02781162856802133,,
extreme_s04_q0085,md_dqn,Extreme,d12_16,0.16902744909748435,0.16956688137724996,0.0005394322797656059,False,False,0,0,False,False,0,0,600,600,,,md_dqn_not_reached,md_dqn_not_reached
extreme_s04_q0085,n3p_k1,Extreme,d12_16,2.4304174850694835,2.439980569994077,0.009563084924593568,True,True,0,0,True,True,1,1,3301,3291,0.0,0.0,,
extreme_s04_q0085,vanilla_ha,Extreme,d12_16,1.5557713508605957,1.5588314533233643,0.0030601024627685547,True,True,0,0,False,False,0,0,1997,1997,,,,
extreme_s04_q0085,voronoi_waypoint,Extreme,d12_16,0.47268210677430034,0.47170253191143274,-0.0009795748628675938,True,True,0,0,False,False,0,0,3,3,0.10477898213967074,0.10593850178996678,,
extreme_s04_q0086,bottleneck_waypoint,Extreme,d16_20,0.6248038930352777,0.7669224529527128,0.14211855991743505,True,True,0,0,False,False,0,0,4,5,0.14010562149960304,0.27350428297066887,,
extreme_s04_q0086,f_n3p_knn,Extreme,d16_20,0.3857276060152799,0.3855666269082576,-0.00016097910702228546,True,True,0,0,True,True,0,0,96,96,0.002159458052046981,0.002159458052046981,,
extreme_s04_q0086,md_dqn,Extreme,d16_20,0.3613519149366766,0.3548216256313026,-0.006530289305374026,False,False,0,0,False,False,0,0,600,600,,,md_dqn_not_reached,md_dqn_not_reached
extreme_s04_q0086,n3p_k1,Extreme,d16_20,0.3847405470442027,0.38243394810706377,-0.002306598937138915,True,True,0,0,True,True,0,0,96,96,0.002159458052046981,0.002159458052046981,,
extreme_s04_q0086,vanilla_ha,Extreme,d16_20,0.2558739185333252,0.25684475898742676,0.0009708404541015625,True,True,0,0,False,False,0,0,169,169,,,,
extreme_s04_q0086,voronoi_waypoint,Extreme,d16_20,0.6242921880912036,0.6274269730783999,0.0031347849871963263,True,True,0,0,False,False,0,0,4,4,0.2498550133868196,0.16024636524856928,,
extreme_s04_q0087,bottleneck_waypoint,Extreme,d20_inf,0.823120477842167,0.7652171689551324,-0.057903308887034655,True,True,0,0,False,False,0,0,5,5,0.019839453585177358,0.01868960448178658,,
extreme_s04_q0087,f_n3p_knn,Extreme,d20_inf,0.8066453039646149,0.22650856408290565,-0.5801367398817092,True,True,0,0,True,True,0,0,45,41,0.09006701354988955,0.08975557266433887,,
extreme_s04_q0087,md_dqn,Extreme,d20_inf,0.17003380716778338,0.1672875229269266,-0.0027462842408567667,False,False,0,0,False,False,0,0,600,600,,,md_dqn_not_reached,md_dqn_not_reached
extreme_s04_q0087,n3p_k1,Extreme,d20_inf,0.7769925128668547,0.3399088338483125,-0.43708367901854217,True,True,0,0,True,True,0,0,22,19,0.02289088290786312,0.02260887278615442,,
extreme_s04_q0087,vanilla_ha,Extreme,d20_inf,0.32629871368408203,0.32659292221069336,0.0002942085266113281,True,True,0,0,False,False,0,0,281,281,,,,
extreme_s04_q0087,voronoi_waypoint,Extreme,d20_inf,0.9492302988655865,0.9032220118679106,-0.046008286997675896,True,True,0,0,False,False,0,0,6,6,0.11652803641257048,0.11652803641257048,,
extreme_s04_q0088,bottleneck_waypoint,Extreme,d08_12,0.4775533708743751,0.4803853021003306,0.0028319312259554863,True,True,0,0,False,False,0,0,3,3,0.034352778155275265,0.034352778155275265,,
extreme_s04_q0088,f_n3p_knn,Extreme,d08_12,0.0004718499258160591,0.0004703099839389324,-1.5399418771266937e-06,True,True,0,0,False,False,0,0,0,0,2.220446049250313e-16,2.220446049250313e-16,,
extreme_s04_q0088,md_dqn,Extreme,d08_12,0.30595714249648154,0.3026848188601434,-0.0032723236363381147,False,False,0,0,False,False,0,0,598,598,,,md_dqn_not_reached,md_dqn_not_reached
extreme_s04_q0088,n3p_k1,Extreme,d08_12,0.000466272933408618,0.00046942010521888733,3.1471718102693558e-06,True,True,0,0,False,False,0,0,0,0,2.220446049250313e-16,2.220446049250313e-16,,
extreme_s04_q0088,vanilla_ha,Extreme,d08_12,0.1537778377532959,0.14757323265075684,-0.0062046051025390625,True,True,0,0,False,False,0,0,1,1,,,,
extreme_s04_q0088,voronoi_waypoint,Extreme,d08_12,0.3349163378588855,0.3333074788097292,-0.0016088590491563082,True,True,0,0,False,False,0,0,2,2,0.0011100745000609535,0.0024648141916661093,,
extreme_s04_q0089,bottleneck_waypoint,Extreme,d12_16,0.47400930896401405,0.47535998094826937,0.0013506719842553139,True,True,0,0,False,False,0,0,3,3,0.025506443942817425,0.024601375297764516,,
extreme_s04_q0089,f_n3p_knn,Extreme,d12_16,0.0005544249434024096,0.0005423990078270435,-1.202593557536602e-05,True,True,0,0,False,False,0,0,0,0,2.220446049250313e-16,2.220446049250313e-16,,
extreme_s04_q0089,md_dqn,Extreme,d12_16,0.17002474167384207,0.1684005551505834,-0.001624186523258686,False,False,0,0,False,False,0,0,600,600,,,md_dqn_not_reached,md_dqn_not_reached
extreme_s04_q0089,n3p_k1,Extreme,d12_16,0.000527992146089673,0.0005288040265440941,8.118804544210434e-07,True,True,0,0,False,False,0,0,0,0,2.220446049250313e-16,2.220446049250313e-16,,
extreme_s04_q0089,vanilla_ha,Extreme,d12_16,0.14457321166992188,0.14609527587890625,0.001522064208984375,True,True,0,0,False,False,0,0,1,1,,,,
extreme_s04_q0089,voronoi_waypoint,Extreme,d12_16,0.4727893047966063,0.4743239430245012,0.0015346382278949022,True,True,0,0,False,False,0,0,3,3,0.0428660596021988,0.04232766894377327,,
extreme_s04_q0090,bottleneck_waypoint,Extreme,d16_20,0.4867607469204813,0.47900851094163954,-0.007752235978841782,True,True,0,0,False,False,0,0,3,3,0.09529287932062847,0.09529287932062847,,
extreme_s04_q0090,f_n3p_knn,Extreme,d16_20,0.45793864014558494,0.028817984042689204,-0.42912065610289574,True,True,0,0,True,True,0,0,3,0,0.07006134173387757,0.06830595451526178,,
extreme_s04_q0090,md_dqn,Extreme,d16_20,0.30204882635734975,0.29992598318494856,-0.00212284317240119,False,False,0,0,False,False,0,0,479,479,,,md_dqn_not_reached,md_dqn_not_reached
extreme_s04_q0090,n3p_k1,Extreme,d16_20,3.1559935950208455,3.006159726995975,-0.14983386802487075,True,True,0,0,True,True,1,1,3595,3594,0.0,0.0,,
extreme_s04_q0090,vanilla_ha,Extreme,d16_20,2.1313657760620117,2.133255958557129,0.0018901824951171875,True,True,0,0,False,False,0,0,2571,2571,,,,
extreme_s04_q0090,voronoi_waypoint,Extreme,d16_20,0.6181447110138834,0.6141930068843067,-0.003951704129576683,True,True,0,0,False,False,0,0,4,4,0.15001955795656752,0.1524912839366206,,
extreme_s04_q0091,bottleneck_waypoint,Extreme,d20_inf,1.1121223280206323,1.043029521824792,-0.06909280619584024,True,True,0,0,False,False,0,0,7,7,0.04327093101588453,0.049546508968179914,,
extreme_s04_q0091,f_n3p_knn,Extreme,d20_inf,0.802465652115643,0.44784385501407087,-0.35462179710157216,True,True,0,0,True,True,0,0,507,505,0.002115217941628167,0.001199466838407215,,
extreme_s04_q0091,md_dqn,Extreme,d20_inf,0.46320035331882536,0.45418796176090837,-0.009012391557916999,False,False,0,0,False,False,0,0,285,285,,,md_dqn_not_reached,md_dqn_not_reached
extreme_s04_q0091,n3p_k1,Extreme,d20_inf,0.6160641140304506,0.4733741949312389,-0.1426899190992117,True,True,0,0,True,True,0,0,247,246,-0.0023899014917637684,-0.002390581808841219,,
extreme_s04_q0091,vanilla_ha,Extreme,d20_inf,0.5996153354644775,0.6053066253662109,0.0056912899017333984,True,True,0,0,False,False,0,0,857,857,,,,
extreme_s04_q0091,voronoi_waypoint,Extreme,d20_inf,0.9814581021200866,1.0182885718531907,0.03683046973310411,True,True,0,0,False,False,0,0,104,152,0.05722233750877059,0.046177241724359774,,
extreme_s04_q0092,bottleneck_waypoint,Extreme,d08_12,0.5278594889678061,0.4954330411273986,-0.03242644784040749,True,True,0,0,False,False,0,0,245,245,0.040208699404587156,0.040208699404587156,,
extreme_s04_q0092,f_n3p_knn,Extreme,d08_12,0.32591152796521783,0.019816007930785418,-0.3060955200344324,True,True,0,0,False,False,0,0,2,0,-0.007974240613625283,-0.01331458508310579,,
extreme_s04_q0092,md_dqn,Extreme,d08_12,0.16980460286140442,0.1687432173639536,-0.0010613854974508286,False,False,0,0,False,False,0,0,600,600,,,md_dqn_not_reached,md_dqn_not_reached
extreme_s04_q0092,n3p_k1,Extreme,d08_12,0.32416398893110454,0.01680526719428599,-0.30735872173681855,True,True,0,0,False,False,0,0,2,0,-0.007974240613625283,-0.01331458508310579,,
extreme_s04_q0092,vanilla_ha,Extreme,d08_12,0.7330327033996582,0.6931507587432861,-0.03988194465637207,True,True,0,0,False,False,0,0,649,649,,,,
extreme_s04_q0092,voronoi_waypoint,Extreme,d08_12,0.35445599001832306,0.3324966779910028,-0.021959312027320266,True,True,0,0,False,False,0,0,2,2,0.07601195197277977,0.07601195197277977,,
extreme_s04_q0093,bottleneck_waypoint,Extreme,d12_16,0.6625174540095031,0.6200035240035504,-0.042513930005952716,True,True,0,0,False,False,0,0,4,4,0.0074112685647778065,0.009370935255329504,,
extreme_s04_q0093,f_n3p_knn,Extreme,d12_16,0.16784615605138242,0.012186976848170161,-0.15565917920321226,True,True,0,0,True,True,0,0,1,0,-0.008214622148827289,-0.010527000666713748,,
extreme_s04_q0093,md_dqn,Extreme,d12_16,0.32073133275844157,0.31221268442459404,-0.008518648333847523,False,False,0,0,False,False,0,0,564,564,,,md_dqn_not_reached,md_dqn_not_reached
extreme_s04_q0093,n3p_k1,Extreme,d12_16,0.17216236190870404,0.16182772791944444,-0.0103346339892596,True,True,0,0,True,True,0,0,7,7,-0.004969001097659742,-0.004969001097659742,,
extreme_s04_q0093,vanilla_ha,Extreme,d12_16,0.16025781631469727,0.15245342254638672,-0.007804393768310547,True,True,0,0,False,False,0,0,9,9,,,,
extreme_s04_q0093,voronoi_waypoint,Extreme,d12_16,0.5157753461971879,0.48323979601264,-0.0325355501845479,True,True,0,0,False,False,0,0,12,12,-0.011634365030014915,-0.010008568245735816,,
extreme_s04_q0094,bottleneck_waypoint,Extreme,d16_20,0.6660278169438243,0.6239535619970411,-0.042074254946783185,True,True,0,0,False,False,0,0,4,4,0.015512482820390305,0.01576860935737856,,
extreme_s04_q0094,f_n3p_knn,Extreme,d16_20,0.4980712719261646,0.17560122883878648,-0.32247004308737814,True,True,0,0,True,True,0,0,17,15,0.1309815578257023,0.1039686227654748,,
extreme_s04_q0094,md_dqn,Extreme,d16_20,0.4431786588393152,0.43475823965854943,-0.008420419180765748,False,False,0,0,False,False,0,0,588,588,,,md_dqn_not_reached,md_dqn_not_reached
extreme_s04_q0094,n3p_k1,Extreme,d16_20,2.391676078783348,2.30748626915738,-0.08418980962596834,True,True,0,0,True,True,1,1,3482,3576,0.0,0.0,,
extreme_s04_q0094,vanilla_ha,Extreme,d16_20,1.519334316253662,1.4336259365081787,-0.0857083797454834,True,True,0,0,False,False,0,0,2153,2153,,,,
extreme_s04_q0094,voronoi_waypoint,Extreme,d16_20,0.6677343440242112,0.623424420831725,-0.04430992319248617,True,True,0,0,False,False,0,0,7,7,0.018479671763282246,0.009791086408463157,,
extreme_s04_q0095,bottleneck_waypoint,Extreme,d20_inf,0.8267383398488164,0.7725609939079732,-0.054177345940843225,True,True,0,0,False,False,0,0,5,5,0.0999936826211949,0.0755582763333813,,
extreme_s04_q0095,f_n3p_knn,Extreme,d20_inf,0.35916328709572554,0.1872580498456955,-0.17190523725003004,True,True,0,0,True,True,0,0,37,36,-0.00915905243206594,-0.009159055623344403,,
extreme_s04_q0095,md_dqn,Extreme,d20_inf,0.17445558891631663,0.16993046319112182,-0.004525125725194812,False,False,0,0,False,False,0,0,600,600,,,md_dqn_not_reached,md_dqn_not_reached
extreme_s04_q0095,n3p_k1,Extreme,d20_inf,0.3585932720452547,0.18715120595879853,-0.17144206608645618,True,True,0,0,True,True,0,0,37,36,-0.00915905243206594,-0.009159055623344403,,
extreme_s04_q0095,vanilla_ha,Extreme,d20_inf,0.21746444702148438,0.20278477668762207,-0.014679670333862305,True,True,0,0,False,False,0,0,145,145,,,,
extreme_s04_q0095,voronoi_waypoint,Extreme,d20_inf,0.9742165321949869,0.9146029788535088,-0.05961355334147811,True,True,0,0,False,False,0,0,6,6,0.13503087460673058,0.11086088889696799,,
extreme_s04_q0096,bottleneck_waypoint,Extreme,d08_12,0.5069731890689582,0.47343886410817504,-0.033534324960783124,True,True,0,0,False,False,0,0,3,3,0.09122592761646175,0.052920683866791496,,
extreme_s04_q0096,f_n3p_knn,Extreme,d08_12,0.6522586708888412,0.1856409979518503,-0.46661767293699086,True,True,0,0,True,True,0,0,12,9,0.29987958409571425,0.2936707465334103,,
extreme_s04_q0096,md_dqn,Extreme,d08_12,0.2297054873779416,0.2263051583431661,-0.0034003290347754955,False,False,0,0,False,False,0,0,208,208,,,md_dqn_not_reached,md_dqn_not_reached
extreme_s04_q0096,n3p_k1,Extreme,d08_12,0.6530382840428501,0.32219832786358893,-0.3308399561792612,True,True,0,0,True,True,0,0,12,10,0.13211752363074059,0.131410699813304,,
extreme_s04_q0096,vanilla_ha,Extreme,d08_12,0.5701155662536621,0.5420053005218506,-0.028110265731811523,True,True,0,0,False,False,0,0,613,613,,,,
extreme_s04_q0096,voronoi_waypoint,Extreme,d08_12,0.44169976003468037,0.41571289091371,-0.02598686912097037,True,True,0,0,False,False,0,0,100,100,0.1470668098817005,0.1470668098817005,,
extreme_s04_q0097,bottleneck_waypoint,Extreme,d12_16,0.5196541531477123,0.48519078083336353,-0.03446337231434882,True,True,0,0,False,False,0,0,12,12,0.025941260085292184,0.025941260085292184,,
extreme_s04_q0097,f_n3p_knn,Extreme,d12_16,1.043802218977362,0.5481811128556728,-0.4956211061216891,True,True,0,0,True,True,0,0,257,254,1.032527053948129,1.0283249201100233,,
extreme_s04_q0097,md_dqn,Extreme,d12_16,0.307845005299896,0.302052483195439,-0.005792522104457021,False,False,0,0,False,False,0,0,392,392,,,md_dqn_not_reached,md_dqn_not_reached
extreme_s04_q0097,n3p_k1,Extreme,d12_16,0.346169576048851,0.323202408850193,-0.02296716719865799,True,True,0,0,True,True,0,0,32,32,0.10464366582972362,0.10464366582972362,,
extreme_s04_q0097,vanilla_ha,Extreme,d12_16,1.4921529293060303,1.4389159679412842,-0.053236961364746094,True,True,0,0,False,False,0,0,1553,1553,,,,
extreme_s04_q0097,voronoi_waypoint,Extreme,d12_16,0.5159564840141684,0.4877054288517684,-0.028251055162400007,True,True,0,0,False,False,0,0,12,15,0.08135039104006436,0.07356876817779479,,
extreme_s04_q0098,bottleneck_waypoint,Extreme,d16_20,0.5178651199676096,0.4873182780575007,-0.030546841910108924,True,True,0,0,False,False,0,0,3,3,0.019867910433708502,0.02850914473551258,,
extreme_s04_q0098,f_n3p_knn,Extreme,d16_20,0.3353496170602739,0.020476923091337085,-0.3148726939689368,True,True,0,0,True,True,0,0,2,0,0.01355042642741311,0.01348851751240221,,
extreme_s04_q0098,md_dqn,Extreme,d16_20,0.16903760796412826,0.16769046266563237,-0.0013471452984958887,False,False,0,0,False,False,0,0,600,600,,,md_dqn_not_reached,md_dqn_not_reached
extreme_s04_q0098,n3p_k1,Extreme,d16_20,0.5035317540168762,0.17921400093473494,-0.3243177530821413,True,True,0,0,True,True,0,0,7,5,0.03552330553715022,0.035497047337123444,,
extreme_s04_q0098,vanilla_ha,Extreme,d16_20,2.424988031387329,2.364548683166504,-0.060439348220825195,True,True,0,0,False,False,0,0,2770,2770,,,,
extreme_s04_q0098,voronoi_waypoint,Extreme,d16_20,0.6697948779910803,0.6337100090458989,-0.03608486894518137,True,True,0,0,False,False,0,0,4,4,0.05428836614482013,0.05994139045533742,,
extreme_s04_q0099,bottleneck_waypoint,Extreme,d20_inf,0.8217665757983923,0.7725965369027108,-0.0491700388956815,True,True,0,0,False,False,0,0,5,5,,,,
extreme_s04_q0099,f_n3p_knn,Extreme,d20_inf,3.676155366934836,3.5213658961001784,-0.15478947083465755,False,False,0,0,True,True,1,1,7457,7781,,,f2_failed:prediction:goal_in_collision;goal:timeout;f3_failed:timeout,f2_failed:prediction:goal_in_collision;goal:timeout;f3_failed:timeout
extreme_s04_q0099,md_dqn,Extreme,d20_inf,0.1909364820457995,0.18802220141515136,-0.002914280630648136,False,False,0,0,False,False,0,0,600,600,,,md_dqn_not_reached,md_dqn_not_reached
extreme_s04_q0099,n3p_k1,Extreme,d20_inf,0.42355238809250295,0.3967975960113108,-0.026754792081192136,True,True,0,0,True,True,0,0,100,100,,,,
extreme_s04_q0099,vanilla_ha,Extreme,d20_inf,2.500120162963867,2.500739812850952,0.0006196498870849609,False,False,0,0,False,False,0,0,5608,5961,,,timeout,timeout
extreme_s04_q0099,voronoi_waypoint,Extreme,d20_inf,0.8202252148184925,0.7704041770193726,-0.04982103779911995,True,True,0,0,False,False,0,0,5,5,,,,
