query_id,method,difficulty_bucket,distance_bin_key,success,feasible,total_time_s,total_expansions,path_length_m,reference_path_length_m,path_inflation_ratio,direction_switches,mean_abs_curvature,min_clearance_m,collision_violation_count,fallback_f1_count,fallback_f2_count,fallback_f3_count,fallback_triggered,subgoal_reachable_count,subgoal_attempt_count,subgoal_reachability_rate,analytic_operator,analytic_attempts,analytic_successes,analytic_failure_count,rl_attempts,rl_successes,rs_attempts,nn_forward_time_s,fallback_to_primitives_count,rollout_protocol,collision_checker,rl_rollout_steps,rl_rollout_collision_checks,rl_rollout_sample_time_s,rl_rollout_collision_time_s,terminal_rs_time_s,terminal_rs_success_count,terminal_rs_used_count,terminal_rs_action_count,bc_checkpoint,bc_checkpoint_sha256,rl_rs_checkpoint,rl_rs_checkpoint_sha256,failure_reason,metadata
complex_s00_q0000,ha_dang_multi_rs,Complex,d08_12,True,True,0.14958429336547852,1,11.001818031580056,11.001818031580056,0.0,0,0.0,0.6078652724325464,0,0,0,0,False,,,,dang_multi_rs,1,1,0,,,11,,0,,,,,,,,,,,,,,,,"{""profile_name"": ""complex_d02"", ""map_seed"": 20360710, ""query_seed"": 20361710, ""analytic_operator"": ""dang_multi_rs"", ""evaluation_path_source"": ""trace_poses"", ""planner_path_pose_count"": 2, ""evaluation_path_pose_count"": 112, ""analytic_attempts"": 1, ""analytic_successes"": 1, ""analytic_failure_count"": 0, ""analytic_candidate_radius_count"": 11, ""analytic_candidate_success_count"": 11, ""analytic_candidate_failure_count"": 0, ""analytic_rs_solve_time_s"": 0.000348735018633306, ""analytic_sample_time_s"": 0.0003500687889754772, ""analytic_collision_check_time_s"": 0.0034079799661412835, ""analytic_cost_eval_time_s"": 0.003812732989899814, ""analytic_total_time_s"": 0.008063475019298494, ""analytic_sample_count"": 1232, ""analytic_collision_check_count"": 11, ""planner_remediations"": [""analytic_expansion"", ""analytic_operator:dang_multi_rs""], ""fallback_to_primitives_count"": 0, ""rs_attempts"": 11, ""total_planner_time_s"": 0.14958429336547852, ""timing_protocol"": {""schema_version"": 1, ""adapter"": ""planner_run_from_path_stats"", ""total_time_s"": {""record_field"": ""EvaluationRun.total_time_s / EvaluationRecord.total_time_s"", ""source"": ""stats[\""time\""]"", ""semantics"": ""end_to_end_method_wall_clock_seconds""}, ""planner_time_s"": {""record_field"": ""EvaluationRun.metadata.total_planner_time_s / EvaluationRecord.metadata.total_planner_time_s"", ""source"": ""stats[\""time\""]"", ""available"": true, ""semantics"": ""planner_scoped_wall_clock_seconds"", ""included_components"": [""planner.plan reported wall-clock""]}, ""comparison_rule"": ""Use total_time_s for method comparisons; use metadata.total_planner_time_s only for timing audits and component accounting.""}}"
complex_s00_q0001,ha_dang_multi_rs,Complex,d12_16,True,True,0.38080525398254395,371,15.454208956775615,15.420535478222462,0.0021836776421095827,1,0.1878215717572076,0.059072652920486746,0,0,0,0,False,,,,dang_multi_rs,48,1,47,,,528,,47,,,,,,,,,,,,,,,,"{""profile_name"": ""complex_d03"", ""map_seed"": 20360710, ""query_seed"": 20361711, ""analytic_operator"": ""dang_multi_rs"", ""evaluation_path_source"": ""trace_poses"", ""planner_path_pose_count"": 47, ""evaluation_path_pose_count"": 156, ""analytic_attempts"": 48, ""analytic_successes"": 1, ""analytic_failure_count"": 47, ""analytic_candidate_radius_count"": 528, ""analytic_candidate_success_count"": 11, ""analytic_candidate_failure_count"": 517, ""analytic_rs_solve_time_s"": 0.014231831184588373, ""analytic_sample_time_s"": 0.00914169184397906, ""analytic_collision_check_time_s"": 0.03551997942849994, ""analytic_cost_eval_time_s"": 0.00017156999092549086, ""analytic_total_time_s"": 0.06244391470681876, ""analytic_sample_count"": 27866, ""analytic_collision_check_count"": 774, ""planner_remediations"": [""analytic_expansion"", ""analytic_operator:dang_multi_rs""], ""fallback_to_primitives_count"": 47, ""rs_attempts"": 528, ""total_planner_time_s"": 0.38080525398254395, ""timing_protocol"": {""schema_version"": 1, ""adapter"": ""planner_run_from_path_stats"", ""total_time_s"": {""record_field"": ""EvaluationRun.total_time_s / EvaluationRecord.total_time_s"", ""source"": ""stats[\""time\""]"", ""semantics"": ""end_to_end_method_wall_clock_seconds""}, ""planner_time_s"": {""record_field"": ""EvaluationRun.metadata.total_planner_time_s / EvaluationRecord.metadata.total_planner_time_s"", ""source"": ""stats[\""time\""]"", ""available"": true, ""semantics"": ""planner_scoped_wall_clock_seconds"", ""included_components"": [""planner.plan reported wall-clock""]}, ""comparison_rule"": ""Use total_time_s for method comparisons; use metadata.total_planner_time_s only for timing audits and component accounting.""}}"
complex_s00_q0002,ha_dang_multi_rs,Complex,d16_20,True,True,0.1987314224243164,81,16.928397892090366,16.821987459861113,0.006325675398531683,0,0.17365189707220888,0.18677696621750162,0,0,0,0,False,,,,dang_multi_rs,11,1,10,,,121,,10,,,,,,,,,,,,,,,,"{""profile_name"": ""complex_d04"", ""map_seed"": 20360710, ""query_seed"": 20361712, ""analytic_operator"": ""dang_multi_rs"", ""evaluation_path_source"": ""trace_poses"", ""planner_path_pose_count"": 27, ""evaluation_path_pose_count"": 172, ""analytic_attempts"": 11, ""analytic_successes"": 1, ""analytic_failure_count"": 10, ""analytic_candidate_radius_count"": 121, ""analytic_candidate_success_count"": 11, ""analytic_candidate_failure_count"": 110, ""analytic_rs_solve_time_s"": 0.0031976014142856, ""analytic_sample_time_s"": 0.0037510645342990756, ""analytic_collision_check_time_s"": 0.01193514303304255, ""analytic_cost_eval_time_s"": 0.0005130128702148795, ""analytic_total_time_s"": 0.020441336906515062, ""analytic_sample_count"": 13908, ""analytic_collision_check_count"": 231, ""planner_remediations"": [""analytic_expansion"", ""analytic_operator:dang_multi_rs""], ""fallback_to_primitives_count"": 10, ""rs_attempts"": 121, ""total_planner_time_s"": 0.1987314224243164, ""timing_protocol"": {""schema_version"": 1, ""adapter"": ""planner_run_from_path_stats"", ""total_time_s"": {""record_field"": ""EvaluationRun.total_time_s / EvaluationRecord.total_time_s"", ""source"": ""stats[\""time\""]"", ""semantics"": ""end_to_end_method_wall_clock_seconds""}, ""planner_time_s"": {""record_field"": ""EvaluationRun.metadata.total_planner_time_s / EvaluationRecord.metadata.total_planner_time_s"", ""source"": ""stats[\""time\""]"", ""available"": true, ""semantics"": ""planner_scoped_wall_clock_seconds"", ""included_components"": [""planner.plan reported wall-clock""]}, ""comparison_rule"": ""Use total_time_s for method comparisons; use metadata.total_planner_time_s only for timing audits and component accounting.""}}"
complex_s00_q0003,ha_dang_multi_rs,Complex,d20_inf,False,False,2.500131607055664,4114,,,,0,,,0,0,0,0,False,,,,dang_multi_rs,514,0,514,,,5654,,514,,,,,,,,,,,,,,,timeout,"{""profile_name"": ""complex_d02"", ""map_seed"": 20360710, ""query_seed"": 20361713, ""analytic_operator"": ""dang_multi_rs"", ""evaluation_path_source"": ""planner_path"", ""planner_path_pose_count"": 0, ""evaluation_path_pose_count"": 0, ""analytic_attempts"": 514, ""analytic_successes"": 0, ""analytic_failure_count"": 514, ""analytic_candidate_radius_count"": 5654, ""analytic_candidate_success_count"": 0, ""analytic_candidate_failure_count"": 5654, ""analytic_rs_solve_time_s"": 0.14997883595060557, ""analytic_sample_time_s"": 0.22505160688888282, ""analytic_collision_check_time_s"": 0.6414922865806147, ""analytic_cost_eval_time_s"": 0.0, ""analytic_total_time_s"": 1.0679234899580479, ""analytic_sample_count"": 817046, ""analytic_collision_check_count"": 10827, ""fallback_to_primitives_count"": 514, ""rs_attempts"": 5654, ""total_planner_time_s"": 2.500131607055664, ""timing_protocol"": {""schema_version"": 1, ""adapter"": ""planner_run_from_path_stats"", ""total_time_s"": {""record_field"": ""EvaluationRun.total_time_s / EvaluationRecord.total_time_s"", ""source"": ""stats[\""time\""]"", ""semantics"": ""end_to_end_method_wall_clock_seconds""}, ""planner_time_s"": {""record_field"": ""EvaluationRun.metadata.total_planner_time_s / EvaluationRecord.metadata.total_planner_time_s"", ""source"": ""stats[\""time\""]"", ""available"": true, ""semantics"": ""planner_scoped_wall_clock_seconds"", ""included_components"": [""planner.plan reported wall-clock""]}, ""comparison_rule"": ""Use total_time_s for method comparisons; use metadata.total_planner_time_s only for timing audits and component accounting.""}}"
complex_s00_q0004,ha_dang_multi_rs,Complex,d08_12,True,True,0.3564600944519043,235,12.665241000964294,12.081860638176897,0.0482856391294566,3,0.21487997354939242,0.07239134895518518,0,0,0,0,False,,,,dang_multi_rs,82,1,81,,,902,,81,,,,,,,,,,,,,,,,"{""profile_name"": ""complex_d03"", ""map_seed"": 20360710, ""query_seed"": 20361714, ""analytic_operator"": ""dang_multi_rs"", ""evaluation_path_source"": ""trace_poses"", ""planner_path_pose_count"": 38, ""evaluation_path_pose_count"": 130, ""analytic_attempts"": 82, ""analytic_successes"": 1, ""analytic_failure_count"": 81, ""analytic_candidate_radius_count"": 902, ""analytic_candidate_success_count"": 1, ""analytic_candidate_failure_count"": 901, ""analytic_rs_solve_time_s"": 0.030725887860171497, ""analytic_sample_time_s"": 0.009737480897456408, ""analytic_collision_check_time_s"": 0.04810953908599913, ""analytic_cost_eval_time_s"": 3.0264025554060936e-05, ""analytic_total_time_s"": 0.09372837049886584, ""analytic_sample_count"": 24578, ""analytic_collision_check_count"": 1525, ""planner_remediations"": [""analytic_expansion"", ""analytic_operator:dang_multi_rs""], ""fallback_to_primitives_count"": 81, ""rs_attempts"": 902, ""total_planner_time_s"": 0.3564600944519043, ""timing_protocol"": {""schema_version"": 1, ""adapter"": ""planner_run_from_path_stats"", ""total_time_s"": {""record_field"": ""EvaluationRun.total_time_s / EvaluationRecord.total_time_s"", ""source"": ""stats[\""time\""]"", ""semantics"": ""end_to_end_method_wall_clock_seconds""}, ""planner_time_s"": {""record_field"": ""EvaluationRun.metadata.total_planner_time_s / EvaluationRecord.metadata.total_planner_time_s"", ""source"": ""stats[\""time\""]"", ""available"": true, ""semantics"": ""planner_scoped_wall_clock_seconds"", ""included_components"": [""planner.plan reported wall-clock""]}, ""comparison_rule"": ""Use total_time_s for method comparisons; use metadata.total_planner_time_s only for timing audits and component accounting.""}}"
complex_s00_q0005,ha_dang_multi_rs,Complex,d12_16,True,True,0.18644928932189941,64,14.880742681624717,14.88060381308122,9.332184717880665e-06,0,0.13648189060840296,0.08040535914780589,0,0,0,0,False,,,,dang_multi_rs,9,1,8,,,99,,8,,,,,,,,,,,,,,,,"{""profile_name"": ""complex_d04"", ""map_seed"": 20360711, ""query_seed"": 20361711, ""analytic_operator"": ""dang_multi_rs"", ""evaluation_path_source"": ""trace_poses"", ""planner_path_pose_count"": 23, ""evaluation_path_pose_count"": 152, ""analytic_attempts"": 9, ""analytic_successes"": 1, ""analytic_failure_count"": 8, ""analytic_candidate_radius_count"": 99, ""analytic_candidate_success_count"": 11, ""analytic_candidate_failure_count"": 88, ""analytic_rs_solve_time_s"": 0.0025613538455218077, ""analytic_sample_time_s"": 0.002639027894474566, ""analytic_collision_check_time_s"": 0.008745042025111616, ""analytic_cost_eval_time_s"": 0.0004597519291564822, ""analytic_total_time_s"": 0.015199044137261808, ""analytic_sample_count"": 9710, ""analytic_collision_check_count"": 176, ""planner_remediations"": [""analytic_expansion"", ""analytic_operator:dang_multi_rs""], ""fallback_to_primitives_count"": 8, ""rs_attempts"": 99, ""total_planner_time_s"": 0.18644928932189941, ""timing_protocol"": {""schema_version"": 1, ""adapter"": ""planner_run_from_path_stats"", ""total_time_s"": {""record_field"": ""EvaluationRun.total_time_s / EvaluationRecord.total_time_s"", ""source"": ""stats[\""time\""]"", ""semantics"": ""end_to_end_method_wall_clock_seconds""}, ""planner_time_s"": {""record_field"": ""EvaluationRun.metadata.total_planner_time_s / EvaluationRecord.metadata.total_planner_time_s"", ""source"": ""stats[\""time\""]"", ""available"": true, ""semantics"": ""planner_scoped_wall_clock_seconds"", ""included_components"": [""planner.plan reported wall-clock""]}, ""comparison_rule"": ""Use total_time_s for method comparisons; use metadata.total_planner_time_s only for timing audits and component accounting.""}}"
complex_s00_q0006,ha_dang_multi_rs,Complex,d16_20,True,True,2.137122869491577,3424,19.640388068537973,19.623025664019977,0.0008847975238512884,0,0.12272139246438438,0.08591423743149895,0,0,0,0,False,,,,dang_multi_rs,500,1,499,,,5500,,499,,,,,,,,,,,,,,,,"{""profile_name"": ""complex_d02"", ""map_seed"": 20360711, ""query_seed"": 20361712, ""analytic_operator"": ""dang_multi_rs"", ""evaluation_path_source"": ""trace_poses"", ""planner_path_pose_count"": 58, ""evaluation_path_pose_count"": 199, ""analytic_attempts"": 500, ""analytic_successes"": 1, ""analytic_failure_count"": 499, ""analytic_candidate_radius_count"": 5500, ""analytic_candidate_success_count"": 2, ""analytic_candidate_failure_count"": 5498, ""analytic_rs_solve_time_s"": 0.15487139637116343, ""analytic_sample_time_s"": 0.16672724043019116, ""analytic_collision_check_time_s"": 0.469642918324098, ""analytic_cost_eval_time_s"": 4.2535015381872654e-05, ""analytic_total_time_s"": 0.8352926935767755, ""analytic_sample_count"": 572144, ""analytic_collision_check_count"": 10419, ""planner_remediations"": [""analytic_expansion"", ""analytic_operator:dang_multi_rs""], ""fallback_to_primitives_count"": 499, ""rs_attempts"": 5500, ""total_planner_time_s"": 2.137122869491577, ""timing_protocol"": {""schema_version"": 1, ""adapter"": ""planner_run_from_path_stats"", ""total_time_s"": {""record_field"": ""EvaluationRun.total_time_s / EvaluationRecord.total_time_s"", ""source"": ""stats[\""time\""]"", ""semantics"": ""end_to_end_method_wall_clock_seconds""}, ""planner_time_s"": {""record_field"": ""EvaluationRun.metadata.total_planner_time_s / EvaluationRecord.metadata.total_planner_time_s"", ""source"": ""stats[\""time\""]"", ""available"": true, ""semantics"": ""planner_scoped_wall_clock_seconds"", ""included_components"": [""planner.plan reported wall-clock""]}, ""comparison_rule"": ""Use total_time_s for method comparisons; use metadata.total_planner_time_s only for timing audits and component accounting.""}}"
complex_s00_q0007,ha_dang_multi_rs,Complex,d20_inf,True,True,0.3502616882324219,401,21.02352077206551,21.004591310525278,0.0009012058963864256,0,0.21581385544524656,0.06052736486722904,0,0,0,0,False,,,,dang_multi_rs,51,1,50,,,561,,50,,,,,,,,,,,,,,,,"{""profile_name"": ""complex_d03"", ""map_seed"": 20360711, ""query_seed"": 20361713, ""analytic_operator"": ""dang_multi_rs"", ""evaluation_path_source"": ""trace_poses"", ""planner_path_pose_count"": 40, ""evaluation_path_pose_count"": 213, ""analytic_attempts"": 51, ""analytic_successes"": 1, ""analytic_failure_count"": 50, ""analytic_candidate_radius_count"": 561, ""analytic_candidate_success_count"": 11, ""analytic_candidate_failure_count"": 550, ""analytic_rs_solve_time_s"": 0.014792634989134967, ""analytic_sample_time_s"": 0.02097743796184659, ""analytic_collision_check_time_s"": 0.06830778415314853, ""analytic_cost_eval_time_s"": 0.000512154190801084, ""analytic_total_time_s"": 0.10950725711882114, ""analytic_sample_count"": 77443, ""analytic_collision_check_count"": 1034, ""planner_remediations"": [""analytic_expansion"", ""analytic_operator:dang_multi_rs""], ""fallback_to_primitives_count"": 50, ""rs_attempts"": 561, ""total_planner_time_s"": 0.3502616882324219, ""timing_protocol"": {""schema_version"": 1, ""adapter"": ""planner_run_from_path_stats"", ""total_time_s"": {""record_field"": ""EvaluationRun.total_time_s / EvaluationRecord.total_time_s"", ""source"": ""stats[\""time\""]"", ""semantics"": ""end_to_end_method_wall_clock_seconds""}, ""planner_time_s"": {""record_field"": ""EvaluationRun.metadata.total_planner_time_s / EvaluationRecord.metadata.total_planner_time_s"", ""source"": ""stats[\""time\""]"", ""available"": true, ""semantics"": ""planner_scoped_wall_clock_seconds"", ""included_components"": [""planner.plan reported wall-clock""]}, ""comparison_rule"": ""Use total_time_s for method comparisons; use metadata.total_planner_time_s only for timing audits and component accounting.""}}"
complex_s01_q0008,ha_dang_multi_rs,Complex,d08_12,False,False,2.5014355182647705,2869,,,,0,,,0,0,0,0,False,,,,dang_multi_rs,699,0,699,,,7689,,699,,,,,,,,,,,,,,,timeout,"{""profile_name"": ""complex_d04"", ""map_seed"": 20370710, ""query_seed"": 20371710, ""analytic_operator"": ""dang_multi_rs"", ""evaluation_path_source"": ""planner_path"", ""planner_path_pose_count"": 0, ""evaluation_path_pose_count"": 0, ""analytic_attempts"": 699, ""analytic_successes"": 0, ""analytic_failure_count"": 699, ""analytic_candidate_radius_count"": 7689, ""analytic_candidate_success_count"": 0, ""analytic_candidate_failure_count"": 7689, ""analytic_rs_solve_time_s"": 0.25602060998789966, ""analytic_sample_time_s"": 0.12961337412707508, ""analytic_collision_check_time_s"": 0.5456727131968364, ""analytic_cost_eval_time_s"": 0.0, ""analytic_total_time_s"": 0.9828442835714668, ""analytic_sample_count"": 384486, ""analytic_collision_check_count"": 14039, ""fallback_to_primitives_count"": 699, ""rs_attempts"": 7689, ""total_planner_time_s"": 2.5014355182647705, ""timing_protocol"": {""schema_version"": 1, ""adapter"": ""planner_run_from_path_stats"", ""total_time_s"": {""record_field"": ""EvaluationRun.total_time_s / EvaluationRecord.total_time_s"", ""source"": ""stats[\""time\""]"", ""semantics"": ""end_to_end_method_wall_clock_seconds""}, ""planner_time_s"": {""record_field"": ""EvaluationRun.metadata.total_planner_time_s / EvaluationRecord.metadata.total_planner_time_s"", ""source"": ""stats[\""time\""]"", ""available"": true, ""semantics"": ""planner_scoped_wall_clock_seconds"", ""included_components"": [""planner.plan reported wall-clock""]}, ""comparison_rule"": ""Use total_time_s for method comparisons; use metadata.total_planner_time_s only for timing audits and component accounting.""}}"
complex_s01_q0009,ha_dang_multi_rs,Complex,d12_16,True,True,0.5333616733551025,568,12.979156387764867,12.974378005236623,0.00036829376532088176,0,0.18136524898612752,0.07654035893419342,0,0,0,0,False,,,,dang_multi_rs,108,1,107,,,1188,,107,,,,,,,,,,,,,,,,"{""profile_name"": ""complex_d02"", ""map_seed"": 20370710, ""query_seed"": 20371711, ""analytic_operator"": ""dang_multi_rs"", ""evaluation_path_source"": ""trace_poses"", ""planner_path_pose_count"": 33, ""evaluation_path_pose_count"": 132, ""analytic_attempts"": 108, ""analytic_successes"": 1, ""analytic_failure_count"": 107, ""analytic_candidate_radius_count"": 1188, ""analytic_candidate_success_count"": 11, ""analytic_candidate_failure_count"": 1177, ""analytic_rs_solve_time_s"": 0.033523598685860634, ""analytic_sample_time_s"": 0.023843439877964556, ""analytic_collision_check_time_s"": 0.0659392763627693, ""analytic_cost_eval_time_s"": 0.0002774809254333377, ""analytic_total_time_s"": 0.13202703988645226, ""analytic_sample_count"": 78955, ""analytic_collision_check_count"": 2211, ""planner_remediations"": [""analytic_expansion"", ""analytic_operator:dang_multi_rs""], ""fallback_to_primitives_count"": 107, ""rs_attempts"": 1188, ""total_planner_time_s"": 0.5333616733551025, ""timing_protocol"": {""schema_version"": 1, ""adapter"": ""planner_run_from_path_stats"", ""total_time_s"": {""record_field"": ""EvaluationRun.total_time_s / EvaluationRecord.total_time_s"", ""source"": ""stats[\""time\""]"", ""semantics"": ""end_to_end_method_wall_clock_seconds""}, ""planner_time_s"": {""record_field"": ""EvaluationRun.metadata.total_planner_time_s / EvaluationRecord.metadata.total_planner_time_s"", ""source"": ""stats[\""time\""]"", ""available"": true, ""semantics"": ""planner_scoped_wall_clock_seconds"", ""included_components"": [""planner.plan reported wall-clock""]}, ""comparison_rule"": ""Use total_time_s for method comparisons; use metadata.total_planner_time_s only for timing audits and component accounting.""}}"
complex_s01_q0010,ha_dang_multi_rs,Complex,d16_20,True,True,0.43482446670532227,340,17.39066026971448,17.357925274059745,0.001885881816973578,0,0.3328289604639614,0.07663046844290422,0,0,0,0,False,,,,dang_multi_rs,73,1,72,,,803,,72,,,,,,,,,,,,,,,,"{""profile_name"": ""complex_d03"", ""map_seed"": 20370710, ""query_seed"": 20371712, ""analytic_operator"": ""dang_multi_rs"", ""evaluation_path_source"": ""trace_poses"", ""planner_path_pose_count"": 49, ""evaluation_path_pose_count"": 177, ""analytic_attempts"": 73, ""analytic_successes"": 1, ""analytic_failure_count"": 72, ""analytic_candidate_radius_count"": 803, ""analytic_candidate_success_count"": 1, ""analytic_candidate_failure_count"": 802, ""analytic_rs_solve_time_s"": 0.027100894367322326, ""analytic_sample_time_s"": 0.017150931409560144, ""analytic_collision_check_time_s"": 0.08177557773888111, ""analytic_cost_eval_time_s"": 2.2962922230362892e-05, ""analytic_total_time_s"": 0.13200618687551469, ""analytic_sample_count"": 52535, ""analytic_collision_check_count"": 1557, ""planner_remediations"": [""analytic_expansion"", ""analytic_operator:dang_multi_rs""], ""fallback_to_primitives_count"": 72, ""rs_attempts"": 803, ""total_planner_time_s"": 0.43482446670532227, ""timing_protocol"": {""schema_version"": 1, ""adapter"": ""planner_run_from_path_stats"", ""total_time_s"": {""record_field"": ""EvaluationRun.total_time_s / EvaluationRecord.total_time_s"", ""source"": ""stats[\""time\""]"", ""semantics"": ""end_to_end_method_wall_clock_seconds""}, ""planner_time_s"": {""record_field"": ""EvaluationRun.metadata.total_planner_time_s / EvaluationRecord.metadata.total_planner_time_s"", ""source"": ""stats[\""time\""]"", ""available"": true, ""semantics"": ""planner_scoped_wall_clock_seconds"", ""included_components"": [""planner.plan reported wall-clock""]}, ""comparison_rule"": ""Use total_time_s for method comparisons; use metadata.total_planner_time_s only for timing audits and component accounting.""}}"
complex_s01_q0011,ha_dang_multi_rs,Complex,d20_inf,False,False,2.500018358230591,3547,,,,0,,,0,0,0,0,False,,,,dang_multi_rs,443,0,443,,,4873,,443,,,,,,,,,,,,,,,timeout,"{""profile_name"": ""complex_d04"", ""map_seed"": 20370710, ""query_seed"": 20371713, ""analytic_operator"": ""dang_multi_rs"", ""evaluation_path_source"": ""planner_path"", ""planner_path_pose_count"": 0, ""evaluation_path_pose_count"": 0, ""analytic_attempts"": 443, ""analytic_successes"": 0, ""analytic_failure_count"": 443, ""analytic_candidate_radius_count"": 4873, ""analytic_candidate_success_count"": 0, ""analytic_candidate_failure_count"": 4873, ""analytic_rs_solve_time_s"": 0.13121327746193856, ""analytic_sample_time_s"": 0.17129212256986648, ""analytic_collision_check_time_s"": 0.5103657137369737, ""analytic_cost_eval_time_s"": 0.0, ""analytic_total_time_s"": 0.8565146846231073, ""analytic_sample_count"": 623365, ""analytic_collision_check_count"": 9430, ""fallback_to_primitives_count"": 443, ""rs_attempts"": 4873, ""total_planner_time_s"": 2.500018358230591, ""timing_protocol"": {""schema_version"": 1, ""adapter"": ""planner_run_from_path_stats"", ""total_time_s"": {""record_field"": ""EvaluationRun.total_time_s / EvaluationRecord.total_time_s"", ""source"": ""stats[\""time\""]"", ""semantics"": ""end_to_end_method_wall_clock_seconds""}, ""planner_time_s"": {""record_field"": ""EvaluationRun.metadata.total_planner_time_s / EvaluationRecord.metadata.total_planner_time_s"", ""source"": ""stats[\""time\""]"", ""available"": true, ""semantics"": ""planner_scoped_wall_clock_seconds"", ""included_components"": [""planner.plan reported wall-clock""]}, ""comparison_rule"": ""Use total_time_s for method comparisons; use metadata.total_planner_time_s only for timing audits and component accounting.""}}"
complex_s01_q0012,ha_dang_multi_rs,Complex,d08_12,False,False,2.5007433891296387,3181,,,,0,,,0,0,0,0,False,,,,dang_multi_rs,615,0,615,,,6765,,615,,,,,,,,,,,,,,,timeout,"{""profile_name"": ""complex_d02"", ""map_seed"": 20370710, ""query_seed"": 20371714, ""analytic_operator"": ""dang_multi_rs"", ""evaluation_path_source"": ""planner_path"", ""planner_path_pose_count"": 0, ""evaluation_path_pose_count"": 0, ""analytic_attempts"": 615, ""analytic_successes"": 0, ""analytic_failure_count"": 615, ""analytic_candidate_radius_count"": 6765, ""analytic_candidate_success_count"": 0, ""analytic_candidate_failure_count"": 6765, ""analytic_rs_solve_time_s"": 0.20903386711142957, ""analytic_sample_time_s"": 0.13197262294124812, ""analytic_collision_check_time_s"": 0.47828945831861347, ""analytic_cost_eval_time_s"": 0.0, ""analytic_total_time_s"": 0.8660355741158128, ""analytic_sample_count"": 391613, ""analytic_collision_check_count"": 12284, ""fallback_to_primitives_count"": 615, ""rs_attempts"": 6765, ""total_planner_time_s"": 2.5007433891296387, ""timing_protocol"": {""schema_version"": 1, ""adapter"": ""planner_run_from_path_stats"", ""total_time_s"": {""record_field"": ""EvaluationRun.total_time_s / EvaluationRecord.total_time_s"", ""source"": ""stats[\""time\""]"", ""semantics"": ""end_to_end_method_wall_clock_seconds""}, ""planner_time_s"": {""record_field"": ""EvaluationRun.metadata.total_planner_time_s / EvaluationRecord.metadata.total_planner_time_s"", ""source"": ""stats[\""time\""]"", ""available"": true, ""semantics"": ""planner_scoped_wall_clock_seconds"", ""included_components"": [""planner.plan reported wall-clock""]}, ""comparison_rule"": ""Use total_time_s for method comparisons; use metadata.total_planner_time_s only for timing audits and component accounting.""}}"
complex_s01_q0013,ha_dang_multi_rs,Complex,d12_16,False,False,2.501530170440674,2343,,,,0,,,0,0,0,0,False,,,,dang_multi_rs,1034,0,1034,,,11374,,1034,,,,,,,,,,,,,,,timeout,"{""profile_name"": ""complex_d03"", ""map_seed"": 20370711, ""query_seed"": 20371711, ""analytic_operator"": ""dang_multi_rs"", ""evaluation_path_source"": ""planner_path"", ""planner_path_pose_count"": 0, ""evaluation_path_pose_count"": 0, ""analytic_attempts"": 1034, ""analytic_successes"": 0, ""analytic_failure_count"": 1034, ""analytic_candidate_radius_count"": 11374, ""analytic_candidate_success_count"": 0, ""analytic_candidate_failure_count"": 11374, ""analytic_rs_solve_time_s"": 0.4079852112336084, ""analytic_sample_time_s"": 0.11468618246726692, ""analytic_collision_check_time_s"": 0.44430937722790986, ""analytic_cost_eval_time_s"": 0.0, ""analytic_total_time_s"": 1.031389786861837, ""analytic_sample_count"": 265342, ""analytic_collision_check_count"": 18800, ""fallback_to_primitives_count"": 1034, ""rs_attempts"": 11374, ""total_planner_time_s"": 2.501530170440674, ""timing_protocol"": {""schema_version"": 1, ""adapter"": ""planner_run_from_path_stats"", ""total_time_s"": {""record_field"": ""EvaluationRun.total_time_s / EvaluationRecord.total_time_s"", ""source"": ""stats[\""time\""]"", ""semantics"": ""end_to_end_method_wall_clock_seconds""}, ""planner_time_s"": {""record_field"": ""EvaluationRun.metadata.total_planner_time_s / EvaluationRecord.metadata.total_planner_time_s"", ""source"": ""stats[\""time\""]"", ""available"": true, ""semantics"": ""planner_scoped_wall_clock_seconds"", ""included_components"": [""planner.plan reported wall-clock""]}, ""comparison_rule"": ""Use total_time_s for method comparisons; use metadata.total_planner_time_s only for timing audits and component accounting.""}}"
complex_s01_q0014,ha_dang_multi_rs,Complex,d16_20,True,True,0.15204453468322754,9,17.507709103831857,17.502296878242422,0.0003092294472597512,0,0.07090677672991383,0.2010040958447803,0,0,0,0,False,,,,dang_multi_rs,2,1,1,,,22,,1,,,,,,,,,,,,,,,,"{""profile_name"": ""complex_d04"", ""map_seed"": 20370711, ""query_seed"": 20371712, ""analytic_operator"": ""dang_multi_rs"", ""evaluation_path_source"": ""trace_poses"", ""planner_path_pose_count"": 10, ""evaluation_path_pose_count"": 178, ""analytic_attempts"": 2, ""analytic_successes"": 1, ""analytic_failure_count"": 1, ""analytic_candidate_radius_count"": 22, ""analytic_candidate_success_count"": 11, ""analytic_candidate_failure_count"": 11, ""analytic_rs_solve_time_s"": 0.0006505678175017238, ""analytic_sample_time_s"": 0.001052404404617846, ""analytic_collision_check_time_s"": 0.006414306000806391, ""analytic_cost_eval_time_s"": 0.0007637640228495002, ""analytic_total_time_s"": 0.009145857067778707, ""analytic_sample_count"": 3715, ""analytic_collision_check_count"": 44, ""planner_remediations"": [""analytic_expansion"", ""analytic_operator:dang_multi_rs""], ""fallback_to_primitives_count"": 1, ""rs_attempts"": 22, ""total_planner_time_s"": 0.15204453468322754, ""timing_protocol"": {""schema_version"": 1, ""adapter"": ""planner_run_from_path_stats"", ""total_time_s"": {""record_field"": ""EvaluationRun.total_time_s / EvaluationRecord.total_time_s"", ""source"": ""stats[\""time\""]"", ""semantics"": ""end_to_end_method_wall_clock_seconds""}, ""planner_time_s"": {""record_field"": ""EvaluationRun.metadata.total_planner_time_s / EvaluationRecord.metadata.total_planner_time_s"", ""source"": ""stats[\""time\""]"", ""available"": true, ""semantics"": ""planner_scoped_wall_clock_seconds"", ""included_components"": [""planner.plan reported wall-clock""]}, ""comparison_rule"": ""Use total_time_s for method comparisons; use metadata.total_planner_time_s only for timing audits and component accounting.""}}"
complex_s01_q0015,ha_dang_multi_rs,Complex,d20_inf,True,True,0.1944119930267334,145,25.633788104228884,25.653998333021775,-0.0007878003471636363,0,0.1465503900090366,0.05313974322805093,0,0,0,0,False,,,,dang_multi_rs,19,1,18,,,209,,18,,,,,,,,,,,,,,,,"{""profile_name"": ""complex_d02"", ""map_seed"": 20370711, ""query_seed"": 20371713, ""analytic_operator"": ""dang_multi_rs"", ""evaluation_path_source"": ""trace_poses"", ""planner_path_pose_count"": 35, ""evaluation_path_pose_count"": 259, ""analytic_attempts"": 19, ""analytic_successes"": 1, ""analytic_failure_count"": 18, ""analytic_candidate_radius_count"": 209, ""analytic_candidate_success_count"": 1, ""analytic_candidate_failure_count"": 208, ""analytic_rs_solve_time_s"": 0.005564732360653579, ""analytic_sample_time_s"": 0.007220244267955422, ""analytic_collision_check_time_s"": 0.013400100404396653, ""analytic_cost_eval_time_s"": 8.880405221134424e-05, ""analytic_total_time_s"": 0.02795816888101399, ""analytic_sample_count"": 27616, ""analytic_collision_check_count"": 331, ""planner_remediations"": [""analytic_expansion"", ""analytic_operator:dang_multi_rs""], ""fallback_to_primitives_count"": 18, ""rs_attempts"": 209, ""total_planner_time_s"": 0.1944119930267334, ""timing_protocol"": {""schema_version"": 1, ""adapter"": ""planner_run_from_path_stats"", ""total_time_s"": {""record_field"": ""EvaluationRun.total_time_s / EvaluationRecord.total_time_s"", ""source"": ""stats[\""time\""]"", ""semantics"": ""end_to_end_method_wall_clock_seconds""}, ""planner_time_s"": {""record_field"": ""EvaluationRun.metadata.total_planner_time_s / EvaluationRecord.metadata.total_planner_time_s"", ""source"": ""stats[\""time\""]"", ""available"": true, ""semantics"": ""planner_scoped_wall_clock_seconds"", ""included_components"": [""planner.plan reported wall-clock""]}, ""comparison_rule"": ""Use total_time_s for method comparisons; use metadata.total_planner_time_s only for timing audits and component accounting.""}}"
complex_s02_q0016,ha_dang_multi_rs,Complex,d08_12,True,True,0.14766359329223633,1,10.756393447619887,10.756393447619887,0.0,0,0.0,0.5986142560737024,0,0,0,0,False,,,,dang_multi_rs,1,1,0,,,11,,0,,,,,,,,,,,,,,,,"{""profile_name"": ""complex_d03"", ""map_seed"": 20380710, ""query_seed"": 20381710, ""analytic_operator"": ""dang_multi_rs"", ""evaluation_path_source"": ""trace_poses"", ""planner_path_pose_count"": 2, ""evaluation_path_pose_count"": 109, ""analytic_attempts"": 1, ""analytic_successes"": 1, ""analytic_failure_count"": 0, ""analytic_candidate_radius_count"": 11, ""analytic_candidate_success_count"": 11, ""analytic_candidate_failure_count"": 0, ""analytic_rs_solve_time_s"": 0.0003256819909438491, ""analytic_sample_time_s"": 0.0003377459943294525, ""analytic_collision_check_time_s"": 0.0034751829225569963, ""analytic_cost_eval_time_s"": 0.0029143821448087692, ""analytic_total_time_s"": 0.007184030953794718, ""analytic_sample_count"": 1199, ""analytic_collision_check_count"": 11, ""planner_remediations"": [""analytic_expansion"", ""analytic_operator:dang_multi_rs""], ""fallback_to_primitives_count"": 0, ""rs_attempts"": 11, ""total_planner_time_s"": 0.14766359329223633, ""timing_protocol"": {""schema_version"": 1, ""adapter"": ""planner_run_from_path_stats"", ""total_time_s"": {""record_field"": ""EvaluationRun.total_time_s / EvaluationRecord.total_time_s"", ""source"": ""stats[\""time\""]"", ""semantics"": ""end_to_end_method_wall_clock_seconds""}, ""planner_time_s"": {""record_field"": ""EvaluationRun.metadata.total_planner_time_s / EvaluationRecord.metadata.total_planner_time_s"", ""source"": ""stats[\""time\""]"", ""available"": true, ""semantics"": ""planner_scoped_wall_clock_seconds"", ""included_components"": [""planner.plan reported wall-clock""]}, ""comparison_rule"": ""Use total_time_s for method comparisons; use metadata.total_planner_time_s only for timing audits and component accounting.""}}"
complex_s02_q0017,ha_dang_multi_rs,Complex,d12_16,False,False,2.500869035720825,3985,,,,0,,,0,0,0,0,False,,,,dang_multi_rs,502,0,502,,,5522,,502,,,,,,,,,,,,,,,timeout,"{""profile_name"": ""complex_d04"", ""map_seed"": 20380710, ""query_seed"": 20381711, ""analytic_operator"": ""dang_multi_rs"", ""evaluation_path_source"": ""planner_path"", ""planner_path_pose_count"": 0, ""evaluation_path_pose_count"": 0, ""analytic_attempts"": 502, ""analytic_successes"": 0, ""analytic_failure_count"": 502, ""analytic_candidate_radius_count"": 5522, ""analytic_candidate_success_count"": 0, ""analytic_candidate_failure_count"": 5522, ""analytic_rs_solve_time_s"": 0.14561201049946249, ""analytic_sample_time_s"": 0.1319984997389838, ""analytic_collision_check_time_s"": 0.2457877666456625, ""analytic_cost_eval_time_s"": 0.0, ""analytic_total_time_s"": 0.5632630753098056, ""analytic_sample_count"": 406510, ""analytic_collision_check_count"": 9267, ""fallback_to_primitives_count"": 502, ""rs_attempts"": 5522, ""total_planner_time_s"": 2.500869035720825, ""timing_protocol"": {""schema_version"": 1, ""adapter"": ""planner_run_from_path_stats"", ""total_time_s"": {""record_field"": ""EvaluationRun.total_time_s / EvaluationRecord.total_time_s"", ""source"": ""stats[\""time\""]"", ""semantics"": ""end_to_end_method_wall_clock_seconds""}, ""planner_time_s"": {""record_field"": ""EvaluationRun.metadata.total_planner_time_s / EvaluationRecord.metadata.total_planner_time_s"", ""source"": ""stats[\""time\""]"", ""available"": true, ""semantics"": ""planner_scoped_wall_clock_seconds"", ""included_components"": [""planner.plan reported wall-clock""]}, ""comparison_rule"": ""Use total_time_s for method comparisons; use metadata.total_planner_time_s only for timing audits and component accounting.""}}"
complex_s02_q0018,ha_dang_multi_rs,Complex,d16_20,True,True,0.20150017738342285,89,17.15514681724999,17.154937443355042,1.2204876621568772e-05,0,0.11838732227013783,0.20720840371489369,0,0,0,0,False,,,,dang_multi_rs,12,1,11,,,132,,11,,,,,,,,,,,,,,,,"{""profile_name"": ""complex_d02"", ""map_seed"": 20380710, ""query_seed"": 20381712, ""analytic_operator"": ""dang_multi_rs"", ""evaluation_path_source"": ""trace_poses"", ""planner_path_pose_count"": 24, ""evaluation_path_pose_count"": 174, ""analytic_attempts"": 12, ""analytic_successes"": 1, ""analytic_failure_count"": 11, ""analytic_candidate_radius_count"": 132, ""analytic_candidate_success_count"": 11, ""analytic_candidate_failure_count"": 121, ""analytic_rs_solve_time_s"": 0.003476710058748722, ""analytic_sample_time_s"": 0.005217503174208105, ""analytic_collision_check_time_s"": 0.013315658899955451, ""analytic_cost_eval_time_s"": 0.0005580689758062363, ""analytic_total_time_s"": 0.02381255093496293, ""analytic_sample_count"": 18435, ""analytic_collision_check_count"": 263, ""planner_remediations"": [""analytic_expansion"", ""analytic_operator:dang_multi_rs""], ""fallback_to_primitives_count"": 11, ""rs_attempts"": 132, ""total_planner_time_s"": 0.20150017738342285, ""timing_protocol"": {""schema_version"": 1, ""adapter"": ""planner_run_from_path_stats"", ""total_time_s"": {""record_field"": ""EvaluationRun.total_time_s / EvaluationRecord.total_time_s"", ""source"": ""stats[\""time\""]"", ""semantics"": ""end_to_end_method_wall_clock_seconds""}, ""planner_time_s"": {""record_field"": ""EvaluationRun.metadata.total_planner_time_s / EvaluationRecord.metadata.total_planner_time_s"", ""source"": ""stats[\""time\""]"", ""available"": true, ""semantics"": ""planner_scoped_wall_clock_seconds"", ""included_components"": [""planner.plan reported wall-clock""]}, ""comparison_rule"": ""Use total_time_s for method comparisons; use metadata.total_planner_time_s only for timing audits and component accounting.""}}"
complex_s02_q0019,ha_dang_multi_rs,Complex,d20_inf,True,True,0.3370492458343506,277,21.261052019132137,21.245528397664472,0.0007306771183610561,0,0.2634266468543917,0.06457155159886085,0,0,0,0,False,,,,dang_multi_rs,40,1,39,,,440,,39,,,,,,,,,,,,,,,,"{""profile_name"": ""complex_d03"", ""map_seed"": 20380710, ""query_seed"": 20381713, ""analytic_operator"": ""dang_multi_rs"", ""evaluation_path_source"": ""trace_poses"", ""planner_path_pose_count"": 63, ""evaluation_path_pose_count"": 215, ""analytic_attempts"": 40, ""analytic_successes"": 1, ""analytic_failure_count"": 39, ""analytic_candidate_radius_count"": 440, ""analytic_candidate_success_count"": 11, ""analytic_candidate_failure_count"": 429, ""analytic_rs_solve_time_s"": 0.012244916637428105, ""analytic_sample_time_s"": 0.013048488297499716, ""analytic_collision_check_time_s"": 0.06251739885192364, ""analytic_cost_eval_time_s"": 0.0002045850269496441, ""analytic_total_time_s"": 0.09150786080863327, ""analytic_sample_count"": 46237, ""analytic_collision_check_count"": 818, ""planner_remediations"": [""analytic_expansion"", ""analytic_operator:dang_multi_rs""], ""fallback_to_primitives_count"": 39, ""rs_attempts"": 440, ""total_planner_time_s"": 0.3370492458343506, ""timing_protocol"": {""schema_version"": 1, ""adapter"": ""planner_run_from_path_stats"", ""total_time_s"": {""record_field"": ""EvaluationRun.total_time_s / EvaluationRecord.total_time_s"", ""source"": ""stats[\""time\""]"", ""semantics"": ""end_to_end_method_wall_clock_seconds""}, ""planner_time_s"": {""record_field"": ""EvaluationRun.metadata.total_planner_time_s / EvaluationRecord.metadata.total_planner_time_s"", ""source"": ""stats[\""time\""]"", ""available"": true, ""semantics"": ""planner_scoped_wall_clock_seconds"", ""included_components"": [""planner.plan reported wall-clock""]}, ""comparison_rule"": ""Use total_time_s for method comparisons; use metadata.total_planner_time_s only for timing audits and component accounting.""}}"
complex_s02_q0020,ha_dang_multi_rs,Complex,d08_12,True,True,0.1697859764099121,29,8.370365953447765,8.284432408309568,0.01037289471418723,0,0.3337895822805605,0.13513454884012455,0,0,0,0,False,,,,dang_multi_rs,6,1,5,,,66,,5,,,,,,,,,,,,,,,,"{""profile_name"": ""complex_d04"", ""map_seed"": 20380710, ""query_seed"": 20381714, ""analytic_operator"": ""dang_multi_rs"", ""evaluation_path_source"": ""trace_poses"", ""planner_path_pose_count"": 14, ""evaluation_path_pose_count"": 86, ""analytic_attempts"": 6, ""analytic_successes"": 1, ""analytic_failure_count"": 5, ""analytic_candidate_radius_count"": 66, ""analytic_candidate_success_count"": 3, ""analytic_candidate_failure_count"": 63, ""analytic_rs_solve_time_s"": 0.001966918120160699, ""analytic_sample_time_s"": 0.0013861884362995625, ""analytic_collision_check_time_s"": 0.00542393687646836, ""analytic_cost_eval_time_s"": 8.51720105856657e-05, ""analytic_total_time_s"": 0.00935307377949357, ""analytic_sample_count"": 4391, ""analytic_collision_check_count"": 120, ""planner_remediations"": [""analytic_expansion"", ""analytic_operator:dang_multi_rs""], ""fallback_to_primitives_count"": 5, ""rs_attempts"": 66, ""total_planner_time_s"": 0.1697859764099121, ""timing_protocol"": {""schema_version"": 1, ""adapter"": ""planner_run_from_path_stats"", ""total_time_s"": {""record_field"": ""EvaluationRun.total_time_s / EvaluationRecord.total_time_s"", ""source"": ""stats[\""time\""]"", ""semantics"": ""end_to_end_method_wall_clock_seconds""}, ""planner_time_s"": {""record_field"": ""EvaluationRun.metadata.total_planner_time_s / EvaluationRecord.metadata.total_planner_time_s"", ""source"": ""stats[\""time\""]"", ""available"": true, ""semantics"": ""planner_scoped_wall_clock_seconds"", ""included_components"": [""planner.plan reported wall-clock""]}, ""comparison_rule"": ""Use total_time_s for method comparisons; use metadata.total_planner_time_s only for timing audits and component accounting.""}}"
complex_s02_q0021,ha_dang_multi_rs,Complex,d12_16,True,True,0.38836002349853516,427,12.57102471539127,12.615591522570174,-0.0035326767753356414,0,0.16548805391924973,0.06381082085865541,0,0,0,0,False,,,,dang_multi_rs,61,1,60,,,671,,60,,,,,,,,,,,,,,,,"{""profile_name"": ""complex_d02"", ""map_seed"": 20380711, ""query_seed"": 20381711, ""analytic_operator"": ""dang_multi_rs"", ""evaluation_path_source"": ""trace_poses"", ""planner_path_pose_count"": 20, ""evaluation_path_pose_count"": 129, ""analytic_attempts"": 61, ""analytic_successes"": 1, ""analytic_failure_count"": 60, ""analytic_candidate_radius_count"": 671, ""analytic_candidate_success_count"": 7, ""analytic_candidate_failure_count"": 664, ""analytic_rs_solve_time_s"": 0.01734320109244436, ""analytic_sample_time_s"": 0.01072974526323378, ""analytic_collision_check_time_s"": 0.02478597976732999, ""analytic_cost_eval_time_s"": 0.0002600040752440691, ""analytic_total_time_s"": 0.05726097116712481, ""analytic_sample_count"": 33469, ""analytic_collision_check_count"": 976, ""planner_remediations"": [""analytic_expansion"", ""analytic_operator:dang_multi_rs""], ""fallback_to_primitives_count"": 60, ""rs_attempts"": 671, ""total_planner_time_s"": 0.38836002349853516, ""timing_protocol"": {""schema_version"": 1, ""adapter"": ""planner_run_from_path_stats"", ""total_time_s"": {""record_field"": ""EvaluationRun.total_time_s / EvaluationRecord.total_time_s"", ""source"": ""stats[\""time\""]"", ""semantics"": ""end_to_end_method_wall_clock_seconds""}, ""planner_time_s"": {""record_field"": ""EvaluationRun.metadata.total_planner_time_s / EvaluationRecord.metadata.total_planner_time_s"", ""source"": ""stats[\""time\""]"", ""available"": true, ""semantics"": ""planner_scoped_wall_clock_seconds"", ""included_components"": [""planner.plan reported wall-clock""]}, ""comparison_rule"": ""Use total_time_s for method comparisons; use metadata.total_planner_time_s only for timing audits and component accounting.""}}"
complex_s02_q0022,ha_dang_multi_rs,Complex,d16_20,True,True,0.17439866065979004,49,19.613960095997065,19.55998887906433,0.002759266238157254,0,0.14436610864653493,0.0720984724349435,0,0,0,0,False,,,,dang_multi_rs,7,1,6,,,77,,6,,,,,,,,,,,,,,,,"{""profile_name"": ""complex_d03"", ""map_seed"": 20380711, ""query_seed"": 20381712, ""analytic_operator"": ""dang_multi_rs"", ""evaluation_path_source"": ""trace_poses"", ""planner_path_pose_count"": 23, ""evaluation_path_pose_count"": 200, ""analytic_attempts"": 7, ""analytic_successes"": 1, ""analytic_failure_count"": 6, ""analytic_candidate_radius_count"": 77, ""analytic_candidate_success_count"": 11, ""analytic_candidate_failure_count"": 66, ""analytic_rs_solve_time_s"": 0.0021873153746128082, ""analytic_sample_time_s"": 0.0034519494511187077, ""analytic_collision_check_time_s"": 0.011224377783946693, ""analytic_cost_eval_time_s"": 0.0007239461410790682, ""analytic_total_time_s"": 0.018397304113022983, ""analytic_sample_count"": 12744, ""analytic_collision_check_count"": 152, ""planner_remediations"": [""analytic_expansion"", ""analytic_operator:dang_multi_rs""], ""fallback_to_primitives_count"": 6, ""rs_attempts"": 77, ""total_planner_time_s"": 0.17439866065979004, ""timing_protocol"": {""schema_version"": 1, ""adapter"": ""planner_run_from_path_stats"", ""total_time_s"": {""record_field"": ""EvaluationRun.total_time_s / EvaluationRecord.total_time_s"", ""source"": ""stats[\""time\""]"", ""semantics"": ""end_to_end_method_wall_clock_seconds""}, ""planner_time_s"": {""record_field"": ""EvaluationRun.metadata.total_planner_time_s / EvaluationRecord.metadata.total_planner_time_s"", ""source"": ""stats[\""time\""]"", ""available"": true, ""semantics"": ""planner_scoped_wall_clock_seconds"", ""included_components"": [""planner.plan reported wall-clock""]}, ""comparison_rule"": ""Use total_time_s for method comparisons; use metadata.total_planner_time_s only for timing audits and component accounting.""}}"
complex_s02_q0023,ha_dang_multi_rs,Complex,d20_inf,False,False,2.501936674118042,3907,,,,0,,,0,0,0,0,False,,,,dang_multi_rs,491,0,491,,,5401,,491,,,,,,,,,,,,,,,timeout,"{""profile_name"": ""complex_d04"", ""map_seed"": 20380711, ""query_seed"": 20381713, ""analytic_operator"": ""dang_multi_rs"", ""evaluation_path_source"": ""planner_path"", ""planner_path_pose_count"": 0, ""evaluation_path_pose_count"": 0, ""analytic_attempts"": 491, ""analytic_successes"": 0, ""analytic_failure_count"": 491, ""analytic_candidate_radius_count"": 5401, ""analytic_candidate_success_count"": 0, ""analytic_candidate_failure_count"": 5401, ""analytic_rs_solve_time_s"": 0.1430098005803302, ""analytic_sample_time_s"": 0.20477851096075028, ""analytic_collision_check_time_s"": 0.6439917720854282, ""analytic_cost_eval_time_s"": 0.0, ""analytic_total_time_s"": 1.0408796714618802, ""analytic_sample_count"": 750006, ""analytic_collision_check_count"": 10347, ""fallback_to_primitives_count"": 491, ""rs_attempts"": 5401, ""total_planner_time_s"": 2.501936674118042, ""timing_protocol"": {""schema_version"": 1, ""adapter"": ""planner_run_from_path_stats"", ""total_time_s"": {""record_field"": ""EvaluationRun.total_time_s / EvaluationRecord.total_time_s"", ""source"": ""stats[\""time\""]"", ""semantics"": ""end_to_end_method_wall_clock_seconds""}, ""planner_time_s"": {""record_field"": ""EvaluationRun.metadata.total_planner_time_s / EvaluationRecord.metadata.total_planner_time_s"", ""source"": ""stats[\""time\""]"", ""available"": true, ""semantics"": ""planner_scoped_wall_clock_seconds"", ""included_components"": [""planner.plan reported wall-clock""]}, ""comparison_rule"": ""Use total_time_s for method comparisons; use metadata.total_planner_time_s only for timing audits and component accounting.""}}"
complex_s03_q0024,ha_dang_multi_rs,Complex,d08_12,True,True,0.1504218578338623,7,8.090469135692077,8.16527431356085,-0.009161379642143475,0,0.08601465963552997,0.09940874384038578,0,0,0,0,False,,,,dang_multi_rs,2,1,1,,,22,,1,,,,,,,,,,,,,,,,"{""profile_name"": ""complex_d02"", ""map_seed"": 20390710, ""query_seed"": 20391710, ""analytic_operator"": ""dang_multi_rs"", ""evaluation_path_source"": ""trace_poses"", ""planner_path_pose_count"": 7, ""evaluation_path_pose_count"": 82, ""analytic_attempts"": 2, ""analytic_successes"": 1, ""analytic_failure_count"": 1, ""analytic_candidate_radius_count"": 22, ""analytic_candidate_success_count"": 5, ""analytic_candidate_failure_count"": 17, ""analytic_rs_solve_time_s"": 0.0006103052292019129, ""analytic_sample_time_s"": 0.0005083371652290225, ""analytic_collision_check_time_s"": 0.003061832278035581, ""analytic_cost_eval_time_s"": 0.00016746192704886198, ""analytic_total_time_s"": 0.0045293038710951805, ""analytic_sample_count"": 1728, ""analytic_collision_check_count"": 38, ""planner_remediations"": [""analytic_expansion"", ""analytic_operator:dang_multi_rs""], ""fallback_to_primitives_count"": 1, ""rs_attempts"": 22, ""total_planner_time_s"": 0.1504218578338623, ""timing_protocol"": {""schema_version"": 1, ""adapter"": ""planner_run_from_path_stats"", ""total_time_s"": {""record_field"": ""EvaluationRun.total_time_s / EvaluationRecord.total_time_s"", ""source"": ""stats[\""time\""]"", ""semantics"": ""end_to_end_method_wall_clock_seconds""}, ""planner_time_s"": {""record_field"": ""EvaluationRun.metadata.total_planner_time_s / EvaluationRecord.metadata.total_planner_time_s"", ""source"": ""stats[\""time\""]"", ""available"": true, ""semantics"": ""planner_scoped_wall_clock_seconds"", ""included_components"": [""planner.plan reported wall-clock""]}, ""comparison_rule"": ""Use total_time_s for method comparisons; use metadata.total_planner_time_s only for timing audits and component accounting.""}}"
complex_s03_q0025,ha_dang_multi_rs,Complex,d12_16,True,True,0.17351102828979492,41,14.932318898028438,14.774200485985029,0.010702332907516876,0,0.15520928285058358,0.22557633810003364,0,0,0,0,False,,,,dang_multi_rs,6,1,5,,,66,,5,,,,,,,,,,,,,,,,"{""profile_name"": ""complex_d03"", ""map_seed"": 20390710, ""query_seed"": 20391711, ""analytic_operator"": ""dang_multi_rs"", ""evaluation_path_source"": ""trace_poses"", ""planner_path_pose_count"": 12, ""evaluation_path_pose_count"": 152, ""analytic_attempts"": 6, ""analytic_successes"": 1, ""analytic_failure_count"": 5, ""analytic_candidate_radius_count"": 66, ""analytic_candidate_success_count"": 11, ""analytic_candidate_failure_count"": 55, ""analytic_rs_solve_time_s"": 0.001743371831253171, ""analytic_sample_time_s"": 0.002039829734712839, ""analytic_collision_check_time_s"": 0.009887045598588884, ""analytic_cost_eval_time_s"": 0.0006080952007323503, ""analytic_total_time_s"": 0.014854354201816022, ""analytic_sample_count"": 7515, ""analytic_collision_check_count"": 123, ""planner_remediations"": [""analytic_expansion"", ""analytic_operator:dang_multi_rs""], ""fallback_to_primitives_count"": 5, ""rs_attempts"": 66, ""total_planner_time_s"": 0.17351102828979492, ""timing_protocol"": {""schema_version"": 1, ""adapter"": ""planner_run_from_path_stats"", ""total_time_s"": {""record_field"": ""EvaluationRun.total_time_s / EvaluationRecord.total_time_s"", ""source"": ""stats[\""time\""]"", ""semantics"": ""end_to_end_method_wall_clock_seconds""}, ""planner_time_s"": {""record_field"": ""EvaluationRun.metadata.total_planner_time_s / EvaluationRecord.metadata.total_planner_time_s"", ""source"": ""stats[\""time\""]"", ""available"": true, ""semantics"": ""planner_scoped_wall_clock_seconds"", ""included_components"": [""planner.plan reported wall-clock""]}, ""comparison_rule"": ""Use total_time_s for method comparisons; use metadata.total_planner_time_s only for timing audits and component accounting.""}}"
complex_s03_q0026,ha_dang_multi_rs,Complex,d16_20,True,True,2.4066102504730225,3416,16.86777485493215,16.86688025719791,5.303871970396834e-05,0,0.22711661305611533,0.06700943578560814,0,0,0,0,False,,,,dang_multi_rs,440,1,439,,,4840,,439,,,,,,,,,,,,,,,,"{""profile_name"": ""complex_d04"", ""map_seed"": 20390710, ""query_seed"": 20391712, ""analytic_operator"": ""dang_multi_rs"", ""evaluation_path_source"": ""trace_poses"", ""planner_path_pose_count"": 38, ""evaluation_path_pose_count"": 171, ""analytic_attempts"": 440, ""analytic_successes"": 1, ""analytic_failure_count"": 439, ""analytic_candidate_radius_count"": 4840, ""analytic_candidate_success_count"": 11, ""analytic_candidate_failure_count"": 4829, ""analytic_rs_solve_time_s"": 0.12769585836213082, ""analytic_sample_time_s"": 0.13451376603916287, ""analytic_collision_check_time_s"": 0.36471202003303915, ""analytic_cost_eval_time_s"": 0.00037451868411153555, ""analytic_total_time_s"": 0.6652618350926787, ""analytic_sample_count"": 435522, ""analytic_collision_check_count"": 8687, ""planner_remediations"": [""analytic_expansion"", ""analytic_operator:dang_multi_rs""], ""fallback_to_primitives_count"": 439, ""rs_attempts"": 4840, ""total_planner_time_s"": 2.4066102504730225, ""timing_protocol"": {""schema_version"": 1, ""adapter"": ""planner_run_from_path_stats"", ""total_time_s"": {""record_field"": ""EvaluationRun.total_time_s / EvaluationRecord.total_time_s"", ""source"": ""stats[\""time\""]"", ""semantics"": ""end_to_end_method_wall_clock_seconds""}, ""planner_time_s"": {""record_field"": ""EvaluationRun.metadata.total_planner_time_s / EvaluationRecord.metadata.total_planner_time_s"", ""source"": ""stats[\""time\""]"", ""available"": true, ""semantics"": ""planner_scoped_wall_clock_seconds"", ""included_components"": [""planner.plan reported wall-clock""]}, ""comparison_rule"": ""Use total_time_s for method comparisons; use metadata.total_planner_time_s only for timing audits and component accounting.""}}"
complex_s03_q0027,ha_dang_multi_rs,Complex,d20_inf,False,False,2.5012760162353516,3161,,,,0,,,0,0,0,0,False,,,,dang_multi_rs,477,0,477,,,5247,,477,,,,,,,,,,,,,,,timeout,"{""profile_name"": ""complex_d02"", ""map_seed"": 20390710, ""query_seed"": 20391713, ""analytic_operator"": ""dang_multi_rs"", ""evaluation_path_source"": ""planner_path"", ""planner_path_pose_count"": 0, ""evaluation_path_pose_count"": 0, ""analytic_attempts"": 477, ""analytic_successes"": 0, ""analytic_failure_count"": 477, ""analytic_candidate_radius_count"": 5247, ""analytic_candidate_success_count"": 0, ""analytic_candidate_failure_count"": 5247, ""analytic_rs_solve_time_s"": 0.14931125403381884, ""analytic_sample_time_s"": 0.14881526061799377, ""analytic_collision_check_time_s"": 0.7628993398975581, ""analytic_cost_eval_time_s"": 0.0, ""analytic_total_time_s"": 1.1026582387275994, ""analytic_sample_count"": 523122, ""analytic_collision_check_count"": 9882, ""fallback_to_primitives_count"": 477, ""rs_attempts"": 5247, ""total_planner_time_s"": 2.5012760162353516, ""timing_protocol"": {""schema_version"": 1, ""adapter"": ""planner_run_from_path_stats"", ""total_time_s"": {""record_field"": ""EvaluationRun.total_time_s / EvaluationRecord.total_time_s"", ""source"": ""stats[\""time\""]"", ""semantics"": ""end_to_end_method_wall_clock_seconds""}, ""planner_time_s"": {""record_field"": ""EvaluationRun.metadata.total_planner_time_s / EvaluationRecord.metadata.total_planner_time_s"", ""source"": ""stats[\""time\""]"", ""available"": true, ""semantics"": ""planner_scoped_wall_clock_seconds"", ""included_components"": [""planner.plan reported wall-clock""]}, ""comparison_rule"": ""Use total_time_s for method comparisons; use metadata.total_planner_time_s only for timing audits and component accounting.""}}"
complex_s03_q0028,ha_dang_multi_rs,Complex,d08_12,True,True,0.4873631000518799,496,10.903343648620462,10.873801171785729,0.0027168490915014942,0,0.193200729425053,0.14466799719381174,0,0,0,0,False,,,,dang_multi_rs,90,1,89,,,990,,89,,,,,,,,,,,,,,,,"{""profile_name"": ""complex_d03"", ""map_seed"": 20390710, ""query_seed"": 20391714, ""analytic_operator"": ""dang_multi_rs"", ""evaluation_path_source"": ""trace_poses"", ""planner_path_pose_count"": 20, ""evaluation_path_pose_count"": 112, ""analytic_attempts"": 90, ""analytic_successes"": 1, ""analytic_failure_count"": 89, ""analytic_candidate_radius_count"": 990, ""analytic_candidate_success_count"": 3, ""analytic_candidate_failure_count"": 987, ""analytic_rs_solve_time_s"": 0.02885498176328838, ""analytic_sample_time_s"": 0.018982904497534037, ""analytic_collision_check_time_s"": 0.05623082327656448, ""analytic_cost_eval_time_s"": 9.835197124630213e-05, ""analytic_total_time_s"": 0.11111228575464338, ""analytic_sample_count"": 61160, ""analytic_collision_check_count"": 1790, ""planner_remediations"": [""analytic_expansion"", ""analytic_operator:dang_multi_rs""], ""fallback_to_primitives_count"": 89, ""rs_attempts"": 990, ""total_planner_time_s"": 0.4873631000518799, ""timing_protocol"": {""schema_version"": 1, ""adapter"": ""planner_run_from_path_stats"", ""total_time_s"": {""record_field"": ""EvaluationRun.total_time_s / EvaluationRecord.total_time_s"", ""source"": ""stats[\""time\""]"", ""semantics"": ""end_to_end_method_wall_clock_seconds""}, ""planner_time_s"": {""record_field"": ""EvaluationRun.metadata.total_planner_time_s / EvaluationRecord.metadata.total_planner_time_s"", ""source"": ""stats[\""time\""]"", ""available"": true, ""semantics"": ""planner_scoped_wall_clock_seconds"", ""included_components"": [""planner.plan reported wall-clock""]}, ""comparison_rule"": ""Use total_time_s for method comparisons; use metadata.total_planner_time_s only for timing audits and component accounting.""}}"
complex_s03_q0029,ha_dang_multi_rs,Complex,d12_16,True,True,0.2216322422027588,121,14.62743180079076,14.53721014007113,0.00620625689869736,0,0.3223711018008792,0.07076506513350678,0,0,0,0,False,,,,dang_multi_rs,16,1,15,,,176,,15,,,,,,,,,,,,,,,,"{""profile_name"": ""complex_d04"", ""map_seed"": 20390711, ""query_seed"": 20391711, ""analytic_operator"": ""dang_multi_rs"", ""evaluation_path_source"": ""trace_poses"", ""planner_path_pose_count"": 29, ""evaluation_path_pose_count"": 149, ""analytic_attempts"": 16, ""analytic_successes"": 1, ""analytic_failure_count"": 15, ""analytic_candidate_radius_count"": 176, ""analytic_candidate_success_count"": 7, ""analytic_candidate_failure_count"": 169, ""analytic_rs_solve_time_s"": 0.004602208733558655, ""analytic_sample_time_s"": 0.004121594945900142, ""analytic_collision_check_time_s"": 0.014487028820440173, ""analytic_cost_eval_time_s"": 0.0002350598806515336, ""analytic_total_time_s"": 0.02473806100897491, ""analytic_sample_count"": 14171, ""analytic_collision_check_count"": 311, ""planner_remediations"": [""analytic_expansion"", ""analytic_operator:dang_multi_rs""], ""fallback_to_primitives_count"": 15, ""rs_attempts"": 176, ""total_planner_time_s"": 0.2216322422027588, ""timing_protocol"": {""schema_version"": 1, ""adapter"": ""planner_run_from_path_stats"", ""total_time_s"": {""record_field"": ""EvaluationRun.total_time_s / EvaluationRecord.total_time_s"", ""source"": ""stats[\""time\""]"", ""semantics"": ""end_to_end_method_wall_clock_seconds""}, ""planner_time_s"": {""record_field"": ""EvaluationRun.metadata.total_planner_time_s / EvaluationRecord.metadata.total_planner_time_s"", ""source"": ""stats[\""time\""]"", ""available"": true, ""semantics"": ""planner_scoped_wall_clock_seconds"", ""included_components"": [""planner.plan reported wall-clock""]}, ""comparison_rule"": ""Use total_time_s for method comparisons; use metadata.total_planner_time_s only for timing audits and component accounting.""}}"
complex_s03_q0030,ha_dang_multi_rs,Complex,d16_20,True,True,0.2308816909790039,217,17.09557473133201,17.03968435442728,0.0032800124545857567,1,0.11483242792904054,0.0731556919133578,0,0,0,0,False,,,,dang_multi_rs,28,1,27,,,308,,27,,,,,,,,,,,,,,,,"{""profile_name"": ""complex_d02"", ""map_seed"": 20390711, ""query_seed"": 20391712, ""analytic_operator"": ""dang_multi_rs"", ""evaluation_path_source"": ""trace_poses"", ""planner_path_pose_count"": 8, ""evaluation_path_pose_count"": 173, ""analytic_attempts"": 28, ""analytic_successes"": 1, ""analytic_failure_count"": 27, ""analytic_candidate_radius_count"": 308, ""analytic_candidate_success_count"": 1, ""analytic_candidate_failure_count"": 307, ""analytic_rs_solve_time_s"": 0.008913554134778678, ""analytic_sample_time_s"": 0.013116426998749375, ""analytic_collision_check_time_s"": 0.018462584586814046, ""analytic_cost_eval_time_s"": 7.551792077720165e-05, ""analytic_total_time_s"": 0.04351831343956292, ""analytic_sample_count"": 46833, ""analytic_collision_check_count"": 567, ""planner_remediations"": [""analytic_expansion"", ""analytic_operator:dang_multi_rs""], ""fallback_to_primitives_count"": 27, ""rs_attempts"": 308, ""total_planner_time_s"": 0.2308816909790039, ""timing_protocol"": {""schema_version"": 1, ""adapter"": ""planner_run_from_path_stats"", ""total_time_s"": {""record_field"": ""EvaluationRun.total_time_s / EvaluationRecord.total_time_s"", ""source"": ""stats[\""time\""]"", ""semantics"": ""end_to_end_method_wall_clock_seconds""}, ""planner_time_s"": {""record_field"": ""EvaluationRun.metadata.total_planner_time_s / EvaluationRecord.metadata.total_planner_time_s"", ""source"": ""stats[\""time\""]"", ""available"": true, ""semantics"": ""planner_scoped_wall_clock_seconds"", ""included_components"": [""planner.plan reported wall-clock""]}, ""comparison_rule"": ""Use total_time_s for method comparisons; use metadata.total_planner_time_s only for timing audits and component accounting.""}}"
complex_s03_q0031,ha_dang_multi_rs,Complex,d20_inf,True,True,0.2716188430786133,193,21.165930983527648,21.121586686790607,0.0020994775342693117,0,0.24319320026912636,0.07141134993899456,0,0,0,0,False,,,,dang_multi_rs,27,1,26,,,297,,26,,,,,,,,,,,,,,,,"{""profile_name"": ""complex_d03"", ""map_seed"": 20390711, ""query_seed"": 20391713, ""analytic_operator"": ""dang_multi_rs"", ""evaluation_path_source"": ""trace_poses"", ""planner_path_pose_count"": 51, ""evaluation_path_pose_count"": 214, ""analytic_attempts"": 27, ""analytic_successes"": 1, ""analytic_failure_count"": 26, ""analytic_candidate_radius_count"": 297, ""analytic_candidate_success_count"": 11, ""analytic_candidate_failure_count"": 286, ""analytic_rs_solve_time_s"": 0.007971921120770276, ""analytic_sample_time_s"": 0.009478554595261812, ""analytic_collision_check_time_s"": 0.027927084360271692, ""analytic_cost_eval_time_s"": 0.000375392846763134, ""analytic_total_time_s"": 0.04826723726000637, ""analytic_sample_count"": 33023, ""analytic_collision_check_count"": 566, ""planner_remediations"": [""analytic_expansion"", ""analytic_operator:dang_multi_rs""], ""fallback_to_primitives_count"": 26, ""rs_attempts"": 297, ""total_planner_time_s"": 0.2716188430786133, ""timing_protocol"": {""schema_version"": 1, ""adapter"": ""planner_run_from_path_stats"", ""total_time_s"": {""record_field"": ""EvaluationRun.total_time_s / EvaluationRecord.total_time_s"", ""source"": ""stats[\""time\""]"", ""semantics"": ""end_to_end_method_wall_clock_seconds""}, ""planner_time_s"": {""record_field"": ""EvaluationRun.metadata.total_planner_time_s / EvaluationRecord.metadata.total_planner_time_s"", ""source"": ""stats[\""time\""]"", ""available"": true, ""semantics"": ""planner_scoped_wall_clock_seconds"", ""included_components"": [""planner.plan reported wall-clock""]}, ""comparison_rule"": ""Use total_time_s for method comparisons; use metadata.total_planner_time_s only for timing audits and component accounting.""}}"
complex_s04_q0032,ha_dang_multi_rs,Complex,d08_12,False,False,2.5001113414764404,3534,,,,0,,,0,0,0,0,False,,,,dang_multi_rs,659,0,659,,,7249,,659,,,,,,,,,,,,,,,timeout,"{""profile_name"": ""complex_d04"", ""map_seed"": 20400710, ""query_seed"": 20401710, ""analytic_operator"": ""dang_multi_rs"", ""evaluation_path_source"": ""planner_path"", ""planner_path_pose_count"": 0, ""evaluation_path_pose_count"": 0, ""analytic_attempts"": 659, ""analytic_successes"": 0, ""analytic_failure_count"": 659, ""analytic_candidate_radius_count"": 7249, ""analytic_candidate_success_count"": 0, ""analytic_candidate_failure_count"": 7249, ""analytic_rs_solve_time_s"": 0.2141125516500324, ""analytic_sample_time_s"": 0.12633025099057704, ""analytic_collision_check_time_s"": 0.34362532501108944, ""analytic_cost_eval_time_s"": 0.0, ""analytic_total_time_s"": 0.73256330343429, ""analytic_sample_count"": 389426, ""analytic_collision_check_count"": 12372, ""fallback_to_primitives_count"": 659, ""rs_attempts"": 7249, ""total_planner_time_s"": 2.5001113414764404, ""timing_protocol"": {""schema_version"": 1, ""adapter"": ""planner_run_from_path_stats"", ""total_time_s"": {""record_field"": ""EvaluationRun.total_time_s / EvaluationRecord.total_time_s"", ""source"": ""stats[\""time\""]"", ""semantics"": ""end_to_end_method_wall_clock_seconds""}, ""planner_time_s"": {""record_field"": ""EvaluationRun.metadata.total_planner_time_s / EvaluationRecord.metadata.total_planner_time_s"", ""source"": ""stats[\""time\""]"", ""available"": true, ""semantics"": ""planner_scoped_wall_clock_seconds"", ""included_components"": [""planner.plan reported wall-clock""]}, ""comparison_rule"": ""Use total_time_s for method comparisons; use metadata.total_planner_time_s only for timing audits and component accounting.""}}"
complex_s04_q0033,ha_dang_multi_rs,Complex,d12_16,True,True,0.2799227237701416,225,15.465802148257511,15.450182822128278,0.0010109476573223475,0,0.1724944081723799,0.05724545101060641,0,0,0,0,False,,,,dang_multi_rs,30,1,29,,,330,,29,,,,,,,,,,,,,,,,"{""profile_name"": ""complex_d02"", ""map_seed"": 20400710, ""query_seed"": 20401711, ""analytic_operator"": ""dang_multi_rs"", ""evaluation_path_source"": ""trace_poses"", ""planner_path_pose_count"": 27, ""evaluation_path_pose_count"": 158, ""analytic_attempts"": 30, ""analytic_successes"": 1, ""analytic_failure_count"": 29, ""analytic_candidate_radius_count"": 330, ""analytic_candidate_success_count"": 11, ""analytic_candidate_failure_count"": 319, ""analytic_rs_solve_time_s"": 0.00846494478173554, ""analytic_sample_time_s"": 0.006818676833063364, ""analytic_collision_check_time_s"": 0.01610721182078123, ""analytic_cost_eval_time_s"": 0.00043621205259114504, ""analytic_total_time_s"": 0.03406721039209515, ""analytic_sample_count"": 23240, ""analytic_collision_check_count"": 512, ""planner_remediations"": [""analytic_expansion"", ""analytic_operator:dang_multi_rs""], ""fallback_to_primitives_count"": 29, ""rs_attempts"": 330, ""total_planner_time_s"": 0.2799227237701416, ""timing_protocol"": {""schema_version"": 1, ""adapter"": ""planner_run_from_path_stats"", ""total_time_s"": {""record_field"": ""EvaluationRun.total_time_s / EvaluationRecord.total_time_s"", ""source"": ""stats[\""time\""]"", ""semantics"": ""end_to_end_method_wall_clock_seconds""}, ""planner_time_s"": {""record_field"": ""EvaluationRun.metadata.total_planner_time_s / EvaluationRecord.metadata.total_planner_time_s"", ""source"": ""stats[\""time\""]"", ""available"": true, ""semantics"": ""planner_scoped_wall_clock_seconds"", ""included_components"": [""planner.plan reported wall-clock""]}, ""comparison_rule"": ""Use total_time_s for method comparisons; use metadata.total_planner_time_s only for timing audits and component accounting.""}}"
complex_s04_q0034,ha_dang_multi_rs,Complex,d16_20,True,True,1.0041439533233643,1109,20.59171469304497,,,1,0.28856237726019585,0.07142417783572907,0,0,0,0,False,,,,dang_multi_rs,295,1,294,,,3245,,294,,,,,,,,,,,,,,,,"{""profile_name"": ""complex_d03"", ""map_seed"": 20400710, ""query_seed"": 20401712, ""analytic_operator"": ""dang_multi_rs"", ""evaluation_path_source"": ""trace_poses"", ""planner_path_pose_count"": 66, ""evaluation_path_pose_count"": 209, ""analytic_attempts"": 295, ""analytic_successes"": 1, ""analytic_failure_count"": 294, ""analytic_candidate_radius_count"": 3245, ""analytic_candidate_success_count"": 5, ""analytic_candidate_failure_count"": 3240, ""analytic_rs_solve_time_s"": 0.11320290237199515, ""analytic_sample_time_s"": 0.039520360762253404, ""analytic_collision_check_time_s"": 0.1514289575861767, ""analytic_cost_eval_time_s"": 6.880995351821184e-05, ""analytic_total_time_s"": 0.32316146010998636, ""analytic_sample_count"": 103664, ""analytic_collision_check_count"": 4862, ""planner_remediations"": [""analytic_expansion"", ""analytic_operator:dang_multi_rs""], ""fallback_to_primitives_count"": 294, ""rs_attempts"": 3245, ""total_planner_time_s"": 1.0041439533233643, ""timing_protocol"": {""schema_version"": 1, ""adapter"": ""planner_run_from_path_stats"", ""total_time_s"": {""record_field"": ""EvaluationRun.total_time_s / EvaluationRecord.total_time_s"", ""source"": ""stats[\""time\""]"", ""semantics"": ""end_to_end_method_wall_clock_seconds""}, ""planner_time_s"": {""record_field"": ""EvaluationRun.metadata.total_planner_time_s / EvaluationRecord.metadata.total_planner_time_s"", ""source"": ""stats[\""time\""]"", ""available"": true, ""semantics"": ""planner_scoped_wall_clock_seconds"", ""included_components"": [""planner.plan reported wall-clock""]}, ""comparison_rule"": ""Use total_time_s for method comparisons; use metadata.total_planner_time_s only for timing audits and component accounting.""}}"
complex_s04_q0035,ha_dang_multi_rs,Complex,d20_inf,False,False,2.500704288482666,3521,,,,0,,,0,0,0,0,False,,,,dang_multi_rs,440,0,440,,,4840,,440,,,,,,,,,,,,,,,timeout,"{""profile_name"": ""complex_d04"", ""map_seed"": 20400710, ""query_seed"": 20401713, ""analytic_operator"": ""dang_multi_rs"", ""evaluation_path_source"": ""planner_path"", ""planner_path_pose_count"": 0, ""evaluation_path_pose_count"": 0, ""analytic_attempts"": 440, ""analytic_successes"": 0, ""analytic_failure_count"": 440, ""analytic_candidate_radius_count"": 4840, ""analytic_candidate_success_count"": 0, ""analytic_candidate_failure_count"": 4840, ""analytic_rs_solve_time_s"": 0.12912271544337273, ""analytic_sample_time_s"": 0.23975454771425575, ""analytic_collision_check_time_s"": 1.0927872818429023, ""analytic_cost_eval_time_s"": 0.0, ""analytic_total_time_s"": 1.5109041748801246, ""analytic_sample_count"": 883905, ""analytic_collision_check_count"": 9639, ""fallback_to_primitives_count"": 440, ""rs_attempts"": 4840, ""total_planner_time_s"": 2.500704288482666, ""timing_protocol"": {""schema_version"": 1, ""adapter"": ""planner_run_from_path_stats"", ""total_time_s"": {""record_field"": ""EvaluationRun.total_time_s / EvaluationRecord.total_time_s"", ""source"": ""stats[\""time\""]"", ""semantics"": ""end_to_end_method_wall_clock_seconds""}, ""planner_time_s"": {""record_field"": ""EvaluationRun.metadata.total_planner_time_s / EvaluationRecord.metadata.total_planner_time_s"", ""source"": ""stats[\""time\""]"", ""available"": true, ""semantics"": ""planner_scoped_wall_clock_seconds"", ""included_components"": [""planner.plan reported wall-clock""]}, ""comparison_rule"": ""Use total_time_s for method comparisons; use metadata.total_planner_time_s only for timing audits and component accounting.""}}"
complex_s04_q0036,ha_dang_multi_rs,Complex,d08_12,True,True,0.26463866233825684,127,9.29854930842155,,,3,0.2245609102975839,0.06440786217202166,0,0,0,0,False,,,,dang_multi_rs,51,1,50,,,561,,50,,,,,,,,,,,,,,,,"{""profile_name"": ""complex_d02"", ""map_seed"": 20400710, ""query_seed"": 20401714, ""analytic_operator"": ""dang_multi_rs"", ""evaluation_path_source"": ""trace_poses"", ""planner_path_pose_count"": 31, ""evaluation_path_pose_count"": 97, ""analytic_attempts"": 51, ""analytic_successes"": 1, ""analytic_failure_count"": 50, ""analytic_candidate_radius_count"": 561, ""analytic_candidate_success_count"": 1, ""analytic_candidate_failure_count"": 560, ""analytic_rs_solve_time_s"": 0.019051839131861925, ""analytic_sample_time_s"": 0.005680131260305643, ""analytic_collision_check_time_s"": 0.026431537931784987, ""analytic_cost_eval_time_s"": 1.199403777718544e-05, ""analytic_total_time_s"": 0.05435914359986782, ""analytic_sample_count"": 13667, ""analytic_collision_check_count"": 975, ""planner_remediations"": [""analytic_expansion"", ""analytic_operator:dang_multi_rs""], ""fallback_to_primitives_count"": 50, ""rs_attempts"": 561, ""total_planner_time_s"": 0.26463866233825684, ""timing_protocol"": {""schema_version"": 1, ""adapter"": ""planner_run_from_path_stats"", ""total_time_s"": {""record_field"": ""EvaluationRun.total_time_s / EvaluationRecord.total_time_s"", ""source"": ""stats[\""time\""]"", ""semantics"": ""end_to_end_method_wall_clock_seconds""}, ""planner_time_s"": {""record_field"": ""EvaluationRun.metadata.total_planner_time_s / EvaluationRecord.metadata.total_planner_time_s"", ""source"": ""stats[\""time\""]"", ""available"": true, ""semantics"": ""planner_scoped_wall_clock_seconds"", ""included_components"": [""planner.plan reported wall-clock""]}, ""comparison_rule"": ""Use total_time_s for method comparisons; use metadata.total_planner_time_s only for timing audits and component accounting.""}}"
complex_s04_q0037,ha_dang_multi_rs,Complex,d12_16,True,True,0.15674233436584473,9,14.151325947970902,14.145704189031836,0.00039741810403648437,0,0.0655438879672903,0.08024270643271669,0,0,0,0,False,,,,dang_multi_rs,2,1,1,,,22,,1,,,,,,,,,,,,,,,,"{""profile_name"": ""complex_d03"", ""map_seed"": 20400711, ""query_seed"": 20401711, ""analytic_operator"": ""dang_multi_rs"", ""evaluation_path_source"": ""trace_poses"", ""planner_path_pose_count"": 9, ""evaluation_path_pose_count"": 144, ""analytic_attempts"": 2, ""analytic_successes"": 1, ""analytic_failure_count"": 1, ""analytic_candidate_radius_count"": 22, ""analytic_candidate_success_count"": 11, ""analytic_candidate_failure_count"": 11, ""analytic_rs_solve_time_s"": 0.0006220992654561996, ""analytic_sample_time_s"": 0.0008065960137173533, ""analytic_collision_check_time_s"": 0.005668071797117591, ""analytic_cost_eval_time_s"": 0.000620950129814446, ""analytic_total_time_s"": 0.007968066027387977, ""analytic_sample_count"": 3016, ""analytic_collision_check_count"": 44, ""planner_remediations"": [""analytic_expansion"", ""analytic_operator:dang_multi_rs""], ""fallback_to_primitives_count"": 1, ""rs_attempts"": 22, ""total_planner_time_s"": 0.15674233436584473, ""timing_protocol"": {""schema_version"": 1, ""adapter"": ""planner_run_from_path_stats"", ""total_time_s"": {""record_field"": ""EvaluationRun.total_time_s / EvaluationRecord.total_time_s"", ""source"": ""stats[\""time\""]"", ""semantics"": ""end_to_end_method_wall_clock_seconds""}, ""planner_time_s"": {""record_field"": ""EvaluationRun.metadata.total_planner_time_s / EvaluationRecord.metadata.total_planner_time_s"", ""source"": ""stats[\""time\""]"", ""available"": true, ""semantics"": ""planner_scoped_wall_clock_seconds"", ""included_components"": [""planner.plan reported wall-clock""]}, ""comparison_rule"": ""Use total_time_s for method comparisons; use metadata.total_planner_time_s only for timing audits and component accounting.""}}"
complex_s04_q0038,ha_dang_multi_rs,Complex,d16_20,True,True,0.8171021938323975,1689,18.34970286876124,18.472660709142755,-0.006656206288715993,0,0.07004607620467235,0.1942447873795995,0,0,0,0,False,,,,dang_multi_rs,212,1,211,,,2332,,211,,,,,,,,,,,,,,,,"{""profile_name"": ""complex_d04"", ""map_seed"": 20400711, ""query_seed"": 20401712, ""analytic_operator"": ""dang_multi_rs"", ""evaluation_path_source"": ""trace_poses"", ""planner_path_pose_count"": 13, ""evaluation_path_pose_count"": 185, ""analytic_attempts"": 212, ""analytic_successes"": 1, ""analytic_failure_count"": 211, ""analytic_candidate_radius_count"": 2332, ""analytic_candidate_success_count"": 6, ""analytic_candidate_failure_count"": 2326, ""analytic_rs_solve_time_s"": 0.061609028838574886, ""analytic_sample_time_s"": 0.07805411063600332, ""analytic_collision_check_time_s"": 0.18182873504702002, ""analytic_cost_eval_time_s"": 0.0004212228814139962, ""analytic_total_time_s"": 0.3409919674741104, ""analytic_sample_count"": 292187, ""analytic_collision_check_count"": 4063, ""planner_remediations"": [""analytic_expansion"", ""analytic_operator:dang_multi_rs""], ""fallback_to_primitives_count"": 211, ""rs_attempts"": 2332, ""total_planner_time_s"": 0.8171021938323975, ""timing_protocol"": {""schema_version"": 1, ""adapter"": ""planner_run_from_path_stats"", ""total_time_s"": {""record_field"": ""EvaluationRun.total_time_s / EvaluationRecord.total_time_s"", ""source"": ""stats[\""time\""]"", ""semantics"": ""end_to_end_method_wall_clock_seconds""}, ""planner_time_s"": {""record_field"": ""EvaluationRun.metadata.total_planner_time_s / EvaluationRecord.metadata.total_planner_time_s"", ""source"": ""stats[\""time\""]"", ""available"": true, ""semantics"": ""planner_scoped_wall_clock_seconds"", ""included_components"": [""planner.plan reported wall-clock""]}, ""comparison_rule"": ""Use total_time_s for method comparisons; use metadata.total_planner_time_s only for timing audits and component accounting.""}}"
complex_s04_q0039,ha_dang_multi_rs,Complex,d20_inf,True,True,2.209070920944214,3977,24.939574592269366,,,0,0.08776870066647255,0.0757180514001683,0,0,0,0,False,,,,dang_multi_rs,498,1,497,,,5478,,497,,,,,,,,,,,,,,,,"{""profile_name"": ""complex_d02"", ""map_seed"": 20400711, ""query_seed"": 20401713, ""analytic_operator"": ""dang_multi_rs"", ""evaluation_path_source"": ""trace_poses"", ""planner_path_pose_count"": 45, ""evaluation_path_pose_count"": 251, ""analytic_attempts"": 498, ""analytic_successes"": 1, ""analytic_failure_count"": 497, ""analytic_candidate_radius_count"": 5478, ""analytic_candidate_success_count"": 1, ""analytic_candidate_failure_count"": 5477, ""analytic_rs_solve_time_s"": 0.14438378275372088, ""analytic_sample_time_s"": 0.25435580348130316, ""analytic_collision_check_time_s"": 0.550716660451144, ""analytic_cost_eval_time_s"": 6.571202538907528e-05, ""analytic_total_time_s"": 1.0026974191423506, ""analytic_sample_count"": 950269, ""analytic_collision_check_count"": 10621, ""planner_remediations"": [""analytic_expansion"", ""analytic_operator:dang_multi_rs""], ""fallback_to_primitives_count"": 497, ""rs_attempts"": 5478, ""total_planner_time_s"": 2.209070920944214, ""timing_protocol"": {""schema_version"": 1, ""adapter"": ""planner_run_from_path_stats"", ""total_time_s"": {""record_field"": ""EvaluationRun.total_time_s / EvaluationRecord.total_time_s"", ""source"": ""stats[\""time\""]"", ""semantics"": ""end_to_end_method_wall_clock_seconds""}, ""planner_time_s"": {""record_field"": ""EvaluationRun.metadata.total_planner_time_s / EvaluationRecord.metadata.total_planner_time_s"", ""source"": ""stats[\""time\""]"", ""available"": true, ""semantics"": ""planner_scoped_wall_clock_seconds"", ""included_components"": [""planner.plan reported wall-clock""]}, ""comparison_rule"": ""Use total_time_s for method comparisons; use metadata.total_planner_time_s only for timing audits and component accounting.""}}"
extreme_s00_q0000,ha_dang_multi_rs,Extreme,d08_12,True,True,0.14974379539489746,6,8.24567114271261,8.24473497700759,0.0001135470949193973,0,0.07653438436524797,0.09921437683755518,0,0,0,0,False,,,,dang_multi_rs,2,1,1,,,22,,1,,,,,,,,,,,,,,,,"{""profile_name"": ""extreme_d05"", ""map_seed"": 20460710, ""query_seed"": 20461710, ""analytic_operator"": ""dang_multi_rs"", ""evaluation_path_source"": ""trace_poses"", ""planner_path_pose_count"": 9, ""evaluation_path_pose_count"": 85, ""analytic_attempts"": 2, ""analytic_successes"": 1, ""analytic_failure_count"": 1, ""analytic_candidate_radius_count"": 22, ""analytic_candidate_success_count"": 11, ""analytic_candidate_failure_count"": 11, ""analytic_rs_solve_time_s"": 0.0006629022536799312, ""analytic_sample_time_s"": 0.0005296474555507302, ""analytic_collision_check_time_s"": 0.003035467700101435, ""analytic_cost_eval_time_s"": 0.0003603859804570675, ""analytic_total_time_s"": 0.004801839007996023, ""analytic_sample_count"": 1715, ""analytic_collision_check_count"": 44, ""planner_remediations"": [""analytic_expansion"", ""analytic_operator:dang_multi_rs""], ""fallback_to_primitives_count"": 1, ""rs_attempts"": 22, ""total_planner_time_s"": 0.14974379539489746, ""timing_protocol"": {""schema_version"": 1, ""adapter"": ""planner_run_from_path_stats"", ""total_time_s"": {""record_field"": ""EvaluationRun.total_time_s / EvaluationRecord.total_time_s"", ""source"": ""stats[\""time\""]"", ""semantics"": ""end_to_end_method_wall_clock_seconds""}, ""planner_time_s"": {""record_field"": ""EvaluationRun.metadata.total_planner_time_s / EvaluationRecord.metadata.total_planner_time_s"", ""source"": ""stats[\""time\""]"", ""available"": true, ""semantics"": ""planner_scoped_wall_clock_seconds"", ""included_components"": [""planner.plan reported wall-clock""]}, ""comparison_rule"": ""Use total_time_s for method comparisons; use metadata.total_planner_time_s only for timing audits and component accounting.""}}"
extreme_s00_q0001,ha_dang_multi_rs,Extreme,d12_16,True,True,0.852877140045166,811,15.146104843134765,15.132073035709926,0.0009272891686238349,0,0.3598188212286833,0.08366912592432929,0,0,0,0,False,,,,dang_multi_rs,245,1,244,,,2695,,244,,,,,,,,,,,,,,,,"{""profile_name"": ""extreme_d06"", ""map_seed"": 20460710, ""query_seed"": 20461711, ""analytic_operator"": ""dang_multi_rs"", ""evaluation_path_source"": ""trace_poses"", ""planner_path_pose_count"": 47, ""evaluation_path_pose_count"": 154, ""analytic_attempts"": 245, ""analytic_successes"": 1, ""analytic_failure_count"": 244, ""analytic_candidate_radius_count"": 2695, ""analytic_candidate_success_count"": 2, ""analytic_candidate_failure_count"": 2693, ""analytic_rs_solve_time_s"": 0.09466926194727421, ""analytic_sample_time_s"": 0.035518165794201195, ""analytic_collision_check_time_s"": 0.14300188969355077, ""analytic_cost_eval_time_s"": 2.976600080728531e-05, ""analytic_total_time_s"": 0.28950691036880016, ""analytic_sample_count"": 96472, ""analytic_collision_check_count"": 4622, ""planner_remediations"": [""analytic_expansion"", ""analytic_operator:dang_multi_rs""], ""fallback_to_primitives_count"": 244, ""rs_attempts"": 2695, ""total_planner_time_s"": 0.852877140045166, ""timing_protocol"": {""schema_version"": 1, ""adapter"": ""planner_run_from_path_stats"", ""total_time_s"": {""record_field"": ""EvaluationRun.total_time_s / EvaluationRecord.total_time_s"", ""source"": ""stats[\""time\""]"", ""semantics"": ""end_to_end_method_wall_clock_seconds""}, ""planner_time_s"": {""record_field"": ""EvaluationRun.metadata.total_planner_time_s / EvaluationRecord.metadata.total_planner_time_s"", ""source"": ""stats[\""time\""]"", ""available"": true, ""semantics"": ""planner_scoped_wall_clock_seconds"", ""included_components"": [""planner.plan reported wall-clock""]}, ""comparison_rule"": ""Use total_time_s for method comparisons; use metadata.total_planner_time_s only for timing audits and component accounting.""}}"
extreme_s00_q0002,ha_dang_multi_rs,Extreme,d16_20,True,True,0.31912779808044434,297,19.90955092548669,19.85697969214071,0.0026474939371967654,0,0.2508093532102055,0.09082830587113566,0,0,0,0,False,,,,dang_multi_rs,38,1,37,,,418,,37,,,,,,,,,,,,,,,,"{""profile_name"": ""extreme_d07"", ""map_seed"": 20460710, ""query_seed"": 20461712, ""analytic_operator"": ""dang_multi_rs"", ""evaluation_path_source"": ""trace_poses"", ""planner_path_pose_count"": 35, ""evaluation_path_pose_count"": 201, ""analytic_attempts"": 38, ""analytic_successes"": 1, ""analytic_failure_count"": 37, ""analytic_candidate_radius_count"": 418, ""analytic_candidate_success_count"": 11, ""analytic_candidate_failure_count"": 407, ""analytic_rs_solve_time_s"": 0.011079119285568595, ""analytic_sample_time_s"": 0.014080697088502347, ""analytic_collision_check_time_s"": 0.04219917778391391, ""analytic_cost_eval_time_s"": 0.0005358440103009343, ""analytic_total_time_s"": 0.0714200020302087, ""analytic_sample_count"": 49334, ""analytic_collision_check_count"": 734, ""planner_remediations"": [""analytic_expansion"", ""analytic_operator:dang_multi_rs""], ""fallback_to_primitives_count"": 37, ""rs_attempts"": 418, ""total_planner_time_s"": 0.31912779808044434, ""timing_protocol"": {""schema_version"": 1, ""adapter"": ""planner_run_from_path_stats"", ""total_time_s"": {""record_field"": ""EvaluationRun.total_time_s / EvaluationRecord.total_time_s"", ""source"": ""stats[\""time\""]"", ""semantics"": ""end_to_end_method_wall_clock_seconds""}, ""planner_time_s"": {""record_field"": ""EvaluationRun.metadata.total_planner_time_s / EvaluationRecord.metadata.total_planner_time_s"", ""source"": ""stats[\""time\""]"", ""available"": true, ""semantics"": ""planner_scoped_wall_clock_seconds"", ""included_components"": [""planner.plan reported wall-clock""]}, ""comparison_rule"": ""Use total_time_s for method comparisons; use metadata.total_planner_time_s only for timing audits and component accounting.""}}"
extreme_s00_q0003,ha_dang_multi_rs,Extreme,d20_inf,True,True,0.22995829582214355,155,21.158481953148332,21.094758954516006,0.003020797666838604,0,0.1672627167483981,0.06761334897334448,0,0,0,0,False,,,,dang_multi_rs,19,1,18,,,209,,18,,,,,,,,,,,,,,,,"{""profile_name"": ""extreme_d05"", ""map_seed"": 20460710, ""query_seed"": 20461713, ""analytic_operator"": ""dang_multi_rs"", ""evaluation_path_source"": ""trace_poses"", ""planner_path_pose_count"": 45, ""evaluation_path_pose_count"": 214, ""analytic_attempts"": 19, ""analytic_successes"": 1, ""analytic_failure_count"": 18, ""analytic_candidate_radius_count"": 209, ""analytic_candidate_success_count"": 11, ""analytic_candidate_failure_count"": 198, ""analytic_rs_solve_time_s"": 0.005621616495773196, ""analytic_sample_time_s"": 0.012996278470382094, ""analytic_collision_check_time_s"": 0.017968917032703757, ""analytic_cost_eval_time_s"": 0.00045166315976530313, ""analytic_total_time_s"": 0.03878827707376331, ""analytic_sample_count"": 24428, ""analytic_collision_check_count"": 348, ""planner_remediations"": [""analytic_expansion"", ""analytic_operator:dang_multi_rs""], ""fallback_to_primitives_count"": 18, ""rs_attempts"": 209, ""total_planner_time_s"": 0.22995829582214355, ""timing_protocol"": {""schema_version"": 1, ""adapter"": ""planner_run_from_path_stats"", ""total_time_s"": {""record_field"": ""EvaluationRun.total_time_s / EvaluationRecord.total_time_s"", ""source"": ""stats[\""time\""]"", ""semantics"": ""end_to_end_method_wall_clock_seconds""}, ""planner_time_s"": {""record_field"": ""EvaluationRun.metadata.total_planner_time_s / EvaluationRecord.metadata.total_planner_time_s"", ""source"": ""stats[\""time\""]"", ""available"": true, ""semantics"": ""planner_scoped_wall_clock_seconds"", ""included_components"": [""planner.plan reported wall-clock""]}, ""comparison_rule"": ""Use total_time_s for method comparisons; use metadata.total_planner_time_s only for timing audits and component accounting.""}}"
extreme_s00_q0004,ha_dang_multi_rs,Extreme,d08_12,True,True,0.14449572563171387,1,9.818350166906859,9.818350166906859,0.0,0,0.0,0.0740610045356227,0,0,0,0,False,,,,dang_multi_rs,1,1,0,,,11,,0,,,,,,,,,,,,,,,,"{""profile_name"": ""extreme_d06"", ""map_seed"": 20460710, ""query_seed"": 20461714, ""analytic_operator"": ""dang_multi_rs"", ""evaluation_path_source"": ""trace_poses"", ""planner_path_pose_count"": 2, ""evaluation_path_pose_count"": 100, ""analytic_attempts"": 1, ""analytic_successes"": 1, ""analytic_failure_count"": 0, ""analytic_candidate_radius_count"": 11, ""analytic_candidate_success_count"": 11, ""analytic_candidate_failure_count"": 0, ""analytic_rs_solve_time_s"": 0.00029786943923681974, ""analytic_sample_time_s"": 0.00029601482674479485, ""analytic_collision_check_time_s"": 0.0033097940031439066, ""analytic_cost_eval_time_s"": 0.003403328824788332, ""analytic_total_time_s"": 0.007430871017277241, ""analytic_sample_count"": 1100, ""analytic_collision_check_count"": 11, ""planner_remediations"": [""analytic_expansion"", ""analytic_operator:dang_multi_rs""], ""fallback_to_primitives_count"": 0, ""rs_attempts"": 11, ""total_planner_time_s"": 0.14449572563171387, ""timing_protocol"": {""schema_version"": 1, ""adapter"": ""planner_run_from_path_stats"", ""total_time_s"": {""record_field"": ""EvaluationRun.total_time_s / EvaluationRecord.total_time_s"", ""source"": ""stats[\""time\""]"", ""semantics"": ""end_to_end_method_wall_clock_seconds""}, ""planner_time_s"": {""record_field"": ""EvaluationRun.metadata.total_planner_time_s / EvaluationRecord.metadata.total_planner_time_s"", ""source"": ""stats[\""time\""]"", ""available"": true, ""semantics"": ""planner_scoped_wall_clock_seconds"", ""included_components"": [""planner.plan reported wall-clock""]}, ""comparison_rule"": ""Use total_time_s for method comparisons; use metadata.total_planner_time_s only for timing audits and component accounting.""}}"
extreme_s00_q0005,ha_dang_multi_rs,Extreme,d12_16,True,True,0.7508790493011475,931,13.055693877467558,13.050092579041946,0.00042921522523209354,0,0.2531182385191225,0.05961429437661803,0,0,0,0,False,,,,dang_multi_rs,155,1,154,,,1705,,154,,,,,,,,,,,,,,,,"{""profile_name"": ""extreme_d07"", ""map_seed"": 20460711, ""query_seed"": 20461711, ""analytic_operator"": ""dang_multi_rs"", ""evaluation_path_source"": ""trace_poses"", ""planner_path_pose_count"": 33, ""evaluation_path_pose_count"": 134, ""analytic_attempts"": 155, ""analytic_successes"": 1, ""analytic_failure_count"": 154, ""analytic_candidate_radius_count"": 1705, ""analytic_candidate_success_count"": 1, ""analytic_candidate_failure_count"": 1704, ""analytic_rs_solve_time_s"": 0.050878480658866465, ""analytic_sample_time_s"": 0.03441820107400417, ""analytic_collision_check_time_s"": 0.08590580732561648, ""analytic_cost_eval_time_s"": 2.8687063604593277e-05, ""analytic_total_time_s"": 0.1831699238391593, ""analytic_sample_count"": 115727, ""analytic_collision_check_count"": 3007, ""planner_remediations"": [""analytic_expansion"", ""analytic_operator:dang_multi_rs""], ""fallback_to_primitives_count"": 154, ""rs_attempts"": 1705, ""total_planner_time_s"": 0.7508790493011475, ""timing_protocol"": {""schema_version"": 1, ""adapter"": ""planner_run_from_path_stats"", ""total_time_s"": {""record_field"": ""EvaluationRun.total_time_s / EvaluationRecord.total_time_s"", ""source"": ""stats[\""time\""]"", ""semantics"": ""end_to_end_method_wall_clock_seconds""}, ""planner_time_s"": {""record_field"": ""EvaluationRun.metadata.total_planner_time_s / EvaluationRecord.metadata.total_planner_time_s"", ""source"": ""stats[\""time\""]"", ""available"": true, ""semantics"": ""planner_scoped_wall_clock_seconds"", ""included_components"": [""planner.plan reported wall-clock""]}, ""comparison_rule"": ""Use total_time_s for method comparisons; use metadata.total_planner_time_s only for timing audits and component accounting.""}}"
extreme_s00_q0006,ha_dang_multi_rs,Extreme,d16_20,False,False,2.500150442123413,3687,,,,0,,,0,0,0,0,False,,,,dang_multi_rs,588,0,588,,,6468,,588,,,,,,,,,,,,,,,timeout,"{""profile_name"": ""extreme_d05"", ""map_seed"": 20460711, ""query_seed"": 20461712, ""analytic_operator"": ""dang_multi_rs"", ""evaluation_path_source"": ""planner_path"", ""planner_path_pose_count"": 0, ""evaluation_path_pose_count"": 0, ""analytic_attempts"": 588, ""analytic_successes"": 0, ""analytic_failure_count"": 588, ""analytic_candidate_radius_count"": 6468, ""analytic_candidate_success_count"": 0, ""analytic_candidate_failure_count"": 6468, ""analytic_rs_solve_time_s"": 0.18778369249776006, ""analytic_sample_time_s"": 0.1269886369118467, ""analytic_collision_check_time_s"": 0.293466130271554, ""analytic_cost_eval_time_s"": 0.0, ""analytic_total_time_s"": 0.6518548198509961, ""analytic_sample_count"": 413908, ""analytic_collision_check_count"": 10727, ""fallback_to_primitives_count"": 588, ""rs_attempts"": 6468, ""total_planner_time_s"": 2.500150442123413, ""timing_protocol"": {""schema_version"": 1, ""adapter"": ""planner_run_from_path_stats"", ""total_time_s"": {""record_field"": ""EvaluationRun.total_time_s / EvaluationRecord.total_time_s"", ""source"": ""stats[\""time\""]"", ""semantics"": ""end_to_end_method_wall_clock_seconds""}, ""planner_time_s"": {""record_field"": ""EvaluationRun.metadata.total_planner_time_s / EvaluationRecord.metadata.total_planner_time_s"", ""source"": ""stats[\""time\""]"", ""available"": true, ""semantics"": ""planner_scoped_wall_clock_seconds"", ""included_components"": [""planner.plan reported wall-clock""]}, ""comparison_rule"": ""Use total_time_s for method comparisons; use metadata.total_planner_time_s only for timing audits and component accounting.""}}"
extreme_s00_q0007,ha_dang_multi_rs,Extreme,d20_inf,False,False,2.500195264816284,4568,,,,0,,,0,0,0,0,False,,,,dang_multi_rs,581,0,581,,,6391,,581,,,,,,,,,,,,,,,timeout,"{""profile_name"": ""extreme_d06"", ""map_seed"": 20460711, ""query_seed"": 20461713, ""analytic_operator"": ""dang_multi_rs"", ""evaluation_path_source"": ""planner_path"", ""planner_path_pose_count"": 0, ""evaluation_path_pose_count"": 0, ""analytic_attempts"": 581, ""analytic_successes"": 0, ""analytic_failure_count"": 581, ""analytic_candidate_radius_count"": 6391, ""analytic_candidate_success_count"": 0, ""analytic_candidate_failure_count"": 6391, ""analytic_rs_solve_time_s"": 0.1700108249206096, ""analytic_sample_time_s"": 0.18117712787352502, ""analytic_collision_check_time_s"": 0.3368038103217259, ""analytic_cost_eval_time_s"": 0.0, ""analytic_total_time_s"": 0.7373175586108118, ""analytic_sample_count"": 644275, ""analytic_collision_check_count"": 10827, ""fallback_to_primitives_count"": 581, ""rs_attempts"": 6391, ""total_planner_time_s"": 2.500195264816284, ""timing_protocol"": {""schema_version"": 1, ""adapter"": ""planner_run_from_path_stats"", ""total_time_s"": {""record_field"": ""EvaluationRun.total_time_s / EvaluationRecord.total_time_s"", ""source"": ""stats[\""time\""]"", ""semantics"": ""end_to_end_method_wall_clock_seconds""}, ""planner_time_s"": {""record_field"": ""EvaluationRun.metadata.total_planner_time_s / EvaluationRecord.metadata.total_planner_time_s"", ""source"": ""stats[\""time\""]"", ""available"": true, ""semantics"": ""planner_scoped_wall_clock_seconds"", ""included_components"": [""planner.plan reported wall-clock""]}, ""comparison_rule"": ""Use total_time_s for method comparisons; use metadata.total_planner_time_s only for timing audits and component accounting.""}}"
extreme_s01_q0008,ha_dang_multi_rs,Extreme,d08_12,True,True,0.2924776077270508,229,9.710892627342997,9.550588808804461,0.01678470529385101,1,0.18716516392792099,0.08940074525207287,0,0,0,0,False,,,,dang_multi_rs,29,1,28,,,319,,28,,,,,,,,,,,,,,,,"{""profile_name"": ""extreme_d07"", ""map_seed"": 20470710, ""query_seed"": 20471710, ""analytic_operator"": ""dang_multi_rs"", ""evaluation_path_source"": ""trace_poses"", ""planner_path_pose_count"": 9, ""evaluation_path_pose_count"": 100, ""analytic_attempts"": 29, ""analytic_successes"": 1, ""analytic_failure_count"": 28, ""analytic_candidate_radius_count"": 319, ""analytic_candidate_success_count"": 1, ""analytic_candidate_failure_count"": 318, ""analytic_rs_solve_time_s"": 0.008724187733605504, ""analytic_sample_time_s"": 0.009065492311492562, ""analytic_collision_check_time_s"": 0.01977597177028656, ""analytic_cost_eval_time_s"": 4.8773945309221745e-05, ""analytic_total_time_s"": 0.040278690052218735, ""analytic_sample_count"": 30386, ""analytic_collision_check_count"": 614, ""planner_remediations"": [""analytic_expansion"", ""analytic_operator:dang_multi_rs""], ""fallback_to_primitives_count"": 28, ""rs_attempts"": 319, ""total_planner_time_s"": 0.2924776077270508, ""timing_protocol"": {""schema_version"": 1, ""adapter"": ""planner_run_from_path_stats"", ""total_time_s"": {""record_field"": ""EvaluationRun.total_time_s / EvaluationRecord.total_time_s"", ""source"": ""stats[\""time\""]"", ""semantics"": ""end_to_end_method_wall_clock_seconds""}, ""planner_time_s"": {""record_field"": ""EvaluationRun.metadata.total_planner_time_s / EvaluationRecord.metadata.total_planner_time_s"", ""source"": ""stats[\""time\""]"", ""available"": true, ""semantics"": ""planner_scoped_wall_clock_seconds"", ""included_components"": [""planner.plan reported wall-clock""]}, ""comparison_rule"": ""Use total_time_s for method comparisons; use metadata.total_planner_time_s only for timing audits and component accounting.""}}"
extreme_s01_q0009,ha_dang_multi_rs,Extreme,d12_16,True,True,0.6194872856140137,773,14.190910435178484,14.190903387475117,4.96635286229008e-07,0,0.14844491351440028,0.0695169807063667,0,0,0,0,False,,,,dang_multi_rs,107,1,106,,,1177,,106,,,,,,,,,,,,,,,,"{""profile_name"": ""extreme_d05"", ""map_seed"": 20470710, ""query_seed"": 20471711, ""analytic_operator"": ""dang_multi_rs"", ""evaluation_path_source"": ""trace_poses"", ""planner_path_pose_count"": 36, ""evaluation_path_pose_count"": 144, ""analytic_attempts"": 107, ""analytic_successes"": 1, ""analytic_failure_count"": 106, ""analytic_candidate_radius_count"": 1177, ""analytic_candidate_success_count"": 11, ""analytic_candidate_failure_count"": 1166, ""analytic_rs_solve_time_s"": 0.030396523070521653, ""analytic_sample_time_s"": 0.02570768422447145, ""analytic_collision_check_time_s"": 0.055734041263349354, ""analytic_cost_eval_time_s"": 0.0002548379125073552, ""analytic_total_time_s"": 0.12031073193065822, ""analytic_sample_count"": 88027, ""analytic_collision_check_count"": 1919, ""planner_remediations"": [""analytic_expansion"", ""analytic_operator:dang_multi_rs""], ""fallback_to_primitives_count"": 106, ""rs_attempts"": 1177, ""total_planner_time_s"": 0.6194872856140137, ""timing_protocol"": {""schema_version"": 1, ""adapter"": ""planner_run_from_path_stats"", ""total_time_s"": {""record_field"": ""EvaluationRun.total_time_s / EvaluationRecord.total_time_s"", ""source"": ""stats[\""time\""]"", ""semantics"": ""end_to_end_method_wall_clock_seconds""}, ""planner_time_s"": {""record_field"": ""EvaluationRun.metadata.total_planner_time_s / EvaluationRecord.metadata.total_planner_time_s"", ""source"": ""stats[\""time\""]"", ""available"": true, ""semantics"": ""planner_scoped_wall_clock_seconds"", ""included_components"": [""planner.plan reported wall-clock""]}, ""comparison_rule"": ""Use total_time_s for method comparisons; use metadata.total_planner_time_s only for timing audits and component accounting.""}}"
extreme_s01_q0010,ha_dang_multi_rs,Extreme,d16_20,True,True,1.932525396347046,1867,20.079679557022555,20.076621503492944,0.00015231913044133627,0,0.3895819270263731,0.05291070291137406,0,0,0,0,False,,,,dang_multi_rs,680,1,679,,,7480,,679,,,,,,,,,,,,,,,,"{""profile_name"": ""extreme_d06"", ""map_seed"": 20470710, ""query_seed"": 20471712, ""analytic_operator"": ""dang_multi_rs"", ""evaluation_path_source"": ""trace_poses"", ""planner_path_pose_count"": 64, ""evaluation_path_pose_count"": 204, ""analytic_attempts"": 680, ""analytic_successes"": 1, ""analytic_failure_count"": 679, ""analytic_candidate_radius_count"": 7480, ""analytic_candidate_success_count"": 2, ""analytic_candidate_failure_count"": 7478, ""analytic_rs_solve_time_s"": 0.2702894153771922, ""analytic_sample_time_s"": 0.09064516064245254, ""analytic_collision_check_time_s"": 0.38929423422086984, ""analytic_cost_eval_time_s"": 2.766493707895279e-05, ""analytic_total_time_s"": 0.7953258537454531, ""analytic_sample_count"": 230487, ""analytic_collision_check_count"": 12990, ""planner_remediations"": [""analytic_expansion"", ""analytic_operator:dang_multi_rs""], ""fallback_to_primitives_count"": 679, ""rs_attempts"": 7480, ""total_planner_time_s"": 1.932525396347046, ""timing_protocol"": {""schema_version"": 1, ""adapter"": ""planner_run_from_path_stats"", ""total_time_s"": {""record_field"": ""EvaluationRun.total_time_s / EvaluationRecord.total_time_s"", ""source"": ""stats[\""time\""]"", ""semantics"": ""end_to_end_method_wall_clock_seconds""}, ""planner_time_s"": {""record_field"": ""EvaluationRun.metadata.total_planner_time_s / EvaluationRecord.metadata.total_planner_time_s"", ""source"": ""stats[\""time\""]"", ""available"": true, ""semantics"": ""planner_scoped_wall_clock_seconds"", ""included_components"": [""planner.plan reported wall-clock""]}, ""comparison_rule"": ""Use total_time_s for method comparisons; use metadata.total_planner_time_s only for timing audits and component accounting.""}}"
extreme_s01_q0011,ha_dang_multi_rs,Extreme,d20_inf,False,False,2.5012199878692627,3801,,,,0,,,0,0,0,0,False,,,,dang_multi_rs,476,0,476,,,5236,,476,,,,,,,,,,,,,,,timeout,"{""profile_name"": ""extreme_d07"", ""map_seed"": 20470710, ""query_seed"": 20471713, ""analytic_operator"": ""dang_multi_rs"", ""evaluation_path_source"": ""planner_path"", ""planner_path_pose_count"": 0, ""evaluation_path_pose_count"": 0, ""analytic_attempts"": 476, ""analytic_successes"": 0, ""analytic_failure_count"": 476, ""analytic_candidate_radius_count"": 5236, ""analytic_candidate_success_count"": 0, ""analytic_candidate_failure_count"": 5236, ""analytic_rs_solve_time_s"": 0.14002106816042215, ""analytic_sample_time_s"": 0.19112164189573377, ""analytic_collision_check_time_s"": 0.5351746419910342, ""analytic_cost_eval_time_s"": 0.0, ""analytic_total_time_s"": 0.9128913757158443, ""analytic_sample_count"": 676262, ""analytic_collision_check_count"": 9972, ""fallback_to_primitives_count"": 476, ""rs_attempts"": 5236, ""total_planner_time_s"": 2.5012199878692627, ""timing_protocol"": {""schema_version"": 1, ""adapter"": ""planner_run_from_path_stats"", ""total_time_s"": {""record_field"": ""EvaluationRun.total_time_s / EvaluationRecord.total_time_s"", ""source"": ""stats[\""time\""]"", ""semantics"": ""end_to_end_method_wall_clock_seconds""}, ""planner_time_s"": {""record_field"": ""EvaluationRun.metadata.total_planner_time_s / EvaluationRecord.metadata.total_planner_time_s"", ""source"": ""stats[\""time\""]"", ""available"": true, ""semantics"": ""planner_scoped_wall_clock_seconds"", ""included_components"": [""planner.plan reported wall-clock""]}, ""comparison_rule"": ""Use total_time_s for method comparisons; use metadata.total_planner_time_s only for timing audits and component accounting.""}}"
extreme_s01_q0012,ha_dang_multi_rs,Extreme,d08_12,True,True,0.2625436782836914,163,8.887152134553466,8.886051002577252,0.00012391690931035093,0,0.4085195924844663,0.07424575217424778,0,0,0,0,False,,,,dang_multi_rs,43,1,42,,,473,,42,,,,,,,,,,,,,,,,"{""profile_name"": ""extreme_d05"", ""map_seed"": 20470710, ""query_seed"": 20471714, ""analytic_operator"": ""dang_multi_rs"", ""evaluation_path_source"": ""trace_poses"", ""planner_path_pose_count"": 30, ""evaluation_path_pose_count"": 91, ""analytic_attempts"": 43, ""analytic_successes"": 1, ""analytic_failure_count"": 42, ""analytic_candidate_radius_count"": 473, ""analytic_candidate_success_count"": 11, ""analytic_candidate_failure_count"": 462, ""analytic_rs_solve_time_s"": 0.0158760582562536, ""analytic_sample_time_s"": 0.005495445569977164, ""analytic_collision_check_time_s"": 0.022885238169692457, ""analytic_cost_eval_time_s"": 9.274377953261137e-05, ""analytic_total_time_s"": 0.047230396419763565, ""analytic_sample_count"": 14895, ""analytic_collision_check_count"": 749, ""planner_remediations"": [""analytic_expansion"", ""analytic_operator:dang_multi_rs""], ""fallback_to_primitives_count"": 42, ""rs_attempts"": 473, ""total_planner_time_s"": 0.2625436782836914, ""timing_protocol"": {""schema_version"": 1, ""adapter"": ""planner_run_from_path_stats"", ""total_time_s"": {""record_field"": ""EvaluationRun.total_time_s / EvaluationRecord.total_time_s"", ""source"": ""stats[\""time\""]"", ""semantics"": ""end_to_end_method_wall_clock_seconds""}, ""planner_time_s"": {""record_field"": ""EvaluationRun.metadata.total_planner_time_s / EvaluationRecord.metadata.total_planner_time_s"", ""source"": ""stats[\""time\""]"", ""available"": true, ""semantics"": ""planner_scoped_wall_clock_seconds"", ""included_components"": [""planner.plan reported wall-clock""]}, ""comparison_rule"": ""Use total_time_s for method comparisons; use metadata.total_planner_time_s only for timing audits and component accounting.""}}"
extreme_s01_q0013,ha_dang_multi_rs,Extreme,d12_16,True,True,0.2389688491821289,156,14.355056886982187,14.352628303564886,0.00016920827084310197,0,0.3118750416801458,0.07265089801862279,0,0,0,0,False,,,,dang_multi_rs,22,1,21,,,242,,21,,,,,,,,,,,,,,,,"{""profile_name"": ""extreme_d06"", ""map_seed"": 20470711, ""query_seed"": 20471711, ""analytic_operator"": ""dang_multi_rs"", ""evaluation_path_source"": ""trace_poses"", ""planner_path_pose_count"": 33, ""evaluation_path_pose_count"": 146, ""analytic_attempts"": 22, ""analytic_successes"": 1, ""analytic_failure_count"": 21, ""analytic_candidate_radius_count"": 242, ""analytic_candidate_success_count"": 11, ""analytic_candidate_failure_count"": 231, ""analytic_rs_solve_time_s"": 0.006375830853357911, ""analytic_sample_time_s"": 0.0054123722948133945, ""analytic_collision_check_time_s"": 0.015470798476599157, ""analytic_cost_eval_time_s"": 0.00029908306896686554, ""analytic_total_time_s"": 0.02931243204511702, ""analytic_sample_count"": 18718, ""analytic_collision_check_count"": 433, ""planner_remediations"": [""analytic_expansion"", ""analytic_operator:dang_multi_rs""], ""fallback_to_primitives_count"": 21, ""rs_attempts"": 242, ""total_planner_time_s"": 0.2389688491821289, ""timing_protocol"": {""schema_version"": 1, ""adapter"": ""planner_run_from_path_stats"", ""total_time_s"": {""record_field"": ""EvaluationRun.total_time_s / EvaluationRecord.total_time_s"", ""source"": ""stats[\""time\""]"", ""semantics"": ""end_to_end_method_wall_clock_seconds""}, ""planner_time_s"": {""record_field"": ""EvaluationRun.metadata.total_planner_time_s / EvaluationRecord.metadata.total_planner_time_s"", ""source"": ""stats[\""time\""]"", ""available"": true, ""semantics"": ""planner_scoped_wall_clock_seconds"", ""included_components"": [""planner.plan reported wall-clock""]}, ""comparison_rule"": ""Use total_time_s for method comparisons; use metadata.total_planner_time_s only for timing audits and component accounting.""}}"
extreme_s01_q0014,ha_dang_multi_rs,Extreme,d16_20,False,False,2.5003013610839844,4100,,,,0,,,0,0,0,0,False,,,,dang_multi_rs,555,0,555,,,6105,,555,,,,,,,,,,,,,,,timeout,"{""profile_name"": ""extreme_d07"", ""map_seed"": 20470711, ""query_seed"": 20471712, ""analytic_operator"": ""dang_multi_rs"", ""evaluation_path_source"": ""planner_path"", ""planner_path_pose_count"": 0, ""evaluation_path_pose_count"": 0, ""analytic_attempts"": 555, ""analytic_successes"": 0, ""analytic_failure_count"": 555, ""analytic_candidate_radius_count"": 6105, ""analytic_candidate_success_count"": 0, ""analytic_candidate_failure_count"": 6105, ""analytic_rs_solve_time_s"": 0.16768363898154348, ""analytic_sample_time_s"": 0.18796078022569418, ""analytic_collision_check_time_s"": 0.4566794306738302, ""analytic_cost_eval_time_s"": 0.0, ""analytic_total_time_s"": 0.8627504721516743, ""analytic_sample_count"": 663448, ""analytic_collision_check_count"": 11271, ""fallback_to_primitives_count"": 555, ""rs_attempts"": 6105, ""total_planner_time_s"": 2.5003013610839844, ""timing_protocol"": {""schema_version"": 1, ""adapter"": ""planner_run_from_path_stats"", ""total_time_s"": {""record_field"": ""EvaluationRun.total_time_s / EvaluationRecord.total_time_s"", ""source"": ""stats[\""time\""]"", ""semantics"": ""end_to_end_method_wall_clock_seconds""}, ""planner_time_s"": {""record_field"": ""EvaluationRun.metadata.total_planner_time_s / EvaluationRecord.metadata.total_planner_time_s"", ""source"": ""stats[\""time\""]"", ""available"": true, ""semantics"": ""planner_scoped_wall_clock_seconds"", ""included_components"": [""planner.plan reported wall-clock""]}, ""comparison_rule"": ""Use total_time_s for method comparisons; use metadata.total_planner_time_s only for timing audits and component accounting.""}}"
extreme_s01_q0015,ha_dang_multi_rs,Extreme,d20_inf,False,False,2.5001351833343506,5947,,,,0,,,0,0,0,0,False,,,,dang_multi_rs,744,0,744,,,8184,,744,,,,,,,,,,,,,,,timeout,"{""profile_name"": ""extreme_d05"", ""map_seed"": 20470711, ""query_seed"": 20471713, ""analytic_operator"": ""dang_multi_rs"", ""evaluation_path_source"": ""planner_path"", ""planner_path_pose_count"": 0, ""evaluation_path_pose_count"": 0, ""analytic_attempts"": 744, ""analytic_successes"": 0, ""analytic_failure_count"": 744, ""analytic_candidate_radius_count"": 8184, ""analytic_candidate_success_count"": 0, ""analytic_candidate_failure_count"": 8184, ""analytic_rs_solve_time_s"": 0.2213331637904048, ""analytic_sample_time_s"": 0.35395608004182577, ""analytic_collision_check_time_s"": 0.5322645528940484, ""analytic_cost_eval_time_s"": 0.0, ""analytic_total_time_s"": 1.1839730804786086, ""analytic_sample_count"": 1271141, ""analytic_collision_check_count"": 14946, ""fallback_to_primitives_count"": 744, ""rs_attempts"": 8184, ""total_planner_time_s"": 2.5001351833343506, ""timing_protocol"": {""schema_version"": 1, ""adapter"": ""planner_run_from_path_stats"", ""total_time_s"": {""record_field"": ""EvaluationRun.total_time_s / EvaluationRecord.total_time_s"", ""source"": ""stats[\""time\""]"", ""semantics"": ""end_to_end_method_wall_clock_seconds""}, ""planner_time_s"": {""record_field"": ""EvaluationRun.metadata.total_planner_time_s / EvaluationRecord.metadata.total_planner_time_s"", ""source"": ""stats[\""time\""]"", ""available"": true, ""semantics"": ""planner_scoped_wall_clock_seconds"", ""included_components"": [""planner.plan reported wall-clock""]}, ""comparison_rule"": ""Use total_time_s for method comparisons; use metadata.total_planner_time_s only for timing audits and component accounting.""}}"
extreme_s02_q0016,ha_dang_multi_rs,Extreme,d08_12,True,True,0.36651015281677246,407,11.24224927603684,11.084761487274083,0.014207593816390363,0,0.15642023215415754,0.06904958347151802,0,0,0,0,False,,,,dang_multi_rs,57,1,56,,,627,,56,,,,,,,,,,,,,,,,"{""profile_name"": ""extreme_d06"", ""map_seed"": 20480710, ""query_seed"": 20481710, ""analytic_operator"": ""dang_multi_rs"", ""evaluation_path_source"": ""trace_poses"", ""planner_path_pose_count"": 11, ""evaluation_path_pose_count"": 115, ""analytic_attempts"": 57, ""analytic_successes"": 1, ""analytic_failure_count"": 56, ""analytic_candidate_radius_count"": 627, ""analytic_candidate_success_count"": 2, ""analytic_candidate_failure_count"": 625, ""analytic_rs_solve_time_s"": 0.015940587734803557, ""analytic_sample_time_s"": 0.011199963744729757, ""analytic_collision_check_time_s"": 0.020512117422185838, ""analytic_cost_eval_time_s"": 8.645805064588785e-05, ""analytic_total_time_s"": 0.05178497254382819, ""analytic_sample_count"": 37039, ""analytic_collision_check_count"": 969, ""planner_remediations"": [""analytic_expansion"", ""analytic_operator:dang_multi_rs""], ""fallback_to_primitives_count"": 56, ""rs_attempts"": 627, ""total_planner_time_s"": 0.36651015281677246, ""timing_protocol"": {""schema_version"": 1, ""adapter"": ""planner_run_from_path_stats"", ""total_time_s"": {""record_field"": ""EvaluationRun.total_time_s / EvaluationRecord.total_time_s"", ""source"": ""stats[\""time\""]"", ""semantics"": ""end_to_end_method_wall_clock_seconds""}, ""planner_time_s"": {""record_field"": ""EvaluationRun.metadata.total_planner_time_s / EvaluationRecord.metadata.total_planner_time_s"", ""source"": ""stats[\""time\""]"", ""available"": true, ""semantics"": ""planner_scoped_wall_clock_seconds"", ""included_components"": [""planner.plan reported wall-clock""]}, ""comparison_rule"": ""Use total_time_s for method comparisons; use metadata.total_planner_time_s only for timing audits and component accounting.""}}"
extreme_s02_q0017,ha_dang_multi_rs,Extreme,d12_16,False,False,2.5010154247283936,3746,,,,0,,,0,0,0,0,False,,,,dang_multi_rs,639,0,639,,,7029,,639,,,,,,,,,,,,,,,timeout,"{""profile_name"": ""extreme_d07"", ""map_seed"": 20480710, ""query_seed"": 20481711, ""analytic_operator"": ""dang_multi_rs"", ""evaluation_path_source"": ""planner_path"", ""planner_path_pose_count"": 0, ""evaluation_path_pose_count"": 0, ""analytic_attempts"": 639, ""analytic_successes"": 0, ""analytic_failure_count"": 639, ""analytic_candidate_radius_count"": 7029, ""analytic_candidate_success_count"": 0, ""analytic_candidate_failure_count"": 7029, ""analytic_rs_solve_time_s"": 0.20251944090705365, ""analytic_sample_time_s"": 0.11119276483077556, ""analytic_collision_check_time_s"": 0.3046329361386597, ""analytic_cost_eval_time_s"": 0.0, ""analytic_total_time_s"": 0.6627860363805667, ""analytic_sample_count"": 333534, ""analytic_collision_check_count"": 11110, ""fallback_to_primitives_count"": 639, ""rs_attempts"": 7029, ""total_planner_time_s"": 2.5010154247283936, ""timing_protocol"": {""schema_version"": 1, ""adapter"": ""planner_run_from_path_stats"", ""total_time_s"": {""record_field"": ""EvaluationRun.total_time_s / EvaluationRecord.total_time_s"", ""source"": ""stats[\""time\""]"", ""semantics"": ""end_to_end_method_wall_clock_seconds""}, ""planner_time_s"": {""record_field"": ""EvaluationRun.metadata.total_planner_time_s / EvaluationRecord.metadata.total_planner_time_s"", ""source"": ""stats[\""time\""]"", ""available"": true, ""semantics"": ""planner_scoped_wall_clock_seconds"", ""included_components"": [""planner.plan reported wall-clock""]}, ""comparison_rule"": ""Use total_time_s for method comparisons; use metadata.total_planner_time_s only for timing audits and component accounting.""}}"
extreme_s02_q0018,ha_dang_multi_rs,Extreme,d16_20,True,True,0.380418062210083,349,17.265478030196647,17.246798909580466,0.0010830485537698387,0,0.22747232503855094,0.07477200569086306,0,0,0,0,False,,,,dang_multi_rs,55,1,54,,,605,,54,,,,,,,,,,,,,,,,"{""profile_name"": ""extreme_d05"", ""map_seed"": 20480710, ""query_seed"": 20481712, ""analytic_operator"": ""dang_multi_rs"", ""evaluation_path_source"": ""trace_poses"", ""planner_path_pose_count"": 51, ""evaluation_path_pose_count"": 176, ""analytic_attempts"": 55, ""analytic_successes"": 1, ""analytic_failure_count"": 54, ""analytic_candidate_radius_count"": 605, ""analytic_candidate_success_count"": 11, ""analytic_candidate_failure_count"": 594, ""analytic_rs_solve_time_s"": 0.01810438046231866, ""analytic_sample_time_s"": 0.013623085338622332, ""analytic_collision_check_time_s"": 0.04108790960162878, ""analytic_cost_eval_time_s"": 0.0002083479193970561, ""analytic_total_time_s"": 0.07763602794148028, ""analytic_sample_count"": 44455, ""analytic_collision_check_count"": 1054, ""planner_remediations"": [""analytic_expansion"", ""analytic_operator:dang_multi_rs""], ""fallback_to_primitives_count"": 54, ""rs_attempts"": 605, ""total_planner_time_s"": 0.380418062210083, ""timing_protocol"": {""schema_version"": 1, ""adapter"": ""planner_run_from_path_stats"", ""total_time_s"": {""record_field"": ""EvaluationRun.total_time_s / EvaluationRecord.total_time_s"", ""source"": ""stats[\""time\""]"", ""semantics"": ""end_to_end_method_wall_clock_seconds""}, ""planner_time_s"": {""record_field"": ""EvaluationRun.metadata.total_planner_time_s / EvaluationRecord.metadata.total_planner_time_s"", ""source"": ""stats[\""time\""]"", ""available"": true, ""semantics"": ""planner_scoped_wall_clock_seconds"", ""included_components"": [""planner.plan reported wall-clock""]}, ""comparison_rule"": ""Use total_time_s for method comparisons; use metadata.total_planner_time_s only for timing audits and component accounting.""}}"
extreme_s02_q0019,ha_dang_multi_rs,Extreme,d20_inf,True,True,0.6958439350128174,1545,25.076429573959615,25.064984816215986,0.0004566034181765488,0,0.09387173413001848,0.07129255881262753,0,0,0,0,False,,,,dang_multi_rs,194,1,193,,,2134,,193,,,,,,,,,,,,,,,,"{""profile_name"": ""extreme_d06"", ""map_seed"": 20480710, ""query_seed"": 20481713, ""analytic_operator"": ""dang_multi_rs"", ""evaluation_path_source"": ""trace_poses"", ""planner_path_pose_count"": 21, ""evaluation_path_pose_count"": 254, ""analytic_attempts"": 194, ""analytic_successes"": 1, ""analytic_failure_count"": 193, ""analytic_candidate_radius_count"": 2134, ""analytic_candidate_success_count"": 11, ""analytic_candidate_failure_count"": 2123, ""analytic_rs_solve_time_s"": 0.056751435971818864, ""analytic_sample_time_s"": 0.0705601068912074, ""analytic_collision_check_time_s"": 0.09470771520864218, ""analytic_cost_eval_time_s"": 0.0009657940827310085, ""analytic_total_time_s"": 0.23996554897166789, ""analytic_sample_count"": 268258, ""analytic_collision_check_count"": 3235, ""planner_remediations"": [""analytic_expansion"", ""analytic_operator:dang_multi_rs""], ""fallback_to_primitives_count"": 193, ""rs_attempts"": 2134, ""total_planner_time_s"": 0.6958439350128174, ""timing_protocol"": {""schema_version"": 1, ""adapter"": ""planner_run_from_path_stats"", ""total_time_s"": {""record_field"": ""EvaluationRun.total_time_s / EvaluationRecord.total_time_s"", ""source"": ""stats[\""time\""]"", ""semantics"": ""end_to_end_method_wall_clock_seconds""}, ""planner_time_s"": {""record_field"": ""EvaluationRun.metadata.total_planner_time_s / EvaluationRecord.metadata.total_planner_time_s"", ""source"": ""stats[\""time\""]"", ""available"": true, ""semantics"": ""planner_scoped_wall_clock_seconds"", ""included_components"": [""planner.plan reported wall-clock""]}, ""comparison_rule"": ""Use total_time_s for method comparisons; use metadata.total_planner_time_s only for timing audits and component accounting.""}}"
extreme_s02_q0020,ha_dang_multi_rs,Extreme,d08_12,True,True,0.3207721710205078,291,10.756582004162825,10.656122607412655,0.009427387470212434,1,0.29671431218013505,0.06034537645037885,0,0,0,0,False,,,,dang_multi_rs,41,1,40,,,451,,40,,,,,,,,,,,,,,,,"{""profile_name"": ""extreme_d07"", ""map_seed"": 20480710, ""query_seed"": 20481714, ""analytic_operator"": ""dang_multi_rs"", ""evaluation_path_source"": ""trace_poses"", ""planner_path_pose_count"": 18, ""evaluation_path_pose_count"": 110, ""analytic_attempts"": 41, ""analytic_successes"": 1, ""analytic_failure_count"": 40, ""analytic_candidate_radius_count"": 451, ""analytic_candidate_success_count"": 1, ""analytic_candidate_failure_count"": 450, ""analytic_rs_solve_time_s"": 0.012566358200274408, ""analytic_sample_time_s"": 0.00844062922988087, ""analytic_collision_check_time_s"": 0.027456735144369304, ""analytic_cost_eval_time_s"": 3.4332042559981346e-05, ""analytic_total_time_s"": 0.05147612257860601, ""analytic_sample_count"": 27134, ""analytic_collision_check_count"": 715, ""planner_remediations"": [""analytic_expansion"", ""analytic_operator:dang_multi_rs""], ""fallback_to_primitives_count"": 40, ""rs_attempts"": 451, ""total_planner_time_s"": 0.3207721710205078, ""timing_protocol"": {""schema_version"": 1, ""adapter"": ""planner_run_from_path_stats"", ""total_time_s"": {""record_field"": ""EvaluationRun.total_time_s / EvaluationRecord.total_time_s"", ""source"": ""stats[\""time\""]"", ""semantics"": ""end_to_end_method_wall_clock_seconds""}, ""planner_time_s"": {""record_field"": ""EvaluationRun.metadata.total_planner_time_s / EvaluationRecord.metadata.total_planner_time_s"", ""source"": ""stats[\""time\""]"", ""available"": true, ""semantics"": ""planner_scoped_wall_clock_seconds"", ""included_components"": [""planner.plan reported wall-clock""]}, ""comparison_rule"": ""Use total_time_s for method comparisons; use metadata.total_planner_time_s only for timing audits and component accounting.""}}"
extreme_s02_q0021,ha_dang_multi_rs,Extreme,d12_16,True,True,0.4170520305633545,409,12.949885994162837,12.94987180034914,1.0960582403907182e-06,0,0.13188810006231644,0.0544006645174685,0,0,0,0,False,,,,dang_multi_rs,58,1,57,,,638,,57,,,,,,,,,,,,,,,,"{""profile_name"": ""extreme_d05"", ""map_seed"": 20480711, ""query_seed"": 20481711, ""analytic_operator"": ""dang_multi_rs"", ""evaluation_path_source"": ""trace_poses"", ""planner_path_pose_count"": 34, ""evaluation_path_pose_count"": 133, ""analytic_attempts"": 58, ""analytic_successes"": 1, ""analytic_failure_count"": 57, ""analytic_candidate_radius_count"": 638, ""analytic_candidate_success_count"": 5, ""analytic_candidate_failure_count"": 633, ""analytic_rs_solve_time_s"": 0.017232796642929316, ""analytic_sample_time_s"": 0.013912227936089039, ""analytic_collision_check_time_s"": 0.04530530120246112, ""analytic_cost_eval_time_s"": 0.00010745786130428314, ""analytic_total_time_s"": 0.08110510313417763, ""analytic_sample_count"": 46282, ""analytic_collision_check_count"": 1056, ""planner_remediations"": [""analytic_expansion"", ""analytic_operator:dang_multi_rs""], ""fallback_to_primitives_count"": 57, ""rs_attempts"": 638, ""total_planner_time_s"": 0.4170520305633545, ""timing_protocol"": {""schema_version"": 1, ""adapter"": ""planner_run_from_path_stats"", ""total_time_s"": {""record_field"": ""EvaluationRun.total_time_s / EvaluationRecord.total_time_s"", ""source"": ""stats[\""time\""]"", ""semantics"": ""end_to_end_method_wall_clock_seconds""}, ""planner_time_s"": {""record_field"": ""EvaluationRun.metadata.total_planner_time_s / EvaluationRecord.metadata.total_planner_time_s"", ""source"": ""stats[\""time\""]"", ""available"": true, ""semantics"": ""planner_scoped_wall_clock_seconds"", ""included_components"": [""planner.plan reported wall-clock""]}, ""comparison_rule"": ""Use total_time_s for method comparisons; use metadata.total_planner_time_s only for timing audits and component accounting.""}}"
extreme_s02_q0022,ha_dang_multi_rs,Extreme,d16_20,False,False,2.501418113708496,2896,,,,0,,,0,0,0,0,False,,,,dang_multi_rs,669,0,669,,,7359,,669,,,,,,,,,,,,,,,timeout,"{""profile_name"": ""extreme_d06"", ""map_seed"": 20480711, ""query_seed"": 20481712, ""analytic_operator"": ""dang_multi_rs"", ""evaluation_path_source"": ""planner_path"", ""planner_path_pose_count"": 0, ""evaluation_path_pose_count"": 0, ""analytic_attempts"": 669, ""analytic_successes"": 0, ""analytic_failure_count"": 669, ""analytic_candidate_radius_count"": 7359, ""analytic_candidate_success_count"": 0, ""analytic_candidate_failure_count"": 7359, ""analytic_rs_solve_time_s"": 0.23618965246714652, ""analytic_sample_time_s"": 0.12953307037241757, ""analytic_collision_check_time_s"": 0.5435984589857981, ""analytic_cost_eval_time_s"": 0.0, ""analytic_total_time_s"": 0.9609411029377952, ""analytic_sample_count"": 388769, ""analytic_collision_check_count"": 14012, ""fallback_to_primitives_count"": 669, ""rs_attempts"": 7359, ""total_planner_time_s"": 2.501418113708496, ""timing_protocol"": {""schema_version"": 1, ""adapter"": ""planner_run_from_path_stats"", ""total_time_s"": {""record_field"": ""EvaluationRun.total_time_s / EvaluationRecord.total_time_s"", ""source"": ""stats[\""time\""]"", ""semantics"": ""end_to_end_method_wall_clock_seconds""}, ""planner_time_s"": {""record_field"": ""EvaluationRun.metadata.total_planner_time_s / EvaluationRecord.metadata.total_planner_time_s"", ""source"": ""stats[\""time\""]"", ""available"": true, ""semantics"": ""planner_scoped_wall_clock_seconds"", ""included_components"": [""planner.plan reported wall-clock""]}, ""comparison_rule"": ""Use total_time_s for method comparisons; use metadata.total_planner_time_s only for timing audits and component accounting.""}}"
extreme_s02_q0023,ha_dang_multi_rs,Extreme,d20_inf,False,False,2.501199722290039,5473,,34.54026002836098,,0,,,0,0,0,0,False,,,,dang_multi_rs,685,0,685,,,7535,,685,,,,,,,,,,,,,,,timeout,"{""profile_name"": ""extreme_d07"", ""map_seed"": 20480711, ""query_seed"": 20481713, ""analytic_operator"": ""dang_multi_rs"", ""evaluation_path_source"": ""planner_path"", ""planner_path_pose_count"": 0, ""evaluation_path_pose_count"": 0, ""analytic_attempts"": 685, ""analytic_successes"": 0, ""analytic_failure_count"": 685, ""analytic_candidate_radius_count"": 7535, ""analytic_candidate_success_count"": 0, ""analytic_candidate_failure_count"": 7535, ""analytic_rs_solve_time_s"": 0.20659840863663703, ""analytic_sample_time_s"": 0.3516695440048352, ""analytic_collision_check_time_s"": 0.546943222405389, ""analytic_cost_eval_time_s"": 0.0, ""analytic_total_time_s"": 1.1787825085921213, ""analytic_sample_count"": 1327800, ""analytic_collision_check_count"": 14071, ""fallback_to_primitives_count"": 685, ""rs_attempts"": 7535, ""total_planner_time_s"": 2.501199722290039, ""timing_protocol"": {""schema_version"": 1, ""adapter"": ""planner_run_from_path_stats"", ""total_time_s"": {""record_field"": ""EvaluationRun.total_time_s / EvaluationRecord.total_time_s"", ""source"": ""stats[\""time\""]"", ""semantics"": ""end_to_end_method_wall_clock_seconds""}, ""planner_time_s"": {""record_field"": ""EvaluationRun.metadata.total_planner_time_s / EvaluationRecord.metadata.total_planner_time_s"", ""source"": ""stats[\""time\""]"", ""available"": true, ""semantics"": ""planner_scoped_wall_clock_seconds"", ""included_components"": [""planner.plan reported wall-clock""]}, ""comparison_rule"": ""Use total_time_s for method comparisons; use metadata.total_planner_time_s only for timing audits and component accounting.""}}"
extreme_s03_q0024,ha_dang_multi_rs,Extreme,d08_12,True,True,0.23024487495422363,133,11.819074979527796,11.78169121564689,0.003173038844479281,0,0.2791124744591665,0.08384895886684063,0,0,0,0,False,,,,dang_multi_rs,20,1,19,,,220,,19,,,,,,,,,,,,,,,,"{""profile_name"": ""extreme_d05"", ""map_seed"": 20490710, ""query_seed"": 20491710, ""analytic_operator"": ""dang_multi_rs"", ""evaluation_path_source"": ""trace_poses"", ""planner_path_pose_count"": 27, ""evaluation_path_pose_count"": 120, ""analytic_attempts"": 20, ""analytic_successes"": 1, ""analytic_failure_count"": 19, ""analytic_candidate_radius_count"": 220, ""analytic_candidate_success_count"": 11, ""analytic_candidate_failure_count"": 209, ""analytic_rs_solve_time_s"": 0.005941386218182743, ""analytic_sample_time_s"": 0.004063579603098333, ""analytic_collision_check_time_s"": 0.011999869369901717, ""analytic_cost_eval_time_s"": 0.0002835829509422183, ""analytic_total_time_s"": 0.023779912968166173, ""analytic_sample_count"": 13251, ""analytic_collision_check_count"": 345, ""planner_remediations"": [""analytic_expansion"", ""analytic_operator:dang_multi_rs""], ""fallback_to_primitives_count"": 19, ""rs_attempts"": 220, ""total_planner_time_s"": 0.23024487495422363, ""timing_protocol"": {""schema_version"": 1, ""adapter"": ""planner_run_from_path_stats"", ""total_time_s"": {""record_field"": ""EvaluationRun.total_time_s / EvaluationRecord.total_time_s"", ""source"": ""stats[\""time\""]"", ""semantics"": ""end_to_end_method_wall_clock_seconds""}, ""planner_time_s"": {""record_field"": ""EvaluationRun.metadata.total_planner_time_s / EvaluationRecord.metadata.total_planner_time_s"", ""source"": ""stats[\""time\""]"", ""available"": true, ""semantics"": ""planner_scoped_wall_clock_seconds"", ""included_components"": [""planner.plan reported wall-clock""]}, ""comparison_rule"": ""Use total_time_s for method comparisons; use metadata.total_planner_time_s only for timing audits and component accounting.""}}"
extreme_s03_q0025,ha_dang_multi_rs,Extreme,d12_16,False,False,2.5001797676086426,3623,,,,0,,,0,0,0,0,False,,,,dang_multi_rs,568,0,568,,,6248,,568,,,,,,,,,,,,,,,timeout,"{""profile_name"": ""extreme_d06"", ""map_seed"": 20490710, ""query_seed"": 20491711, ""analytic_operator"": ""dang_multi_rs"", ""evaluation_path_source"": ""planner_path"", ""planner_path_pose_count"": 0, ""evaluation_path_pose_count"": 0, ""analytic_attempts"": 568, ""analytic_successes"": 0, ""analytic_failure_count"": 568, ""analytic_candidate_radius_count"": 6248, ""analytic_candidate_success_count"": 0, ""analytic_candidate_failure_count"": 6248, ""analytic_rs_solve_time_s"": 0.17370711429975927, ""analytic_sample_time_s"": 0.13030969607643783, ""analytic_collision_check_time_s"": 0.3234596378169954, ""analytic_cost_eval_time_s"": 0.0, ""analytic_total_time_s"": 0.6702445686096326, ""analytic_sample_count"": 388861, ""analytic_collision_check_count"": 10660, ""fallback_to_primitives_count"": 568, ""rs_attempts"": 6248, ""total_planner_time_s"": 2.5001797676086426, ""timing_protocol"": {""schema_version"": 1, ""adapter"": ""planner_run_from_path_stats"", ""total_time_s"": {""record_field"": ""EvaluationRun.total_time_s / EvaluationRecord.total_time_s"", ""source"": ""stats[\""time\""]"", ""semantics"": ""end_to_end_method_wall_clock_seconds""}, ""planner_time_s"": {""record_field"": ""EvaluationRun.metadata.total_planner_time_s / EvaluationRecord.metadata.total_planner_time_s"", ""source"": ""stats[\""time\""]"", ""available"": true, ""semantics"": ""planner_scoped_wall_clock_seconds"", ""included_components"": [""planner.plan reported wall-clock""]}, ""comparison_rule"": ""Use total_time_s for method comparisons; use metadata.total_planner_time_s only for timing audits and component accounting.""}}"
extreme_s03_q0026,ha_dang_multi_rs,Extreme,d16_20,True,True,0.3754613399505615,369,20.201262568590273,20.08927827347302,0.005574331421608347,0,0.3005189180847106,0.053619645043950004,0,0,0,0,False,,,,dang_multi_rs,76,1,75,,,836,,75,,,,,,,,,,,,,,,,"{""profile_name"": ""extreme_d07"", ""map_seed"": 20490710, ""query_seed"": 20491712, ""analytic_operator"": ""dang_multi_rs"", ""evaluation_path_source"": ""trace_poses"", ""planner_path_pose_count"": 55, ""evaluation_path_pose_count"": 205, ""analytic_attempts"": 76, ""analytic_successes"": 1, ""analytic_failure_count"": 75, ""analytic_candidate_radius_count"": 836, ""analytic_candidate_success_count"": 1, ""analytic_candidate_failure_count"": 835, ""analytic_rs_solve_time_s"": 0.027270547347143292, ""analytic_sample_time_s"": 0.012799494550563395, ""analytic_collision_check_time_s"": 0.0355235660681501, ""analytic_cost_eval_time_s"": 2.6138033717870712e-05, ""analytic_total_time_s"": 0.08081086736638099, ""analytic_sample_count"": 38416, ""analytic_collision_check_count"": 1359, ""planner_remediations"": [""analytic_expansion"", ""analytic_operator:dang_multi_rs""], ""fallback_to_primitives_count"": 75, ""rs_attempts"": 836, ""total_planner_time_s"": 0.3754613399505615, ""timing_protocol"": {""schema_version"": 1, ""adapter"": ""planner_run_from_path_stats"", ""total_time_s"": {""record_field"": ""EvaluationRun.total_time_s / EvaluationRecord.total_time_s"", ""source"": ""stats[\""time\""]"", ""semantics"": ""end_to_end_method_wall_clock_seconds""}, ""planner_time_s"": {""record_field"": ""EvaluationRun.metadata.total_planner_time_s / EvaluationRecord.metadata.total_planner_time_s"", ""source"": ""stats[\""time\""]"", ""available"": true, ""semantics"": ""planner_scoped_wall_clock_seconds"", ""included_components"": [""planner.plan reported wall-clock""]}, ""comparison_rule"": ""Use total_time_s for method comparisons; use metadata.total_planner_time_s only for timing audits and component accounting.""}}"
extreme_s03_q0027,ha_dang_multi_rs,Extreme,d20_inf,True,True,0.1851959228515625,121,21.96010565913446,21.885551134697295,0.0034065637176925456,0,0.08742882421900128,0.06426323928287259,0,0,0,0,False,,,,dang_multi_rs,16,1,15,,,176,,15,,,,,,,,,,,,,,,,"{""profile_name"": ""extreme_d05"", ""map_seed"": 20490710, ""query_seed"": 20491713, ""analytic_operator"": ""dang_multi_rs"", ""evaluation_path_source"": ""trace_poses"", ""planner_path_pose_count"": 9, ""evaluation_path_pose_count"": 221, ""analytic_attempts"": 16, ""analytic_successes"": 1, ""analytic_failure_count"": 15, ""analytic_candidate_radius_count"": 176, ""analytic_candidate_success_count"": 8, ""analytic_candidate_failure_count"": 168, ""analytic_rs_solve_time_s"": 0.004564436268992722, ""analytic_sample_time_s"": 0.003980319248512387, ""analytic_collision_check_time_s"": 0.00987481011543423, ""analytic_cost_eval_time_s"": 0.0007217852398753166, ""analytic_total_time_s"": 0.0203123347600922, ""analytic_sample_count"": 14166, ""analytic_collision_check_count"": 235, ""planner_remediations"": [""analytic_expansion"", ""analytic_operator:dang_multi_rs""], ""fallback_to_primitives_count"": 15, ""rs_attempts"": 176, ""total_planner_time_s"": 0.1851959228515625, ""timing_protocol"": {""schema_version"": 1, ""adapter"": ""planner_run_from_path_stats"", ""total_time_s"": {""record_field"": ""EvaluationRun.total_time_s / EvaluationRecord.total_time_s"", ""source"": ""stats[\""time\""]"", ""semantics"": ""end_to_end_method_wall_clock_seconds""}, ""planner_time_s"": {""record_field"": ""EvaluationRun.metadata.total_planner_time_s / EvaluationRecord.metadata.total_planner_time_s"", ""source"": ""stats[\""time\""]"", ""available"": true, ""semantics"": ""planner_scoped_wall_clock_seconds"", ""included_components"": [""planner.plan reported wall-clock""]}, ""comparison_rule"": ""Use total_time_s for method comparisons; use metadata.total_planner_time_s only for timing audits and component accounting.""}}"
extreme_s03_q0028,ha_dang_multi_rs,Extreme,d08_12,True,True,0.20502328872680664,85,9.22890340233204,9.135634077468618,0.010209398063945496,0,0.42506296130621357,0.10646579575344162,0,0,0,0,False,,,,dang_multi_rs,19,1,18,,,209,,18,,,,,,,,,,,,,,,,"{""profile_name"": ""extreme_d06"", ""map_seed"": 20490710, ""query_seed"": 20491714, ""analytic_operator"": ""dang_multi_rs"", ""evaluation_path_source"": ""trace_poses"", ""planner_path_pose_count"": 23, ""evaluation_path_pose_count"": 95, ""analytic_attempts"": 19, ""analytic_successes"": 1, ""analytic_failure_count"": 18, ""analytic_candidate_radius_count"": 209, ""analytic_candidate_success_count"": 3, ""analytic_candidate_failure_count"": 206, ""analytic_rs_solve_time_s"": 0.007160130538977683, ""analytic_sample_time_s"": 0.0025803454918786883, ""analytic_collision_check_time_s"": 0.009311320027336478, ""analytic_cost_eval_time_s"": 5.920801777392626e-05, ""analytic_total_time_s"": 0.020321923424489796, ""analytic_sample_count"": 7175, ""analytic_collision_check_count"": 327, ""planner_remediations"": [""analytic_expansion"", ""analytic_operator:dang_multi_rs""], ""fallback_to_primitives_count"": 18, ""rs_attempts"": 209, ""total_planner_time_s"": 0.20502328872680664, ""timing_protocol"": {""schema_version"": 1, ""adapter"": ""planner_run_from_path_stats"", ""total_time_s"": {""record_field"": ""EvaluationRun.total_time_s / EvaluationRecord.total_time_s"", ""source"": ""stats[\""time\""]"", ""semantics"": ""end_to_end_method_wall_clock_seconds""}, ""planner_time_s"": {""record_field"": ""EvaluationRun.metadata.total_planner_time_s / EvaluationRecord.metadata.total_planner_time_s"", ""source"": ""stats[\""time\""]"", ""available"": true, ""semantics"": ""planner_scoped_wall_clock_seconds"", ""included_components"": [""planner.plan reported wall-clock""]}, ""comparison_rule"": ""Use total_time_s for method comparisons; use metadata.total_planner_time_s only for timing audits and component accounting.""}}"
extreme_s03_q0029,ha_dang_multi_rs,Extreme,d12_16,False,False,2.5011093616485596,2457,,15.853469377372004,,0,,,0,0,0,0,False,,,,dang_multi_rs,690,0,690,,,7590,,690,,,,,,,,,,,,,,,timeout,"{""profile_name"": ""extreme_d07"", ""map_seed"": 20490711, ""query_seed"": 20491711, ""analytic_operator"": ""dang_multi_rs"", ""evaluation_path_source"": ""planner_path"", ""planner_path_pose_count"": 0, ""evaluation_path_pose_count"": 0, ""analytic_attempts"": 690, ""analytic_successes"": 0, ""analytic_failure_count"": 690, ""analytic_candidate_radius_count"": 7590, ""analytic_candidate_success_count"": 0, ""analytic_candidate_failure_count"": 7590, ""analytic_rs_solve_time_s"": 0.2639976203208789, ""analytic_sample_time_s"": 0.1111288481624797, ""analytic_collision_check_time_s"": 0.6384893662761897, ""analytic_cost_eval_time_s"": 0.0, ""analytic_total_time_s"": 1.063426026958041, ""analytic_sample_count"": 305032, ""analytic_collision_check_count"": 13827, ""fallback_to_primitives_count"": 690, ""rs_attempts"": 7590, ""total_planner_time_s"": 2.5011093616485596, ""timing_protocol"": {""schema_version"": 1, ""adapter"": ""planner_run_from_path_stats"", ""total_time_s"": {""record_field"": ""EvaluationRun.total_time_s / EvaluationRecord.total_time_s"", ""source"": ""stats[\""time\""]"", ""semantics"": ""end_to_end_method_wall_clock_seconds""}, ""planner_time_s"": {""record_field"": ""EvaluationRun.metadata.total_planner_time_s / EvaluationRecord.metadata.total_planner_time_s"", ""source"": ""stats[\""time\""]"", ""available"": true, ""semantics"": ""planner_scoped_wall_clock_seconds"", ""included_components"": [""planner.plan reported wall-clock""]}, ""comparison_rule"": ""Use total_time_s for method comparisons; use metadata.total_planner_time_s only for timing audits and component accounting.""}}"
extreme_s03_q0030,ha_dang_multi_rs,Extreme,d16_20,True,True,0.40840649604797363,470,16.925649950001176,16.863110761288024,0.00370863891001183,0,0.19783172949941663,0.06429080074408511,0,0,0,0,False,,,,dang_multi_rs,65,1,64,,,715,,64,,,,,,,,,,,,,,,,"{""profile_name"": ""extreme_d05"", ""map_seed"": 20490711, ""query_seed"": 20491712, ""analytic_operator"": ""dang_multi_rs"", ""evaluation_path_source"": ""trace_poses"", ""planner_path_pose_count"": 32, ""evaluation_path_pose_count"": 171, ""analytic_attempts"": 65, ""analytic_successes"": 1, ""analytic_failure_count"": 64, ""analytic_candidate_radius_count"": 715, ""analytic_candidate_success_count"": 1, ""analytic_candidate_failure_count"": 714, ""analytic_rs_solve_time_s"": 0.01796649524476379, ""analytic_sample_time_s"": 0.014200350735336542, ""analytic_collision_check_time_s"": 0.0338636445812881, ""analytic_cost_eval_time_s"": 4.050601273775101e-05, ""analytic_total_time_s"": 0.07079630251973867, ""analytic_sample_count"": 48966, ""analytic_collision_check_count"": 1129, ""planner_remediations"": [""analytic_expansion"", ""analytic_operator:dang_multi_rs""], ""fallback_to_primitives_count"": 64, ""rs_attempts"": 715, ""total_planner_time_s"": 0.40840649604797363, ""timing_protocol"": {""schema_version"": 1, ""adapter"": ""planner_run_from_path_stats"", ""total_time_s"": {""record_field"": ""EvaluationRun.total_time_s / EvaluationRecord.total_time_s"", ""source"": ""stats[\""time\""]"", ""semantics"": ""end_to_end_method_wall_clock_seconds""}, ""planner_time_s"": {""record_field"": ""EvaluationRun.metadata.total_planner_time_s / EvaluationRecord.metadata.total_planner_time_s"", ""source"": ""stats[\""time\""]"", ""available"": true, ""semantics"": ""planner_scoped_wall_clock_seconds"", ""included_components"": [""planner.plan reported wall-clock""]}, ""comparison_rule"": ""Use total_time_s for method comparisons; use metadata.total_planner_time_s only for timing audits and component accounting.""}}"
extreme_s03_q0031,ha_dang_multi_rs,Extreme,d20_inf,False,False,2.500396490097046,4052,,,,0,,,0,0,0,0,False,,,,dang_multi_rs,507,0,507,,,5577,,507,,,,,,,,,,,,,,,timeout,"{""profile_name"": ""extreme_d06"", ""map_seed"": 20490711, ""query_seed"": 20491713, ""analytic_operator"": ""dang_multi_rs"", ""evaluation_path_source"": ""planner_path"", ""planner_path_pose_count"": 0, ""evaluation_path_pose_count"": 0, ""analytic_attempts"": 507, ""analytic_successes"": 0, ""analytic_failure_count"": 507, ""analytic_candidate_radius_count"": 5577, ""analytic_candidate_success_count"": 0, ""analytic_candidate_failure_count"": 5577, ""analytic_rs_solve_time_s"": 0.14704740222077817, ""analytic_sample_time_s"": 0.1888981870142743, ""analytic_collision_check_time_s"": 0.35320015146862715, ""analytic_cost_eval_time_s"": 0.0, ""analytic_total_time_s"": 0.7364534876542166, ""analytic_sample_count"": 664303, ""analytic_collision_check_count"": 10115, ""fallback_to_primitives_count"": 507, ""rs_attempts"": 5577, ""total_planner_time_s"": 2.500396490097046, ""timing_protocol"": {""schema_version"": 1, ""adapter"": ""planner_run_from_path_stats"", ""total_time_s"": {""record_field"": ""EvaluationRun.total_time_s / EvaluationRecord.total_time_s"", ""source"": ""stats[\""time\""]"", ""semantics"": ""end_to_end_method_wall_clock_seconds""}, ""planner_time_s"": {""record_field"": ""EvaluationRun.metadata.total_planner_time_s / EvaluationRecord.metadata.total_planner_time_s"", ""source"": ""stats[\""time\""]"", ""available"": true, ""semantics"": ""planner_scoped_wall_clock_seconds"", ""included_components"": [""planner.plan reported wall-clock""]}, ""comparison_rule"": ""Use total_time_s for method comparisons; use metadata.total_planner_time_s only for timing audits and component accounting.""}}"
extreme_s04_q0032,ha_dang_multi_rs,Extreme,d08_12,True,True,0.35597896575927734,277,10.252075830287811,10.221272890705585,0.003013610918287446,0,0.3181414193534063,0.07358406685153795,0,0,0,0,False,,,,dang_multi_rs,71,1,70,,,781,,70,,,,,,,,,,,,,,,,"{""profile_name"": ""extreme_d07"", ""map_seed"": 20500710, ""query_seed"": 20501710, ""analytic_operator"": ""dang_multi_rs"", ""evaluation_path_source"": ""trace_poses"", ""planner_path_pose_count"": 24, ""evaluation_path_pose_count"": 105, ""analytic_attempts"": 71, ""analytic_successes"": 1, ""analytic_failure_count"": 70, ""analytic_candidate_radius_count"": 781, ""analytic_candidate_success_count"": 1, ""analytic_candidate_failure_count"": 780, ""analytic_rs_solve_time_s"": 0.026880579069256783, ""analytic_sample_time_s"": 0.011699552065692842, ""analytic_collision_check_time_s"": 0.037815350224263966, ""analytic_cost_eval_time_s"": 2.3671076633036137e-05, ""analytic_total_time_s"": 0.08144530933350325, ""analytic_sample_count"": 33582, ""analytic_collision_check_count"": 1370, ""planner_remediations"": [""analytic_expansion"", ""analytic_operator:dang_multi_rs""], ""fallback_to_primitives_count"": 70, ""rs_attempts"": 781, ""total_planner_time_s"": 0.35597896575927734, ""timing_protocol"": {""schema_version"": 1, ""adapter"": ""planner_run_from_path_stats"", ""total_time_s"": {""record_field"": ""EvaluationRun.total_time_s / EvaluationRecord.total_time_s"", ""source"": ""stats[\""time\""]"", ""semantics"": ""end_to_end_method_wall_clock_seconds""}, ""planner_time_s"": {""record_field"": ""EvaluationRun.metadata.total_planner_time_s / EvaluationRecord.metadata.total_planner_time_s"", ""source"": ""stats[\""time\""]"", ""available"": true, ""semantics"": ""planner_scoped_wall_clock_seconds"", ""included_components"": [""planner.plan reported wall-clock""]}, ""comparison_rule"": ""Use total_time_s for method comparisons; use metadata.total_planner_time_s only for timing audits and component accounting.""}}"
extreme_s04_q0033,ha_dang_multi_rs,Extreme,d12_16,False,False,2.500756025314331,3379,,,,0,,,0,0,0,0,False,,,,dang_multi_rs,538,0,538,,,5918,,538,,,,,,,,,,,,,,,timeout,"{""profile_name"": ""extreme_d05"", ""map_seed"": 20500710, ""query_seed"": 20501711, ""analytic_operator"": ""dang_multi_rs"", ""evaluation_path_source"": ""planner_path"", ""planner_path_pose_count"": 0, ""evaluation_path_pose_count"": 0, ""analytic_attempts"": 538, ""analytic_successes"": 0, ""analytic_failure_count"": 538, ""analytic_candidate_radius_count"": 5918, ""analytic_candidate_success_count"": 0, ""analytic_candidate_failure_count"": 5918, ""analytic_rs_solve_time_s"": 0.17172166239470243, ""analytic_sample_time_s"": 0.11971060663927346, ""analytic_collision_check_time_s"": 0.45824562304187566, ""analytic_cost_eval_time_s"": 0.0, ""analytic_total_time_s"": 0.7907381576951593, ""analytic_sample_count"": 392014, ""analytic_collision_check_count"": 10392, ""fallback_to_primitives_count"": 538, ""rs_attempts"": 5918, ""total_planner_time_s"": 2.500756025314331, ""timing_protocol"": {""schema_version"": 1, ""adapter"": ""planner_run_from_path_stats"", ""total_time_s"": {""record_field"": ""EvaluationRun.total_time_s / EvaluationRecord.total_time_s"", ""source"": ""stats[\""time\""]"", ""semantics"": ""end_to_end_method_wall_clock_seconds""}, ""planner_time_s"": {""record_field"": ""EvaluationRun.metadata.total_planner_time_s / EvaluationRecord.metadata.total_planner_time_s"", ""source"": ""stats[\""time\""]"", ""available"": true, ""semantics"": ""planner_scoped_wall_clock_seconds"", ""included_components"": [""planner.plan reported wall-clock""]}, ""comparison_rule"": ""Use total_time_s for method comparisons; use metadata.total_planner_time_s only for timing audits and component accounting.""}}"
extreme_s04_q0034,ha_dang_multi_rs,Extreme,d16_20,True,True,0.565892219543457,655,19.823255143869424,19.757214540967006,0.003342606963419925,0,0.39405231197819174,0.07450486127702305,0,0,0,0,False,,,,dang_multi_rs,116,1,115,,,1276,,115,,,,,,,,,,,,,,,,"{""profile_name"": ""extreme_d06"", ""map_seed"": 20500710, ""query_seed"": 20501712, ""analytic_operator"": ""dang_multi_rs"", ""evaluation_path_source"": ""trace_poses"", ""planner_path_pose_count"": 60, ""evaluation_path_pose_count"": 201, ""analytic_attempts"": 116, ""analytic_successes"": 1, ""analytic_failure_count"": 115, ""analytic_candidate_radius_count"": 1276, ""analytic_candidate_success_count"": 3, ""analytic_candidate_failure_count"": 1273, ""analytic_rs_solve_time_s"": 0.038318777340464294, ""analytic_sample_time_s"": 0.027371820411644876, ""analytic_collision_check_time_s"": 0.09092470072209835, ""analytic_cost_eval_time_s"": 5.0956965424120426e-05, ""analytic_total_time_s"": 0.16555743222124875, ""analytic_sample_count"": 93514, ""analytic_collision_check_count"": 2214, ""planner_remediations"": [""analytic_expansion"", ""analytic_operator:dang_multi_rs""], ""fallback_to_primitives_count"": 115, ""rs_attempts"": 1276, ""total_planner_time_s"": 0.565892219543457, ""timing_protocol"": {""schema_version"": 1, ""adapter"": ""planner_run_from_path_stats"", ""total_time_s"": {""record_field"": ""EvaluationRun.total_time_s / EvaluationRecord.total_time_s"", ""source"": ""stats[\""time\""]"", ""semantics"": ""end_to_end_method_wall_clock_seconds""}, ""planner_time_s"": {""record_field"": ""EvaluationRun.metadata.total_planner_time_s / EvaluationRecord.metadata.total_planner_time_s"", ""source"": ""stats[\""time\""]"", ""available"": true, ""semantics"": ""planner_scoped_wall_clock_seconds"", ""included_components"": [""planner.plan reported wall-clock""]}, ""comparison_rule"": ""Use total_time_s for method comparisons; use metadata.total_planner_time_s only for timing audits and component accounting.""}}"
extreme_s04_q0035,ha_dang_multi_rs,Extreme,d20_inf,True,True,1.4308562278747559,1747,21.43651075910269,21.39071711124958,0.0021408187306177773,0,0.3758903271055992,0.07392835269278875,0,0,0,0,False,,,,dang_multi_rs,368,1,367,,,4048,,367,,,,,,,,,,,,,,,,"{""profile_name"": ""extreme_d07"", ""map_seed"": 20500710, ""query_seed"": 20501713, ""analytic_operator"": ""dang_multi_rs"", ""evaluation_path_source"": ""trace_poses"", ""planner_path_pose_count"": 62, ""evaluation_path_pose_count"": 216, ""analytic_attempts"": 368, ""analytic_successes"": 1, ""analytic_failure_count"": 367, ""analytic_candidate_radius_count"": 4048, ""analytic_candidate_success_count"": 3, ""analytic_candidate_failure_count"": 4045, ""analytic_rs_solve_time_s"": 0.13143829931505024, ""analytic_sample_time_s"": 0.07315936288796365, ""analytic_collision_check_time_s"": 0.24478588462807238, ""analytic_cost_eval_time_s"": 6.984500214457512e-05, ""analytic_total_time_s"": 0.4762530025327578, ""analytic_sample_count"": 198905, ""analytic_collision_check_count"": 7216, ""planner_remediations"": [""analytic_expansion"", ""analytic_operator:dang_multi_rs""], ""fallback_to_primitives_count"": 367, ""rs_attempts"": 4048, ""total_planner_time_s"": 1.4308562278747559, ""timing_protocol"": {""schema_version"": 1, ""adapter"": ""planner_run_from_path_stats"", ""total_time_s"": {""record_field"": ""EvaluationRun.total_time_s / EvaluationRecord.total_time_s"", ""source"": ""stats[\""time\""]"", ""semantics"": ""end_to_end_method_wall_clock_seconds""}, ""planner_time_s"": {""record_field"": ""EvaluationRun.metadata.total_planner_time_s / EvaluationRecord.metadata.total_planner_time_s"", ""source"": ""stats[\""time\""]"", ""available"": true, ""semantics"": ""planner_scoped_wall_clock_seconds"", ""included_components"": [""planner.plan reported wall-clock""]}, ""comparison_rule"": ""Use total_time_s for method comparisons; use metadata.total_planner_time_s only for timing audits and component accounting.""}}"
extreme_s04_q0036,ha_dang_multi_rs,Extreme,d08_12,True,True,0.16141724586486816,29,11.741819692865255,11.74077186158414,8.924722270964303e-05,0,0.10599888513265138,0.11083851098914954,0,0,0,0,False,,,,dang_multi_rs,4,1,3,,,44,,3,,,,,,,,,,,,,,,,"{""profile_name"": ""extreme_d05"", ""map_seed"": 20500710, ""query_seed"": 20501714, ""analytic_operator"": ""dang_multi_rs"", ""evaluation_path_source"": ""trace_poses"", ""planner_path_pose_count"": 14, ""evaluation_path_pose_count"": 120, ""analytic_attempts"": 4, ""analytic_successes"": 1, ""analytic_failure_count"": 3, ""analytic_candidate_radius_count"": 44, ""analytic_candidate_success_count"": 11, ""analytic_candidate_failure_count"": 33, ""analytic_rs_solve_time_s"": 0.0011148203630000353, ""analytic_sample_time_s"": 0.0007788041839376092, ""analytic_collision_check_time_s"": 0.0035751615650951862, ""analytic_cost_eval_time_s"": 0.000445122248493135, ""analytic_total_time_s"": 0.006241925759240985, ""analytic_sample_count"": 2444, ""analytic_collision_check_count"": 66, ""planner_remediations"": [""analytic_expansion"", ""analytic_operator:dang_multi_rs""], ""fallback_to_primitives_count"": 3, ""rs_attempts"": 44, ""total_planner_time_s"": 0.16141724586486816, ""timing_protocol"": {""schema_version"": 1, ""adapter"": ""planner_run_from_path_stats"", ""total_time_s"": {""record_field"": ""EvaluationRun.total_time_s / EvaluationRecord.total_time_s"", ""source"": ""stats[\""time\""]"", ""semantics"": ""end_to_end_method_wall_clock_seconds""}, ""planner_time_s"": {""record_field"": ""EvaluationRun.metadata.total_planner_time_s / EvaluationRecord.metadata.total_planner_time_s"", ""source"": ""stats[\""time\""]"", ""available"": true, ""semantics"": ""planner_scoped_wall_clock_seconds"", ""included_components"": [""planner.plan reported wall-clock""]}, ""comparison_rule"": ""Use total_time_s for method comparisons; use metadata.total_planner_time_s only for timing audits and component accounting.""}}"
extreme_s04_q0037,ha_dang_multi_rs,Extreme,d12_16,True,True,0.19545459747314453,105,15.720920600217154,15.721786629485658,-5.508465983627975e-05,0,0.04034686034325464,0.10342254318072552,0,0,0,0,False,,,,dang_multi_rs,14,1,13,,,154,,13,,,,,,,,,,,,,,,,"{""profile_name"": ""extreme_d06"", ""map_seed"": 20500711, ""query_seed"": 20501711, ""analytic_operator"": ""dang_multi_rs"", ""evaluation_path_source"": ""trace_poses"", ""planner_path_pose_count"": 11, ""evaluation_path_pose_count"": 160, ""analytic_attempts"": 14, ""analytic_successes"": 1, ""analytic_failure_count"": 13, ""analytic_candidate_radius_count"": 154, ""analytic_candidate_success_count"": 10, ""analytic_candidate_failure_count"": 144, ""analytic_rs_solve_time_s"": 0.003920012270100415, ""analytic_sample_time_s"": 0.003609447507187724, ""analytic_collision_check_time_s"": 0.009367405204102397, ""analytic_cost_eval_time_s"": 0.0006096711149439216, ""analytic_total_time_s"": 0.018601421965286136, ""analytic_sample_count"": 12946, ""analytic_collision_check_count"": 237, ""planner_remediations"": [""analytic_expansion"", ""analytic_operator:dang_multi_rs""], ""fallback_to_primitives_count"": 13, ""rs_attempts"": 154, ""total_planner_time_s"": 0.19545459747314453, ""timing_protocol"": {""schema_version"": 1, ""adapter"": ""planner_run_from_path_stats"", ""total_time_s"": {""record_field"": ""EvaluationRun.total_time_s / EvaluationRecord.total_time_s"", ""source"": ""stats[\""time\""]"", ""semantics"": ""end_to_end_method_wall_clock_seconds""}, ""planner_time_s"": {""record_field"": ""EvaluationRun.metadata.total_planner_time_s / EvaluationRecord.metadata.total_planner_time_s"", ""source"": ""stats[\""time\""]"", ""available"": true, ""semantics"": ""planner_scoped_wall_clock_seconds"", ""included_components"": [""planner.plan reported wall-clock""]}, ""comparison_rule"": ""Use total_time_s for method comparisons; use metadata.total_planner_time_s only for timing audits and component accounting.""}}"
extreme_s04_q0038,ha_dang_multi_rs,Extreme,d16_20,True,True,0.14827609062194824,9,16.847218125423257,16.803336567843214,0.002611478821653801,0,0.07740099429152407,0.1514294915523109,0,0,0,0,False,,,,dang_multi_rs,2,1,1,,,22,,1,,,,,,,,,,,,,,,,"{""profile_name"": ""extreme_d07"", ""map_seed"": 20500711, ""query_seed"": 20501712, ""analytic_operator"": ""dang_multi_rs"", ""evaluation_path_source"": ""trace_poses"", ""planner_path_pose_count"": 10, ""evaluation_path_pose_count"": 171, ""analytic_attempts"": 2, ""analytic_successes"": 1, ""analytic_failure_count"": 1, ""analytic_candidate_radius_count"": 22, ""analytic_candidate_success_count"": 11, ""analytic_candidate_failure_count"": 11, ""analytic_rs_solve_time_s"": 0.0005888210143893957, ""analytic_sample_time_s"": 0.0009424347663298249, ""analytic_collision_check_time_s"": 0.006103409337811172, ""analytic_cost_eval_time_s"": 0.0007307209307327867, ""analytic_total_time_s"": 0.008606182062067091, ""analytic_sample_count"": 3539, ""analytic_collision_check_count"": 44, ""planner_remediations"": [""analytic_expansion"", ""analytic_operator:dang_multi_rs""], ""fallback_to_primitives_count"": 1, ""rs_attempts"": 22, ""total_planner_time_s"": 0.14827609062194824, ""timing_protocol"": {""schema_version"": 1, ""adapter"": ""planner_run_from_path_stats"", ""total_time_s"": {""record_field"": ""EvaluationRun.total_time_s / EvaluationRecord.total_time_s"", ""source"": ""stats[\""time\""]"", ""semantics"": ""end_to_end_method_wall_clock_seconds""}, ""planner_time_s"": {""record_field"": ""EvaluationRun.metadata.total_planner_time_s / EvaluationRecord.metadata.total_planner_time_s"", ""source"": ""stats[\""time\""]"", ""available"": true, ""semantics"": ""planner_scoped_wall_clock_seconds"", ""included_components"": [""planner.plan reported wall-clock""]}, ""comparison_rule"": ""Use total_time_s for method comparisons; use metadata.total_planner_time_s only for timing audits and component accounting.""}}"
extreme_s04_q0039,ha_dang_multi_rs,Extreme,d20_inf,False,False,2.500950813293457,3921,,,,0,,,0,0,0,0,False,,,,dang_multi_rs,554,0,554,,,6094,,554,,,,,,,,,,,,,,,timeout,"{""profile_name"": ""extreme_d05"", ""map_seed"": 20500711, ""query_seed"": 20501713, ""analytic_operator"": ""dang_multi_rs"", ""evaluation_path_source"": ""planner_path"", ""planner_path_pose_count"": 0, ""evaluation_path_pose_count"": 0, ""analytic_attempts"": 554, ""analytic_successes"": 0, ""analytic_failure_count"": 554, ""analytic_candidate_radius_count"": 6094, ""analytic_candidate_success_count"": 0, ""analytic_candidate_failure_count"": 6094, ""analytic_rs_solve_time_s"": 0.16687738650944084, ""analytic_sample_time_s"": 0.1740452196681872, ""analytic_collision_check_time_s"": 0.630261821905151, ""analytic_cost_eval_time_s"": 0.0, ""analytic_total_time_s"": 1.0188547043362632, ""analytic_sample_count"": 613658, ""analytic_collision_check_count"": 10966, ""fallback_to_primitives_count"": 554, ""rs_attempts"": 6094, ""total_planner_time_s"": 2.500950813293457, ""timing_protocol"": {""schema_version"": 1, ""adapter"": ""planner_run_from_path_stats"", ""total_time_s"": {""record_field"": ""EvaluationRun.total_time_s / EvaluationRecord.total_time_s"", ""source"": ""stats[\""time\""]"", ""semantics"": ""end_to_end_method_wall_clock_seconds""}, ""planner_time_s"": {""record_field"": ""EvaluationRun.metadata.total_planner_time_s / EvaluationRecord.metadata.total_planner_time_s"", ""source"": ""stats[\""time\""]"", ""available"": true, ""semantics"": ""planner_scoped_wall_clock_seconds"", ""included_components"": [""planner.plan reported wall-clock""]}, ""comparison_rule"": ""Use total_time_s for method comparisons; use metadata.total_planner_time_s only for timing audits and component accounting.""}}"
