query_id,method,difficulty_bucket,distance_bin_key,success,feasible,total_time_s,total_expansions,path_length_m,reference_path_length_m,path_inflation_ratio,direction_switches,mean_abs_curvature,min_clearance_m,collision_violation_count,fallback_f1_count,fallback_f2_count,fallback_f3_count,fallback_triggered,subgoal_reachable_count,subgoal_attempt_count,subgoal_reachability_rate,failure_reason,metadata
easy_s00_q0000,vanilla_ha,Easy,d08_12,True,True,0.16546940803527832,31,11.524127090907884,,,0,0.19314390437337084,0.25159669996508605,0,0,0,0,False,,,,,"{""profile_name"": ""easy_d00"", ""map_seed"": 20260620, ""query_seed"": 20261620}"
easy_s00_q0000,f_n3p_knn,Easy,d08_12,True,True,0.15636212984099984,1,12.106060708974818,11.524127090907884,0.05049698024643079,0,0.14166496858320146,0.5566764354918532,0,1,0,0,True,0,1,0.0,,"{""profile_name"": ""easy_d00"", ""map_seed"": 20260620, ""query_seed"": 20261620}"
easy_s00_q0000,n3p_k1,Easy,d08_12,True,True,1.174248622963205,956,11.576111126078334,11.524127090907884,0.004510887007785902,0,0.19227656650761007,0.25159669996508516,0,0,1,0,True,0,0,,,"{""profile_name"": ""easy_d00"", ""map_seed"": 20260620, ""query_seed"": 20261620}"
easy_s00_q0000,voronoi_waypoint,Easy,d08_12,True,True,0.3253375398926437,2,12.078845991520877,11.524127090907884,0.04813543761163874,0,0.1426606229369492,0.8347427224643271,0,0,0,0,False,,,,,"{""profile_name"": ""easy_d00"", ""map_seed"": 20260620, ""query_seed"": 20261620, ""waypoint_count"": 1}"
easy_s00_q0000,bottleneck_waypoint,Easy,d08_12,True,True,0.32668678811751306,2,12.20223925475594,11.524127090907884,0.05884282241065031,0,0.17299136801068146,0.8347427224643271,0,0,0,0,False,,,,,"{""profile_name"": ""easy_d00"", ""map_seed"": 20260620, ""query_seed"": 20261620, ""waypoint_count"": 1, ""bottleneck_count"": 1}"
easy_s00_q0001,vanilla_ha,Easy,d12_16,True,True,0.1509394645690918,1,15.061540425866143,,,0,0.0,0.861672769705861,0,0,0,0,False,,,,,"{""profile_name"": ""easy_d01"", ""map_seed"": 20260620, ""query_seed"": 20261621}"
easy_s00_q0001,f_n3p_knn,Easy,d12_16,True,True,0.0006114810239523649,0,15.061540425866143,15.061540425866143,0.0,0,0.0,0.861672769705859,0,0,0,0,False,0,0,,,"{""profile_name"": ""easy_d01"", ""map_seed"": 20260620, ""query_seed"": 20261621}"
easy_s00_q0001,n3p_k1,Easy,d12_16,True,True,0.0006097650621086359,0,15.061540425866143,15.061540425866143,0.0,0,0.0,0.861672769705859,0,0,0,0,False,0,0,,,"{""profile_name"": ""easy_d01"", ""map_seed"": 20260620, ""query_seed"": 20261621}"
easy_s00_q0001,voronoi_waypoint,Easy,d12_16,True,True,0.6262630438432097,4,18.885563699584154,15.061540425866143,0.25389323838023703,1,0.34044084586578904,1.0544116690825727,0,0,0,0,False,,,,,"{""profile_name"": ""easy_d01"", ""map_seed"": 20260620, ""query_seed"": 20261621, ""waypoint_count"": 3}"
easy_s00_q0001,bottleneck_waypoint,Easy,d12_16,True,True,0.48171741305850446,3,17.343526703937304,15.061540425866143,0.15151081586264303,3,0.17839915668652795,1.1632628596288197,0,0,0,0,False,,,,,"{""profile_name"": ""easy_d01"", ""map_seed"": 20260620, ""query_seed"": 20261621, ""waypoint_count"": 2, ""bottleneck_count"": 2}"
easy_s00_q0002,vanilla_ha,Easy,d16_20,True,True,0.2861483097076416,187,19.4998178408498,,,0,0.2516770400292865,0.06923297781811322,0,0,0,0,False,,,,,"{""profile_name"": ""easy_d00"", ""map_seed"": 20260620, ""query_seed"": 20261622}"
easy_s00_q0002,f_n3p_knn,Easy,d16_20,True,True,0.45500587299466133,3,21.678285047015894,19.4998178408498,0.11171731058956169,3,0.174760389489377,0.21773634068156356,0,3,0,0,True,1,3,0.3333333333333333,,"{""profile_name"": ""easy_d00"", ""map_seed"": 20260620, ""query_seed"": 20261622}"
easy_s00_q0002,n3p_k1,Easy,d16_20,True,True,0.49395696306601167,63,20.721775351999298,19.4998178408498,0.06266507313671621,2,0.21317397448316683,0.11263683484992637,0,0,2,0,True,1,1,1.0,,"{""profile_name"": ""easy_d00"", ""map_seed"": 20260620, ""query_seed"": 20261622}"
easy_s00_q0002,voronoi_waypoint,Easy,d16_20,True,True,0.6126455029007047,4,21.56826633749853,19.4998178408498,0.1060752727810399,0,0.14003133895282724,0.4878326551291756,0,0,0,0,False,,,,,"{""profile_name"": ""easy_d00"", ""map_seed"": 20260620, ""query_seed"": 20261622, ""waypoint_count"": 3}"
easy_s00_q0002,bottleneck_waypoint,Easy,d16_20,True,True,0.6129082089755684,4,21.636882603399883,19.4998178408498,0.10959408851877517,0,0.20682800998532508,0.48799185294755754,0,0,0,0,False,,,,,"{""profile_name"": ""easy_d00"", ""map_seed"": 20260620, ""query_seed"": 20261622, ""waypoint_count"": 3, ""bottleneck_count"": 3}"
easy_s00_q0003,vanilla_ha,Easy,d20_inf,True,True,0.3847064971923828,313,26.83481530490054,,,0,0.23648896951565462,0.18108113998712927,0,0,0,0,False,,,,,"{""profile_name"": ""easy_d01"", ""map_seed"": 20260620, ""query_seed"": 20261623}"
easy_s00_q0003,f_n3p_knn,Easy,d20_inf,True,True,0.6098886509425938,4,27.887299341484344,26.83481530490054,0.03922084145634486,2,0.1224622200229994,0.0709387013478201,0,2,0,0,True,3,4,0.75,,"{""profile_name"": ""easy_d01"", ""map_seed"": 20260620, ""query_seed"": 20261623}"
easy_s00_q0003,n3p_k1,Easy,d20_inf,True,True,0.518282979959622,107,27.439326252918992,26.83481530490054,0.022527114166798645,2,0.11028807010664765,0.0709387013478201,0,0,1,0,True,2,2,1.0,,"{""profile_name"": ""easy_d01"", ""map_seed"": 20260620, ""query_seed"": 20261623}"
easy_s00_q0003,voronoi_waypoint,Easy,d20_inf,True,True,0.7679401568602771,5,26.568551395677385,26.83481530490054,-0.009922330606632945,0,0.14160964582407773,0.5657970511535388,0,0,0,0,False,,,,,"{""profile_name"": ""easy_d01"", ""map_seed"": 20260620, ""query_seed"": 20261623, ""waypoint_count"": 4}"
easy_s00_q0003,bottleneck_waypoint,Easy,d20_inf,True,True,1.3516855188645422,9,26.56165791140376,26.83481530490054,-0.01017921645418951,0,0.23321619137444757,0.7338239617748519,0,0,0,0,False,,,,,"{""profile_name"": ""easy_d01"", ""map_seed"": 20260620, ""query_seed"": 20261623, ""waypoint_count"": 8, ""bottleneck_count"": 8}"
easy_s00_q0004,vanilla_ha,Easy,d08_12,True,False,0.29566001892089844,249,8.982276581574968,,,0,0.2671928411693574,0.06399356224547792,3,0,0,0,False,,,,,"{""profile_name"": ""easy_d00"", ""map_seed"": 20260620, ""query_seed"": 20261624}"
easy_s00_q0004,f_n3p_knn,Easy,d08_12,True,True,0.30447084992192686,249,9.002376017285822,,,0,0.266596284735459,0.1133120197909987,0,4,1,0,True,0,0,,,"{""profile_name"": ""easy_d00"", ""map_seed"": 20260620, ""query_seed"": 20261624}"
easy_s00_q0004,n3p_k1,Easy,d08_12,True,True,0.3034126260317862,249,9.002376017285822,,,0,0.266596284735459,0.1133120197909987,0,0,1,0,True,0,0,,,"{""profile_name"": ""easy_d00"", ""map_seed"": 20260620, ""query_seed"": 20261624}"
easy_s00_q0004,voronoi_waypoint,Easy,d08_12,True,True,0.4387493720278144,158,8.952227056709729,,,0,0.2265568436580149,0.2042166257377951,0,0,0,0,False,,,,,"{""profile_name"": ""easy_d00"", ""map_seed"": 20260620, ""query_seed"": 20261624, ""waypoint_count"": 1}"
easy_s00_q0004,bottleneck_waypoint,Easy,d08_12,True,True,0.4708930058404803,3,9.112591472988868,,,0,0.2732430649965816,0.24891509088408093,0,0,0,0,False,,,,,"{""profile_name"": ""easy_d00"", ""map_seed"": 20260620, ""query_seed"": 20261624, ""waypoint_count"": 2, ""bottleneck_count"": 2}"
easy_s00_q0005,vanilla_ha,Easy,d12_16,True,True,0.1477365493774414,1,14.905368160498421,,,0,0.0,0.45534326306370865,0,0,0,0,False,,,,,"{""profile_name"": ""easy_d01"", ""map_seed"": 20260621, ""query_seed"": 20261621}"
easy_s00_q0005,f_n3p_knn,Easy,d12_16,True,True,0.0006280269008129835,0,14.90536816049842,14.905368160498421,-1.1102230246251565e-16,0,1.4896955414592445e-17,0.45534326306370865,0,0,0,0,False,0,0,,,"{""profile_name"": ""easy_d01"", ""map_seed"": 20260621, ""query_seed"": 20261621}"
easy_s00_q0005,n3p_k1,Easy,d12_16,True,True,0.0006097969599068165,0,14.90536816049842,14.905368160498421,-1.1102230246251565e-16,0,1.4896955414592445e-17,0.45534326306370865,0,0,0,0,False,0,0,,,"{""profile_name"": ""easy_d01"", ""map_seed"": 20260621, ""query_seed"": 20261621}"
easy_s00_q0005,voronoi_waypoint,Easy,d12_16,True,True,0.4740016357973218,3,17.48306397044169,14.905368160498421,0.17293741303046573,0,0.27466272186789553,0.6372798438149812,0,0,0,0,False,,,,,"{""profile_name"": ""easy_d01"", ""map_seed"": 20260621, ""query_seed"": 20261621, ""waypoint_count"": 2}"
easy_s00_q0005,bottleneck_waypoint,Easy,d12_16,True,True,0.4768239271361381,3,15.66503959806849,14.905368160498421,0.05096629814104947,0,0.20787694414791974,0.6372798438149812,0,0,0,0,False,,,,,"{""profile_name"": ""easy_d01"", ""map_seed"": 20260621, ""query_seed"": 20261621, ""waypoint_count"": 2, ""bottleneck_count"": 2}"
easy_s00_q0006,vanilla_ha,Easy,d16_20,True,False,0.6601381301879883,1257,20.1558535410932,,,0,0.11678830296606701,0.036195437845995104,4,0,0,0,False,,,,,"{""profile_name"": ""easy_d00"", ""map_seed"": 20260621, ""query_seed"": 20261622}"
easy_s00_q0006,f_n3p_knn,Easy,d16_20,True,True,0.46277000405825675,3,21.685074394270455,,,2,0.17785000469119577,0.06498161211891462,0,1,0,0,True,2,3,0.6666666666666666,,"{""profile_name"": ""easy_d00"", ""map_seed"": 20260621, ""query_seed"": 20261622}"
easy_s00_q0006,n3p_k1,Easy,d16_20,True,True,0.6669487389735878,1257,20.174836576698183,,,0,0.11667841377291203,0.06151067239716668,0,0,1,0,True,0,0,,,"{""profile_name"": ""easy_d00"", ""map_seed"": 20260621, ""query_seed"": 20261622}"
easy_s00_q0006,voronoi_waypoint,Easy,d16_20,True,True,0.6199312130920589,4,21.920819633273013,,,0,0.18319035132373446,0.3850610243131991,0,0,0,0,False,,,,,"{""profile_name"": ""easy_d00"", ""map_seed"": 20260621, ""query_seed"": 20261622, ""waypoint_count"": 3}"
easy_s00_q0006,bottleneck_waypoint,Easy,d16_20,True,True,0.6194802669342607,4,21.027556457113022,,,0,0.13088039291958506,0.49042136628649113,0,0,0,0,False,,,,,"{""profile_name"": ""easy_d00"", ""map_seed"": 20260621, ""query_seed"": 20261622, ""waypoint_count"": 3, ""bottleneck_count"": 3}"
easy_s00_q0007,vanilla_ha,Easy,d20_inf,False,False,2.5004701614379883,2594,,,,0,,,0,0,0,0,False,,,,timeout,"{""profile_name"": ""easy_d01"", ""map_seed"": 20260621, ""query_seed"": 20261623}"
easy_s00_q0007,f_n3p_knn,Easy,d20_inf,False,False,3.9959554069209844,3628,,,,0,,,0,12,2,1,True,1,2,0.5,f2_failed:prediction:goal_in_collision;goal:timeout;f3_failed:timeout,"{""profile_name"": ""easy_d01"", ""map_seed"": 20260621, ""query_seed"": 20261623}"
easy_s00_q0007,n3p_k1,Easy,d20_inf,False,False,3.8333760590758175,3755,,,,0,,,0,0,2,1,True,1,1,1.0,f2_failed:prediction:goal_in_collision;goal:timeout;f3_failed:timeout,"{""profile_name"": ""easy_d01"", ""map_seed"": 20260621, ""query_seed"": 20261623}"
easy_s00_q0007,voronoi_waypoint,Easy,d20_inf,True,True,0.9064930039457977,6,29.983653266197255,,,5,0.2935221753220707,0.06221063694887402,0,0,0,0,False,,,,,"{""profile_name"": ""easy_d01"", ""map_seed"": 20260621, ""query_seed"": 20261623, ""waypoint_count"": 5}"
easy_s00_q0007,bottleneck_waypoint,Easy,d20_inf,True,True,1.057119962060824,11,27.466168316569515,,,2,0.21741155800311018,0.054920411692891524,0,0,0,0,False,,,,,"{""profile_name"": ""easy_d01"", ""map_seed"": 20260621, ""query_seed"": 20261623, ""waypoint_count"": 6, ""bottleneck_count"": 6}"
easy_s00_q0008,vanilla_ha,Easy,d08_12,True,True,0.23192071914672852,121,12.041994745208493,,,0,0.20915815269686316,0.11934593393800441,0,0,0,0,False,,,,,"{""profile_name"": ""easy_d00"", ""map_seed"": 20260621, ""query_seed"": 20261624}"
easy_s00_q0008,f_n3p_knn,Easy,d08_12,True,True,0.15546080097556114,1,12.411365867465413,12.041994745208493,0.030673582747068773,0,0.12376934074921364,0.11320801101669997,0,0,0,0,False,1,1,1.0,,"{""profile_name"": ""easy_d00"", ""map_seed"": 20260621, ""query_seed"": 20261624}"
easy_s00_q0008,n3p_k1,Easy,d08_12,True,True,0.15518052293919027,1,12.411365867465413,12.041994745208493,0.030673582747068773,0,0.12376934074921364,0.11320801101669997,0,0,0,0,False,1,1,1.0,,"{""profile_name"": ""easy_d00"", ""map_seed"": 20260621, ""query_seed"": 20261624}"
easy_s00_q0008,voronoi_waypoint,Easy,d08_12,True,True,0.47402827395126224,3,13.221608172898858,12.041994745208493,0.0979583077927959,0,0.2901865871306098,0.11934593393800441,0,0,0,0,False,,,,,"{""profile_name"": ""easy_d00"", ""map_seed"": 20260621, ""query_seed"": 20261624, ""waypoint_count"": 2}"
easy_s00_q0008,bottleneck_waypoint,Easy,d08_12,True,True,0.47558969305828214,3,13.509725239845825,12.041994745208493,0.12188433276150867,0,0.273798680013333,0.11934593393800441,0,0,0,0,False,,,,,"{""profile_name"": ""easy_d00"", ""map_seed"": 20260621, ""query_seed"": 20261624, ""waypoint_count"": 2, ""bottleneck_count"": 2}"
easy_s00_q0009,vanilla_ha,Easy,d12_16,True,True,0.14593935012817383,1,14.605478424207817,,,0,0.0,0.1314943978513654,0,0,0,0,False,,,,,"{""profile_name"": ""easy_d01"", ""map_seed"": 20260621, ""query_seed"": 20261625}"
easy_s00_q0009,f_n3p_knn,Easy,d12_16,True,True,0.0006244869437068701,0,14.605478424207815,14.605478424207817,-1.1102230246251565e-16,0,0.0,0.1314943978513654,0,0,0,0,False,0,0,,,"{""profile_name"": ""easy_d01"", ""map_seed"": 20260621, ""query_seed"": 20261625}"
easy_s00_q0009,n3p_k1,Easy,d12_16,True,True,0.0005943821743130684,0,14.605478424207815,14.605478424207817,-1.1102230246251565e-16,0,0.0,0.1314943978513654,0,0,0,0,False,0,0,,,"{""profile_name"": ""easy_d01"", ""map_seed"": 20260621, ""query_seed"": 20261625}"
easy_s00_q0009,voronoi_waypoint,Easy,d12_16,True,True,0.4719820050522685,3,15.927840111673348,14.605478424207817,0.09053874505567627,0,0.3225952898752495,0.13345284962279136,0,0,0,0,False,,,,,"{""profile_name"": ""easy_d01"", ""map_seed"": 20260621, ""query_seed"": 20261625, ""waypoint_count"": 2}"
easy_s00_q0009,bottleneck_waypoint,Easy,d12_16,True,True,0.4718685920815915,3,15.114320163459679,14.605478424207817,0.03483910108747157,0,0.13634444889097186,0.13345284962279136,0,0,0,0,False,,,,,"{""profile_name"": ""easy_d01"", ""map_seed"": 20260621, ""query_seed"": 20261625, ""waypoint_count"": 2, ""bottleneck_count"": 2}"
easy_s00_q0010,vanilla_ha,Easy,d16_20,True,True,0.14663434028625488,1,17.31415605797753,,,0,0.0,0.46641652717472915,0,0,0,0,False,,,,,"{""profile_name"": ""easy_d00"", ""map_seed"": 20260622, ""query_seed"": 20261622}"
easy_s00_q0010,f_n3p_knn,Easy,d16_20,True,True,0.0007133861072361469,0,17.314156057977527,17.31415605797753,-2.220446049250313e-16,0,9.618340803682606e-18,0.46641652717473003,0,0,0,0,False,0,0,,,"{""profile_name"": ""easy_d00"", ""map_seed"": 20260622, ""query_seed"": 20261622}"
easy_s00_q0010,n3p_k1,Easy,d16_20,True,True,0.0006761199329048395,0,17.314156057977527,17.31415605797753,-2.220446049250313e-16,0,9.618340803682606e-18,0.46641652717473003,0,0,0,0,False,0,0,,,"{""profile_name"": ""easy_d00"", ""map_seed"": 20260622, ""query_seed"": 20261622}"
easy_s00_q0010,voronoi_waypoint,Easy,d16_20,True,True,0.614350977120921,4,21.112786768590606,17.31415605797753,0.21939450573814412,2,0.20774384912113444,0.46641652717472837,0,0,0,0,False,,,,,"{""profile_name"": ""easy_d00"", ""map_seed"": 20260622, ""query_seed"": 20261622, ""waypoint_count"": 3}"
easy_s00_q0010,bottleneck_waypoint,Easy,d16_20,True,True,0.614131721900776,4,21.891916703380467,17.31415605797753,0.2643940963725877,3,0.24041713061294964,0.2681675500215531,0,0,0,0,False,,,,,"{""profile_name"": ""easy_d00"", ""map_seed"": 20260622, ""query_seed"": 20261622, ""waypoint_count"": 3, ""bottleneck_count"": 3}"
easy_s00_q0011,vanilla_ha,Easy,d20_inf,True,True,0.19382596015930176,97,25.706501764786925,,,0,0.045901247537871025,0.1347643055261416,0,0,0,0,False,,,,,"{""profile_name"": ""easy_d01"", ""map_seed"": 20260622, ""query_seed"": 20261623}"
easy_s00_q0011,f_n3p_knn,Easy,d20_inf,True,True,0.1563941570930183,1,24.76470429663526,25.706501764786925,-0.036636547312779544,0,0.02012196721355381,0.1347643055261416,0,0,0,0,False,1,1,1.0,,"{""profile_name"": ""easy_d01"", ""map_seed"": 20260622, ""query_seed"": 20261623}"
easy_s00_q0011,n3p_k1,Easy,d20_inf,True,True,0.1565184099599719,1,24.76470429663526,25.706501764786925,-0.036636547312779544,0,0.02012196721355381,0.1347643055261416,0,0,0,0,False,1,1,1.0,,"{""profile_name"": ""easy_d01"", ""map_seed"": 20260622, ""query_seed"": 20261623}"
easy_s00_q0011,voronoi_waypoint,Easy,d20_inf,True,True,0.9173273639753461,6,29.018361902875572,25.706501764786925,0.1288335600227517,3,0.26020194269895475,0.1347643055261416,0,0,0,0,False,,,,,"{""profile_name"": ""easy_d01"", ""map_seed"": 20260622, ""query_seed"": 20261623, ""waypoint_count"": 5}"
easy_s00_q0011,bottleneck_waypoint,Easy,d20_inf,True,True,0.7754179951734841,5,26.752536353131536,25.706501764786925,0.04069144055133478,2,0.17259870963068016,0.1347643055261416,0,0,0,0,False,,,,,"{""profile_name"": ""easy_d01"", ""map_seed"": 20260622, ""query_seed"": 20261623, ""waypoint_count"": 4, ""bottleneck_count"": 4}"
easy_s00_q0012,vanilla_ha,Easy,d08_12,True,True,0.1446213722229004,1,9.90050503762308,,,0,0.0,0.2883443625036989,0,0,0,0,False,,,,,"{""profile_name"": ""easy_d00"", ""map_seed"": 20260622, ""query_seed"": 20261624}"
easy_s00_q0012,f_n3p_knn,Easy,d08_12,True,True,0.00045556388795375824,0,9.900505037623082,9.90050503762308,2.220446049250313e-16,0,0.0,0.2883443625036989,0,0,0,0,False,0,0,,,"{""profile_name"": ""easy_d00"", ""map_seed"": 20260622, ""query_seed"": 20261624}"
easy_s00_q0012,n3p_k1,Easy,d08_12,True,True,0.00043084705248475075,0,9.900505037623082,9.90050503762308,2.220446049250313e-16,0,0.0,0.2883443625036989,0,0,0,0,False,0,0,,,"{""profile_name"": ""easy_d00"", ""map_seed"": 20260622, ""query_seed"": 20261624}"
easy_s00_q0012,voronoi_waypoint,Easy,d08_12,True,True,0.37405361817218363,74,11.081928571167165,9.90050503762308,0.11932962298938654,0,0.2740117978412647,0.20078584351822704,0,0,0,0,False,,,,,"{""profile_name"": ""easy_d00"", ""map_seed"": 20260622, ""query_seed"": 20261624, ""waypoint_count"": 1}"
easy_s00_q0012,bottleneck_waypoint,Easy,d08_12,True,True,0.3293166619259864,2,11.011727765043611,9.90050503762308,0.1122389941924935,0,0.2211178830965691,0.20217828848727892,0,0,0,0,False,,,,,"{""profile_name"": ""easy_d00"", ""map_seed"": 20260622, ""query_seed"": 20261624, ""waypoint_count"": 1, ""bottleneck_count"": 1}"
easy_s00_q0013,vanilla_ha,Easy,d12_16,True,True,0.14963626861572266,1,13.452509059651291,,,0,0.0,0.3858084384481699,0,0,0,0,False,,,,,"{""profile_name"": ""easy_d01"", ""map_seed"": 20260622, ""query_seed"": 20261625}"
easy_s00_q0013,f_n3p_knn,Easy,d12_16,True,True,0.0005586100742220879,0,13.452509059651288,13.452509059651291,-2.220446049250313e-16,0,3.301162689286258e-17,0.3858084384481699,0,0,0,0,False,0,0,,,"{""profile_name"": ""easy_d01"", ""map_seed"": 20260622, ""query_seed"": 20261625}"
easy_s00_q0013,n3p_k1,Easy,d12_16,True,True,0.0005604380276054144,0,13.452509059651288,13.452509059651291,-2.220446049250313e-16,0,3.301162689286258e-17,0.3858084384481699,0,0,0,0,False,0,0,,,"{""profile_name"": ""easy_d01"", ""map_seed"": 20260622, ""query_seed"": 20261625}"
easy_s00_q0013,voronoi_waypoint,Easy,d12_16,True,True,0.4791446109302342,3,15.379408675001262,13.452509059651291,0.1432371914269439,2,0.34793874277469844,0.5723225497230298,0,0,0,0,False,,,,,"{""profile_name"": ""easy_d01"", ""map_seed"": 20260622, ""query_seed"": 20261625, ""waypoint_count"": 2}"
easy_s00_q0013,bottleneck_waypoint,Easy,d12_16,True,True,0.4812869750894606,3,13.911868554853541,13.452509059651291,0.03414675233931108,0,0.18736380584234838,0.5200635329292899,0,0,0,0,False,,,,,"{""profile_name"": ""easy_d01"", ""map_seed"": 20260622, ""query_seed"": 20261625, ""waypoint_count"": 2, ""bottleneck_count"": 2}"
easy_s00_q0014,vanilla_ha,Easy,d16_20,True,True,1.0936055183410645,1157,19.289479295120923,,,0,0.21296250650129234,0.07390204733765726,0,0,0,0,False,,,,,"{""profile_name"": ""easy_d00"", ""map_seed"": 20260622, ""query_seed"": 20261626}"
easy_s00_q0014,f_n3p_knn,Easy,d16_20,True,True,1.9433024970348924,2234,19.308173494297126,19.289479295120923,0.0009691396481050774,0,0.21275631592014954,0.1304580877238991,0,4,1,1,True,0,0,,,"{""profile_name"": ""easy_d00"", ""map_seed"": 20260622, ""query_seed"": 20261626}"
easy_s00_q0014,n3p_k1,Easy,d16_20,True,True,1.9413171529304236,2233,19.308173494297126,19.289479295120923,0.0009691396481050774,0,0.21275631592014954,0.1304580877238991,0,0,1,1,True,0,0,,,"{""profile_name"": ""easy_d00"", ""map_seed"": 20260622, ""query_seed"": 20261626}"
easy_s00_q0014,voronoi_waypoint,Easy,d16_20,True,True,0.6165365390479565,4,21.876915698898614,19.289479295120923,0.13413718246050088,2,0.17636011866510012,0.6589654660349389,0,0,0,0,False,,,,,"{""profile_name"": ""easy_d00"", ""map_seed"": 20260622, ""query_seed"": 20261626, ""waypoint_count"": 3}"
easy_s00_q0014,bottleneck_waypoint,Easy,d16_20,True,True,0.6221844749525189,4,19.9237856369716,19.289479295120923,0.03288353885276307,0,0.13565041059430977,0.6589654660349393,0,0,0,0,False,,,,,"{""profile_name"": ""easy_d00"", ""map_seed"": 20260622, ""query_seed"": 20261626, ""waypoint_count"": 3, ""bottleneck_count"": 3}"
easy_s00_q0015,vanilla_ha,Easy,d20_inf,True,True,0.27165985107421875,297,25.1598428501632,,,0,0.12658742917074733,0.11843854091412964,0,0,0,0,False,,,,,"{""profile_name"": ""easy_d01"", ""map_seed"": 20260623, ""query_seed"": 20261623}"
easy_s00_q0015,f_n3p_knn,Easy,d20_inf,True,True,0.3635078698862344,122,24.953475017528486,25.1598428501632,-0.008202270334664585,0,0.15883609727784384,0.11787169363919237,0,4,1,0,True,1,1,1.0,,"{""profile_name"": ""easy_d01"", ""map_seed"": 20260623, ""query_seed"": 20261623}"
easy_s00_q0015,n3p_k1,Easy,d20_inf,True,True,0.3601512999739498,122,24.953475017528486,25.1598428501632,-0.008202270334664585,0,0.15883609727784384,0.11787169363919237,0,0,1,0,True,1,1,1.0,,"{""profile_name"": ""easy_d01"", ""map_seed"": 20260623, ""query_seed"": 20261623}"
easy_s00_q0015,voronoi_waypoint,Easy,d20_inf,True,True,0.9119412950240076,6,26.985415071478382,25.1598428501632,0.07255896756538527,2,0.19012443471692023,0.25993327940858135,0,0,0,0,False,,,,,"{""profile_name"": ""easy_d01"", ""map_seed"": 20260623, ""query_seed"": 20261623, ""waypoint_count"": 5}"
easy_s00_q0015,bottleneck_waypoint,Easy,d20_inf,True,True,0.9248593661468476,24,26.551846401214213,25.1598428501632,0.05532640085794416,0,0.3513423653250116,0.08097955856576822,0,0,0,0,False,,,,,"{""profile_name"": ""easy_d01"", ""map_seed"": 20260623, ""query_seed"": 20261623, ""waypoint_count"": 5, ""bottleneck_count"": 5}"
easy_s00_q0016,vanilla_ha,Easy,d08_12,True,True,0.1840662956237793,64,12.470689139301896,,,0,0.10818454583959408,0.159113882054725,0,0,0,0,False,,,,,"{""profile_name"": ""easy_d00"", ""map_seed"": 20260623, ""query_seed"": 20261624}"
easy_s00_q0016,f_n3p_knn,Easy,d08_12,True,True,0.19413809315301478,64,12.498256849789906,12.470689139301896,0.0022106004070880925,0,0.10794592054369667,0.159113882054725,0,4,1,0,True,0,0,,,"{""profile_name"": ""easy_d00"", ""map_seed"": 20260623, ""query_seed"": 20261624}"
easy_s00_q0016,n3p_k1,Easy,d08_12,True,True,0.19327202416025102,64,12.498256849789906,12.470689139301896,0.0022106004070880925,0,0.10794592054369667,0.159113882054725,0,0,1,0,True,0,0,,,"{""profile_name"": ""easy_d00"", ""map_seed"": 20260623, ""query_seed"": 20261624}"
easy_s00_q0016,voronoi_waypoint,Easy,d08_12,True,True,0.48837505700066686,15,13.37102206251451,12.470689139301896,0.07219592383031803,0,0.27964744424551796,0.08270202275697058,0,0,0,0,False,,,,,"{""profile_name"": ""easy_d00"", ""map_seed"": 20260623, ""query_seed"": 20261624, ""waypoint_count"": 2}"
easy_s00_q0016,bottleneck_waypoint,Easy,d08_12,True,True,0.47809356707148254,3,12.855587704855674,12.470689139301896,0.030864257881367152,0,0.2330182634286102,0.40075938358452223,0,0,0,0,False,,,,,"{""profile_name"": ""easy_d00"", ""map_seed"": 20260623, ""query_seed"": 20261624, ""waypoint_count"": 2, ""bottleneck_count"": 2}"
easy_s00_q0017,vanilla_ha,Easy,d12_16,False,False,2.50053071975708,2633,,,,0,,,0,0,0,0,False,,,,timeout,"{""profile_name"": ""easy_d01"", ""map_seed"": 20260623, ""query_seed"": 20261625}"
easy_s00_q0017,f_n3p_knn,Easy,d12_16,True,True,0.697120649041608,499,17.97748823276998,,,1,0.2599482284181121,0.08121037153098165,0,8,2,0,True,0,0,,,"{""profile_name"": ""easy_d01"", ""map_seed"": 20260623, ""query_seed"": 20261625}"
easy_s00_q0017,n3p_k1,Easy,d12_16,True,True,0.6948171891272068,499,17.97748823276998,,,1,0.2599482284181121,0.08121037153098165,0,0,2,0,True,0,0,,,"{""profile_name"": ""easy_d01"", ""map_seed"": 20260623, ""query_seed"": 20261625}"
easy_s00_q0017,voronoi_waypoint,Easy,d12_16,True,True,0.6249574241228402,4,19.909172363995395,,,3,0.3872037160351454,0.07479617915009595,0,0,0,0,False,,,,,"{""profile_name"": ""easy_d01"", ""map_seed"": 20260623, ""query_seed"": 20261625, ""waypoint_count"": 3}"
easy_s00_q0017,bottleneck_waypoint,Easy,d12_16,False,False,1.483029882889241,905,11.994053285754193,,,0,0.3568535010250025,0.6610579856402732,0,0,0,0,False,,,,segment_failed:timeout,"{""profile_name"": ""easy_d01"", ""map_seed"": 20260623, ""query_seed"": 20261625, ""waypoint_count"": 3, ""bottleneck_count"": 3}"
easy_s00_q0018,vanilla_ha,Easy,d16_20,False,False,2.500070571899414,3624,,,,0,,,0,0,0,0,False,,,,timeout,"{""profile_name"": ""easy_d00"", ""map_seed"": 20260623, ""query_seed"": 20261626}"
easy_s00_q0018,f_n3p_knn,Easy,d16_20,True,True,0.6051726047880948,4,19.384596030768382,,,0,0.06751115710086335,0.07043827550233317,0,2,0,0,True,3,4,0.75,,"{""profile_name"": ""easy_d00"", ""map_seed"": 20260623, ""query_seed"": 20261626}"
easy_s00_q0018,n3p_k1,Easy,d16_20,True,True,1.6133228950202465,1024,19.417943952481018,,,0,0.10122308497643823,0.07043827550233317,0,0,1,0,True,3,3,1.0,,"{""profile_name"": ""easy_d00"", ""map_seed"": 20260623, ""query_seed"": 20261626}"
easy_s00_q0018,voronoi_waypoint,Easy,d16_20,True,True,0.7554945249576122,5,24.574834648836138,,,3,0.20891613249714977,0.14079504910226737,0,0,0,0,False,,,,,"{""profile_name"": ""easy_d00"", ""map_seed"": 20260623, ""query_seed"": 20261626, ""waypoint_count"": 4}"
easy_s00_q0018,bottleneck_waypoint,Easy,d16_20,True,True,0.6208252671640366,4,21.40946517343154,,,0,0.15129167549212333,0.10390525762695502,0,0,0,0,False,,,,,"{""profile_name"": ""easy_d00"", ""map_seed"": 20260623, ""query_seed"": 20261626, ""waypoint_count"": 3, ""bottleneck_count"": 3}"
easy_s00_q0019,vanilla_ha,Easy,d20_inf,True,True,0.20600056648254395,105,26.74423849288881,,,0,0.08862995346691409,0.07114297416940019,0,0,0,0,False,,,,,"{""profile_name"": ""easy_d01"", ""map_seed"": 20260623, ""query_seed"": 20261627}"
easy_s00_q0019,f_n3p_knn,Easy,d20_inf,True,True,0.15636798879131675,1,26.45021281682745,26.74423849288881,-0.010993981980064294,0,0.035664232394035586,0.18283423995754733,0,1,0,0,True,0,1,0.0,,"{""profile_name"": ""easy_d01"", ""map_seed"": 20260623, ""query_seed"": 20261627}"
easy_s00_q0019,n3p_k1,Easy,d20_inf,True,True,0.8792072262149304,509,27.549503995295773,26.74423849288881,0.030109868434694098,0,0.1281507838601852,0.0804633713512437,0,0,1,0,True,2,2,1.0,,"{""profile_name"": ""easy_d01"", ""map_seed"": 20260623, ""query_seed"": 20261627}"
easy_s00_q0019,voronoi_waypoint,Easy,d20_inf,True,True,0.9234053930267692,12,28.56078034226749,26.74423849288881,0.06792273595158393,2,0.23367877381173413,0.09679648812484132,0,0,0,0,False,,,,,"{""profile_name"": ""easy_d01"", ""map_seed"": 20260623, ""query_seed"": 20261627, ""waypoint_count"": 5}"
easy_s00_q0019,bottleneck_waypoint,Easy,d20_inf,True,True,0.922600070014596,6,27.703099795630646,26.74423849288881,0.0358530044890526,0,0.21801886971755854,0.415651461550663,0,0,0,0,False,,,,,"{""profile_name"": ""easy_d01"", ""map_seed"": 20260623, ""query_seed"": 20261627, ""waypoint_count"": 5, ""bottleneck_count"": 5}"
easy_s01_q0020,vanilla_ha,Easy,d08_12,True,True,0.14983177185058594,1,9.32952303175248,,,0,0.0,1.0395121476519762,0,0,0,0,False,,,,,"{""profile_name"": ""easy_d00"", ""map_seed"": 20270620, ""query_seed"": 20271620}"
easy_s01_q0020,f_n3p_knn,Easy,d08_12,True,True,0.0004235929809510708,0,9.32952303175248,9.32952303175248,0.0,0,2.3800209739481375e-17,1.0395121476519762,0,0,0,0,False,0,0,,,"{""profile_name"": ""easy_d00"", ""map_seed"": 20270620, ""query_seed"": 20271620}"
easy_s01_q0020,n3p_k1,Easy,d08_12,True,True,0.00040909904055297375,0,9.32952303175248,9.32952303175248,0.0,0,2.3800209739481375e-17,1.0395121476519762,0,0,0,0,False,0,0,,,"{""profile_name"": ""easy_d00"", ""map_seed"": 20270620, ""query_seed"": 20271620}"
easy_s01_q0020,voronoi_waypoint,Easy,d08_12,True,True,0.33632182399742305,2,11.79287922679097,9.32952303175248,0.2640388138444594,0,0.26682985454403046,1.5565111068607436,0,0,0,0,False,,,,,"{""profile_name"": ""easy_d00"", ""map_seed"": 20270620, ""query_seed"": 20271620, ""waypoint_count"": 1}"
easy_s01_q0020,bottleneck_waypoint,Easy,d08_12,True,True,0.48657314106822014,3,13.566066861837992,9.32952303175248,0.45410079547118176,2,0.43745868021132556,1.5586390530681118,0,0,0,0,False,,,,,"{""profile_name"": ""easy_d00"", ""map_seed"": 20270620, ""query_seed"": 20271620, ""waypoint_count"": 2, ""bottleneck_count"": 2}"
easy_s01_q0021,vanilla_ha,Easy,d12_16,True,True,0.17058086395263672,36,13.310605446395083,,,0,0.135230512785389,0.0990443438976325,0,0,0,0,False,,,,,"{""profile_name"": ""easy_d01"", ""map_seed"": 20270620, ""query_seed"": 20271621}"
easy_s01_q0021,f_n3p_knn,Easy,d12_16,True,True,0.15679683908820152,1,13.441555996971593,13.310605446395083,0.009838061168883527,0,0.11033233691295256,0.07629770804570313,0,3,0,0,True,0,1,0.0,,"{""profile_name"": ""easy_d01"", ""map_seed"": 20270620, ""query_seed"": 20271621}"
easy_s01_q0021,n3p_k1,Easy,d12_16,True,True,0.17945618811063468,36,13.315984218231037,13.310605446395083,0.0004040967075176205,0,0.1351758886538483,0.08950079353378326,0,0,1,0,True,0,0,,,"{""profile_name"": ""easy_d01"", ""map_seed"": 20270620, ""query_seed"": 20271621}"
easy_s01_q0021,voronoi_waypoint,Easy,d12_16,True,True,0.4865537208970636,3,14.660428183226944,13.310605446395083,0.10140956715063876,0,0.3296871116057302,0.20518830025915824,0,0,0,0,False,,,,,"{""profile_name"": ""easy_d01"", ""map_seed"": 20270620, ""query_seed"": 20271621, ""waypoint_count"": 2}"
easy_s01_q0021,bottleneck_waypoint,Easy,d12_16,True,True,0.4888212140649557,3,13.930834936783342,13.310605446395083,0.04659664001656938,0,0.2396715261764162,0.4427770480854136,0,0,0,0,False,,,,,"{""profile_name"": ""easy_d01"", ""map_seed"": 20270620, ""query_seed"": 20271621, ""waypoint_count"": 2, ""bottleneck_count"": 2}"
easy_s01_q0022,vanilla_ha,Easy,d16_20,True,True,0.19487881660461426,81,18.13540616996501,,,0,0.08145049403626065,0.24624253408142438,0,0,0,0,False,,,,,"{""profile_name"": ""easy_d00"", ""map_seed"": 20270620, ""query_seed"": 20271622}"
easy_s01_q0022,f_n3p_knn,Easy,d16_20,True,True,0.31463195104151964,2,17.909988691522905,18.13540616996501,-0.01242969009513717,0,0.04997610776425965,0.14158425436784772,0,1,0,0,True,1,2,0.5,,"{""profile_name"": ""easy_d00"", ""map_seed"": 20270620, ""query_seed"": 20271622}"
easy_s01_q0022,n3p_k1,Easy,d16_20,True,True,0.3256074439268559,23,17.9141894505395,18.13540616996501,-0.012198057068712242,0,0.0700394474970657,0.060781787275806076,0,0,2,0,True,0,0,,,"{""profile_name"": ""easy_d00"", ""map_seed"": 20270620, ""query_seed"": 20271622}"
easy_s01_q0022,voronoi_waypoint,Easy,d16_20,True,True,0.6299184281378984,4,20.37430291390259,18.13540616996501,0.12345445825445767,0,0.2791101145651847,0.24624253408142438,0,0,0,0,False,,,,,"{""profile_name"": ""easy_d00"", ""map_seed"": 20270620, ""query_seed"": 20271622, ""waypoint_count"": 3}"
easy_s01_q0022,bottleneck_waypoint,Easy,d16_20,True,True,0.6282338760793209,4,19.260246686285377,18.13540616996501,0.06202455604127999,0,0.19989256776124248,0.24624253408142438,0,0,0,0,False,,,,,"{""profile_name"": ""easy_d00"", ""map_seed"": 20270620, ""query_seed"": 20271622, ""waypoint_count"": 3, ""bottleneck_count"": 3}"
easy_s01_q0023,vanilla_ha,Easy,d20_inf,False,False,2.500624418258667,3301,,,,0,,,0,0,0,0,False,,,,timeout,"{""profile_name"": ""easy_d01"", ""map_seed"": 20270620, ""query_seed"": 20271623}"
easy_s01_q0023,f_n3p_knn,Easy,d20_inf,True,True,0.621450494043529,4,27.077773561253487,,,1,0.1086481937397894,0.1302017051509332,0,3,0,0,True,2,4,0.5,,"{""profile_name"": ""easy_d01"", ""map_seed"": 20270620, ""query_seed"": 20271623}"
easy_s01_q0023,n3p_k1,Easy,d20_inf,False,False,3.683194287121296,4724,,,,0,,,0,0,2,1,True,0,0,,f2_failed:prediction:goal_in_collision;goal:timeout;f3_failed:timeout,"{""profile_name"": ""easy_d01"", ""map_seed"": 20270620, ""query_seed"": 20271623}"
easy_s01_q0023,voronoi_waypoint,Easy,d20_inf,True,True,0.9193385951220989,6,28.933480347455234,,,1,0.28478153326688577,0.21267103662622644,0,0,0,0,False,,,,,"{""profile_name"": ""easy_d01"", ""map_seed"": 20270620, ""query_seed"": 20271623, ""waypoint_count"": 5}"
easy_s01_q0023,bottleneck_waypoint,Easy,d20_inf,True,True,0.7794855958782136,5,27.01258210793378,,,3,0.21745660407247078,0.212671036626225,0,0,0,0,False,,,,,"{""profile_name"": ""easy_d01"", ""map_seed"": 20270620, ""query_seed"": 20271623, ""waypoint_count"": 4, ""bottleneck_count"": 4}"
easy_s01_q0024,vanilla_ha,Easy,d08_12,True,False,0.8325450420379639,1116,10.664671955417244,,,0,0.1681456834343647,-0.046815869766538176,9,0,0,0,False,,,,,"{""profile_name"": ""easy_d00"", ""map_seed"": 20270620, ""query_seed"": 20271624}"
easy_s01_q0024,f_n3p_knn,Easy,d08_12,True,True,0.15864212182350457,1,10.594054478380656,,,0,0.0684812002298993,0.15061066493893205,0,3,0,0,True,0,1,0.0,,"{""profile_name"": ""easy_d00"", ""map_seed"": 20270620, ""query_seed"": 20271624}"
easy_s01_q0024,n3p_k1,Easy,d08_12,True,True,1.8436818530317396,2246,10.726471110540526,,,0,0.1671769341535635,0.1460514855626912,0,0,1,0,True,0,0,,,"{""profile_name"": ""easy_d00"", ""map_seed"": 20270620, ""query_seed"": 20271624}"
easy_s01_q0024,voronoi_waypoint,Easy,d08_12,True,True,0.33443922689184546,2,11.97981579954577,,,0,0.19822012265980363,1.0473624752230652,0,0,0,0,False,,,,,"{""profile_name"": ""easy_d00"", ""map_seed"": 20270620, ""query_seed"": 20271624, ""waypoint_count"": 1}"
easy_s01_q0024,bottleneck_waypoint,Easy,d08_12,True,True,0.33478751592338085,2,11.433340009157833,,,0,0.21108239995778666,1.0171096501116275,0,0,0,0,False,,,,,"{""profile_name"": ""easy_d00"", ""map_seed"": 20270620, ""query_seed"": 20271624, ""waypoint_count"": 1, ""bottleneck_count"": 1}"
easy_s01_q0025,vanilla_ha,Easy,d12_16,True,False,0.15498065948486328,17,12.2326303216901,,,0,0.13375954524996386,0.04281626254739834,3,0,0,0,False,,,,,"{""profile_name"": ""easy_d01"", ""map_seed"": 20270621, ""query_seed"": 20271621}"
easy_s01_q0025,f_n3p_knn,Easy,d12_16,True,True,0.33276760298758745,187,12.446495704571364,,,2,0.152428117985898,0.07400480870611748,0,4,1,0,True,0,0,,,"{""profile_name"": ""easy_d01"", ""map_seed"": 20270621, ""query_seed"": 20271621}"
easy_s01_q0025,n3p_k1,Easy,d12_16,True,True,0.3295499680098146,187,12.446495704571364,,,2,0.152428117985898,0.07400480870611748,0,0,1,0,True,0,0,,,"{""profile_name"": ""easy_d01"", ""map_seed"": 20270621, ""query_seed"": 20271621}"
easy_s01_q0025,voronoi_waypoint,Easy,d12_16,True,True,0.4810946970246732,3,14.672795378196803,,,2,0.33335235994363693,0.7007060367834506,0,0,0,0,False,,,,,"{""profile_name"": ""easy_d01"", ""map_seed"": 20270621, ""query_seed"": 20271621, ""waypoint_count"": 2}"
easy_s01_q0025,bottleneck_waypoint,Easy,d12_16,True,True,0.3407083679921925,2,12.847564410998759,,,0,0.2081457012944652,0.5821324768161438,0,0,0,0,False,,,,,"{""profile_name"": ""easy_d01"", ""map_seed"": 20270621, ""query_seed"": 20271621, ""waypoint_count"": 1, ""bottleneck_count"": 1}"
easy_s01_q0026,vanilla_ha,Easy,d16_20,True,True,0.24933505058288574,145,17.21543651654692,,,0,0.17781465585555067,0.057414340250322105,0,0,0,0,False,,,,,"{""profile_name"": ""easy_d00"", ""map_seed"": 20270621, ""query_seed"": 20271622}"
easy_s01_q0026,f_n3p_knn,Easy,d16_20,True,True,0.45817782706581056,3,17.67660852599898,17.21543651654692,0.026788284398644002,0,0.14261698813634588,0.11100416668833057,0,3,0,0,True,2,3,0.6666666666666666,,"{""profile_name"": ""easy_d00"", ""map_seed"": 20270621, ""query_seed"": 20271622}"
easy_s01_q0026,n3p_k1,Easy,d16_20,True,True,0.3670851599890739,88,17.151676729349692,17.21543651654692,-0.003703640458721069,0,0.08347289269414647,0.06798770483222671,0,0,1,0,True,1,1,1.0,,"{""profile_name"": ""easy_d00"", ""map_seed"": 20270621, ""query_seed"": 20271622}"
easy_s01_q0026,voronoi_waypoint,Easy,d16_20,True,True,0.6170385479927063,4,17.878982173727554,17.21543651654692,0.03854364404543875,0,0.14382991639677514,0.22367729131781078,0,0,0,0,False,,,,,"{""profile_name"": ""easy_d00"", ""map_seed"": 20270621, ""query_seed"": 20271622, ""waypoint_count"": 3}"
easy_s01_q0026,bottleneck_waypoint,Easy,d16_20,True,True,0.6220759248826653,4,18.080676189375446,17.21543651654692,0.050259525629622326,0,0.1401007746014271,0.7057382894078419,0,0,0,0,False,,,,,"{""profile_name"": ""easy_d00"", ""map_seed"": 20270621, ""query_seed"": 20271622, ""waypoint_count"": 3, ""bottleneck_count"": 3}"
easy_s01_q0027,vanilla_ha,Easy,d20_inf,True,True,0.15130233764648438,1,25.000000000000004,,,0,0.0,0.4621486665172474,0,0,0,0,False,,,,,"{""profile_name"": ""easy_d01"", ""map_seed"": 20270621, ""query_seed"": 20271623}"
easy_s01_q0027,f_n3p_knn,Easy,d20_inf,True,True,0.0009260219521820545,0,25.000000000000004,25.000000000000004,0.0,0,0.0,0.46214866651724196,0,0,0,0,False,0,0,,,"{""profile_name"": ""easy_d01"", ""map_seed"": 20270621, ""query_seed"": 20271623}"
easy_s01_q0027,n3p_k1,Easy,d20_inf,True,True,0.0009171830024570227,0,25.000000000000004,25.000000000000004,0.0,0,0.0,0.46214866651724196,0,0,0,0,False,0,0,,,"{""profile_name"": ""easy_d01"", ""map_seed"": 20270621, ""query_seed"": 20271623}"
easy_s01_q0027,voronoi_waypoint,Easy,d20_inf,True,True,0.7693468378856778,5,25.710468008646124,25.000000000000004,0.028418720345844806,0,0.17225689814777423,0.4621486665172474,0,0,0,0,False,,,,,"{""profile_name"": ""easy_d01"", ""map_seed"": 20270621, ""query_seed"": 20271623, ""waypoint_count"": 4}"
easy_s01_q0027,bottleneck_waypoint,Easy,d20_inf,True,True,0.6279285699129105,4,25.20701604344692,25.000000000000004,0.008280641737876682,0,0.05065549484761594,0.46214866651724595,0,0,0,0,False,,,,,"{""profile_name"": ""easy_d01"", ""map_seed"": 20270621, ""query_seed"": 20271623, ""waypoint_count"": 3, ""bottleneck_count"": 3}"
easy_s01_q0028,vanilla_ha,Easy,d08_12,True,True,0.1854567527770996,61,11.470510307222376,,,0,0.13097499553950914,0.15894298404928298,0,0,0,0,False,,,,,"{""profile_name"": ""easy_d00"", ""map_seed"": 20270621, ""query_seed"": 20271624}"
easy_s01_q0028,f_n3p_knn,Easy,d08_12,True,True,0.3082412399817258,2,11.057506598601435,11.470510307222376,-0.03600569613375393,0,0.12958066001488106,0.403607713967872,0,1,0,0,True,1,2,0.5,,"{""profile_name"": ""easy_d00"", ""map_seed"": 20270621, ""query_seed"": 20271624}"
easy_s01_q0028,n3p_k1,Easy,d08_12,True,True,0.4311220678500831,367,11.039825615291562,11.470510307222376,-0.03754712566359275,0,0.34282319995432003,0.07734189211632336,0,0,1,0,True,0,0,,,"{""profile_name"": ""easy_d00"", ""map_seed"": 20270621, ""query_seed"": 20271624}"
easy_s01_q0028,voronoi_waypoint,Easy,d08_12,True,True,0.3304857909679413,2,11.110483299608688,11.470510307222376,-0.03138718313055333,0,0.10517261100572643,0.36410744994274125,0,0,0,0,False,,,,,"{""profile_name"": ""easy_d00"", ""map_seed"": 20270621, ""query_seed"": 20271624, ""waypoint_count"": 1}"
easy_s01_q0028,bottleneck_waypoint,Easy,d08_12,True,True,0.3329467661678791,2,11.196306610392755,11.470510307222376,-0.023905100077105557,0,0.13184997619523814,0.5349565874838329,0,0,0,0,False,,,,,"{""profile_name"": ""easy_d00"", ""map_seed"": 20270621, ""query_seed"": 20271624, ""waypoint_count"": 1, ""bottleneck_count"": 1}"
easy_s01_q0029,vanilla_ha,Easy,d12_16,True,True,0.22153759002685547,96,14.603020124931405,,,0,0.11125098271956131,0.18376782481071063,0,0,0,0,False,,,,,"{""profile_name"": ""easy_d01"", ""map_seed"": 20270621, ""query_seed"": 20271625}"
easy_s01_q0029,f_n3p_knn,Easy,d12_16,True,True,0.30552506004460156,2,15.485868394596228,14.603020124931405,0.06045655365204605,2,0.1358260212327451,0.27536358415052975,0,4,0,0,True,1,2,0.5,,"{""profile_name"": ""easy_d01"", ""map_seed"": 20270621, ""query_seed"": 20271625}"
easy_s01_q0029,n3p_k1,Easy,d12_16,True,True,0.3100887439213693,12,14.774348080563113,14.603020124931405,0.011732364549659424,0,0.09199278337966149,0.07078716061391466,0,0,1,0,True,1,1,1.0,,"{""profile_name"": ""easy_d01"", ""map_seed"": 20270621, ""query_seed"": 20271625}"
easy_s01_q0029,voronoi_waypoint,Easy,d12_16,True,True,0.4733394058421254,3,15.567830090031606,14.603020124931405,0.06606920738628608,0,0.16397123282545123,0.2989008693315027,0,0,0,0,False,,,,,"{""profile_name"": ""easy_d01"", ""map_seed"": 20270621, ""query_seed"": 20271625, ""waypoint_count"": 2}"
easy_s01_q0029,bottleneck_waypoint,Easy,d12_16,True,True,0.4753905339166522,3,15.273700793494887,14.603020124931405,0.04592753162193097,0,0.11237526883416346,0.30055630510475406,0,0,0,0,False,,,,,"{""profile_name"": ""easy_d01"", ""map_seed"": 20270621, ""query_seed"": 20271625, ""waypoint_count"": 2, ""bottleneck_count"": 2}"
easy_s01_q0030,vanilla_ha,Easy,d16_20,True,False,0.27918148040771484,241,17.970981771361526,,,0,0.2026725124505051,-0.0188979929518025,9,0,0,0,False,,,,,"{""profile_name"": ""easy_d00"", ""map_seed"": 20270622, ""query_seed"": 20271622}"
easy_s01_q0030,f_n3p_knn,Easy,d16_20,True,True,0.32199651189148426,20,17.5075400220039,,,0,0.08777180799569569,0.1504923438680018,0,5,1,0,True,0,1,0.0,,"{""profile_name"": ""easy_d00"", ""map_seed"": 20270622, ""query_seed"": 20271622}"
easy_s01_q0030,n3p_k1,Easy,d16_20,True,True,0.28534696996212006,241,18.13488025588164,,,0,0.20084080928093287,0.11512428997645507,0,0,1,0,True,0,0,,,"{""profile_name"": ""easy_d00"", ""map_seed"": 20270622, ""query_seed"": 20271622}"
easy_s01_q0030,voronoi_waypoint,Easy,d16_20,True,True,0.6193829448893666,4,18.725755126694178,,,0,0.10638783792403203,0.37877342730845576,0,0,0,0,False,,,,,"{""profile_name"": ""easy_d00"", ""map_seed"": 20270622, ""query_seed"": 20271622, ""waypoint_count"": 3}"
easy_s01_q0030,bottleneck_waypoint,Easy,d16_20,True,True,0.4785765460692346,3,18.581220254903464,,,0,0.09666233697198966,0.370564837054599,0,0,0,0,False,,,,,"{""profile_name"": ""easy_d00"", ""map_seed"": 20270622, ""query_seed"": 20271622, ""waypoint_count"": 2, ""bottleneck_count"": 2}"
easy_s01_q0031,vanilla_ha,Easy,d20_inf,True,False,0.2657430171966553,209,22.021989483067884,,,0,0.3126155418190526,0.03894769203909776,4,0,0,0,False,,,,,"{""profile_name"": ""easy_d01"", ""map_seed"": 20270622, ""query_seed"": 20271623}"
easy_s01_q0031,f_n3p_knn,Easy,d20_inf,True,True,0.30871008709073067,2,22.012136005997277,,,0,0.08047120162501638,0.29205442647215607,0,2,0,0,True,1,2,0.5,,"{""profile_name"": ""easy_d01"", ""map_seed"": 20270622, ""query_seed"": 20271623}"
easy_s01_q0031,n3p_k1,Easy,d20_inf,True,True,1.68263900000602,1284,22.033483571498472,,,0,0.15796512858565234,0.13336364027183367,0,0,2,0,True,1,1,1.0,,"{""profile_name"": ""easy_d01"", ""map_seed"": 20270622, ""query_seed"": 20271623}"
easy_s01_q0031,voronoi_waypoint,Easy,d20_inf,True,True,0.7630976031068712,5,22.82236152949462,,,0,0.18059074652598114,0.9029438003590289,0,0,0,0,False,,,,,"{""profile_name"": ""easy_d01"", ""map_seed"": 20270622, ""query_seed"": 20271623, ""waypoint_count"": 4}"
easy_s01_q0031,bottleneck_waypoint,Easy,d20_inf,True,True,0.47717643994838,3,22.684668778652117,,,0,0.11655087093414536,0.902943800359028,0,0,0,0,False,,,,,"{""profile_name"": ""easy_d01"", ""map_seed"": 20270622, ""query_seed"": 20271623, ""waypoint_count"": 2, ""bottleneck_count"": 2}"
easy_s01_q0032,vanilla_ha,Easy,d08_12,True,True,0.15593671798706055,1,11.859595271340421,,,0,0.0,0.19644832028198422,0,0,0,0,False,,,,,"{""profile_name"": ""easy_d00"", ""map_seed"": 20270622, ""query_seed"": 20271624}"
easy_s01_q0032,f_n3p_knn,Easy,d08_12,True,True,0.0005112029612064362,0,11.859595271340421,11.859595271340421,0.0,0,0.0,0.19644832028198422,0,0,0,0,False,0,0,,,"{""profile_name"": ""easy_d00"", ""map_seed"": 20270622, ""query_seed"": 20271624}"
easy_s01_q0032,n3p_k1,Easy,d08_12,True,True,0.00048573408275842667,0,11.859595271340421,11.859595271340421,0.0,0,0.0,0.19644832028198422,0,0,0,0,False,0,0,,,"{""profile_name"": ""easy_d00"", ""map_seed"": 20270622, ""query_seed"": 20271624}"
easy_s01_q0032,voronoi_waypoint,Easy,d08_12,True,True,0.47991991182789207,3,12.128285193942293,11.859595271340421,0.022655909957667975,0,0.19492214220500587,0.35789747578939446,0,0,0,0,False,,,,,"{""profile_name"": ""easy_d00"", ""map_seed"": 20270622, ""query_seed"": 20271624, ""waypoint_count"": 2}"
easy_s01_q0032,bottleneck_waypoint,Easy,d08_12,True,True,0.4822379748802632,3,12.33602146818799,11.859595271340421,0.040172213802176504,0,0.255216186602579,0.4511545759612845,0,0,0,0,False,,,,,"{""profile_name"": ""easy_d00"", ""map_seed"": 20270622, ""query_seed"": 20271624, ""waypoint_count"": 2, ""bottleneck_count"": 2}"
easy_s01_q0033,vanilla_ha,Easy,d12_16,True,False,0.6594600677490234,823,14.043365620068007,,,0,0.19062267816505574,0.05182706078583321,4,0,0,0,False,,,,,"{""profile_name"": ""easy_d01"", ""map_seed"": 20270622, ""query_seed"": 20271625}"
easy_s01_q0033,f_n3p_knn,Easy,d12_16,True,True,0.3702761500608176,89,13.771801131350864,,,0,0.1641645863864215,0.13016242248785748,0,6,1,0,True,0,1,0.0,,"{""profile_name"": ""easy_d01"", ""map_seed"": 20270622, ""query_seed"": 20271625}"
easy_s01_q0033,n3p_k1,Easy,d12_16,True,True,0.16341025801375508,7,13.754114414948383,,,0,0.10054186409273716,0.2830543617971193,0,0,1,0,True,0,0,,,"{""profile_name"": ""easy_d01"", ""map_seed"": 20270622, ""query_seed"": 20271625}"
easy_s01_q0033,voronoi_waypoint,Easy,d12_16,True,True,0.6248478239867836,4,17.63229738106207,,,2,0.27538004061335536,0.37921536854695725,0,0,0,0,False,,,,,"{""profile_name"": ""easy_d01"", ""map_seed"": 20270622, ""query_seed"": 20271625, ""waypoint_count"": 3}"
easy_s01_q0033,bottleneck_waypoint,Easy,d12_16,True,True,0.4830599420238286,3,15.811804785619804,,,0,0.19868653175170367,0.37921536854695725,0,0,0,0,False,,,,,"{""profile_name"": ""easy_d01"", ""map_seed"": 20270622, ""query_seed"": 20271625, ""waypoint_count"": 2, ""bottleneck_count"": 2}"
easy_s01_q0034,vanilla_ha,Easy,d16_20,True,False,0.17536473274230957,57,16.692483739030692,,,0,0.15176314600260163,0.03885778077955171,4,0,0,0,False,,,,,"{""profile_name"": ""easy_d00"", ""map_seed"": 20270622, ""query_seed"": 20271626}"
easy_s01_q0034,f_n3p_knn,Easy,d16_20,True,True,0.3205051471013576,17,17.18480152731766,,,0,0.16386504379227934,0.10478044741337822,0,4,1,0,True,1,1,1.0,,"{""profile_name"": ""easy_d00"", ""map_seed"": 20270622, ""query_seed"": 20271626}"
easy_s01_q0034,n3p_k1,Easy,d16_20,True,True,0.3199291988275945,17,17.18480152731766,,,0,0.16386504379227934,0.10478044741337822,0,0,1,0,True,1,1,1.0,,"{""profile_name"": ""easy_d00"", ""map_seed"": 20270622, ""query_seed"": 20271626}"
easy_s01_q0034,voronoi_waypoint,Easy,d16_20,True,True,0.651196502847597,40,19.49601762726263,,,0,0.20906714017162414,0.057001446716905546,0,0,0,0,False,,,,,"{""profile_name"": ""easy_d00"", ""map_seed"": 20270622, ""query_seed"": 20271626, ""waypoint_count"": 3}"
easy_s01_q0034,bottleneck_waypoint,Easy,d16_20,True,True,0.6199619860854,4,19.19404367711265,,,0,0.16087582793001418,0.588183488809688,0,0,0,0,False,,,,,"{""profile_name"": ""easy_d00"", ""map_seed"": 20270622, ""query_seed"": 20271626, ""waypoint_count"": 3, ""bottleneck_count"": 3}"
easy_s01_q0035,vanilla_ha,Easy,d20_inf,True,True,0.31597280502319336,281,32.492022979490834,,,1,0.14989628970747867,0.08023113837204376,0,0,0,0,False,,,,,"{""profile_name"": ""easy_d01"", ""map_seed"": 20270623, ""query_seed"": 20271623}"
easy_s01_q0035,f_n3p_knn,Easy,d20_inf,True,True,0.6201809060294181,275,32.043593179048266,32.492022979490834,-0.013801227480530254,1,0.22901774274205364,0.07922311960862216,0,10,2,0,True,0,1,0.0,,"{""profile_name"": ""easy_d01"", ""map_seed"": 20270623, ""query_seed"": 20271623}"
easy_s01_q0035,n3p_k1,Easy,d20_inf,True,True,0.5116687431000173,440,32.2925363091623,32.492022979490834,-0.0061395583295768,1,0.22791264523566857,0.07051465020876901,0,0,2,0,True,0,0,,,"{""profile_name"": ""easy_d01"", ""map_seed"": 20270623, ""query_seed"": 20271623}"
easy_s01_q0035,voronoi_waypoint,Easy,d20_inf,True,True,1.077347625978291,37,32.72111091874534,32.492022979490834,0.0070505902140689525,1,0.22158842027184975,0.06849615764913874,0,0,0,0,False,,,,,"{""profile_name"": ""easy_d01"", ""map_seed"": 20270623, ""query_seed"": 20271623, ""waypoint_count"": 6}"
easy_s01_q0035,bottleneck_waypoint,Easy,d20_inf,True,True,1.2086876288522035,12,33.818368706982156,32.492022979490834,0.040820657067998534,3,0.23113084270859954,0.09788708200917373,0,0,0,0,False,,,,,"{""profile_name"": ""easy_d01"", ""map_seed"": 20270623, ""query_seed"": 20271623, ""waypoint_count"": 7, ""bottleneck_count"": 7}"
easy_s01_q0036,vanilla_ha,Easy,d08_12,True,False,0.27448225021362305,157,9.827048033737418,,,0,0.3903798489783981,0.054215232676283476,2,0,0,0,False,,,,,"{""profile_name"": ""easy_d00"", ""map_seed"": 20270623, ""query_seed"": 20271624}"
easy_s01_q0036,f_n3p_knn,Easy,d08_12,True,True,0.2420307630673051,85,9.854672866916538,,,0,0.34775798571209304,0.08367282603149806,0,4,1,0,True,0,0,,,"{""profile_name"": ""easy_d00"", ""map_seed"": 20270623, ""query_seed"": 20271624}"
easy_s01_q0036,n3p_k1,Easy,d08_12,True,True,0.24087352491915226,85,9.854672866916538,,,0,0.34775798571209304,0.08367282603149806,0,0,1,0,True,0,0,,,"{""profile_name"": ""easy_d00"", ""map_seed"": 20270623, ""query_seed"": 20271624}"
easy_s01_q0036,voronoi_waypoint,Easy,d08_12,True,True,0.5666077169589698,93,10.596301458501227,,,2,0.34338406554615003,0.07054598947057189,0,0,0,0,False,,,,,"{""profile_name"": ""easy_d00"", ""map_seed"": 20270623, ""query_seed"": 20271624, ""waypoint_count"": 2}"
easy_s01_q0036,bottleneck_waypoint,Easy,d08_12,True,True,0.34211542713455856,8,10.55939586610467,,,0,0.2650862527427682,0.07642791110790426,0,0,0,0,False,,,,,"{""profile_name"": ""easy_d00"", ""map_seed"": 20270623, ""query_seed"": 20271624, ""waypoint_count"": 1, ""bottleneck_count"": 1}"
easy_s01_q0037,vanilla_ha,Easy,d12_16,True,True,0.2508080005645752,161,13.068166762638752,,,0,0.22971887680389408,0.14516846543864848,0,0,0,0,False,,,,,"{""profile_name"": ""easy_d01"", ""map_seed"": 20270623, ""query_seed"": 20271625}"
easy_s01_q0037,f_n3p_knn,Easy,d12_16,True,True,0.2608896850142628,161,13.096883164801975,13.068166762638752,0.0021974315667077082,0,0.22921519210519287,0.24616471122392947,0,4,1,0,True,0,0,,,"{""profile_name"": ""easy_d01"", ""map_seed"": 20270623, ""query_seed"": 20271625}"
easy_s01_q0037,n3p_k1,Easy,d12_16,True,True,0.2631134248804301,161,13.096883164801975,13.068166762638752,0.0021974315667077082,0,0.22921519210519287,0.24616471122392947,0,0,1,0,True,0,0,,,"{""profile_name"": ""easy_d01"", ""map_seed"": 20270623, ""query_seed"": 20271625}"
easy_s01_q0037,voronoi_waypoint,Easy,d12_16,True,True,0.4787900031078607,3,13.930036752062284,13.068166762638752,0.065951866476603,0,0.2491828947153978,0.5261245581863672,0,0,0,0,False,,,,,"{""profile_name"": ""easy_d01"", ""map_seed"": 20270623, ""query_seed"": 20271625, ""waypoint_count"": 2}"
easy_s01_q0037,bottleneck_waypoint,Easy,d12_16,True,True,0.33424728480167687,2,13.244254032045315,13.068166762638752,0.013474519617394876,0,0.08305987203246003,0.5261245581863672,0,0,0,0,False,,,,,"{""profile_name"": ""easy_d01"", ""map_seed"": 20270623, ""query_seed"": 20271625, ""waypoint_count"": 1, ""bottleneck_count"": 1}"
easy_s01_q0038,vanilla_ha,Easy,d16_20,True,True,0.15314698219299316,9,18.600423926442133,,,0,0.03545255125683303,0.08986592075221023,0,0,0,0,False,,,,,"{""profile_name"": ""easy_d00"", ""map_seed"": 20270623, ""query_seed"": 20271626}"
easy_s01_q0038,f_n3p_knn,Easy,d16_20,True,True,0.15337064489722252,1,18.585835036781205,18.600423926442133,-0.000784331030229235,0,0.04379820947003342,0.10378707421339728,0,0,0,0,False,1,1,1.0,,"{""profile_name"": ""easy_d00"", ""map_seed"": 20270623, ""query_seed"": 20271626}"
easy_s01_q0038,n3p_k1,Easy,d16_20,True,True,0.1511229199822992,1,18.585835036781205,18.600423926442133,-0.000784331030229235,0,0.04379820947003342,0.10378707421339728,0,0,0,0,False,1,1,1.0,,"{""profile_name"": ""easy_d00"", ""map_seed"": 20270623, ""query_seed"": 20271626}"
easy_s01_q0038,voronoi_waypoint,Easy,d16_20,True,True,0.6292481820564717,16,23.034643131316727,18.600423926442133,0.23839344858000588,2,0.3445998801807721,0.07772301172603491,0,0,0,0,False,,,,,"{""profile_name"": ""easy_d00"", ""map_seed"": 20270623, ""query_seed"": 20271626, ""waypoint_count"": 3}"
easy_s01_q0038,bottleneck_waypoint,Easy,d16_20,True,True,0.7837299371603876,23,22.137230964467008,18.600423926442133,0.19014658225057945,3,0.32624520315404143,0.1379753726103552,0,0,0,0,False,,,,,"{""profile_name"": ""easy_d00"", ""map_seed"": 20270623, ""query_seed"": 20271626, ""waypoint_count"": 4, ""bottleneck_count"": 4}"
easy_s01_q0039,vanilla_ha,Easy,d20_inf,False,False,2.5001049041748047,5202,,,,0,,,0,0,0,0,False,,,,timeout,"{""profile_name"": ""easy_d01"", ""map_seed"": 20270623, ""query_seed"": 20271627}"
easy_s01_q0039,f_n3p_knn,Easy,d20_inf,True,True,0.6249041859991848,4,34.33903405405598,,,3,0.11148163553738574,0.07886292954444163,0,3,0,0,True,1,4,0.25,,"{""profile_name"": ""easy_d01"", ""map_seed"": 20270623, ""query_seed"": 20271627}"
easy_s01_q0039,n3p_k1,Easy,d20_inf,True,True,1.1791412478778511,628,35.27519581011718,,,2,0.1360889149915204,0.07259391524047787,0,0,2,0,True,2,2,1.0,,"{""profile_name"": ""easy_d01"", ""map_seed"": 20270623, ""query_seed"": 20271627}"
easy_s01_q0039,voronoi_waypoint,Easy,d20_inf,True,True,1.0560753920581192,11,35.718065683534256,,,0,0.26753792613675953,0.07131355810145912,0,0,0,0,False,,,,,"{""profile_name"": ""easy_d01"", ""map_seed"": 20270623, ""query_seed"": 20271627, ""waypoint_count"": 6}"
easy_s01_q0039,bottleneck_waypoint,Easy,d20_inf,True,True,1.20141901797615,11,35.113716156715604,,,0,0.2861515209442247,0.07131355810145912,0,0,0,0,False,,,,,"{""profile_name"": ""easy_d01"", ""map_seed"": 20270623, ""query_seed"": 20271627, ""waypoint_count"": 7, ""bottleneck_count"": 7}"
easy_s02_q0040,vanilla_ha,Easy,d08_12,True,True,0.15016770362854004,8,9.715510475695558,,,0,0.06737098401018482,0.19593173126483143,0,0,0,0,False,,,,,"{""profile_name"": ""easy_d00"", ""map_seed"": 20280620, ""query_seed"": 20281620}"
easy_s02_q0040,f_n3p_knn,Easy,d08_12,True,True,0.1576145850121975,7,9.818626977863627,9.715510475695558,0.010613595901731276,0,0.140486112535148,0.1939045119622793,0,4,1,0,True,0,0,,,"{""profile_name"": ""easy_d00"", ""map_seed"": 20280620, ""query_seed"": 20281620}"
easy_s02_q0040,n3p_k1,Easy,d08_12,True,True,0.15688895201310515,7,9.818626977863627,9.715510475695558,0.010613595901731276,0,0.140486112535148,0.1939045119622793,0,0,1,0,True,0,0,,,"{""profile_name"": ""easy_d00"", ""map_seed"": 20280620, ""query_seed"": 20281620}"
easy_s02_q0040,voronoi_waypoint,Easy,d08_12,True,True,0.47940998105332255,15,15.382504801478015,9.715510475695558,0.583293522245597,4,0.42743756168505254,0.19161721767491646,0,0,0,0,False,,,,,"{""profile_name"": ""easy_d00"", ""map_seed"": 20280620, ""query_seed"": 20281620, ""waypoint_count"": 2}"
easy_s02_q0040,bottleneck_waypoint,Easy,d08_12,True,True,0.4761411501094699,3,15.895561834587426,9.715510475695558,0.6361015588786572,1,0.4083641833554342,0.2982126816652866,0,0,0,0,False,,,,,"{""profile_name"": ""easy_d00"", ""map_seed"": 20280620, ""query_seed"": 20281620, ""waypoint_count"": 2, ""bottleneck_count"": 2}"
easy_s02_q0041,vanilla_ha,Easy,d12_16,True,False,0.17236614227294922,49,12.959521161372487,,,0,0.20505833410946947,0.047957862555285447,4,0,0,0,False,,,,,"{""profile_name"": ""easy_d01"", ""map_seed"": 20280620, ""query_seed"": 20281621}"
easy_s02_q0041,f_n3p_knn,Easy,d12_16,True,True,0.21645637578330934,93,12.771745016318956,,,0,0.1406070504951473,0.1308864294510026,0,4,1,0,True,0,0,,,"{""profile_name"": ""easy_d01"", ""map_seed"": 20280620, ""query_seed"": 20281621}"
easy_s02_q0041,n3p_k1,Easy,d12_16,True,True,0.2161981330718845,93,12.771745016318956,,,0,0.1406070504951473,0.1308864294510026,0,0,1,0,True,0,0,,,"{""profile_name"": ""easy_d01"", ""map_seed"": 20280620, ""query_seed"": 20281621}"
easy_s02_q0041,voronoi_waypoint,Easy,d12_16,True,True,0.46874963608570397,3,13.13060723712102,,,0,0.26769340391294083,0.1308864294510026,0,0,0,0,False,,,,,"{""profile_name"": ""easy_d01"", ""map_seed"": 20280620, ""query_seed"": 20281621, ""waypoint_count"": 2}"
easy_s02_q0041,bottleneck_waypoint,Easy,d12_16,True,True,0.4699526960030198,3,12.875780203490264,,,0,0.08090589595496592,0.1308864294510026,0,0,0,0,False,,,,,"{""profile_name"": ""easy_d01"", ""map_seed"": 20280620, ""query_seed"": 20281621, ""waypoint_count"": 2, ""bottleneck_count"": 2}"
easy_s02_q0042,vanilla_ha,Easy,d16_20,True,True,0.15057015419006348,1,16.983815825661793,,,0,0.0,0.5885881192363516,0,0,0,0,False,,,,,"{""profile_name"": ""easy_d00"", ""map_seed"": 20280620, ""query_seed"": 20281622}"
easy_s02_q0042,f_n3p_knn,Easy,d16_20,True,True,0.0007295850664377213,0,16.983815825661793,16.983815825661793,0.0,0,3.268473457383055e-18,0.5885881192363516,0,0,0,0,False,0,0,,,"{""profile_name"": ""easy_d00"", ""map_seed"": 20280620, ""query_seed"": 20281622}"
easy_s02_q0042,n3p_k1,Easy,d16_20,True,True,0.0006602308712899685,0,16.983815825661793,16.983815825661793,0.0,0,3.268473457383055e-18,0.5885881192363516,0,0,0,0,False,0,0,,,"{""profile_name"": ""easy_d00"", ""map_seed"": 20280620, ""query_seed"": 20281622}"
easy_s02_q0042,voronoi_waypoint,Easy,d16_20,True,True,0.622223770013079,4,18.52199295694431,16.983815825661793,0.09056722865296263,0,0.2263522125551384,0.5798838536511619,0,0,0,0,False,,,,,"{""profile_name"": ""easy_d00"", ""map_seed"": 20280620, ""query_seed"": 20281622, ""waypoint_count"": 3}"
easy_s02_q0042,bottleneck_waypoint,Easy,d16_20,True,True,0.6226823800243437,4,19.58155826538804,16.983815825661793,0.15295399257693165,1,0.2659172882718692,0.697966366243236,0,0,0,0,False,,,,,"{""profile_name"": ""easy_d00"", ""map_seed"": 20280620, ""query_seed"": 20281622, ""waypoint_count"": 3, ""bottleneck_count"": 3}"
easy_s02_q0043,vanilla_ha,Easy,d20_inf,True,False,0.2830629348754883,401,23.166500913937103,,,0,0.1463126049927793,-0.213708966682501,15,0,0,0,False,,,,,"{""profile_name"": ""easy_d01"", ""map_seed"": 20280620, ""query_seed"": 20281623}"
easy_s02_q0043,f_n3p_knn,Easy,d20_inf,True,True,0.31563469604589045,2,22.479721558146792,,,0,0.05846015089454884,0.17538790457476716,0,0,0,0,False,2,2,1.0,,"{""profile_name"": ""easy_d01"", ""map_seed"": 20280620, ""query_seed"": 20281623}"
easy_s02_q0043,n3p_k1,Easy,d20_inf,True,True,0.31506031192839146,2,22.479721558146792,,,0,0.05846015089454884,0.17538790457476716,0,0,0,0,False,2,2,1.0,,"{""profile_name"": ""easy_d01"", ""map_seed"": 20280620, ""query_seed"": 20281623}"
easy_s02_q0043,voronoi_waypoint,Easy,d20_inf,True,True,0.7662277990020812,5,23.752539650148016,,,0,0.1801732748448034,0.6532495887119114,0,0,0,0,False,,,,,"{""profile_name"": ""easy_d01"", ""map_seed"": 20280620, ""query_seed"": 20281623, ""waypoint_count"": 4}"
easy_s02_q0043,bottleneck_waypoint,Easy,d20_inf,True,True,0.624208893161267,4,22.6957166047593,,,0,0.10648252089145537,0.6673692884680753,0,0,0,0,False,,,,,"{""profile_name"": ""easy_d01"", ""map_seed"": 20280620, ""query_seed"": 20281623, ""waypoint_count"": 3, ""bottleneck_count"": 3}"
easy_s02_q0044,vanilla_ha,Easy,d08_12,True,True,0.14851999282836914,1,10.830050784737807,,,0,0.0,0.6820275189920308,0,0,0,0,False,,,,,"{""profile_name"": ""easy_d00"", ""map_seed"": 20280620, ""query_seed"": 20281624}"
easy_s02_q0044,f_n3p_knn,Easy,d08_12,True,True,0.00046873209066689014,0,10.830050784737809,10.830050784737807,2.220446049250313e-16,0,1.0251318730561558e-17,0.6820275189920313,0,0,0,0,False,0,0,,,"{""profile_name"": ""easy_d00"", ""map_seed"": 20280620, ""query_seed"": 20281624}"
easy_s02_q0044,n3p_k1,Easy,d08_12,True,True,0.0004492970183491707,0,10.830050784737809,10.830050784737807,2.220446049250313e-16,0,1.0251318730561558e-17,0.6820275189920313,0,0,0,0,False,0,0,,,"{""profile_name"": ""easy_d00"", ""map_seed"": 20280620, ""query_seed"": 20281624}"
easy_s02_q0044,voronoi_waypoint,Easy,d08_12,True,True,0.33568051108159125,2,10.845201299936944,10.830050784737807,0.001398932978272649,0,0.05682621878599726,0.6855619142856324,0,0,0,0,False,,,,,"{""profile_name"": ""easy_d00"", ""map_seed"": 20280620, ""query_seed"": 20281624, ""waypoint_count"": 1}"
easy_s02_q0044,bottleneck_waypoint,Easy,d08_12,True,True,0.3359561520628631,2,10.925298876617456,10.830050784737807,0.008794796420888096,0,0.1108778251894702,0.6857006242576738,0,0,0,0,False,,,,,"{""profile_name"": ""easy_d00"", ""map_seed"": 20280620, ""query_seed"": 20281624, ""waypoint_count"": 1, ""bottleneck_count"": 1}"
easy_s02_q0045,vanilla_ha,Easy,d12_16,True,False,0.9328033924102783,1141,13.344686567136305,,,0,0.20620123974520088,-0.07657371982870131,11,0,0,0,False,,,,,"{""profile_name"": ""easy_d01"", ""map_seed"": 20280621, ""query_seed"": 20281621}"
easy_s02_q0045,f_n3p_knn,Easy,d12_16,True,True,0.9446348380297422,1141,13.39119162167384,,,0,0.2054851421662119,0.07996818698857255,0,4,1,0,True,0,0,,,"{""profile_name"": ""easy_d01"", ""map_seed"": 20280621, ""query_seed"": 20281621}"
easy_s02_q0045,n3p_k1,Easy,d12_16,True,True,0.9416162620764226,1141,13.39119162167384,,,0,0.2054851421662119,0.07996818698857255,0,0,1,0,True,0,0,,,"{""profile_name"": ""easy_d01"", ""map_seed"": 20280621, ""query_seed"": 20281621}"
easy_s02_q0045,voronoi_waypoint,Easy,d12_16,True,True,0.4693016039673239,3,15.288286598793672,,,0,0.21414291877874414,0.347082600743434,0,0,0,0,False,,,,,"{""profile_name"": ""easy_d01"", ""map_seed"": 20280621, ""query_seed"": 20281621, ""waypoint_count"": 2}"
easy_s02_q0045,bottleneck_waypoint,Easy,d12_16,True,True,0.33060516812838614,2,15.028154385992865,,,0,0.15576633384617422,0.34708260074343533,0,0,0,0,False,,,,,"{""profile_name"": ""easy_d01"", ""map_seed"": 20280621, ""query_seed"": 20281621, ""waypoint_count"": 1, ""bottleneck_count"": 1}"
easy_s02_q0046,vanilla_ha,Easy,d16_20,True,False,0.2417736053466797,171,18.706167147995796,,,0,0.23687118049300848,-0.011733321263494634,9,0,0,0,False,,,,,"{""profile_name"": ""easy_d00"", ""map_seed"": 20280621, ""query_seed"": 20281622}"
easy_s02_q0046,f_n3p_knn,Easy,d16_20,True,True,0.6045973880682141,7,23.942072021510647,,,3,0.22926368471493502,0.11328742661077262,0,5,1,0,True,2,3,0.6666666666666666,,"{""profile_name"": ""easy_d00"", ""map_seed"": 20280621, ""query_seed"": 20281622}"
easy_s02_q0046,n3p_k1,Easy,d16_20,True,True,0.4673831509426236,13,23.317982119494946,,,2,0.24137155092535229,0.08459368418802238,0,0,1,0,True,2,2,1.0,,"{""profile_name"": ""easy_d00"", ""map_seed"": 20280621, ""query_seed"": 20281622}"
easy_s02_q0046,voronoi_waypoint,Easy,d16_20,True,True,0.6160172098316252,4,19.753203892575943,,,0,0.2133861767091744,0.2863457153130917,0,0,0,0,False,,,,,"{""profile_name"": ""easy_d00"", ""map_seed"": 20280621, ""query_seed"": 20281622, ""waypoint_count"": 3}"
easy_s02_q0046,bottleneck_waypoint,Easy,d16_20,True,True,0.6134566902182996,4,19.463952064447408,,,0,0.1233153677909332,0.2863457153130917,0,0,0,0,False,,,,,"{""profile_name"": ""easy_d00"", ""map_seed"": 20280621, ""query_seed"": 20281622, ""waypoint_count"": 3, ""bottleneck_count"": 3}"
easy_s02_q0047,vanilla_ha,Easy,d20_inf,True,False,1.7282235622406006,2721,22.802974291920926,,,0,0.1224738269265055,0.03018819544237389,4,0,0,0,False,,,,,"{""profile_name"": ""easy_d01"", ""map_seed"": 20280621, ""query_seed"": 20281623}"
easy_s02_q0047,f_n3p_knn,Easy,d20_inf,True,True,0.47443142416886985,18,23.070801803482443,,,0,0.15618729403519485,0.15915288229802915,0,4,1,0,True,2,2,1.0,,"{""profile_name"": ""easy_d01"", ""map_seed"": 20280621, ""query_seed"": 20281623}"
easy_s02_q0047,n3p_k1,Easy,d20_inf,True,True,0.4766930011101067,18,23.070801803482443,,,0,0.15618729403519485,0.15915288229802915,0,0,1,0,True,2,2,1.0,,"{""profile_name"": ""easy_d01"", ""map_seed"": 20280621, ""query_seed"": 20281623}"
easy_s02_q0047,voronoi_waypoint,Easy,d20_inf,True,True,0.7676659869030118,5,24.172212256878655,,,0,0.23306143065832696,0.8761452807309649,0,0,0,0,False,,,,,"{""profile_name"": ""easy_d01"", ""map_seed"": 20280621, ""query_seed"": 20281623, ""waypoint_count"": 4}"
easy_s02_q0047,bottleneck_waypoint,Easy,d20_inf,True,True,0.9098210490774363,6,24.387364873665828,,,0,0.2638364404033565,0.8761452807309644,0,0,0,0,False,,,,,"{""profile_name"": ""easy_d01"", ""map_seed"": 20280621, ""query_seed"": 20281623, ""waypoint_count"": 5, ""bottleneck_count"": 5}"
easy_s02_q0048,vanilla_ha,Easy,d08_12,True,True,0.14900517463684082,1,10.581587782558913,,,0,0.0,0.6686200358331817,0,0,0,0,False,,,,,"{""profile_name"": ""easy_d00"", ""map_seed"": 20280621, ""query_seed"": 20281624}"
easy_s02_q0048,f_n3p_knn,Easy,d08_12,True,True,0.00045292405411601067,0,10.58158778255891,10.581587782558913,-2.220446049250313e-16,0,4.1968107147590124e-17,0.6686200358331817,0,0,0,0,False,0,0,,,"{""profile_name"": ""easy_d00"", ""map_seed"": 20280621, ""query_seed"": 20281624}"
easy_s02_q0048,n3p_k1,Easy,d08_12,True,True,0.000458813039585948,0,10.58158778255891,10.581587782558913,-2.220446049250313e-16,0,4.1968107147590124e-17,0.6686200358331817,0,0,0,0,False,0,0,,,"{""profile_name"": ""easy_d00"", ""map_seed"": 20280621, ""query_seed"": 20281624}"
easy_s02_q0048,voronoi_waypoint,Easy,d08_12,True,True,0.3340468108654022,2,10.710985108026671,10.581587782558913,0.012228535842327748,0,0.08985034636002777,0.6813774310301854,0,0,0,0,False,,,,,"{""profile_name"": ""easy_d00"", ""map_seed"": 20280621, ""query_seed"": 20281624, ""waypoint_count"": 1}"
easy_s02_q0048,bottleneck_waypoint,Easy,d08_12,True,True,0.33670495986007154,2,10.593753535554269,10.581587782558913,0.001149709594188586,0,0.05075125199951726,0.8219502341146683,0,0,0,0,False,,,,,"{""profile_name"": ""easy_d00"", ""map_seed"": 20280621, ""query_seed"": 20281624, ""waypoint_count"": 1, ""bottleneck_count"": 1}"
easy_s02_q0049,vanilla_ha,Easy,d12_16,True,False,1.2357969284057617,1675,15.24655217888875,,,0,0.15439345907701707,0.05162295764649494,6,0,0,0,False,,,,,"{""profile_name"": ""easy_d01"", ""map_seed"": 20280621, ""query_seed"": 20281625}"
easy_s02_q0049,f_n3p_knn,Easy,d12_16,True,True,0.6118397540412843,4,20.152288030507805,,,1,0.24991793783097335,0.07038268031689632,0,1,0,0,True,3,4,0.75,,"{""profile_name"": ""easy_d01"", ""map_seed"": 20280621, ""query_seed"": 20281625}"
easy_s02_q0049,n3p_k1,Easy,d12_16,True,True,0.4767664161045104,21,15.511925536378012,,,0,0.2950164430752174,0.1609572379285703,0,0,1,0,True,2,2,1.0,,"{""profile_name"": ""easy_d01"", ""map_seed"": 20280621, ""query_seed"": 20281625}"
easy_s02_q0049,voronoi_waypoint,Easy,d12_16,True,True,0.4960153829306364,24,16.49107883030539,,,0,0.27918258684045827,0.08114621909484931,0,0,0,0,False,,,,,"{""profile_name"": ""easy_d01"", ""map_seed"": 20280621, ""query_seed"": 20281625, ""waypoint_count"": 2}"
easy_s02_q0049,bottleneck_waypoint,Easy,d12_16,True,True,0.4795626690611243,3,15.869016757858283,,,0,0.22912473426581006,0.249993890862223,0,0,0,0,False,,,,,"{""profile_name"": ""easy_d01"", ""map_seed"": 20280621, ""query_seed"": 20281625, ""waypoint_count"": 2, ""bottleneck_count"": 2}"
easy_s02_q0050,vanilla_ha,Easy,d16_20,True,True,0.14951491355895996,1,18.61236148370217,,,0,0.0,0.5064580241632154,0,0,0,0,False,,,,,"{""profile_name"": ""easy_d00"", ""map_seed"": 20280622, ""query_seed"": 20281622}"
easy_s02_q0050,f_n3p_knn,Easy,d16_20,True,True,0.0007188951130956411,0,18.61236148370217,18.61236148370217,0.0,0,0.0,0.5064580241632148,0,0,0,0,False,0,0,,,"{""profile_name"": ""easy_d00"", ""map_seed"": 20280622, ""query_seed"": 20281622}"
easy_s02_q0050,n3p_k1,Easy,d16_20,True,True,0.0007035490125417709,0,18.61236148370217,18.61236148370217,0.0,0,0.0,0.5064580241632148,0,0,0,0,False,0,0,,,"{""profile_name"": ""easy_d00"", ""map_seed"": 20280622, ""query_seed"": 20281622}"
easy_s02_q0050,voronoi_waypoint,Easy,d16_20,True,True,0.6204300008248538,4,21.64616310879667,18.61236148370217,0.16299928559581423,0,0.2141503936373492,1.8140504838019846,0,0,0,0,False,,,,,"{""profile_name"": ""easy_d00"", ""map_seed"": 20280622, ""query_seed"": 20281622, ""waypoint_count"": 3}"
easy_s02_q0050,bottleneck_waypoint,Easy,d16_20,True,True,0.621823888970539,4,19.968378071847496,18.61236148370217,0.07285569804415815,0,0.19264717805262796,1.8945758094457057,0,0,0,0,False,,,,,"{""profile_name"": ""easy_d00"", ""map_seed"": 20280622, ""query_seed"": 20281622, ""waypoint_count"": 3, ""bottleneck_count"": 3}"
easy_s02_q0051,vanilla_ha,Easy,d20_inf,True,True,0.1536397933959961,17,22.642209579776505,,,0,0.06113464372931217,0.160270505844488,0,0,0,0,False,,,,,"{""profile_name"": ""easy_d01"", ""map_seed"": 20280622, ""query_seed"": 20281623}"
easy_s02_q0051,f_n3p_knn,Easy,d20_inf,True,True,0.5108237431850284,385,22.233682075192753,22.642209579776505,-0.018042740181534178,0,0.11269107727191346,0.1321319484649075,0,4,1,0,True,0,0,,,"{""profile_name"": ""easy_d01"", ""map_seed"": 20280622, ""query_seed"": 20281623}"
easy_s02_q0051,n3p_k1,Easy,d20_inf,True,True,0.5078495380003005,385,22.233682075192753,22.642209579776505,-0.018042740181534178,0,0.11269107727191346,0.1321319484649075,0,0,1,0,True,0,0,,,"{""profile_name"": ""easy_d01"", ""map_seed"": 20280622, ""query_seed"": 20281623}"
easy_s02_q0051,voronoi_waypoint,Easy,d20_inf,True,True,0.7631131121888757,5,23.867219216276887,22.642209579776505,0.054102919248417036,0,0.15992839414139473,0.8800181604793049,0,0,0,0,False,,,,,"{""profile_name"": ""easy_d01"", ""map_seed"": 20280622, ""query_seed"": 20281623, ""waypoint_count"": 4}"
easy_s02_q0051,bottleneck_waypoint,Easy,d20_inf,True,True,0.6229361339937896,4,23.442607172234457,22.642209579776505,0.0353498005412356,0,0.12001551890026271,0.8800181604793049,0,0,0,0,False,,,,,"{""profile_name"": ""easy_d01"", ""map_seed"": 20280622, ""query_seed"": 20281623, ""waypoint_count"": 3, ""bottleneck_count"": 3}"
easy_s02_q0052,vanilla_ha,Easy,d08_12,True,True,0.4553508758544922,396,11.470096882400938,,,0,0.18009447702565826,0.09928925670049138,0,0,0,0,False,,,,,"{""profile_name"": ""easy_d00"", ""map_seed"": 20280622, ""query_seed"": 20281624}"
easy_s02_q0052,f_n3p_knn,Easy,d08_12,True,True,0.32282794802449644,14,11.666460563025025,11.470096882400938,0.017119618311626894,0,0.21628901867489206,0.0593517312467724,0,4,1,0,True,1,1,1.0,,"{""profile_name"": ""easy_d00"", ""map_seed"": 20280622, ""query_seed"": 20281624}"
easy_s02_q0052,n3p_k1,Easy,d08_12,True,True,0.3218681139405817,14,11.666460563025025,11.470096882400938,0.017119618311626894,0,0.21628901867489206,0.0593517312467724,0,0,1,0,True,1,1,1.0,,"{""profile_name"": ""easy_d00"", ""map_seed"": 20280622, ""query_seed"": 20281624}"
easy_s02_q0052,voronoi_waypoint,Easy,d08_12,True,True,0.47512045316398144,3,14.713398466901591,11.470096882400938,0.28276148124581146,0,0.3102447036326495,0.1006888529739356,0,0,0,0,False,,,,,"{""profile_name"": ""easy_d00"", ""map_seed"": 20280622, ""query_seed"": 20281624, ""waypoint_count"": 2}"
easy_s02_q0052,bottleneck_waypoint,Easy,d08_12,True,True,0.6187551401089877,4,15.344881718572582,11.470096882400938,0.3378162256080759,1,0.3836470057825471,0.8325242358907476,0,0,0,0,False,,,,,"{""profile_name"": ""easy_d00"", ""map_seed"": 20280622, ""query_seed"": 20281624, ""waypoint_count"": 3, ""bottleneck_count"": 3}"
easy_s02_q0053,vanilla_ha,Easy,d12_16,True,True,0.15935015678405762,17,16.089175139477284,,,0,0.14346905263155532,0.2837328834450592,0,0,0,0,False,,,,,"{""profile_name"": ""easy_d01"", ""map_seed"": 20280622, ""query_seed"": 20281625}"
easy_s02_q0053,f_n3p_knn,Easy,d12_16,True,True,0.1613286652136594,1,15.862032272328431,16.089175139477284,-0.0141177447059746,0,0.033631479455971655,0.11634018166744353,0,4,0,0,True,0,1,0.0,,"{""profile_name"": ""easy_d01"", ""map_seed"": 20280622, ""query_seed"": 20281625}"
easy_s02_q0053,n3p_k1,Easy,d12_16,True,True,0.1707102870568633,17,16.144796194165703,16.089175139477284,0.0034570482455589246,0,0.14297478191258522,0.2837328834450592,0,0,1,0,True,0,0,,,"{""profile_name"": ""easy_d01"", ""map_seed"": 20280622, ""query_seed"": 20281625}"
easy_s02_q0053,voronoi_waypoint,Easy,d12_16,True,True,0.622020130045712,4,17.02239356301102,16.089175139477284,0.05800287556345496,0,0.18920154608849277,0.4431555134945546,0,0,0,0,False,,,,,"{""profile_name"": ""easy_d01"", ""map_seed"": 20280622, ""query_seed"": 20281625, ""waypoint_count"": 3}"
easy_s02_q0053,bottleneck_waypoint,Easy,d12_16,True,True,0.4794034219812602,3,16.813227311741702,16.089175139477284,0.04500244207596715,0,0.15771126376696654,0.44374724580691194,0,0,0,0,False,,,,,"{""profile_name"": ""easy_d01"", ""map_seed"": 20280622, ""query_seed"": 20281625, ""waypoint_count"": 2, ""bottleneck_count"": 2}"
easy_s02_q0054,vanilla_ha,Easy,d16_20,True,True,0.17103242874145508,49,18.229722661688296,,,0,0.21128287850435498,0.21688680660403759,0,0,0,0,False,,,,,"{""profile_name"": ""easy_d00"", ""map_seed"": 20280622, ""query_seed"": 20281626}"
easy_s02_q0054,f_n3p_knn,Easy,d16_20,True,True,0.15780377015471458,1,18.052623268348224,18.229722661688296,-0.009714870413923826,0,0.03668352021845734,0.288543398166918,0,1,0,0,True,0,1,0.0,,"{""profile_name"": ""easy_d00"", ""map_seed"": 20280622, ""query_seed"": 20281626}"
easy_s02_q0054,n3p_k1,Easy,d16_20,True,True,0.18128662882372737,49,18.24152663855045,18.229722661688296,0.0006475126956793087,0,0.2111461586859622,0.21688680660403759,0,0,1,0,True,0,0,,,"{""profile_name"": ""easy_d00"", ""map_seed"": 20280622, ""query_seed"": 20281626}"
easy_s02_q0054,voronoi_waypoint,Easy,d16_20,True,True,0.6207382481079549,4,21.072904894035915,18.229722661688296,0.1559640969372984,0,0.1742876865957876,0.6497614537199792,0,0,0,0,False,,,,,"{""profile_name"": ""easy_d00"", ""map_seed"": 20280622, ""query_seed"": 20281626, ""waypoint_count"": 3}"
easy_s02_q0054,bottleneck_waypoint,Easy,d16_20,True,True,0.6191510721109807,4,21.06077692191799,18.229722661688296,0.1552988113296676,0,0.1528964177846459,0.6497614537199792,0,0,0,0,False,,,,,"{""profile_name"": ""easy_d00"", ""map_seed"": 20280622, ""query_seed"": 20281626, ""waypoint_count"": 3, ""bottleneck_count"": 3}"
easy_s02_q0055,vanilla_ha,Easy,d20_inf,True,True,0.22749876976013184,97,22.72385103371626,,,0,0.06958715507096917,0.07503790648558795,0,0,0,0,False,,,,,"{""profile_name"": ""easy_d01"", ""map_seed"": 20280623, ""query_seed"": 20281623}"
easy_s02_q0055,f_n3p_knn,Easy,d20_inf,True,True,0.4659063119906932,3,21.89240982660849,22.72385103371626,-0.03658892174016326,0,0.09787727893023868,0.10153131964443851,0,0,0,0,False,3,3,1.0,,"{""profile_name"": ""easy_d01"", ""map_seed"": 20280623, ""query_seed"": 20281623}"
easy_s02_q0055,n3p_k1,Easy,d20_inf,True,True,0.4659153949469328,3,21.89240982660849,22.72385103371626,-0.03658892174016326,0,0.09787727893023868,0.10153131964443851,0,0,0,0,False,3,3,1.0,,"{""profile_name"": ""easy_d01"", ""map_seed"": 20280623, ""query_seed"": 20281623}"
easy_s02_q0055,voronoi_waypoint,Easy,d20_inf,True,True,0.7722729530651122,5,25.452006394844748,22.72385103371626,0.1200569109998395,2,0.31620685855418257,0.6546923663629536,0,0,0,0,False,,,,,"{""profile_name"": ""easy_d01"", ""map_seed"": 20280623, ""query_seed"": 20281623, ""waypoint_count"": 4}"
easy_s02_q0055,bottleneck_waypoint,Easy,d20_inf,True,True,1.0543262118007988,7,24.485526485207345,22.72385103371626,0.07752539166346484,0,0.3332311693594624,0.7428321171030037,0,0,0,0,False,,,,,"{""profile_name"": ""easy_d01"", ""map_seed"": 20280623, ""query_seed"": 20281623, ""waypoint_count"": 6, ""bottleneck_count"": 6}"
easy_s02_q0056,vanilla_ha,Easy,d08_12,True,True,0.15118050575256348,11,8.546171392520256,,,0,0.07902496808632539,0.1014257062631525,0,0,0,0,False,,,,,"{""profile_name"": ""easy_d00"", ""map_seed"": 20280623, ""query_seed"": 20281624}"
easy_s02_q0056,f_n3p_knn,Easy,d08_12,True,True,0.2978487298823893,2,13.191693676238891,8.546171392520256,0.5435793492024359,1,0.292185763831404,0.05043589306932106,0,1,0,0,True,1,2,0.5,,"{""profile_name"": ""easy_d00"", ""map_seed"": 20280623, ""query_seed"": 20281624}"
easy_s02_q0056,n3p_k1,Easy,d08_12,True,True,0.2961719708982855,4,11.856241260727412,8.546171392520256,0.3873161110604664,3,0.3461759853721624,0.05043589306932106,0,0,1,0,True,1,1,1.0,,"{""profile_name"": ""easy_d00"", ""map_seed"": 20280623, ""query_seed"": 20281624}"
easy_s02_q0056,voronoi_waypoint,Easy,d08_12,True,True,0.3249992970377207,2,8.632680691828968,8.546171392520256,0.010122579496173678,0,0.08149477617219093,0.1014257062631525,0,0,0,0,False,,,,,"{""profile_name"": ""easy_d00"", ""map_seed"": 20280623, ""query_seed"": 20281624, ""waypoint_count"": 1}"
easy_s02_q0056,bottleneck_waypoint,Easy,d08_12,True,True,0.3252984839491546,2,8.611677551340046,8.546171392520256,0.007664971343439575,0,0.1004082807701157,0.1014257062631525,0,0,0,0,False,,,,,"{""profile_name"": ""easy_d00"", ""map_seed"": 20280623, ""query_seed"": 20281624, ""waypoint_count"": 1, ""bottleneck_count"": 1}"
easy_s02_q0057,vanilla_ha,Easy,d12_16,True,True,0.182997465133667,64,14.704774764749967,,,0,0.16458093215951786,0.07347471053570731,0,0,0,0,False,,,,,"{""profile_name"": ""easy_d01"", ""map_seed"": 20280623, ""query_seed"": 20281625}"
easy_s02_q0057,f_n3p_knn,Easy,d12_16,True,True,0.15457131108269095,1,14.680674755919899,14.704774764749967,-0.0016389240376425418,0,0.06533095491693731,0.19613322232012376,0,3,0,0,True,0,1,0.0,,"{""profile_name"": ""easy_d01"", ""map_seed"": 20280623, ""query_seed"": 20281625}"
easy_s02_q0057,n3p_k1,Easy,d12_16,True,True,0.2001479440368712,61,14.710650523306125,14.704774764749967,0.00039958167671105826,0,0.1761816953106668,0.0725377874784513,0,0,1,0,True,0,0,,,"{""profile_name"": ""easy_d01"", ""map_seed"": 20280623, ""query_seed"": 20281625}"
easy_s02_q0057,voronoi_waypoint,Easy,d12_16,True,True,0.4722653301432729,3,15.491539083037708,14.704774764749967,0.053504003350922424,0,0.20968039330196347,0.07689063609328983,0,0,0,0,False,,,,,"{""profile_name"": ""easy_d01"", ""map_seed"": 20280623, ""query_seed"": 20281625, ""waypoint_count"": 2}"
easy_s02_q0057,bottleneck_waypoint,Easy,d12_16,True,True,0.4753966210409999,3,14.8887199206827,14.704774764749967,0.012509212747255694,0,0.19997023325595153,0.22623595971716393,0,0,0,0,False,,,,,"{""profile_name"": ""easy_d01"", ""map_seed"": 20280623, ""query_seed"": 20281625, ""waypoint_count"": 2, ""bottleneck_count"": 2}"
easy_s02_q0058,vanilla_ha,Easy,d16_20,True,True,0.15068459510803223,1,18.48053029542172,,,0,0.0,0.1682871610266472,0,0,0,0,False,,,,,"{""profile_name"": ""easy_d00"", ""map_seed"": 20280623, ""query_seed"": 20281626}"
easy_s02_q0058,f_n3p_knn,Easy,d16_20,True,True,0.0007270111236721277,0,18.480530295421723,18.48053029542172,2.220446049250313e-16,0,1.2015055919690794e-17,0.1682871610266472,0,0,0,0,False,0,0,,,"{""profile_name"": ""easy_d00"", ""map_seed"": 20280623, ""query_seed"": 20281626}"
easy_s02_q0058,n3p_k1,Easy,d16_20,True,True,0.0007111870218068361,0,18.480530295421723,18.48053029542172,2.220446049250313e-16,0,1.2015055919690794e-17,0.1682871610266472,0,0,0,0,False,0,0,,,"{""profile_name"": ""easy_d00"", ""map_seed"": 20280623, ""query_seed"": 20281626}"
easy_s02_q0058,voronoi_waypoint,Easy,d16_20,True,True,0.6201949799433351,4,19.545736059718724,18.48053029542172,0.05763935056348979,0,0.15284533701831005,0.14760728766479447,0,0,0,0,False,,,,,"{""profile_name"": ""easy_d00"", ""map_seed"": 20280623, ""query_seed"": 20281626, ""waypoint_count"": 3}"
easy_s02_q0058,bottleneck_waypoint,Easy,d16_20,True,True,0.6202104960102588,4,18.753810454095458,18.48053029542172,0.01478746303840861,0,0.123317811202548,0.1569642376468996,0,0,0,0,False,,,,,"{""profile_name"": ""easy_d00"", ""map_seed"": 20280623, ""query_seed"": 20281626, ""waypoint_count"": 3, ""bottleneck_count"": 3}"
easy_s02_q0059,vanilla_ha,Easy,d20_inf,True,True,0.1490192413330078,1,22.103619613086,,,0,0.0,0.09133906458328056,0,0,0,0,False,,,,,"{""profile_name"": ""easy_d01"", ""map_seed"": 20280623, ""query_seed"": 20281627}"
easy_s02_q0059,f_n3p_knn,Easy,d20_inf,True,True,0.0008202209137380123,0,22.103619613085996,22.103619613086,-1.1102230246251565e-16,0,0.0,0.09133906458328045,0,0,0,0,False,0,0,,,"{""profile_name"": ""easy_d01"", ""map_seed"": 20280623, ""query_seed"": 20281627}"
easy_s02_q0059,n3p_k1,Easy,d20_inf,True,True,0.0008097889367491007,0,22.103619613085996,22.103619613086,-1.1102230246251565e-16,0,0.0,0.09133906458328045,0,0,0,0,False,0,0,,,"{""profile_name"": ""easy_d01"", ""map_seed"": 20280623, ""query_seed"": 20281627}"
easy_s02_q0059,voronoi_waypoint,Easy,d20_inf,True,True,0.7681588961277157,17,26.73992795954031,22.103619613086,0.20975335386741256,2,0.3767824485949548,0.0525370052533613,0,0,0,0,False,,,,,"{""profile_name"": ""easy_d01"", ""map_seed"": 20280623, ""query_seed"": 20281627, ""waypoint_count"": 4}"
easy_s02_q0059,bottleneck_waypoint,Easy,d20_inf,True,True,0.7606911840848625,5,25.121543303871896,22.103619613086,0.13653527085668782,0,0.13356193458149043,0.15083717100353444,0,0,0,0,False,,,,,"{""profile_name"": ""easy_d01"", ""map_seed"": 20280623, ""query_seed"": 20281627, ""waypoint_count"": 4, ""bottleneck_count"": 4}"
easy_s03_q0060,vanilla_ha,Easy,d08_12,True,True,0.14862370491027832,1,9.060353193998564,,,0,0.0,0.31237365854693744,0,0,0,0,False,,,,,"{""profile_name"": ""easy_d00"", ""map_seed"": 20290620, ""query_seed"": 20291620}"
easy_s03_q0060,f_n3p_knn,Easy,d08_12,True,True,0.00040898798033595085,0,9.060353193998564,9.060353193998564,0.0,0,0.0,0.31237365854693744,0,0,0,0,False,0,0,,,"{""profile_name"": ""easy_d00"", ""map_seed"": 20290620, ""query_seed"": 20291620}"
easy_s03_q0060,n3p_k1,Easy,d08_12,True,True,0.00040198792703449726,0,9.060353193998564,9.060353193998564,0.0,0,0.0,0.31237365854693744,0,0,0,0,False,0,0,,,"{""profile_name"": ""easy_d00"", ""map_seed"": 20290620, ""query_seed"": 20291620}"
easy_s03_q0060,voronoi_waypoint,Easy,d08_12,True,True,0.3310466520488262,2,11.221225846662852,9.060353193998564,0.238497617741394,2,0.35347848200948934,0.31237365854693744,0,0,0,0,False,,,,,"{""profile_name"": ""easy_d00"", ""map_seed"": 20290620, ""query_seed"": 20291620, ""waypoint_count"": 1}"
easy_s03_q0060,bottleneck_waypoint,Easy,d08_12,True,True,0.6183542348444462,4,12.949907113332534,9.060353193998564,0.4292938515807916,4,0.4756159601712634,0.26670019018837443,0,0,0,0,False,,,,,"{""profile_name"": ""easy_d00"", ""map_seed"": 20290620, ""query_seed"": 20291620, ""waypoint_count"": 3, ""bottleneck_count"": 3}"
easy_s03_q0061,vanilla_ha,Easy,d12_16,True,True,0.15001511573791504,1,14.091131963046834,,,0,0.0,0.5578631902304276,0,0,0,0,False,,,,,"{""profile_name"": ""easy_d01"", ""map_seed"": 20290620, ""query_seed"": 20291621}"
easy_s03_q0061,f_n3p_knn,Easy,d12_16,True,True,0.0005777028854936361,0,14.091131963046836,14.091131963046834,2.220446049250313e-16,0,1.5757754984293012e-17,0.5578631902304262,0,0,0,0,False,0,0,,,"{""profile_name"": ""easy_d01"", ""map_seed"": 20290620, ""query_seed"": 20291621}"
easy_s03_q0061,n3p_k1,Easy,d12_16,True,True,0.000573023920878768,0,14.091131963046836,14.091131963046834,2.220446049250313e-16,0,1.5757754984293012e-17,0.5578631902304262,0,0,0,0,False,0,0,,,"{""profile_name"": ""easy_d01"", ""map_seed"": 20290620, ""query_seed"": 20291621}"
easy_s03_q0061,voronoi_waypoint,Easy,d12_16,True,True,0.6255785098765045,4,18.658810733929215,14.091131963046834,0.3241527212193349,0,0.2479988014962041,0.4299758366675499,0,0,0,0,False,,,,,"{""profile_name"": ""easy_d01"", ""map_seed"": 20290620, ""query_seed"": 20291621, ""waypoint_count"": 3}"
easy_s03_q0061,bottleneck_waypoint,Easy,d12_16,True,True,0.6279626451432705,4,17.239456878953376,14.091131963046834,0.22342597629224104,0,0.320282285080764,0.6003707302965946,0,0,0,0,False,,,,,"{""profile_name"": ""easy_d01"", ""map_seed"": 20290620, ""query_seed"": 20291621, ""waypoint_count"": 3, ""bottleneck_count"": 3}"
easy_s03_q0062,vanilla_ha,Easy,d16_20,True,False,0.6924698352813721,567,18.204935658267825,,,0,0.0888568336975181,0.06800844518144022,2,0,0,0,False,,,,,"{""profile_name"": ""easy_d00"", ""map_seed"": 20290620, ""query_seed"": 20291622}"
easy_s03_q0062,f_n3p_knn,Easy,d16_20,True,True,0.7734542489051819,19,20.342101747141523,,,3,0.16229317279018568,0.07452653292638411,0,7,1,0,True,2,4,0.5,,"{""profile_name"": ""easy_d00"", ""map_seed"": 20290620, ""query_seed"": 20291622}"
easy_s03_q0062,n3p_k1,Easy,d16_20,True,True,0.48614356690086424,167,18.40925436679773,,,0,0.12252338817534554,0.07087998168297838,0,0,1,0,True,1,1,1.0,,"{""profile_name"": ""easy_d00"", ""map_seed"": 20290620, ""query_seed"": 20291622}"
easy_s03_q0062,voronoi_waypoint,Easy,d16_20,True,True,0.6185709501150995,4,18.971502364498,,,0,0.09927431684969985,0.0741903940571158,0,0,0,0,False,,,,,"{""profile_name"": ""easy_d00"", ""map_seed"": 20290620, ""query_seed"": 20291622, ""waypoint_count"": 3}"
easy_s03_q0062,bottleneck_waypoint,Easy,d16_20,True,True,0.9115115150343627,6,19.334789589683965,,,0,0.17237060336970306,0.07413441098269269,0,0,0,0,False,,,,,"{""profile_name"": ""easy_d00"", ""map_seed"": 20290620, ""query_seed"": 20291622, ""waypoint_count"": 5, ""bottleneck_count"": 5}"
easy_s03_q0063,vanilla_ha,Easy,d20_inf,True,True,0.31638145446777344,349,23.116532263336207,,,0,0.26454379130288874,0.08385524323629123,0,0,0,0,False,,,,,"{""profile_name"": ""easy_d01"", ""map_seed"": 20290620, ""query_seed"": 20291623}"
easy_s03_q0063,f_n3p_knn,Easy,d20_inf,True,True,0.328523192089051,349,23.135023512506393,23.116532263336207,0.0007999144923442891,0,0.2643323480269067,0.08385524323629123,0,4,1,0,True,0,0,,,"{""profile_name"": ""easy_d01"", ""map_seed"": 20290620, ""query_seed"": 20291623}"
easy_s03_q0063,n3p_k1,Easy,d20_inf,True,True,0.32596835400909185,349,23.135023512506393,23.116532263336207,0.0007999144923442891,0,0.2643323480269067,0.08385524323629123,0,0,1,0,True,0,0,,,"{""profile_name"": ""easy_d01"", ""map_seed"": 20290620, ""query_seed"": 20291623}"
easy_s03_q0063,voronoi_waypoint,Easy,d20_inf,True,True,0.8638070609886199,107,25.73201420175334,23.116532263336207,0.11314335163347122,0,0.31073398983912215,0.06358587834555218,0,0,0,0,False,,,,,"{""profile_name"": ""easy_d01"", ""map_seed"": 20290620, ""query_seed"": 20291623, ""waypoint_count"": 4}"
easy_s03_q0063,bottleneck_waypoint,Easy,d20_inf,True,True,0.7756324640940875,5,24.527540499960995,23.116532263336207,0.061038923163345915,0,0.23628165080621535,0.1594662919597486,0,0,0,0,False,,,,,"{""profile_name"": ""easy_d01"", ""map_seed"": 20290620, ""query_seed"": 20291623, ""waypoint_count"": 4, ""bottleneck_count"": 4}"
easy_s03_q0064,vanilla_ha,Easy,d08_12,True,True,0.1503605842590332,1,10.374005976477939,,,0,0.0,0.44336560372794187,0,0,0,0,False,,,,,"{""profile_name"": ""easy_d00"", ""map_seed"": 20290620, ""query_seed"": 20291624}"
easy_s03_q0064,f_n3p_knn,Easy,d08_12,True,True,0.00046252296306192875,0,10.374005976477939,10.374005976477939,0.0,0,5.350985083016536e-18,0.44336560372794187,0,0,0,0,False,0,0,,,"{""profile_name"": ""easy_d00"", ""map_seed"": 20290620, ""query_seed"": 20291624}"
easy_s03_q0064,n3p_k1,Easy,d08_12,True,True,0.00043948995880782604,0,10.374005976477939,10.374005976477939,0.0,0,5.350985083016536e-18,0.44336560372794187,0,0,0,0,False,0,0,,,"{""profile_name"": ""easy_d00"", ""map_seed"": 20290620, ""query_seed"": 20291624}"
easy_s03_q0064,voronoi_waypoint,Easy,d08_12,True,True,0.47594763501547277,3,11.823935579366529,10.374005976477939,0.13976564175653694,0,0.35131222439490534,0.44336560372794187,0,0,0,0,False,,,,,"{""profile_name"": ""easy_d00"", ""map_seed"": 20290620, ""query_seed"": 20291624, ""waypoint_count"": 2}"
easy_s03_q0064,bottleneck_waypoint,Easy,d08_12,True,True,0.3366244249045849,2,11.962913463487693,10.374005976477939,0.15316238400213478,0,0.2172321430733645,0.44336560372794187,0,0,0,0,False,,,,,"{""profile_name"": ""easy_d00"", ""map_seed"": 20290620, ""query_seed"": 20291624, ""waypoint_count"": 1, ""bottleneck_count"": 1}"
easy_s03_q0065,vanilla_ha,Easy,d12_16,True,True,0.1688251495361328,41,15.693405932613164,,,0,0.0802408133986513,0.07646474462253805,0,0,0,0,False,,,,,"{""profile_name"": ""easy_d01"", ""map_seed"": 20290621, ""query_seed"": 20291621}"
easy_s03_q0065,f_n3p_knn,Easy,d12_16,True,True,0.3405191630590707,37,15.56439970051826,15.693405932613164,-0.008220410065785,0,0.14608817688900305,0.11020676220191006,0,8,2,0,True,0,0,,,"{""profile_name"": ""easy_d01"", ""map_seed"": 20290621, ""query_seed"": 20291621}"
easy_s03_q0065,n3p_k1,Easy,d12_16,True,True,0.33821673202328384,37,15.56439970051826,15.693405932613164,-0.008220410065785,0,0.14608817688900305,0.11020676220191006,0,0,2,0,True,0,0,,,"{""profile_name"": ""easy_d01"", ""map_seed"": 20290621, ""query_seed"": 20291621}"
easy_s03_q0065,voronoi_waypoint,Easy,d12_16,True,True,0.622599327005446,4,18.906080711996182,15.693405932613164,0.20471494799650958,1,0.29389561836598777,0.07708126516022329,0,0,0,0,False,,,,,"{""profile_name"": ""easy_d01"", ""map_seed"": 20290621, ""query_seed"": 20291621, ""waypoint_count"": 3}"
easy_s03_q0065,bottleneck_waypoint,Easy,d12_16,True,True,0.6208501348737627,4,17.744918390749195,15.693405932613164,0.1307244881668861,0,0.2517210044032661,0.24986371463607027,0,0,0,0,False,,,,,"{""profile_name"": ""easy_d01"", ""map_seed"": 20290621, ""query_seed"": 20291621, ""waypoint_count"": 3, ""bottleneck_count"": 3}"
easy_s03_q0066,vanilla_ha,Easy,d16_20,True,True,0.5886020660400391,1265,20.01356861473755,,,0,0.09541760140184012,0.07224279176126647,0,0,0,0,False,,,,,"{""profile_name"": ""easy_d00"", ""map_seed"": 20290621, ""query_seed"": 20291622}"
easy_s03_q0066,f_n3p_knn,Easy,d16_20,True,True,0.4503296669572592,3,20.477075180199503,20.01356861473755,0.02315961607769612,0,0.11164955997694709,0.09804918217174341,0,1,0,0,True,2,3,0.6666666666666666,,"{""profile_name"": ""easy_d00"", ""map_seed"": 20290621, ""query_seed"": 20291622}"
easy_s03_q0066,n3p_k1,Easy,d16_20,True,True,0.30845440295524895,6,20.405577875120827,20.01356861473755,0.019587174477949443,0,0.11720291702453436,0.10391075296823038,0,0,1,0,True,1,1,1.0,,"{""profile_name"": ""easy_d00"", ""map_seed"": 20290621, ""query_seed"": 20291622}"
easy_s03_q0066,voronoi_waypoint,Easy,d16_20,True,True,0.7672493869904429,5,23.285355647950357,20.01356861473755,0.1634784428601872,3,0.31750825000052607,0.2664272675469642,0,0,0,0,False,,,,,"{""profile_name"": ""easy_d00"", ""map_seed"": 20290621, ""query_seed"": 20291622, ""waypoint_count"": 4}"
easy_s03_q0066,bottleneck_waypoint,Easy,d16_20,True,True,0.48176442994736135,3,20.237338561237923,20.01356861473755,0.01118091185075265,0,0.06794252245627325,0.26211249837473094,0,0,0,0,False,,,,,"{""profile_name"": ""easy_d00"", ""map_seed"": 20290621, ""query_seed"": 20291622, ""waypoint_count"": 2, ""bottleneck_count"": 2}"
easy_s03_q0067,vanilla_ha,Easy,d20_inf,True,False,1.9004745483398438,2401,25.188564375991714,,,0,0.31176945269607675,-0.28048707954311286,15,0,0,0,False,,,,,"{""profile_name"": ""easy_d01"", ""map_seed"": 20290621, ""query_seed"": 20291623}"
easy_s03_q0067,f_n3p_knn,Easy,d20_inf,True,True,0.30464554694481194,2,25.37997729879099,,,0,0.08901621157999094,0.2103842535661442,0,6,0,0,True,0,2,0.0,,"{""profile_name"": ""easy_d01"", ""map_seed"": 20290621, ""query_seed"": 20291623}"
easy_s03_q0067,n3p_k1,Easy,d20_inf,True,True,0.8557169868145138,111,25.783567769835116,,,2,0.2750996583216484,0.057864134862749494,0,0,1,0,True,4,4,1.0,,"{""profile_name"": ""easy_d01"", ""map_seed"": 20290621, ""query_seed"": 20291623}"
easy_s03_q0067,voronoi_waypoint,Easy,d20_inf,True,True,0.9410253870300949,28,31.0944228307367,,,3,0.3228675714085867,0.15936421775964071,0,0,0,0,False,,,,,"{""profile_name"": ""easy_d01"", ""map_seed"": 20290621, ""query_seed"": 20291623, ""waypoint_count"": 5}"
easy_s03_q0067,bottleneck_waypoint,Easy,d20_inf,True,True,0.9152373508550227,6,27.613278293450364,,,1,0.22303606461703349,0.25165458662243045,0,0,0,0,False,,,,,"{""profile_name"": ""easy_d01"", ""map_seed"": 20290621, ""query_seed"": 20291623, ""waypoint_count"": 5, ""bottleneck_count"": 5}"
easy_s03_q0068,vanilla_ha,Easy,d08_12,True,True,0.16115474700927734,26,8.294482915248794,,,0,0.03870284390705957,0.1435498637500332,0,0,0,0,False,,,,,"{""profile_name"": ""easy_d00"", ""map_seed"": 20290621, ""query_seed"": 20291624}"
easy_s03_q0068,f_n3p_knn,Easy,d08_12,True,True,0.15703621413558722,1,8.467681599588902,8.294482915248794,0.02088119128218291,0,0.10502435118562359,0.3264796933398403,0,4,0,0,True,0,1,0.0,,"{""profile_name"": ""easy_d00"", ""map_seed"": 20290621, ""query_seed"": 20291624}"
easy_s03_q0068,n3p_k1,Easy,d08_12,True,True,0.17086452897638083,29,8.31974108417338,8.294482915248794,0.0030451770390833577,0,0.11309914129922596,0.10609885881494019,0,0,1,0,True,0,0,,,"{""profile_name"": ""easy_d00"", ""map_seed"": 20290621, ""query_seed"": 20291624}"
easy_s03_q0068,voronoi_waypoint,Easy,d08_12,True,True,0.33248883695341647,2,8.3898006793088,8.294482915248794,0.011491706599910056,0,0.1386229250376092,0.22608305579681387,0,0,0,0,False,,,,,"{""profile_name"": ""easy_d00"", ""map_seed"": 20290621, ""query_seed"": 20291624, ""waypoint_count"": 1}"
easy_s03_q0068,bottleneck_waypoint,Easy,d08_12,True,True,0.3348185340873897,2,8.694726333463509,8.294482915248794,0.0482541735638391,0,0.22591912795524288,0.32470544600878726,0,0,0,0,False,,,,,"{""profile_name"": ""easy_d00"", ""map_seed"": 20290621, ""query_seed"": 20291624, ""waypoint_count"": 1, ""bottleneck_count"": 1}"
easy_s03_q0069,vanilla_ha,Easy,d12_16,True,True,0.17493677139282227,33,12.883802238260142,,,0,0.10864356908052086,0.0690446981636974,0,0,0,0,False,,,,,"{""profile_name"": ""easy_d01"", ""map_seed"": 20290621, ""query_seed"": 20291625}"
easy_s03_q0069,f_n3p_knn,Easy,d12_16,True,True,0.15735346800647676,1,12.919152944846555,12.883802238260142,0.0027438100905829987,0,0.06487161512373933,0.17287147044704132,0,0,0,0,False,1,1,1.0,,"{""profile_name"": ""easy_d01"", ""map_seed"": 20290621, ""query_seed"": 20291625}"
easy_s03_q0069,n3p_k1,Easy,d12_16,True,True,0.15673486911691725,1,12.919152944846555,12.883802238260142,0.0027438100905829987,0,0.06487161512373933,0.17287147044704132,0,0,0,0,False,1,1,1.0,,"{""profile_name"": ""easy_d01"", ""map_seed"": 20290621, ""query_seed"": 20291625}"
easy_s03_q0069,voronoi_waypoint,Easy,d12_16,True,True,0.48054411308839917,3,13.250230938324442,12.883802238260142,0.02844103730311409,0,0.2053566240320938,0.3486067222859115,0,0,0,0,False,,,,,"{""profile_name"": ""easy_d01"", ""map_seed"": 20290621, ""query_seed"": 20291625, ""waypoint_count"": 2}"
easy_s03_q0069,bottleneck_waypoint,Easy,d12_16,True,True,0.4822504851035774,3,13.480150006337434,12.883802238260142,0.046286628516103656,0,0.1748732303617698,0.13987536623468444,0,0,0,0,False,,,,,"{""profile_name"": ""easy_d01"", ""map_seed"": 20290621, ""query_seed"": 20291625, ""waypoint_count"": 2, ""bottleneck_count"": 2}"
easy_s03_q0070,vanilla_ha,Easy,d16_20,False,False,2.5014641284942627,3593,,,,0,,,0,0,0,0,False,,,,timeout,"{""profile_name"": ""easy_d00"", ""map_seed"": 20290622, ""query_seed"": 20291622}"
easy_s03_q0070,f_n3p_knn,Easy,d16_20,True,True,0.15499372011981905,1,17.825860968094343,,,0,0.05860085867921922,0.07527075231623659,0,3,0,0,True,0,1,0.0,,"{""profile_name"": ""easy_d00"", ""map_seed"": 20290622, ""query_seed"": 20291622}"
easy_s03_q0070,n3p_k1,Easy,d16_20,False,False,3.510619339067489,5098,,,,0,,,0,0,1,1,True,0,0,,f2_failed:prediction:goal_in_collision;goal:timeout;f3_failed:timeout,"{""profile_name"": ""easy_d00"", ""map_seed"": 20290622, ""query_seed"": 20291622}"
easy_s03_q0070,voronoi_waypoint,Easy,d16_20,True,True,0.7820779669564217,190,21.179545583003858,,,2,0.4139464282881176,0.07408130549067093,0,0,0,0,False,,,,,"{""profile_name"": ""easy_d00"", ""map_seed"": 20290622, ""query_seed"": 20291622, ""waypoint_count"": 3}"
easy_s03_q0070,bottleneck_waypoint,Easy,d16_20,True,True,0.6187118170782924,4,20.719401660045733,,,3,0.29081634735431694,0.09097582451736153,0,0,0,0,False,,,,,"{""profile_name"": ""easy_d00"", ""map_seed"": 20290622, ""query_seed"": 20291622, ""waypoint_count"": 3, ""bottleneck_count"": 3}"
easy_s03_q0071,vanilla_ha,Easy,d20_inf,False,False,2.500399112701416,3800,,,,0,,,0,0,0,0,False,,,,timeout,"{""profile_name"": ""easy_d01"", ""map_seed"": 20290622, ""query_seed"": 20291623}"
easy_s03_q0071,f_n3p_knn,Easy,d20_inf,True,True,0.472076287958771,13,26.12252081062772,,,4,0.10426791162603163,0.09308320214418087,0,7,1,0,True,0,2,0.0,,"{""profile_name"": ""easy_d01"", ""map_seed"": 20290622, ""query_seed"": 20291623}"
easy_s03_q0071,n3p_k1,Easy,d20_inf,True,True,0.8111568689346313,407,24.17745144222531,,,0,0.14138585260165684,0.09814446095126328,0,0,1,0,True,2,2,1.0,,"{""profile_name"": ""easy_d01"", ""map_seed"": 20290622, ""query_seed"": 20291623}"
easy_s03_q0071,voronoi_waypoint,Easy,d20_inf,True,True,0.9112042188644409,6,28.31514945697706,,,0,0.24863488796748434,0.7557664902877694,0,0,0,0,False,,,,,"{""profile_name"": ""easy_d01"", ""map_seed"": 20290622, ""query_seed"": 20291623, ""waypoint_count"": 5}"
easy_s03_q0071,bottleneck_waypoint,Easy,d20_inf,True,True,0.7721241370309144,5,25.99945118074317,,,0,0.19834901547339856,0.755766490287767,0,0,0,0,False,,,,,"{""profile_name"": ""easy_d01"", ""map_seed"": 20290622, ""query_seed"": 20291623, ""waypoint_count"": 4, ""bottleneck_count"": 4}"
easy_s03_q0072,vanilla_ha,Easy,d08_12,True,True,0.15002870559692383,1,8.415461959987699,,,0,0.0,0.6788951582533778,0,0,0,0,False,,,,,"{""profile_name"": ""easy_d00"", ""map_seed"": 20290622, ""query_seed"": 20291624}"
easy_s03_q0072,f_n3p_knn,Easy,d08_12,True,True,0.0003902669996023178,0,8.415461959987699,8.415461959987699,0.0,0,5.277062768051675e-17,0.6788951582533778,0,0,0,0,False,0,0,,,"{""profile_name"": ""easy_d00"", ""map_seed"": 20290622, ""query_seed"": 20291624}"
easy_s03_q0072,n3p_k1,Easy,d08_12,True,True,0.00039683887735009193,0,8.415461959987699,8.415461959987699,0.0,0,5.277062768051675e-17,0.6788951582533778,0,0,0,0,False,0,0,,,"{""profile_name"": ""easy_d00"", ""map_seed"": 20290622, ""query_seed"": 20291624}"
easy_s03_q0072,voronoi_waypoint,Easy,d08_12,True,True,0.3342993860132992,2,9.381875349083744,8.415461959987699,0.11483782990060099,0,0.23720006664286758,0.6788951582533778,0,0,0,0,False,,,,,"{""profile_name"": ""easy_d00"", ""map_seed"": 20290622, ""query_seed"": 20291624, ""waypoint_count"": 1}"
easy_s03_q0072,bottleneck_waypoint,Easy,d08_12,True,True,0.19097723811864853,1,8.415461959987699,8.415461959987699,0.0,0,5.277062768051675e-17,0.6788951582533778,0,0,0,0,False,,,,,"{""profile_name"": ""easy_d00"", ""map_seed"": 20290622, ""query_seed"": 20291624, ""waypoint_count"": 0, ""bottleneck_count"": 0}"
easy_s03_q0073,vanilla_ha,Easy,d12_16,True,True,0.1629185676574707,17,14.782798747398907,,,0,0.0766285520336215,0.33892791104285325,0,0,0,0,False,,,,,"{""profile_name"": ""easy_d01"", ""map_seed"": 20290622, ""query_seed"": 20291625}"
easy_s03_q0073,f_n3p_knn,Easy,d12_16,True,True,0.30445305118337274,2,15.146684871961577,14.782798747398907,0.02461550960549319,0,0.16588893915427846,0.10248865970764753,0,4,0,0,True,0,2,0.0,,"{""profile_name"": ""easy_d01"", ""map_seed"": 20290622, ""query_seed"": 20291625}"
easy_s03_q0073,n3p_k1,Easy,d12_16,True,True,0.17168824514374137,17,14.799141310436665,14.782798747398907,0.0011055121101906096,0,0.07654393179006583,0.33892791104285325,0,0,1,0,True,0,0,,,"{""profile_name"": ""easy_d01"", ""map_seed"": 20290622, ""query_seed"": 20291625}"
easy_s03_q0073,voronoi_waypoint,Easy,d12_16,True,True,0.4794907998293638,3,15.397517913461622,14.782798747398907,0.0415834089719227,0,0.19606388740011316,0.1284611084059919,0,0,0,0,False,,,,,"{""profile_name"": ""easy_d01"", ""map_seed"": 20290622, ""query_seed"": 20291625, ""waypoint_count"": 2}"
easy_s03_q0073,bottleneck_waypoint,Easy,d12_16,True,True,0.33947894908487797,2,15.23331618611612,14.782798747398907,0.030475787867739523,0,0.15637131902606524,0.830605366701451,0,0,0,0,False,,,,,"{""profile_name"": ""easy_d01"", ""map_seed"": 20290622, ""query_seed"": 20291625, ""waypoint_count"": 1, ""bottleneck_count"": 1}"
easy_s03_q0074,vanilla_ha,Easy,d16_20,True,False,1.636470079421997,2571,19.525386413425814,,,1,0.18702759392216928,0.037272990609155454,3,0,0,0,False,,,,,"{""profile_name"": ""easy_d00"", ""map_seed"": 20290622, ""query_seed"": 20291626}"
easy_s03_q0074,f_n3p_knn,Easy,d16_20,True,True,2.5176757180597633,4082,19.5567039101568,,,1,0.1867280937564885,0.0912573812169497,0,4,1,1,True,0,0,,,"{""profile_name"": ""easy_d00"", ""map_seed"": 20290622, ""query_seed"": 20291626}"
easy_s03_q0074,n3p_k1,Easy,d16_20,True,True,2.5177887741010636,4112,19.5567039101568,,,1,0.1867280937564885,0.0912573812169497,0,0,1,1,True,0,0,,,"{""profile_name"": ""easy_d00"", ""map_seed"": 20290622, ""query_seed"": 20291626}"
easy_s03_q0074,voronoi_waypoint,Easy,d16_20,True,True,0.6268443870358169,11,21.562414096146817,,,1,0.25988009991043876,0.07686155617679313,0,0,0,0,False,,,,,"{""profile_name"": ""easy_d00"", ""map_seed"": 20290622, ""query_seed"": 20291626, ""waypoint_count"": 3}"
easy_s03_q0074,bottleneck_waypoint,Easy,d16_20,True,True,0.5194326918572187,67,20.861250347092113,,,1,0.20687126761781446,0.09766459844399633,0,0,0,0,False,,,,,"{""profile_name"": ""easy_d00"", ""map_seed"": 20290622, ""query_seed"": 20291626, ""waypoint_count"": 2, ""bottleneck_count"": 2}"
easy_s03_q0075,vanilla_ha,Easy,d20_inf,False,False,2.500119209289551,3538,,,,0,,,0,0,0,0,False,,,,timeout,"{""profile_name"": ""easy_d01"", ""map_seed"": 20290623, ""query_seed"": 20291623}"
easy_s03_q0075,f_n3p_knn,Easy,d20_inf,True,True,3.848773753968999,5367,21.870724285750104,,,0,0.06753246694764305,0.05237601474799003,0,8,2,1,True,0,0,,,"{""profile_name"": ""easy_d01"", ""map_seed"": 20290623, ""query_seed"": 20291623}"
easy_s03_q0075,n3p_k1,Easy,d20_inf,True,True,3.865465763024986,5367,21.870724285750104,,,0,0.06753246694764305,0.05237601474799003,0,0,2,1,True,0,0,,,"{""profile_name"": ""easy_d01"", ""map_seed"": 20290623, ""query_seed"": 20291623}"
easy_s03_q0075,voronoi_waypoint,Easy,d20_inf,True,True,0.806468813912943,65,23.184647907679757,,,0,0.19650150120555884,0.08566456435019965,0,0,0,0,False,,,,,"{""profile_name"": ""easy_d01"", ""map_seed"": 20290623, ""query_seed"": 20291623, ""waypoint_count"": 4}"
easy_s03_q0075,bottleneck_waypoint,Easy,d20_inf,True,True,0.6256280730012804,4,23.33644576080954,,,1,0.14145646230568304,0.24853644557004828,0,0,0,0,False,,,,,"{""profile_name"": ""easy_d01"", ""map_seed"": 20290623, ""query_seed"": 20291623, ""waypoint_count"": 3, ""bottleneck_count"": 3}"
easy_s03_q0076,vanilla_ha,Easy,d08_12,True,True,0.17358136177062988,37,9.01098974114817,,,0,0.29512740291684475,0.11505132286252073,0,0,0,0,False,,,,,"{""profile_name"": ""easy_d00"", ""map_seed"": 20290623, ""query_seed"": 20291624}"
easy_s03_q0076,f_n3p_knn,Easy,d08_12,True,True,0.15931841102428734,1,9.909182047334825,9.01098974114817,0.09967743078045133,1,0.31646615826017416,0.09185769460922422,0,0,0,0,False,1,1,1.0,,"{""profile_name"": ""easy_d00"", ""map_seed"": 20290623, ""query_seed"": 20291624}"
easy_s03_q0076,n3p_k1,Easy,d08_12,True,True,0.15850828401744366,1,9.909182047334825,9.01098974114817,0.09967743078045133,1,0.31646615826017416,0.09185769460922422,0,0,0,0,False,1,1,1.0,,"{""profile_name"": ""easy_d00"", ""map_seed"": 20290623, ""query_seed"": 20291624}"
easy_s03_q0076,voronoi_waypoint,Easy,d08_12,True,True,0.34333200310356915,14,8.887435799479166,9.01098974114817,-0.01371147290344843,0,0.11302938443397798,0.07368130417169516,0,0,0,0,False,,,,,"{""profile_name"": ""easy_d00"", ""map_seed"": 20290623, ""query_seed"": 20291624, ""waypoint_count"": 1}"
easy_s03_q0076,bottleneck_waypoint,Easy,d08_12,True,True,0.33740457706153393,2,9.02964539273721,9.01098974114817,0.00207032214273295,0,0.19140164269411558,0.5137490905646993,0,0,0,0,False,,,,,"{""profile_name"": ""easy_d00"", ""map_seed"": 20290623, ""query_seed"": 20291624, ""waypoint_count"": 1, ""bottleneck_count"": 1}"
easy_s03_q0077,vanilla_ha,Easy,d12_16,True,True,0.5988500118255615,711,16.086763667740648,,,0,0.2008453634042278,0.1170187120741576,0,0,0,0,False,,,,,"{""profile_name"": ""easy_d01"", ""map_seed"": 20290623, ""query_seed"": 20291625}"
easy_s03_q0077,f_n3p_knn,Easy,d12_16,True,True,0.15401317412033677,1,15.814742171207604,16.086763667740648,-0.01690964709567644,0,0.08428630312091087,0.06296259135591104,0,1,0,0,True,0,1,0.0,,"{""profile_name"": ""easy_d01"", ""map_seed"": 20290623, ""query_seed"": 20291625}"
easy_s03_q0077,n3p_k1,Easy,d12_16,True,True,0.40751491812989116,116,15.978634977878778,16.086763667740648,-0.006721593733530429,0,0.15571570605496565,0.06438061558284247,0,0,2,0,True,0,0,,,"{""profile_name"": ""easy_d01"", ""map_seed"": 20290623, ""query_seed"": 20291625}"
easy_s03_q0077,voronoi_waypoint,Easy,d12_16,True,True,0.6292380439117551,31,18.559324081713235,16.086763667740648,0.15370154401726555,2,0.32087377613196016,0.07480196513174064,0,0,0,0,False,,,,,"{""profile_name"": ""easy_d01"", ""map_seed"": 20290623, ""query_seed"": 20291625, ""waypoint_count"": 3}"
easy_s03_q0077,bottleneck_waypoint,Easy,d12_16,True,True,0.47183164092712104,3,16.894304847559653,16.086763667740648,0.05019910757055479,0,0.16808689284035672,0.1041128033961276,0,0,0,0,False,,,,,"{""profile_name"": ""easy_d01"", ""map_seed"": 20290623, ""query_seed"": 20291625, ""waypoint_count"": 2, ""bottleneck_count"": 2}"
easy_s03_q0078,vanilla_ha,Easy,d16_20,True,True,0.15654778480529785,25,16.858835464158865,,,0,0.15185787168346743,0.15960756528122588,0,0,0,0,False,,,,,"{""profile_name"": ""easy_d00"", ""map_seed"": 20290623, ""query_seed"": 20291626}"
easy_s03_q0078,f_n3p_knn,Easy,d16_20,True,True,0.15479303896427155,1,16.71192534975385,16.858835464158865,-0.008714131810428905,0,0.03396218035455247,0.2694701170034872,0,2,0,0,True,0,1,0.0,,"{""profile_name"": ""easy_d00"", ""map_seed"": 20290623, ""query_seed"": 20291626}"
easy_s03_q0078,n3p_k1,Easy,d16_20,True,True,0.1638938169926405,25,16.892420125924684,16.858835464158865,0.001992110418137516,0,0.1515559554856138,0.15960756528122588,0,0,1,0,True,0,0,,,"{""profile_name"": ""easy_d00"", ""map_seed"": 20290623, ""query_seed"": 20291626}"
easy_s03_q0078,voronoi_waypoint,Easy,d16_20,True,True,0.6139888849575073,4,19.437920867654483,16.858835464158865,0.1529812310570704,0,0.2969501022316845,0.422010463205693,0,0,0,0,False,,,,,"{""profile_name"": ""easy_d00"", ""map_seed"": 20290623, ""query_seed"": 20291626, ""waypoint_count"": 3}"
easy_s03_q0078,bottleneck_waypoint,Easy,d16_20,True,True,0.4767766341101378,3,17.86070448775354,16.858835464158865,0.05942694118609815,0,0.24290776331476238,0.3733220736849886,0,0,0,0,False,,,,,"{""profile_name"": ""easy_d00"", ""map_seed"": 20290623, ""query_seed"": 20291626, ""waypoint_count"": 2, ""bottleneck_count"": 2}"
easy_s03_q0079,vanilla_ha,Easy,d20_inf,True,False,0.3662550449371338,489,28.48733923518626,,,1,0.22203882227252267,0.06909930428014255,2,0,0,0,False,,,,,"{""profile_name"": ""easy_d01"", ""map_seed"": 20290623, ""query_seed"": 20291627}"
easy_s03_q0079,f_n3p_knn,Easy,d20_inf,True,True,0.37358722602948546,489,28.509118791771495,,,1,0.22186919559520835,0.07440685044209294,0,4,1,0,True,0,0,,,"{""profile_name"": ""easy_d01"", ""map_seed"": 20290623, ""query_seed"": 20291627}"
easy_s03_q0079,n3p_k1,Easy,d20_inf,True,True,0.3717049390543252,489,28.509118791771495,,,1,0.22186919559520835,0.07440685044209294,0,0,1,0,True,0,0,,,"{""profile_name"": ""easy_d01"", ""map_seed"": 20290623, ""query_seed"": 20291627}"
easy_s03_q0079,voronoi_waypoint,Easy,d20_inf,True,True,1.0795506578870118,213,32.21300354575277,,,3,0.2748871892662852,0.07073905666052549,0,0,0,0,False,,,,,"{""profile_name"": ""easy_d01"", ""map_seed"": 20290623, ""query_seed"": 20291627, ""waypoint_count"": 5}"
easy_s03_q0079,bottleneck_waypoint,Easy,d20_inf,True,True,1.199229588964954,12,33.26916501732671,,,4,0.2897680363126951,0.1104162542803826,0,0,0,0,False,,,,,"{""profile_name"": ""easy_d01"", ""map_seed"": 20290623, ""query_seed"": 20291627, ""waypoint_count"": 7, ""bottleneck_count"": 7}"
easy_s04_q0080,vanilla_ha,Easy,d08_12,True,True,0.1528325080871582,15,9.882532055590023,,,0,0.13194602311900677,0.09519105907206238,0,0,0,0,False,,,,,"{""profile_name"": ""easy_d00"", ""map_seed"": 20300620, ""query_seed"": 20301620}"
easy_s04_q0080,f_n3p_knn,Easy,d08_12,True,True,0.1551754518877715,1,11.034278072896628,9.882532055590023,0.11654361562683957,3,0.09748771307563626,0.2075475135573509,0,0,0,0,False,1,1,1.0,,"{""profile_name"": ""easy_d00"", ""map_seed"": 20300620, ""query_seed"": 20301620}"
easy_s04_q0080,n3p_k1,Easy,d08_12,True,True,0.15434986096806824,1,11.034278072896628,9.882532055590023,0.11654361562683957,3,0.09748771307563626,0.2075475135573509,0,0,0,0,False,1,1,1.0,,"{""profile_name"": ""easy_d00"", ""map_seed"": 20300620, ""query_seed"": 20301620}"
easy_s04_q0080,voronoi_waypoint,Easy,d08_12,True,True,0.33745619910769165,14,10.415902349626895,9.882532055590023,0.0539710158324429,0,0.2898626748114625,0.07957884763036516,0,0,0,0,False,,,,,"{""profile_name"": ""easy_d00"", ""map_seed"": 20300620, ""query_seed"": 20301620, ""waypoint_count"": 1}"
easy_s04_q0080,bottleneck_waypoint,Easy,d08_12,True,True,0.4786069951951504,3,10.18011241839661,9.882532055590023,0.03011175285166523,2,0.18759940952830917,0.23339786119775452,0,0,0,0,False,,,,,"{""profile_name"": ""easy_d00"", ""map_seed"": 20300620, ""query_seed"": 20301620, ""waypoint_count"": 2, ""bottleneck_count"": 2}"
easy_s04_q0081,vanilla_ha,Easy,d12_16,True,False,0.16227078437805176,33,13.31314903407201,,,0,0.14592700929321334,0.06135021033950744,1,0,0,0,False,,,,,"{""profile_name"": ""easy_d01"", ""map_seed"": 20300620, ""query_seed"": 20301621}"
easy_s04_q0081,f_n3p_knn,Easy,d12_16,True,True,0.30856876191683114,7,16.008938482899946,,,2,0.2332970040188326,0.20938646320508902,0,6,1,0,True,0,1,0.0,,"{""profile_name"": ""easy_d01"", ""map_seed"": 20300620, ""query_seed"": 20301621}"
easy_s04_q0081,n3p_k1,Easy,d12_16,True,True,0.15451403404586017,1,13.464290074097299,,,0,0.07774163087940009,0.11357560268421141,0,0,1,0,True,0,0,,,"{""profile_name"": ""easy_d01"", ""map_seed"": 20300620, ""query_seed"": 20301621}"
easy_s04_q0081,voronoi_waypoint,Easy,d12_16,True,True,0.4728688229806721,3,14.58229877920737,,,0,0.24393072229538632,1.0477700967647863,0,0,0,0,False,,,,,"{""profile_name"": ""easy_d01"", ""map_seed"": 20300620, ""query_seed"": 20301621, ""waypoint_count"": 2}"
easy_s04_q0081,bottleneck_waypoint,Easy,d12_16,True,True,0.33354878704994917,2,14.117741587563827,,,0,0.1758347232865383,1.107105557477629,0,0,0,0,False,,,,,"{""profile_name"": ""easy_d01"", ""map_seed"": 20300620, ""query_seed"": 20301621, ""waypoint_count"": 1, ""bottleneck_count"": 1}"
easy_s04_q0082,vanilla_ha,Easy,d16_20,True,False,2.1074044704437256,2837,18.230392339807416,,,0,0.27267024981636495,0.03728540393994517,7,0,0,0,False,,,,,"{""profile_name"": ""easy_d00"", ""map_seed"": 20300620, ""query_seed"": 20301622}"
easy_s04_q0082,f_n3p_knn,Easy,d16_20,True,True,0.46990341995842755,3,26.665489397043505,,,1,0.04244642493433767,0.07476600905963138,0,5,0,0,True,1,3,0.3333333333333333,,"{""profile_name"": ""easy_d00"", ""map_seed"": 20300620, ""query_seed"": 20301622}"
easy_s04_q0082,n3p_k1,Easy,d16_20,True,True,3.1425707060843706,4042,18.296222411796215,,,0,0.2716891783268185,0.1816371631604371,0,0,1,1,True,1,1,1.0,,"{""profile_name"": ""easy_d00"", ""map_seed"": 20300620, ""query_seed"": 20301622}"
easy_s04_q0082,voronoi_waypoint,Easy,d16_20,True,True,0.6247359488625079,13,18.72704816647783,,,0,0.17064902869096094,0.07622338680833463,0,0,0,0,False,,,,,"{""profile_name"": ""easy_d00"", ""map_seed"": 20300620, ""query_seed"": 20301622, ""waypoint_count"": 3}"
easy_s04_q0082,bottleneck_waypoint,Easy,d16_20,True,True,0.4775445640552789,3,17.919746552341845,,,0,0.05404451582537854,0.2793230987495092,0,0,0,0,False,,,,,"{""profile_name"": ""easy_d00"", ""map_seed"": 20300620, ""query_seed"": 20301622, ""waypoint_count"": 2, ""bottleneck_count"": 2}"
easy_s04_q0083,vanilla_ha,Easy,d20_inf,True,True,0.15322566032409668,9,20.769537220152525,,,0,0.10567309491218424,0.11285203561415968,0,0,0,0,False,,,,,"{""profile_name"": ""easy_d01"", ""map_seed"": 20300620, ""query_seed"": 20301623}"
easy_s04_q0083,f_n3p_knn,Easy,d20_inf,True,True,0.3357015640940517,50,20.93074026947795,20.769537220152525,0.007761513779373619,0,0.10220245646210153,0.12896346778530832,0,5,1,0,True,0,1,0.0,,"{""profile_name"": ""easy_d01"", ""map_seed"": 20300620, ""query_seed"": 20301623}"
easy_s04_q0083,n3p_k1,Easy,d20_inf,True,True,0.16211939696222544,9,20.84487227155462,20.769537220152525,0.0036271896963115946,0,0.10529118381513733,0.11285203561415968,0,0,1,0,True,0,0,,,"{""profile_name"": ""easy_d01"", ""map_seed"": 20300620, ""query_seed"": 20301623}"
easy_s04_q0083,voronoi_waypoint,Easy,d20_inf,True,True,0.766465564025566,5,22.516358840939706,20.769537220152525,0.08410498521326004,0,0.18670300499636316,0.8662151665619333,0,0,0,0,False,,,,,"{""profile_name"": ""easy_d01"", ""map_seed"": 20300620, ""query_seed"": 20301623, ""waypoint_count"": 4}"
easy_s04_q0083,bottleneck_waypoint,Easy,d20_inf,True,True,0.6250698331277817,4,22.14641344223694,20.769537220152525,0.06629306216550868,0,0.10676500109645544,1.4673206652277377,0,0,0,0,False,,,,,"{""profile_name"": ""easy_d01"", ""map_seed"": 20300620, ""query_seed"": 20301623, ""waypoint_count"": 3, ""bottleneck_count"": 3}"
easy_s04_q0084,vanilla_ha,Easy,d08_12,True,True,0.6320309638977051,682,10.38979025722907,,,0,0.169473548890211,0.10151339830145312,0,0,0,0,False,,,,,"{""profile_name"": ""easy_d00"", ""map_seed"": 20300620, ""query_seed"": 20301624}"
easy_s04_q0084,f_n3p_knn,Easy,d08_12,True,True,0.6646273289807141,682,10.400509203317748,10.38979025722907,0.001031680700312565,0,0.16929888649642807,0.10038326799763397,0,4,1,0,True,0,0,,,"{""profile_name"": ""easy_d00"", ""map_seed"": 20300620, ""query_seed"": 20301624}"
easy_s04_q0084,n3p_k1,Easy,d08_12,True,True,0.6434210599400103,682,10.400509203317748,10.38979025722907,0.001031680700312565,0,0.16929888649642807,0.10038326799763397,0,0,1,0,True,0,0,,,"{""profile_name"": ""easy_d00"", ""map_seed"": 20300620, ""query_seed"": 20301624}"
easy_s04_q0084,voronoi_waypoint,Easy,d08_12,True,True,0.47327692597173154,3,13.89922049659739,10.38979025722907,0.33777681285976957,1,0.34065524484881377,0.7708542371741203,0,0,0,0,False,,,,,"{""profile_name"": ""easy_d00"", ""map_seed"": 20300620, ""query_seed"": 20301624, ""waypoint_count"": 2}"
easy_s04_q0084,bottleneck_waypoint,Easy,d08_12,True,True,0.3318298840895295,2,11.376783104603025,10.38979025722907,0.09499641695723549,0,0.18432765080848137,0.5212608560137438,0,0,0,0,False,,,,,"{""profile_name"": ""easy_d00"", ""map_seed"": 20300620, ""query_seed"": 20301624, ""waypoint_count"": 1, ""bottleneck_count"": 1}"
easy_s04_q0085,vanilla_ha,Easy,d12_16,True,True,0.14754247665405273,1,12.514391715141413,,,0,0.0,0.06702128649026906,0,0,0,0,False,,,,,"{""profile_name"": ""easy_d01"", ""map_seed"": 20300621, ""query_seed"": 20301621}"
easy_s04_q0085,f_n3p_knn,Easy,d12_16,True,True,0.0005505450535565615,0,12.514391715141413,12.514391715141413,0.0,0,9.980516281843018e-18,0.06702128649026906,0,0,0,0,False,0,0,,,"{""profile_name"": ""easy_d01"", ""map_seed"": 20300621, ""query_seed"": 20301621}"
easy_s04_q0085,n3p_k1,Easy,d12_16,True,True,0.0005409899167716503,0,12.514391715141413,12.514391715141413,0.0,0,9.980516281843018e-18,0.06702128649026906,0,0,0,0,False,0,0,,,"{""profile_name"": ""easy_d01"", ""map_seed"": 20300621, ""query_seed"": 20301621}"
easy_s04_q0085,voronoi_waypoint,Easy,d12_16,True,True,0.47590289590880275,3,12.725842677593693,12.514391715141413,0.01689662328504893,0,0.167736054616965,0.7611604393490254,0,0,0,0,False,,,,,"{""profile_name"": ""easy_d01"", ""map_seed"": 20300621, ""query_seed"": 20301621, ""waypoint_count"": 2}"
easy_s04_q0085,bottleneck_waypoint,Easy,d12_16,True,True,0.3373876849655062,2,12.607014315058189,12.514391715141413,0.00740128661664885,0,0.06461336929695909,0.7270681721871273,0,0,0,0,False,,,,,"{""profile_name"": ""easy_d01"", ""map_seed"": 20300621, ""query_seed"": 20301621, ""waypoint_count"": 1, ""bottleneck_count"": 1}"
easy_s04_q0086,vanilla_ha,Easy,d16_20,True,True,0.14971470832824707,1,16.22744588652201,,,0,0.0,0.15737680399018983,0,0,0,0,False,,,,,"{""profile_name"": ""easy_d00"", ""map_seed"": 20300621, ""query_seed"": 20301622}"
easy_s04_q0086,f_n3p_knn,Easy,d16_20,True,True,0.0006533248815685511,0,16.22744588652201,16.22744588652201,0.0,0,0.0,0.1573768039901926,0,0,0,0,False,0,0,,,"{""profile_name"": ""easy_d00"", ""map_seed"": 20300621, ""query_seed"": 20301622}"
easy_s04_q0086,n3p_k1,Easy,d16_20,True,True,0.0006356490775942802,0,16.22744588652201,16.22744588652201,0.0,0,0.0,0.1573768039901926,0,0,0,0,False,0,0,,,"{""profile_name"": ""easy_d00"", ""map_seed"": 20300621, ""query_seed"": 20301622}"
easy_s04_q0086,voronoi_waypoint,Easy,d16_20,True,True,0.6184854379389435,4,19.171779723208232,16.22744588652201,0.18144160561531697,3,0.250384836534235,0.5382512582770507,0,0,0,0,False,,,,,"{""profile_name"": ""easy_d00"", ""map_seed"": 20300621, ""query_seed"": 20301622, ""waypoint_count"": 3}"
easy_s04_q0086,bottleneck_waypoint,Easy,d16_20,True,True,0.478895217878744,3,16.728486024432875,16.22744588652201,0.03087609358950405,0,0.08965069288322305,0.23248798197921627,0,0,0,0,False,,,,,"{""profile_name"": ""easy_d00"", ""map_seed"": 20300621, ""query_seed"": 20301622, ""waypoint_count"": 2, ""bottleneck_count"": 2}"
easy_s04_q0087,vanilla_ha,Easy,d20_inf,True,False,0.8591761589050293,1047,20.731256517326464,,,2,0.3268609578170781,-0.26455429817825304,15,0,0,0,False,,,,,"{""profile_name"": ""easy_d01"", ""map_seed"": 20300621, ""query_seed"": 20301623}"
easy_s04_q0087,f_n3p_knn,Easy,d20_inf,True,True,0.4705734080635011,8,25.079096311832686,,,1,0.10395305535990874,0.07702901733791068,0,5,1,0,True,1,2,0.5,,"{""profile_name"": ""easy_d01"", ""map_seed"": 20300621, ""query_seed"": 20301623}"
easy_s04_q0087,n3p_k1,Easy,d20_inf,True,True,1.562247339868918,989,21.386309643846282,,,1,0.20533446814002804,0.07702901733791068,0,0,2,0,True,1,1,1.0,,"{""profile_name"": ""easy_d01"", ""map_seed"": 20300621, ""query_seed"": 20301623}"
easy_s04_q0087,voronoi_waypoint,Easy,d20_inf,True,True,0.7656587020028383,5,23.564207738117762,,,1,0.27071334012032994,0.5279517018945723,0,0,0,0,False,,,,,"{""profile_name"": ""easy_d01"", ""map_seed"": 20300621, ""query_seed"": 20301623, ""waypoint_count"": 4}"
easy_s04_q0087,bottleneck_waypoint,Easy,d20_inf,True,True,0.4824460498057306,3,22.192977857969762,,,0,0.1932143723476617,0.0983593098112191,0,0,0,0,False,,,,,"{""profile_name"": ""easy_d01"", ""map_seed"": 20300621, ""query_seed"": 20301623, ""waypoint_count"": 2, ""bottleneck_count"": 2}"
easy_s04_q0088,vanilla_ha,Easy,d08_12,True,False,0.5192921161651611,517,11.660274730162683,,,0,0.31870351048301726,-0.026187691039321948,8,0,0,0,False,,,,,"{""profile_name"": ""easy_d00"", ""map_seed"": 20300621, ""query_seed"": 20301624}"
easy_s04_q0088,f_n3p_knn,Easy,d08_12,True,True,0.15528035699389875,1,11.44937685913836,,,0,0.08815096295773718,0.47708059415434534,0,1,0,0,True,0,1,0.0,,"{""profile_name"": ""easy_d00"", ""map_seed"": 20300621, ""query_seed"": 20301624}"
easy_s04_q0088,n3p_k1,Easy,d08_12,True,True,0.5302922469563782,517,11.69519387700984,,,0,0.3177519354343011,0.06137516815522892,0,0,1,0,True,0,0,,,"{""profile_name"": ""easy_d00"", ""map_seed"": 20300621, ""query_seed"": 20301624}"
easy_s04_q0088,voronoi_waypoint,Easy,d08_12,True,True,0.47235478600487113,3,13.551068079135597,,,0,0.30369026939649263,0.24307084006279667,0,0,0,0,False,,,,,"{""profile_name"": ""easy_d00"", ""map_seed"": 20300621, ""query_seed"": 20301624, ""waypoint_count"": 2}"
easy_s04_q0088,bottleneck_waypoint,Easy,d08_12,True,True,0.4721640481147915,3,13.244665712742693,,,0,0.289077972118777,0.2597968542657433,0,0,0,0,False,,,,,"{""profile_name"": ""easy_d00"", ""map_seed"": 20300621, ""query_seed"": 20301624, ""waypoint_count"": 2, ""bottleneck_count"": 2}"
easy_s04_q0089,vanilla_ha,Easy,d12_16,True,False,0.15137934684753418,9,12.446619022126068,,,0,0.16366223053561949,-0.07243342705762529,9,0,0,0,False,,,,,"{""profile_name"": ""easy_d01"", ""map_seed"": 20300621, ""query_seed"": 20301625}"
easy_s04_q0089,f_n3p_knn,Easy,d12_16,True,True,0.3024789490737021,2,13.296580126070735,,,1,0.11450710048229264,0.1615466673080903,0,5,0,0,True,0,2,0.0,,"{""profile_name"": ""easy_d01"", ""map_seed"": 20300621, ""query_seed"": 20301625}"
easy_s04_q0089,n3p_k1,Easy,d12_16,True,True,0.15535676293075085,7,12.870328276537524,,,0,0.17426808227508553,0.09031691744432357,0,0,1,0,True,0,0,,,"{""profile_name"": ""easy_d01"", ""map_seed"": 20300621, ""query_seed"": 20301625}"
easy_s04_q0089,voronoi_waypoint,Easy,d12_16,True,True,0.4835709792096168,11,13.9883099858551,,,0,0.41965486784959155,0.09031691744432357,0,0,0,0,False,,,,,"{""profile_name"": ""easy_d01"", ""map_seed"": 20300621, ""query_seed"": 20301625, ""waypoint_count"": 2}"
easy_s04_q0089,bottleneck_waypoint,Easy,d12_16,True,True,0.4763879079837352,3,13.685692267331248,,,2,0.41151428333363255,0.06734062725636336,0,0,0,0,False,,,,,"{""profile_name"": ""easy_d01"", ""map_seed"": 20300621, ""query_seed"": 20301625, ""waypoint_count"": 2, ""bottleneck_count"": 2}"
easy_s04_q0090,vanilla_ha,Easy,d16_20,True,True,0.16296625137329102,33,17.06442364964711,,,0,0.06915334270761896,0.07562296533390034,0,0,0,0,False,,,,,"{""profile_name"": ""easy_d00"", ""map_seed"": 20300622, ""query_seed"": 20301622}"
easy_s04_q0090,f_n3p_knn,Easy,d16_20,True,True,0.1596178999170661,1,17.385631027774664,17.06442364964711,0.018823218687154197,0,0.04862901136222313,0.2150565965894935,0,2,0,0,True,0,1,0.0,,"{""profile_name"": ""easy_d00"", ""map_seed"": 20300622, ""query_seed"": 20301622}"
easy_s04_q0090,n3p_k1,Easy,d16_20,True,True,0.17839074414223433,31,17.11859002924598,17.06442364964711,0.0031742284832450007,0,0.09412479227217461,0.0710341827568558,0,0,1,0,True,0,0,,,"{""profile_name"": ""easy_d00"", ""map_seed"": 20300622, ""query_seed"": 20301622}"
easy_s04_q0090,voronoi_waypoint,Easy,d16_20,True,True,0.6213798818644136,4,19.20189868447809,17.06442364964711,0.12525914022740414,0,0.2565507031397123,0.6835082515694015,0,0,0,0,False,,,,,"{""profile_name"": ""easy_d00"", ""map_seed"": 20300622, ""query_seed"": 20301622, ""waypoint_count"": 3}"
easy_s04_q0090,bottleneck_waypoint,Easy,d16_20,True,True,0.4794256198219955,3,19.453079908331173,17.06442364964711,0.13997872461010186,2,0.22213590136615854,0.7907057136732067,0,0,0,0,False,,,,,"{""profile_name"": ""easy_d00"", ""map_seed"": 20300622, ""query_seed"": 20301622, ""waypoint_count"": 2, ""bottleneck_count"": 2}"
easy_s04_q0091,vanilla_ha,Easy,d20_inf,True,True,0.21227502822875977,129,20.988013090720543,,,0,0.1373419396596681,0.17563446680286277,0,0,0,0,False,,,,,"{""profile_name"": ""easy_d01"", ""map_seed"": 20300622, ""query_seed"": 20301623}"
easy_s04_q0091,f_n3p_knn,Easy,d20_inf,True,True,0.3124510310590267,2,21.326228313643618,20.988013090720543,0.016114685152002872,0,0.07311614158916122,0.5567452685108485,0,0,0,0,False,2,2,1.0,,"{""profile_name"": ""easy_d01"", ""map_seed"": 20300622, ""query_seed"": 20301623}"
easy_s04_q0091,n3p_k1,Easy,d20_inf,True,True,0.3100363260600716,2,21.326228313643618,20.988013090720543,0.016114685152002872,0,0.07311614158916122,0.5567452685108485,0,0,0,0,False,2,2,1.0,,"{""profile_name"": ""easy_d01"", ""map_seed"": 20300622, ""query_seed"": 20301623}"
easy_s04_q0091,voronoi_waypoint,Easy,d20_inf,True,True,0.622540547978133,5,23.262298406748506,20.988013090720543,0.10836115387375544,2,0.1577689675361391,0.3528356101424217,0,0,0,0,False,,,,,"{""profile_name"": ""easy_d01"", ""map_seed"": 20300622, ""query_seed"": 20301623, ""waypoint_count"": 4}"
easy_s04_q0091,bottleneck_waypoint,Easy,d20_inf,True,True,0.6228887669276446,4,21.240793197501983,20.988013090720543,0.01204402273282379,0,0.08365787131006346,0.5567452685108476,0,0,0,0,False,,,,,"{""profile_name"": ""easy_d01"", ""map_seed"": 20300622, ""query_seed"": 20301623, ""waypoint_count"": 3, ""bottleneck_count"": 3}"
easy_s04_q0092,vanilla_ha,Easy,d08_12,True,True,0.14862656593322754,1,9.305912099305472,,,0,0.0,0.4354398694332058,0,0,0,0,False,,,,,"{""profile_name"": ""easy_d00"", ""map_seed"": 20300622, ""query_seed"": 20301624}"
easy_s04_q0092,f_n3p_knn,Easy,d08_12,True,True,0.00042665889486670494,0,9.305912099305472,9.305912099305472,0.0,0,0.0,0.4354398694332058,0,0,0,0,False,0,0,,,"{""profile_name"": ""easy_d00"", ""map_seed"": 20300622, ""query_seed"": 20301624}"
easy_s04_q0092,n3p_k1,Easy,d08_12,True,True,0.0004361129831522703,0,9.305912099305472,9.305912099305472,0.0,0,0.0,0.4354398694332058,0,0,0,0,False,0,0,,,"{""profile_name"": ""easy_d00"", ""map_seed"": 20300622, ""query_seed"": 20301624}"
easy_s04_q0092,voronoi_waypoint,Easy,d08_12,True,True,0.33024752186611295,2,9.62384624380278,9.305912099305472,0.03416474829168403,0,0.1630342722586081,0.3752906837674981,0,0,0,0,False,,,,,"{""profile_name"": ""easy_d00"", ""map_seed"": 20300622, ""query_seed"": 20301624, ""waypoint_count"": 1}"
easy_s04_q0092,bottleneck_waypoint,Easy,d08_12,True,True,0.3318178909830749,2,9.371671876634244,9.305912099305472,0.00706645158766106,0,0.10585323933871248,0.4354398694332058,0,0,0,0,False,,,,,"{""profile_name"": ""easy_d00"", ""map_seed"": 20300622, ""query_seed"": 20301624, ""waypoint_count"": 1, ""bottleneck_count"": 1}"
easy_s04_q0093,vanilla_ha,Easy,d12_16,True,True,0.17153692245483398,41,15.998769695559826,,,0,0.15442871245618436,0.07703553127873819,0,0,0,0,False,,,,,"{""profile_name"": ""easy_d01"", ""map_seed"": 20300622, ""query_seed"": 20301625}"
easy_s04_q0093,f_n3p_knn,Easy,d12_16,True,True,0.3098746899049729,2,15.893017157822632,15.998769695559826,-0.006610041881316864,0,0.04763615042467476,0.1184918602984899,0,0,0,0,False,2,2,1.0,,"{""profile_name"": ""easy_d01"", ""map_seed"": 20300622, ""query_seed"": 20301625}"
easy_s04_q0093,n3p_k1,Easy,d12_16,True,True,0.3071841199416667,2,15.893017157822632,15.998769695559826,-0.006610041881316864,0,0.04763615042467476,0.1184918602984899,0,0,0,0,False,2,2,1.0,,"{""profile_name"": ""easy_d01"", ""map_seed"": 20300622, ""query_seed"": 20301625}"
easy_s04_q0093,voronoi_waypoint,Easy,d12_16,True,True,0.6179716570768505,4,19.61720830272947,15.998769695559826,0.2261698040552378,0,0.27610117171493037,0.5612537770580733,0,0,0,0,False,,,,,"{""profile_name"": ""easy_d01"", ""map_seed"": 20300622, ""query_seed"": 20301625, ""waypoint_count"": 3}"
easy_s04_q0093,bottleneck_waypoint,Easy,d12_16,True,True,0.4807902181055397,3,18.744405775419274,15.998769695559826,0.171615451194441,0,0.2137279899121506,0.5681746507035614,0,0,0,0,False,,,,,"{""profile_name"": ""easy_d01"", ""map_seed"": 20300622, ""query_seed"": 20301625, ""waypoint_count"": 2, ""bottleneck_count"": 2}"
easy_s04_q0094,vanilla_ha,Easy,d16_20,True,True,0.1531071662902832,9,17.416251020924037,,,0,0.07286089196803516,0.21767917720132735,0,0,0,0,False,,,,,"{""profile_name"": ""easy_d00"", ""map_seed"": 20300622, ""query_seed"": 20301626}"
easy_s04_q0094,f_n3p_knn,Easy,d16_20,True,True,0.14920739294029772,1,17.401733687487923,17.416251020924037,-0.0008335509989304546,0,0.057617247374336884,0.19783524638937733,0,0,0,0,False,1,1,1.0,,"{""profile_name"": ""easy_d00"", ""map_seed"": 20300622, ""query_seed"": 20301626}"
easy_s04_q0094,n3p_k1,Easy,d16_20,True,True,0.14778331411071122,1,17.401733687487923,17.416251020924037,-0.0008335509989304546,0,0.057617247374336884,0.19783524638937733,0,0,0,0,False,1,1,1.0,,"{""profile_name"": ""easy_d00"", ""map_seed"": 20300622, ""query_seed"": 20301626}"
easy_s04_q0094,voronoi_waypoint,Easy,d16_20,True,True,0.6195652480237186,4,19.87174524502189,17.416251020924037,0.14098867897274814,0,0.20397036166255195,0.12893923718748623,0,0,0,0,False,,,,,"{""profile_name"": ""easy_d00"", ""map_seed"": 20300622, ""query_seed"": 20301626, ""waypoint_count"": 3}"
easy_s04_q0094,bottleneck_waypoint,Easy,d16_20,True,True,0.4751871719490737,3,20.101502171204448,17.416251020924037,0.15418077903530025,1,0.18970384855254457,0.5483176563720801,0,0,0,0,False,,,,,"{""profile_name"": ""easy_d00"", ""map_seed"": 20300622, ""query_seed"": 20301626, ""waypoint_count"": 2, ""bottleneck_count"": 2}"
easy_s04_q0095,vanilla_ha,Easy,d20_inf,False,False,2.500802516937256,3505,,,,0,,,0,0,0,0,False,,,,timeout,"{""profile_name"": ""easy_d01"", ""map_seed"": 20300623, ""query_seed"": 20301623}"
easy_s04_q0095,f_n3p_knn,Easy,d20_inf,True,True,1.075714553007856,35,22.894495957558426,,,5,0.3828579314213911,0.1511626730728245,0,8,1,0,True,5,6,0.8333333333333334,,"{""profile_name"": ""easy_d01"", ""map_seed"": 20300623, ""query_seed"": 20301623}"
easy_s04_q0095,n3p_k1,Easy,d20_inf,True,True,1.4906381170731038,694,22.31872682932006,,,4,0.30300279939643765,0.07639013860774879,0,0,1,0,True,5,5,1.0,,"{""profile_name"": ""easy_d01"", ""map_seed"": 20300623, ""query_seed"": 20301623}"
easy_s04_q0095,voronoi_waypoint,Easy,d20_inf,True,True,0.760669054929167,19,23.893146804055835,,,3,0.3158632590121006,0.09436897643306064,0,0,0,0,False,,,,,"{""profile_name"": ""easy_d01"", ""map_seed"": 20300623, ""query_seed"": 20301623, ""waypoint_count"": 4}"
easy_s04_q0095,bottleneck_waypoint,Easy,d20_inf,True,True,0.7583144761156291,5,23.602594543816675,,,5,0.3068349502069274,0.14377769962331055,0,0,0,0,False,,,,,"{""profile_name"": ""easy_d01"", ""map_seed"": 20300623, ""query_seed"": 20301623, ""waypoint_count"": 4, ""bottleneck_count"": 4}"
easy_s04_q0096,vanilla_ha,Easy,d08_12,True,True,0.14932990074157715,1,9.560334722173696,,,0,0.0,0.16418126546959722,0,0,0,0,False,,,,,"{""profile_name"": ""easy_d00"", ""map_seed"": 20300623, ""query_seed"": 20301624}"
easy_s04_q0096,f_n3p_knn,Easy,d08_12,True,True,0.0004339180886745453,0,9.560334722173696,9.560334722173696,0.0,0,0.0,0.16418126546959722,0,0,0,0,False,0,0,,,"{""profile_name"": ""easy_d00"", ""map_seed"": 20300623, ""query_seed"": 20301624}"
easy_s04_q0096,n3p_k1,Easy,d08_12,True,True,0.0004135631024837494,0,9.560334722173696,9.560334722173696,0.0,0,0.0,0.16418126546959722,0,0,0,0,False,0,0,,,"{""profile_name"": ""easy_d00"", ""map_seed"": 20300623, ""query_seed"": 20301624}"
easy_s04_q0096,voronoi_waypoint,Easy,d08_12,True,True,0.33193033398129046,2,10.836562027457571,9.560334722173696,0.13349190612791695,0,0.2639739509079577,0.09426642140373576,0,0,0,0,False,,,,,"{""profile_name"": ""easy_d00"", ""map_seed"": 20300623, ""query_seed"": 20301624, ""waypoint_count"": 1}"
easy_s04_q0096,bottleneck_waypoint,Easy,d08_12,True,True,0.332289800979197,2,9.592988777198126,9.560334722173696,0.003415576543433607,0,0.06738288443850649,0.38638170430469676,0,0,0,0,False,,,,,"{""profile_name"": ""easy_d00"", ""map_seed"": 20300623, ""query_seed"": 20301624, ""waypoint_count"": 1, ""bottleneck_count"": 1}"
easy_s04_q0097,vanilla_ha,Easy,d12_16,True,True,0.21079230308532715,101,13.047997576981746,,,0,0.2487000818020367,0.20848842615586938,0,0,0,0,False,,,,,"{""profile_name"": ""easy_d01"", ""map_seed"": 20300623, ""query_seed"": 20301625}"
easy_s04_q0097,f_n3p_knn,Easy,d12_16,True,True,0.5187369019258767,242,13.958545764441212,13.047997576981746,0.0697845153700658,1,0.3689741027409337,0.09424979652543874,0,4,1,0,True,1,1,1.0,,"{""profile_name"": ""easy_d01"", ""map_seed"": 20300623, ""query_seed"": 20301625}"
easy_s04_q0097,n3p_k1,Easy,d12_16,True,True,0.5159380149561912,242,13.958545764441212,13.047997576981746,0.0697845153700658,1,0.3689741027409337,0.09424979652543874,0,0,1,0,True,1,1,1.0,,"{""profile_name"": ""easy_d01"", ""map_seed"": 20300623, ""query_seed"": 20301625}"
easy_s04_q0097,voronoi_waypoint,Easy,d12_16,True,True,0.4711293850559741,3,14.333543271506551,13.047997576981746,0.09852436643555662,0,0.3971527746567162,0.09297222482848622,0,0,0,0,False,,,,,"{""profile_name"": ""easy_d01"", ""map_seed"": 20300623, ""query_seed"": 20301625, ""waypoint_count"": 2}"
easy_s04_q0097,bottleneck_waypoint,Easy,d12_16,True,True,0.47314132400788367,3,13.646857165510623,13.047997576981746,0.04589666613560217,0,0.19041464235664812,0.33995620451923314,0,0,0,0,False,,,,,"{""profile_name"": ""easy_d01"", ""map_seed"": 20300623, ""query_seed"": 20301625, ""waypoint_count"": 2, ""bottleneck_count"": 2}"
easy_s04_q0098,vanilla_ha,Easy,d16_20,True,True,0.214569091796875,121,20.234602288987908,,,0,0.1431248009008591,0.10960290587011634,0,0,0,0,False,,,,,"{""profile_name"": ""easy_d00"", ""map_seed"": 20300623, ""query_seed"": 20301626}"
easy_s04_q0098,f_n3p_knn,Easy,d16_20,True,True,0.31218975502997637,2,20.272018416355024,20.234602288987908,0.001849116025743669,0,0.09658628715882511,0.3054176542485916,0,0,0,0,False,2,2,1.0,,"{""profile_name"": ""easy_d00"", ""map_seed"": 20300623, ""query_seed"": 20301626}"
easy_s04_q0098,n3p_k1,Easy,d16_20,True,True,0.31127617019228637,2,20.272018416355024,20.234602288987908,0.001849116025743669,0,0.09658628715882511,0.3054176542485916,0,0,0,0,False,2,2,1.0,,"{""profile_name"": ""easy_d00"", ""map_seed"": 20300623, ""query_seed"": 20301626}"
easy_s04_q0098,voronoi_waypoint,Easy,d16_20,True,True,0.7675528121180832,5,24.24157656821338,20.234602288987908,0.19802584809913215,1,0.28849127896412863,0.8717384060034599,0,0,0,0,False,,,,,"{""profile_name"": ""easy_d00"", ""map_seed"": 20300623, ""query_seed"": 20301626, ""waypoint_count"": 4}"
easy_s04_q0098,bottleneck_waypoint,Easy,d16_20,True,True,0.6250249641016126,4,22.191394331170127,20.234602288987908,0.09670523859256397,0,0.17336306986793532,0.9382132405079193,0,0,0,0,False,,,,,"{""profile_name"": ""easy_d00"", ""map_seed"": 20300623, ""query_seed"": 20301626, ""waypoint_count"": 3, ""bottleneck_count"": 3}"
easy_s04_q0099,vanilla_ha,Easy,d20_inf,True,False,2.074807643890381,3411,25.11638992577233,,,0,0.05697283324053583,0.05335879276208694,1,0,0,0,False,,,,,"{""profile_name"": ""easy_d01"", ""map_seed"": 20300623, ""query_seed"": 20301627}"
easy_s04_q0099,f_n3p_knn,Easy,d20_inf,True,True,1.0668445760384202,712,25.32141608790903,,,0,0.14545222888447631,0.0691734487721194,0,9,2,0,True,0,1,0.0,,"{""profile_name"": ""easy_d01"", ""map_seed"": 20300623, ""query_seed"": 20301627}"
easy_s04_q0099,n3p_k1,Easy,d20_inf,True,True,3.2672973519656807,5031,25.120806484644625,,,0,0.056962816688229605,0.05788621631450075,0,0,2,1,True,0,0,,,"{""profile_name"": ""easy_d01"", ""map_seed"": 20300623, ""query_seed"": 20301627}"
easy_s04_q0099,voronoi_waypoint,Easy,d20_inf,True,True,0.9227802639361471,15,28.851361630415145,,,1,0.35469992979328285,0.08543835697506319,0,0,0,0,False,,,,,"{""profile_name"": ""easy_d01"", ""map_seed"": 20300623, ""query_seed"": 20301627, ""waypoint_count"": 5}"
easy_s04_q0099,bottleneck_waypoint,Easy,d20_inf,True,True,1.0583248999901116,7,28.958437013211917,,,1,0.3297906031662431,0.18877077640113527,0,0,0,0,False,,,,,"{""profile_name"": ""easy_d01"", ""map_seed"": 20300623, ""query_seed"": 20301627, ""waypoint_count"": 6, ""bottleneck_count"": 6}"
complex_s00_q0000,vanilla_ha,Complex,d08_12,True,True,0.6339719295501709,729,9.68914265594777,,,0,0.21300750161985654,0.0901331434003988,0,0,0,0,False,,,,,"{""profile_name"": ""complex_d02"", ""map_seed"": 20360620, ""query_seed"": 20361620}"
complex_s00_q0000,f_n3p_knn,Complex,d08_12,True,True,0.3247344861738384,241,9.66830001847953,9.68914265594777,-0.0021511333054267112,0,0.2854359013008685,0.08783753682172046,0,4,1,0,True,0,0,,,"{""profile_name"": ""complex_d02"", ""map_seed"": 20360620, ""query_seed"": 20361620}"
complex_s00_q0000,n3p_k1,Complex,d08_12,True,True,0.3246859950013459,241,9.66830001847953,9.68914265594777,-0.0021511333054267112,0,0.2854359013008685,0.08783753682172046,0,0,1,0,True,0,0,,,"{""profile_name"": ""complex_d02"", ""map_seed"": 20360620, ""query_seed"": 20361620}"
complex_s00_q0000,voronoi_waypoint,Complex,d08_12,True,True,0.4952904989477247,31,13.32819236760463,9.68914265594777,0.37558015614756135,3,0.5299399847404899,0.08685597602461792,0,0,0,0,False,,,,,"{""profile_name"": ""complex_d02"", ""map_seed"": 20360620, ""query_seed"": 20361620, ""waypoint_count"": 2}"
complex_s00_q0000,bottleneck_waypoint,Complex,d08_12,True,True,0.4782233571168035,3,11.303043047011956,9.68914265594777,0.16656792539569842,2,0.3345711301491917,0.3104922540544357,0,0,0,0,False,,,,,"{""profile_name"": ""complex_d02"", ""map_seed"": 20360620, ""query_seed"": 20361620, ""waypoint_count"": 2, ""bottleneck_count"": 2}"
complex_s00_q0001,vanilla_ha,Complex,d12_16,True,True,0.2261054515838623,127,13.092661379732947,,,0,0.23646878989206438,0.098176422805349,0,0,0,0,False,,,,,"{""profile_name"": ""complex_d02"", ""map_seed"": 20360620, ""query_seed"": 20361621}"
complex_s00_q0001,f_n3p_knn,Complex,d12_16,True,True,0.3043165688868612,2,13.566719906019406,13.092661379732947,0.03620795746083272,4,0.12696596558169582,0.07595167502348243,0,0,0,0,False,2,2,1.0,,"{""profile_name"": ""complex_d02"", ""map_seed"": 20360620, ""query_seed"": 20361621}"
complex_s00_q0001,n3p_k1,Complex,d12_16,True,True,0.3031330269295722,2,13.566719906019406,13.092661379732947,0.03620795746083272,4,0.12696596558169582,0.07595167502348243,0,0,0,0,False,2,2,1.0,,"{""profile_name"": ""complex_d02"", ""map_seed"": 20360620, ""query_seed"": 20361621}"
complex_s00_q0001,voronoi_waypoint,Complex,d12_16,True,True,0.5239471350796521,75,13.766506579538598,13.092661379732947,0.05146739690745705,2,0.3152926633698662,0.07572231531171758,0,0,0,0,False,,,,,"{""profile_name"": ""complex_d02"", ""map_seed"": 20360620, ""query_seed"": 20361621, ""waypoint_count"": 2}"
complex_s00_q0001,bottleneck_waypoint,Complex,d12_16,True,True,0.4764360149856657,3,13.430158252312136,13.092661379732947,0.025777560634205665,0,0.30667846781154645,0.3950266191727809,0,0,0,0,False,,,,,"{""profile_name"": ""complex_d02"", ""map_seed"": 20360620, ""query_seed"": 20361621, ""waypoint_count"": 2, ""bottleneck_count"": 2}"
complex_s00_q0002,vanilla_ha,Complex,d16_20,False,False,2.5000877380371094,4321,,,,0,,,0,0,0,0,False,,,,timeout,"{""profile_name"": ""complex_d02"", ""map_seed"": 20360620, ""query_seed"": 20361622}"
complex_s00_q0002,f_n3p_knn,Complex,d16_20,False,False,3.5138474551495165,6331,,,,0,,,0,4,1,1,True,0,0,,f2_failed:prediction:goal_in_collision;goal:timeout;f3_failed:timeout,"{""profile_name"": ""complex_d02"", ""map_seed"": 20360620, ""query_seed"": 20361622}"
complex_s00_q0002,n3p_k1,Complex,d16_20,False,False,3.5129900311585516,6380,,,,0,,,0,0,1,1,True,0,0,,f2_failed:prediction:goal_in_collision;goal:timeout;f3_failed:timeout,"{""profile_name"": ""complex_d02"", ""map_seed"": 20360620, ""query_seed"": 20361622}"
complex_s00_q0002,voronoi_waypoint,Complex,d16_20,True,True,0.6131902260240167,8,21.184730664398387,,,0,0.2540027696413536,0.13691589210671284,0,0,0,0,False,,,,,"{""profile_name"": ""complex_d02"", ""map_seed"": 20360620, ""query_seed"": 20361622, ""waypoint_count"": 3}"
complex_s00_q0002,bottleneck_waypoint,Complex,d16_20,True,True,0.7553118299692869,5,21.081204830955325,,,0,0.2304666474102294,0.13868597507843727,0,0,0,0,False,,,,,"{""profile_name"": ""complex_d02"", ""map_seed"": 20360620, ""query_seed"": 20361622, ""waypoint_count"": 4, ""bottleneck_count"": 4}"
complex_s00_q0003,vanilla_ha,Complex,d20_inf,False,False,2.5014424324035645,3225,,,,0,,,0,0,0,0,False,,,,timeout,"{""profile_name"": ""complex_d02"", ""map_seed"": 20360620, ""query_seed"": 20361623}"
complex_s00_q0003,f_n3p_knn,Complex,d20_inf,True,True,0.772136301966384,13,21.602004681957496,,,0,0.20714022932923687,0.06785797499309487,0,10,1,0,True,2,4,0.5,,"{""profile_name"": ""complex_d02"", ""map_seed"": 20360620, ""query_seed"": 20361623}"
complex_s00_q0003,n3p_k1,Complex,d20_inf,True,True,1.0598427960649133,518,20.981586015609857,,,0,0.21160708938727826,0.06785797499309487,0,0,2,0,True,2,2,1.0,,"{""profile_name"": ""complex_d02"", ""map_seed"": 20360620, ""query_seed"": 20361623}"
complex_s00_q0003,voronoi_waypoint,Complex,d20_inf,True,True,0.7684630318544805,20,22.20135523939203,,,0,0.2427345128934263,0.08381032077684103,0,0,0,0,False,,,,,"{""profile_name"": ""complex_d02"", ""map_seed"": 20360620, ""query_seed"": 20361623, ""waypoint_count"": 4}"
complex_s00_q0003,bottleneck_waypoint,Complex,d20_inf,True,True,0.9031285711098462,6,22.577313559894762,,,2,0.24332662496609891,0.07561258046061803,0,0,0,0,False,,,,,"{""profile_name"": ""complex_d02"", ""map_seed"": 20360620, ""query_seed"": 20361623, ""waypoint_count"": 5, ""bottleneck_count"": 5}"
complex_s00_q0004,vanilla_ha,Complex,d08_12,True,False,0.23255491256713867,103,10.217393453382146,,,0,0.44947128429497474,-0.13151797919001906,12,0,0,0,False,,,,,"{""profile_name"": ""complex_d02"", ""map_seed"": 20360620, ""query_seed"": 20361624}"
complex_s00_q0004,f_n3p_knn,Complex,d08_12,True,True,0.45356680103577673,3,11.034296516881959,,,5,0.28541427853946966,0.10879197458739431,0,4,0,0,True,1,3,0.3333333333333333,,"{""profile_name"": ""complex_d02"", ""map_seed"": 20360620, ""query_seed"": 20361624}"
complex_s00_q0004,n3p_k1,Complex,d08_12,True,True,0.31127277901396155,14,10.269613636757775,,,0,0.3399029227980346,0.10373043492841227,0,0,2,0,True,0,0,,,"{""profile_name"": ""complex_d02"", ""map_seed"": 20360620, ""query_seed"": 20361624}"
complex_s00_q0004,voronoi_waypoint,Complex,d08_12,True,True,0.3470932259224355,18,10.239911060896073,,,0,0.16370987065832063,0.12780836538041707,0,0,0,0,False,,,,,"{""profile_name"": ""complex_d02"", ""map_seed"": 20360620, ""query_seed"": 20361624, ""waypoint_count"": 1}"
complex_s00_q0004,bottleneck_waypoint,Complex,d08_12,True,True,0.47398285497911274,3,10.766021463641213,,,0,0.2888826288590774,0.47279378585344944,0,0,0,0,False,,,,,"{""profile_name"": ""complex_d02"", ""map_seed"": 20360620, ""query_seed"": 20361624, ""waypoint_count"": 2, ""bottleneck_count"": 2}"
complex_s00_q0005,vanilla_ha,Complex,d12_16,True,True,0.999319314956665,1043,13.86791718944135,,,0,0.14767330072207724,0.07768651420295747,0,0,0,0,False,,,,,"{""profile_name"": ""complex_d02"", ""map_seed"": 20360621, ""query_seed"": 20361621}"
complex_s00_q0005,f_n3p_knn,Complex,d12_16,True,True,0.39497484895400703,86,14.100768351784033,13.86791718944135,0.016790636918424084,0,0.20733215316146356,0.07631858930054713,0,8,1,0,True,0,1,0.0,,"{""profile_name"": ""complex_d02"", ""map_seed"": 20360621, ""query_seed"": 20361621}"
complex_s00_q0005,n3p_k1,Complex,d12_16,True,True,0.922377300215885,654,13.822033468828776,13.86791718944135,-0.0033086237814794472,0,0.20722407878516508,0.10144656569207533,0,0,2,0,True,0,0,,,"{""profile_name"": ""complex_d02"", ""map_seed"": 20360621, ""query_seed"": 20361621}"
complex_s00_q0005,voronoi_waypoint,Complex,d12_16,True,True,0.5530809180345386,89,15.059691653921542,13.86791718944135,0.0859375238689466,0,0.3273990806056832,0.07193041227878105,0,0,0,0,False,,,,,"{""profile_name"": ""complex_d02"", ""map_seed"": 20360621, ""query_seed"": 20361621, ""waypoint_count"": 2}"
complex_s00_q0005,bottleneck_waypoint,Complex,d12_16,True,True,0.4820030489936471,3,14.813772861353476,13.86791718944135,0.06820459474853768,0,0.29053091654545643,0.16301883603447165,0,0,0,0,False,,,,,"{""profile_name"": ""complex_d02"", ""map_seed"": 20360621, ""query_seed"": 20361621, ""waypoint_count"": 2, ""bottleneck_count"": 2}"
complex_s00_q0006,vanilla_ha,Complex,d16_20,True,False,0.4131128787994385,355,19.602675245003397,,,0,0.4250390459777716,0.013045477882566103,4,0,0,0,False,,,,,"{""profile_name"": ""complex_d02"", ""map_seed"": 20360621, ""query_seed"": 20361622}"
complex_s00_q0006,f_n3p_knn,Complex,d16_20,True,True,0.6011036278214306,4,22.36210321213639,,,1,0.19112842660613694,0.05977378715305809,0,4,1,0,True,3,3,1.0,,"{""profile_name"": ""complex_d02"", ""map_seed"": 20360621, ""query_seed"": 20361622}"
complex_s00_q0006,n3p_k1,Complex,d16_20,True,True,0.5995237780734897,4,22.36210321213639,,,1,0.19112842660613694,0.05977378715305809,0,0,1,0,True,3,3,1.0,,"{""profile_name"": ""complex_d02"", ""map_seed"": 20360621, ""query_seed"": 20361622}"
complex_s00_q0006,voronoi_waypoint,Complex,d16_20,True,True,0.6560317119583488,50,19.71807580926053,,,0,0.1950381933056661,0.1192840048038416,0,0,0,0,False,,,,,"{""profile_name"": ""complex_d02"", ""map_seed"": 20360621, ""query_seed"": 20361622, ""waypoint_count"": 3}"
complex_s00_q0006,bottleneck_waypoint,Complex,d16_20,True,True,0.6174080059863627,4,19.693588998043122,,,0,0.17024802973984324,0.12325974742187351,0,0,0,0,False,,,,,"{""profile_name"": ""complex_d02"", ""map_seed"": 20360621, ""query_seed"": 20361622, ""waypoint_count"": 3, ""bottleneck_count"": 3}"
complex_s00_q0007,vanilla_ha,Complex,d20_inf,True,True,1.0325162410736084,1109,26.62375416026939,,,0,0.18896478177194817,0.1565578550460639,0,0,0,0,False,,,,,"{""profile_name"": ""complex_d02"", ""map_seed"": 20360621, ""query_seed"": 20361623}"
complex_s00_q0007,f_n3p_knn,Complex,d20_inf,True,True,0.5518218448851258,344,26.267393448529766,26.62375416026939,-0.013385066192934558,0,0.2143704096822163,0.1096307423057088,0,4,1,0,True,1,1,1.0,,"{""profile_name"": ""complex_d02"", ""map_seed"": 20360621, ""query_seed"": 20361623}"
complex_s00_q0007,n3p_k1,Complex,d20_inf,True,True,0.5511399549432099,344,26.267393448529766,26.62375416026939,-0.013385066192934558,0,0.2143704096822163,0.1096307423057088,0,0,1,0,True,1,1,1.0,,"{""profile_name"": ""complex_d02"", ""map_seed"": 20360621, ""query_seed"": 20361623}"
complex_s00_q0007,voronoi_waypoint,Complex,d20_inf,True,True,0.9042199291288853,9,28.786424734755567,26.62375416026939,0.08123086479342301,0,0.20762847883915928,0.11398879445093912,0,0,0,0,False,,,,,"{""profile_name"": ""complex_d02"", ""map_seed"": 20360621, ""query_seed"": 20361623, ""waypoint_count"": 5}"
complex_s00_q0007,bottleneck_waypoint,Complex,d20_inf,True,True,0.7650371589697897,5,27.972101465060472,26.62375416026939,0.050644522056292995,0,0.17513847085229198,0.1565578550460639,0,0,0,0,False,,,,,"{""profile_name"": ""complex_d02"", ""map_seed"": 20360621, ""query_seed"": 20361623, ""waypoint_count"": 4, ""bottleneck_count"": 4}"
complex_s00_q0008,vanilla_ha,Complex,d08_12,True,True,0.25551795959472656,186,8.971017749464618,,,1,0.22081703965007915,0.06464310079113578,0,0,0,0,False,,,,,"{""profile_name"": ""complex_d02"", ""map_seed"": 20360621, ""query_seed"": 20361624}"
complex_s00_q0008,f_n3p_knn,Complex,d08_12,True,True,0.2633763258345425,186,8.976592163158896,8.971017749464618,0.0006213802993100259,1,0.22067991349937746,0.060043638913938824,0,4,1,0,True,0,0,,,"{""profile_name"": ""complex_d02"", ""map_seed"": 20360621, ""query_seed"": 20361624}"
complex_s00_q0008,n3p_k1,Complex,d08_12,True,True,0.262902659131214,186,8.976592163158896,8.971017749464618,0.0006213802993100259,1,0.22067991349937746,0.060043638913938824,0,0,1,0,True,0,0,,,"{""profile_name"": ""complex_d02"", ""map_seed"": 20360621, ""query_seed"": 20361624}"
complex_s00_q0008,voronoi_waypoint,Complex,d08_12,True,True,0.4805590999312699,172,9.059024832913618,8.971017749464618,0.00981015598305457,1,0.2400546436097494,0.07010724733727436,0,0,0,0,False,,,,,"{""profile_name"": ""complex_d02"", ""map_seed"": 20360621, ""query_seed"": 20361624, ""waypoint_count"": 1}"
complex_s00_q0008,bottleneck_waypoint,Complex,d08_12,True,True,0.3290325498674065,4,8.979242267242533,8.971017749464618,0.000916787593961299,1,0.2501395663873503,0.09170497291098112,0,0,0,0,False,,,,,"{""profile_name"": ""complex_d02"", ""map_seed"": 20360621, ""query_seed"": 20361624, ""waypoint_count"": 1, ""bottleneck_count"": 1}"
complex_s00_q0009,vanilla_ha,Complex,d12_16,False,False,2.500005006790161,2454,,,,0,,,0,0,0,0,False,,,,timeout,"{""profile_name"": ""complex_d02"", ""map_seed"": 20360621, ""query_seed"": 20361625}"
complex_s00_q0009,f_n3p_knn,Complex,d12_16,True,True,0.463076903950423,3,15.886965027366116,,,3,0.16814575230521242,0.17261466917626445,0,6,0,0,True,1,3,0.3333333333333333,,"{""profile_name"": ""complex_d02"", ""map_seed"": 20360621, ""query_seed"": 20361625}"
complex_s00_q0009,n3p_k1,Complex,d12_16,True,True,0.3669997057877481,80,17.72268320370587,,,1,0.16385212176910932,0.1044023887574641,0,0,1,0,True,1,1,1.0,,"{""profile_name"": ""complex_d02"", ""map_seed"": 20360621, ""query_seed"": 20361625}"
complex_s00_q0009,voronoi_waypoint,Complex,d12_16,False,False,1.3325798858422786,888,10.543068160078558,,,0,0.09565133591341021,0.26602301625352265,0,0,0,0,False,,,,segment_failed:timeout,"{""profile_name"": ""complex_d02"", ""map_seed"": 20360621, ""query_seed"": 20361625, ""waypoint_count"": 2}"
complex_s00_q0009,bottleneck_waypoint,Complex,d12_16,True,True,0.7619396869558841,5,17.210598407712265,,,3,0.34874464095833063,0.2598733788993346,0,0,0,0,False,,,,,"{""profile_name"": ""complex_d02"", ""map_seed"": 20360621, ""query_seed"": 20361625, ""waypoint_count"": 4, ""bottleneck_count"": 4}"
complex_s00_q0010,vanilla_ha,Complex,d16_20,False,False,2.500889778137207,4325,,,,0,,,0,0,0,0,False,,,,timeout,"{""profile_name"": ""complex_d02"", ""map_seed"": 20360622, ""query_seed"": 20361622}"
complex_s00_q0010,f_n3p_knn,Complex,d16_20,False,False,3.391870936844498,6480,,,,0,,,0,4,1,1,True,0,0,,f2_failed:prediction:goal_in_collision;goal:node_budget_exhausted;f3_failed:timeout,"{""profile_name"": ""complex_d02"", ""map_seed"": 20360622, ""query_seed"": 20361622}"
complex_s00_q0010,n3p_k1,Complex,d16_20,False,False,3.3696046550758183,6441,,,,0,,,0,0,1,1,True,0,0,,f2_failed:prediction:goal_in_collision;goal:node_budget_exhausted;f3_failed:timeout,"{""profile_name"": ""complex_d02"", ""map_seed"": 20360622, ""query_seed"": 20361622}"
complex_s00_q0010,voronoi_waypoint,Complex,d16_20,True,True,0.9403268110472709,348,21.993805323735558,,,4,0.387329661968253,0.07501329027904002,0,0,0,0,False,,,,,"{""profile_name"": ""complex_d02"", ""map_seed"": 20360622, ""query_seed"": 20361622, ""waypoint_count"": 3}"
complex_s00_q0010,bottleneck_waypoint,Complex,d16_20,True,True,0.6366106159985065,25,20.50404333637377,,,2,0.2641952020285899,0.06872378533146017,0,0,0,0,False,,,,,"{""profile_name"": ""complex_d02"", ""map_seed"": 20360622, ""query_seed"": 20361622, ""waypoint_count"": 3, ""bottleneck_count"": 3}"
complex_s00_q0011,vanilla_ha,Complex,d20_inf,True,True,0.2881581783294678,201,24.65721097518162,,,0,0.323167910390256,0.10890380495441843,0,0,0,0,False,,,,,"{""profile_name"": ""complex_d02"", ""map_seed"": 20360622, ""query_seed"": 20361623}"
complex_s00_q0011,f_n3p_knn,Complex,d20_inf,True,True,0.8194042379036546,65,26.98542923761715,24.65721097518162,0.094423423021321,4,0.09247560844584714,0.09397908404435995,0,8,1,0,True,3,4,0.75,,"{""profile_name"": ""complex_d02"", ""map_seed"": 20360622, ""query_seed"": 20361623}"
complex_s00_q0011,n3p_k1,Complex,d20_inf,True,True,0.6178507281001657,20,25.30227228328226,24.65721097518162,0.026161162702055707,2,0.07534325347238473,0.0905313402475334,0,0,1,0,True,3,3,1.0,,"{""profile_name"": ""complex_d02"", ""map_seed"": 20360622, ""query_seed"": 20361623}"
complex_s00_q0011,voronoi_waypoint,Complex,d20_inf,True,True,0.7583855809643865,11,26.34662526450508,24.65721097518162,0.06851603334310252,0,0.16974186724249118,0.157099585456425,0,0,0,0,False,,,,,"{""profile_name"": ""complex_d02"", ""map_seed"": 20360622, ""query_seed"": 20361623, ""waypoint_count"": 4}"
complex_s00_q0011,bottleneck_waypoint,Complex,d20_inf,True,True,0.8959724269807339,6,26.523710188284955,24.65721097518162,0.07569790496508433,0,0.212296082013902,0.3179591172130066,0,0,0,0,False,,,,,"{""profile_name"": ""complex_d02"", ""map_seed"": 20360622, ""query_seed"": 20361623, ""waypoint_count"": 5, ""bottleneck_count"": 5}"
complex_s00_q0012,vanilla_ha,Complex,d08_12,True,True,0.17005705833435059,37,11.179646009242754,,,0,0.187539809592944,0.09609559156360259,0,0,0,0,False,,,,,"{""profile_name"": ""complex_d02"", ""map_seed"": 20360622, ""query_seed"": 20361624}"
complex_s00_q0012,f_n3p_knn,Complex,d08_12,True,True,0.1575878420844674,1,12.86772944003133,11.179646009242754,0.15099614329406807,0,0.22498025909061806,0.11438543389498634,0,0,0,0,False,1,1,1.0,,"{""profile_name"": ""complex_d02"", ""map_seed"": 20360622, ""query_seed"": 20361624}"
complex_s00_q0012,n3p_k1,Complex,d08_12,True,True,0.1573091228492558,1,12.86772944003133,11.179646009242754,0.15099614329406807,0,0.22498025909061806,0.11438543389498634,0,0,0,0,False,1,1,1.0,,"{""profile_name"": ""complex_d02"", ""map_seed"": 20360622, ""query_seed"": 20361624}"
complex_s00_q0012,voronoi_waypoint,Complex,d08_12,True,True,0.47984806611202657,3,12.496253596888199,11.179646009242754,0.11776827160331749,0,0.3167014392916619,0.0764816404096359,0,0,0,0,False,,,,,"{""profile_name"": ""complex_d02"", ""map_seed"": 20360622, ""query_seed"": 20361624, ""waypoint_count"": 2}"
complex_s00_q0012,bottleneck_waypoint,Complex,d08_12,True,True,0.6191692480351776,4,12.612617137011084,11.179646009242754,0.12817678901314244,1,0.3713475155633395,0.11438543389498634,0,0,0,0,False,,,,,"{""profile_name"": ""complex_d02"", ""map_seed"": 20360622, ""query_seed"": 20361624, ""waypoint_count"": 3, ""bottleneck_count"": 3}"
complex_s00_q0013,vanilla_ha,Complex,d12_16,True,True,0.15318655967712402,9,15.399232951423127,,,0,0.019554508920707928,0.15038941489450386,0,0,0,0,False,,,,,"{""profile_name"": ""complex_d02"", ""map_seed"": 20360622, ""query_seed"": 20361625}"
complex_s00_q0013,f_n3p_knn,Complex,d12_16,True,True,0.16684352490119636,11,15.424311847015115,15.399232951423127,0.0016285808306881755,0,0.04392050049079,0.19909724241764848,0,4,1,0,True,0,0,,,"{""profile_name"": ""complex_d02"", ""map_seed"": 20360622, ""query_seed"": 20361625}"
complex_s00_q0013,n3p_k1,Complex,d12_16,True,True,0.1638197200372815,11,15.424311847015115,15.399232951423127,0.0016285808306881755,0,0.04392050049079,0.19909724241764848,0,0,1,0,True,0,0,,,"{""profile_name"": ""complex_d02"", ""map_seed"": 20360622, ""query_seed"": 20361625}"
complex_s00_q0013,voronoi_waypoint,Complex,d12_16,True,True,0.4792500529438257,3,16.312262038029655,15.399232951423127,0.05929055619112189,0,0.14244640722668347,0.06286656079200392,0,0,0,0,False,,,,,"{""profile_name"": ""complex_d02"", ""map_seed"": 20360622, ""query_seed"": 20361625, ""waypoint_count"": 2}"
complex_s00_q0013,bottleneck_waypoint,Complex,d12_16,True,True,0.6222828489262611,4,16.283024073427853,15.399232951423127,0.05739189249183041,0,0.2622233721983761,0.3918640575256106,0,0,0,0,False,,,,,"{""profile_name"": ""complex_d02"", ""map_seed"": 20360622, ""query_seed"": 20361625, ""waypoint_count"": 3, ""bottleneck_count"": 3}"
complex_s00_q0014,vanilla_ha,Complex,d16_20,True,True,0.47507262229919434,585,20.040740506397537,,,0,0.08981704041451927,0.060320721781025544,0,0,0,0,False,,,,,"{""profile_name"": ""complex_d02"", ""map_seed"": 20360622, ""query_seed"": 20361626}"
complex_s00_q0014,f_n3p_knn,Complex,d16_20,True,True,0.7946542000863701,810,20.190591688496117,20.040740506397537,0.0074773275992843224,0,0.09464103293316568,0.06079842655495049,0,4,1,0,True,1,1,1.0,,"{""profile_name"": ""complex_d02"", ""map_seed"": 20360622, ""query_seed"": 20361626}"
complex_s00_q0014,n3p_k1,Complex,d16_20,True,True,0.7925922789145261,810,20.190591688496117,20.040740506397537,0.0074773275992843224,0,0.09464103293316568,0.06079842655495049,0,0,1,0,True,1,1,1.0,,"{""profile_name"": ""complex_d02"", ""map_seed"": 20360622, ""query_seed"": 20361626}"
complex_s00_q0014,voronoi_waypoint,Complex,d16_20,True,True,1.2002414229791611,608,21.288480499110026,20.040740506397537,0.06226017408459428,2,0.15917218630053034,0.06977659708170214,0,0,0,0,False,,,,,"{""profile_name"": ""complex_d02"", ""map_seed"": 20360622, ""query_seed"": 20361626, ""waypoint_count"": 3}"
complex_s00_q0014,bottleneck_waypoint,Complex,d16_20,True,True,0.7661479199305177,5,20.711238475980508,20.040740506397537,0.03345674623993711,0,0.17198011449580738,0.09295273897680667,0,0,0,0,False,,,,,"{""profile_name"": ""complex_d02"", ""map_seed"": 20360622, ""query_seed"": 20361626, ""waypoint_count"": 4, ""bottleneck_count"": 4}"
complex_s00_q0015,vanilla_ha,Complex,d20_inf,False,False,2.5000948905944824,3329,,,,0,,,0,0,0,0,False,,,,timeout,"{""profile_name"": ""complex_d02"", ""map_seed"": 20360623, ""query_seed"": 20361623}"
complex_s00_q0015,f_n3p_knn,Complex,d20_inf,True,True,0.7241748459637165,114,27.430455050554546,,,0,0.09597725765612598,0.10073351385634721,0,9,1,0,True,0,3,0.0,,"{""profile_name"": ""complex_d02"", ""map_seed"": 20360623, ""query_seed"": 20361623}"
complex_s00_q0015,n3p_k1,Complex,d20_inf,False,False,3.6977970860898495,4755,,,,0,,,0,0,2,1,True,0,0,,f2_failed:prediction:goal_in_collision;goal:timeout;f3_failed:timeout,"{""profile_name"": ""complex_d02"", ""map_seed"": 20360623, ""query_seed"": 20361623}"
complex_s00_q0015,voronoi_waypoint,Complex,d20_inf,True,True,0.9062803329434246,6,28.621805419199017,,,2,0.16741417708108686,0.4843212586209886,0,0,0,0,False,,,,,"{""profile_name"": ""complex_d02"", ""map_seed"": 20360623, ""query_seed"": 20361623, ""waypoint_count"": 5}"
complex_s00_q0015,bottleneck_waypoint,Complex,d20_inf,True,True,0.9125381470657885,6,28.052429833432175,,,0,0.1407736438261785,0.39168210353865784,0,0,0,0,False,,,,,"{""profile_name"": ""complex_d02"", ""map_seed"": 20360623, ""query_seed"": 20361623, ""waypoint_count"": 5, ""bottleneck_count"": 5}"
complex_s00_q0016,vanilla_ha,Complex,d08_12,True,True,0.14789104461669922,1,9.078546139112804,,,0,0.0,0.7742655267286667,0,0,0,0,False,,,,,"{""profile_name"": ""complex_d02"", ""map_seed"": 20360623, ""query_seed"": 20361624}"
complex_s00_q0016,f_n3p_knn,Complex,d08_12,True,True,0.0004224688746035099,0,9.078546139112802,9.078546139112804,-2.220446049250313e-16,0,0.0,0.7742655267286662,0,0,0,0,False,0,0,,,"{""profile_name"": ""complex_d02"", ""map_seed"": 20360623, ""query_seed"": 20361624}"
complex_s00_q0016,n3p_k1,Complex,d08_12,True,True,0.00039931596256792545,0,9.078546139112802,9.078546139112804,-2.220446049250313e-16,0,0.0,0.7742655267286662,0,0,0,0,False,0,0,,,"{""profile_name"": ""complex_d02"", ""map_seed"": 20360623, ""query_seed"": 20361624}"
complex_s00_q0016,voronoi_waypoint,Complex,d08_12,True,True,0.33508569304831326,2,9.514971195972093,9.078546139112804,0.0480721307323706,0,0.15879637910373834,0.7742655267286667,0,0,0,0,False,,,,,"{""profile_name"": ""complex_d02"", ""map_seed"": 20360623, ""query_seed"": 20361624, ""waypoint_count"": 1}"
complex_s00_q0016,bottleneck_waypoint,Complex,d08_12,True,True,0.33758383011445403,2,10.420359040367854,9.078546139112804,0.14780041657487009,1,0.2475149933923562,0.6296620718621884,0,0,0,0,False,,,,,"{""profile_name"": ""complex_d02"", ""map_seed"": 20360623, ""query_seed"": 20361624, ""waypoint_count"": 1, ""bottleneck_count"": 1}"
complex_s00_q0017,vanilla_ha,Complex,d12_16,True,True,0.1469731330871582,1,14.22005625867915,,,0,0.0,0.17084275510304614,0,0,0,0,False,,,,,"{""profile_name"": ""complex_d02"", ""map_seed"": 20360623, ""query_seed"": 20361625}"
complex_s00_q0017,f_n3p_knn,Complex,d12_16,True,True,0.000584449851885438,0,14.22005625867915,14.22005625867915,0.0,0,0.0,0.17084275510304614,0,0,0,0,False,0,0,,,"{""profile_name"": ""complex_d02"", ""map_seed"": 20360623, ""query_seed"": 20361625}"
complex_s00_q0017,n3p_k1,Complex,d12_16,True,True,0.0005792020820081234,0,14.22005625867915,14.22005625867915,0.0,0,0.0,0.17084275510304614,0,0,0,0,False,0,0,,,"{""profile_name"": ""complex_d02"", ""map_seed"": 20360623, ""query_seed"": 20361625}"
complex_s00_q0017,voronoi_waypoint,Complex,d12_16,True,True,0.4988372039515525,31,15.437725020078457,14.22005625867915,0.08563037580502586,0,0.29746511092087446,0.07326415481519455,0,0,0,0,False,,,,,"{""profile_name"": ""complex_d02"", ""map_seed"": 20360623, ""query_seed"": 20361625, ""waypoint_count"": 2}"
complex_s00_q0017,bottleneck_waypoint,Complex,d12_16,True,True,0.4733590029645711,3,14.639532051571498,14.22005625867915,0.029498884200006126,0,0.14076636095942796,0.2941816957090474,0,0,0,0,False,,,,,"{""profile_name"": ""complex_d02"", ""map_seed"": 20360623, ""query_seed"": 20361625, ""waypoint_count"": 2, ""bottleneck_count"": 2}"
complex_s00_q0018,vanilla_ha,Complex,d16_20,True,True,0.14785218238830566,1,16.55294535724685,,,0,0.0,0.4999570915180408,0,0,0,0,False,,,,,"{""profile_name"": ""complex_d02"", ""map_seed"": 20360623, ""query_seed"": 20361626}"
complex_s00_q0018,f_n3p_knn,Complex,d16_20,True,True,0.0006499681621789932,0,16.552945357246845,16.55294535724685,-2.220446049250313e-16,0,2.6828410307996408e-17,0.4999570915180408,0,0,0,0,False,0,0,,,"{""profile_name"": ""complex_d02"", ""map_seed"": 20360623, ""query_seed"": 20361626}"
complex_s00_q0018,n3p_k1,Complex,d16_20,True,True,0.0006565689109265804,0,16.552945357246845,16.55294535724685,-2.220446049250313e-16,0,2.6828410307996408e-17,0.4999570915180408,0,0,0,0,False,0,0,,,"{""profile_name"": ""complex_d02"", ""map_seed"": 20360623, ""query_seed"": 20361626}"
complex_s00_q0018,voronoi_waypoint,Complex,d16_20,True,True,0.6148213199339807,4,17.845285641313197,16.55294535724685,0.0780731317705079,0,0.31834816153821643,1.0070497921364567,0,0,0,0,False,,,,,"{""profile_name"": ""complex_d02"", ""map_seed"": 20360623, ""query_seed"": 20361626, ""waypoint_count"": 3}"
complex_s00_q0018,bottleneck_waypoint,Complex,d16_20,True,True,0.4746283642016351,3,17.005979817092598,16.55294535724685,0.027368812623272065,0,0.11970650819853428,1.0044803470652073,0,0,0,0,False,,,,,"{""profile_name"": ""complex_d02"", ""map_seed"": 20360623, ""query_seed"": 20361626, ""waypoint_count"": 2, ""bottleneck_count"": 2}"
complex_s00_q0019,vanilla_ha,Complex,d20_inf,True,True,2.322425365447998,2833,22.17763052773433,,,0,0.06643174430548714,0.0809743305758176,0,0,0,0,False,,,,,"{""profile_name"": ""complex_d02"", ""map_seed"": 20360623, ""query_seed"": 20361627}"
complex_s00_q0019,f_n3p_knn,Complex,d20_inf,True,True,0.4642922659404576,3,23.37390188209455,22.17763052773433,0.05394044926775288,0,0.13430824212249215,0.23825070401130344,0,4,0,0,True,1,3,0.3333333333333333,,"{""profile_name"": ""complex_d02"", ""map_seed"": 20360623, ""query_seed"": 20361627}"
complex_s00_q0019,n3p_k1,Complex,d20_inf,True,True,0.8698650398291647,447,22.533131045039486,22.17763052773433,0.016029688873235637,0,0.13962924719839911,0.07441549730951491,0,0,2,0,True,1,1,1.0,,"{""profile_name"": ""complex_d02"", ""map_seed"": 20360623, ""query_seed"": 20361627}"
complex_s00_q0019,voronoi_waypoint,Complex,d20_inf,True,True,0.772762447828427,5,25.17033776753098,22.17763052773433,0.13494260516488032,3,0.2958229296413011,0.3077608322426726,0,0,0,0,False,,,,,"{""profile_name"": ""complex_d02"", ""map_seed"": 20360623, ""query_seed"": 20361627, ""waypoint_count"": 4}"
complex_s00_q0019,bottleneck_waypoint,Complex,d20_inf,True,True,0.7801964818499982,17,23.72129863725404,22.17763052773433,0.06960473561813885,0,0.2801531075394158,0.3927051802143974,0,0,0,0,False,,,,,"{""profile_name"": ""complex_d02"", ""map_seed"": 20360623, ""query_seed"": 20361627, ""waypoint_count"": 4, ""bottleneck_count"": 4}"
complex_s01_q0020,vanilla_ha,Complex,d08_12,True,False,0.16319870948791504,31,10.629925770334307,,,0,0.2705615918633019,0.06107568509226474,2,0,0,0,False,,,,,"{""profile_name"": ""complex_d02"", ""map_seed"": 20370620, ""query_seed"": 20371620}"
complex_s01_q0020,f_n3p_knn,Complex,d08_12,True,True,0.4476715410128236,3,11.225458236428318,,,1,0.2152453106443281,0.11737673681272165,0,5,0,0,True,0,3,0.0,,"{""profile_name"": ""complex_d02"", ""map_seed"": 20370620, ""query_seed"": 20371620}"
complex_s01_q0020,n3p_k1,Complex,d08_12,True,True,0.16904657310806215,31,10.717975312731328,,,0,0.2683388936709034,0.07321177594092187,0,0,1,0,True,0,0,,,"{""profile_name"": ""complex_d02"", ""map_seed"": 20370620, ""query_seed"": 20371620}"
complex_s01_q0020,voronoi_waypoint,Complex,d08_12,True,True,0.479534339858219,15,12.957870850406536,,,1,0.5935822319021623,0.07321177594092187,0,0,0,0,False,,,,,"{""profile_name"": ""complex_d02"", ""map_seed"": 20370620, ""query_seed"": 20371620, ""waypoint_count"": 2}"
complex_s01_q0020,bottleneck_waypoint,Complex,d08_12,True,True,0.3470117610413581,17,12.464965063678237,,,3,0.28152153856663104,0.18748454447524165,0,0,0,0,False,,,,,"{""profile_name"": ""complex_d02"", ""map_seed"": 20370620, ""query_seed"": 20371620, ""waypoint_count"": 1, ""bottleneck_count"": 1}"
complex_s01_q0021,vanilla_ha,Complex,d12_16,True,True,0.7384853363037109,799,16.524196733114152,,,0,0.17508933482241576,0.0994601230451484,0,0,0,0,False,,,,,"{""profile_name"": ""complex_d02"", ""map_seed"": 20370620, ""query_seed"": 20371621}"
complex_s01_q0021,f_n3p_knn,Complex,d12_16,True,True,1.3685657570604235,1029,16.579503433855653,16.524196733114152,0.0033470129673938143,0,0.2126684774792003,0.08681798094499571,0,5,1,0,True,0,1,0.0,,"{""profile_name"": ""complex_d02"", ""map_seed"": 20370620, ""query_seed"": 20371621}"
complex_s01_q0021,n3p_k1,Complex,d12_16,True,True,0.7525708649773151,799,16.53421446611142,16.524196733114152,0.0006062462919720346,0,0.17498325187480934,0.09972305135259785,0,0,1,0,True,0,0,,,"{""profile_name"": ""complex_d02"", ""map_seed"": 20370620, ""query_seed"": 20371621}"
complex_s01_q0021,voronoi_waypoint,Complex,d12_16,True,True,0.6167653209995478,4,17.483639969800613,16.524196733114152,0.05806292748643904,0,0.26242357072483374,0.100557417129014,0,0,0,0,False,,,,,"{""profile_name"": ""complex_d02"", ""map_seed"": 20370620, ""query_seed"": 20371621, ""waypoint_count"": 3}"
complex_s01_q0021,bottleneck_waypoint,Complex,d12_16,True,True,0.47826268314383924,3,16.70615487537376,16.524196733114152,0.011011618004702628,0,0.13545164961636053,0.4010227255650347,0,0,0,0,False,,,,,"{""profile_name"": ""complex_d02"", ""map_seed"": 20370620, ""query_seed"": 20371621, ""waypoint_count"": 2, ""bottleneck_count"": 2}"
complex_s01_q0022,vanilla_ha,Complex,d16_20,False,False,2.5003814697265625,2684,,,,0,,,0,0,0,0,False,,,,timeout,"{""profile_name"": ""complex_d02"", ""map_seed"": 20370620, ""query_seed"": 20371622}"
complex_s01_q0022,f_n3p_knn,Complex,d16_20,True,True,0.46335139381699264,3,19.458520370919096,,,3,0.2044699019829717,0.10460637178641297,0,1,0,0,True,2,3,0.6666666666666666,,"{""profile_name"": ""complex_d02"", ""map_seed"": 20370620, ""query_seed"": 20371622}"
complex_s01_q0022,n3p_k1,Complex,d16_20,True,True,0.6221947660669684,201,21.01136579925147,,,3,0.3230993452920943,0.10934489729248986,0,0,1,0,True,2,2,1.0,,"{""profile_name"": ""complex_d02"", ""map_seed"": 20370620, ""query_seed"": 20371622}"
complex_s01_q0022,voronoi_waypoint,Complex,d16_20,True,True,0.6433193569537252,34,21.773445985440688,,,1,0.3299777741206463,0.07602383013420222,0,0,0,0,False,,,,,"{""profile_name"": ""complex_d02"", ""map_seed"": 20370620, ""query_seed"": 20371622, ""waypoint_count"": 3}"
complex_s01_q0022,bottleneck_waypoint,Complex,d16_20,True,True,0.8973857739474624,6,21.839776535545784,,,1,0.2902380101788164,0.1565249486886403,0,0,0,0,False,,,,,"{""profile_name"": ""complex_d02"", ""map_seed"": 20370620, ""query_seed"": 20371622, ""waypoint_count"": 5, ""bottleneck_count"": 5}"
complex_s01_q0023,vanilla_ha,Complex,d20_inf,True,True,1.3415472507476807,1796,21.90447738430205,,,0,0.22973122076836178,0.07537135057857813,0,0,0,0,False,,,,,"{""profile_name"": ""complex_d02"", ""map_seed"": 20370620, ""query_seed"": 20371623}"
complex_s01_q0023,f_n3p_knn,Complex,d20_inf,True,True,0.4750513141043484,19,21.98698510286933,21.90447738430205,0.003766705642856749,0,0.13226423731595022,0.09454692740783943,0,6,1,0,True,0,2,0.0,,"{""profile_name"": ""complex_d02"", ""map_seed"": 20370620, ""query_seed"": 20371623}"
complex_s01_q0023,n3p_k1,Complex,d20_inf,True,True,2.2172601099591702,3109,21.91731808982242,21.90447738430205,0.000586213735898955,0,0.22959662807127065,0.07304455164569357,0,0,1,1,True,0,0,,,"{""profile_name"": ""complex_d02"", ""map_seed"": 20370620, ""query_seed"": 20371623}"
complex_s01_q0023,voronoi_waypoint,Complex,d20_inf,True,True,0.874845172977075,115,23.64522508882025,21.90447738430205,0.07946994917877914,4,0.25255546230321296,0.09148313690582732,0,0,0,0,False,,,,,"{""profile_name"": ""complex_d02"", ""map_seed"": 20370620, ""query_seed"": 20371623, ""waypoint_count"": 4}"
complex_s01_q0023,bottleneck_waypoint,Complex,d20_inf,True,True,0.771352567942813,5,22.810319257262442,21.90447738430205,0.04135418787072109,0,0.21332155451419244,0.35328851064145095,0,0,0,0,False,,,,,"{""profile_name"": ""complex_d02"", ""map_seed"": 20370620, ""query_seed"": 20371623, ""waypoint_count"": 4, ""bottleneck_count"": 4}"
complex_s01_q0024,vanilla_ha,Complex,d08_12,True,False,0.20607209205627441,100,11.232834314885126,,,0,0.36313678006543376,-0.09647562947312277,11,0,0,0,False,,,,,"{""profile_name"": ""complex_d02"", ""map_seed"": 20370620, ""query_seed"": 20371624}"
complex_s01_q0024,f_n3p_knn,Complex,d08_12,True,True,0.2172355051152408,100,11.33409880686074,,,0,0.35989233494653905,0.06340093221837534,0,4,1,0,True,0,0,,,"{""profile_name"": ""complex_d02"", ""map_seed"": 20370620, ""query_seed"": 20371624}"
complex_s01_q0024,n3p_k1,Complex,d08_12,True,True,0.2168546610046178,100,11.33409880686074,,,0,0.35989233494653905,0.06340093221837534,0,0,1,0,True,0,0,,,"{""profile_name"": ""complex_d02"", ""map_seed"": 20370620, ""query_seed"": 20371624}"
complex_s01_q0024,voronoi_waypoint,Complex,d08_12,True,True,0.4668674268759787,3,12.409145380584198,,,1,0.28625930067605143,0.17589140519390278,0,0,0,0,False,,,,,"{""profile_name"": ""complex_d02"", ""map_seed"": 20370620, ""query_seed"": 20371624, ""waypoint_count"": 2}"
complex_s01_q0024,bottleneck_waypoint,Complex,d08_12,True,True,0.4695119340904057,3,11.401147295831079,,,0,0.25141654806359703,0.10014614264048016,0,0,0,0,False,,,,,"{""profile_name"": ""complex_d02"", ""map_seed"": 20370620, ""query_seed"": 20371624, ""waypoint_count"": 2, ""bottleneck_count"": 2}"
complex_s01_q0025,vanilla_ha,Complex,d12_16,False,False,2.5000030994415283,3592,,,,0,,,0,0,0,0,False,,,,timeout,"{""profile_name"": ""complex_d02"", ""map_seed"": 20370621, ""query_seed"": 20371621}"
complex_s01_q0025,f_n3p_knn,Complex,d12_16,True,True,0.6128476380836219,4,16.262149198127013,,,0,0.1438447114866301,0.09741716544731827,0,4,0,0,True,1,4,0.25,,"{""profile_name"": ""complex_d02"", ""map_seed"": 20370621, ""query_seed"": 20371621}"
complex_s01_q0025,n3p_k1,Complex,d12_16,False,False,3.512137543875724,5223,,,,0,,,0,0,1,1,True,0,0,,f2_failed:prediction:goal_in_collision;goal:timeout;f3_failed:timeout,"{""profile_name"": ""complex_d02"", ""map_seed"": 20370621, ""query_seed"": 20371621}"
complex_s01_q0025,voronoi_waypoint,Complex,d12_16,True,True,0.6148576529230922,4,17.51649927672041,,,0,0.2597766156622722,0.18578307562076102,0,0,0,0,False,,,,,"{""profile_name"": ""complex_d02"", ""map_seed"": 20370621, ""query_seed"": 20371621, ""waypoint_count"": 3}"
complex_s01_q0025,bottleneck_waypoint,Complex,d12_16,True,True,0.6190316439606249,4,17.20476739970792,,,2,0.31361094275285495,0.20565855173478742,0,0,0,0,False,,,,,"{""profile_name"": ""complex_d02"", ""map_seed"": 20370621, ""query_seed"": 20371621, ""waypoint_count"": 3, ""bottleneck_count"": 3}"
complex_s01_q0026,vanilla_ha,Complex,d16_20,True,True,0.16523385047912598,49,19.919232197836006,,,0,0.0905707045931039,0.07827972256310745,0,0,0,0,False,,,,,"{""profile_name"": ""complex_d02"", ""map_seed"": 20370621, ""query_seed"": 20371622}"
complex_s01_q0026,f_n3p_knn,Complex,d16_20,True,True,0.30959113384597003,2,20.415807212287646,19.919232197836006,0.02492942546779431,0,0.06600549284896075,0.08075920769729972,0,2,0,0,True,0,2,0.0,,"{""profile_name"": ""complex_d02"", ""map_seed"": 20370621, ""query_seed"": 20371622}"
complex_s01_q0026,n3p_k1,Complex,d16_20,True,True,0.188933989033103,53,19.914530423539908,19.919232197836006,-0.00023604194425774772,0,0.08125379696703774,0.09719045636888402,0,0,1,0,True,0,0,,,"{""profile_name"": ""complex_d02"", ""map_seed"": 20370621, ""query_seed"": 20371622}"
complex_s01_q0026,voronoi_waypoint,Complex,d16_20,True,True,0.6242777109146118,4,22.386538776672626,19.919232197836006,0.12386554633891289,0,0.2331069244712927,0.0863247938378785,0,0,0,0,False,,,,,"{""profile_name"": ""complex_d02"", ""map_seed"": 20370621, ""query_seed"": 20371622, ""waypoint_count"": 3}"
complex_s01_q0026,bottleneck_waypoint,Complex,d16_20,True,True,0.764254657085985,5,21.126487934036295,19.919232197836006,0.06060754371503552,0,0.19229838244969608,0.5309571739830066,0,0,0,0,False,,,,,"{""profile_name"": ""complex_d02"", ""map_seed"": 20370621, ""query_seed"": 20371622, ""waypoint_count"": 4, ""bottleneck_count"": 4}"
complex_s01_q0027,vanilla_ha,Complex,d20_inf,True,False,2.24507737159729,3137,23.15058574965558,,,0,0.17943179156042424,0.006636400867525705,6,0,0,0,False,,,,,"{""profile_name"": ""complex_d02"", ""map_seed"": 20370621, ""query_seed"": 20371623}"
complex_s01_q0027,f_n3p_knn,Complex,d20_inf,True,True,0.4643093980848789,3,23.122048400591055,,,0,0.09411362284670612,0.13960883616244368,0,1,0,0,True,2,3,0.6666666666666666,,"{""profile_name"": ""complex_d02"", ""map_seed"": 20370621, ""query_seed"": 20371623}"
complex_s01_q0027,n3p_k1,Complex,d20_inf,True,True,0.476242148084566,282,23.127525073399944,,,0,0.11738169252349034,0.08399603549071322,0,0,1,0,True,1,1,1.0,,"{""profile_name"": ""complex_d02"", ""map_seed"": 20370621, ""query_seed"": 20371623}"
complex_s01_q0027,voronoi_waypoint,Complex,d20_inf,True,True,0.7592199919745326,5,24.001582197548096,,,0,0.16615664736370456,0.20172589127329488,0,0,0,0,False,,,,,"{""profile_name"": ""complex_d02"", ""map_seed"": 20370621, ""query_seed"": 20371623, ""waypoint_count"": 4}"
complex_s01_q0027,bottleneck_waypoint,Complex,d20_inf,True,True,0.905174259096384,6,24.1946044539187,,,0,0.20195752707349873,0.18039006678567626,0,0,0,0,False,,,,,"{""profile_name"": ""complex_d02"", ""map_seed"": 20370621, ""query_seed"": 20371623, ""waypoint_count"": 5, ""bottleneck_count"": 5}"
complex_s01_q0028,vanilla_ha,Complex,d08_12,True,False,1.7074682712554932,1829,10.075555178100297,,,0,0.2187825139189879,-0.02113263333009885,8,0,0,0,False,,,,,"{""profile_name"": ""complex_d02"", ""map_seed"": 20370621, ""query_seed"": 20371624}"
complex_s01_q0028,f_n3p_knn,Complex,d08_12,True,True,2.5883128938730806,2852,10.125226388128251,,,0,0.21770923498351089,0.11880151443045772,0,4,1,1,True,0,0,,,"{""profile_name"": ""complex_d02"", ""map_seed"": 20370621, ""query_seed"": 20371624}"
complex_s01_q0028,n3p_k1,Complex,d08_12,True,True,2.58267750707455,2851,10.125226388128251,,,0,0.21770923498351089,0.11880151443045772,0,0,1,1,True,0,0,,,"{""profile_name"": ""complex_d02"", ""map_seed"": 20370621, ""query_seed"": 20371624}"
complex_s01_q0028,voronoi_waypoint,Complex,d08_12,True,True,0.46938420296646655,3,13.485774734513674,,,3,0.33110571152694784,0.817290038122636,0,0,0,0,False,,,,,"{""profile_name"": ""complex_d02"", ""map_seed"": 20370621, ""query_seed"": 20371624, ""waypoint_count"": 2}"
complex_s01_q0028,bottleneck_waypoint,Complex,d08_12,True,True,0.4688209861051291,3,12.259805604900833,,,3,0.3260143280585073,0.7349698658783916,0,0,0,0,False,,,,,"{""profile_name"": ""complex_d02"", ""map_seed"": 20370621, ""query_seed"": 20371624, ""waypoint_count"": 2, ""bottleneck_count"": 2}"
complex_s01_q0029,vanilla_ha,Complex,d12_16,True,True,0.18061208724975586,65,16.25961424473646,,,0,0.177975371305707,0.13589288083882423,0,0,0,0,False,,,,,"{""profile_name"": ""complex_d02"", ""map_seed"": 20370621, ""query_seed"": 20371625}"
complex_s01_q0029,f_n3p_knn,Complex,d12_16,True,True,0.1888823239132762,65,16.281990724681854,16.25961424473646,0.0013761999275374581,0,0.17773077822159727,0.13589288083882423,0,4,1,0,True,0,0,,,"{""profile_name"": ""complex_d02"", ""map_seed"": 20370621, ""query_seed"": 20371625}"
complex_s01_q0029,n3p_k1,Complex,d12_16,True,True,0.18731152801774442,65,16.281990724681854,16.25961424473646,0.0013761999275374581,0,0.17773077822159727,0.13589288083882423,0,0,1,0,True,0,0,,,"{""profile_name"": ""complex_d02"", ""map_seed"": 20370621, ""query_seed"": 20371625}"
complex_s01_q0029,voronoi_waypoint,Complex,d12_16,True,True,0.6172950468026102,4,18.11573332146527,16.25961424473646,0.11415517298202005,0,0.19090495062201102,0.3009819621385047,0,0,0,0,False,,,,,"{""profile_name"": ""complex_d02"", ""map_seed"": 20370621, ""query_seed"": 20371625, ""waypoint_count"": 3}"
complex_s01_q0029,bottleneck_waypoint,Complex,d12_16,True,True,0.7591600590385497,5,17.460059575315118,16.25961424473646,0.07382987766559479,0,0.24751478977243535,0.7497340498990508,0,0,0,0,False,,,,,"{""profile_name"": ""complex_d02"", ""map_seed"": 20370621, ""query_seed"": 20371625, ""waypoint_count"": 4, ""bottleneck_count"": 4}"
complex_s01_q0030,vanilla_ha,Complex,d16_20,True,True,0.14684820175170898,1,17.344163283364235,,,0,0.0,0.21186827481124226,0,0,0,0,False,,,,,"{""profile_name"": ""complex_d02"", ""map_seed"": 20370622, ""query_seed"": 20371622}"
complex_s01_q0030,f_n3p_knn,Complex,d16_20,True,True,0.0006995152216404676,0,17.344163283364235,17.344163283364235,0.0,0,0.0,0.21186827481124226,0,0,0,0,False,0,0,,,"{""profile_name"": ""complex_d02"", ""map_seed"": 20370622, ""query_seed"": 20371622}"
complex_s01_q0030,n3p_k1,Complex,d16_20,True,True,0.0006754791829735041,0,17.344163283364235,17.344163283364235,0.0,0,0.0,0.21186827481124226,0,0,0,0,False,0,0,,,"{""profile_name"": ""complex_d02"", ""map_seed"": 20370622, ""query_seed"": 20371622}"
complex_s01_q0030,voronoi_waypoint,Complex,d16_20,True,True,0.6087779670488089,4,17.58015201922475,17.344163283364235,0.013606233521040956,0,0.16348242125695825,0.21186827481124226,0,0,0,0,False,,,,,"{""profile_name"": ""complex_d02"", ""map_seed"": 20370622, ""query_seed"": 20371622, ""waypoint_count"": 3}"
complex_s01_q0030,bottleneck_waypoint,Complex,d16_20,True,True,0.609531917842105,4,17.691511388579684,17.344163283364235,0.020026800920895926,0,0.17802841173894582,0.21186827481124226,0,0,0,0,False,,,,,"{""profile_name"": ""complex_d02"", ""map_seed"": 20370622, ""query_seed"": 20371622, ""waypoint_count"": 3, ""bottleneck_count"": 3}"
complex_s01_q0031,vanilla_ha,Complex,d20_inf,True,True,0.17123794555664062,41,20.65811698519899,,,0,0.04652249708008807,0.10362406371734767,0,0,0,0,False,,,,,"{""profile_name"": ""complex_d02"", ""map_seed"": 20370622, ""query_seed"": 20371623}"
complex_s01_q0031,f_n3p_knn,Complex,d20_inf,True,True,0.3076085119973868,2,21.321463392730795,20.65811698519899,0.03211069082468043,1,0.10119181157345564,0.13257357515434431,0,0,0,0,False,2,2,1.0,,"{""profile_name"": ""complex_d02"", ""map_seed"": 20370622, ""query_seed"": 20371623}"
complex_s01_q0031,n3p_k1,Complex,d20_inf,True,True,0.30606070696376264,2,21.321463392730795,20.65811698519899,0.03211069082468043,1,0.10119181157345564,0.13257357515434431,0,0,0,0,False,2,2,1.0,,"{""profile_name"": ""complex_d02"", ""map_seed"": 20370622, ""query_seed"": 20371623}"
complex_s01_q0031,voronoi_waypoint,Complex,d20_inf,True,True,0.7717765348497778,20,23.0115099238337,20.65811698519899,0.11392098032559561,1,0.32227367482570896,0.12266349701504631,0,0,0,0,False,,,,,"{""profile_name"": ""complex_d02"", ""map_seed"": 20370622, ""query_seed"": 20371623, ""waypoint_count"": 4}"
complex_s01_q0031,bottleneck_waypoint,Complex,d20_inf,True,True,0.4923715309705585,21,21.074508375121244,20.65811698519899,0.020156309029549346,0,0.20552572205643005,0.08604478251011727,0,0,0,0,False,,,,,"{""profile_name"": ""complex_d02"", ""map_seed"": 20370622, ""query_seed"": 20371623, ""waypoint_count"": 2, ""bottleneck_count"": 2}"
complex_s01_q0032,vanilla_ha,Complex,d08_12,True,False,1.9416069984436035,1829,8.876316269733962,,,1,0.2912859213086239,0.056674798637813883,2,0,0,0,False,,,,,"{""profile_name"": ""complex_d02"", ""map_seed"": 20370622, ""query_seed"": 20371624}"
complex_s01_q0032,f_n3p_knn,Complex,d08_12,True,True,0.29600121499970555,2,13.046837597292127,,,1,0.30091163716096647,0.08991005878973013,0,1,0,0,True,1,2,0.5,,"{""profile_name"": ""complex_d02"", ""map_seed"": 20370622, ""query_seed"": 20371624}"
complex_s01_q0032,n3p_k1,Complex,d08_12,True,True,0.2986767259426415,4,11.708540417175143,,,3,0.2917784542583465,0.08238217309785889,0,0,1,0,True,1,1,1.0,,"{""profile_name"": ""complex_d02"", ""map_seed"": 20370622, ""query_seed"": 20371624}"
complex_s01_q0032,voronoi_waypoint,Complex,d08_12,True,True,0.6187767588999122,270,10.100534348351747,,,1,0.42860804086599275,0.06942907350122074,0,0,0,0,False,,,,,"{""profile_name"": ""complex_d02"", ""map_seed"": 20370622, ""query_seed"": 20371624, ""waypoint_count"": 1}"
complex_s01_q0032,bottleneck_waypoint,Complex,d08_12,True,True,0.47854567784816027,13,10.896739707056426,,,1,0.33798362941582255,0.08991005878973013,0,0,0,0,False,,,,,"{""profile_name"": ""complex_d02"", ""map_seed"": 20370622, ""query_seed"": 20371624, ""waypoint_count"": 2, ""bottleneck_count"": 2}"
complex_s01_q0033,vanilla_ha,Complex,d12_16,True,False,0.629279613494873,766,13.157645278291005,,,0,0.17890495450433774,0.05546665225048325,3,0,0,0,False,,,,,"{""profile_name"": ""complex_d02"", ""map_seed"": 20370622, ""query_seed"": 20371625}"
complex_s01_q0033,f_n3p_knn,Complex,d12_16,True,True,0.6412049068603665,766,13.169813416641455,,,0,0.17873965677618336,0.07339687132399808,0,4,1,0,True,0,0,,,"{""profile_name"": ""complex_d02"", ""map_seed"": 20370622, ""query_seed"": 20371625}"
complex_s01_q0033,n3p_k1,Complex,d12_16,True,True,0.6408215321134776,766,13.169813416641455,,,0,0.17873965677618336,0.07339687132399808,0,0,1,0,True,0,0,,,"{""profile_name"": ""complex_d02"", ""map_seed"": 20370622, ""query_seed"": 20371625}"
complex_s01_q0033,voronoi_waypoint,Complex,d12_16,True,True,0.4751019491814077,3,13.50766675381791,,,0,0.1450844063313478,0.1615832699303975,0,0,0,0,False,,,,,"{""profile_name"": ""complex_d02"", ""map_seed"": 20370622, ""query_seed"": 20371625, ""waypoint_count"": 2}"
complex_s01_q0033,bottleneck_waypoint,Complex,d12_16,True,True,0.4748995709232986,3,13.80730081431882,,,0,0.19124184703672667,0.2399744347778635,0,0,0,0,False,,,,,"{""profile_name"": ""complex_d02"", ""map_seed"": 20370622, ""query_seed"": 20371625, ""waypoint_count"": 2, ""bottleneck_count"": 2}"
complex_s01_q0034,vanilla_ha,Complex,d16_20,True,True,0.1530773639678955,9,17.885240631526273,,,0,0.07056579263605108,0.07460872118861495,0,0,0,0,False,,,,,"{""profile_name"": ""complex_d02"", ""map_seed"": 20370622, ""query_seed"": 20371626}"
complex_s01_q0034,f_n3p_knn,Complex,d16_20,True,True,0.15151909203268588,1,17.897200909435664,17.885240631526273,0.000668723343218991,0,0.06408526527734959,0.08487996079548454,0,0,0,0,False,1,1,1.0,,"{""profile_name"": ""complex_d02"", ""map_seed"": 20370622, ""query_seed"": 20371626}"
complex_s01_q0034,n3p_k1,Complex,d16_20,True,True,0.15231494209729135,1,17.897200909435664,17.885240631526273,0.000668723343218991,0,0.06408526527734959,0.08487996079548454,0,0,0,0,False,1,1,1.0,,"{""profile_name"": ""complex_d02"", ""map_seed"": 20370622, ""query_seed"": 20371626}"
complex_s01_q0034,voronoi_waypoint,Complex,d16_20,True,True,0.6163033558987081,4,19.463016039745362,17.885240631526273,0.08821661618787213,0,0.3273839159080169,0.26522245599887206,0,0,0,0,False,,,,,"{""profile_name"": ""complex_d02"", ""map_seed"": 20370622, ""query_seed"": 20371626, ""waypoint_count"": 3}"
complex_s01_q0034,bottleneck_waypoint,Complex,d16_20,True,True,0.48221476119942963,7,18.568901229581716,17.885240631526273,0.038224847635002224,0,0.2422297977604384,0.231975726439424,0,0,0,0,False,,,,,"{""profile_name"": ""complex_d02"", ""map_seed"": 20370622, ""query_seed"": 20371626, ""waypoint_count"": 2, ""bottleneck_count"": 2}"
complex_s01_q0035,vanilla_ha,Complex,d20_inf,True,True,0.17144560813903809,49,21.31487289859048,,,0,0.10370117281902379,0.1386747246743948,0,0,0,0,False,,,,,"{""profile_name"": ""complex_d02"", ""map_seed"": 20370623, ""query_seed"": 20371623}"
complex_s01_q0035,f_n3p_knn,Complex,d20_inf,True,True,0.3131531469989568,2,21.095529957103825,21.31487289859048,-0.010290605181190626,0,0.048045564146008815,0.09162785949018148,0,4,0,0,True,0,2,0.0,,"{""profile_name"": ""complex_d02"", ""map_seed"": 20370623, ""query_seed"": 20371623}"
complex_s01_q0035,n3p_k1,Complex,d20_inf,True,True,0.33886148408055305,38,21.627742250711545,21.31487289859048,0.014678452628340777,0,0.19004471984853058,0.15736253103163134,0,0,2,0,True,0,0,,,"{""profile_name"": ""complex_d02"", ""map_seed"": 20370623, ""query_seed"": 20371623}"
complex_s01_q0035,voronoi_waypoint,Complex,d20_inf,True,True,0.7644556839950383,5,22.484067490704124,21.31487289859048,0.054853463010373416,2,0.2546395381179659,0.4227590067549618,0,0,0,0,False,,,,,"{""profile_name"": ""complex_d02"", ""map_seed"": 20370623, ""query_seed"": 20371623, ""waypoint_count"": 4}"
complex_s01_q0035,bottleneck_waypoint,Complex,d20_inf,True,True,0.7667890270240605,5,21.804697671624545,21.31487289859048,0.022980421950649088,0,0.20666307009628768,0.4992602600343905,0,0,0,0,False,,,,,"{""profile_name"": ""complex_d02"", ""map_seed"": 20370623, ""query_seed"": 20371623, ""waypoint_count"": 4, ""bottleneck_count"": 4}"
complex_s01_q0036,vanilla_ha,Complex,d08_12,True,True,0.14359021186828613,1,9.841239759298622,,,0,0.0,0.807064746794826,0,0,0,0,False,,,,,"{""profile_name"": ""complex_d02"", ""map_seed"": 20370623, ""query_seed"": 20371624}"
complex_s01_q0036,f_n3p_knn,Complex,d08_12,True,True,0.0004424171056598425,0,9.84123975929862,9.841239759298622,-2.220446049250313e-16,0,0.0,0.807064746794826,0,0,0,0,False,0,0,,,"{""profile_name"": ""complex_d02"", ""map_seed"": 20370623, ""query_seed"": 20371624}"
complex_s01_q0036,n3p_k1,Complex,d08_12,True,True,0.00043673207983374596,0,9.84123975929862,9.841239759298622,-2.220446049250313e-16,0,0.0,0.807064746794826,0,0,0,0,False,0,0,,,"{""profile_name"": ""complex_d02"", ""map_seed"": 20370623, ""query_seed"": 20371624}"
complex_s01_q0036,voronoi_waypoint,Complex,d08_12,True,True,0.3265945389866829,2,10.01185822970322,9.841239759298622,0.017337091116328862,0,0.07918211915067742,0.8226781586561578,0,0,0,0,False,,,,,"{""profile_name"": ""complex_d02"", ""map_seed"": 20370623, ""query_seed"": 20371624, ""waypoint_count"": 1}"
complex_s01_q0036,bottleneck_waypoint,Complex,d08_12,True,True,0.32808328280225396,2,10.001690896697692,9.841239759298622,0.016303955733571573,0,0.07782154720773217,0.8225632606495337,0,0,0,0,False,,,,,"{""profile_name"": ""complex_d02"", ""map_seed"": 20370623, ""query_seed"": 20371624, ""waypoint_count"": 1, ""bottleneck_count"": 1}"
complex_s01_q0037,vanilla_ha,Complex,d12_16,True,False,1.2746360301971436,1223,14.788987166350925,,,0,0.30196326030288234,0.053602821657309174,6,0,0,0,False,,,,,"{""profile_name"": ""complex_d02"", ""map_seed"": 20370623, ""query_seed"": 20371625}"
complex_s01_q0037,f_n3p_knn,Complex,d12_16,True,True,0.5564099501352757,101,17.663480496724315,,,2,0.34040758472628235,0.06532642706647096,0,10,1,0,True,0,2,0.0,,"{""profile_name"": ""complex_d02"", ""map_seed"": 20370623, ""query_seed"": 20371625}"
complex_s01_q0037,n3p_k1,Complex,d12_16,True,True,0.3232988810632378,18,18.651285395491342,,,2,0.3056603515690635,0.10735212311311393,0,0,2,0,True,0,0,,,"{""profile_name"": ""complex_d02"", ""map_seed"": 20370623, ""query_seed"": 20371625}"
complex_s01_q0037,voronoi_waypoint,Complex,d12_16,True,True,0.47708040685392916,3,16.723831482048336,,,0,0.23874169979752813,0.24393669535503137,0,0,0,0,False,,,,,"{""profile_name"": ""complex_d02"", ""map_seed"": 20370623, ""query_seed"": 20371625, ""waypoint_count"": 2}"
complex_s01_q0037,bottleneck_waypoint,Complex,d12_16,True,True,0.480164134176448,3,16.125584972089637,,,0,0.15112621934548734,0.24412108416495149,0,0,0,0,False,,,,,"{""profile_name"": ""complex_d02"", ""map_seed"": 20370623, ""query_seed"": 20371625, ""waypoint_count"": 2, ""bottleneck_count"": 2}"
complex_s01_q0038,vanilla_ha,Complex,d16_20,True,True,0.14898061752319336,1,18.752333188166215,,,0,0.0,0.10110457379443105,0,0,0,0,False,,,,,"{""profile_name"": ""complex_d02"", ""map_seed"": 20370623, ""query_seed"": 20371626}"
complex_s01_q0038,f_n3p_knn,Complex,d16_20,True,True,0.0008355288300663233,0,18.752333188166215,18.752333188166215,0.0,0,1.7761358229157924e-17,0.10110457379443105,0,0,0,0,False,0,0,,,"{""profile_name"": ""complex_d02"", ""map_seed"": 20370623, ""query_seed"": 20371626}"
complex_s01_q0038,n3p_k1,Complex,d16_20,True,True,0.0008177829440683126,0,18.752333188166215,18.752333188166215,0.0,0,1.7761358229157924e-17,0.10110457379443105,0,0,0,0,False,0,0,,,"{""profile_name"": ""complex_d02"", ""map_seed"": 20370623, ""query_seed"": 20371626}"
complex_s01_q0038,voronoi_waypoint,Complex,d16_20,True,True,0.6264615759719163,16,19.15020098714702,18.752333188166215,0.021216975775146807,0,0.1102832286740628,0.10375100087966538,0,0,0,0,False,,,,,"{""profile_name"": ""complex_d02"", ""map_seed"": 20370623, ""query_seed"": 20371626, ""waypoint_count"": 3}"
complex_s01_q0038,bottleneck_waypoint,Complex,d16_20,True,True,0.6221197189297527,4,19.402914108020454,18.752333188166215,0.0346933319350784,0,0.15012578271730562,0.347713416867101,0,0,0,0,False,,,,,"{""profile_name"": ""complex_d02"", ""map_seed"": 20370623, ""query_seed"": 20371626, ""waypoint_count"": 3, ""bottleneck_count"": 3}"
complex_s01_q0039,vanilla_ha,Complex,d20_inf,True,True,0.22501683235168457,177,32.03162329047215,,,0,0.3314930920406038,0.08806254663766788,0,0,0,0,False,,,,,"{""profile_name"": ""complex_d02"", ""map_seed"": 20370623, ""query_seed"": 20371627}"
complex_s01_q0039,f_n3p_knn,Complex,d20_inf,True,True,0.616762146120891,4,32.307356789575,32.03162329047215,0.008608165018751057,2,0.06316181473678162,0.13133491177239132,0,7,0,0,True,1,4,0.25,,"{""profile_name"": ""complex_d02"", ""map_seed"": 20370623, ""query_seed"": 20371627}"
complex_s01_q0039,n3p_k1,Complex,d20_inf,True,True,0.31988795986399055,12,31.428184833696967,32.03162329047215,-0.01883883471352743,0,0.07553767122683673,0.09272311345895301,0,0,1,0,True,1,1,1.0,,"{""profile_name"": ""complex_d02"", ""map_seed"": 20370623, ""query_seed"": 20371627}"
complex_s01_q0039,voronoi_waypoint,Complex,d20_inf,True,True,1.0400094878859818,7,32.63229001391815,32.03162329047215,0.018752303559484984,0,0.15224427416897757,0.2240317691046949,0,0,0,0,False,,,,,"{""profile_name"": ""complex_d02"", ""map_seed"": 20370623, ""query_seed"": 20371627, ""waypoint_count"": 6}"
complex_s01_q0039,bottleneck_waypoint,Complex,d20_inf,True,True,0.9018481830134988,6,32.158543277646764,32.03162329047215,0.003962333910575433,0,0.1864619005575025,0.23525060171703438,0,0,0,0,False,,,,,"{""profile_name"": ""complex_d02"", ""map_seed"": 20370623, ""query_seed"": 20371627, ""waypoint_count"": 5, ""bottleneck_count"": 5}"
complex_s02_q0040,vanilla_ha,Complex,d08_12,True,True,0.1467430591583252,1,10.960383204979648,,,0,0.0,0.548845023777841,0,0,0,0,False,,,,,"{""profile_name"": ""complex_d02"", ""map_seed"": 20380620, ""query_seed"": 20381620}"
complex_s02_q0040,f_n3p_knn,Complex,d08_12,True,True,0.00048202183097600937,0,10.960383204979648,10.960383204979648,0.0,0,2.025883591589656e-17,0.548845023777841,0,0,0,0,False,0,0,,,"{""profile_name"": ""complex_d02"", ""map_seed"": 20380620, ""query_seed"": 20381620}"
complex_s02_q0040,n3p_k1,Complex,d08_12,True,True,0.0004748259671032429,0,10.960383204979648,10.960383204979648,0.0,0,2.025883591589656e-17,0.548845023777841,0,0,0,0,False,0,0,,,"{""profile_name"": ""complex_d02"", ""map_seed"": 20380620, ""query_seed"": 20381620}"
complex_s02_q0040,voronoi_waypoint,Complex,d08_12,True,True,0.47295267996378243,3,11.401444142531485,10.960383204979648,0.04024137927508309,0,0.23257012832650822,0.551138373666973,0,0,0,0,False,,,,,"{""profile_name"": ""complex_d02"", ""map_seed"": 20380620, ""query_seed"": 20381620, ""waypoint_count"": 2}"
complex_s02_q0040,bottleneck_waypoint,Complex,d08_12,True,True,0.47813202417455614,3,12.097956132666935,10.960383204979648,0.10378952144396303,2,0.2349655039967124,0.6463016162466257,0,0,0,0,False,,,,,"{""profile_name"": ""complex_d02"", ""map_seed"": 20380620, ""query_seed"": 20381620, ""waypoint_count"": 2, ""bottleneck_count"": 2}"
complex_s02_q0041,vanilla_ha,Complex,d12_16,True,True,0.14763259887695312,1,15.294770348063418,,,0,0.0,0.278022841177869,0,0,0,0,False,,,,,"{""profile_name"": ""complex_d02"", ""map_seed"": 20380620, ""query_seed"": 20381621}"
complex_s02_q0041,f_n3p_knn,Complex,d12_16,True,True,0.0006121271289885044,0,15.294770348063418,15.294770348063418,0.0,0,0.0,0.278022841177869,0,0,0,0,False,0,0,,,"{""profile_name"": ""complex_d02"", ""map_seed"": 20380620, ""query_seed"": 20381621}"
complex_s02_q0041,n3p_k1,Complex,d12_16,True,True,0.0006017070263624191,0,15.294770348063418,15.294770348063418,0.0,0,0.0,0.278022841177869,0,0,0,0,False,0,0,,,"{""profile_name"": ""complex_d02"", ""map_seed"": 20380620, ""query_seed"": 20381621}"
complex_s02_q0041,voronoi_waypoint,Complex,d12_16,True,True,0.6265395251102746,4,16.970201655794,15.294770348063418,0.10954275674644043,0,0.1850859297695335,0.07749787612123449,0,0,0,0,False,,,,,"{""profile_name"": ""complex_d02"", ""map_seed"": 20380620, ""query_seed"": 20381621, ""waypoint_count"": 3}"
complex_s02_q0041,bottleneck_waypoint,Complex,d12_16,True,True,0.480531461071223,3,16.565893566163258,15.294770348063418,0.08310835593950494,0,0.1825041770248283,0.10614270589950603,0,0,0,0,False,,,,,"{""profile_name"": ""complex_d02"", ""map_seed"": 20380620, ""query_seed"": 20381621, ""waypoint_count"": 2, ""bottleneck_count"": 2}"
complex_s02_q0042,vanilla_ha,Complex,d16_20,True,True,0.3373889923095703,232,19.421286147479414,,,0,0.17764382075224744,0.07764126409522543,0,0,0,0,False,,,,,"{""profile_name"": ""complex_d02"", ""map_seed"": 20380620, ""query_seed"": 20381622}"
complex_s02_q0042,f_n3p_knn,Complex,d16_20,True,True,0.46047352300956845,3,19.43299771993926,19.421286147479414,0.0006030276455899486,1,0.0644810007642477,0.1390309306672992,0,0,0,0,False,3,3,1.0,,"{""profile_name"": ""complex_d02"", ""map_seed"": 20380620, ""query_seed"": 20381622}"
complex_s02_q0042,n3p_k1,Complex,d16_20,True,True,0.45866305311210454,3,19.43299771993926,19.421286147479414,0.0006030276455899486,1,0.0644810007642477,0.1390309306672992,0,0,0,0,False,3,3,1.0,,"{""profile_name"": ""complex_d02"", ""map_seed"": 20380620, ""query_seed"": 20381622}"
complex_s02_q0042,voronoi_waypoint,Complex,d16_20,True,True,0.6763982658740133,64,19.528428086085814,19.421286147479414,0.0055167272544565105,0,0.19400222259505817,0.08723429269599037,0,0,0,0,False,,,,,"{""profile_name"": ""complex_d02"", ""map_seed"": 20380620, ""query_seed"": 20381622, ""waypoint_count"": 3}"
complex_s02_q0042,bottleneck_waypoint,Complex,d16_20,True,True,0.7611642850097269,5,21.005475759674866,19.421286147479414,0.08156975805647426,3,0.20592483297535663,0.2518729269412474,0,0,0,0,False,,,,,"{""profile_name"": ""complex_d02"", ""map_seed"": 20380620, ""query_seed"": 20381622, ""waypoint_count"": 4, ""bottleneck_count"": 4}"
complex_s02_q0043,vanilla_ha,Complex,d20_inf,False,False,2.5045833587646484,3305,,,,0,,,0,0,0,0,False,,,,timeout,"{""profile_name"": ""complex_d02"", ""map_seed"": 20380620, ""query_seed"": 20381623}"
complex_s02_q0043,f_n3p_knn,Complex,d20_inf,True,True,0.4626139828469604,3,24.883812633852383,,,0,0.06617247087644125,0.07097098788441025,0,4,0,0,True,1,3,0.3333333333333333,,"{""profile_name"": ""complex_d02"", ""map_seed"": 20380620, ""query_seed"": 20381623}"
complex_s02_q0043,n3p_k1,Complex,d20_inf,True,True,1.4333315889816731,1557,26.336359529927314,,,0,0.21534031516532604,0.09374280681187319,0,0,2,0,True,1,1,1.0,,"{""profile_name"": ""complex_d02"", ""map_seed"": 20380620, ""query_seed"": 20381623}"
complex_s02_q0043,voronoi_waypoint,Complex,d20_inf,True,True,0.9829387010540813,105,27.545149057991804,,,0,0.36987609069625627,0.07183530374506808,0,0,0,0,False,,,,,"{""profile_name"": ""complex_d02"", ""map_seed"": 20380620, ""query_seed"": 20381623, ""waypoint_count"": 5}"
complex_s02_q0043,bottleneck_waypoint,Complex,d20_inf,True,True,0.9100971999578178,6,26.672962202888726,,,0,0.25642543179067473,0.3470191603345607,0,0,0,0,False,,,,,"{""profile_name"": ""complex_d02"", ""map_seed"": 20380620, ""query_seed"": 20381623, ""waypoint_count"": 5, ""bottleneck_count"": 5}"
complex_s02_q0044,vanilla_ha,Complex,d08_12,True,False,0.9356932640075684,1149,11.67286925844328,,,0,0.37919336266230125,0.03173997720294125,3,0,0,0,False,,,,,"{""profile_name"": ""complex_d02"", ""map_seed"": 20380620, ""query_seed"": 20381624}"
complex_s02_q0044,f_n3p_knn,Complex,d08_12,True,True,1.0462915238458663,1044,11.997456331169248,,,0,0.2980693239804563,0.07994075107385845,0,5,1,0,True,0,1,0.0,,"{""profile_name"": ""complex_d02"", ""map_seed"": 20380620, ""query_seed"": 20381624}"
complex_s02_q0044,n3p_k1,Complex,d08_12,True,True,0.9287421780172735,1149,11.738389992191113,,,0,0.37707680090464385,0.0772884427755165,0,0,1,0,True,0,0,,,"{""profile_name"": ""complex_d02"", ""map_seed"": 20380620, ""query_seed"": 20381624}"
complex_s02_q0044,voronoi_waypoint,Complex,d08_12,True,True,0.754005259135738,345,13.471378589622141,,,2,0.47305532160794433,0.06795865097566967,0,0,0,0,False,,,,,"{""profile_name"": ""complex_d02"", ""map_seed"": 20380620, ""query_seed"": 20381624, ""waypoint_count"": 2}"
complex_s02_q0044,bottleneck_waypoint,Complex,d08_12,True,True,0.4782713782042265,3,13.174588304576377,,,1,0.4541439843216241,0.3326649558755135,0,0,0,0,False,,,,,"{""profile_name"": ""complex_d02"", ""map_seed"": 20380620, ""query_seed"": 20381624, ""waypoint_count"": 2, ""bottleneck_count"": 2}"
complex_s02_q0045,vanilla_ha,Complex,d12_16,True,True,0.14594197273254395,1,13.102671483327361,,,0,0.0,0.17423554341489533,0,0,0,0,False,,,,,"{""profile_name"": ""complex_d02"", ""map_seed"": 20380621, ""query_seed"": 20381621}"
complex_s02_q0045,f_n3p_knn,Complex,d12_16,True,True,0.0005426281131803989,0,13.102671483327363,13.102671483327361,2.220446049250313e-16,0,0.0,0.17423554341489478,0,0,0,0,False,0,0,,,"{""profile_name"": ""complex_d02"", ""map_seed"": 20380621, ""query_seed"": 20381621}"
complex_s02_q0045,n3p_k1,Complex,d12_16,True,True,0.0005231101531535387,0,13.102671483327363,13.102671483327361,2.220446049250313e-16,0,0.0,0.17423554341489478,0,0,0,0,False,0,0,,,"{""profile_name"": ""complex_d02"", ""map_seed"": 20380621, ""query_seed"": 20381621}"
complex_s02_q0045,voronoi_waypoint,Complex,d12_16,True,True,0.47439904301427305,3,13.2242337708319,13.102671483327361,0.009277671935774334,0,0.1303420894597202,0.17358805461605653,0,0,0,0,False,,,,,"{""profile_name"": ""complex_d02"", ""map_seed"": 20380621, ""query_seed"": 20381621, ""waypoint_count"": 2}"
complex_s02_q0045,bottleneck_waypoint,Complex,d12_16,True,True,0.7620333719532937,5,13.584778270226645,13.102671483327361,0.03679454128974724,0,0.21729063390849576,0.1597196784678987,0,0,0,0,False,,,,,"{""profile_name"": ""complex_d02"", ""map_seed"": 20380621, ""query_seed"": 20381621, ""waypoint_count"": 4, ""bottleneck_count"": 4}"
complex_s02_q0046,vanilla_ha,Complex,d16_20,True,False,1.8152236938476562,2599,18.374591903502683,,,0,0.16156229625853175,-0.01949471521824997,9,0,0,0,False,,,,,"{""profile_name"": ""complex_d02"", ""map_seed"": 20380621, ""query_seed"": 20381622}"
complex_s02_q0046,f_n3p_knn,Complex,d16_20,True,True,0.31427044211886823,2,18.17401458072201,,,0,0.06846471804612238,0.0900809353246863,0,4,0,0,True,0,2,0.0,,"{""profile_name"": ""complex_d02"", ""map_seed"": 20380621, ""query_seed"": 20381622}"
complex_s02_q0046,n3p_k1,Complex,d16_20,True,True,0.6894700429402292,573,18.41311829630374,,,0,0.14761997385806708,0.07410965659048252,0,0,2,0,True,0,0,,,"{""profile_name"": ""complex_d02"", ""map_seed"": 20380621, ""query_seed"": 20381622}"
complex_s02_q0046,voronoi_waypoint,Complex,d16_20,True,True,0.6275212680920959,10,20.00760497635738,,,0,0.29085644311344516,0.1207173940313283,0,0,0,0,False,,,,,"{""profile_name"": ""complex_d02"", ""map_seed"": 20380621, ""query_seed"": 20381622, ""waypoint_count"": 3}"
complex_s02_q0046,bottleneck_waypoint,Complex,d16_20,True,True,0.4848268951755017,3,19.04824808858889,,,0,0.20808535330238423,0.3260511434896082,0,0,0,0,False,,,,,"{""profile_name"": ""complex_d02"", ""map_seed"": 20380621, ""query_seed"": 20381622, ""waypoint_count"": 2, ""bottleneck_count"": 2}"
complex_s02_q0047,vanilla_ha,Complex,d20_inf,True,True,0.17283320426940918,57,21.31980059910989,,,0,0.11373730553963757,0.15965208879010184,0,0,0,0,False,,,,,"{""profile_name"": ""complex_d02"", ""map_seed"": 20380621, ""query_seed"": 20381623}"
complex_s02_q0047,f_n3p_knn,Complex,d20_inf,True,True,0.4618495129980147,3,22.50387787908161,21.31980059910989,0.055538853399086596,0,0.09770803853877338,0.09556606065581097,0,4,0,0,True,0,3,0.0,,"{""profile_name"": ""complex_d02"", ""map_seed"": 20380621, ""query_seed"": 20381623}"
complex_s02_q0047,n3p_k1,Complex,d20_inf,True,True,0.3219537890981883,32,21.24796790267784,21.31980059910989,-0.003369294947113577,0,0.12570466888173082,0.1390538165368671,0,0,2,0,True,0,0,,,"{""profile_name"": ""complex_d02"", ""map_seed"": 20380621, ""query_seed"": 20381623}"
complex_s02_q0047,voronoi_waypoint,Complex,d20_inf,True,True,0.7656738450750709,5,23.46773085677026,21.31980059910989,0.10074814009986777,0,0.26253358522366105,0.06672899156391143,0,0,0,0,False,,,,,"{""profile_name"": ""complex_d02"", ""map_seed"": 20380621, ""query_seed"": 20381623, ""waypoint_count"": 4}"
complex_s02_q0047,bottleneck_waypoint,Complex,d20_inf,True,True,0.7641363719012588,5,23.142079460326638,21.31980059910989,0.08547354149704511,0,0.20522583592787166,0.5516478360853436,0,0,0,0,False,,,,,"{""profile_name"": ""complex_d02"", ""map_seed"": 20380621, ""query_seed"": 20381623, ""waypoint_count"": 4, ""bottleneck_count"": 4}"
complex_s02_q0048,vanilla_ha,Complex,d08_12,True,True,0.1467456817626953,1,8.16333265278342,,,0,0.0,0.43994069186218776,0,0,0,0,False,,,,,"{""profile_name"": ""complex_d02"", ""map_seed"": 20380621, ""query_seed"": 20381624}"
complex_s02_q0048,f_n3p_knn,Complex,d08_12,True,True,0.0003799989353865385,0,8.16333265278342,8.16333265278342,0.0,0,0.0,0.439940691862187,0,0,0,0,False,0,0,,,"{""profile_name"": ""complex_d02"", ""map_seed"": 20380621, ""query_seed"": 20381624}"
complex_s02_q0048,n3p_k1,Complex,d08_12,True,True,0.00036742212250828743,0,8.16333265278342,8.16333265278342,0.0,0,0.0,0.439940691862187,0,0,0,0,False,0,0,,,"{""profile_name"": ""complex_d02"", ""map_seed"": 20380621, ""query_seed"": 20381624}"
complex_s02_q0048,voronoi_waypoint,Complex,d08_12,True,True,0.3289181301370263,2,8.193510280373863,8.16333265278342,0.0036967288819416133,0,0.09168277920332918,0.5068194850457144,0,0,0,0,False,,,,,"{""profile_name"": ""complex_d02"", ""map_seed"": 20380621, ""query_seed"": 20381624, ""waypoint_count"": 1}"
complex_s02_q0048,bottleneck_waypoint,Complex,d08_12,True,True,0.32989993691444397,2,8.350492574964465,8.16333265278342,0.022926901321022264,0,0.16336302172523173,0.8646798255962795,0,0,0,0,False,,,,,"{""profile_name"": ""complex_d02"", ""map_seed"": 20380621, ""query_seed"": 20381624, ""waypoint_count"": 1, ""bottleneck_count"": 1}"
complex_s02_q0049,vanilla_ha,Complex,d12_16,True,True,0.16800451278686523,41,15.772674710664656,,,0,0.11792748937068241,0.08319989919426807,0,0,0,0,False,,,,,"{""profile_name"": ""complex_d02"", ""map_seed"": 20380621, ""query_seed"": 20381625}"
complex_s02_q0049,f_n3p_knn,Complex,d12_16,True,True,0.15961815183982253,1,15.661545448365713,15.772674710664656,-0.007045682760692729,0,0.03843901577283757,0.13438754081205073,0,0,0,0,False,1,1,1.0,,"{""profile_name"": ""complex_d02"", ""map_seed"": 20380621, ""query_seed"": 20381625}"
complex_s02_q0049,n3p_k1,Complex,d12_16,True,True,0.15852945810183883,1,15.661545448365713,15.772674710664656,-0.007045682760692729,0,0.03843901577283757,0.13438754081205073,0,0,0,0,False,1,1,1.0,,"{""profile_name"": ""complex_d02"", ""map_seed"": 20380621, ""query_seed"": 20381625}"
complex_s02_q0049,voronoi_waypoint,Complex,d12_16,True,True,0.7034633150324225,112,18.473291915193613,15.772674710664656,0.17122125790769904,0,0.3985904708264969,0.05478420682877916,0,0,0,0,False,,,,,"{""profile_name"": ""complex_d02"", ""map_seed"": 20380621, ""query_seed"": 20381625, ""waypoint_count"": 3}"
complex_s02_q0049,bottleneck_waypoint,Complex,d12_16,True,True,0.6264140789862722,4,17.956303399150098,15.772674710664656,0.1384437787846462,3,0.2692915716975077,0.05526894639085361,0,0,0,0,False,,,,,"{""profile_name"": ""complex_d02"", ""map_seed"": 20380621, ""query_seed"": 20381625, ""waypoint_count"": 3, ""bottleneck_count"": 3}"
complex_s02_q0050,vanilla_ha,Complex,d16_20,True,True,0.3877072334289551,463,18.501991221107357,,,0,0.12722781573971476,0.07893038458665114,0,0,0,0,False,,,,,"{""profile_name"": ""complex_d02"", ""map_seed"": 20380622, ""query_seed"": 20381622}"
complex_s02_q0050,f_n3p_knn,Complex,d16_20,True,True,0.15678437217138708,1,18.073483248638166,18.501991221107357,-0.023160100302087594,0,0.00994708256788141,0.09076754413707455,0,0,0,0,False,1,1,1.0,,"{""profile_name"": ""complex_d02"", ""map_seed"": 20380622, ""query_seed"": 20381622}"
complex_s02_q0050,n3p_k1,Complex,d16_20,True,True,0.15761035704053938,1,18.073483248638166,18.501991221107357,-0.023160100302087594,0,0.00994708256788141,0.09076754413707455,0,0,0,0,False,1,1,1.0,,"{""profile_name"": ""complex_d02"", ""map_seed"": 20380622, ""query_seed"": 20381622}"
complex_s02_q0050,voronoi_waypoint,Complex,d16_20,True,True,0.6157732589635998,4,19.382184673146636,18.501991221107357,0.04757290399290315,0,0.2504250871487885,0.14551281646657666,0,0,0,0,False,,,,,"{""profile_name"": ""complex_d02"", ""map_seed"": 20380622, ""query_seed"": 20381622, ""waypoint_count"": 3}"
complex_s02_q0050,bottleneck_waypoint,Complex,d16_20,True,True,0.6174840449821204,4,18.55882404638557,18.501991221107357,0.003071713990079994,0,0.17487598682678876,0.37495218475169634,0,0,0,0,False,,,,,"{""profile_name"": ""complex_d02"", ""map_seed"": 20380622, ""query_seed"": 20381622, ""waypoint_count"": 3, ""bottleneck_count"": 3}"
complex_s02_q0051,vanilla_ha,Complex,d20_inf,True,True,0.2322688102722168,161,21.108181289514906,,,0,0.15625093479598565,0.17604363192050154,0,0,0,0,False,,,,,"{""profile_name"": ""complex_d02"", ""map_seed"": 20380622, ""query_seed"": 20381623}"
complex_s02_q0051,f_n3p_knn,Complex,d20_inf,True,True,0.15708020399324596,1,21.0245244870938,21.108181289514906,-0.003963240663593437,0,0.04313558038053726,0.2249076574930099,0,0,0,0,False,1,1,1.0,,"{""profile_name"": ""complex_d02"", ""map_seed"": 20380622, ""query_seed"": 20381623}"
complex_s02_q0051,n3p_k1,Complex,d20_inf,True,True,0.1584080399479717,1,21.0245244870938,21.108181289514906,-0.003963240663593437,0,0.04313558038053726,0.2249076574930099,0,0,0,0,False,1,1,1.0,,"{""profile_name"": ""complex_d02"", ""map_seed"": 20380622, ""query_seed"": 20381623}"
complex_s02_q0051,voronoi_waypoint,Complex,d20_inf,True,True,0.6228317390196025,4,22.554486072533948,21.108181289514906,0.06851868302540431,0,0.2778405903769751,0.2484155336389372,0,0,0,0,False,,,,,"{""profile_name"": ""complex_d02"", ""map_seed"": 20380622, ""query_seed"": 20381623, ""waypoint_count"": 3}"
complex_s02_q0051,bottleneck_waypoint,Complex,d20_inf,True,True,0.7670417609624565,5,22.493160188903392,21.108181289514906,0.06561336954579056,0,0.21978462639404092,0.2484155336389372,0,0,0,0,False,,,,,"{""profile_name"": ""complex_d02"", ""map_seed"": 20380622, ""query_seed"": 20381623, ""waypoint_count"": 4, ""bottleneck_count"": 4}"
complex_s02_q0052,vanilla_ha,Complex,d08_12,True,True,0.1692359447479248,37,11.486008643239975,,,0,0.08346657566162571,0.14647882380407717,0,0,0,0,False,,,,,"{""profile_name"": ""complex_d02"", ""map_seed"": 20380622, ""query_seed"": 20381624}"
complex_s02_q0052,f_n3p_knn,Complex,d08_12,True,True,0.15462747984565794,1,11.463892426724236,11.486008643239975,-0.0019254918921514097,0,0.021631892949795072,0.16812312015456188,0,1,0,0,True,0,1,0.0,,"{""profile_name"": ""complex_d02"", ""map_seed"": 20380622, ""query_seed"": 20381624}"
complex_s02_q0052,n3p_k1,Complex,d08_12,True,True,0.1774004651233554,34,11.848534939952316,11.486008643239975,0.03156242590203018,0,0.25010561948347887,0.14084751281333263,0,0,1,0,True,0,0,,,"{""profile_name"": ""complex_d02"", ""map_seed"": 20380622, ""query_seed"": 20381624}"
complex_s02_q0052,voronoi_waypoint,Complex,d08_12,True,True,0.33266373514197767,2,11.635234011820378,11.486008643239975,0.012991925499570955,0,0.11444347741841265,0.24251017213487658,0,0,0,0,False,,,,,"{""profile_name"": ""complex_d02"", ""map_seed"": 20380622, ""query_seed"": 20381624, ""waypoint_count"": 1}"
complex_s02_q0052,bottleneck_waypoint,Complex,d08_12,True,True,0.4743544259108603,3,11.93417206225678,11.486008643239975,0.03901820318414684,0,0.17031590813644457,1.2353325535738562,0,0,0,0,False,,,,,"{""profile_name"": ""complex_d02"", ""map_seed"": 20380622, ""query_seed"": 20381624, ""waypoint_count"": 2, ""bottleneck_count"": 2}"
complex_s02_q0053,vanilla_ha,Complex,d12_16,True,False,1.9311707019805908,2665,13.852789256241467,,,0,0.24224707835219358,0.03679716816798034,5,0,0,0,False,,,,,"{""profile_name"": ""complex_d02"", ""map_seed"": 20380622, ""query_seed"": 20381625}"
complex_s02_q0053,f_n3p_knn,Complex,d12_16,True,True,1.010630978969857,635,14.504289936572745,,,0,0.33742941838845575,0.05653605060311506,0,8,2,0,True,1,1,1.0,,"{""profile_name"": ""complex_d02"", ""map_seed"": 20380622, ""query_seed"": 20381625}"
complex_s02_q0053,n3p_k1,Complex,d12_16,True,True,1.0066106379963458,635,14.504289936572745,,,0,0.33742941838845575,0.05653605060311506,0,0,2,0,True,1,1,1.0,,"{""profile_name"": ""complex_d02"", ""map_seed"": 20380622, ""query_seed"": 20381625}"
complex_s02_q0053,voronoi_waypoint,Complex,d12_16,True,True,0.498324329033494,25,15.923135219404857,,,4,0.36490243136318445,0.05653605060311506,0,0,0,0,False,,,,,"{""profile_name"": ""complex_d02"", ""map_seed"": 20380622, ""query_seed"": 20381625, ""waypoint_count"": 2}"
complex_s02_q0053,bottleneck_waypoint,Complex,d12_16,True,True,0.6289924108423293,12,17.044352959660092,,,1,0.29175476062988115,0.08678516968025163,0,0,0,0,False,,,,,"{""profile_name"": ""complex_d02"", ""map_seed"": 20380622, ""query_seed"": 20381625, ""waypoint_count"": 3, ""bottleneck_count"": 3}"
complex_s02_q0054,vanilla_ha,Complex,d16_20,True,True,0.257582426071167,211,17.258228775009908,,,0,0.21333125508579975,0.07187953829957194,0,0,0,0,False,,,,,"{""profile_name"": ""complex_d02"", ""map_seed"": 20380622, ""query_seed"": 20381626}"
complex_s02_q0054,f_n3p_knn,Complex,d16_20,True,True,0.5306207479443401,91,17.253049597885887,17.258228775009908,-0.0003000989957625544,0,0.19830196158115979,0.06980021893732902,0,9,2,0,True,0,1,0.0,,"{""profile_name"": ""complex_d02"", ""map_seed"": 20380622, ""query_seed"": 20381626}"
complex_s02_q0054,n3p_k1,Complex,d16_20,True,True,0.501570870866999,57,17.535417334179574,17.258228775009908,0.016061240280406786,0,0.20059451163122938,0.0759963249340021,0,0,2,0,True,1,1,1.0,,"{""profile_name"": ""complex_d02"", ""map_seed"": 20380622, ""query_seed"": 20381626}"
complex_s02_q0054,voronoi_waypoint,Complex,d16_20,True,True,0.6092123039998114,4,19.041959186169994,17.258228775009908,0.10335535786516781,0,0.2489980182489406,0.4875679929141312,0,0,0,0,False,,,,,"{""profile_name"": ""complex_d02"", ""map_seed"": 20380622, ""query_seed"": 20381626, ""waypoint_count"": 3}"
complex_s02_q0054,bottleneck_waypoint,Complex,d16_20,True,True,0.6125013981945813,4,18.299555849413743,17.258228775009908,0.0603380038577126,0,0.213233838611347,0.7027508906865996,0,0,0,0,False,,,,,"{""profile_name"": ""complex_d02"", ""map_seed"": 20380622, ""query_seed"": 20381626, ""waypoint_count"": 3, ""bottleneck_count"": 3}"
complex_s02_q0055,vanilla_ha,Complex,d20_inf,False,False,2.500211715698242,4310,,,,0,,,0,0,0,0,False,,,,timeout,"{""profile_name"": ""complex_d02"", ""map_seed"": 20380623, ""query_seed"": 20381623}"
complex_s02_q0055,f_n3p_knn,Complex,d20_inf,False,False,3.5176008858252317,6227,,,,0,,,0,4,1,1,True,0,0,,f2_failed:prediction:goal_in_collision;goal:timeout;f3_failed:timeout,"{""profile_name"": ""complex_d02"", ""map_seed"": 20380623, ""query_seed"": 20381623}"
complex_s02_q0055,n3p_k1,Complex,d20_inf,False,False,3.5147744708228856,6226,,,,0,,,0,0,1,1,True,0,0,,f2_failed:prediction:goal_in_collision;goal:timeout;f3_failed:timeout,"{""profile_name"": ""complex_d02"", ""map_seed"": 20380623, ""query_seed"": 20381623}"
complex_s02_q0055,voronoi_waypoint,Complex,d20_inf,True,True,0.7543129690457135,5,22.464315200662554,,,0,0.24982997755731265,0.18365506875235205,0,0,0,0,False,,,,,"{""profile_name"": ""complex_d02"", ""map_seed"": 20380623, ""query_seed"": 20381623, ""waypoint_count"": 4}"
complex_s02_q0055,bottleneck_waypoint,Complex,d20_inf,True,True,0.7577096191234887,5,22.53349169626616,,,0,0.2228607731023146,0.18365506875235205,0,0,0,0,False,,,,,"{""profile_name"": ""complex_d02"", ""map_seed"": 20380623, ""query_seed"": 20381623, ""waypoint_count"": 4, ""bottleneck_count"": 4}"
complex_s02_q0056,vanilla_ha,Complex,d08_12,True,True,0.15181565284729004,9,11.856237188553584,,,0,0.054246941248571434,0.07620076499526462,0,0,0,0,False,,,,,"{""profile_name"": ""complex_d02"", ""map_seed"": 20380623, ""query_seed"": 20381624}"
complex_s02_q0056,f_n3p_knn,Complex,d08_12,True,True,0.15562424389645457,1,11.88537669748316,11.856237188553584,0.002457736671944266,0,0.033151197961737704,0.11809113055509268,0,0,0,0,False,1,1,1.0,,"{""profile_name"": ""complex_d02"", ""map_seed"": 20380623, ""query_seed"": 20381624}"
complex_s02_q0056,n3p_k1,Complex,d08_12,True,True,0.1554562950041145,1,11.88537669748316,11.856237188553584,0.002457736671944266,0,0.033151197961737704,0.11809113055509268,0,0,0,0,False,1,1,1.0,,"{""profile_name"": ""complex_d02"", ""map_seed"": 20380623, ""query_seed"": 20381624}"
complex_s02_q0056,voronoi_waypoint,Complex,d08_12,True,True,0.4740568751003593,3,12.581948229748395,11.856237188553584,0.06120922090656533,0,0.21209997567240677,0.13409152467568908,0,0,0,0,False,,,,,"{""profile_name"": ""complex_d02"", ""map_seed"": 20380623, ""query_seed"": 20381624, ""waypoint_count"": 2}"
complex_s02_q0056,bottleneck_waypoint,Complex,d08_12,True,True,0.4738955539651215,3,13.154651478257016,11.856237188553584,0.10951318441545399,3,0.15134377342828245,0.18861516841946435,0,0,0,0,False,,,,,"{""profile_name"": ""complex_d02"", ""map_seed"": 20380623, ""query_seed"": 20381624, ""waypoint_count"": 2, ""bottleneck_count"": 2}"
complex_s02_q0057,vanilla_ha,Complex,d12_16,True,True,0.14565300941467285,1,14.920120642943875,,,0,0.0,0.3666630629672568,0,0,0,0,False,,,,,"{""profile_name"": ""complex_d02"", ""map_seed"": 20380623, ""query_seed"": 20381625}"
complex_s02_q0057,f_n3p_knn,Complex,d12_16,True,True,0.0006764631252735853,0,14.920120642943873,14.920120642943875,-1.1102230246251565e-16,0,2.9764451674195064e-17,0.3666630629672558,0,0,0,0,False,0,0,,,"{""profile_name"": ""complex_d02"", ""map_seed"": 20380623, ""query_seed"": 20381625}"
complex_s02_q0057,n3p_k1,Complex,d12_16,True,True,0.0005917560774832964,0,14.920120642943873,14.920120642943875,-1.1102230246251565e-16,0,2.9764451674195064e-17,0.3666630629672558,0,0,0,0,False,0,0,,,"{""profile_name"": ""complex_d02"", ""map_seed"": 20380623, ""query_seed"": 20381625}"
complex_s02_q0057,voronoi_waypoint,Complex,d12_16,True,True,0.4736741539090872,3,15.82323267696759,14.920120642943875,0.06052980774326522,0,0.1343852088858711,0.3163667472099613,0,0,0,0,False,,,,,"{""profile_name"": ""complex_d02"", ""map_seed"": 20380623, ""query_seed"": 20381625, ""waypoint_count"": 2}"
complex_s02_q0057,bottleneck_waypoint,Complex,d12_16,True,True,0.47428513783961535,3,15.936700861546623,14.920120642943875,0.06813485245399242,0,0.1971294235163877,0.366375114617722,0,0,0,0,False,,,,,"{""profile_name"": ""complex_d02"", ""map_seed"": 20380623, ""query_seed"": 20381625, ""waypoint_count"": 2, ""bottleneck_count"": 2}"
complex_s02_q0058,vanilla_ha,Complex,d16_20,True,False,0.2146139144897461,120,19.264866724749155,,,0,0.13951515850079613,0.010986976242026547,5,0,0,0,False,,,,,"{""profile_name"": ""complex_d02"", ""map_seed"": 20380623, ""query_seed"": 20381626}"
complex_s02_q0058,f_n3p_knn,Complex,d16_20,True,True,0.30679205199703574,2,19.720820368373502,,,0,0.07722953670180296,0.1944975967222341,0,1,0,0,True,1,2,0.5,,"{""profile_name"": ""complex_d02"", ""map_seed"": 20380623, ""query_seed"": 20381626}"
complex_s02_q0058,n3p_k1,Complex,d16_20,True,True,0.32491015712730587,26,19.249251694077074,,,0,0.11756059313239935,0.0734765198144317,0,0,1,0,True,1,1,1.0,,"{""profile_name"": ""complex_d02"", ""map_seed"": 20380623, ""query_seed"": 20381626}"
complex_s02_q0058,voronoi_waypoint,Complex,d16_20,True,True,0.6188257141038775,13,19.45079915265906,,,0,0.12007223135999916,0.10533204271223451,0,0,0,0,False,,,,,"{""profile_name"": ""complex_d02"", ""map_seed"": 20380623, ""query_seed"": 20381626, ""waypoint_count"": 3}"
complex_s02_q0058,bottleneck_waypoint,Complex,d16_20,True,True,0.4729365040548146,3,19.391411958207396,,,0,0.07924870704836359,0.2908595394097524,0,0,0,0,False,,,,,"{""profile_name"": ""complex_d02"", ""map_seed"": 20380623, ""query_seed"": 20381626, ""waypoint_count"": 2, ""bottleneck_count"": 2}"
complex_s02_q0059,vanilla_ha,Complex,d20_inf,False,False,2.500067710876465,5687,,,,0,,,0,0,0,0,False,,,,timeout,"{""profile_name"": ""complex_d02"", ""map_seed"": 20380623, ""query_seed"": 20381627}"
complex_s02_q0059,f_n3p_knn,Complex,d20_inf,True,True,0.8995963949710131,205,32.04247052939349,,,0,0.12240518048598478,0.10055793902501953,0,6,1,0,True,2,4,0.5,,"{""profile_name"": ""complex_d02"", ""map_seed"": 20380623, ""query_seed"": 20381627}"
complex_s02_q0059,n3p_k1,Complex,d20_inf,True,True,1.2377249291166663,979,31.563889249037988,,,0,0.1252904234825474,0.07375307760941341,0,0,2,0,True,1,1,1.0,,"{""profile_name"": ""complex_d02"", ""map_seed"": 20380623, ""query_seed"": 20381627}"
complex_s02_q0059,voronoi_waypoint,Complex,d20_inf,True,True,1.0455095849465579,7,33.260530168963946,,,0,0.16157917906863173,0.378951778306885,0,0,0,0,False,,,,,"{""profile_name"": ""complex_d02"", ""map_seed"": 20380623, ""query_seed"": 20381627, ""waypoint_count"": 6}"
complex_s02_q0059,bottleneck_waypoint,Complex,d20_inf,True,True,1.1933920281007886,8,32.80101840444151,,,0,0.14662716344912474,0.2704569030482701,0,0,0,0,False,,,,,"{""profile_name"": ""complex_d02"", ""map_seed"": 20380623, ""query_seed"": 20381627, ""waypoint_count"": 7, ""bottleneck_count"": 7}"
complex_s03_q0060,vanilla_ha,Complex,d08_12,True,True,0.14663219451904297,1,10.07174264961134,,,0,0.0,0.0913242914187048,0,0,0,0,False,,,,,"{""profile_name"": ""complex_d02"", ""map_seed"": 20390620, ""query_seed"": 20391620}"
complex_s03_q0060,f_n3p_knn,Complex,d08_12,True,True,0.000466024037450552,0,10.07174264961134,10.07174264961134,0.0,0,4.4092589068208624e-17,0.0913242914187048,0,0,0,0,False,0,0,,,"{""profile_name"": ""complex_d02"", ""map_seed"": 20390620, ""query_seed"": 20391620}"
complex_s03_q0060,n3p_k1,Complex,d08_12,True,True,0.0004512229934334755,0,10.07174264961134,10.07174264961134,0.0,0,4.4092589068208624e-17,0.0913242914187048,0,0,0,0,False,0,0,,,"{""profile_name"": ""complex_d02"", ""map_seed"": 20390620, ""query_seed"": 20391620}"
complex_s03_q0060,voronoi_waypoint,Complex,d08_12,True,True,0.3319992159958929,2,10.499985309154892,10.07174264961134,0.042519221791283535,0,0.14610727095843984,0.0913242914187048,0,0,0,0,False,,,,,"{""profile_name"": ""complex_d02"", ""map_seed"": 20390620, ""query_seed"": 20391620, ""waypoint_count"": 1}"
complex_s03_q0060,bottleneck_waypoint,Complex,d08_12,True,True,0.47908952087163925,3,10.73973842533315,10.07174264961134,0.06632375339212904,0,0.2898128018918998,0.0913242914187048,0,0,0,0,False,,,,,"{""profile_name"": ""complex_d02"", ""map_seed"": 20390620, ""query_seed"": 20391620, ""waypoint_count"": 2, ""bottleneck_count"": 2}"
complex_s03_q0061,vanilla_ha,Complex,d12_16,True,True,0.16276860237121582,25,13.611564581168258,,,0,0.09480211758959278,0.26732260980101585,0,0,0,0,False,,,,,"{""profile_name"": ""complex_d02"", ""map_seed"": 20390620, ""query_seed"": 20391621}"
complex_s03_q0061,f_n3p_knn,Complex,d12_16,True,True,0.2758959869388491,201,13.799149353750444,13.611564581168258,0.013781279254385659,0,0.12201133062975003,0.06325305432933492,0,4,1,0,True,0,0,,,"{""profile_name"": ""complex_d02"", ""map_seed"": 20390620, ""query_seed"": 20391621}"
complex_s03_q0061,n3p_k1,Complex,d12_16,True,True,0.2756214870605618,201,13.799149353750444,13.611564581168258,0.013781279254385659,0,0.12201133062975003,0.06325305432933492,0,0,1,0,True,0,0,,,"{""profile_name"": ""complex_d02"", ""map_seed"": 20390620, ""query_seed"": 20391621}"
complex_s03_q0061,voronoi_waypoint,Complex,d12_16,True,True,0.481563022127375,3,14.644754181557378,13.611564581168258,0.07590527850255713,0,0.2379159582164316,0.6335738547603293,0,0,0,0,False,,,,,"{""profile_name"": ""complex_d02"", ""map_seed"": 20390620, ""query_seed"": 20391621, ""waypoint_count"": 2}"
complex_s03_q0061,bottleneck_waypoint,Complex,d12_16,True,True,0.6255137240514159,4,15.430658960725596,13.611564581168258,0.1336432978523332,0,0.30956344330928837,0.6335738547603351,0,0,0,0,False,,,,,"{""profile_name"": ""complex_d02"", ""map_seed"": 20390620, ""query_seed"": 20391621, ""waypoint_count"": 3, ""bottleneck_count"": 3}"
complex_s03_q0062,vanilla_ha,Complex,d16_20,False,False,2.5003559589385986,4469,,,,0,,,0,0,0,0,False,,,,timeout,"{""profile_name"": ""complex_d02"", ""map_seed"": 20390620, ""query_seed"": 20391622}"
complex_s03_q0062,f_n3p_knn,Complex,d16_20,False,False,3.514216792071238,6337,,,,0,,,0,4,1,1,True,0,0,,f2_failed:prediction:goal_in_collision;goal:timeout;f3_failed:timeout,"{""profile_name"": ""complex_d02"", ""map_seed"": 20390620, ""query_seed"": 20391622}"
complex_s03_q0062,n3p_k1,Complex,d16_20,False,False,3.514030736172572,6392,,,,0,,,0,0,1,1,True,0,0,,f2_failed:prediction:goal_in_collision;goal:timeout;f3_failed:timeout,"{""profile_name"": ""complex_d02"", ""map_seed"": 20390620, ""query_seed"": 20391622}"
complex_s03_q0062,voronoi_waypoint,Complex,d16_20,True,True,0.7595804540906101,5,22.165054689362638,,,0,0.22353438283123342,0.22316658599587225,0,0,0,0,False,,,,,"{""profile_name"": ""complex_d02"", ""map_seed"": 20390620, ""query_seed"": 20391622, ""waypoint_count"": 4}"
complex_s03_q0062,bottleneck_waypoint,Complex,d16_20,True,True,0.7596099129877985,5,21.681004086036232,,,0,0.2396494196232847,0.4451471913280367,0,0,0,0,False,,,,,"{""profile_name"": ""complex_d02"", ""map_seed"": 20390620, ""query_seed"": 20391622, ""waypoint_count"": 4, ""bottleneck_count"": 4}"
complex_s03_q0063,vanilla_ha,Complex,d20_inf,True,True,1.9474916458129883,3553,20.403683882977884,,,0,0.08370723000754823,0.07687301308893857,0,0,0,0,False,,,,,"{""profile_name"": ""complex_d02"", ""map_seed"": 20390620, ""query_seed"": 20391623}"
complex_s03_q0063,f_n3p_knn,Complex,d20_inf,True,True,0.46848984179086983,3,20.58958413269826,20.403683882977884,0.00911111203185544,0,0.09695426182696798,0.19272929894463808,0,7,0,0,True,0,3,0.0,,"{""profile_name"": ""complex_d02"", ""map_seed"": 20390620, ""query_seed"": 20391623}"
complex_s03_q0063,n3p_k1,Complex,d20_inf,True,True,1.7655027229338884,1232,20.27543938337294,20.403683882977884,-0.006285360052648792,0,0.14977917691715736,0.08511407463643994,0,0,2,0,True,1,1,1.0,,"{""profile_name"": ""complex_d02"", ""map_seed"": 20390620, ""query_seed"": 20391623}"
complex_s03_q0063,voronoi_waypoint,Complex,d20_inf,True,True,0.7647172450087965,5,23.994096439871136,20.403683882977884,0.1759688386413698,0,0.23477752622954456,0.2703402220657164,0,0,0,0,False,,,,,"{""profile_name"": ""complex_d02"", ""map_seed"": 20390620, ""query_seed"": 20391623, ""waypoint_count"": 4}"
complex_s03_q0063,bottleneck_waypoint,Complex,d20_inf,True,True,0.6906420160084963,66,21.45637956843529,20.403683882977884,0.05159341281187135,0,0.22288790525132243,0.0972803299966648,0,0,0,0,False,,,,,"{""profile_name"": ""complex_d02"", ""map_seed"": 20390620, ""query_seed"": 20391623, ""waypoint_count"": 3, ""bottleneck_count"": 3}"
complex_s03_q0064,vanilla_ha,Complex,d08_12,True,True,0.14198708534240723,1,9.144397191723467,,,0,0.0,0.35334599027692215,0,0,0,0,False,,,,,"{""profile_name"": ""complex_d02"", ""map_seed"": 20390620, ""query_seed"": 20391624}"
complex_s03_q0064,f_n3p_knn,Complex,d08_12,True,True,0.0004092808812856674,0,9.14439719172347,9.144397191723467,4.440892098500626e-16,0,4.8564077056058375e-17,0.35334599027692215,0,0,0,0,False,0,0,,,"{""profile_name"": ""complex_d02"", ""map_seed"": 20390620, ""query_seed"": 20391624}"
complex_s03_q0064,n3p_k1,Complex,d08_12,True,True,0.0004117910284548998,0,9.14439719172347,9.144397191723467,4.440892098500626e-16,0,4.8564077056058375e-17,0.35334599027692215,0,0,0,0,False,0,0,,,"{""profile_name"": ""complex_d02"", ""map_seed"": 20390620, ""query_seed"": 20391624}"
complex_s03_q0064,voronoi_waypoint,Complex,d08_12,True,True,0.3280574909877032,2,9.777468089668846,9.144397191723467,0.06923046808578781,0,0.2751284852617127,0.4051991152991795,0,0,0,0,False,,,,,"{""profile_name"": ""complex_d02"", ""map_seed"": 20390620, ""query_seed"": 20391624, ""waypoint_count"": 1}"
complex_s03_q0064,bottleneck_waypoint,Complex,d08_12,True,True,0.32822177605703473,2,9.370696368319434,9.144397191723467,0.024747303933909226,0,0.19879815343208893,0.40519911529918395,0,0,0,0,False,,,,,"{""profile_name"": ""complex_d02"", ""map_seed"": 20390620, ""query_seed"": 20391624, ""waypoint_count"": 1, ""bottleneck_count"": 1}"
complex_s03_q0065,vanilla_ha,Complex,d12_16,True,False,0.5897212028503418,589,12.962580809165836,,,0,0.18969167455058472,0.04038108169031196,6,0,0,0,False,,,,,"{""profile_name"": ""complex_d02"", ""map_seed"": 20390621, ""query_seed"": 20391621}"
complex_s03_q0065,f_n3p_knn,Complex,d12_16,True,True,0.6131088968832046,165,14.447736959656039,,,2,0.2979121459628906,0.07716836174504982,0,7,1,0,True,1,2,0.5,,"{""profile_name"": ""complex_d02"", ""map_seed"": 20390621, ""query_seed"": 20391621}"
complex_s03_q0065,n3p_k1,Complex,d12_16,True,True,0.5992540761362761,589,12.97928665314522,,,0,0.18944751941294763,0.08832339612530526,0,0,1,0,True,0,0,,,"{""profile_name"": ""complex_d02"", ""map_seed"": 20390621, ""query_seed"": 20391621}"
complex_s03_q0065,voronoi_waypoint,Complex,d12_16,True,True,0.5328089829999954,57,13.666926725113973,,,0,0.47783827508484267,0.08615655055663185,0,0,0,0,False,,,,,"{""profile_name"": ""complex_d02"", ""map_seed"": 20390621, ""query_seed"": 20391621, ""waypoint_count"": 2}"
complex_s03_q0065,bottleneck_waypoint,Complex,d12_16,True,True,0.6280843110289425,4,14.862424772389984,,,4,0.44998110168931316,0.2638505208180174,0,0,0,0,False,,,,,"{""profile_name"": ""complex_d02"", ""map_seed"": 20390621, ""query_seed"": 20391621, ""waypoint_count"": 3, ""bottleneck_count"": 3}"
complex_s03_q0066,vanilla_ha,Complex,d16_20,True,False,0.37854886054992676,461,19.011099467548178,,,1,0.19914347600403015,-0.06585660724036613,10,0,0,0,False,,,,,"{""profile_name"": ""complex_d02"", ""map_seed"": 20390621, ""query_seed"": 20391622}"
complex_s03_q0066,f_n3p_knn,Complex,d16_20,True,True,0.46597499190829694,19,20.65797563459452,,,4,0.28943969519799595,0.07254472256768296,0,9,1,0,True,0,2,0.0,,"{""profile_name"": ""complex_d02"", ""map_seed"": 20390621, ""query_seed"": 20391622}"
complex_s03_q0066,n3p_k1,Complex,d16_20,True,True,0.5019771158695221,43,23.55931148266686,,,2,0.2699462197101985,0.0723401750757442,0,0,1,0,True,2,2,1.0,,"{""profile_name"": ""complex_d02"", ""map_seed"": 20390621, ""query_seed"": 20391622}"
complex_s03_q0066,voronoi_waypoint,Complex,d16_20,True,True,0.617751199984923,8,21.577245073946038,,,1,0.2380914796015033,0.07565698747174476,0,0,0,0,False,,,,,"{""profile_name"": ""complex_d02"", ""map_seed"": 20390621, ""query_seed"": 20391622, ""waypoint_count"": 3}"
complex_s03_q0066,bottleneck_waypoint,Complex,d16_20,True,True,0.4825099150184542,9,21.165552470304142,,,1,0.15127767070633544,0.2201606112156267,0,0,0,0,False,,,,,"{""profile_name"": ""complex_d02"", ""map_seed"": 20390621, ""query_seed"": 20391622, ""waypoint_count"": 2, ""bottleneck_count"": 2}"
complex_s03_q0067,vanilla_ha,Complex,d20_inf,True,False,0.7584075927734375,913,24.064311061571402,,,0,0.29345962872661824,-0.011785501414714128,6,0,0,0,False,,,,,"{""profile_name"": ""complex_d02"", ""map_seed"": 20390621, ""query_seed"": 20391623}"
complex_s03_q0067,f_n3p_knn,Complex,d20_inf,True,True,0.5414635110646486,356,24.12263589692021,,,0,0.35779472573920645,0.07746886393951524,0,5,1,0,True,0,1,0.0,,"{""profile_name"": ""complex_d02"", ""map_seed"": 20390621, ""query_seed"": 20391623}"
complex_s03_q0067,n3p_k1,Complex,d20_inf,True,True,0.7741937621030957,913,24.124485906987267,,,0,0.29272763850462935,0.06729072120932611,0,0,1,0,True,0,0,,,"{""profile_name"": ""complex_d02"", ""map_seed"": 20390621, ""query_seed"": 20391623}"
complex_s03_q0067,voronoi_waypoint,Complex,d20_inf,True,True,0.9002870200201869,194,25.719118453773106,,,2,0.3031612534726338,0.0828734965313711,0,0,0,0,False,,,,,"{""profile_name"": ""complex_d02"", ""map_seed"": 20390621, ""query_seed"": 20391623, ""waypoint_count"": 4}"
complex_s03_q0067,bottleneck_waypoint,Complex,d20_inf,True,True,1.052559677977115,7,24.904481792826555,,,0,0.2368907369128609,0.09473629914741355,0,0,0,0,False,,,,,"{""profile_name"": ""complex_d02"", ""map_seed"": 20390621, ""query_seed"": 20391623, ""waypoint_count"": 6, ""bottleneck_count"": 6}"
complex_s03_q0068,vanilla_ha,Complex,d08_12,True,True,0.1540966033935547,15,11.246352563768239,,,0,0.06747499538180496,0.1058902228691816,0,0,0,0,False,,,,,"{""profile_name"": ""complex_d02"", ""map_seed"": 20390621, ""query_seed"": 20391624}"
complex_s03_q0068,f_n3p_knn,Complex,d08_12,True,True,0.1650167629122734,17,11.54637498106201,11.246352563768239,0.02667730854004491,0,0.15303770012889648,0.10601486951321237,0,4,1,0,True,0,0,,,"{""profile_name"": ""complex_d02"", ""map_seed"": 20390621, ""query_seed"": 20391624}"
complex_s03_q0068,n3p_k1,Complex,d08_12,True,True,0.16358836693689227,17,11.54637498106201,11.246352563768239,0.02667730854004491,0,0.15303770012889648,0.10601486951321237,0,0,1,0,True,0,0,,,"{""profile_name"": ""complex_d02"", ""map_seed"": 20390621, ""query_seed"": 20391624}"
complex_s03_q0068,voronoi_waypoint,Complex,d08_12,True,True,0.4837196220178157,15,11.850403317007796,11.246352563768239,0.053710814223057124,0,0.3019871183445862,0.10601486951321237,0,0,0,0,False,,,,,"{""profile_name"": ""complex_d02"", ""map_seed"": 20390621, ""query_seed"": 20391624, ""waypoint_count"": 2}"
complex_s03_q0068,bottleneck_waypoint,Complex,d08_12,True,True,0.3424461300019175,14,11.38172303879537,11.246352563768239,0.012036833654250456,0,0.13590676728330262,0.10601486951321237,0,0,0,0,False,,,,,"{""profile_name"": ""complex_d02"", ""map_seed"": 20390621, ""query_seed"": 20391624, ""waypoint_count"": 1, ""bottleneck_count"": 1}"
complex_s03_q0069,vanilla_ha,Complex,d12_16,True,True,0.21309781074523926,113,12.820089035921983,,,0,0.07045314662221243,0.05846775164794549,0,0,0,0,False,,,,,"{""profile_name"": ""complex_d02"", ""map_seed"": 20390621, ""query_seed"": 20391625}"
complex_s03_q0069,f_n3p_knn,Complex,d12_16,True,True,0.4636194780468941,3,13.28064674386731,12.820089035921983,0.03592468871743715,0,0.2354410020488237,0.06927366739251783,0,3,0,0,True,2,3,0.6666666666666666,,"{""profile_name"": ""complex_d02"", ""map_seed"": 20390621, ""query_seed"": 20391625}"
complex_s03_q0069,n3p_k1,Complex,d12_16,True,True,0.4702260249760002,8,13.688399772849099,12.820089035921983,0.06773047632462625,0,0.31848765154225506,0.15353517318286936,0,0,1,0,True,2,2,1.0,,"{""profile_name"": ""complex_d02"", ""map_seed"": 20390621, ""query_seed"": 20391625}"
complex_s03_q0069,voronoi_waypoint,Complex,d12_16,True,True,0.4793018519412726,3,14.035035102956545,12.820089035921983,0.09476892583431162,0,0.31179371419083446,0.17800177772508263,0,0,0,0,False,,,,,"{""profile_name"": ""complex_d02"", ""map_seed"": 20390621, ""query_seed"": 20391625, ""waypoint_count"": 2}"
complex_s03_q0069,bottleneck_waypoint,Complex,d12_16,True,True,0.6207651689182967,4,13.827099508523375,12.820089035921983,0.07854941332932563,0,0.2930165551286963,0.17800177772508263,0,0,0,0,False,,,,,"{""profile_name"": ""complex_d02"", ""map_seed"": 20390621, ""query_seed"": 20391625, ""waypoint_count"": 3, ""bottleneck_count"": 3}"
complex_s03_q0070,vanilla_ha,Complex,d16_20,True,True,0.5041193962097168,666,19.604741392115237,,,0,0.22443160135295082,0.0648727305956136,0,0,0,0,False,,,,,"{""profile_name"": ""complex_d02"", ""map_seed"": 20390622, ""query_seed"": 20391622}"
complex_s03_q0070,f_n3p_knn,Complex,d16_20,True,True,0.43888686783611774,176,18.98485241408425,19.604741392115237,-0.03161933971137698,0,0.10777359840337285,0.11162028394082779,0,4,1,0,True,1,1,1.0,,"{""profile_name"": ""complex_d02"", ""map_seed"": 20390622, ""query_seed"": 20391622}"
complex_s03_q0070,n3p_k1,Complex,d16_20,True,True,0.43970212317071855,176,18.98485241408425,19.604741392115237,-0.03161933971137698,0,0.10777359840337285,0.11162028394082779,0,0,1,0,True,1,1,1.0,,"{""profile_name"": ""complex_d02"", ""map_seed"": 20390622, ""query_seed"": 20391622}"
complex_s03_q0070,voronoi_waypoint,Complex,d16_20,True,True,0.6136026720050722,4,20.578695210213738,19.604741392115237,0.04967950347410399,0,0.17101323941261543,0.11036396665244952,0,0,0,0,False,,,,,"{""profile_name"": ""complex_d02"", ""map_seed"": 20390622, ""query_seed"": 20391622, ""waypoint_count"": 3}"
complex_s03_q0070,bottleneck_waypoint,Complex,d16_20,True,True,0.6167053009849042,4,20.409382345541218,19.604741392115237,0.04104318120460371,0,0.14172415551122436,0.21345927513378937,0,0,0,0,False,,,,,"{""profile_name"": ""complex_d02"", ""map_seed"": 20390622, ""query_seed"": 20391622, ""waypoint_count"": 3, ""bottleneck_count"": 3}"
complex_s03_q0071,vanilla_ha,Complex,d20_inf,False,False,2.5003390312194824,3669,,,,0,,,0,0,0,0,False,,,,timeout,"{""profile_name"": ""complex_d02"", ""map_seed"": 20390622, ""query_seed"": 20391623}"
complex_s03_q0071,f_n3p_knn,Complex,d20_inf,True,True,0.6197686470113695,9,30.99200819051042,,,2,0.16170858785755304,0.07956878916160215,0,6,1,0,True,2,3,0.6666666666666666,,"{""profile_name"": ""complex_d02"", ""map_seed"": 20390622, ""query_seed"": 20391623}"
complex_s03_q0071,n3p_k1,Complex,d20_inf,False,False,3.512517119059339,5202,,,,0,,,0,0,1,1,True,0,0,,f2_failed:prediction:goal_in_collision;goal:timeout;f3_failed:timeout,"{""profile_name"": ""complex_d02"", ""map_seed"": 20390622, ""query_seed"": 20391623}"
complex_s03_q0071,voronoi_waypoint,Complex,d20_inf,True,True,1.1261618020944297,306,29.356373534546144,,,2,0.31755798376806044,0.07704010772596592,0,0,0,0,False,,,,,"{""profile_name"": ""complex_d02"", ""map_seed"": 20390622, ""query_seed"": 20391623, ""waypoint_count"": 5}"
complex_s03_q0071,bottleneck_waypoint,Complex,d20_inf,True,True,0.7623869390226901,5,27.252918120883365,,,0,0.22306648601292736,0.2555481739504636,0,0,0,0,False,,,,,"{""profile_name"": ""complex_d02"", ""map_seed"": 20390622, ""query_seed"": 20391623, ""waypoint_count"": 4, ""bottleneck_count"": 4}"
complex_s03_q0072,vanilla_ha,Complex,d08_12,True,True,0.17255258560180664,37,10.072865599466317,,,0,0.26221321699409583,0.055269917622939146,0,0,0,0,False,,,,,"{""profile_name"": ""complex_d02"", ""map_seed"": 20390622, ""query_seed"": 20391624}"
complex_s03_q0072,f_n3p_knn,Complex,d08_12,True,True,0.1565453598741442,1,10.985243166996202,10.072865599466317,0.09057775650041688,0,0.1736193839353364,0.1521156881924728,0,0,0,0,False,1,1,1.0,,"{""profile_name"": ""complex_d02"", ""map_seed"": 20390622, ""query_seed"": 20391624}"
complex_s03_q0072,n3p_k1,Complex,d08_12,True,True,0.1557128659915179,1,10.985243166996202,10.072865599466317,0.09057775650041688,0,0.1736193839353364,0.1521156881924728,0,0,0,0,False,1,1,1.0,,"{""profile_name"": ""complex_d02"", ""map_seed"": 20390622, ""query_seed"": 20391624}"
complex_s03_q0072,voronoi_waypoint,Complex,d08_12,True,True,0.3339214308653027,6,9.97644550311431,10.072865599466317,-0.009572260783179298,0,0.06204874340741908,0.07613011786691315,0,0,0,0,False,,,,,"{""profile_name"": ""complex_d02"", ""map_seed"": 20390622, ""query_seed"": 20391624, ""waypoint_count"": 1}"
complex_s03_q0072,bottleneck_waypoint,Complex,d08_12,True,True,0.4749675700441003,3,11.556787187960792,10.072865599466317,0.14731871222158444,0,0.30043492916665343,0.15211568819247212,0,0,0,0,False,,,,,"{""profile_name"": ""complex_d02"", ""map_seed"": 20390622, ""query_seed"": 20391624, ""waypoint_count"": 2, ""bottleneck_count"": 2}"
complex_s03_q0073,vanilla_ha,Complex,d12_16,True,False,0.381885290145874,393,15.37018140205676,,,0,0.17392342911777914,0.06929742500368008,1,0,0,0,False,,,,,"{""profile_name"": ""complex_d02"", ""map_seed"": 20390622, ""query_seed"": 20391625}"
complex_s03_q0073,f_n3p_knn,Complex,d12_16,True,True,0.3933437380474061,393,15.466297766030387,,,0,0.1728425700867743,0.09637859109633395,0,4,1,0,True,0,0,,,"{""profile_name"": ""complex_d02"", ""map_seed"": 20390622, ""query_seed"": 20391625}"
complex_s03_q0073,n3p_k1,Complex,d12_16,True,True,0.394796903943643,393,15.466297766030387,,,0,0.1728425700867743,0.09637859109633395,0,0,1,0,True,0,0,,,"{""profile_name"": ""complex_d02"", ""map_seed"": 20390622, ""query_seed"": 20391625}"
complex_s03_q0073,voronoi_waypoint,Complex,d12_16,True,True,0.5022286558523774,29,15.39381644637188,,,0,0.23349875527891745,0.06368088011387446,0,0,0,0,False,,,,,"{""profile_name"": ""complex_d02"", ""map_seed"": 20390622, ""query_seed"": 20391625, ""waypoint_count"": 2}"
complex_s03_q0073,bottleneck_waypoint,Complex,d12_16,True,True,0.5270907119847834,222,15.925608523015715,,,2,0.21464406459730062,0.05663386140460691,0,0,0,0,False,,,,,"{""profile_name"": ""complex_d02"", ""map_seed"": 20390622, ""query_seed"": 20391625, ""waypoint_count"": 1, ""bottleneck_count"": 1}"
complex_s03_q0074,vanilla_ha,Complex,d16_20,True,True,1.4779133796691895,2181,20.358203730608114,,,0,0.17457178329311793,0.07544984404713184,0,0,0,0,False,,,,,"{""profile_name"": ""complex_d02"", ""map_seed"": 20390622, ""query_seed"": 20391626}"
complex_s03_q0074,f_n3p_knn,Complex,d16_20,True,True,0.3346137849148363,47,20.028045060303555,20.358203730608114,-0.016217475503900847,0,0.15701527353499878,0.1758153587092499,0,5,1,0,True,0,1,0.0,,"{""profile_name"": ""complex_d02"", ""map_seed"": 20390622, ""query_seed"": 20391626}"
complex_s03_q0074,n3p_k1,Complex,d16_20,True,True,0.33578344201669097,55,20.292347761780576,20.358203730608114,-0.0032348614690659305,0,0.18433975654903204,0.11839093724269778,0,0,2,0,True,0,0,,,"{""profile_name"": ""complex_d02"", ""map_seed"": 20390622, ""query_seed"": 20391626}"
complex_s03_q0074,voronoi_waypoint,Complex,d16_20,True,True,0.6251236470416188,4,21.61816348764465,20.358203730608114,0.061889534740347196,2,0.21311504278652119,0.4305023375812834,0,0,0,0,False,,,,,"{""profile_name"": ""complex_d02"", ""map_seed"": 20390622, ""query_seed"": 20391626, ""waypoint_count"": 3}"
complex_s03_q0074,bottleneck_waypoint,Complex,d16_20,True,True,0.767156396061182,5,20.100258846147156,20.358203730608114,-0.01267031649128958,0,0.1860625285611281,0.5448101908262739,0,0,0,0,False,,,,,"{""profile_name"": ""complex_d02"", ""map_seed"": 20390622, ""query_seed"": 20391626, ""waypoint_count"": 4, ""bottleneck_count"": 4}"
complex_s03_q0075,vanilla_ha,Complex,d20_inf,True,True,0.5760436058044434,619,21.601314867763776,,,0,0.08725826646230592,0.0774664493662075,0,0,0,0,False,,,,,"{""profile_name"": ""complex_d02"", ""map_seed"": 20390623, ""query_seed"": 20391623}"
complex_s03_q0075,f_n3p_knn,Complex,d20_inf,True,True,0.5308039919473231,87,21.589719067308145,21.601314867763776,-0.0005368099361828804,0,0.06237600595169938,0.08346098503686183,0,8,2,0,True,1,1,1.0,,"{""profile_name"": ""complex_d02"", ""map_seed"": 20390623, ""query_seed"": 20391623}"
complex_s03_q0075,n3p_k1,Complex,d20_inf,True,True,0.5290263588540256,87,21.589719067308145,21.601314867763776,-0.0005368099361828804,0,0.06237600595169938,0.08346098503686183,0,0,2,0,True,1,1,1.0,,"{""profile_name"": ""complex_d02"", ""map_seed"": 20390623, ""query_seed"": 20391623}"
complex_s03_q0075,voronoi_waypoint,Complex,d20_inf,True,True,0.7687326818704605,8,23.53123743869538,21.601314867763776,0.08934282856140774,0,0.3247747951116889,0.23071534750921974,0,0,0,0,False,,,,,"{""profile_name"": ""complex_d02"", ""map_seed"": 20390623, ""query_seed"": 20391623, ""waypoint_count"": 4}"
complex_s03_q0075,bottleneck_waypoint,Complex,d20_inf,True,True,0.7679019630886614,5,23.039703574267243,21.601314867763776,0.06658801629941569,0,0.2509855168130318,0.15745914783484882,0,0,0,0,False,,,,,"{""profile_name"": ""complex_d02"", ""map_seed"": 20390623, ""query_seed"": 20391623, ""waypoint_count"": 4, ""bottleneck_count"": 4}"
complex_s03_q0076,vanilla_ha,Complex,d08_12,True,False,0.646747350692749,559,8.854301417110594,,,0,0.3581651047798062,-0.1222653972931545,11,0,0,0,False,,,,,"{""profile_name"": ""complex_d02"", ""map_seed"": 20390623, ""query_seed"": 20391624}"
complex_s03_q0076,f_n3p_knn,Complex,d08_12,True,True,0.4523564961273223,3,9.864145215954073,,,3,0.41025538073881157,0.09666904399355836,0,0,0,0,False,3,3,1.0,,"{""profile_name"": ""complex_d02"", ""map_seed"": 20390623, ""query_seed"": 20391624}"
complex_s03_q0076,n3p_k1,Complex,d08_12,True,True,0.4493329129181802,3,9.864145215954073,,,3,0.41025538073881157,0.09666904399355836,0,0,0,0,False,3,3,1.0,,"{""profile_name"": ""complex_d02"", ""map_seed"": 20390623, ""query_seed"": 20391624}"
complex_s03_q0076,voronoi_waypoint,Complex,d08_12,True,True,0.33968288195319474,12,8.739755493040775,,,0,0.19692025136098384,0.08830350513544705,0,0,0,0,False,,,,,"{""profile_name"": ""complex_d02"", ""map_seed"": 20390623, ""query_seed"": 20391624, ""waypoint_count"": 1}"
complex_s03_q0076,bottleneck_waypoint,Complex,d08_12,True,True,0.3606116590090096,44,10.12814624785765,,,1,0.42500222804391835,0.07195463269387681,0,0,0,0,False,,,,,"{""profile_name"": ""complex_d02"", ""map_seed"": 20390623, ""query_seed"": 20391624, ""waypoint_count"": 1, ""bottleneck_count"": 1}"
complex_s03_q0077,vanilla_ha,Complex,d12_16,True,True,0.4723992347717285,571,12.487400163448097,,,0,0.21621157987543452,0.08545313848072178,0,0,0,0,False,,,,,"{""profile_name"": ""complex_d02"", ""map_seed"": 20390623, ""query_seed"": 20391625}"
complex_s03_q0077,f_n3p_knn,Complex,d12_16,True,True,0.5197829161770642,67,15.428218785420428,12.487400163448097,0.23550287357495026,2,0.33010571767508906,0.0758933044872121,0,8,1,0,True,0,2,0.0,,"{""profile_name"": ""complex_d02"", ""map_seed"": 20390623, ""query_seed"": 20391625}"
complex_s03_q0077,n3p_k1,Complex,d12_16,True,True,0.3443629411049187,54,13.229480606908607,12.487400163448097,0.05942633644692963,0,0.3745367031860115,0.07817834837898618,0,0,2,0,True,0,0,,,"{""profile_name"": ""complex_d02"", ""map_seed"": 20390623, ""query_seed"": 20391625}"
complex_s03_q0077,voronoi_waypoint,Complex,d12_16,True,True,0.46957205585204065,3,13.688802718300193,12.487400163448097,0.09620918198559258,0,0.2546248370163956,0.10648223444845573,0,0,0,0,False,,,,,"{""profile_name"": ""complex_d02"", ""map_seed"": 20390623, ""query_seed"": 20391625, ""waypoint_count"": 2}"
complex_s03_q0077,bottleneck_waypoint,Complex,d12_16,True,True,0.3386275749653578,14,13.190030275729029,12.487400163448097,0.056267125509247506,0,0.1734678273657545,0.12195190033368652,0,0,0,0,False,,,,,"{""profile_name"": ""complex_d02"", ""map_seed"": 20390623, ""query_seed"": 20391625, ""waypoint_count"": 1, ""bottleneck_count"": 1}"
complex_s03_q0078,vanilla_ha,Complex,d16_20,True,False,1.4514963626861572,2467,19.89518749974376,,,0,0.17466493015180543,0.04305542603041018,6,0,0,0,False,,,,,"{""profile_name"": ""complex_d02"", ""map_seed"": 20390623, ""query_seed"": 20391626}"
complex_s03_q0078,f_n3p_knn,Complex,d16_20,True,True,0.5089107500389218,230,19.992179334088252,,,0,0.16005282810517385,0.12512275412783236,0,8,2,0,True,0,0,,,"{""profile_name"": ""complex_d02"", ""map_seed"": 20390623, ""query_seed"": 20391626}"
complex_s03_q0078,n3p_k1,Complex,d16_20,True,True,0.5104875240940601,230,19.992179334088252,,,0,0.16005282810517385,0.12512275412783236,0,0,2,0,True,0,0,,,"{""profile_name"": ""complex_d02"", ""map_seed"": 20390623, ""query_seed"": 20391626}"
complex_s03_q0078,voronoi_waypoint,Complex,d16_20,True,True,0.6174738481640816,4,21.704232316734586,,,0,0.205928566358524,0.3371690613123217,0,0,0,0,False,,,,,"{""profile_name"": ""complex_d02"", ""map_seed"": 20390623, ""query_seed"": 20391626, ""waypoint_count"": 3}"
complex_s03_q0078,bottleneck_waypoint,Complex,d16_20,True,True,0.6215363638475537,4,20.362993209832766,,,0,0.10541607848187483,0.3373774296628862,0,0,0,0,False,,,,,"{""profile_name"": ""complex_d02"", ""map_seed"": 20390623, ""query_seed"": 20391626, ""waypoint_count"": 3, ""bottleneck_count"": 3}"
complex_s03_q0079,vanilla_ha,Complex,d20_inf,True,False,0.7529828548431396,891,28.58066726200898,,,0,0.28907315962747937,0.017093629124246057,7,0,0,0,False,,,,,"{""profile_name"": ""complex_d02"", ""map_seed"": 20390623, ""query_seed"": 20391627}"
complex_s03_q0079,f_n3p_knn,Complex,d20_inf,True,True,0.4679162760730833,3,28.902454181726185,,,0,0.06729453830269491,0.08223901856186822,0,4,0,0,True,2,3,0.6666666666666666,,"{""profile_name"": ""complex_d02"", ""map_seed"": 20390623, ""query_seed"": 20391627}"
complex_s03_q0079,n3p_k1,Complex,d20_inf,True,True,1.7602387140505016,2164,28.635637691857948,,,0,0.28851824005441046,0.07792345961278646,0,0,1,1,True,1,1,1.0,,"{""profile_name"": ""complex_d02"", ""map_seed"": 20390623, ""query_seed"": 20391627}"
complex_s03_q0079,voronoi_waypoint,Complex,d20_inf,True,True,0.9012139132246375,6,29.819119103003032,,,0,0.17836997819829584,0.2509288288392193,0,0,0,0,False,,,,,"{""profile_name"": ""complex_d02"", ""map_seed"": 20390623, ""query_seed"": 20391627, ""waypoint_count"": 5}"
complex_s03_q0079,bottleneck_waypoint,Complex,d20_inf,True,True,0.9036561399698257,6,29.531323224786867,,,0,0.14515376959363022,0.2509288288392195,0,0,0,0,False,,,,,"{""profile_name"": ""complex_d02"", ""map_seed"": 20390623, ""query_seed"": 20391627, ""waypoint_count"": 5, ""bottleneck_count"": 5}"
complex_s04_q0080,vanilla_ha,Complex,d08_12,True,False,0.19883942604064941,92,9.811488863939477,,,1,0.1799885020965883,-0.06735913806807992,9,0,0,0,False,,,,,"{""profile_name"": ""complex_d02"", ""map_seed"": 20400620, ""query_seed"": 20401620}"
complex_s04_q0080,f_n3p_knn,Complex,d08_12,True,True,0.15364157385192811,1,10.29820668488029,,,1,0.1753572981672279,0.1316370089461043,0,3,0,0,True,0,1,0.0,,"{""profile_name"": ""complex_d02"", ""map_seed"": 20400620, ""query_seed"": 20401620}"
complex_s04_q0080,n3p_k1,Complex,d08_12,True,True,0.1561585559975356,7,10.833487783652977,,,1,0.20670782318601308,0.10457897976690977,0,0,1,0,True,0,0,,,"{""profile_name"": ""complex_d02"", ""map_seed"": 20400620, ""query_seed"": 20401620}"
complex_s04_q0080,voronoi_waypoint,Complex,d08_12,True,True,0.3382197201717645,10,12.580942274350786,,,1,0.2985678750586853,0.09864997932663133,0,0,0,0,False,,,,,"{""profile_name"": ""complex_d02"", ""map_seed"": 20400620, ""query_seed"": 20401620, ""waypoint_count"": 1}"
complex_s04_q0080,bottleneck_waypoint,Complex,d08_12,True,True,0.34336726600304246,17,11.913963172934489,,,1,0.25370990441485025,0.13281082085865525,0,0,0,0,False,,,,,"{""profile_name"": ""complex_d02"", ""map_seed"": 20400620, ""query_seed"": 20401620, ""waypoint_count"": 1, ""bottleneck_count"": 1}"
complex_s04_q0081,vanilla_ha,Complex,d12_16,True,False,0.1563396453857422,25,14.426540387576871,,,0,0.12151765630186141,0.02245185104997982,4,0,0,0,False,,,,,"{""profile_name"": ""complex_d02"", ""map_seed"": 20400620, ""query_seed"": 20401621}"
complex_s04_q0081,f_n3p_knn,Complex,d12_16,True,True,0.1556286639533937,1,14.03233600369591,,,0,0.03438241244517492,0.05331154867635157,0,0,0,0,False,1,1,1.0,,"{""profile_name"": ""complex_d02"", ""map_seed"": 20400620, ""query_seed"": 20401621}"
complex_s04_q0081,n3p_k1,Complex,d12_16,True,True,0.15608023200184107,1,14.03233600369591,,,0,0.03438241244517492,0.05331154867635157,0,0,0,0,False,1,1,1.0,,"{""profile_name"": ""complex_d02"", ""map_seed"": 20400620, ""query_seed"": 20401621}"
complex_s04_q0081,voronoi_waypoint,Complex,d12_16,True,True,0.468421523924917,3,14.583928232704023,,,0,0.1012888419541059,0.05331154867635235,0,0,0,0,False,,,,,"{""profile_name"": ""complex_d02"", ""map_seed"": 20400620, ""query_seed"": 20401621, ""waypoint_count"": 2}"
complex_s04_q0081,bottleneck_waypoint,Complex,d12_16,True,True,0.4699752749875188,3,14.227783443654133,,,0,0.11195061679341985,0.05331154867635235,0,0,0,0,False,,,,,"{""profile_name"": ""complex_d02"", ""map_seed"": 20400620, ""query_seed"": 20401621, ""waypoint_count"": 2, ""bottleneck_count"": 2}"
complex_s04_q0082,vanilla_ha,Complex,d16_20,True,True,0.20305752754211426,99,17.426282510877108,,,0,0.1920649916519205,0.12841438370459057,0,0,0,0,False,,,,,"{""profile_name"": ""complex_d02"", ""map_seed"": 20400620, ""query_seed"": 20401622}"
complex_s04_q0082,f_n3p_knn,Complex,d16_20,True,True,0.21332369511947036,99,17.454836015408112,17.426282510877108,0.0016385310242263973,0,0.1917508020139008,0.06185678230092395,0,4,1,0,True,0,0,,,"{""profile_name"": ""complex_d02"", ""map_seed"": 20400620, ""query_seed"": 20401622}"
complex_s04_q0082,n3p_k1,Complex,d16_20,True,True,0.2126433220691979,99,17.454836015408112,17.426282510877108,0.0016385310242263973,0,0.1917508020139008,0.06185678230092395,0,0,1,0,True,0,0,,,"{""profile_name"": ""complex_d02"", ""map_seed"": 20400620, ""query_seed"": 20401622}"
complex_s04_q0082,voronoi_waypoint,Complex,d16_20,True,True,0.8671910190023482,296,17.903814402095396,17.426282510877108,0.027402969676419753,0,0.27053431451243243,0.06889852767281279,0,0,0,0,False,,,,,"{""profile_name"": ""complex_d02"", ""map_seed"": 20400620, ""query_seed"": 20401622, ""waypoint_count"": 3}"
complex_s04_q0082,bottleneck_waypoint,Complex,d16_20,True,True,0.7585393700283021,5,18.28945442422073,17.426282510877108,0.049532762527225715,0,0.29105058166656894,0.24721351772716216,0,0,0,0,False,,,,,"{""profile_name"": ""complex_d02"", ""map_seed"": 20400620, ""query_seed"": 20401622, ""waypoint_count"": 4, ""bottleneck_count"": 4}"
complex_s04_q0083,vanilla_ha,Complex,d20_inf,False,False,2.5051369667053223,3161,,,,0,,,0,0,0,0,False,,,,timeout,"{""profile_name"": ""complex_d02"", ""map_seed"": 20400620, ""query_seed"": 20401623}"
complex_s04_q0083,f_n3p_knn,Complex,d20_inf,True,True,1.7272406620904803,1273,24.369835764128748,,,0,0.1435832807188996,0.10429004814320586,0,5,1,0,True,0,1,0.0,,"{""profile_name"": ""complex_d02"", ""map_seed"": 20400620, ""query_seed"": 20401623}"
complex_s04_q0083,n3p_k1,Complex,d20_inf,True,True,0.7027554519008845,291,24.324893137145718,,,0,0.19304364219241651,0.0830859085052773,0,0,1,0,True,2,2,1.0,,"{""profile_name"": ""complex_d02"", ""map_seed"": 20400620, ""query_seed"": 20401623}"
complex_s04_q0083,voronoi_waypoint,Complex,d20_inf,True,True,0.7713112060446292,5,24.868676427986564,,,0,0.2561090262108636,0.1894111544883611,0,0,0,0,False,,,,,"{""profile_name"": ""complex_d02"", ""map_seed"": 20400620, ""query_seed"": 20401623, ""waypoint_count"": 4}"
complex_s04_q0083,bottleneck_waypoint,Complex,d20_inf,True,True,0.7667350070551038,5,24.58589126856426,,,0,0.32279902074045125,0.1894111544883611,0,0,0,0,False,,,,,"{""profile_name"": ""complex_d02"", ""map_seed"": 20400620, ""query_seed"": 20401623, ""waypoint_count"": 4, ""bottleneck_count"": 4}"
complex_s04_q0084,vanilla_ha,Complex,d08_12,True,True,0.1481492519378662,1,8.10246875958186,,,0,0.0,1.1381169648869518,0,0,0,0,False,,,,,"{""profile_name"": ""complex_d02"", ""map_seed"": 20400620, ""query_seed"": 20401624}"
complex_s04_q0084,f_n3p_knn,Complex,d08_12,True,True,0.00044410303235054016,0,8.10246875958186,8.10246875958186,0.0,0,2.7404561685281973e-17,1.1381169648869518,0,0,0,0,False,0,0,,,"{""profile_name"": ""complex_d02"", ""map_seed"": 20400620, ""query_seed"": 20401624}"
complex_s04_q0084,n3p_k1,Complex,d08_12,True,True,0.0003799439873546362,0,8.10246875958186,8.10246875958186,0.0,0,2.7404561685281973e-17,1.1381169648869518,0,0,0,0,False,0,0,,,"{""profile_name"": ""complex_d02"", ""map_seed"": 20400620, ""query_seed"": 20401624}"
complex_s04_q0084,voronoi_waypoint,Complex,d08_12,True,True,0.3335557458922267,2,8.146593281454049,8.10246875958186,0.005445812033524566,0,0.12395481147568387,1.1395503340501945,0,0,0,0,False,,,,,"{""profile_name"": ""complex_d02"", ""map_seed"": 20400620, ""query_seed"": 20401624, ""waypoint_count"": 1}"
complex_s04_q0084,bottleneck_waypoint,Complex,d08_12,True,True,0.33479646197520196,2,8.108538463107212,8.10246875958186,0.0007491177942740013,0,0.048335787193651045,1.1339118839075213,0,0,0,0,False,,,,,"{""profile_name"": ""complex_d02"", ""map_seed"": 20400620, ""query_seed"": 20401624, ""waypoint_count"": 1, ""bottleneck_count"": 1}"
complex_s04_q0085,vanilla_ha,Complex,d12_16,True,False,0.25654006004333496,185,15.213830740188975,,,0,0.1919302690600644,-0.09743148391412643,12,0,0,0,False,,,,,"{""profile_name"": ""complex_d02"", ""map_seed"": 20400621, ""query_seed"": 20401621}"
complex_s04_q0085,f_n3p_knn,Complex,d12_16,True,True,0.402750511886552,94,15.20068989886581,,,0,0.22686636798413728,0.05660802948714033,0,4,1,0,True,1,1,1.0,,"{""profile_name"": ""complex_d02"", ""map_seed"": 20400621, ""query_seed"": 20401621}"
complex_s04_q0085,n3p_k1,Complex,d12_16,True,True,0.4050139500759542,94,15.20068989886581,,,0,0.22686636798413728,0.05660802948714033,0,0,1,0,True,1,1,1.0,,"{""profile_name"": ""complex_d02"", ""map_seed"": 20400621, ""query_seed"": 20401621}"
complex_s04_q0085,voronoi_waypoint,Complex,d12_16,True,True,1.1935508919414133,707,15.758185322451485,,,0,0.2196143841719996,0.06871328460072401,0,0,0,0,False,,,,,"{""profile_name"": ""complex_d02"", ""map_seed"": 20400621, ""query_seed"": 20401621, ""waypoint_count"": 2}"
complex_s04_q0085,bottleneck_waypoint,Complex,d12_16,True,True,0.49476837809197605,15,16.22535825982101,,,2,0.24831747256203765,0.06589577902867716,0,0,0,0,False,,,,,"{""profile_name"": ""complex_d02"", ""map_seed"": 20400621, ""query_seed"": 20401621, ""waypoint_count"": 2, ""bottleneck_count"": 2}"
complex_s04_q0086,vanilla_ha,Complex,d16_20,False,False,2.500037670135498,2775,,,,0,,,0,0,0,0,False,,,,timeout,"{""profile_name"": ""complex_d02"", ""map_seed"": 20400621, ""query_seed"": 20401622}"
complex_s04_q0086,f_n3p_knn,Complex,d16_20,False,False,3.671217144932598,3908,,,,0,,,0,4,1,1,True,1,1,1.0,f2_failed:prediction:goal_in_collision;goal:timeout;f3_failed:timeout,"{""profile_name"": ""complex_d02"", ""map_seed"": 20400621, ""query_seed"": 20401622}"
complex_s04_q0086,n3p_k1,Complex,d16_20,False,False,3.6676454469561577,3880,,,,0,,,0,0,1,1,True,1,1,1.0,f2_failed:prediction:goal_in_collision;goal:timeout;f3_failed:timeout,"{""profile_name"": ""complex_d02"", ""map_seed"": 20400621, ""query_seed"": 20401622}"
complex_s04_q0086,voronoi_waypoint,Complex,d16_20,True,True,0.6242532199248672,12,18.85028526858956,,,0,0.3036946161940123,0.08579277071444658,0,0,0,0,False,,,,,"{""profile_name"": ""complex_d02"", ""map_seed"": 20400621, ""query_seed"": 20401622, ""waypoint_count"": 3}"
complex_s04_q0086,bottleneck_waypoint,Complex,d16_20,True,True,0.6178673591930419,4,18.57470869903691,,,1,0.15506345273080874,0.18887747647850106,0,0,0,0,False,,,,,"{""profile_name"": ""complex_d02"", ""map_seed"": 20400621, ""query_seed"": 20401622, ""waypoint_count"": 3, ""bottleneck_count"": 3}"
complex_s04_q0087,vanilla_ha,Complex,d20_inf,False,False,2.500356912612915,4177,,,,0,,,0,0,0,0,False,,,,timeout,"{""profile_name"": ""complex_d02"", ""map_seed"": 20400621, ""query_seed"": 20401623}"
complex_s04_q0087,f_n3p_knn,Complex,d20_inf,True,True,0.8292509340681136,69,27.227654321737038,,,3,0.357415113121156,0.0659940876862718,0,8,2,0,True,3,3,1.0,,"{""profile_name"": ""complex_d02"", ""map_seed"": 20400621, ""query_seed"": 20401623}"
complex_s04_q0087,n3p_k1,Complex,d20_inf,True,True,0.8232289957813919,69,27.227654321737038,,,3,0.357415113121156,0.0659940876862718,0,0,2,0,True,3,3,1.0,,"{""profile_name"": ""complex_d02"", ""map_seed"": 20400621, ""query_seed"": 20401623}"
complex_s04_q0087,voronoi_waypoint,Complex,d20_inf,True,True,0.7612061540130526,9,29.075596011871433,,,2,0.135309244561168,0.0974742536307942,0,0,0,0,False,,,,,"{""profile_name"": ""complex_d02"", ""map_seed"": 20400621, ""query_seed"": 20401623, ""waypoint_count"": 4}"
complex_s04_q0087,bottleneck_waypoint,Complex,d20_inf,True,True,0.7658349419943988,10,29.102378374696148,,,2,0.13055494078282007,0.0974742536307942,0,0,0,0,False,,,,,"{""profile_name"": ""complex_d02"", ""map_seed"": 20400621, ""query_seed"": 20401623, ""waypoint_count"": 4, ""bottleneck_count"": 4}"
complex_s04_q0088,vanilla_ha,Complex,d08_12,True,True,0.1465601921081543,1,8.324061508662705,,,0,0.0,0.11256087352795152,0,0,0,0,False,,,,,"{""profile_name"": ""complex_d02"", ""map_seed"": 20400621, ""query_seed"": 20401624}"
complex_s04_q0088,f_n3p_knn,Complex,d08_12,True,True,0.00045788008719682693,0,8.324061508662705,8.324061508662705,0.0,0,4.00125476056286e-17,0.11256087352795152,0,0,0,0,False,0,0,,,"{""profile_name"": ""complex_d02"", ""map_seed"": 20400621, ""query_seed"": 20401624}"
complex_s04_q0088,n3p_k1,Complex,d08_12,True,True,0.0004481629002839327,0,8.324061508662705,8.324061508662705,0.0,0,4.00125476056286e-17,0.11256087352795152,0,0,0,0,False,0,0,,,"{""profile_name"": ""complex_d02"", ""map_seed"": 20400621, ""query_seed"": 20401624}"
complex_s04_q0088,voronoi_waypoint,Complex,d08_12,True,True,0.3305008439347148,2,8.925171579698297,8.324061508662705,0.07221355469442736,0,0.2226849854486903,0.6834301258773148,0,0,0,0,False,,,,,"{""profile_name"": ""complex_d02"", ""map_seed"": 20400621, ""query_seed"": 20401624, ""waypoint_count"": 1}"
complex_s04_q0088,bottleneck_waypoint,Complex,d08_12,True,True,0.47142423782497644,3,8.944834439526229,8.324061508662705,0.07457572607044005,0,0.2886195482421244,0.6834301258773163,0,0,0,0,False,,,,,"{""profile_name"": ""complex_d02"", ""map_seed"": 20400621, ""query_seed"": 20401624, ""waypoint_count"": 2, ""bottleneck_count"": 2}"
complex_s04_q0089,vanilla_ha,Complex,d12_16,True,True,0.356231689453125,341,15.184495963640599,,,0,0.16881760857209271,0.0764117360801887,0,0,0,0,False,,,,,"{""profile_name"": ""complex_d02"", ""map_seed"": 20400621, ""query_seed"": 20401625}"
complex_s04_q0089,f_n3p_knn,Complex,d12_16,True,True,0.38910695002414286,104,15.949028587578773,15.184495963640599,0.05034955561046317,4,0.1577969504110311,0.0805386066213013,0,5,1,0,True,0,1,0.0,,"{""profile_name"": ""complex_d02"", ""map_seed"": 20400621, ""query_seed"": 20401625}"
complex_s04_q0089,n3p_k1,Complex,d12_16,True,True,0.519605278968811,224,15.90530761345091,15.184495963640599,0.04747023882361989,2,0.18943150179962095,0.07231262747276002,0,0,2,0,True,0,0,,,"{""profile_name"": ""complex_d02"", ""map_seed"": 20400621, ""query_seed"": 20401625}"
complex_s04_q0089,voronoi_waypoint,Complex,d12_16,True,True,0.4996677511371672,23,16.235739695520294,15.184495963640599,0.06923138801557238,2,0.28151245469044095,0.06081099819216507,0,0,0,0,False,,,,,"{""profile_name"": ""complex_d02"", ""map_seed"": 20400621, ""query_seed"": 20401625, ""waypoint_count"": 2}"
complex_s04_q0089,bottleneck_waypoint,Complex,d12_16,True,True,0.4817942369263619,3,15.684270161008692,15.184495963640599,0.03291345320679784,0,0.169063354565779,0.06208377122370107,0,0,0,0,False,,,,,"{""profile_name"": ""complex_d02"", ""map_seed"": 20400621, ""query_seed"": 20401625, ""waypoint_count"": 2, ""bottleneck_count"": 2}"
complex_s04_q0090,vanilla_ha,Complex,d16_20,False,False,2.500427484512329,3099,,,,0,,,0,0,0,0,False,,,,timeout,"{""profile_name"": ""complex_d02"", ""map_seed"": 20400622, ""query_seed"": 20401622}"
complex_s04_q0090,f_n3p_knn,Complex,d16_20,True,True,0.31954587111249566,2,17.41224217457111,,,0,0.09755116294299634,0.14144934707034795,0,2,0,0,True,0,2,0.0,,"{""profile_name"": ""complex_d02"", ""map_seed"": 20400622, ""query_seed"": 20401622}"
complex_s04_q0090,n3p_k1,Complex,d16_20,False,False,4.209457564167678,5025,,,,0,,,0,0,2,1,True,0,0,,f2_failed:prediction:goal_in_collision;goal:timeout;f3_failed:timeout,"{""profile_name"": ""complex_d02"", ""map_seed"": 20400622, ""query_seed"": 20401622}"
complex_s04_q0090,voronoi_waypoint,Complex,d16_20,True,True,0.6217728678602725,4,18.478177568779238,,,2,0.26967329373007265,0.12574661164532208,0,0,0,0,False,,,,,"{""profile_name"": ""complex_d02"", ""map_seed"": 20400622, ""query_seed"": 20401622, ""waypoint_count"": 3}"
complex_s04_q0090,bottleneck_waypoint,Complex,d16_20,True,True,0.6245267111808062,4,18.68143464461297,,,2,0.17415916443266613,0.17444447644471905,0,0,0,0,False,,,,,"{""profile_name"": ""complex_d02"", ""map_seed"": 20400622, ""query_seed"": 20401622, ""waypoint_count"": 3, ""bottleneck_count"": 3}"
complex_s04_q0091,vanilla_ha,Complex,d20_inf,True,True,1.628530740737915,2281,32.756900258706615,,,0,0.24376298617021339,0.08488549568611203,0,0,0,0,False,,,,,"{""profile_name"": ""complex_d02"", ""map_seed"": 20400622, ""query_seed"": 20401623}"
complex_s04_q0091,f_n3p_knn,Complex,d20_inf,True,True,0.6111689768731594,4,33.08986395160828,32.756900258706615,0.0101646886693183,0,0.10788284020409307,0.15623689342084612,0,3,0,0,True,3,4,0.75,,"{""profile_name"": ""complex_d02"", ""map_seed"": 20400622, ""query_seed"": 20401623}"
complex_s04_q0091,n3p_k1,Complex,d20_inf,True,True,0.46709119295701385,9,31.809212700106965,32.756900258706615,-0.02893092909020778,0,0.04127109833483483,0.08762273296136058,0,0,1,0,True,2,2,1.0,,"{""profile_name"": ""complex_d02"", ""map_seed"": 20400622, ""query_seed"": 20401623}"
complex_s04_q0091,voronoi_waypoint,Complex,d20_inf,True,True,1.0602180310525,11,33.42366306075466,32.756900258706615,0.020354880858143076,0,0.20422935512567184,0.11707830934578678,0,0,0,0,False,,,,,"{""profile_name"": ""complex_d02"", ""map_seed"": 20400622, ""query_seed"": 20401623, ""waypoint_count"": 6}"
complex_s04_q0091,bottleneck_waypoint,Complex,d20_inf,True,True,0.9182763940189034,6,33.61921173160293,32.756900258706615,0.026324574855556282,0,0.15732023452332036,0.5608485591473975,0,0,0,0,False,,,,,"{""profile_name"": ""complex_d02"", ""map_seed"": 20400622, ""query_seed"": 20401623, ""waypoint_count"": 5, ""bottleneck_count"": 5}"
complex_s04_q0092,vanilla_ha,Complex,d08_12,True,True,0.14718842506408691,1,11.335784048754634,,,0,0.0,0.23990287024915913,0,0,0,0,False,,,,,"{""profile_name"": ""complex_d02"", ""map_seed"": 20400622, ""query_seed"": 20401624}"
complex_s04_q0092,f_n3p_knn,Complex,d08_12,True,True,0.0005048650782555342,0,11.335784048754633,11.335784048754634,-1.1102230246251565e-16,0,0.0,0.23990287024916013,0,0,0,0,False,0,0,,,"{""profile_name"": ""complex_d02"", ""map_seed"": 20400622, ""query_seed"": 20401624}"
complex_s04_q0092,n3p_k1,Complex,d08_12,True,True,0.000517598120495677,0,11.335784048754633,11.335784048754634,-1.1102230246251565e-16,0,0.0,0.23990287024916013,0,0,0,0,False,0,0,,,"{""profile_name"": ""complex_d02"", ""map_seed"": 20400622, ""query_seed"": 20401624}"
complex_s04_q0092,voronoi_waypoint,Complex,d08_12,True,True,0.330143550876528,2,11.356953059948882,11.335784048754634,0.001867450112246427,0,0.05541093490612497,0.328584626602465,0,0,0,0,False,,,,,"{""profile_name"": ""complex_d02"", ""map_seed"": 20400622, ""query_seed"": 20401624, ""waypoint_count"": 1}"
complex_s04_q0092,bottleneck_waypoint,Complex,d08_12,True,True,0.33320544892922044,2,11.347430005660538,11.335784048754634,0.0010273622764702672,0,0.05135514780909613,0.23960798293122032,0,0,0,0,False,,,,,"{""profile_name"": ""complex_d02"", ""map_seed"": 20400622, ""query_seed"": 20401624, ""waypoint_count"": 1, ""bottleneck_count"": 1}"
complex_s04_q0093,vanilla_ha,Complex,d12_16,True,True,0.14893269538879395,1,13.446932735757997,,,0,0.0,0.4658131607704947,0,0,0,0,False,,,,,"{""profile_name"": ""complex_d02"", ""map_seed"": 20400622, ""query_seed"": 20401625}"
complex_s04_q0093,f_n3p_knn,Complex,d12_16,True,True,0.00056422408670187,0,13.446932735757997,13.446932735757997,0.0,0,3.302531652211985e-17,0.46581316077049384,0,0,0,0,False,0,0,,,"{""profile_name"": ""complex_d02"", ""map_seed"": 20400622, ""query_seed"": 20401625}"
complex_s04_q0093,n3p_k1,Complex,d12_16,True,True,0.0005542680155485868,0,13.446932735757997,13.446932735757997,0.0,0,3.302531652211985e-17,0.46581316077049384,0,0,0,0,False,0,0,,,"{""profile_name"": ""complex_d02"", ""map_seed"": 20400622, ""query_seed"": 20401625}"
complex_s04_q0093,voronoi_waypoint,Complex,d12_16,True,True,0.4754677910823375,3,13.73114403602683,13.446932735757997,0.02113577169260772,0,0.13749180701065378,0.4479452103281373,0,0,0,0,False,,,,,"{""profile_name"": ""complex_d02"", ""map_seed"": 20400622, ""query_seed"": 20401625, ""waypoint_count"": 2}"
complex_s04_q0093,bottleneck_waypoint,Complex,d12_16,True,True,0.47763544879853725,3,13.630519653545685,13.446932735757997,0.01365269845512751,0,0.1589643086052399,0.5074852080733613,0,0,0,0,False,,,,,"{""profile_name"": ""complex_d02"", ""map_seed"": 20400622, ""query_seed"": 20401625, ""waypoint_count"": 2, ""bottleneck_count"": 2}"
complex_s04_q0094,vanilla_ha,Complex,d16_20,True,True,0.1700756549835205,41,16.448151511606287,,,0,0.08917788314597871,0.12371617659239442,0,0,0,0,False,,,,,"{""profile_name"": ""complex_d02"", ""map_seed"": 20400622, ""query_seed"": 20401626}"
complex_s04_q0094,f_n3p_knn,Complex,d16_20,True,True,0.30762520409189165,2,17.41773651354558,16.448151511606287,0.05894796149312742,0,0.11140421233613827,0.21257581245389334,0,1,0,0,True,1,2,0.5,,"{""profile_name"": ""complex_d02"", ""map_seed"": 20400622, ""query_seed"": 20401626}"
complex_s04_q0094,n3p_k1,Complex,d16_20,True,True,0.2101787319406867,64,16.6750079798264,16.448151511606287,0.013792216594067597,0,0.1366600391698818,0.08672441424965105,0,0,1,0,True,0,0,,,"{""profile_name"": ""complex_d02"", ""map_seed"": 20400622, ""query_seed"": 20401626}"
complex_s04_q0094,voronoi_waypoint,Complex,d16_20,True,True,0.6141342690680176,4,18.70434245420582,16.448151511606287,0.1371698783907418,2,0.3007121174451882,0.5357245174609974,0,0,0,0,False,,,,,"{""profile_name"": ""complex_d02"", ""map_seed"": 20400622, ""query_seed"": 20401626, ""waypoint_count"": 3}"
complex_s04_q0094,bottleneck_waypoint,Complex,d16_20,True,True,0.4782465361058712,3,17.67634531883488,16.448151511606287,0.07467062826858961,2,0.25686127092823136,0.665139773749037,0,0,0,0,False,,,,,"{""profile_name"": ""complex_d02"", ""map_seed"": 20400622, ""query_seed"": 20401626, ""waypoint_count"": 2, ""bottleneck_count"": 2}"
complex_s04_q0095,vanilla_ha,Complex,d20_inf,True,True,0.3189713954925537,369,29.110006667998192,,,0,0.2073717917854163,0.0629320609596552,0,0,0,0,False,,,,,"{""profile_name"": ""complex_d02"", ""map_seed"": 20400623, ""query_seed"": 20401623}"
complex_s04_q0095,f_n3p_knn,Complex,d20_inf,True,True,0.6197808980941772,4,28.828282453064684,29.110006667998192,-0.00967791653731287,0,0.08575500225308401,0.06838204667844527,0,2,0,0,True,3,4,0.75,,"{""profile_name"": ""complex_d02"", ""map_seed"": 20400623, ""query_seed"": 20401623}"
complex_s04_q0095,n3p_k1,Complex,d20_inf,True,True,0.619558297097683,6,32.355834633729195,29.110006667998192,0.11150213748660098,2,0.28788904877121246,0.11386179919685158,0,0,2,0,True,2,2,1.0,,"{""profile_name"": ""complex_d02"", ""map_seed"": 20400623, ""query_seed"": 20401623}"
complex_s04_q0095,voronoi_waypoint,Complex,d20_inf,True,True,1.1018046631943434,249,29.375582061192542,29.110006667998192,0.009123164972899334,0,0.2253195112626807,0.10624204536572557,0,0,0,0,False,,,,,"{""profile_name"": ""complex_d02"", ""map_seed"": 20400623, ""query_seed"": 20401623, ""waypoint_count"": 5}"
complex_s04_q0095,bottleneck_waypoint,Complex,d20_inf,True,True,1.0505018748808652,7,29.43083345354849,29.110006667998192,0.01102118557406584,0,0.19688561546604272,0.37658190966794636,0,0,0,0,False,,,,,"{""profile_name"": ""complex_d02"", ""map_seed"": 20400623, ""query_seed"": 20401623, ""waypoint_count"": 6, ""bottleneck_count"": 6}"
complex_s04_q0096,vanilla_ha,Complex,d08_12,True,True,0.14620471000671387,1,8.300602387778854,,,0,0.0,0.22474604668554665,0,0,0,0,False,,,,,"{""profile_name"": ""complex_d02"", ""map_seed"": 20400623, ""query_seed"": 20401624}"
complex_s04_q0096,f_n3p_knn,Complex,d08_12,True,True,0.00039343489333987236,0,8.300602387778854,8.300602387778854,0.0,0,5.3500841156288116e-17,0.22474604668554665,0,0,0,0,False,0,0,,,"{""profile_name"": ""complex_d02"", ""map_seed"": 20400623, ""query_seed"": 20401624}"
complex_s04_q0096,n3p_k1,Complex,d08_12,True,True,0.00039483909495174885,0,8.300602387778854,8.300602387778854,0.0,0,5.3500841156288116e-17,0.22474604668554665,0,0,0,0,False,0,0,,,"{""profile_name"": ""complex_d02"", ""map_seed"": 20400623, ""query_seed"": 20401624}"
complex_s04_q0096,voronoi_waypoint,Complex,d08_12,True,True,0.3325245468877256,2,9.047496628069771,8.300602387778854,0.08998072734944929,0,0.31820586618135094,0.5777066492492873,0,0,0,0,False,,,,,"{""profile_name"": ""complex_d02"", ""map_seed"": 20400623, ""query_seed"": 20401624, ""waypoint_count"": 1}"
complex_s04_q0096,bottleneck_waypoint,Complex,d08_12,True,True,0.33377308887429535,2,8.528630076477446,8.300602387778854,0.027471221731367512,0,0.14709341876736226,0.5777066492492884,0,0,0,0,False,,,,,"{""profile_name"": ""complex_d02"", ""map_seed"": 20400623, ""query_seed"": 20401624, ""waypoint_count"": 1, ""bottleneck_count"": 1}"
complex_s04_q0097,vanilla_ha,Complex,d12_16,True,True,0.145829439163208,1,14.461673485458036,,,0,0.0,0.47101854894816964,0,0,0,0,False,,,,,"{""profile_name"": ""complex_d02"", ""map_seed"": 20400623, ""query_seed"": 20401625}"
complex_s04_q0097,f_n3p_knn,Complex,d12_16,True,True,0.000608047004789114,0,14.461673485458034,14.461673485458036,-1.1102230246251565e-16,0,0.0,0.47101854894816964,0,0,0,0,False,0,0,,,"{""profile_name"": ""complex_d02"", ""map_seed"": 20400623, ""query_seed"": 20401625}"
complex_s04_q0097,n3p_k1,Complex,d12_16,True,True,0.0005962119903415442,0,14.461673485458034,14.461673485458036,-1.1102230246251565e-16,0,0.0,0.47101854894816964,0,0,0,0,False,0,0,,,"{""profile_name"": ""complex_d02"", ""map_seed"": 20400623, ""query_seed"": 20401625}"
complex_s04_q0097,voronoi_waypoint,Complex,d12_16,True,True,0.47360869706608355,3,15.415844562949482,14.461673485458036,0.0659792989000143,0,0.2724573411974769,0.9273175565926364,0,0,0,0,False,,,,,"{""profile_name"": ""complex_d02"", ""map_seed"": 20400623, ""query_seed"": 20401625, ""waypoint_count"": 2}"
complex_s04_q0097,bottleneck_waypoint,Complex,d12_16,True,True,0.47428803401999176,3,14.662405301576577,14.461673485458036,0.013880261943431949,0,0.08205564118446929,0.5918414685607802,0,0,0,0,False,,,,,"{""profile_name"": ""complex_d02"", ""map_seed"": 20400623, ""query_seed"": 20401625, ""waypoint_count"": 2, ""bottleneck_count"": 2}"
complex_s04_q0098,vanilla_ha,Complex,d16_20,True,False,0.1646556854248047,49,18.598207220380495,,,0,0.12252789794959429,0.03186251340627183,5,0,0,0,False,,,,,"{""profile_name"": ""complex_d02"", ""map_seed"": 20400623, ""query_seed"": 20401626}"
complex_s04_q0098,f_n3p_knn,Complex,d16_20,True,True,0.30224713077768683,2,18.38031327721734,,,0,0.09787663335312868,0.0715739330850147,0,0,0,0,False,2,2,1.0,,"{""profile_name"": ""complex_d02"", ""map_seed"": 20400623, ""query_seed"": 20401626}"
complex_s04_q0098,n3p_k1,Complex,d16_20,True,True,0.2964282799512148,2,18.38031327721734,,,0,0.09787663335312868,0.0715739330850147,0,0,0,0,False,2,2,1.0,,"{""profile_name"": ""complex_d02"", ""map_seed"": 20400623, ""query_seed"": 20401626}"
complex_s04_q0098,voronoi_waypoint,Complex,d16_20,True,True,0.6441185500007123,46,19.07272337645344,,,0,0.2502824110231206,0.07486329594019181,0,0,0,0,False,,,,,"{""profile_name"": ""complex_d02"", ""map_seed"": 20400623, ""query_seed"": 20401626, ""waypoint_count"": 3}"
complex_s04_q0098,bottleneck_waypoint,Complex,d16_20,True,True,0.6121719530783594,4,19.20912806545167,,,3,0.14877973936017236,0.2663210551914368,0,0,0,0,False,,,,,"{""profile_name"": ""complex_d02"", ""map_seed"": 20400623, ""query_seed"": 20401626, ""waypoint_count"": 3, ""bottleneck_count"": 3}"
complex_s04_q0099,vanilla_ha,Complex,d20_inf,False,False,2.500413656234741,5692,,,,0,,,0,0,0,0,False,,,,timeout,"{""profile_name"": ""complex_d02"", ""map_seed"": 20400623, ""query_seed"": 20401627}"
complex_s04_q0099,f_n3p_knn,Complex,d20_inf,True,True,0.7720197478774935,15,30.11643467608778,,,0,0.11700139493497606,0.14733609394494385,0,8,1,0,True,2,4,0.5,,"{""profile_name"": ""complex_d02"", ""map_seed"": 20400623, ""query_seed"": 20401627}"
complex_s04_q0099,n3p_k1,Complex,d20_inf,False,False,3.4697737069800496,7921,,,,0,,,0,0,1,1,True,0,0,,f2_failed:prediction:goal_in_collision;goal:node_budget_exhausted;f3_failed:timeout,"{""profile_name"": ""complex_d02"", ""map_seed"": 20400623, ""query_seed"": 20401627}"
complex_s04_q0099,voronoi_waypoint,Complex,d20_inf,True,True,1.0433197270613164,7,33.48826796684081,,,0,0.19226416773236318,0.08344991724682183,0,0,0,0,False,,,,,"{""profile_name"": ""complex_d02"", ""map_seed"": 20400623, ""query_seed"": 20401627, ""waypoint_count"": 6}"
complex_s04_q0099,bottleneck_waypoint,Complex,d20_inf,True,True,1.0524706370197237,7,32.73079856637666,,,1,0.22467281818117726,0.3140943653562769,0,0,0,0,False,,,,,"{""profile_name"": ""complex_d02"", ""map_seed"": 20400623, ""query_seed"": 20401627, ""waypoint_count"": 6, ""bottleneck_count"": 6}"
extreme_s00_q0000,vanilla_ha,Extreme,d08_12,True,True,0.25987744331359863,155,10.170655113702782,,,0,0.30962785809310145,0.08536825044935337,0,0,0,0,False,,,,,"{""profile_name"": ""extreme_d03"", ""map_seed"": 20460620, ""query_seed"": 20461620}"
extreme_s00_q0000,f_n3p_knn,Extreme,d08_12,True,True,0.30649179709143937,2,11.127418019356915,10.170655113702782,0.0940709221734497,3,0.26702413631159916,0.0924432461803042,0,4,0,0,True,0,2,0.0,,"{""profile_name"": ""extreme_d03"", ""map_seed"": 20460620, ""query_seed"": 20461620}"
extreme_s00_q0000,n3p_k1,Extreme,d08_12,True,True,0.15846663201227784,7,10.08546418903281,10.170655113702782,-0.00837614919762597,0,0.1014574699391098,0.08452487425444721,0,0,1,0,True,0,0,,,"{""profile_name"": ""extreme_d03"", ""map_seed"": 20460620, ""query_seed"": 20461620}"
extreme_s00_q0000,voronoi_waypoint,Extreme,d08_12,True,True,0.3355566740501672,11,10.341752169853695,10.170655113702782,0.01682261901894555,0,0.29591013500502966,0.08452487425444721,0,0,0,0,False,,,,,"{""profile_name"": ""extreme_d03"", ""map_seed"": 20460620, ""query_seed"": 20461620, ""waypoint_count"": 1}"
extreme_s00_q0000,bottleneck_waypoint,Extreme,d08_12,True,True,0.3351334920153022,6,10.462539827559358,10.170655113702782,0.028698713169746926,0,0.19435714189117503,0.08536825044935337,0,0,0,0,False,,,,,"{""profile_name"": ""extreme_d03"", ""map_seed"": 20460620, ""query_seed"": 20461620, ""waypoint_count"": 1, ""bottleneck_count"": 1}"
extreme_s00_q0001,vanilla_ha,Extreme,d12_16,True,True,0.19020605087280273,67,15.002698529731392,,,0,0.1336027276233709,0.15733938216274623,0,0,0,0,False,,,,,"{""profile_name"": ""extreme_d04"", ""map_seed"": 20460620, ""query_seed"": 20461621}"
extreme_s00_q0001,f_n3p_knn,Extreme,d12_16,True,True,0.3027069738600403,2,14.905987881906448,15.002698529731392,-0.006446216834477436,0,0.1442947214916113,0.17640522472222797,0,2,0,0,True,1,2,0.5,,"{""profile_name"": ""extreme_d04"", ""map_seed"": 20460620, ""query_seed"": 20461621}"
extreme_s00_q0001,n3p_k1,Extreme,d12_16,True,True,0.3032088140025735,2,14.820361637481538,15.002698529731392,-0.012153606358783375,0,0.12550062412436863,0.11125783772770692,0,0,1,0,True,1,1,1.0,,"{""profile_name"": ""extreme_d04"", ""map_seed"": 20460620, ""query_seed"": 20461621}"
extreme_s00_q0001,voronoi_waypoint,Extreme,d12_16,True,True,0.47294771391898394,3,16.249755601171003,15.002698529731392,0.08312218425027162,0,0.15399317635563045,0.29303045719861975,0,0,0,0,False,,,,,"{""profile_name"": ""extreme_d04"", ""map_seed"": 20460620, ""query_seed"": 20461621, ""waypoint_count"": 2}"
extreme_s00_q0001,bottleneck_waypoint,Extreme,d12_16,True,True,0.47754786093719304,3,16.450894065427974,15.002698529731392,0.09652900328741798,0,0.17471020009706054,0.16891045555918993,0,0,0,0,False,,,,,"{""profile_name"": ""extreme_d04"", ""map_seed"": 20460620, ""query_seed"": 20461621, ""waypoint_count"": 2, ""bottleneck_count"": 2}"
extreme_s00_q0002,vanilla_ha,Extreme,d16_20,True,True,0.911656379699707,2177,18.912251278955118,,,0,0.10355978522078226,0.10951315490049862,0,0,0,0,False,,,,,"{""profile_name"": ""extreme_d05"", ""map_seed"": 20460620, ""query_seed"": 20461622}"
extreme_s00_q0002,f_n3p_knn,Extreme,d16_20,True,True,0.9160546690691262,729,19.58256681455578,18.912251278955118,0.035443455446605876,2,0.17462157855031163,0.11014496640993554,0,8,1,0,True,0,2,0.0,,"{""profile_name"": ""extreme_d05"", ""map_seed"": 20460620, ""query_seed"": 20461622}"
extreme_s00_q0002,n3p_k1,Extreme,d16_20,True,True,1.6342757740058005,4177,18.992408823043597,18.912251278955118,0.004238392505797384,0,0.1031227106965881,0.10951315490049862,0,0,1,1,True,0,0,,,"{""profile_name"": ""extreme_d05"", ""map_seed"": 20460620, ""query_seed"": 20461622}"
extreme_s00_q0002,voronoi_waypoint,Extreme,d16_20,True,True,0.6452750379685313,34,20.26389642486342,18.912251278955118,0.07146928866223168,0,0.36800196451580325,0.075516928443911,0,0,0,0,False,,,,,"{""profile_name"": ""extreme_d05"", ""map_seed"": 20460620, ""query_seed"": 20461622, ""waypoint_count"": 3}"
extreme_s00_q0002,bottleneck_waypoint,Extreme,d16_20,True,True,0.6242162280250341,4,19.62082468959857,18.912251278955118,0.03746637035390532,0,0.10009996466648782,0.1087948322358191,0,0,0,0,False,,,,,"{""profile_name"": ""extreme_d05"", ""map_seed"": 20460620, ""query_seed"": 20461622, ""waypoint_count"": 3, ""bottleneck_count"": 3}"
extreme_s00_q0003,vanilla_ha,Extreme,d20_inf,True,True,0.470320463180542,873,28.343296924878537,,,0,0.15795565268268857,0.07647261548180107,0,0,0,0,False,,,,,"{""profile_name"": ""extreme_d06"", ""map_seed"": 20460620, ""query_seed"": 20461623}"
extreme_s00_q0003,f_n3p_knn,Extreme,d20_inf,True,True,0.6338654768187553,36,28.293022280660782,28.343296924878537,-0.0017737754486009116,0,0.12076838398808593,0.08980771667972975,0,8,1,0,True,0,3,0.0,,"{""profile_name"": ""extreme_d06"", ""map_seed"": 20460620, ""query_seed"": 20461623}"
extreme_s00_q0003,n3p_k1,Extreme,d20_inf,True,True,0.5330831168685108,85,28.541296558629863,28.343296924878537,0.006985765780039843,2,0.1374636834549867,0.07188604538983911,0,0,1,0,True,2,2,1.0,,"{""profile_name"": ""extreme_d06"", ""map_seed"": 20460620, ""query_seed"": 20461623}"
extreme_s00_q0003,voronoi_waypoint,Extreme,d20_inf,True,False,0.9453575529623777,46,28.506270154580378,28.343296924878537,,0,0.2624256863233462,0.07068181804186247,1,0,0,0,False,,,,,"{""profile_name"": ""extreme_d06"", ""map_seed"": 20460620, ""query_seed"": 20461623, ""waypoint_count"": 5}"
extreme_s00_q0003,bottleneck_waypoint,Extreme,d20_inf,True,True,1.0484317808877677,7,28.817173293857394,28.343296924878537,0.016719168917957106,0,0.21745920244134542,0.2508613859789943,0,0,0,0,False,,,,,"{""profile_name"": ""extreme_d06"", ""map_seed"": 20460620, ""query_seed"": 20461623, ""waypoint_count"": 6, ""bottleneck_count"": 6}"
extreme_s00_q0004,vanilla_ha,Extreme,d08_12,True,True,0.26317739486694336,139,11.85035218162698,,,0,0.10233302585939733,0.08174963227790422,0,0,0,0,False,,,,,"{""profile_name"": ""extreme_d07"", ""map_seed"": 20460620, ""query_seed"": 20461624}"
extreme_s00_q0004,f_n3p_knn,Extreme,d08_12,True,True,0.1997092009987682,57,11.828977128583867,11.85035218162698,-0.0018037483372226326,0,0.10316117500945178,0.06379907840544058,0,4,1,0,True,0,0,,,"{""profile_name"": ""extreme_d07"", ""map_seed"": 20460620, ""query_seed"": 20461624}"
extreme_s00_q0004,n3p_k1,Extreme,d08_12,True,True,0.1971428650431335,57,11.828977128583867,11.85035218162698,-0.0018037483372226326,0,0.10316117500945178,0.06379907840544058,0,0,1,0,True,0,0,,,"{""profile_name"": ""extreme_d07"", ""map_seed"": 20460620, ""query_seed"": 20461624}"
extreme_s00_q0004,voronoi_waypoint,Extreme,d08_12,True,True,0.4695858149789274,3,12.002651772205382,11.85035218162698,0.012851904166572448,0,0.1741322479269187,0.25006037259769287,0,0,0,0,False,,,,,"{""profile_name"": ""extreme_d07"", ""map_seed"": 20460620, ""query_seed"": 20461624, ""waypoint_count"": 2}"
extreme_s00_q0004,bottleneck_waypoint,Extreme,d08_12,True,True,0.33039232809096575,2,11.8459030157589,11.85035218162698,-0.0003754458770413027,0,0.04874632864099401,0.1993276272965464,0,0,0,0,False,,,,,"{""profile_name"": ""extreme_d07"", ""map_seed"": 20460620, ""query_seed"": 20461624, ""waypoint_count"": 1, ""bottleneck_count"": 1}"
extreme_s00_q0005,vanilla_ha,Extreme,d12_16,True,True,0.24059581756591797,161,13.738658869688987,,,0,0.3149374853223771,0.08748157953371449,0,0,0,0,False,,,,,"{""profile_name"": ""extreme_d03"", ""map_seed"": 20460621, ""query_seed"": 20461621}"
extreme_s00_q0005,f_n3p_knn,Extreme,d12_16,True,True,0.31674148701131344,14,16.225490435465762,13.738658869688987,0.1810097760898166,2,0.20732885190324993,0.06302457958023827,0,8,1,0,True,0,1,0.0,,"{""profile_name"": ""extreme_d03"", ""map_seed"": 20460621, ""query_seed"": 20461621}"
extreme_s00_q0005,n3p_k1,Extreme,d12_16,True,True,0.43838139600120485,156,14.596871002047829,13.738658869688987,0.06246695114122658,2,0.21640954835078555,0.099138371558673,0,0,2,0,True,0,0,,,"{""profile_name"": ""extreme_d03"", ""map_seed"": 20460621, ""query_seed"": 20461621}"
extreme_s00_q0005,voronoi_waypoint,Extreme,d12_16,True,True,0.46994664100930095,3,14.664539693678366,13.738658869688987,0.06739237306722212,0,0.2766640581602881,0.08780701111212608,0,0,0,0,False,,,,,"{""profile_name"": ""extreme_d03"", ""map_seed"": 20460621, ""query_seed"": 20461621, ""waypoint_count"": 2}"
extreme_s00_q0005,bottleneck_waypoint,Extreme,d12_16,True,True,0.34045890299603343,14,13.630011351684738,13.738658869688987,-0.00790816039868003,0,0.11488338615499602,0.06949622431566449,0,0,0,0,False,,,,,"{""profile_name"": ""extreme_d03"", ""map_seed"": 20460621, ""query_seed"": 20461621, ""waypoint_count"": 1, ""bottleneck_count"": 1}"
extreme_s00_q0006,vanilla_ha,Extreme,d16_20,True,True,0.14951038360595703,9,17.6494632268168,,,0,0.08755859902052596,0.16344556870036753,0,0,0,0,False,,,,,"{""profile_name"": ""extreme_d04"", ""map_seed"": 20460621, ""query_seed"": 20461622}"
extreme_s00_q0006,f_n3p_knn,Extreme,d16_20,True,True,0.15845745895057917,1,17.63118208319753,17.6494632268168,-0.0010357903458215745,0,0.02681480492567427,0.39309873934355144,0,0,0,0,False,1,1,1.0,,"{""profile_name"": ""extreme_d04"", ""map_seed"": 20460621, ""query_seed"": 20461622}"
extreme_s00_q0006,n3p_k1,Extreme,d16_20,True,True,0.15742520708590746,1,17.63118208319753,17.6494632268168,-0.0010357903458215745,0,0.02681480492567427,0.39309873934355144,0,0,0,0,False,1,1,1.0,,"{""profile_name"": ""extreme_d04"", ""map_seed"": 20460621, ""query_seed"": 20461622}"
extreme_s00_q0006,voronoi_waypoint,Extreme,d16_20,True,True,0.6464897901751101,38,19.143473196276116,17.6494632268168,0.08464903154614367,0,0.3081189278724747,0.0762717809450163,0,0,0,0,False,,,,,"{""profile_name"": ""extreme_d04"", ""map_seed"": 20460621, ""query_seed"": 20461622, ""waypoint_count"": 3}"
extreme_s00_q0006,bottleneck_waypoint,Extreme,d16_20,True,True,0.6220740920398384,4,19.081139723835182,17.6494632268168,0.08111728264024931,0,0.2118628354265181,0.25152926230369754,0,0,0,0,False,,,,,"{""profile_name"": ""extreme_d04"", ""map_seed"": 20460621, ""query_seed"": 20461622, ""waypoint_count"": 3, ""bottleneck_count"": 3}"
extreme_s00_q0007,vanilla_ha,Extreme,d20_inf,True,True,0.7028677463531494,809,22.82063918431849,,,0,0.2083187894738557,0.10910348709783102,0,0,0,0,False,,,,,"{""profile_name"": ""extreme_d05"", ""map_seed"": 20460621, ""query_seed"": 20461623}"
extreme_s00_q0007,f_n3p_knn,Extreme,d20_inf,True,True,1.7192696630954742,1696,22.858429089321632,22.82063918431849,0.0016559529598587641,0,0.20797439366109777,0.17068762820607175,0,4,1,0,True,0,0,,,"{""profile_name"": ""extreme_d05"", ""map_seed"": 20460621, ""query_seed"": 20461623}"
extreme_s00_q0007,n3p_k1,Extreme,d20_inf,True,True,1.714789287885651,1700,22.858429089321632,22.82063918431849,0.0016559529598587641,0,0.20797439366109777,0.17068762820607175,0,0,1,0,True,0,0,,,"{""profile_name"": ""extreme_d05"", ""map_seed"": 20460621, ""query_seed"": 20461623}"
extreme_s00_q0007,voronoi_waypoint,Extreme,d20_inf,True,True,0.7626191591843963,5,23.900243833258806,22.82063918431849,0.04730825636479885,2,0.21210050562329544,0.16237728709345478,0,0,0,0,False,,,,,"{""profile_name"": ""extreme_d05"", ""map_seed"": 20460621, ""query_seed"": 20461623, ""waypoint_count"": 4}"
extreme_s00_q0007,bottleneck_waypoint,Extreme,d20_inf,True,True,0.7633857461623847,5,23.249618933335512,22.82063918431849,0.018797884912522544,0,0.13234686341951774,0.17068762820607297,0,0,0,0,False,,,,,"{""profile_name"": ""extreme_d05"", ""map_seed"": 20460621, ""query_seed"": 20461623, ""waypoint_count"": 4, ""bottleneck_count"": 4}"
extreme_s00_q0008,vanilla_ha,Extreme,d08_12,True,True,0.14809203147888184,1,10.520931517693668,,,0,0.0,0.2868582583109627,0,0,0,0,False,,,,,"{""profile_name"": ""extreme_d06"", ""map_seed"": 20460621, ""query_seed"": 20461624}"
extreme_s00_q0008,f_n3p_knn,Extreme,d08_12,True,True,0.00048292893916368484,0,10.520931517693668,10.520931517693668,0.0,0,0.0,0.2868582583109627,0,0,0,0,False,0,0,,,"{""profile_name"": ""extreme_d06"", ""map_seed"": 20460621, ""query_seed"": 20461624}"
extreme_s00_q0008,n3p_k1,Extreme,d08_12,True,True,0.00046241888776421547,0,10.520931517693668,10.520931517693668,0.0,0,0.0,0.2868582583109627,0,0,0,0,False,0,0,,,"{""profile_name"": ""extreme_d06"", ""map_seed"": 20460621, ""query_seed"": 20461624}"
extreme_s00_q0008,voronoi_waypoint,Extreme,d08_12,True,True,0.33657559496350586,2,11.172321449892003,10.520931517693668,0.06191371278321256,0,0.2470491176218321,0.0919798001789277,0,0,0,0,False,,,,,"{""profile_name"": ""extreme_d06"", ""map_seed"": 20460621, ""query_seed"": 20461624, ""waypoint_count"": 1}"
extreme_s00_q0008,bottleneck_waypoint,Extreme,d08_12,True,True,0.47911515389569104,3,10.69145387644822,10.520931517693668,0.016207914524277056,0,0.2918583195691646,0.49113832637629884,0,0,0,0,False,,,,,"{""profile_name"": ""extreme_d06"", ""map_seed"": 20460621, ""query_seed"": 20461624, ""waypoint_count"": 2, ""bottleneck_count"": 2}"
extreme_s00_q0009,vanilla_ha,Extreme,d12_16,True,False,0.4365971088409424,493,14.985738513273166,,,0,0.34956885045710656,-0.0176180510379092,8,0,0,0,False,,,,,"{""profile_name"": ""extreme_d07"", ""map_seed"": 20460621, ""query_seed"": 20461625}"
extreme_s00_q0009,f_n3p_knn,Extreme,d12_16,True,True,0.6182573731057346,16,16.3483914533708,,,1,0.310665770900052,0.05419344143761784,0,8,2,0,True,2,2,1.0,,"{""profile_name"": ""extreme_d07"", ""map_seed"": 20460621, ""query_seed"": 20461625}"
extreme_s00_q0009,n3p_k1,Extreme,d12_16,True,True,0.6151047970633954,16,16.3483914533708,,,1,0.310665770900052,0.05419344143761784,0,0,2,0,True,2,2,1.0,,"{""profile_name"": ""extreme_d07"", ""map_seed"": 20460621, ""query_seed"": 20461625}"
extreme_s00_q0009,voronoi_waypoint,Extreme,d12_16,True,True,0.5813528050202876,116,15.920627498771308,,,2,0.3840459720419473,0.058855799761091954,0,0,0,0,False,,,,,"{""profile_name"": ""extreme_d07"", ""map_seed"": 20460621, ""query_seed"": 20461625, ""waypoint_count"": 2}"
extreme_s00_q0009,bottleneck_waypoint,Extreme,d12_16,True,True,0.49754160293377936,25,15.484796516881952,,,0,0.3628345448177734,0.05502647052295512,0,0,0,0,False,,,,,"{""profile_name"": ""extreme_d07"", ""map_seed"": 20460621, ""query_seed"": 20461625, ""waypoint_count"": 2, ""bottleneck_count"": 2}"
extreme_s00_q0010,vanilla_ha,Extreme,d16_20,True,False,0.4809901714324951,596,19.924675410403513,,,0,0.3522932492133861,-0.22554294934787794,15,0,0,0,False,,,,,"{""profile_name"": ""extreme_d03"", ""map_seed"": 20460622, ""query_seed"": 20461622}"
extreme_s00_q0010,f_n3p_knn,Extreme,d16_20,True,True,0.5375369389075786,123,19.32430551062922,,,0,0.19665563756185925,0.10879392213113237,0,4,1,0,True,2,2,1.0,,"{""profile_name"": ""extreme_d03"", ""map_seed"": 20460622, ""query_seed"": 20461622}"
extreme_s00_q0010,n3p_k1,Extreme,d16_20,True,True,0.5380214108154178,123,19.32430551062922,,,0,0.19665563756185925,0.10879392213113237,0,0,1,0,True,2,2,1.0,,"{""profile_name"": ""extreme_d03"", ""map_seed"": 20460622, ""query_seed"": 20461622}"
extreme_s00_q0010,voronoi_waypoint,Extreme,d16_20,True,True,0.6254090559668839,16,20.197047289688044,,,0,0.2479437221666295,0.08667304353235639,0,0,0,0,False,,,,,"{""profile_name"": ""extreme_d03"", ""map_seed"": 20460622, ""query_seed"": 20461622, ""waypoint_count"": 3}"
extreme_s00_q0010,bottleneck_waypoint,Extreme,d16_20,True,True,0.8941844208166003,6,20.28844587850735,,,2,0.3460288806892078,0.2039256886682168,0,0,0,0,False,,,,,"{""profile_name"": ""extreme_d03"", ""map_seed"": 20460622, ""query_seed"": 20461622, ""waypoint_count"": 5, ""bottleneck_count"": 5}"
extreme_s00_q0011,vanilla_ha,Extreme,d20_inf,False,False,2.503185272216797,3409,,,,0,,,0,0,0,0,False,,,,timeout,"{""profile_name"": ""extreme_d04"", ""map_seed"": 20460622, ""query_seed"": 20461623}"
extreme_s00_q0011,f_n3p_knn,Extreme,d20_inf,False,False,3.5141092578414828,4841,,,,0,,,0,4,1,1,True,0,0,,f2_failed:prediction:goal_in_collision;goal:timeout;f3_failed:timeout,"{""profile_name"": ""extreme_d04"", ""map_seed"": 20460622, ""query_seed"": 20461623}"
extreme_s00_q0011,n3p_k1,Extreme,d20_inf,False,False,3.515014677075669,4887,,,,0,,,0,0,1,1,True,0,0,,f2_failed:prediction:goal_in_collision;goal:timeout;f3_failed:timeout,"{""profile_name"": ""extreme_d04"", ""map_seed"": 20460622, ""query_seed"": 20461623}"
extreme_s00_q0011,voronoi_waypoint,Extreme,d20_inf,True,True,1.0872145518660545,54,34.76307986167192,,,0,0.21357923840619747,0.07122597021452037,0,0,0,0,False,,,,,"{""profile_name"": ""extreme_d04"", ""map_seed"": 20460622, ""query_seed"": 20461623, ""waypoint_count"": 6}"
extreme_s00_q0011,bottleneck_waypoint,Extreme,d20_inf,True,True,1.2016320321708918,12,34.21719586141297,,,0,0.20821246207811925,0.06746774821510693,0,0,0,0,False,,,,,"{""profile_name"": ""extreme_d04"", ""map_seed"": 20460622, ""query_seed"": 20461623, ""waypoint_count"": 7, ""bottleneck_count"": 7}"
extreme_s00_q0012,vanilla_ha,Extreme,d08_12,True,False,0.832646369934082,957,11.85395407445918,,,0,0.2358930205653365,0.03783490661869304,4,0,0,0,False,,,,,"{""profile_name"": ""extreme_d05"", ""map_seed"": 20460622, ""query_seed"": 20461624}"
extreme_s00_q0012,f_n3p_knn,Extreme,d08_12,True,True,0.6320145300123841,36,13.820404789606364,,,3,0.31672691055479296,0.06045625309636843,0,6,1,0,True,2,3,0.6666666666666666,,"{""profile_name"": ""extreme_d05"", ""map_seed"": 20460622, ""query_seed"": 20461624}"
extreme_s00_q0012,n3p_k1,Extreme,d08_12,True,True,0.4536332590505481,3,13.608134474995952,,,3,0.2637991926602657,0.08505948699913357,0,0,1,0,True,2,2,1.0,,"{""profile_name"": ""extreme_d05"", ""map_seed"": 20460622, ""query_seed"": 20461624}"
extreme_s00_q0012,voronoi_waypoint,Extreme,d08_12,True,True,0.7389149649534374,303,13.700267453134982,,,1,0.3630483506095941,0.1287785210219674,0,0,0,0,False,,,,,"{""profile_name"": ""extreme_d05"", ""map_seed"": 20460622, ""query_seed"": 20461624, ""waypoint_count"": 2}"
extreme_s00_q0012,bottleneck_waypoint,Extreme,d08_12,True,True,0.474706751992926,3,13.552937406749471,,,1,0.2681544083100245,0.07436488568404531,0,0,0,0,False,,,,,"{""profile_name"": ""extreme_d05"", ""map_seed"": 20460622, ""query_seed"": 20461624, ""waypoint_count"": 2, ""bottleneck_count"": 2}"
extreme_s00_q0013,vanilla_ha,Extreme,d12_16,True,True,0.26127052307128906,169,15.837726178564015,,,0,0.18651464841556556,0.0638652780657395,0,0,0,0,False,,,,,"{""profile_name"": ""extreme_d06"", ""map_seed"": 20460622, ""query_seed"": 20461625}"
extreme_s00_q0013,f_n3p_knn,Extreme,d12_16,True,True,0.3139671990647912,2,15.600450751930826,15.837726178564015,-0.014981659864427788,0,0.03411350971801188,0.06005046440050943,0,1,0,0,True,1,2,0.5,,"{""profile_name"": ""extreme_d06"", ""map_seed"": 20460622, ""query_seed"": 20461625}"
extreme_s00_q0013,n3p_k1,Extreme,d12_16,True,True,0.362957573030144,66,16.500550098976003,15.837726178564015,0.041850952146723186,1,0.0807382048967562,0.06005046440050943,0,0,1,0,True,1,1,1.0,,"{""profile_name"": ""extreme_d06"", ""map_seed"": 20460622, ""query_seed"": 20461625}"
extreme_s00_q0013,voronoi_waypoint,Extreme,d12_16,True,True,0.6226130612194538,4,17.496618928864233,15.837726178564015,0.10474311347455223,2,0.2663049038983081,0.4490748309526942,0,0,0,0,False,,,,,"{""profile_name"": ""extreme_d06"", ""map_seed"": 20460622, ""query_seed"": 20461625, ""waypoint_count"": 3}"
extreme_s00_q0013,bottleneck_waypoint,Extreme,d12_16,True,True,0.6235440510790795,4,16.945489732370802,15.837726178564015,0.06994460829270555,0,0.2871520882414448,0.4490748309526952,0,0,0,0,False,,,,,"{""profile_name"": ""extreme_d06"", ""map_seed"": 20460622, ""query_seed"": 20461625, ""waypoint_count"": 3, ""bottleneck_count"": 3}"
extreme_s00_q0014,vanilla_ha,Extreme,d16_20,False,False,2.5008912086486816,3369,,,,0,,,0,0,0,0,False,,,,timeout,"{""profile_name"": ""extreme_d07"", ""map_seed"": 20460622, ""query_seed"": 20461626}"
extreme_s00_q0014,f_n3p_knn,Extreme,d16_20,False,False,3.513313564006239,4733,,,,0,,,0,4,1,1,True,0,0,,f2_failed:prediction:goal_in_collision;goal:timeout;f3_failed:timeout,"{""profile_name"": ""extreme_d07"", ""map_seed"": 20460622, ""query_seed"": 20461626}"
extreme_s00_q0014,n3p_k1,Extreme,d16_20,False,False,3.5108009791001678,4723,,,,0,,,0,0,1,1,True,0,0,,f2_failed:prediction:goal_in_collision;goal:timeout;f3_failed:timeout,"{""profile_name"": ""extreme_d07"", ""map_seed"": 20460622, ""query_seed"": 20461626}"
extreme_s00_q0014,voronoi_waypoint,Extreme,d16_20,True,True,0.706746825017035,106,20.63642292335679,,,1,0.2628872338910593,0.08521012105074255,0,0,0,0,False,,,,,"{""profile_name"": ""extreme_d07"", ""map_seed"": 20460622, ""query_seed"": 20461626, ""waypoint_count"": 3}"
extreme_s00_q0014,bottleneck_waypoint,Extreme,d16_20,True,True,0.7488912208937109,193,21.012884830620678,,,3,0.30493461986961556,0.10126288315478527,0,0,0,0,False,,,,,"{""profile_name"": ""extreme_d07"", ""map_seed"": 20460622, ""query_seed"": 20461626, ""waypoint_count"": 3, ""bottleneck_count"": 3}"
extreme_s00_q0015,vanilla_ha,Extreme,d20_inf,False,False,2.500351667404175,4945,,,,0,,,0,0,0,0,False,,,,timeout,"{""profile_name"": ""extreme_d03"", ""map_seed"": 20460623, ""query_seed"": 20461623}"
extreme_s00_q0015,f_n3p_knn,Extreme,d20_inf,True,True,0.798751040128991,39,26.753024971246077,,,0,0.18416483504829712,0.07275623130125874,0,9,2,0,True,2,3,0.6666666666666666,,"{""profile_name"": ""extreme_d03"", ""map_seed"": 20460623, ""query_seed"": 20461623}"
extreme_s00_q0015,n3p_k1,Extreme,d20_inf,False,False,3.515483238035813,6922,,,,0,,,0,0,1,1,True,0,0,,f2_failed:prediction:goal_in_collision;goal:timeout;f3_failed:timeout,"{""profile_name"": ""extreme_d03"", ""map_seed"": 20460623, ""query_seed"": 20461623}"
extreme_s00_q0015,voronoi_waypoint,Extreme,d20_inf,True,True,0.9032026350032538,6,28.28499057890656,,,0,0.1915437116733065,0.10628564303361387,0,0,0,0,False,,,,,"{""profile_name"": ""extreme_d03"", ""map_seed"": 20460623, ""query_seed"": 20461623, ""waypoint_count"": 5}"
extreme_s00_q0015,bottleneck_waypoint,Extreme,d20_inf,True,True,0.9090045809280127,6,27.195447180082727,,,0,0.16137933775158406,0.2342019760954156,0,0,0,0,False,,,,,"{""profile_name"": ""extreme_d03"", ""map_seed"": 20460623, ""query_seed"": 20461623, ""waypoint_count"": 5, ""bottleneck_count"": 5}"
extreme_s00_q0016,vanilla_ha,Extreme,d08_12,True,True,0.4163534641265869,421,8.216567515378488,,,0,0.22737979721962234,0.0714905778131738,0,0,0,0,False,,,,,"{""profile_name"": ""extreme_d04"", ""map_seed"": 20460623, ""query_seed"": 20461624}"
extreme_s00_q0016,f_n3p_knn,Extreme,d08_12,True,True,0.30616237805224955,2,9.285771156863555,8.216567515378488,0.13012777409592258,3,0.29133407100532116,0.06125073691858063,0,4,0,0,True,0,2,0.0,,"{""profile_name"": ""extreme_d04"", ""map_seed"": 20460623, ""query_seed"": 20461624}"
extreme_s00_q0016,n3p_k1,Extreme,d08_12,True,True,0.2097177798859775,57,8.23525655775717,8.216567515378488,0.0022745559315009434,0,0.25325036339497387,0.10636043375234272,0,0,1,0,True,0,0,,,"{""profile_name"": ""extreme_d04"", ""map_seed"": 20460623, ""query_seed"": 20461624}"
extreme_s00_q0016,voronoi_waypoint,Extreme,d08_12,True,True,0.33075221604667604,2,9.920475486704532,8.216567515378488,0.2073746693052707,0,0.35014368139024665,0.35848280376158836,0,0,0,0,False,,,,,"{""profile_name"": ""extreme_d04"", ""map_seed"": 20460623, ""query_seed"": 20461624, ""waypoint_count"": 1}"
extreme_s00_q0016,bottleneck_waypoint,Extreme,d08_12,True,True,0.33324892399832606,2,9.030781564586707,8.216567515378488,0.09909418351206889,0,0.27625591949767786,0.35848280376158836,0,0,0,0,False,,,,,"{""profile_name"": ""extreme_d04"", ""map_seed"": 20460623, ""query_seed"": 20461624, ""waypoint_count"": 1, ""bottleneck_count"": 1}"
extreme_s00_q0017,vanilla_ha,Extreme,d12_16,True,True,0.15891766548156738,29,12.213160947378231,,,0,0.07703355202650367,0.06945831891812504,0,0,0,0,False,,,,,"{""profile_name"": ""extreme_d05"", ""map_seed"": 20460623, ""query_seed"": 20461625}"
extreme_s00_q0017,f_n3p_knn,Extreme,d12_16,True,True,0.15662078512832522,1,12.381252936739138,12.213160947378231,0.013763184656711669,0,0.1076585979824844,0.10032385294364199,0,1,0,0,True,0,1,0.0,,"{""profile_name"": ""extreme_d05"", ""map_seed"": 20460623, ""query_seed"": 20461625}"
extreme_s00_q0017,n3p_k1,Extreme,d12_16,True,True,1.1707605810370296,924,12.214801687915537,12.213160947378231,0.0001343420056754141,0,0.07702320457471755,0.06945831891812504,0,0,1,0,True,0,0,,,"{""profile_name"": ""extreme_d05"", ""map_seed"": 20460623, ""query_seed"": 20461625}"
extreme_s00_q0017,voronoi_waypoint,Extreme,d12_16,True,True,0.4695757699664682,3,13.581050390231272,12.213160947378231,0.11200126230602758,0,0.2619957573923837,0.19669168350960975,0,0,0,0,False,,,,,"{""profile_name"": ""extreme_d05"", ""map_seed"": 20460623, ""query_seed"": 20461625, ""waypoint_count"": 2}"
extreme_s00_q0017,bottleneck_waypoint,Extreme,d12_16,True,True,0.4730249128770083,3,12.53969939466316,12.213160947378231,0.026736603954689242,0,0.16433836156596213,0.17056972031922035,0,0,0,0,False,,,,,"{""profile_name"": ""extreme_d05"", ""map_seed"": 20460623, ""query_seed"": 20461625, ""waypoint_count"": 2, ""bottleneck_count"": 2}"
extreme_s00_q0018,vanilla_ha,Extreme,d16_20,True,True,0.5006422996520996,541,20.380136033493677,,,0,0.29896050127058105,0.06668772730253159,0,0,0,0,False,,,,,"{""profile_name"": ""extreme_d06"", ""map_seed"": 20460623, ""query_seed"": 20461626}"
extreme_s00_q0018,f_n3p_knn,Extreme,d16_20,True,True,0.4831663651857525,38,22.6068791157685,20.380136033493677,0.10926046217823515,3,0.2429395488891332,0.06120213631293647,0,4,1,0,True,2,2,1.0,,"{""profile_name"": ""extreme_d06"", ""map_seed"": 20460623, ""query_seed"": 20461626}"
extreme_s00_q0018,n3p_k1,Extreme,d16_20,True,True,0.47802178119309247,38,22.6068791157685,20.380136033493677,0.10926046217823515,3,0.2429395488891332,0.06120213631293647,0,0,1,0,True,2,2,1.0,,"{""profile_name"": ""extreme_d06"", ""map_seed"": 20460623, ""query_seed"": 20461626}"
extreme_s00_q0018,voronoi_waypoint,Extreme,d16_20,True,True,1.1601508520543575,611,21.936027215705263,20.380136033493677,0.07634351309797749,2,0.2246365605548011,0.05567727478020956,0,0,0,0,False,,,,,"{""profile_name"": ""extreme_d06"", ""map_seed"": 20460623, ""query_seed"": 20461626, ""waypoint_count"": 3}"
extreme_s00_q0018,bottleneck_waypoint,Extreme,d16_20,True,True,0.6311248010024428,16,20.435559180566777,20.380136033493677,0.002719468946724035,0,0.18089327502620653,0.0793217436579099,0,0,0,0,False,,,,,"{""profile_name"": ""extreme_d06"", ""map_seed"": 20460623, ""query_seed"": 20461626, ""waypoint_count"": 3, ""bottleneck_count"": 3}"
extreme_s00_q0019,vanilla_ha,Extreme,d20_inf,True,True,0.14896464347839355,1,24.716391322359343,,,0,0.0,0.09695163200551171,0,0,0,0,False,,,,,"{""profile_name"": ""extreme_d07"", ""map_seed"": 20460623, ""query_seed"": 20461627}"
extreme_s00_q0019,f_n3p_knn,Extreme,d20_inf,True,True,0.000949610024690628,0,24.71639132235934,24.716391322359343,-1.1102230246251565e-16,0,0.0,0.09695163200551171,0,0,0,0,False,0,0,,,"{""profile_name"": ""extreme_d07"", ""map_seed"": 20460623, ""query_seed"": 20461627}"
extreme_s00_q0019,n3p_k1,Extreme,d20_inf,True,True,0.0010121609084308147,0,24.71639132235934,24.716391322359343,-1.1102230246251565e-16,0,0.0,0.09695163200551171,0,0,0,0,False,0,0,,,"{""profile_name"": ""extreme_d07"", ""map_seed"": 20460623, ""query_seed"": 20461627}"
extreme_s00_q0019,voronoi_waypoint,Extreme,d20_inf,True,True,0.8396430942229927,105,26.937803367180642,24.716391322359343,0.08987606709446005,2,0.22297421250231633,0.058872592226070275,0,0,0,0,False,,,,,"{""profile_name"": ""extreme_d07"", ""map_seed"": 20460623, ""query_seed"": 20461627, ""waypoint_count"": 4}"
extreme_s00_q0019,bottleneck_waypoint,Extreme,d20_inf,True,True,0.631827776087448,4,26.11383093960042,24.716391322359343,0.05653898253249068,0,0.12972331143056834,0.0793217436579099,0,0,0,0,False,,,,,"{""profile_name"": ""extreme_d07"", ""map_seed"": 20460623, ""query_seed"": 20461627, ""waypoint_count"": 3, ""bottleneck_count"": 3}"
extreme_s01_q0020,vanilla_ha,Extreme,d08_12,True,False,0.2416703701019287,161,13.216568623069424,,,1,0.1637495522564143,-0.006867874044235833,5,0,0,0,False,,,,,"{""profile_name"": ""extreme_d03"", ""map_seed"": 20470620, ""query_seed"": 20471620}"
extreme_s01_q0020,f_n3p_knn,Extreme,d08_12,True,True,0.29671376710757613,157,13.336255302603657,,,1,0.20072980968410678,0.08957085524597075,0,4,1,0,True,0,0,,,"{""profile_name"": ""extreme_d03"", ""map_seed"": 20470620, ""query_seed"": 20471620}"
extreme_s01_q0020,n3p_k1,Extreme,d08_12,True,True,0.29573144507594407,157,13.336255302603657,,,1,0.20072980968410678,0.08957085524597075,0,0,1,0,True,0,0,,,"{""profile_name"": ""extreme_d03"", ""map_seed"": 20470620, ""query_seed"": 20471620}"
extreme_s01_q0020,voronoi_waypoint,Extreme,d08_12,True,True,0.6140251429751515,186,11.928033044076715,,,1,0.35007417994741064,0.08532348338336593,0,0,0,0,False,,,,,"{""profile_name"": ""extreme_d03"", ""map_seed"": 20470620, ""query_seed"": 20471620, ""waypoint_count"": 2}"
extreme_s01_q0020,bottleneck_waypoint,Extreme,d08_12,True,True,0.4837183761410415,7,12.987448935059165,,,3,0.2481503703855355,0.13648801090157336,0,0,0,0,False,,,,,"{""profile_name"": ""extreme_d03"", ""map_seed"": 20470620, ""query_seed"": 20471620, ""waypoint_count"": 2, ""bottleneck_count"": 2}"
extreme_s01_q0021,vanilla_ha,Extreme,d12_16,True,False,0.9064581394195557,1171,14.073483666817443,,,0,0.1228451853591701,0.00989759559883685,8,0,0,0,False,,,,,"{""profile_name"": ""extreme_d04"", ""map_seed"": 20470620, ""query_seed"": 20471621}"
extreme_s01_q0021,f_n3p_knn,Extreme,d12_16,True,True,0.15678302198648453,1,14.17689610205906,,,0,0.05686934216754837,0.11209898614859137,0,0,0,0,False,1,1,1.0,,"{""profile_name"": ""extreme_d04"", ""map_seed"": 20470620, ""query_seed"": 20471621}"
extreme_s01_q0021,n3p_k1,Extreme,d12_16,True,True,0.1563562429510057,1,14.17689610205906,,,0,0.05686934216754837,0.11209898614859137,0,0,0,0,False,1,1,1.0,,"{""profile_name"": ""extreme_d04"", ""map_seed"": 20470620, ""query_seed"": 20471621}"
extreme_s01_q0021,voronoi_waypoint,Extreme,d12_16,True,True,0.5975481499917805,159,15.672662720618879,,,2,0.3027159891248602,0.08871165122459324,0,0,0,0,False,,,,,"{""profile_name"": ""extreme_d04"", ""map_seed"": 20470620, ""query_seed"": 20471621, ""waypoint_count"": 2}"
extreme_s01_q0021,bottleneck_waypoint,Extreme,d12_16,True,True,0.4779117039870471,3,14.41821158695321,,,0,0.22454847775822434,0.1262388159072939,0,0,0,0,False,,,,,"{""profile_name"": ""extreme_d04"", ""map_seed"": 20470620, ""query_seed"": 20471621, ""waypoint_count"": 2, ""bottleneck_count"": 2}"
extreme_s01_q0022,vanilla_ha,Extreme,d16_20,True,True,0.2064836025238037,81,16.996358561731302,,,0,0.13549129472600166,0.1985499267289177,0,0,0,0,False,,,,,"{""profile_name"": ""extreme_d05"", ""map_seed"": 20470620, ""query_seed"": 20471622}"
extreme_s01_q0022,f_n3p_knn,Extreme,d16_20,True,True,0.3059844879899174,2,16.58522053238124,16.996358561731302,-0.024189771465269905,0,0.0681783235435839,0.087887560416684,0,0,0,0,False,2,2,1.0,,"{""profile_name"": ""extreme_d05"", ""map_seed"": 20470620, ""query_seed"": 20471622}"
extreme_s01_q0022,n3p_k1,Extreme,d16_20,True,True,0.3098395529668778,2,16.58522053238124,16.996358561731302,-0.024189771465269905,0,0.0681783235435839,0.087887560416684,0,0,0,0,False,2,2,1.0,,"{""profile_name"": ""extreme_d05"", ""map_seed"": 20470620, ""query_seed"": 20471622}"
extreme_s01_q0022,voronoi_waypoint,Extreme,d16_20,True,True,0.474487324943766,3,16.941404346550186,16.996358561731302,-0.0032332934717469453,0,0.1478551079311848,0.7027921544622442,0,0,0,0,False,,,,,"{""profile_name"": ""extreme_d05"", ""map_seed"": 20470620, ""query_seed"": 20471622, ""waypoint_count"": 2}"
extreme_s01_q0022,bottleneck_waypoint,Extreme,d16_20,True,True,0.47516955295577645,3,16.659831716514564,16.996358561731302,-0.0197999379687398,0,0.13622268392979325,0.6126981139370609,0,0,0,0,False,,,,,"{""profile_name"": ""extreme_d05"", ""map_seed"": 20470620, ""query_seed"": 20471622, ""waypoint_count"": 2, ""bottleneck_count"": 2}"
extreme_s01_q0023,vanilla_ha,Extreme,d20_inf,True,True,0.8607339859008789,1257,22.152530969974237,,,0,0.2250271010341335,0.08725825271925092,0,0,0,0,False,,,,,"{""profile_name"": ""extreme_d06"", ""map_seed"": 20470620, ""query_seed"": 20471623}"
extreme_s01_q0023,f_n3p_knn,Extreme,d20_inf,True,True,1.4744850189890712,1339,21.638244003401066,22.152530969974237,-0.023215720464187184,0,0.24486834398567386,0.07224651566976092,0,5,1,0,True,0,1,0.0,,"{""profile_name"": ""extreme_d06"", ""map_seed"": 20470620, ""query_seed"": 20471623}"
extreme_s01_q0023,n3p_k1,Extreme,d20_inf,True,True,0.3682247169781476,78,21.79152094059733,22.152530969974237,-0.016296559064344573,0,0.24023978946397267,0.08725825271925092,0,0,2,0,True,0,0,,,"{""profile_name"": ""extreme_d06"", ""map_seed"": 20470620, ""query_seed"": 20471623}"
extreme_s01_q0023,voronoi_waypoint,Extreme,d20_inf,True,True,0.9875448059756309,288,22.74679325054398,22.152530969974237,0.02682593160010538,1,0.3063495380709946,0.06266036657698204,0,0,0,0,False,,,,,"{""profile_name"": ""extreme_d06"", ""map_seed"": 20470620, ""query_seed"": 20471623, ""waypoint_count"": 4}"
extreme_s01_q0023,bottleneck_waypoint,Extreme,d20_inf,True,True,0.760469829197973,5,22.340642356314493,22.152530969974237,0.008491643081109945,0,0.2169589312742295,0.10490266231188383,0,0,0,0,False,,,,,"{""profile_name"": ""extreme_d06"", ""map_seed"": 20470620, ""query_seed"": 20471623, ""waypoint_count"": 4, ""bottleneck_count"": 4}"
extreme_s01_q0024,vanilla_ha,Extreme,d08_12,True,False,0.1486954689025879,13,8.772815653376101,,,0,0.20990393302448293,-0.09500974781959198,11,0,0,0,False,,,,,"{""profile_name"": ""extreme_d07"", ""map_seed"": 20470620, ""query_seed"": 20471624}"
extreme_s01_q0024,f_n3p_knn,Extreme,d08_12,True,True,0.15053538302890956,1,8.619933911073778,,,0,0.15540881898824577,0.09231808247370576,0,0,0,0,False,1,1,1.0,,"{""profile_name"": ""extreme_d07"", ""map_seed"": 20470620, ""query_seed"": 20471624}"
extreme_s01_q0024,n3p_k1,Extreme,d08_12,True,True,0.15037434711121023,1,8.619933911073778,,,0,0.15540881898824577,0.09231808247370576,0,0,0,0,False,1,1,1.0,,"{""profile_name"": ""extreme_d07"", ""map_seed"": 20470620, ""query_seed"": 20471624}"
extreme_s01_q0024,voronoi_waypoint,Extreme,d08_12,True,True,0.3368179160170257,10,8.841649383572035,,,0,0.24648036364608664,0.06124729545886065,0,0,0,0,False,,,,,"{""profile_name"": ""extreme_d07"", ""map_seed"": 20470620, ""query_seed"": 20471624, ""waypoint_count"": 1}"
extreme_s01_q0024,bottleneck_waypoint,Extreme,d08_12,True,True,0.6066101570613682,4,10.913894383443935,,,1,0.4100110475985959,0.5564461921778212,0,0,0,0,False,,,,,"{""profile_name"": ""extreme_d07"", ""map_seed"": 20470620, ""query_seed"": 20471624, ""waypoint_count"": 3, ""bottleneck_count"": 3}"
extreme_s01_q0025,vanilla_ha,Extreme,d12_16,True,True,0.21178722381591797,91,14.686317581904762,,,0,0.2127447012489454,0.06601957926436419,0,0,0,0,False,,,,,"{""profile_name"": ""extreme_d03"", ""map_seed"": 20470621, ""query_seed"": 20471621}"
extreme_s01_q0025,f_n3p_knn,Extreme,d12_16,True,True,0.3071332850959152,2,14.463265816374523,14.686317581904762,-0.015187725873847646,0,0.07075755222396293,0.2089976831251511,0,1,0,0,True,1,2,0.5,,"{""profile_name"": ""extreme_d03"", ""map_seed"": 20470621, ""query_seed"": 20471621}"
extreme_s01_q0025,n3p_k1,Extreme,d12_16,True,True,0.3148548100143671,14,14.426225504469514,14.686317581904762,-0.017709822491903005,0,0.055552220232496084,0.08565694339663621,0,0,1,0,True,1,1,1.0,,"{""profile_name"": ""extreme_d03"", ""map_seed"": 20470621, ""query_seed"": 20471621}"
extreme_s01_q0025,voronoi_waypoint,Extreme,d12_16,True,True,0.6148098921403289,4,18.356069041721266,14.686317581904762,0.24987553478606928,1,0.28642574961019773,0.45944418448410096,0,0,0,0,False,,,,,"{""profile_name"": ""extreme_d03"", ""map_seed"": 20470621, ""query_seed"": 20471621, ""waypoint_count"": 3}"
extreme_s01_q0025,bottleneck_waypoint,Extreme,d12_16,True,True,0.6171383720356971,4,19.05770649395404,14.686317581904762,0.2976504414854364,3,0.3615351673343443,0.09203460847187372,0,0,0,0,False,,,,,"{""profile_name"": ""extreme_d03"", ""map_seed"": 20470621, ""query_seed"": 20471621, ""waypoint_count"": 3, ""bottleneck_count"": 3}"
extreme_s01_q0026,vanilla_ha,Extreme,d16_20,True,False,0.29810118675231934,256,20.63985975349833,,,0,0.20458553337964733,-0.07314182684774911,10,0,0,0,False,,,,,"{""profile_name"": ""extreme_d04"", ""map_seed"": 20470621, ""query_seed"": 20471622}"
extreme_s01_q0026,f_n3p_knn,Extreme,d16_20,True,True,1.3221238648984581,1149,20.647979613820606,,,2,0.2573700180738888,0.09667451178473652,0,4,1,0,True,2,2,1.0,,"{""profile_name"": ""extreme_d04"", ""map_seed"": 20470621, ""query_seed"": 20471622}"
extreme_s01_q0026,n3p_k1,Extreme,d16_20,True,True,1.3181168399751186,1149,20.647979613820606,,,2,0.2573700180738888,0.09667451178473652,0,0,1,0,True,2,2,1.0,,"{""profile_name"": ""extreme_d04"", ""map_seed"": 20470621, ""query_seed"": 20471622}"
extreme_s01_q0026,voronoi_waypoint,Extreme,d16_20,True,True,0.6285395899321884,10,20.730085789217263,,,0,0.25972972658816695,0.11498104373535589,0,0,0,0,False,,,,,"{""profile_name"": ""extreme_d04"", ""map_seed"": 20470621, ""query_seed"": 20471622, ""waypoint_count"": 3}"
extreme_s01_q0026,bottleneck_waypoint,Extreme,d16_20,True,True,0.6220331161748618,4,20.158852494993283,,,0,0.16998764957117463,0.13643943032143124,0,0,0,0,False,,,,,"{""profile_name"": ""extreme_d04"", ""map_seed"": 20470621, ""query_seed"": 20471622, ""waypoint_count"": 3, ""bottleneck_count"": 3}"
extreme_s01_q0027,vanilla_ha,Extreme,d20_inf,False,False,2.5003280639648438,5050,,,,0,,,0,0,0,0,False,,,,timeout,"{""profile_name"": ""extreme_d05"", ""map_seed"": 20470621, ""query_seed"": 20471623}"
extreme_s01_q0027,f_n3p_knn,Extreme,d20_inf,False,False,4.390671740984544,8370,,,,0,,,0,4,1,1,True,0,0,,f2_failed:prediction:timeout;goal:node_budget_exhausted;f3_failed:timeout,"{""profile_name"": ""extreme_d05"", ""map_seed"": 20470621, ""query_seed"": 20471623}"
extreme_s01_q0027,n3p_k1,Extreme,d20_inf,False,False,4.387778101023287,8372,,,,0,,,0,0,1,1,True,0,0,,f2_failed:prediction:timeout;goal:node_budget_exhausted;f3_failed:timeout,"{""profile_name"": ""extreme_d05"", ""map_seed"": 20470621, ""query_seed"": 20471623}"
extreme_s01_q0027,voronoi_waypoint,Extreme,d20_inf,True,True,0.761007621884346,5,23.618639760223317,,,0,0.16711932783049757,0.1328929104134866,0,0,0,0,False,,,,,"{""profile_name"": ""extreme_d05"", ""map_seed"": 20470621, ""query_seed"": 20471623, ""waypoint_count"": 4}"
extreme_s01_q0027,bottleneck_waypoint,Extreme,d20_inf,True,True,0.7634178570006043,5,23.857175020189217,,,0,0.23971425015616202,0.13289291041348705,0,0,0,0,False,,,,,"{""profile_name"": ""extreme_d05"", ""map_seed"": 20470621, ""query_seed"": 20471623, ""waypoint_count"": 4, ""bottleneck_count"": 4}"
extreme_s01_q0028,vanilla_ha,Extreme,d08_12,False,False,2.5008156299591064,3025,,,,0,,,0,0,0,0,False,,,,timeout,"{""profile_name"": ""extreme_d06"", ""map_seed"": 20470621, ""query_seed"": 20471624}"
extreme_s01_q0028,f_n3p_knn,Extreme,d08_12,False,False,3.512580995913595,4337,,,,0,,,0,4,1,1,True,0,0,,f2_failed:prediction:goal_in_collision;goal:timeout;f3_failed:timeout,"{""profile_name"": ""extreme_d06"", ""map_seed"": 20470621, ""query_seed"": 20471624}"
extreme_s01_q0028,n3p_k1,Extreme,d08_12,False,False,3.512698723934591,4299,,,,0,,,0,0,1,1,True,0,0,,f2_failed:prediction:goal_in_collision;goal:timeout;f3_failed:timeout,"{""profile_name"": ""extreme_d06"", ""map_seed"": 20470621, ""query_seed"": 20471624}"
extreme_s01_q0028,voronoi_waypoint,Extreme,d08_12,True,True,0.4784454258624464,6,11.357040316991622,,,0,0.24203379255207577,0.1479382145699466,0,0,0,0,False,,,,,"{""profile_name"": ""extreme_d06"", ""map_seed"": 20470621, ""query_seed"": 20471624, ""waypoint_count"": 2}"
extreme_s01_q0028,bottleneck_waypoint,Extreme,d08_12,True,True,0.3426419000606984,14,11.406489268089109,,,0,0.27619587615160035,0.11334162738682685,0,0,0,0,False,,,,,"{""profile_name"": ""extreme_d06"", ""map_seed"": 20470621, ""query_seed"": 20471624, ""waypoint_count"": 1, ""bottleneck_count"": 1}"
extreme_s01_q0029,vanilla_ha,Extreme,d12_16,False,False,2.5006282329559326,3223,,,,0,,,0,0,0,0,False,,,,timeout,"{""profile_name"": ""extreme_d07"", ""map_seed"": 20470621, ""query_seed"": 20471625}"
extreme_s01_q0029,f_n3p_knn,Extreme,d12_16,False,False,3.513727823039517,4570,,,,0,,,0,4,1,1,True,0,0,,f2_failed:prediction:goal_in_collision;goal:timeout;f3_failed:timeout,"{""profile_name"": ""extreme_d07"", ""map_seed"": 20470621, ""query_seed"": 20471625}"
extreme_s01_q0029,n3p_k1,Extreme,d12_16,False,False,3.5142973239999264,4552,,,,0,,,0,0,1,1,True,0,0,,f2_failed:prediction:goal_in_collision;goal:timeout;f3_failed:timeout,"{""profile_name"": ""extreme_d07"", ""map_seed"": 20470621, ""query_seed"": 20471625}"
extreme_s01_q0029,voronoi_waypoint,Extreme,d12_16,True,True,0.47583181597292423,6,14.649968990882261,,,0,0.2142975304280186,0.07160834370078473,0,0,0,0,False,,,,,"{""profile_name"": ""extreme_d07"", ""map_seed"": 20470621, ""query_seed"": 20471625, ""waypoint_count"": 2}"
extreme_s01_q0029,bottleneck_waypoint,Extreme,d12_16,True,True,0.47928824299015105,3,14.943566689927012,,,0,0.20652902701730189,0.07400578280945203,0,0,0,0,False,,,,,"{""profile_name"": ""extreme_d07"", ""map_seed"": 20470621, ""query_seed"": 20471625, ""waypoint_count"": 2, ""bottleneck_count"": 2}"
extreme_s01_q0030,vanilla_ha,Extreme,d16_20,False,False,2.5003206729888916,4231,,,,0,,,0,0,0,0,False,,,,timeout,"{""profile_name"": ""extreme_d03"", ""map_seed"": 20470622, ""query_seed"": 20471622}"
extreme_s01_q0030,f_n3p_knn,Extreme,d16_20,True,True,0.31123808212578297,2,19.26450850007244,,,0,0.12307210910187845,0.3767862403919202,0,1,0,0,True,1,2,0.5,,"{""profile_name"": ""extreme_d03"", ""map_seed"": 20470622, ""query_seed"": 20471622}"
extreme_s01_q0030,n3p_k1,Extreme,d16_20,False,False,3.513295884942636,6390,,,,0,,,0,0,1,1,True,0,0,,f2_failed:prediction:goal_in_collision;goal:timeout;f3_failed:timeout,"{""profile_name"": ""extreme_d03"", ""map_seed"": 20470622, ""query_seed"": 20471622}"
extreme_s01_q0030,voronoi_waypoint,Extreme,d16_20,True,True,0.6244455859996378,4,20.34576613455495,,,0,0.2675907988698622,0.4070213936739474,0,0,0,0,False,,,,,"{""profile_name"": ""extreme_d03"", ""map_seed"": 20470622, ""query_seed"": 20471622, ""waypoint_count"": 3}"
extreme_s01_q0030,bottleneck_waypoint,Extreme,d16_20,True,True,0.6225324750412256,4,19.334588121401577,,,0,0.2139637480359888,0.4070213936739474,0,0,0,0,False,,,,,"{""profile_name"": ""extreme_d03"", ""map_seed"": 20470622, ""query_seed"": 20471622, ""waypoint_count"": 3, ""bottleneck_count"": 3}"
extreme_s01_q0031,vanilla_ha,Extreme,d20_inf,True,True,0.23659753799438477,233,26.411944289312274,,,0,0.21145432398182565,0.06099906910879077,0,0,0,0,False,,,,,"{""profile_name"": ""extreme_d04"", ""map_seed"": 20470622, ""query_seed"": 20471623}"
extreme_s01_q0031,f_n3p_knn,Extreme,d20_inf,True,True,0.38084911997430027,170,26.566565370244266,26.411944289312274,0.005854210475317423,0,0.14020538405150682,0.14544970917358901,0,4,1,0,True,1,1,1.0,,"{""profile_name"": ""extreme_d04"", ""map_seed"": 20470622, ""query_seed"": 20471623}"
extreme_s01_q0031,n3p_k1,Extreme,d20_inf,True,True,0.381052915006876,170,26.566565370244266,26.411944289312274,0.005854210475317423,0,0.14020538405150682,0.14544970917358901,0,0,1,0,True,1,1,1.0,,"{""profile_name"": ""extreme_d04"", ""map_seed"": 20470622, ""query_seed"": 20471623}"
extreme_s01_q0031,voronoi_waypoint,Extreme,d20_inf,True,True,0.793716104933992,59,27.821912915878087,26.411944289312274,0.053383749833834315,0,0.23555231885104225,0.12348270817017548,0,0,0,0,False,,,,,"{""profile_name"": ""extreme_d04"", ""map_seed"": 20470622, ""query_seed"": 20471623, ""waypoint_count"": 4}"
extreme_s01_q0031,bottleneck_waypoint,Extreme,d20_inf,True,True,0.6154455421492457,4,27.133259449491256,26.411944289312274,0.0273101878558355,0,0.1255815361585109,0.08953116508194481,0,0,0,0,False,,,,,"{""profile_name"": ""extreme_d04"", ""map_seed"": 20470622, ""query_seed"": 20471623, ""waypoint_count"": 3, ""bottleneck_count"": 3}"
extreme_s01_q0032,vanilla_ha,Extreme,d08_12,True,False,0.2669253349304199,206,9.587310737392134,,,0,0.1030669432249152,0.06005582612340554,2,0,0,0,False,,,,,"{""profile_name"": ""extreme_d05"", ""map_seed"": 20470622, ""query_seed"": 20471624}"
extreme_s01_q0032,f_n3p_knn,Extreme,d08_12,True,True,0.15275926911272109,1,10.167819451647103,,,0,0.16339704890821777,0.12566840213224306,0,2,0,0,True,0,1,0.0,,"{""profile_name"": ""extreme_d05"", ""map_seed"": 20470622, ""query_seed"": 20471624}"
extreme_s01_q0032,n3p_k1,Extreme,d08_12,True,True,0.2789921669755131,206,9.598452410826702,,,0,0.10294730537350334,0.08816737649914341,0,0,1,0,True,0,0,,,"{""profile_name"": ""extreme_d05"", ""map_seed"": 20470622, ""query_seed"": 20471624}"
extreme_s01_q0032,voronoi_waypoint,Extreme,d08_12,True,True,0.32964466512203217,2,10.9769292470026,,,2,0.30290336806665286,0.29688055185753615,0,0,0,0,False,,,,,"{""profile_name"": ""extreme_d05"", ""map_seed"": 20470622, ""query_seed"": 20471624, ""waypoint_count"": 1}"
extreme_s01_q0032,bottleneck_waypoint,Extreme,d08_12,True,True,0.47264430206269026,3,10.697310758972076,,,0,0.2649072529169772,0.29688055185753615,0,0,0,0,False,,,,,"{""profile_name"": ""extreme_d05"", ""map_seed"": 20470622, ""query_seed"": 20471624, ""waypoint_count"": 2, ""bottleneck_count"": 2}"
extreme_s01_q0033,vanilla_ha,Extreme,d12_16,True,True,0.1774735450744629,49,13.511815242643417,,,0,0.13800595907011967,0.0703869092668894,0,0,0,0,False,,,,,"{""profile_name"": ""extreme_d06"", ""map_seed"": 20470622, ""query_seed"": 20471625}"
extreme_s01_q0033,f_n3p_knn,Extreme,d12_16,True,True,0.15792471705935895,1,13.746715844545736,13.511815242643417,0.01738482932781471,0,0.08537171074950776,0.08616157946551894,0,1,0,0,True,0,1,0.0,,"{""profile_name"": ""extreme_d06"", ""map_seed"": 20470622, ""query_seed"": 20471625}"
extreme_s01_q0033,n3p_k1,Extreme,d12_16,True,True,0.18866918398998678,47,13.629932654322317,13.511815242643417,0.008741787062490403,0,0.19603141148554368,0.0703518565361615,0,0,1,0,True,0,0,,,"{""profile_name"": ""extreme_d06"", ""map_seed"": 20470622, ""query_seed"": 20471625}"
extreme_s01_q0033,voronoi_waypoint,Extreme,d12_16,True,True,0.47695939685218036,3,14.224430175177472,13.511815242643417,0.052740132967851405,0,0.15956198195433713,0.43950638382472484,0,0,0,0,False,,,,,"{""profile_name"": ""extreme_d06"", ""map_seed"": 20470622, ""query_seed"": 20471625, ""waypoint_count"": 2}"
extreme_s01_q0033,bottleneck_waypoint,Extreme,d12_16,True,True,0.47803270001895726,3,14.118736697576418,13.511815242643417,0.04491783258089188,0,0.13455651471589458,0.43950638382472484,0,0,0,0,False,,,,,"{""profile_name"": ""extreme_d06"", ""map_seed"": 20470622, ""query_seed"": 20471625, ""waypoint_count"": 2, ""bottleneck_count"": 2}"
extreme_s01_q0034,vanilla_ha,Extreme,d16_20,True,True,0.2893035411834717,241,17.05780520621443,,,0,0.1893896230204893,0.06977570726597382,0,0,0,0,False,,,,,"{""profile_name"": ""extreme_d07"", ""map_seed"": 20470622, ""query_seed"": 20471626}"
extreme_s01_q0034,f_n3p_knn,Extreme,d16_20,True,True,0.3009167399723083,241,17.078476589132322,17.05780520621443,0.0012118430635121857,0,0.18916039031359624,0.07442597628938741,0,4,1,0,True,0,0,,,"{""profile_name"": ""extreme_d07"", ""map_seed"": 20470622, ""query_seed"": 20471626}"
extreme_s01_q0034,n3p_k1,Extreme,d16_20,True,True,0.2962615250144154,241,17.078476589132322,17.05780520621443,0.0012118430635121857,0,0.18916039031359624,0.07442597628938741,0,0,1,0,True,0,0,,,"{""profile_name"": ""extreme_d07"", ""map_seed"": 20470622, ""query_seed"": 20471626}"
extreme_s01_q0034,voronoi_waypoint,Extreme,d16_20,True,True,0.6118432180956006,4,19.137878396565725,17.05780520621443,0.12194260429199244,2,0.4317919036113575,0.07468929389107426,0,0,0,0,False,,,,,"{""profile_name"": ""extreme_d07"", ""map_seed"": 20470622, ""query_seed"": 20471626, ""waypoint_count"": 3}"
extreme_s01_q0034,bottleneck_waypoint,Extreme,d16_20,True,True,0.6087765709962696,4,17.79687326558004,17.05780520621443,0.043327265754937505,0,0.3654120256836007,0.08939417071296296,0,0,0,0,False,,,,,"{""profile_name"": ""extreme_d07"", ""map_seed"": 20470622, ""query_seed"": 20471626, ""waypoint_count"": 3, ""bottleneck_count"": 3}"
extreme_s01_q0035,vanilla_ha,Extreme,d20_inf,False,False,2.5001018047332764,4100,,,,0,,,0,0,0,0,False,,,,timeout,"{""profile_name"": ""extreme_d03"", ""map_seed"": 20470623, ""query_seed"": 20471623}"
extreme_s01_q0035,f_n3p_knn,Extreme,d20_inf,False,False,3.823181353043765,5614,,,,0,,,0,8,2,1,True,1,1,1.0,f2_failed:prediction:goal_in_collision;goal:timeout;f3_failed:timeout,"{""profile_name"": ""extreme_d03"", ""map_seed"": 20470623, ""query_seed"": 20471623}"
extreme_s01_q0035,n3p_k1,Extreme,d20_inf,False,False,3.8211300319526345,5587,,,,0,,,0,0,2,1,True,1,1,1.0,f2_failed:prediction:goal_in_collision;goal:timeout;f3_failed:timeout,"{""profile_name"": ""extreme_d03"", ""map_seed"": 20470623, ""query_seed"": 20471623}"
extreme_s01_q0035,voronoi_waypoint,Extreme,d20_inf,True,True,0.7573051310610026,5,23.19619263445663,,,0,0.2970125365298784,0.47348521724052717,0,0,0,0,False,,,,,"{""profile_name"": ""extreme_d03"", ""map_seed"": 20470623, ""query_seed"": 20471623, ""waypoint_count"": 4}"
extreme_s01_q0035,bottleneck_waypoint,Extreme,d20_inf,True,True,0.9059619400650263,6,23.159258283910393,,,0,0.30431717443521844,0.41568119072624166,0,0,0,0,False,,,,,"{""profile_name"": ""extreme_d03"", ""map_seed"": 20470623, ""query_seed"": 20471623, ""waypoint_count"": 5, ""bottleneck_count"": 5}"
extreme_s01_q0036,vanilla_ha,Extreme,d08_12,True,True,0.19133353233337402,73,11.155926339176691,,,0,0.20987563379777655,0.1926892094655679,0,0,0,0,False,,,,,"{""profile_name"": ""extreme_d04"", ""map_seed"": 20470623, ""query_seed"": 20471624}"
extreme_s01_q0036,f_n3p_knn,Extreme,d08_12,True,True,0.15713417110964656,1,11.193065705882816,11.155926339176691,0.003329115447428199,0,0.08162909034844795,0.14025366652142712,0,1,0,0,True,0,1,0.0,,"{""profile_name"": ""extreme_d04"", ""map_seed"": 20470623, ""query_seed"": 20471624}"
extreme_s01_q0036,n3p_k1,Extreme,d08_12,True,True,0.18028346495702863,29,11.240172365923474,11.155926339176691,0.007551683668879372,0,0.12019504936800397,0.10802021166297571,0,0,1,0,True,0,0,,,"{""profile_name"": ""extreme_d04"", ""map_seed"": 20470623, ""query_seed"": 20471624}"
extreme_s01_q0036,voronoi_waypoint,Extreme,d08_12,True,True,0.47838840796612203,3,12.877594609011416,11.155926339176691,0.15432768355494386,0,0.3780243765274738,0.12380821713242884,0,0,0,0,False,,,,,"{""profile_name"": ""extreme_d04"", ""map_seed"": 20470623, ""query_seed"": 20471624, ""waypoint_count"": 2}"
extreme_s01_q0036,bottleneck_waypoint,Extreme,d08_12,True,True,0.4767584230285138,3,11.801360051126604,11.155926339176691,0.05785568067828839,0,0.22468896092047747,0.7638108208586556,0,0,0,0,False,,,,,"{""profile_name"": ""extreme_d04"", ""map_seed"": 20470623, ""query_seed"": 20471624, ""waypoint_count"": 2, ""bottleneck_count"": 2}"
extreme_s01_q0037,vanilla_ha,Extreme,d12_16,True,False,0.35233283042907715,285,15.402590349796029,,,0,0.3422936471650452,0.06450653031923226,1,0,0,0,False,,,,,"{""profile_name"": ""extreme_d05"", ""map_seed"": 20470623, ""query_seed"": 20471625}"
extreme_s01_q0037,f_n3p_knn,Extreme,d12_16,True,True,0.34818351292051375,72,15.417442544397426,,,0,0.23337817320357493,0.06454953712514466,0,4,1,0,True,1,1,1.0,,"{""profile_name"": ""extreme_d05"", ""map_seed"": 20470623, ""query_seed"": 20471625}"
extreme_s01_q0037,n3p_k1,Extreme,d12_16,True,True,0.34515339811332524,72,15.417442544397426,,,0,0.23337817320357493,0.06454953712514466,0,0,1,0,True,1,1,1.0,,"{""profile_name"": ""extreme_d05"", ""map_seed"": 20470623, ""query_seed"": 20471625}"
extreme_s01_q0037,voronoi_waypoint,Extreme,d12_16,True,True,0.7286603648681194,106,16.689008025254232,,,0,0.32293126049698934,0.066887937755432,0,0,0,0,False,,,,,"{""profile_name"": ""extreme_d05"", ""map_seed"": 20470623, ""query_seed"": 20471625, ""waypoint_count"": 3}"
extreme_s01_q0037,bottleneck_waypoint,Extreme,d12_16,True,True,0.6169339688494802,4,16.286183662616402,,,0,0.17645582276559574,0.06521670000875568,0,0,0,0,False,,,,,"{""profile_name"": ""extreme_d05"", ""map_seed"": 20470623, ""query_seed"": 20471625, ""waypoint_count"": 3, ""bottleneck_count"": 3}"
extreme_s01_q0038,vanilla_ha,Extreme,d16_20,True,False,0.20905017852783203,177,19.685163751758036,,,0,0.1527518500216644,0.06325020584494168,1,0,0,0,False,,,,,"{""profile_name"": ""extreme_d06"", ""map_seed"": 20470623, ""query_seed"": 20471626}"
extreme_s01_q0038,f_n3p_knn,Extreme,d16_20,True,True,0.4850830330979079,63,20.074462576110854,,,0,0.21879642525722007,0.07311289708414193,0,9,1,0,True,0,2,0.0,,"{""profile_name"": ""extreme_d06"", ""map_seed"": 20470623, ""query_seed"": 20471626}"
extreme_s01_q0038,n3p_k1,Extreme,d16_20,True,True,0.21857297816313803,177,19.693739123441155,,,0,0.15268533629966313,0.06437758527283033,0,0,1,0,True,0,0,,,"{""profile_name"": ""extreme_d06"", ""map_seed"": 20470623, ""query_seed"": 20471626}"
extreme_s01_q0038,voronoi_waypoint,Extreme,d16_20,True,True,0.6116181309334934,4,22.16893234519244,,,0,0.22659236250035886,0.4408684832154375,0,0,0,0,False,,,,,"{""profile_name"": ""extreme_d06"", ""map_seed"": 20470623, ""query_seed"": 20471626, ""waypoint_count"": 3}"
extreme_s01_q0038,bottleneck_waypoint,Extreme,d16_20,True,True,0.6132130317855626,4,21.655412740504495,,,0,0.2158452157333028,0.4408684832154375,0,0,0,0,False,,,,,"{""profile_name"": ""extreme_d06"", ""map_seed"": 20470623, ""query_seed"": 20471626, ""waypoint_count"": 3, ""bottleneck_count"": 3}"
extreme_s01_q0039,vanilla_ha,Extreme,d20_inf,False,False,2.5003371238708496,5081,,,,0,,,0,0,0,0,False,,,,timeout,"{""profile_name"": ""extreme_d07"", ""map_seed"": 20470623, ""query_seed"": 20471627}"
extreme_s01_q0039,f_n3p_knn,Extreme,d20_inf,True,True,0.9381738430820405,22,32.24514071146935,,,0,0.1468095264654884,0.07577003101087831,0,8,1,0,True,2,5,0.4,,"{""profile_name"": ""extreme_d07"", ""map_seed"": 20470623, ""query_seed"": 20471627}"
extreme_s01_q0039,n3p_k1,Extreme,d20_inf,False,False,3.823218385921791,7204,,,,0,,,0,0,1,1,True,2,2,1.0,f2_failed:prediction:goal_in_collision;goal:timeout;f3_failed:timeout,"{""profile_name"": ""extreme_d07"", ""map_seed"": 20470623, ""query_seed"": 20471627}"
extreme_s01_q0039,voronoi_waypoint,Extreme,d20_inf,True,True,1.0451411278918386,7,33.52460165027788,,,0,0.25353285210191534,0.07368030777089973,0,0,0,0,False,,,,,"{""profile_name"": ""extreme_d07"", ""map_seed"": 20470623, ""query_seed"": 20471627, ""waypoint_count"": 6}"
extreme_s01_q0039,bottleneck_waypoint,Extreme,d20_inf,True,True,0.9114133480470628,6,34.32732486718143,,,2,0.23014947670420596,0.1635807699285038,0,0,0,0,False,,,,,"{""profile_name"": ""extreme_d07"", ""map_seed"": 20470623, ""query_seed"": 20471627, ""waypoint_count"": 5, ""bottleneck_count"": 5}"
extreme_s02_q0040,vanilla_ha,Extreme,d08_12,True,True,0.15144705772399902,8,9.569225995654667,,,0,0.14071995545432367,0.14271385691730387,0,0,0,0,False,,,,,"{""profile_name"": ""extreme_d03"", ""map_seed"": 20480620, ""query_seed"": 20481620}"
extreme_s02_q0040,f_n3p_knn,Extreme,d08_12,True,True,0.16092050401493907,7,9.656567987976018,9.569225995654667,0.009127383171952719,0,0.1502056781422847,0.14247938201767119,0,4,1,0,True,0,0,,,"{""profile_name"": ""extreme_d03"", ""map_seed"": 20480620, ""query_seed"": 20481620}"
extreme_s02_q0040,n3p_k1,Extreme,d08_12,True,True,0.16026490018703043,7,9.656567987976018,9.569225995654667,0.009127383171952719,0,0.1502056781422847,0.14247938201767119,0,0,1,0,True,0,0,,,"{""profile_name"": ""extreme_d03"", ""map_seed"": 20480620, ""query_seed"": 20481620}"
extreme_s02_q0040,voronoi_waypoint,Extreme,d08_12,True,True,0.3348719070199877,2,10.113861454544221,9.569225995654667,0.056915309465663144,0,0.26900951631650283,0.13416479954694904,0,0,0,0,False,,,,,"{""profile_name"": ""extreme_d03"", ""map_seed"": 20480620, ""query_seed"": 20481620, ""waypoint_count"": 1}"
extreme_s02_q0040,bottleneck_waypoint,Extreme,d08_12,True,True,0.3432343031745404,10,9.722538011871984,9.569225995654667,0.016021360169248267,0,0.20851767144860936,0.14247938201767119,0,0,0,0,False,,,,,"{""profile_name"": ""extreme_d03"", ""map_seed"": 20480620, ""query_seed"": 20481620, ""waypoint_count"": 1, ""bottleneck_count"": 1}"
extreme_s02_q0041,vanilla_ha,Extreme,d12_16,True,False,0.8074169158935547,759,13.159642738074048,,,0,0.21859861408890954,-0.006076203512871137,8,0,0,0,False,,,,,"{""profile_name"": ""extreme_d04"", ""map_seed"": 20480620, ""query_seed"": 20481621}"
extreme_s02_q0041,f_n3p_knn,Extreme,d12_16,True,True,0.39938791492022574,104,12.998308121629536,,,0,0.11230456352071418,0.07154948691637397,0,4,1,0,True,1,1,1.0,,"{""profile_name"": ""extreme_d04"", ""map_seed"": 20480620, ""query_seed"": 20481621}"
extreme_s02_q0041,n3p_k1,Extreme,d12_16,True,True,0.39811279298737645,104,12.998308121629536,,,0,0.11230456352071418,0.07154948691637397,0,0,1,0,True,1,1,1.0,,"{""profile_name"": ""extreme_d04"", ""map_seed"": 20480620, ""query_seed"": 20481621}"
extreme_s02_q0041,voronoi_waypoint,Extreme,d12_16,True,True,0.47873991494998336,15,13.07848349071954,,,0,0.16832103695081282,0.09775822950389301,0,0,0,0,False,,,,,"{""profile_name"": ""extreme_d04"", ""map_seed"": 20480620, ""query_seed"": 20481621, ""waypoint_count"": 2}"
extreme_s02_q0041,bottleneck_waypoint,Extreme,d12_16,True,True,0.47242482495494187,3,13.143181246269327,,,0,0.1740165503659072,0.11614625597726635,0,0,0,0,False,,,,,"{""profile_name"": ""extreme_d04"", ""map_seed"": 20480620, ""query_seed"": 20481621, ""waypoint_count"": 2, ""bottleneck_count"": 2}"
extreme_s02_q0042,vanilla_ha,Extreme,d16_20,True,True,0.15503978729248047,17,18.865455872251385,,,0,0.08374451232531283,0.08316021395885986,0,0,0,0,False,,,,,"{""profile_name"": ""extreme_d05"", ""map_seed"": 20480620, ""query_seed"": 20481622}"
extreme_s02_q0042,f_n3p_knn,Extreme,d16_20,True,True,0.15481350501067936,1,18.86696266297434,18.865455872251385,7.987035845613555e-05,0,0.06584070814679321,0.10410344885448397,0,0,0,0,False,1,1,1.0,,"{""profile_name"": ""extreme_d05"", ""map_seed"": 20480620, ""query_seed"": 20481622}"
extreme_s02_q0042,n3p_k1,Extreme,d16_20,True,True,0.153292132075876,1,18.86696266297434,18.865455872251385,7.987035845613555e-05,0,0.06584070814679321,0.10410344885448397,0,0,0,0,False,1,1,1.0,,"{""profile_name"": ""extreme_d05"", ""map_seed"": 20480620, ""query_seed"": 20481622}"
extreme_s02_q0042,voronoi_waypoint,Extreme,d16_20,True,True,0.6330029130913317,22,20.29802124756728,18.865455872251385,0.07593590025158159,0,0.18314320206402157,0.06149203530024033,0,0,0,0,False,,,,,"{""profile_name"": ""extreme_d05"", ""map_seed"": 20480620, ""query_seed"": 20481622, ""waypoint_count"": 3}"
extreme_s02_q0042,bottleneck_waypoint,Extreme,d16_20,True,True,0.7679052029270679,5,20.113073720962202,18.865455872251385,0.06613239866341636,0,0.245842259702162,0.14037276708968383,0,0,0,0,False,,,,,"{""profile_name"": ""extreme_d05"", ""map_seed"": 20480620, ""query_seed"": 20481622, ""waypoint_count"": 4, ""bottleneck_count"": 4}"
extreme_s02_q0043,vanilla_ha,Extreme,d20_inf,True,False,0.3101041316986084,301,23.29868562011739,,,0,0.20128398577723494,0.021116341863433696,5,0,0,0,False,,,,,"{""profile_name"": ""extreme_d06"", ""map_seed"": 20480620, ""query_seed"": 20481623}"
extreme_s02_q0043,f_n3p_knn,Extreme,d20_inf,True,True,0.4531578959431499,3,23.446798465516355,,,0,0.0809282714613847,0.0811092529325349,0,5,0,0,True,1,3,0.3333333333333333,,"{""profile_name"": ""extreme_d06"", ""map_seed"": 20480620, ""query_seed"": 20481623}"
extreme_s02_q0043,n3p_k1,Extreme,d20_inf,True,True,0.48401463287882507,45,23.197497283334275,,,0,0.10017266847939593,0.06478137650761362,0,0,1,0,True,2,2,1.0,,"{""profile_name"": ""extreme_d06"", ""map_seed"": 20480620, ""query_seed"": 20481623}"
extreme_s02_q0043,voronoi_waypoint,Extreme,d20_inf,True,True,0.7524812880437821,8,23.64359423400678,,,0,0.1499567946170269,0.17968116134907264,0,0,0,0,False,,,,,"{""profile_name"": ""extreme_d06"", ""map_seed"": 20480620, ""query_seed"": 20481623, ""waypoint_count"": 4}"
extreme_s02_q0043,bottleneck_waypoint,Extreme,d20_inf,True,True,0.8919313540682197,6,23.76554534915495,,,0,0.1583066103582847,0.30866157883042644,0,0,0,0,False,,,,,"{""profile_name"": ""extreme_d06"", ""map_seed"": 20480620, ""query_seed"": 20481623, ""waypoint_count"": 5, ""bottleneck_count"": 5}"
extreme_s02_q0044,vanilla_ha,Extreme,d08_12,True,False,0.3187682628631592,223,11.830425489781707,,,0,0.39665907319032256,-0.06672434613891487,12,0,0,0,False,,,,,"{""profile_name"": ""extreme_d07"", ""map_seed"": 20480620, ""query_seed"": 20481624}"
extreme_s02_q0044,f_n3p_knn,Extreme,d08_12,True,True,0.31185557413846254,2,11.892682846162094,,,0,0.1432825292511756,0.15402340142810556,0,7,0,0,True,0,2,0.0,,"{""profile_name"": ""extreme_d07"", ""map_seed"": 20480620, ""query_seed"": 20481624}"
extreme_s02_q0044,n3p_k1,Extreme,d08_12,True,True,1.3295819200575352,1116,11.895710534134325,,,0,0.3944821620161824,0.05844109125363467,0,0,1,0,True,0,0,,,"{""profile_name"": ""extreme_d07"", ""map_seed"": 20480620, ""query_seed"": 20481624}"
extreme_s02_q0044,voronoi_waypoint,Extreme,d08_12,True,True,0.5336327140685171,65,12.506592395191465,,,2,0.4779808491982632,0.08530348970298418,0,0,0,0,False,,,,,"{""profile_name"": ""extreme_d07"", ""map_seed"": 20480620, ""query_seed"": 20481624, ""waypoint_count"": 2}"
extreme_s02_q0044,bottleneck_waypoint,Extreme,d08_12,True,True,0.48351479903794825,3,12.767022636699776,,,0,0.29540959898898395,0.1883621671957879,0,0,0,0,False,,,,,"{""profile_name"": ""extreme_d07"", ""map_seed"": 20480620, ""query_seed"": 20481624, ""waypoint_count"": 2, ""bottleneck_count"": 2}"
extreme_s02_q0045,vanilla_ha,Extreme,d12_16,False,False,2.5006775856018066,3737,,,,0,,,0,0,0,0,False,,,,timeout,"{""profile_name"": ""extreme_d03"", ""map_seed"": 20480621, ""query_seed"": 20481621}"
extreme_s02_q0045,f_n3p_knn,Extreme,d12_16,True,True,0.3115913518704474,2,15.673001492026952,,,0,0.15718116669367532,0.14295488234130582,0,0,0,0,False,2,2,1.0,,"{""profile_name"": ""extreme_d03"", ""map_seed"": 20480621, ""query_seed"": 20481621}"
extreme_s02_q0045,n3p_k1,Extreme,d12_16,True,True,0.31150216492824256,2,15.673001492026952,,,0,0.15718116669367532,0.14295488234130582,0,0,0,0,False,2,2,1.0,,"{""profile_name"": ""extreme_d03"", ""map_seed"": 20480621, ""query_seed"": 20481621}"
extreme_s02_q0045,voronoi_waypoint,Extreme,d12_16,True,True,0.49363047489896417,25,17.292357898086017,,,0,0.22415711135083768,0.07342377369514774,0,0,0,0,False,,,,,"{""profile_name"": ""extreme_d03"", ""map_seed"": 20480621, ""query_seed"": 20481621, ""waypoint_count"": 2}"
extreme_s02_q0045,bottleneck_waypoint,Extreme,d12_16,True,True,0.6178006259724498,4,16.527997608999772,,,0,0.23587109618520363,0.6963632208468533,0,0,0,0,False,,,,,"{""profile_name"": ""extreme_d03"", ""map_seed"": 20480621, ""query_seed"": 20481621, ""waypoint_count"": 3, ""bottleneck_count"": 3}"
extreme_s02_q0046,vanilla_ha,Extreme,d16_20,True,False,0.29889607429504395,353,20.488020745525255,,,0,0.17346565459101662,0.03742612570805792,2,0,0,0,False,,,,,"{""profile_name"": ""extreme_d04"", ""map_seed"": 20480621, ""query_seed"": 20481622}"
extreme_s02_q0046,f_n3p_knn,Extreme,d16_20,True,True,0.6134428069926798,4,20.31517710115978,,,0,0.13281524673453524,0.20588000901261472,0,2,0,0,True,2,4,0.5,,"{""profile_name"": ""extreme_d04"", ""map_seed"": 20480621, ""query_seed"": 20481622}"
extreme_s02_q0046,n3p_k1,Extreme,d16_20,True,True,0.38435518997721374,245,20.296217638679018,,,0,0.11351743648743252,0.09253244828808649,0,0,1,0,True,0,0,,,"{""profile_name"": ""extreme_d04"", ""map_seed"": 20480621, ""query_seed"": 20481622}"
extreme_s02_q0046,voronoi_waypoint,Extreme,d16_20,True,True,0.6213863780722022,4,20.378685579126586,,,0,0.12467165894112406,0.2754711444428348,0,0,0,0,False,,,,,"{""profile_name"": ""extreme_d04"", ""map_seed"": 20480621, ""query_seed"": 20481622, ""waypoint_count"": 3}"
extreme_s02_q0046,bottleneck_waypoint,Extreme,d16_20,True,True,0.4832495730370283,3,20.197373606503394,,,0,0.0959606407382742,0.3091737003644601,0,0,0,0,False,,,,,"{""profile_name"": ""extreme_d04"", ""map_seed"": 20480621, ""query_seed"": 20481622, ""waypoint_count"": 2, ""bottleneck_count"": 2}"
extreme_s02_q0047,vanilla_ha,Extreme,d20_inf,True,False,0.4003281593322754,689,23.48554469628934,,,0,0.15292340799251578,0.0544931409078917,2,0,0,0,False,,,,,"{""profile_name"": ""extreme_d05"", ""map_seed"": 20480621, ""query_seed"": 20481623}"
extreme_s02_q0047,f_n3p_knn,Extreme,d20_inf,True,True,0.6334675329271704,24,23.690333242306597,,,2,0.13114477966876306,0.06322745856140921,0,7,1,0,True,1,3,0.3333333333333333,,"{""profile_name"": ""extreme_d05"", ""map_seed"": 20480621, ""query_seed"": 20481623}"
extreme_s02_q0047,n3p_k1,Extreme,d20_inf,True,True,0.7079503291752189,632,23.080892711683248,,,0,0.13566777967139285,0.08373660589813892,0,0,1,0,True,1,1,1.0,,"{""profile_name"": ""extreme_d05"", ""map_seed"": 20480621, ""query_seed"": 20481623}"
extreme_s02_q0047,voronoi_waypoint,Extreme,d20_inf,True,True,0.8297090767882764,77,26.3445819028574,,,4,0.3363755463073335,0.0793296220564279,0,0,0,0,False,,,,,"{""profile_name"": ""extreme_d05"", ""map_seed"": 20480621, ""query_seed"": 20481623, ""waypoint_count"": 4}"
extreme_s02_q0047,bottleneck_waypoint,Extreme,d20_inf,True,True,0.9303150849882513,34,24.508744269406808,,,0,0.2882318953567867,0.220247242655493,0,0,0,0,False,,,,,"{""profile_name"": ""extreme_d05"", ""map_seed"": 20480621, ""query_seed"": 20481623, ""waypoint_count"": 5, ""bottleneck_count"": 5}"
extreme_s02_q0048,vanilla_ha,Extreme,d08_12,True,False,0.35866665840148926,346,9.840712191448405,,,1,0.31133469059125257,-0.07102674362373301,11,0,0,0,False,,,,,"{""profile_name"": ""extreme_d06"", ""map_seed"": 20480621, ""query_seed"": 20481624}"
extreme_s02_q0048,f_n3p_knn,Extreme,d08_12,True,True,1.378028396051377,1134,10.371882137672607,,,1,0.29685920041478336,0.07275908045385804,0,5,1,0,True,0,1,0.0,,"{""profile_name"": ""extreme_d06"", ""map_seed"": 20480621, ""query_seed"": 20481624}"
extreme_s02_q0048,n3p_k1,Extreme,d08_12,True,True,0.3340862710028887,67,10.320174689144944,,,1,0.3174391623193117,0.08019906665341003,0,0,2,0,True,0,0,,,"{""profile_name"": ""extreme_d06"", ""map_seed"": 20480621, ""query_seed"": 20481624}"
extreme_s02_q0048,voronoi_waypoint,Extreme,d08_12,True,True,0.375358265126124,52,11.902149179133184,,,3,0.3811290144954171,0.1252655456713211,0,0,0,0,False,,,,,"{""profile_name"": ""extreme_d06"", ""map_seed"": 20480621, ""query_seed"": 20481624, ""waypoint_count"": 1}"
extreme_s02_q0048,bottleneck_waypoint,Extreme,d08_12,True,True,0.6205535500776023,7,12.791581503471116,,,3,0.3331755736696532,0.07310258127419533,0,0,0,0,False,,,,,"{""profile_name"": ""extreme_d06"", ""map_seed"": 20480621, ""query_seed"": 20481624, ""waypoint_count"": 3, ""bottleneck_count"": 3}"
extreme_s02_q0049,vanilla_ha,Extreme,d12_16,True,True,0.18082284927368164,49,13.807076916580106,,,0,0.15026317836419406,0.14176921481257576,0,0,0,0,False,,,,,"{""profile_name"": ""extreme_d07"", ""map_seed"": 20480621, ""query_seed"": 20481625}"
extreme_s02_q0049,f_n3p_knn,Extreme,d12_16,True,True,0.19268588488921523,49,13.828727272481432,13.807076916580106,0.0015680622359195429,0,0.1500279252402915,0.14176921481257576,0,4,1,0,True,0,0,,,"{""profile_name"": ""extreme_d07"", ""map_seed"": 20480621, ""query_seed"": 20481625}"
extreme_s02_q0049,n3p_k1,Extreme,d12_16,True,True,0.19209307292476296,49,13.828727272481432,13.807076916580106,0.0015680622359195429,0,0.1500279252402915,0.14176921481257576,0,0,1,0,True,0,0,,,"{""profile_name"": ""extreme_d07"", ""map_seed"": 20480621, ""query_seed"": 20481625}"
extreme_s02_q0049,voronoi_waypoint,Extreme,d12_16,True,True,0.4724955928977579,3,14.522980422975083,13.807076916580106,0.05185047571765833,0,0.17258832276217065,0.2969588883647739,0,0,0,0,False,,,,,"{""profile_name"": ""extreme_d07"", ""map_seed"": 20480621, ""query_seed"": 20481625, ""waypoint_count"": 2}"
extreme_s02_q0049,bottleneck_waypoint,Extreme,d12_16,True,True,0.4742827550508082,3,14.855416913724024,13.807076916580106,0.07592772919842483,0,0.2901128903662307,0.295810647788745,0,0,0,0,False,,,,,"{""profile_name"": ""extreme_d07"", ""map_seed"": 20480621, ""query_seed"": 20481625, ""waypoint_count"": 2, ""bottleneck_count"": 2}"
extreme_s02_q0050,vanilla_ha,Extreme,d16_20,True,True,0.24665069580078125,190,19.1993434511573,,,0,0.24902947305608378,0.1287631381065958,0,0,0,0,False,,,,,"{""profile_name"": ""extreme_d03"", ""map_seed"": 20480622, ""query_seed"": 20481622}"
extreme_s02_q0050,f_n3p_knn,Extreme,d16_20,True,True,0.15879062609747052,1,19.11491096839324,19.1993434511573,-0.004397675523585276,0,0.04842263296499872,0.3235377637861848,0,0,0,0,False,1,1,1.0,,"{""profile_name"": ""extreme_d03"", ""map_seed"": 20480622, ""query_seed"": 20481622}"
extreme_s02_q0050,n3p_k1,Extreme,d16_20,True,True,0.15812500100582838,1,19.11491096839324,19.1993434511573,-0.004397675523585276,0,0.04842263296499872,0.3235377637861848,0,0,0,0,False,1,1,1.0,,"{""profile_name"": ""extreme_d03"", ""map_seed"": 20480622, ""query_seed"": 20481622}"
extreme_s02_q0050,voronoi_waypoint,Extreme,d16_20,True,True,0.6252258331514895,4,20.77670195238238,19.1993434511573,0.0821568979813212,0,0.2608606201347243,0.1096498524223164,0,0,0,0,False,,,,,"{""profile_name"": ""extreme_d03"", ""map_seed"": 20480622, ""query_seed"": 20481622, ""waypoint_count"": 3}"
extreme_s02_q0050,bottleneck_waypoint,Extreme,d16_20,True,True,0.6288295949343592,4,19.27704637469083,19.1993434511573,0.004047165661221985,0,0.12389477922413628,0.41007481645128485,0,0,0,0,False,,,,,"{""profile_name"": ""extreme_d03"", ""map_seed"": 20480622, ""query_seed"": 20481622, ""waypoint_count"": 3, ""bottleneck_count"": 3}"
extreme_s02_q0051,vanilla_ha,Extreme,d20_inf,True,True,1.2427093982696533,2521,22.19615841404773,,,0,0.15277613678169386,0.06331088627973819,0,0,0,0,False,,,,,"{""profile_name"": ""extreme_d04"", ""map_seed"": 20480622, ""query_seed"": 20481623}"
extreme_s02_q0051,f_n3p_knn,Extreme,d20_inf,True,True,1.9816044468898326,4521,22.20608019285316,22.19615841404773,0.0004470043248183675,0,0.15270787570082175,0.06331088627973819,0,4,1,1,True,0,0,,,"{""profile_name"": ""extreme_d04"", ""map_seed"": 20480622, ""query_seed"": 20481623}"
extreme_s02_q0051,n3p_k1,Extreme,d20_inf,True,True,2.007500234991312,4521,22.20608019285316,22.19615841404773,0.0004470043248183675,0,0.15270787570082175,0.06331088627973819,0,0,1,1,True,0,0,,,"{""profile_name"": ""extreme_d04"", ""map_seed"": 20480622, ""query_seed"": 20481623}"
extreme_s02_q0051,voronoi_waypoint,Extreme,d20_inf,True,True,0.748483695089817,5,24.258096231192106,22.19615841404773,0.09289615701424236,0,0.1761414563081729,0.12319165870713922,0,0,0,0,False,,,,,"{""profile_name"": ""extreme_d04"", ""map_seed"": 20480622, ""query_seed"": 20481623, ""waypoint_count"": 4}"
extreme_s02_q0051,bottleneck_waypoint,Extreme,d20_inf,True,True,0.7561918559949845,5,23.24757730757077,22.19615841404773,0.04736940843139803,0,0.1827749382158267,0.05642468856835137,0,0,0,0,False,,,,,"{""profile_name"": ""extreme_d04"", ""map_seed"": 20480622, ""query_seed"": 20481623, ""waypoint_count"": 4, ""bottleneck_count"": 4}"
extreme_s02_q0052,vanilla_ha,Extreme,d08_12,True,True,0.19453978538513184,67,8.868672622759584,,,0,0.1548551746208083,0.0778585338004002,0,0,0,0,False,,,,,"{""profile_name"": ""extreme_d05"", ""map_seed"": 20480622, ""query_seed"": 20481624}"
extreme_s02_q0052,f_n3p_knn,Extreme,d08_12,True,True,0.45940070995129645,11,15.62503291471823,8.868672622759584,0.7618231700897231,1,0.36067870634065796,0.1020593474862852,0,6,1,0,True,0,2,0.0,,"{""profile_name"": ""extreme_d05"", ""map_seed"": 20480622, ""query_seed"": 20481624}"
extreme_s02_q0052,n3p_k1,Extreme,d08_12,True,True,0.22083322098478675,83,8.885769490926451,8.868672622759584,0.0019277820812768631,0,0.16936489415695707,0.12758376450505904,0,0,1,0,True,0,0,,,"{""profile_name"": ""extreme_d05"", ""map_seed"": 20480622, ""query_seed"": 20481624}"
extreme_s02_q0052,voronoi_waypoint,Extreme,d08_12,True,True,0.33218570589087903,2,8.912450994380551,8.868672622759584,0.0049362935676100506,0,0.06601183866240733,0.30277317174022234,0,0,0,0,False,,,,,"{""profile_name"": ""extreme_d05"", ""map_seed"": 20480622, ""query_seed"": 20481624, ""waypoint_count"": 1}"
extreme_s02_q0052,bottleneck_waypoint,Extreme,d08_12,True,True,0.3319135061465204,2,8.904256549359747,8.868672622759584,0.0040123170753698645,0,0.0666057934867385,0.3484110265937448,0,0,0,0,False,,,,,"{""profile_name"": ""extreme_d05"", ""map_seed"": 20480622, ""query_seed"": 20481624, ""waypoint_count"": 1, ""bottleneck_count"": 1}"
extreme_s02_q0053,vanilla_ha,Extreme,d12_16,True,True,0.14822745323181152,1,13.408206442324792,,,0,0.0,0.35651746506586346,0,0,0,0,False,,,,,"{""profile_name"": ""extreme_d06"", ""map_seed"": 20480622, ""query_seed"": 20481625}"
extreme_s02_q0053,f_n3p_knn,Extreme,d12_16,True,True,0.0005651931278407574,0,13.408206442324792,13.408206442324792,0.0,0,0.0,0.3565174650658607,0,0,0,0,False,0,0,,,"{""profile_name"": ""extreme_d06"", ""map_seed"": 20480622, ""query_seed"": 20481625}"
extreme_s02_q0053,n3p_k1,Extreme,d12_16,True,True,0.0005586429033428431,0,13.408206442324792,13.408206442324792,0.0,0,0.0,0.3565174650658607,0,0,0,0,False,0,0,,,"{""profile_name"": ""extreme_d06"", ""map_seed"": 20480622, ""query_seed"": 20481625}"
extreme_s02_q0053,voronoi_waypoint,Extreme,d12_16,True,True,0.4783219590317458,3,15.1257367903669,13.408206442324792,0.12809545821285195,0,0.2679701245796509,0.6880799968695908,0,0,0,0,False,,,,,"{""profile_name"": ""extreme_d06"", ""map_seed"": 20480622, ""query_seed"": 20481625, ""waypoint_count"": 2}"
extreme_s02_q0053,bottleneck_waypoint,Extreme,d12_16,True,True,0.47978565911762416,3,14.875765853240924,13.408206442324792,0.10945232811180361,1,0.25035408841319107,0.7472715824203262,0,0,0,0,False,,,,,"{""profile_name"": ""extreme_d06"", ""map_seed"": 20480622, ""query_seed"": 20481625, ""waypoint_count"": 2, ""bottleneck_count"": 2}"
extreme_s02_q0054,vanilla_ha,Extreme,d16_20,False,False,2.5005269050598145,4172,,,,0,,,0,0,0,0,False,,,,timeout,"{""profile_name"": ""extreme_d07"", ""map_seed"": 20480622, ""query_seed"": 20481626}"
extreme_s02_q0054,f_n3p_knn,Extreme,d16_20,True,True,0.30956024886108935,2,18.922938262397437,,,0,0.13646065070937582,0.0507833597024866,0,0,0,0,False,2,2,1.0,,"{""profile_name"": ""extreme_d07"", ""map_seed"": 20480622, ""query_seed"": 20481626}"
extreme_s02_q0054,n3p_k1,Extreme,d16_20,True,True,0.31018063286319375,2,18.922938262397437,,,0,0.13646065070937582,0.0507833597024866,0,0,0,0,False,2,2,1.0,,"{""profile_name"": ""extreme_d07"", ""map_seed"": 20480622, ""query_seed"": 20481626}"
extreme_s02_q0054,voronoi_waypoint,Extreme,d16_20,True,True,0.6169999069534242,4,19.085068641660946,,,0,0.20081795707562164,0.09955454586826418,0,0,0,0,False,,,,,"{""profile_name"": ""extreme_d07"", ""map_seed"": 20480622, ""query_seed"": 20481626, ""waypoint_count"": 3}"
extreme_s02_q0054,bottleneck_waypoint,Extreme,d16_20,True,True,0.6265761111862957,8,18.986384839046938,,,0,0.21106731024504166,0.06081041250789382,0,0,0,0,False,,,,,"{""profile_name"": ""extreme_d07"", ""map_seed"": 20480622, ""query_seed"": 20481626, ""waypoint_count"": 3, ""bottleneck_count"": 3}"
extreme_s02_q0055,vanilla_ha,Extreme,d20_inf,False,False,2.501307964324951,4633,,,,0,,,0,0,0,0,False,,,,timeout,"{""profile_name"": ""extreme_d03"", ""map_seed"": 20480623, ""query_seed"": 20481623}"
extreme_s02_q0055,f_n3p_knn,Extreme,d20_inf,True,True,0.713243056088686,411,22.749857615511207,,,0,0.20452552748121702,0.06043611498442192,0,4,1,0,True,2,2,1.0,,"{""profile_name"": ""extreme_d03"", ""map_seed"": 20480623, ""query_seed"": 20481623}"
extreme_s02_q0055,n3p_k1,Extreme,d20_inf,True,True,0.7118834839202464,411,22.749857615511207,,,0,0.20452552748121702,0.06043611498442192,0,0,1,0,True,2,2,1.0,,"{""profile_name"": ""extreme_d03"", ""map_seed"": 20480623, ""query_seed"": 20481623}"
extreme_s02_q0055,voronoi_waypoint,Extreme,d20_inf,True,True,0.7619965150952339,11,24.556505849521244,,,0,0.2870177580026794,0.07305904937390673,0,0,0,0,False,,,,,"{""profile_name"": ""extreme_d03"", ""map_seed"": 20480623, ""query_seed"": 20481623, ""waypoint_count"": 4}"
extreme_s02_q0055,bottleneck_waypoint,Extreme,d20_inf,True,True,0.6198888460639864,4,24.3204602294052,,,0,0.1507728171938975,0.07415248898553584,0,0,0,0,False,,,,,"{""profile_name"": ""extreme_d03"", ""map_seed"": 20480623, ""query_seed"": 20481623, ""waypoint_count"": 3, ""bottleneck_count"": 3}"
extreme_s02_q0056,vanilla_ha,Extreme,d08_12,True,True,0.19668316841125488,73,11.465508814897223,,,0,0.19254473026503627,0.053098095286207014,0,0,0,0,False,,,,,"{""profile_name"": ""extreme_d04"", ""map_seed"": 20480623, ""query_seed"": 20481624}"
extreme_s02_q0056,f_n3p_knn,Extreme,d08_12,True,True,0.3188431130256504,22,11.937369857146841,11.465508814897223,0.041154827916273895,4,0.17315034811054358,0.053098095286207014,0,4,1,0,True,1,1,1.0,,"{""profile_name"": ""extreme_d04"", ""map_seed"": 20480623, ""query_seed"": 20481624}"
extreme_s02_q0056,n3p_k1,Extreme,d08_12,True,True,0.3181164530105889,22,11.937369857146841,11.465508814897223,0.041154827916273895,4,0.17315034811054358,0.053098095286207014,0,0,1,0,True,1,1,1.0,,"{""profile_name"": ""extreme_d04"", ""map_seed"": 20480623, ""query_seed"": 20481624}"
extreme_s02_q0056,voronoi_waypoint,Extreme,d08_12,True,True,0.47340016905218363,3,12.137256335030214,11.465508814897223,0.05858854857450235,0,0.44261083727860284,0.2009416582636403,0,0,0,0,False,,,,,"{""profile_name"": ""extreme_d04"", ""map_seed"": 20480623, ""query_seed"": 20481624, ""waypoint_count"": 2}"
extreme_s02_q0056,bottleneck_waypoint,Extreme,d08_12,True,True,0.4749191750306636,3,13.035214554487144,11.465508814897223,0.13690676662778278,3,0.31061772898586365,0.6165446815963218,0,0,0,0,False,,,,,"{""profile_name"": ""extreme_d04"", ""map_seed"": 20480623, ""query_seed"": 20481624, ""waypoint_count"": 2, ""bottleneck_count"": 2}"
extreme_s02_q0057,vanilla_ha,Extreme,d12_16,True,True,0.31026315689086914,246,16.02414496401563,,,0,0.4493219461112319,0.0655993692977348,0,0,0,0,False,,,,,"{""profile_name"": ""extreme_d05"", ""map_seed"": 20480623, ""query_seed"": 20481625}"
extreme_s02_q0057,f_n3p_knn,Extreme,d12_16,True,True,0.3212930979207158,14,15.705029280599359,16.02414496401563,-0.019914677764890976,0,0.09883290067068327,0.08080581902662765,0,4,1,0,True,1,1,1.0,,"{""profile_name"": ""extreme_d05"", ""map_seed"": 20480623, ""query_seed"": 20481625}"
extreme_s02_q0057,n3p_k1,Extreme,d12_16,True,True,0.32055713701993227,14,15.705029280599359,16.02414496401563,-0.019914677764890976,0,0.09883290067068327,0.08080581902662765,0,0,1,0,True,1,1,1.0,,"{""profile_name"": ""extreme_d05"", ""map_seed"": 20480623, ""query_seed"": 20481625}"
extreme_s02_q0057,voronoi_waypoint,Extreme,d12_16,True,True,0.4774477961473167,3,16.29400359182027,16.02414496401563,0.016840750530567883,0,0.15331355063960875,0.10120556024375771,0,0,0,0,False,,,,,"{""profile_name"": ""extreme_d05"", ""map_seed"": 20480623, ""query_seed"": 20481625, ""waypoint_count"": 2}"
extreme_s02_q0057,bottleneck_waypoint,Extreme,d12_16,True,True,0.48009408195503056,3,16.530197063472247,16.02414496401563,0.03158059918910028,0,0.17457656979560615,0.4478200822542546,0,0,0,0,False,,,,,"{""profile_name"": ""extreme_d05"", ""map_seed"": 20480623, ""query_seed"": 20481625, ""waypoint_count"": 2, ""bottleneck_count"": 2}"
extreme_s02_q0058,vanilla_ha,Extreme,d16_20,True,True,0.20466947555541992,121,18.10214989579677,,,0,0.10385179577090424,0.17749364843587145,0,0,0,0,False,,,,,"{""profile_name"": ""extreme_d06"", ""map_seed"": 20480623, ""query_seed"": 20481626}"
extreme_s02_q0058,f_n3p_knn,Extreme,d16_20,True,True,0.4523836530279368,3,18.892229031227462,18.10214989579677,0.043645596792574626,0,0.10525059392315618,0.13061423027188468,0,2,0,0,True,1,3,0.3333333333333333,,"{""profile_name"": ""extreme_d06"", ""map_seed"": 20480623, ""query_seed"": 20481626}"
extreme_s02_q0058,n3p_k1,Extreme,d16_20,True,True,0.21387753495946527,121,18.127746409124136,18.10214989579677,0.0014140040533698883,0,0.10370515625959767,0.17749364843587145,0,0,1,0,True,0,0,,,"{""profile_name"": ""extreme_d06"", ""map_seed"": 20480623, ""query_seed"": 20481626}"
extreme_s02_q0058,voronoi_waypoint,Extreme,d16_20,True,True,0.6155020659789443,4,19.100629695268612,18.10214989579677,0.055158078196208216,0,0.23296229816059985,0.2328250787977495,0,0,0,0,False,,,,,"{""profile_name"": ""extreme_d06"", ""map_seed"": 20480623, ""query_seed"": 20481626, ""waypoint_count"": 3}"
extreme_s02_q0058,bottleneck_waypoint,Extreme,d16_20,True,True,0.7538144900463521,5,18.85782533867529,18.10214989579677,0.04174506604069084,0,0.2485621453394459,0.23282507879774894,0,0,0,0,False,,,,,"{""profile_name"": ""extreme_d06"", ""map_seed"": 20480623, ""query_seed"": 20481626, ""waypoint_count"": 4, ""bottleneck_count"": 4}"
extreme_s02_q0059,vanilla_ha,Extreme,d20_inf,True,True,0.17410588264465332,65,23.240621592372076,,,0,0.07600242863570823,0.07514690094689491,0,0,0,0,False,,,,,"{""profile_name"": ""extreme_d07"", ""map_seed"": 20480623, ""query_seed"": 20481627}"
extreme_s02_q0059,f_n3p_knn,Extreme,d20_inf,True,True,0.6606395170092583,86,26.436384970558297,23.240621592372076,0.13750765509796525,2,0.1573968729444636,0.07840251957636934,0,9,2,0,True,1,2,0.5,,"{""profile_name"": ""extreme_d07"", ""map_seed"": 20480623, ""query_seed"": 20481627}"
extreme_s02_q0059,n3p_k1,Extreme,d20_inf,True,True,0.3480332437902689,68,23.34661036181458,23.240621592372076,0.004560496328432695,0,0.0913617639714268,0.07840251957636934,0,0,2,0,True,0,0,,,"{""profile_name"": ""extreme_d07"", ""map_seed"": 20480623, ""query_seed"": 20481627}"
extreme_s02_q0059,voronoi_waypoint,Extreme,d20_inf,True,True,0.7622353120241314,5,25.591286690090204,23.240621592372076,0.10114467413770267,0,0.31122890033578476,0.3636033014420922,0,0,0,0,False,,,,,"{""profile_name"": ""extreme_d07"", ""map_seed"": 20480623, ""query_seed"": 20481627, ""waypoint_count"": 4}"
extreme_s02_q0059,bottleneck_waypoint,Extreme,d20_inf,True,True,0.903688000049442,6,24.529064775817762,23.240621592372076,0.055439273787262655,0,0.2579502539353021,0.5402124715205685,0,0,0,0,False,,,,,"{""profile_name"": ""extreme_d07"", ""map_seed"": 20480623, ""query_seed"": 20481627, ""waypoint_count"": 5, ""bottleneck_count"": 5}"
extreme_s03_q0060,vanilla_ha,Extreme,d08_12,True,False,0.544318675994873,623,12.458930545795404,,,1,0.4950559557791871,-0.033610352409108146,12,0,0,0,False,,,,,"{""profile_name"": ""extreme_d03"", ""map_seed"": 20490620, ""query_seed"": 20491620}"
extreme_s03_q0060,f_n3p_knn,Extreme,d08_12,True,True,0.7088528370950371,394,13.841529070653948,,,2,0.37831763335477986,0.05239419555904312,0,7,1,0,True,0,1,0.0,,"{""profile_name"": ""extreme_d03"", ""map_seed"": 20490620, ""query_seed"": 20491620}"
extreme_s03_q0060,n3p_k1,Extreme,d08_12,True,True,0.7356658580247313,438,12.714757849117765,,,1,0.38188836967965756,0.05239419555904312,0,0,2,0,True,0,0,,,"{""profile_name"": ""extreme_d03"", ""map_seed"": 20490620, ""query_seed"": 20491620}"
extreme_s03_q0060,voronoi_waypoint,Extreme,d08_12,True,True,0.7206768828909844,373,15.401828099215512,,,5,0.5611115628461896,0.0707928614653589,0,0,0,0,False,,,,,"{""profile_name"": ""extreme_d03"", ""map_seed"": 20490620, ""query_seed"": 20491620, ""waypoint_count"": 2}"
extreme_s03_q0060,bottleneck_waypoint,Extreme,d08_12,True,True,0.5579295970965177,329,12.576771140985915,,,1,0.4342591459658103,0.07929983902101212,0,0,0,0,False,,,,,"{""profile_name"": ""extreme_d03"", ""map_seed"": 20490620, ""query_seed"": 20491620, ""waypoint_count"": 1, ""bottleneck_count"": 1}"
extreme_s03_q0061,vanilla_ha,Extreme,d12_16,True,False,2.1773695945739746,3130,14.81408559294308,,,0,0.1467869055911025,-0.13509659306891375,13,0,0,0,False,,,,,"{""profile_name"": ""extreme_d04"", ""map_seed"": 20490620, ""query_seed"": 20491621}"
extreme_s03_q0061,f_n3p_knn,Extreme,d12_16,True,True,0.3040436450392008,2,14.71020626523204,,,0,0.14040254900571675,0.0820327605097031,0,4,1,0,True,1,1,1.0,,"{""profile_name"": ""extreme_d04"", ""map_seed"": 20490620, ""query_seed"": 20491621}"
extreme_s03_q0061,n3p_k1,Extreme,d12_16,True,True,0.30415809783153236,2,14.71020626523204,,,0,0.14040254900571675,0.0820327605097031,0,0,1,0,True,1,1,1.0,,"{""profile_name"": ""extreme_d04"", ""map_seed"": 20490620, ""query_seed"": 20491621}"
extreme_s03_q0061,voronoi_waypoint,Extreme,d12_16,True,True,0.47063780203461647,3,14.934262820182063,,,0,0.14490590314967106,0.16439683643468994,0,0,0,0,False,,,,,"{""profile_name"": ""extreme_d04"", ""map_seed"": 20490620, ""query_seed"": 20491621, ""waypoint_count"": 2}"
extreme_s03_q0061,bottleneck_waypoint,Extreme,d12_16,True,True,1.0050723180174828,211,18.228170721762005,,,3,0.3370275998716743,0.05102543315125185,0,0,0,0,False,,,,,"{""profile_name"": ""extreme_d04"", ""map_seed"": 20490620, ""query_seed"": 20491621, ""waypoint_count"": 4, ""bottleneck_count"": 4}"
extreme_s03_q0062,vanilla_ha,Extreme,d16_20,True,True,0.2394862174987793,153,17.237982811110275,,,0,0.1779580617924041,0.14930428410014118,0,0,0,0,False,,,,,"{""profile_name"": ""extreme_d05"", ""map_seed"": 20490620, ""query_seed"": 20491622}"
extreme_s03_q0062,f_n3p_knn,Extreme,d16_20,True,True,0.3374790691304952,44,16.98171727206055,17.237982811110275,-0.014866329886612739,0,0.14785584361210785,0.11784572680156447,0,4,1,0,True,1,1,1.0,,"{""profile_name"": ""extreme_d05"", ""map_seed"": 20490620, ""query_seed"": 20491622}"
extreme_s03_q0062,n3p_k1,Extreme,d16_20,True,True,0.33724162611179054,44,16.98171727206055,17.237982811110275,-0.014866329886612739,0,0.14785584361210785,0.11784572680156447,0,0,1,0,True,1,1,1.0,,"{""profile_name"": ""extreme_d05"", ""map_seed"": 20490620, ""query_seed"": 20491622}"
extreme_s03_q0062,voronoi_waypoint,Extreme,d16_20,True,True,0.6158982701599598,4,17.36158681235775,17.237982811110275,0.007170444628115558,0,0.12250152167616155,0.1289447010481245,0,0,0,0,False,,,,,"{""profile_name"": ""extreme_d05"", ""map_seed"": 20490620, ""query_seed"": 20491622, ""waypoint_count"": 3}"
extreme_s03_q0062,bottleneck_waypoint,Extreme,d16_20,True,True,0.4745386589784175,3,17.55820513126587,17.237982811110275,0.018576554093626463,0,0.17816155274726098,0.4273288813065219,0,0,0,0,False,,,,,"{""profile_name"": ""extreme_d05"", ""map_seed"": 20490620, ""query_seed"": 20491622, ""waypoint_count"": 2, ""bottleneck_count"": 2}"
extreme_s03_q0063,vanilla_ha,Extreme,d20_inf,True,True,0.1770191192626953,49,26.938973919378626,,,0,0.0672148203687749,0.08245301456791321,0,0,0,0,False,,,,,"{""profile_name"": ""extreme_d06"", ""map_seed"": 20490620, ""query_seed"": 20491623}"
extreme_s03_q0063,f_n3p_knn,Extreme,d20_inf,True,True,0.55217847507447,123,25.983470417499703,26.938973919378626,-0.035469186938541064,0,0.0552213982717118,0.08829601029937362,0,8,1,0,True,1,2,0.5,,"{""profile_name"": ""extreme_d06"", ""map_seed"": 20490620, ""query_seed"": 20491623}"
extreme_s03_q0063,n3p_k1,Extreme,d20_inf,True,True,0.4538038009777665,202,26.285726588860527,26.938973919378626,-0.02424915412417339,0,0.07925724798569593,0.07446323468087046,0,0,1,0,True,1,1,1.0,,"{""profile_name"": ""extreme_d06"", ""map_seed"": 20490620, ""query_seed"": 20491623}"
extreme_s03_q0063,voronoi_waypoint,Extreme,d20_inf,True,True,0.9087264188565314,6,29.278034794470447,26.938973919378626,0.0868281354030791,1,0.2965855796496382,0.3617007207704509,0,0,0,0,False,,,,,"{""profile_name"": ""extreme_d06"", ""map_seed"": 20490620, ""query_seed"": 20491623, ""waypoint_count"": 5}"
extreme_s03_q0063,bottleneck_waypoint,Extreme,d20_inf,True,True,0.7705155659932643,5,26.69122186884073,26.938973919378626,-0.009196788685395085,0,0.11046384479328594,0.3312127582447736,0,0,0,0,False,,,,,"{""profile_name"": ""extreme_d06"", ""map_seed"": 20490620, ""query_seed"": 20491623, ""waypoint_count"": 4, ""bottleneck_count"": 4}"
extreme_s03_q0064,vanilla_ha,Extreme,d08_12,True,True,0.2112741470336914,103,10.298271199501402,,,0,0.253629746235824,0.05695488184178388,0,0,0,0,False,,,,,"{""profile_name"": ""extreme_d07"", ""map_seed"": 20490620, ""query_seed"": 20491624}"
extreme_s03_q0064,f_n3p_knn,Extreme,d08_12,True,True,0.6094547649845481,4,12.742257209662286,10.298271199501402,0.2373200280722081,1,0.3956127642257659,0.2056436299448865,0,1,0,0,True,3,4,0.75,,"{""profile_name"": ""extreme_d07"", ""map_seed"": 20490620, ""query_seed"": 20491624}"
extreme_s03_q0064,n3p_k1,Extreme,d08_12,True,True,0.3554527049418539,72,10.53903710297477,10.298271199501402,0.023379254518469672,3,0.23479855159581667,0.08757581818419646,0,0,2,0,True,0,0,,,"{""profile_name"": ""extreme_d07"", ""map_seed"": 20490620, ""query_seed"": 20491624}"
extreme_s03_q0064,voronoi_waypoint,Extreme,d08_12,True,True,0.3361596050672233,6,10.488418390947285,10.298271199501402,0.01846399145665245,0,0.21346185556021832,0.07804683076963714,0,0,0,0,False,,,,,"{""profile_name"": ""extreme_d07"", ""map_seed"": 20490620, ""query_seed"": 20491624, ""waypoint_count"": 1}"
extreme_s03_q0064,bottleneck_waypoint,Extreme,d08_12,True,True,0.4783060548361391,3,11.74713615382773,10.298271199501402,0.1406901145113053,1,0.3540972610863617,0.634249464476786,0,0,0,0,False,,,,,"{""profile_name"": ""extreme_d07"", ""map_seed"": 20490620, ""query_seed"": 20491624, ""waypoint_count"": 2, ""bottleneck_count"": 2}"
extreme_s03_q0065,vanilla_ha,Extreme,d12_16,True,False,0.761594295501709,671,13.418584895057961,,,0,0.4785097762944849,-0.07139947364258065,10,0,0,0,False,,,,,"{""profile_name"": ""extreme_d03"", ""map_seed"": 20490621, ""query_seed"": 20491621}"
extreme_s03_q0065,f_n3p_knn,Extreme,d12_16,True,True,0.3090289339888841,2,14.412265168705957,,,3,0.15807713980219876,0.30631650830992885,0,1,0,0,True,1,2,0.5,,"{""profile_name"": ""extreme_d03"", ""map_seed"": 20490621, ""query_seed"": 20491621}"
extreme_s03_q0065,n3p_k1,Extreme,d12_16,True,True,0.407215683022514,110,13.374660699650946,,,0,0.20437808509473696,0.08627787389901775,0,0,1,0,True,1,1,1.0,,"{""profile_name"": ""extreme_d03"", ""map_seed"": 20490621, ""query_seed"": 20491621}"
extreme_s03_q0065,voronoi_waypoint,Extreme,d12_16,True,True,0.4749729579780251,3,14.053140700643516,,,0,0.18944013104695442,0.06952117321062978,0,0,0,0,False,,,,,"{""profile_name"": ""extreme_d03"", ""map_seed"": 20490621, ""query_seed"": 20491621, ""waypoint_count"": 2}"
extreme_s03_q0065,bottleneck_waypoint,Extreme,d12_16,True,True,0.6193247691262513,4,15.151770947875335,,,3,0.21193189776745697,0.2571118200656297,0,0,0,0,False,,,,,"{""profile_name"": ""extreme_d03"", ""map_seed"": 20490621, ""query_seed"": 20491621, ""waypoint_count"": 3, ""bottleneck_count"": 3}"
extreme_s03_q0066,vanilla_ha,Extreme,d16_20,True,True,0.14921903610229492,1,19.1449732305898,,,0,0.0,0.2906002787906914,0,0,0,0,False,,,,,"{""profile_name"": ""extreme_d04"", ""map_seed"": 20490621, ""query_seed"": 20491622}"
extreme_s03_q0066,f_n3p_knn,Extreme,d16_20,True,True,0.0008028221782296896,0,19.1449732305898,19.1449732305898,0.0,0,1.1598062961521878e-17,0.2906002787906914,0,0,0,0,False,0,0,,,"{""profile_name"": ""extreme_d04"", ""map_seed"": 20490621, ""query_seed"": 20491622}"
extreme_s03_q0066,n3p_k1,Extreme,d16_20,True,True,0.0007630770560353994,0,19.1449732305898,19.1449732305898,0.0,0,1.1598062961521878e-17,0.2906002787906914,0,0,0,0,False,0,0,,,"{""profile_name"": ""extreme_d04"", ""map_seed"": 20490621, ""query_seed"": 20491622}"
extreme_s03_q0066,voronoi_waypoint,Extreme,d16_20,True,True,0.6230251400265843,4,19.79185805986567,19.1449732305898,0.03378875600840625,0,0.21163044218941088,0.4236971055622444,0,0,0,0,False,,,,,"{""profile_name"": ""extreme_d04"", ""map_seed"": 20490621, ""query_seed"": 20491622, ""waypoint_count"": 3}"
extreme_s03_q0066,bottleneck_waypoint,Extreme,d16_20,True,True,0.48326545488089323,3,19.676461532645497,19.1449732305898,0.027761245505764753,0,0.14201523746482672,0.7458068856003521,0,0,0,0,False,,,,,"{""profile_name"": ""extreme_d04"", ""map_seed"": 20490621, ""query_seed"": 20491622, ""waypoint_count"": 2, ""bottleneck_count"": 2}"
extreme_s03_q0067,vanilla_ha,Extreme,d20_inf,True,False,2.390375852584839,3089,26.199237491948637,,,0,0.22232590127985002,-0.0002303260894939152,8,0,0,0,False,,,,,"{""profile_name"": ""extreme_d05"", ""map_seed"": 20490621, ""query_seed"": 20491623}"
extreme_s03_q0067,f_n3p_knn,Extreme,d20_inf,True,True,0.915181304095313,6,26.333035828177398,,,0,0.14691331845972544,0.09428658420452152,0,8,0,0,True,3,6,0.5,,"{""profile_name"": ""extreme_d05"", ""map_seed"": 20490621, ""query_seed"": 20491623}"
extreme_s03_q0067,n3p_k1,Extreme,d20_inf,True,True,0.5822962371166795,203,26.275310759805546,,,0,0.27798112030563754,0.07330533370537617,0,0,3,0,True,0,0,,,"{""profile_name"": ""extreme_d05"", ""map_seed"": 20490621, ""query_seed"": 20491623}"
extreme_s03_q0067,voronoi_waypoint,Extreme,d20_inf,True,True,0.7670983790885657,5,27.220113370490353,,,0,0.14264995225552066,0.06708957261345849,0,0,0,0,False,,,,,"{""profile_name"": ""extreme_d05"", ""map_seed"": 20490621, ""query_seed"": 20491623, ""waypoint_count"": 4}"
extreme_s03_q0067,bottleneck_waypoint,Extreme,d20_inf,True,True,0.6297067049890757,4,26.858887028751987,,,0,0.1522814567949531,0.13622484031400084,0,0,0,0,False,,,,,"{""profile_name"": ""extreme_d05"", ""map_seed"": 20490621, ""query_seed"": 20491623, ""waypoint_count"": 3, ""bottleneck_count"": 3}"
extreme_s03_q0068,vanilla_ha,Extreme,d08_12,True,True,0.2668874263763428,205,9.753972051380524,,,1,0.21293724792398472,0.08877603197823303,0,0,0,0,False,,,,,"{""profile_name"": ""extreme_d06"", ""map_seed"": 20490621, ""query_seed"": 20491624}"
extreme_s03_q0068,f_n3p_knn,Extreme,d08_12,True,True,0.1483188779093325,1,9.932584551145549,9.753972051380524,0.018311770714961817,1,0.20114382117529167,0.1796495904289157,0,1,0,0,True,0,1,0.0,,"{""profile_name"": ""extreme_d06"", ""map_seed"": 20490621, ""query_seed"": 20491624}"
extreme_s03_q0068,n3p_k1,Extreme,d08_12,True,True,0.14904305711388588,3,9.679322327474903,9.753972051380524,-0.0076532640766645565,2,0.15500744222337007,0.06568537550224918,0,0,1,0,True,0,0,,,"{""profile_name"": ""extreme_d06"", ""map_seed"": 20490621, ""query_seed"": 20491624}"
extreme_s03_q0068,voronoi_waypoint,Extreme,d08_12,True,True,0.4884704209398478,21,12.93728984720587,9.753972051380524,0.3263611766628751,1,0.5047852406904543,0.09052708052262715,0,0,0,0,False,,,,,"{""profile_name"": ""extreme_d06"", ""map_seed"": 20490621, ""query_seed"": 20491624, ""waypoint_count"": 2}"
extreme_s03_q0068,bottleneck_waypoint,Extreme,d08_12,True,True,0.476834821049124,8,13.357670156126122,9.753972051380524,0.3694595479423739,1,0.3362782170793433,0.07732218353460563,0,0,0,0,False,,,,,"{""profile_name"": ""extreme_d06"", ""map_seed"": 20490621, ""query_seed"": 20491624, ""waypoint_count"": 2, ""bottleneck_count"": 2}"
extreme_s03_q0069,vanilla_ha,Extreme,d12_16,True,True,0.22225475311279297,115,16.202914862646793,,,0,0.22259589629998972,0.09535829629013126,0,0,0,0,False,,,,,"{""profile_name"": ""extreme_d07"", ""map_seed"": 20490621, ""query_seed"": 20491625}"
extreme_s03_q0069,f_n3p_knn,Extreme,d12_16,True,True,1.2638518039602786,86,32.04060211077368,16.202914862646793,0.9774591412955038,3,0.29802103526895984,0.05851586996877056,0,17,3,0,True,2,5,0.4,,"{""profile_name"": ""extreme_d07"", ""map_seed"": 20490621, ""query_seed"": 20491625}"
extreme_s03_q0069,n3p_k1,Extreme,d12_16,True,True,0.6389188140165061,32,22.64483713816366,16.202914862646793,0.3975779870551366,1,0.29855566270236605,0.09862674408355587,0,0,2,0,True,2,2,1.0,,"{""profile_name"": ""extreme_d07"", ""map_seed"": 20490621, ""query_seed"": 20491625}"
extreme_s03_q0069,voronoi_waypoint,Extreme,d12_16,False,False,1.3381159659475088,909,10.22296400157314,16.202914862646793,,0,0.06434394675355043,0.6217950256793323,0,0,0,0,False,,,,segment_failed:timeout,"{""profile_name"": ""extreme_d07"", ""map_seed"": 20490621, ""query_seed"": 20491625, ""waypoint_count"": 2}"
extreme_s03_q0069,bottleneck_waypoint,Extreme,d12_16,True,True,1.1656354840379208,769,16.154293574009806,16.202914862646793,-0.003000774184716337,0,0.27927837818268764,0.05979830033865913,0,0,0,0,False,,,,,"{""profile_name"": ""extreme_d07"", ""map_seed"": 20490621, ""query_seed"": 20491625, ""waypoint_count"": 2, ""bottleneck_count"": 2}"
extreme_s03_q0070,vanilla_ha,Extreme,d16_20,True,True,0.15534400939941406,25,19.28749343607844,,,0,0.1135086046444764,0.07338535281873793,0,0,0,0,False,,,,,"{""profile_name"": ""extreme_d03"", ""map_seed"": 20490622, ""query_seed"": 20491622}"
extreme_s03_q0070,f_n3p_knn,Extreme,d16_20,True,True,0.48236513300798833,24,19.486993908521537,19.28749343607844,0.01034351472907935,0,0.09462420062179552,0.07465649303357336,0,4,1,0,True,2,2,1.0,,"{""profile_name"": ""extreme_d03"", ""map_seed"": 20490622, ""query_seed"": 20491622}"
extreme_s03_q0070,n3p_k1,Extreme,d16_20,True,True,0.47679360397160053,24,19.486993908521537,19.28749343607844,0.01034351472907935,0,0.09462420062179552,0.07465649303357336,0,0,1,0,True,2,2,1.0,,"{""profile_name"": ""extreme_d03"", ""map_seed"": 20490622, ""query_seed"": 20491622}"
extreme_s03_q0070,voronoi_waypoint,Extreme,d16_20,True,True,0.6188108359929174,4,19.769901838616118,19.28749343607844,0.025011461657081124,0,0.15474478051315116,0.1525052667988237,0,0,0,0,False,,,,,"{""profile_name"": ""extreme_d03"", ""map_seed"": 20490622, ""query_seed"": 20491622, ""waypoint_count"": 3}"
extreme_s03_q0070,bottleneck_waypoint,Extreme,d16_20,True,True,0.6242261710576713,4,19.429431088225893,19.28749343607844,0.007359051222381785,0,0.15731270073665884,0.1673353534159664,0,0,0,0,False,,,,,"{""profile_name"": ""extreme_d03"", ""map_seed"": 20490622, ""query_seed"": 20491622, ""waypoint_count"": 3, ""bottleneck_count"": 3}"
extreme_s03_q0071,vanilla_ha,Extreme,d20_inf,True,True,0.25441694259643555,305,21.843008693354893,,,0,0.18376238440478304,0.08084851416035455,0,0,0,0,False,,,,,"{""profile_name"": ""extreme_d04"", ""map_seed"": 20490622, ""query_seed"": 20491623}"
extreme_s03_q0071,f_n3p_knn,Extreme,d20_inf,True,True,0.3441421438474208,50,22.376174577273492,21.843008693354893,0.02440899472245328,0,0.12123716216646507,0.10649354913749143,0,4,1,0,True,1,1,1.0,,"{""profile_name"": ""extreme_d04"", ""map_seed"": 20490622, ""query_seed"": 20491623}"
extreme_s03_q0071,n3p_k1,Extreme,d20_inf,True,True,0.34227904002182186,50,22.376174577273492,21.843008693354893,0.02440899472245328,0,0.12123716216646507,0.10649354913749143,0,0,1,0,True,1,1,1.0,,"{""profile_name"": ""extreme_d04"", ""map_seed"": 20490622, ""query_seed"": 20491623}"
extreme_s03_q0071,voronoi_waypoint,Extreme,d20_inf,True,True,0.8065357548184693,61,22.803057510856096,21.843008693354893,0.043952224301099685,0,0.21945682050701212,0.08604333928408181,0,0,0,0,False,,,,,"{""profile_name"": ""extreme_d04"", ""map_seed"": 20490622, ""query_seed"": 20491623, ""waypoint_count"": 4}"
extreme_s03_q0071,bottleneck_waypoint,Extreme,d20_inf,True,True,0.6234223500359803,4,22.95002025184963,21.843008693354893,0.05068036066073223,0,0.1623955355050534,0.1370211709245217,0,0,0,0,False,,,,,"{""profile_name"": ""extreme_d04"", ""map_seed"": 20490622, ""query_seed"": 20491623, ""waypoint_count"": 3, ""bottleneck_count"": 3}"
extreme_s03_q0072,vanilla_ha,Extreme,d08_12,True,True,0.16514158248901367,25,9.984617218578215,,,0,0.10228571354981167,0.21441912961965537,0,0,0,0,False,,,,,"{""profile_name"": ""extreme_d05"", ""map_seed"": 20490622, ""query_seed"": 20491624}"
extreme_s03_q0072,f_n3p_knn,Extreme,d08_12,True,True,0.17469415999948978,25,10.000019053245707,9.984617218578215,0.0015425563474615878,0,0.10212817508507954,0.2040624454770732,0,4,1,0,True,0,0,,,"{""profile_name"": ""extreme_d05"", ""map_seed"": 20490622, ""query_seed"": 20491624}"
extreme_s03_q0072,n3p_k1,Extreme,d08_12,True,True,0.17675862601026893,25,10.000019053245707,9.984617218578215,0.0015425563474615878,0,0.10212817508507954,0.2040624454770732,0,0,1,0,True,0,0,,,"{""profile_name"": ""extreme_d05"", ""map_seed"": 20490622, ""query_seed"": 20491624}"
extreme_s03_q0072,voronoi_waypoint,Extreme,d08_12,True,True,0.3427981841377914,8,10.066686536842873,9.984617218578215,0.008219575820288094,0,0.2584267208588721,0.15428016830167124,0,0,0,0,False,,,,,"{""profile_name"": ""extreme_d05"", ""map_seed"": 20490622, ""query_seed"": 20491624, ""waypoint_count"": 1}"
extreme_s03_q0072,bottleneck_waypoint,Extreme,d08_12,True,True,0.33770030178129673,2,10.116672594927955,9.984617218578215,0.013225882721275228,0,0.21607805388300155,0.42929309585113673,0,0,0,0,False,,,,,"{""profile_name"": ""extreme_d05"", ""map_seed"": 20490622, ""query_seed"": 20491624, ""waypoint_count"": 1, ""bottleneck_count"": 1}"
extreme_s03_q0073,vanilla_ha,Extreme,d12_16,True,True,0.14990615844726562,1,15.373353570382749,,,0,0.0,0.11817274563167501,0,0,0,0,False,,,,,"{""profile_name"": ""extreme_d06"", ""map_seed"": 20490622, ""query_seed"": 20491625}"
extreme_s03_q0073,f_n3p_knn,Extreme,d12_16,True,True,0.0006344739813357592,0,15.373353570382752,15.373353570382749,2.220446049250313e-16,0,9.027170125424345e-18,0.11817274563167501,0,0,0,0,False,0,0,,,"{""profile_name"": ""extreme_d06"", ""map_seed"": 20490622, ""query_seed"": 20491625}"
extreme_s03_q0073,n3p_k1,Extreme,d12_16,True,True,0.000623936066403985,0,15.373353570382752,15.373353570382749,2.220446049250313e-16,0,9.027170125424345e-18,0.11817274563167501,0,0,0,0,False,0,0,,,"{""profile_name"": ""extreme_d06"", ""map_seed"": 20490622, ""query_seed"": 20491625}"
extreme_s03_q0073,voronoi_waypoint,Extreme,d12_16,True,True,0.48180868895724416,3,16.661100413965816,15.373353570382749,0.08376486221353496,0,0.28977890906057685,0.10666136377790614,0,0,0,0,False,,,,,"{""profile_name"": ""extreme_d06"", ""map_seed"": 20490622, ""query_seed"": 20491625, ""waypoint_count"": 2}"
extreme_s03_q0073,bottleneck_waypoint,Extreme,d12_16,True,True,0.62189158401452,4,16.054262927660467,15.373353570382749,0.044291530417248204,0,0.20387897633673038,0.0868628451392085,0,0,0,0,False,,,,,"{""profile_name"": ""extreme_d06"", ""map_seed"": 20490622, ""query_seed"": 20491625, ""waypoint_count"": 3, ""bottleneck_count"": 3}"
extreme_s03_q0074,vanilla_ha,Extreme,d16_20,False,False,2.5000152587890625,4137,,,,0,,,0,0,0,0,False,,,,timeout,"{""profile_name"": ""extreme_d07"", ""map_seed"": 20490622, ""query_seed"": 20491626}"
extreme_s03_q0074,f_n3p_knn,Extreme,d16_20,False,False,3.670630791923031,5360,,,,0,,,0,5,1,1,True,0,1,0.0,f2_failed:prediction:goal_in_collision;goal:timeout;f3_failed:timeout,"{""profile_name"": ""extreme_d07"", ""map_seed"": 20490622, ""query_seed"": 20491626}"
extreme_s03_q0074,n3p_k1,Extreme,d16_20,False,False,4.125634908908978,6092,,,,0,,,0,0,2,1,True,0,0,,f2_failed:prediction:goal_in_collision;goal:timeout;f3_failed:timeout,"{""profile_name"": ""extreme_d07"", ""map_seed"": 20490622, ""query_seed"": 20491626}"
extreme_s03_q0074,voronoi_waypoint,Extreme,d16_20,True,True,0.6974863419309258,95,20.78062217216206,,,1,0.3344577901772604,0.06686665651091328,0,0,0,0,False,,,,,"{""profile_name"": ""extreme_d07"", ""map_seed"": 20490622, ""query_seed"": 20491626, ""waypoint_count"": 3}"
extreme_s03_q0074,bottleneck_waypoint,Extreme,d16_20,True,True,0.7666725050657988,7,20.18935682094553,,,1,0.2831787811107349,0.06269735437077112,0,0,0,0,False,,,,,"{""profile_name"": ""extreme_d07"", ""map_seed"": 20490622, ""query_seed"": 20491626, ""waypoint_count"": 4, ""bottleneck_count"": 4}"
extreme_s03_q0075,vanilla_ha,Extreme,d20_inf,True,True,0.29767560958862305,239,20.541913176772777,,,0,0.20961525940557518,0.10396665711477382,0,0,0,0,False,,,,,"{""profile_name"": ""extreme_d03"", ""map_seed"": 20490623, ""query_seed"": 20491623}"
extreme_s03_q0075,f_n3p_knn,Extreme,d20_inf,True,True,0.48702240106649697,188,20.48408476079242,20.541913176772777,-0.0028151426540807822,0,0.16604184981151945,0.08968883421085672,0,8,1,0,True,0,1,0.0,,"{""profile_name"": ""extreme_d03"", ""map_seed"": 20490623, ""query_seed"": 20491623}"
extreme_s03_q0075,n3p_k1,Extreme,d20_inf,True,True,0.16723813791759312,16,20.12945715339332,20.541913176772777,-0.02007875409802773,0,0.09546477541507103,0.18875090325258492,0,0,1,0,True,0,0,,,"{""profile_name"": ""extreme_d03"", ""map_seed"": 20490623, ""query_seed"": 20491623}"
extreme_s03_q0075,voronoi_waypoint,Extreme,d20_inf,True,True,0.6335123898461461,19,21.420473574291076,20.541913176772777,0.0427691612732406,0,0.1901334246508233,0.18950458480795773,0,0,0,0,False,,,,,"{""profile_name"": ""extreme_d03"", ""map_seed"": 20490623, ""query_seed"": 20491623, ""waypoint_count"": 3}"
extreme_s03_q0075,bottleneck_waypoint,Extreme,d20_inf,True,True,0.639011925086379,19,21.138996105524306,20.541913176772777,0.029066568610885968,0,0.20842825988964694,0.189628072807011,0,0,0,0,False,,,,,"{""profile_name"": ""extreme_d03"", ""map_seed"": 20490623, ""query_seed"": 20491623, ""waypoint_count"": 3, ""bottleneck_count"": 3}"
extreme_s03_q0076,vanilla_ha,Extreme,d08_12,False,False,2.502009153366089,2473,,,,0,,,0,0,0,0,False,,,,timeout,"{""profile_name"": ""extreme_d04"", ""map_seed"": 20490623, ""query_seed"": 20491624}"
extreme_s03_q0076,f_n3p_knn,Extreme,d08_12,True,True,0.3120232908986509,8,10.342153958807774,,,2,0.40193868255783394,0.053339526945095916,0,4,1,0,True,1,1,1.0,,"{""profile_name"": ""extreme_d04"", ""map_seed"": 20490623, ""query_seed"": 20491624}"
extreme_s03_q0076,n3p_k1,Extreme,d08_12,True,True,0.31112154200673103,8,10.342153958807774,,,2,0.40193868255783394,0.053339526945095916,0,0,1,0,True,1,1,1.0,,"{""profile_name"": ""extreme_d04"", ""map_seed"": 20490623, ""query_seed"": 20491624}"
extreme_s03_q0076,voronoi_waypoint,Extreme,d08_12,True,True,0.4701842179056257,3,13.411245720532461,,,1,0.5214007601195995,0.06258159120758855,0,0,0,0,False,,,,,"{""profile_name"": ""extreme_d04"", ""map_seed"": 20490623, ""query_seed"": 20491624, ""waypoint_count"": 2}"
extreme_s03_q0076,bottleneck_waypoint,Extreme,d08_12,True,True,0.6419190049637109,169,12.737084397312676,,,3,0.5073624723904394,0.06989094756092695,0,0,0,0,False,,,,,"{""profile_name"": ""extreme_d04"", ""map_seed"": 20490623, ""query_seed"": 20491624, ""waypoint_count"": 2, ""bottleneck_count"": 2}"
extreme_s03_q0077,vanilla_ha,Extreme,d12_16,True,True,0.19718241691589355,145,15.9553884514064,,,1,0.12965446647219397,0.0657727479300747,0,0,0,0,False,,,,,"{""profile_name"": ""extreme_d05"", ""map_seed"": 20490623, ""query_seed"": 20491625}"
extreme_s03_q0077,f_n3p_knn,Extreme,d12_16,True,True,0.6083712531253695,4,16.702840803353187,15.9553884514064,0.046846390122259995,1,0.151098772141278,0.0657727479300747,0,1,0,0,True,3,4,0.75,,"{""profile_name"": ""extreme_d05"", ""map_seed"": 20490623, ""query_seed"": 20491625}"
extreme_s03_q0077,n3p_k1,Extreme,d12_16,True,True,0.3101220680400729,18,15.93282444974192,15.9553884514064,-0.001414193188288726,1,0.17117234333236991,0.06577274793007493,0,0,1,0,True,1,1,1.0,,"{""profile_name"": ""extreme_d05"", ""map_seed"": 20490623, ""query_seed"": 20491625}"
extreme_s03_q0077,voronoi_waypoint,Extreme,d12_16,True,True,0.6303207220043987,19,17.7374049634755,15.9553884514064,0.11168744136166886,3,0.3804554254692561,0.06577274793007326,0,0,0,0,False,,,,,"{""profile_name"": ""extreme_d05"", ""map_seed"": 20490623, ""query_seed"": 20491625, ""waypoint_count"": 3}"
extreme_s03_q0077,bottleneck_waypoint,Extreme,d12_16,True,True,0.627564799040556,6,17.875443647663484,15.9553884514064,0.12033898153622458,3,0.2518130496627562,0.0657727479300757,0,0,0,0,False,,,,,"{""profile_name"": ""extreme_d05"", ""map_seed"": 20490623, ""query_seed"": 20491625, ""waypoint_count"": 3, ""bottleneck_count"": 3}"
extreme_s03_q0078,vanilla_ha,Extreme,d16_20,False,False,2.500291109085083,3427,,,,0,,,0,0,0,0,False,,,,timeout,"{""profile_name"": ""extreme_d06"", ""map_seed"": 20490623, ""query_seed"": 20491626}"
extreme_s03_q0078,f_n3p_knn,Extreme,d16_20,False,False,3.5123874261043966,4935,,,,0,,,0,4,1,1,True,0,0,,f2_failed:prediction:goal_in_collision;goal:timeout;f3_failed:timeout,"{""profile_name"": ""extreme_d06"", ""map_seed"": 20490623, ""query_seed"": 20491626}"
extreme_s03_q0078,n3p_k1,Extreme,d16_20,False,False,3.512457903008908,4902,,,,0,,,0,0,1,1,True,0,0,,f2_failed:prediction:goal_in_collision;goal:timeout;f3_failed:timeout,"{""profile_name"": ""extreme_d06"", ""map_seed"": 20490623, ""query_seed"": 20491626}"
extreme_s03_q0078,voronoi_waypoint,Extreme,d16_20,True,True,0.6372141500469297,20,21.570134925829503,,,3,0.3473828339350011,0.0872820262168732,0,0,0,0,False,,,,,"{""profile_name"": ""extreme_d06"", ""map_seed"": 20490623, ""query_seed"": 20491626, ""waypoint_count"": 3}"
extreme_s03_q0078,bottleneck_waypoint,Extreme,d16_20,True,True,0.9073141601402313,6,22.469836474714118,,,1,0.4474866633429042,0.09811681456548449,0,0,0,0,False,,,,,"{""profile_name"": ""extreme_d06"", ""map_seed"": 20490623, ""query_seed"": 20491626, ""waypoint_count"": 5, ""bottleneck_count"": 5}"
extreme_s03_q0079,vanilla_ha,Extreme,d20_inf,True,True,1.340266466140747,2461,25.714162066455884,,,0,0.2530876115260753,0.06185391167630072,0,0,0,0,False,,,,,"{""profile_name"": ""extreme_d07"", ""map_seed"": 20490623, ""query_seed"": 20491627}"
extreme_s03_q0079,f_n3p_knn,Extreme,d20_inf,True,True,0.513761276146397,103,27.35430888401268,25.714162066455884,0.06378379405550882,0,0.140543336879011,0.10738526329306541,0,4,1,0,True,2,2,1.0,,"{""profile_name"": ""extreme_d07"", ""map_seed"": 20490623, ""query_seed"": 20491627}"
extreme_s03_q0079,n3p_k1,Extreme,d20_inf,True,True,0.5126266749575734,103,27.35430888401268,25.714162066455884,0.06378379405550882,0,0.140543336879011,0.10738526329306541,0,0,1,0,True,2,2,1.0,,"{""profile_name"": ""extreme_d07"", ""map_seed"": 20490623, ""query_seed"": 20491627}"
extreme_s03_q0079,voronoi_waypoint,Extreme,d20_inf,True,True,0.9038046239875257,6,27.188873711968466,25.714162066455884,0.05735017309532875,0,0.23571388037512203,0.18591876185562106,0,0,0,0,False,,,,,"{""profile_name"": ""extreme_d07"", ""map_seed"": 20490623, ""query_seed"": 20491627, ""waypoint_count"": 5}"
extreme_s03_q0079,bottleneck_waypoint,Extreme,d20_inf,True,True,1.0580624497961253,7,27.557303083430373,25.714162066455884,0.07167805088149715,2,0.28465707085700925,0.3360770506383747,0,0,0,0,False,,,,,"{""profile_name"": ""extreme_d07"", ""map_seed"": 20490623, ""query_seed"": 20491627, ""waypoint_count"": 6, ""bottleneck_count"": 6}"
extreme_s04_q0080,vanilla_ha,Extreme,d08_12,True,True,0.1842365264892578,78,11.776044955348413,,,0,0.0854732163672577,0.08015638990243357,0,0,0,0,False,,,,,"{""profile_name"": ""extreme_d03"", ""map_seed"": 20500620, ""query_seed"": 20501620}"
extreme_s04_q0080,f_n3p_knn,Extreme,d08_12,True,True,0.3031528531573713,2,11.884942272565963,11.776044955348413,0.009247359162644075,0,0.11570454785058215,0.059074048887730546,0,3,0,0,True,0,2,0.0,,"{""profile_name"": ""extreme_d03"", ""map_seed"": 20500620, ""query_seed"": 20501620}"
extreme_s04_q0080,n3p_k1,Extreme,d08_12,True,True,0.33075008215382695,301,12.441886420788943,11.776044955348413,0.056542028156755686,0,0.22678402876033915,0.1438471460973757,0,0,1,0,True,0,0,,,"{""profile_name"": ""extreme_d03"", ""map_seed"": 20500620, ""query_seed"": 20501620}"
extreme_s04_q0080,voronoi_waypoint,Extreme,d08_12,True,True,0.6320870099589229,189,12.138236142432437,11.776044955348413,0.03075660703210259,0,0.4354410215157816,0.07475123281962848,0,0,0,0,False,,,,,"{""profile_name"": ""extreme_d03"", ""map_seed"": 20500620, ""query_seed"": 20501620, ""waypoint_count"": 2}"
extreme_s04_q0080,bottleneck_waypoint,Extreme,d08_12,True,True,0.4693913620430976,3,12.079800617314055,11.776044955348413,0.02579437010621155,0,0.2637047070007646,0.26020196853453026,0,0,0,0,False,,,,,"{""profile_name"": ""extreme_d03"", ""map_seed"": 20500620, ""query_seed"": 20501620, ""waypoint_count"": 2, ""bottleneck_count"": 2}"
extreme_s04_q0081,vanilla_ha,Extreme,d12_16,True,True,0.23274707794189453,113,15.532196560358111,,,0,0.0971084054633,0.09619526829444192,0,0,0,0,False,,,,,"{""profile_name"": ""extreme_d04"", ""map_seed"": 20500620, ""query_seed"": 20501621}"
extreme_s04_q0081,f_n3p_knn,Extreme,d12_16,True,True,0.4710624720901251,15,16.60726050945864,15.532196560358111,0.06921519084070504,3,0.1915174738417231,0.06030269178960651,0,4,1,0,True,2,2,1.0,,"{""profile_name"": ""extreme_d04"", ""map_seed"": 20500620, ""query_seed"": 20501621}"
extreme_s04_q0081,n3p_k1,Extreme,d12_16,True,True,0.4662054688669741,15,16.60726050945864,15.532196560358111,0.06921519084070504,3,0.1915174738417231,0.06030269178960651,0,0,1,0,True,2,2,1.0,,"{""profile_name"": ""extreme_d04"", ""map_seed"": 20500620, ""query_seed"": 20501621}"
extreme_s04_q0081,voronoi_waypoint,Extreme,d12_16,True,True,0.6221590379718691,4,18.042066252508622,15.532196560358111,0.16159141962935886,0,0.22405387677794705,0.44938337143849105,0,0,0,0,False,,,,,"{""profile_name"": ""extreme_d04"", ""map_seed"": 20500620, ""query_seed"": 20501621, ""waypoint_count"": 3}"
extreme_s04_q0081,bottleneck_waypoint,Extreme,d12_16,True,True,0.6203584850300103,4,17.658755054890502,15.532196560358111,0.13691292704599678,0,0.13479679765873734,0.4529880212402393,0,0,0,0,False,,,,,"{""profile_name"": ""extreme_d04"", ""map_seed"": 20500620, ""query_seed"": 20501621, ""waypoint_count"": 3, ""bottleneck_count"": 3}"
extreme_s04_q0082,vanilla_ha,Extreme,d16_20,True,False,1.259082555770874,1745,18.94123147703068,,,0,0.26317823267125945,0.04558418877721648,3,0,0,0,False,,,,,"{""profile_name"": ""extreme_d05"", ""map_seed"": 20500620, ""query_seed"": 20501622}"
extreme_s04_q0082,f_n3p_knn,Extreme,d16_20,True,True,2.133914796868339,3099,18.981273781965555,,,0,0.2626230400553213,0.09987437265053922,0,4,1,1,True,0,0,,,"{""profile_name"": ""extreme_d05"", ""map_seed"": 20500620, ""query_seed"": 20501622}"
extreme_s04_q0082,n3p_k1,Extreme,d16_20,True,True,2.136013508075848,3099,18.981273781965555,,,0,0.2626230400553213,0.09987437265053922,0,0,1,1,True,0,0,,,"{""profile_name"": ""extreme_d05"", ""map_seed"": 20500620, ""query_seed"": 20501622}"
extreme_s04_q0082,voronoi_waypoint,Extreme,d16_20,True,True,0.6375831130426377,22,21.273118478084285,,,0,0.23144491135655587,0.08441791048983105,0,0,0,0,False,,,,,"{""profile_name"": ""extreme_d05"", ""map_seed"": 20500620, ""query_seed"": 20501622, ""waypoint_count"": 3}"
extreme_s04_q0082,bottleneck_waypoint,Extreme,d16_20,True,True,0.7628710651770234,5,20.002536478603602,,,1,0.1899689395197696,0.3759924139259594,0,0,0,0,False,,,,,"{""profile_name"": ""extreme_d05"", ""map_seed"": 20500620, ""query_seed"": 20501622, ""waypoint_count"": 4, ""bottleneck_count"": 4}"
extreme_s04_q0083,vanilla_ha,Extreme,d20_inf,False,False,2.5000176429748535,3407,,,,0,,,0,0,0,0,False,,,,timeout,"{""profile_name"": ""extreme_d06"", ""map_seed"": 20500620, ""query_seed"": 20501623}"
extreme_s04_q0083,f_n3p_knn,Extreme,d20_inf,False,False,4.669855787884444,6329,,,,0,,,0,4,1,1,True,1,1,1.0,f2_failed:prediction:timeout;goal:timeout;f3_failed:timeout,"{""profile_name"": ""extreme_d06"", ""map_seed"": 20500620, ""query_seed"": 20501623}"
extreme_s04_q0083,n3p_k1,Extreme,d20_inf,False,False,4.667264580959454,6294,,,,0,,,0,0,1,1,True,1,1,1.0,f2_failed:prediction:timeout;goal:timeout;f3_failed:timeout,"{""profile_name"": ""extreme_d06"", ""map_seed"": 20500620, ""query_seed"": 20501623}"
extreme_s04_q0083,voronoi_waypoint,Extreme,d20_inf,True,True,0.7554146109614521,5,24.73322708157939,,,0,0.14560730362515484,0.16365501635479407,0,0,0,0,False,,,,,"{""profile_name"": ""extreme_d06"", ""map_seed"": 20500620, ""query_seed"": 20501623, ""waypoint_count"": 4}"
extreme_s04_q0083,bottleneck_waypoint,Extreme,d20_inf,True,True,1.043999871937558,7,25.950541410425707,,,2,0.2365748580611151,0.16279856139429527,0,0,0,0,False,,,,,"{""profile_name"": ""extreme_d06"", ""map_seed"": 20500620, ""query_seed"": 20501623, ""waypoint_count"": 6, ""bottleneck_count"": 6}"
extreme_s04_q0084,vanilla_ha,Extreme,d08_12,True,True,0.7635116577148438,661,12.167293042216004,,,2,0.26058954261843736,0.07276123378346067,0,0,0,0,False,,,,,"{""profile_name"": ""extreme_d07"", ""map_seed"": 20500620, ""query_seed"": 20501624}"
extreme_s04_q0084,f_n3p_knn,Extreme,d08_12,True,True,0.9248973650392145,663,12.178445359153226,12.167293042216004,0.0009165816010618943,2,0.260350909764727,0.07276123378346067,0,0,0,1,True,2,2,1.0,,"{""profile_name"": ""extreme_d07"", ""map_seed"": 20500620, ""query_seed"": 20501624}"
extreme_s04_q0084,n3p_k1,Extreme,d08_12,True,True,0.9215474252123386,663,12.178445359153226,12.167293042216004,0.0009165816010618943,2,0.260350909764727,0.07276123378346067,0,0,0,1,True,2,2,1.0,,"{""profile_name"": ""extreme_d07"", ""map_seed"": 20500620, ""query_seed"": 20501624}"
extreme_s04_q0084,voronoi_waypoint,Extreme,d08_12,True,True,0.6230578010436147,166,14.011601775265792,12.167293042216004,0.15157921541387376,4,0.4072630163166095,0.0962292410326605,0,0,0,0,False,,,,,"{""profile_name"": ""extreme_d07"", ""map_seed"": 20500620, ""query_seed"": 20501624, ""waypoint_count"": 2}"
extreme_s04_q0084,bottleneck_waypoint,Extreme,d08_12,True,True,0.5866256069857627,134,12.910758161191106,12.167293042216004,0.06110357631689767,4,0.34686949332081385,0.0962292410326605,0,0,0,0,False,,,,,"{""profile_name"": ""extreme_d07"", ""map_seed"": 20500620, ""query_seed"": 20501624, ""waypoint_count"": 2, ""bottleneck_count"": 2}"
extreme_s04_q0085,vanilla_ha,Extreme,d12_16,True,False,1.5551965236663818,1997,13.423428716287837,,,0,0.31083202774128704,-0.042604825055315876,12,0,0,0,False,,,,,"{""profile_name"": ""extreme_d03"", ""map_seed"": 20500621, ""query_seed"": 20501621}"
extreme_s04_q0085,f_n3p_knn,Extreme,d12_16,True,True,0.15783547889441252,1,13.090950708862572,,,0,0.02711570095870573,0.08532454300049341,0,2,0,0,True,0,1,0.0,,"{""profile_name"": ""extreme_d03"", ""map_seed"": 20500621, ""query_seed"": 20501621}"
extreme_s04_q0085,n3p_k1,Extreme,d12_16,True,True,2.433162020985037,3261,13.464911010320955,,,0,0.3098744257519541,0.07779164938814775,0,0,1,1,True,0,0,,,"{""profile_name"": ""extreme_d03"", ""map_seed"": 20500621, ""query_seed"": 20501621}"
extreme_s04_q0085,voronoi_waypoint,Extreme,d12_16,True,True,0.475303741870448,3,15.101609684629144,,,0,0.23634040016799326,0.21849217269874988,0,0,0,0,False,,,,,"{""profile_name"": ""extreme_d03"", ""map_seed"": 20500621, ""query_seed"": 20501621, ""waypoint_count"": 2}"
extreme_s04_q0085,bottleneck_waypoint,Extreme,d12_16,True,True,0.4759735318366438,3,14.73756302222698,,,0,0.26356819946657384,0.2690537169329966,0,0,0,0,False,,,,,"{""profile_name"": ""extreme_d03"", ""map_seed"": 20500621, ""query_seed"": 20501621, ""waypoint_count"": 2, ""bottleneck_count"": 2}"
extreme_s04_q0086,vanilla_ha,Extreme,d16_20,True,True,0.25525641441345215,169,16.639455080005913,,,0,0.1933074236846729,0.058604957189266504,0,0,0,0,False,,,,,"{""profile_name"": ""extreme_d04"", ""map_seed"": 20500621, ""query_seed"": 20501622}"
extreme_s04_q0086,f_n3p_knn,Extreme,d16_20,True,True,0.38477578619495034,96,16.691653871778065,16.639455080005913,0.0031370493517468567,0,0.31877284437681264,0.058604957189266504,0,8,2,0,True,0,0,,,"{""profile_name"": ""extreme_d04"", ""map_seed"": 20500621, ""query_seed"": 20501622}"
extreme_s04_q0086,n3p_k1,Extreme,d16_20,True,True,0.3836785559542477,96,16.691653871778065,16.639455080005913,0.0031370493517468567,0,0.31877284437681264,0.058604957189266504,0,0,2,0,True,0,0,,,"{""profile_name"": ""extreme_d04"", ""map_seed"": 20500621, ""query_seed"": 20501622}"
extreme_s04_q0086,voronoi_waypoint,Extreme,d16_20,True,True,0.6248157739173621,4,20.81719341741308,16.639455080005913,0.25107422793112777,4,0.3350284996622906,0.06689215491851552,0,0,0,0,False,,,,,"{""profile_name"": ""extreme_d04"", ""map_seed"": 20500621, ""query_seed"": 20501622, ""waypoint_count"": 3}"
extreme_s04_q0086,bottleneck_waypoint,Extreme,d16_20,True,True,0.7693172439467162,5,21.211088240280162,16.639455080005913,0.2747465670175435,2,0.3527905500644589,0.3434287994653207,0,0,0,0,False,,,,,"{""profile_name"": ""extreme_d04"", ""map_seed"": 20500621, ""query_seed"": 20501622, ""waypoint_count"": 4, ""bottleneck_count"": 4}"
extreme_s04_q0087,vanilla_ha,Extreme,d20_inf,True,True,0.3258798122406006,281,25.728588586378258,,,0,0.2969694108271385,0.0697751817478448,0,0,0,0,False,,,,,"{""profile_name"": ""extreme_d05"", ""map_seed"": 20500621, ""query_seed"": 20501623}"
extreme_s04_q0087,f_n3p_knn,Extreme,d20_inf,True,True,0.8030449161306024,45,28.18484260475769,25.728588586378258,0.09546788818722352,1,0.09250480737651832,0.08251519688576914,0,9,1,0,True,2,4,0.5,,"{""profile_name"": ""extreme_d05"", ""map_seed"": 20500621, ""query_seed"": 20501623}"
extreme_s04_q0087,n3p_k1,Extreme,d20_inf,True,True,0.7716773757711053,22,26.447932263093175,25.728588586378258,0.027958924925083783,2,0.14706040887211455,0.060866870913903026,0,0,2,0,True,3,3,1.0,,"{""profile_name"": ""extreme_d05"", ""map_seed"": 20500621, ""query_seed"": 20501623}"
extreme_s04_q0087,voronoi_waypoint,Extreme,d20_inf,True,True,0.9108227230608463,6,28.510547155875543,25.728588586378258,0.1081271349245394,2,0.2887414508260052,0.06121662563541097,0,0,0,0,False,,,,,"{""profile_name"": ""extreme_d05"", ""map_seed"": 20500621, ""query_seed"": 20501623, ""waypoint_count"": 5}"
extreme_s04_q0087,bottleneck_waypoint,Extreme,d20_inf,True,True,0.7686286051757634,5,26.339303738694372,25.728588586378258,0.02373683073464239,0,0.20305864973817697,0.12452387553687305,0,0,0,0,False,,,,,"{""profile_name"": ""extreme_d05"", ""map_seed"": 20500621, ""query_seed"": 20501623, ""waypoint_count"": 4, ""bottleneck_count"": 4}"
extreme_s04_q0088,vanilla_ha,Extreme,d08_12,True,True,0.14653396606445312,1,10.655045753069293,,,0,0.0,0.5509262177723949,0,0,0,0,False,,,,,"{""profile_name"": ""extreme_d06"", ""map_seed"": 20500621, ""query_seed"": 20501624}"
extreme_s04_q0088,f_n3p_knn,Extreme,d08_12,True,True,0.00045210705138742924,0,10.655045753069293,10.655045753069293,0.0,0,0.0,0.5509262177723949,0,0,0,0,False,0,0,,,"{""profile_name"": ""extreme_d06"", ""map_seed"": 20500621, ""query_seed"": 20501624}"
extreme_s04_q0088,n3p_k1,Extreme,d08_12,True,True,0.0004552118480205536,0,10.655045753069293,10.655045753069293,0.0,0,0.0,0.5509262177723949,0,0,0,0,False,0,0,,,"{""profile_name"": ""extreme_d06"", ""map_seed"": 20500621, ""query_seed"": 20501624}"
extreme_s04_q0088,voronoi_waypoint,Extreme,d08_12,True,True,0.33420639182440937,2,10.666873647656757,10.655045753069293,0.0011100745000609535,0,0.017908356877468713,0.45971387416208565,0,0,0,0,False,,,,,"{""profile_name"": ""extreme_d06"", ""map_seed"": 20500621, ""query_seed"": 20501624, ""waypoint_count"": 1}"
extreme_s04_q0088,bottleneck_waypoint,Extreme,d08_12,True,True,0.4780378241557628,3,11.021076176058788,10.655045753069293,0.03435277815527504,0,0.22540826539689604,0.9198787096737222,0,0,0,0,False,,,,,"{""profile_name"": ""extreme_d06"", ""map_seed"": 20500621, ""query_seed"": 20501624, ""waypoint_count"": 2, ""bottleneck_count"": 2}"
extreme_s04_q0089,vanilla_ha,Extreme,d12_16,True,True,0.14557528495788574,1,12.614673994994877,,,0,0.0,0.1487212427960406,0,0,0,0,False,,,,,"{""profile_name"": ""extreme_d07"", ""map_seed"": 20500621, ""query_seed"": 20501625}"
extreme_s04_q0089,f_n3p_knn,Extreme,d12_16,True,True,0.0005384441465139389,0,12.614673994994877,12.614673994994877,0.0,0,1.760208825159746e-17,0.1487212427960406,0,0,0,0,False,0,0,,,"{""profile_name"": ""extreme_d07"", ""map_seed"": 20500621, ""query_seed"": 20501625}"
extreme_s04_q0089,n3p_k1,Extreme,d12_16,True,True,0.0005219138693064451,0,12.614673994994877,12.614673994994877,0.0,0,1.760208825159746e-17,0.1487212427960406,0,0,0,0,False,0,0,,,"{""profile_name"": ""extreme_d07"", ""map_seed"": 20500621, ""query_seed"": 20501625}"
extreme_s04_q0089,voronoi_waypoint,Extreme,d12_16,True,True,0.47380474815145135,3,13.428389838632974,12.614673994994877,0.06450549922740412,0,0.2915644072501022,0.34762950513478785,0,0,0,0,False,,,,,"{""profile_name"": ""extreme_d07"", ""map_seed"": 20500621, ""query_seed"": 20501625, ""waypoint_count"": 2}"
extreme_s04_q0089,bottleneck_waypoint,Extreme,d12_16,True,True,0.6168807649519295,4,13.476033576892412,12.614673994994877,0.0682823497649876,0,0.1868826734337888,0.14799780855593658,0,0,0,0,False,,,,,"{""profile_name"": ""extreme_d07"", ""map_seed"": 20500621, ""query_seed"": 20501625, ""waypoint_count"": 3, ""bottleneck_count"": 3}"
extreme_s04_q0090,vanilla_ha,Extreme,d16_20,True,False,2.1358304023742676,2571,19.065493499057506,,,0,0.24359364834946187,-0.08955528409277552,11,0,0,0,False,,,,,"{""profile_name"": ""extreme_d03"", ""map_seed"": 20500622, ""query_seed"": 20501622}"
extreme_s04_q0090,f_n3p_knn,Extreme,d16_20,True,True,0.4578410948161036,3,20.498801099018827,,,0,0.16611400548249874,0.051129892954392187,0,1,0,0,True,2,3,0.6666666666666666,,"{""profile_name"": ""extreme_d03"", ""map_seed"": 20500622, ""query_seed"": 20501622}"
extreme_s04_q0090,n3p_k1,Extreme,d16_20,True,True,3.1967235431075096,3586,19.156659809617572,,,0,0.24243438914579182,0.061547451433430544,0,0,1,1,True,1,1,1.0,,"{""profile_name"": ""extreme_d03"", ""map_seed"": 20500622, ""query_seed"": 20501622}"
extreme_s04_q0090,voronoi_waypoint,Extreme,d16_20,True,True,0.6149143460206687,4,22.198537755426184,,,0,0.3242126600526052,0.10499871551446305,0,0,0,0,False,,,,,"{""profile_name"": ""extreme_d03"", ""map_seed"": 20500622, ""query_seed"": 20501622, ""waypoint_count"": 3}"
extreme_s04_q0090,bottleneck_waypoint,Extreme,d16_20,True,True,0.4795548701658845,3,21.169959458228174,,,2,0.16554439319946807,0.129745418609983,0,0,0,0,False,,,,,"{""profile_name"": ""extreme_d03"", ""map_seed"": 20500622, ""query_seed"": 20501622, ""waypoint_count"": 2, ""bottleneck_count"": 2}"
extreme_s04_q0091,vanilla_ha,Extreme,d20_inf,True,True,0.6024765968322754,857,26.564256996585502,,,0,0.29371456858976513,0.07189957043341011,0,0,0,0,False,,,,,"{""profile_name"": ""extreme_d04"", ""map_seed"": 20500622, ""query_seed"": 20501623}"
extreme_s04_q0091,f_n3p_knn,Extreme,d20_inf,True,True,0.7318407599814236,507,26.66148041202809,26.564256996585502,0.003659933551128036,0,0.39837015409828275,0.06574193010542295,0,8,1,0,True,1,2,0.5,,"{""profile_name"": ""extreme_d04"", ""map_seed"": 20500622, ""query_seed"": 20501623}"
extreme_s04_q0091,n3p_k1,Extreme,d20_inf,True,True,0.618406489957124,247,26.54162078772866,26.564256996585502,-0.0008521303215727194,0,0.11144010841454492,0.05768503942244774,0,0,2,0,True,1,1,1.0,,"{""profile_name"": ""extreme_d04"", ""map_seed"": 20500622, ""query_seed"": 20501623}"
extreme_s04_q0091,voronoi_waypoint,Extreme,d20_inf,True,True,1.020422579953447,152,28.102848310261354,26.564256996585502,0.05791960655529027,0,0.31448072207693817,0.07433068853487856,0,0,0,0,False,,,,,"{""profile_name"": ""extreme_d04"", ""map_seed"": 20500622, ""query_seed"": 20501623, ""waypoint_count"": 5}"
extreme_s04_q0091,bottleneck_waypoint,Extreme,d20_inf,True,True,1.042309105861932,7,28.599924200377252,26.564256996585502,0.07663181409716868,4,0.3853656253178483,0.084833855031341,0,0,0,0,False,,,,,"{""profile_name"": ""extreme_d04"", ""map_seed"": 20500622, ""query_seed"": 20501623, ""waypoint_count"": 6, ""bottleneck_count"": 6}"
extreme_s04_q0092,vanilla_ha,Extreme,d08_12,True,False,0.6940746307373047,649,8.547437736753913,,,0,0.3280134544622791,0.06316210455974464,3,0,0,0,False,,,,,"{""profile_name"": ""extreme_d05"", ""map_seed"": 20500622, ""query_seed"": 20501624}"
extreme_s04_q0092,f_n3p_knn,Extreme,d08_12,True,True,0.3053278571460396,2,8.527686728480658,,,2,0.19531628853408756,0.2553404500997649,0,0,0,0,False,2,2,1.0,,"{""profile_name"": ""extreme_d05"", ""map_seed"": 20500622, ""query_seed"": 20501624}"
extreme_s04_q0092,n3p_k1,Extreme,d08_12,True,True,0.30354930995963514,2,8.527686728480658,,,2,0.19531628853408756,0.2553404500997649,0,0,0,0,False,2,2,1.0,,"{""profile_name"": ""extreme_d05"", ""map_seed"": 20500622, ""query_seed"": 20501624}"
extreme_s04_q0092,voronoi_waypoint,Extreme,d08_12,True,True,0.3312532890122384,2,9.249651791502533,,,0,0.3975478287352697,0.3281599922386831,0,0,0,0,False,,,,,"{""profile_name"": ""extreme_d05"", ""map_seed"": 20500622, ""query_seed"": 20501624, ""waypoint_count"": 1}"
extreme_s04_q0092,bottleneck_waypoint,Extreme,d08_12,True,True,0.49464623001404107,245,8.941878612355376,,,0,0.4146375788795644,0.09326192246971265,0,0,0,0,False,,,,,"{""profile_name"": ""extreme_d05"", ""map_seed"": 20500622, ""query_seed"": 20501624, ""waypoint_count"": 1, ""bottleneck_count"": 1}"
extreme_s04_q0093,vanilla_ha,Extreme,d12_16,True,True,0.14985299110412598,9,14.779120470881647,,,0,0.13883832140457297,0.39105648102948676,0,0,0,0,False,,,,,"{""profile_name"": ""extreme_d06"", ""map_seed"": 20500622, ""query_seed"": 20501625}"
extreme_s04_q0093,f_n3p_knn,Extreme,d12_16,True,True,0.15708422986790538,1,14.6955836206981,14.779120470881647,-0.005652355994264613,0,0.07920282142940814,0.13071119057937908,0,3,0,0,True,0,1,0.0,,"{""profile_name"": ""extreme_d06"", ""map_seed"": 20500622, ""query_seed"": 20501625}"
extreme_s04_q0093,n3p_k1,Extreme,d12_16,True,True,0.16149283898994327,7,14.743674968507513,14.779120470881647,-0.002398349918316889,0,0.171676234667535,0.25220619331858163,0,0,1,0,True,0,0,,,"{""profile_name"": ""extreme_d06"", ""map_seed"": 20500622, ""query_seed"": 20501625}"
extreme_s04_q0093,voronoi_waypoint,Extreme,d12_16,True,True,0.48026336287148297,12,14.669002179322888,14.779120470881647,-0.007450936730350022,0,0.18373274962786498,0.12236506471495878,0,0,0,0,False,,,,,"{""profile_name"": ""extreme_d06"", ""map_seed"": 20500622, ""query_seed"": 20501625, ""waypoint_count"": 2}"
extreme_s04_q0093,bottleneck_waypoint,Extreme,d12_16,True,True,0.619026105152443,4,14.956154138393464,14.779120470881647,0.011978633495857594,0,0.2594218008470471,0.3093467980443194,0,0,0,0,False,,,,,"{""profile_name"": ""extreme_d06"", ""map_seed"": 20500622, ""query_seed"": 20501625, ""waypoint_count"": 3, ""bottleneck_count"": 3}"
extreme_s04_q0094,vanilla_ha,Extreme,d16_20,True,True,1.4315235614776611,2153,18.45448109387805,,,0,0.10152800890544615,0.150835795894657,0,0,0,0,False,,,,,"{""profile_name"": ""extreme_d07"", ""map_seed"": 20500622, ""query_seed"": 20501626}"
extreme_s04_q0094,f_n3p_knn,Extreme,d16_20,True,True,0.46224063681438565,17,20.900269533110134,18.45448109387805,0.13253087024177712,4,0.13949707090409016,0.08282180484327295,0,9,1,0,True,0,2,0.0,,"{""profile_name"": ""extreme_d07"", ""map_seed"": 20500622, ""query_seed"": 20501626}"
extreme_s04_q0094,n3p_k1,Extreme,d16_20,True,True,2.3082835900131613,3578,18.479761573911635,18.45448109387805,0.001369883005920336,0,0.10138911767615631,0.150835795894657,0,0,1,1,True,0,0,,,"{""profile_name"": ""extreme_d07"", ""map_seed"": 20500622, ""query_seed"": 20501626}"
extreme_s04_q0094,voronoi_waypoint,Extreme,d16_20,True,True,0.6216835249215364,7,18.821261502061237,18.45448109387805,0.019874869757506186,0,0.14629931418610811,0.09131579741151152,0,0,0,0,False,,,,,"{""profile_name"": ""extreme_d07"", ""map_seed"": 20500622, ""query_seed"": 20501626, ""waypoint_count"": 3}"
extreme_s04_q0094,bottleneck_waypoint,Extreme,d16_20,True,True,0.6227745348587632,4,18.766428557851846,18.45448109387805,0.016903616112905917,0,0.16586802554481117,0.23773585643129214,0,0,0,0,False,,,,,"{""profile_name"": ""extreme_d07"", ""map_seed"": 20500622, ""query_seed"": 20501626, ""waypoint_count"": 3, ""bottleneck_count"": 3}"
extreme_s04_q0095,vanilla_ha,Extreme,d20_inf,True,True,0.20250272750854492,145,25.43497563069624,,,0,0.13386480092622655,0.08758889588330065,0,0,0,0,False,,,,,"{""profile_name"": ""extreme_d03"", ""map_seed"": 20500623, ""query_seed"": 20501623}"
extreme_s04_q0095,f_n3p_knn,Extreme,d20_inf,True,True,0.33419599407352507,37,25.221876749498158,25.43497563069624,-0.00837818303002047,0,0.07652536436434924,0.1465618608897552,0,4,1,0,True,1,1,1.0,,"{""profile_name"": ""extreme_d03"", ""map_seed"": 20500623, ""query_seed"": 20501623}"
extreme_s04_q0095,n3p_k1,Extreme,d20_inf,True,True,0.3370396120008081,37,25.221876749498158,25.43497563069624,-0.00837818303002047,0,0.07652536436434924,0.1465618608897552,0,0,1,0,True,1,1,1.0,,"{""profile_name"": ""extreme_d03"", ""map_seed"": 20500623, ""query_seed"": 20501623}"
extreme_s04_q0095,voronoi_waypoint,Extreme,d20_inf,True,True,0.9112490119878203,6,28.831336311862373,25.43497563069624,0.13353111599081813,2,0.24224078769456833,0.38121672269275664,0,0,0,0,False,,,,,"{""profile_name"": ""extreme_d03"", ""map_seed"": 20500623, ""query_seed"": 20501623, ""waypoint_count"": 5}"
extreme_s04_q0095,bottleneck_waypoint,Extreme,d20_inf,True,True,0.7698243139311671,5,27.378358099924306,25.43497563069624,0.07640591040640476,0,0.15947890407512522,0.45090188231820716,0,0,0,0,False,,,,,"{""profile_name"": ""extreme_d03"", ""map_seed"": 20500623, ""query_seed"": 20501623, ""waypoint_count"": 4, ""bottleneck_count"": 4}"
extreme_s04_q0096,vanilla_ha,Extreme,d08_12,True,False,0.560124397277832,613,9.234016781002381,,,0,0.31981930932357056,0.01291548275611476,5,0,0,0,False,,,,,"{""profile_name"": ""extreme_d04"", ""map_seed"": 20500623, ""query_seed"": 20501624}"
extreme_s04_q0096,f_n3p_knn,Extreme,d08_12,True,True,0.6087940779980272,12,12.056474619472727,,,6,0.43933134771263344,0.07345004160273194,0,7,1,0,True,2,3,0.6666666666666666,,"{""profile_name"": ""extreme_d04"", ""map_seed"": 20500623, ""query_seed"": 20501624}"
extreme_s04_q0096,n3p_k1,Extreme,d08_12,True,True,0.6073252151254565,12,10.50046970266847,,,7,0.3524597077587577,0.07269580650257601,0,0,2,0,True,2,2,1.0,,"{""profile_name"": ""extreme_d04"", ""map_seed"": 20500623, ""query_seed"": 20501624}"
extreme_s04_q0096,voronoi_waypoint,Extreme,d08_12,True,True,0.4628614920657128,144,10.675539208686919,,,2,0.26527369499526254,0.05920111565715702,0,0,0,0,False,,,,,"{""profile_name"": ""extreme_d04"", ""map_seed"": 20500623, ""query_seed"": 20501624, ""waypoint_count"": 1}"
extreme_s04_q0096,bottleneck_waypoint,Extreme,d08_12,True,True,0.4726691509131342,3,9.704676476051718,,,0,0.30025956740671905,0.05382717234701828,0,0,0,0,False,,,,,"{""profile_name"": ""extreme_d04"", ""map_seed"": 20500623, ""query_seed"": 20501624, ""waypoint_count"": 2, ""bottleneck_count"": 2}"
extreme_s04_q0097,vanilla_ha,Extreme,d12_16,True,False,1.4059193134307861,1553,12.465869062108485,,,0,0.14923230323905856,0.031350074301184916,7,0,0,0,False,,,,,"{""profile_name"": ""extreme_d05"", ""map_seed"": 20500623, ""query_seed"": 20501625}"
extreme_s04_q0097,f_n3p_knn,Extreme,d12_16,True,True,0.9747428139671683,257,25.394812471615445,,,1,0.36564798374714363,0.08076493768761395,0,14,2,0,True,1,3,0.3333333333333333,,"{""profile_name"": ""extreme_d05"", ""map_seed"": 20500623, ""query_seed"": 20501625}"
extreme_s04_q0097,n3p_k1,Extreme,d12_16,True,True,0.3220280159730464,32,13.801645929983067,,,3,0.3478193453494677,0.066488744138537,0,0,2,0,True,0,0,,,"{""profile_name"": ""extreme_d05"", ""map_seed"": 20500623, ""query_seed"": 20501625}"
extreme_s04_q0097,voronoi_waypoint,Extreme,d12_16,True,True,0.48054943489842117,12,13.541970164944791,,,0,0.3681358969190211,0.06704669751057402,0,0,0,0,False,,,,,"{""profile_name"": ""extreme_d05"", ""map_seed"": 20500623, ""query_seed"": 20501625, ""waypoint_count"": 2}"
extreme_s04_q0097,bottleneck_waypoint,Extreme,d12_16,True,True,0.48407243308611214,12,12.818321830526415,,,0,0.28780992918453535,0.06759717008297961,0,0,0,0,False,,,,,"{""profile_name"": ""extreme_d05"", ""map_seed"": 20500623, ""query_seed"": 20501625, ""waypoint_count"": 2, ""bottleneck_count"": 2}"
extreme_s04_q0098,vanilla_ha,Extreme,d16_20,True,False,2.2948861122131348,2770,18.636344329656566,,,0,0.1452606883089785,0.04923239118305894,6,0,0,0,False,,,,,"{""profile_name"": ""extreme_d06"", ""map_seed"": 20500623, ""query_seed"": 20501626}"
extreme_s04_q0098,f_n3p_knn,Extreme,d16_20,True,True,0.31322899204678833,2,18.89877970310953,,,0,0.07528822789895404,0.11918065079388407,0,1,0,0,True,1,2,0.5,,"{""profile_name"": ""extreme_d06"", ""map_seed"": 20500623, ""query_seed"": 20501626}"
extreme_s04_q0098,n3p_k1,Extreme,d16_20,True,True,0.47185117891058326,7,19.308488574923338,,,0,0.13863486961246194,0.1270358492635203,0,0,1,0,True,2,2,1.0,,"{""profile_name"": ""extreme_d06"", ""map_seed"": 20500623, ""query_seed"": 20501626}"
extreme_s04_q0098,voronoi_waypoint,Extreme,d16_20,True,True,0.623899452155456,4,19.65838408805521,,,0,0.18731522590099095,0.6721330228746905,0,0,0,0,False,,,,,"{""profile_name"": ""extreme_d06"", ""map_seed"": 20500623, ""query_seed"": 20501626, ""waypoint_count"": 3}"
extreme_s04_q0098,bottleneck_waypoint,Extreme,d16_20,True,True,0.48524806182831526,3,19.016576248204707,,,0,0.14845160579961938,0.8699776112599349,0,0,0,0,False,,,,,"{""profile_name"": ""extreme_d06"", ""map_seed"": 20500623, ""query_seed"": 20501626, ""waypoint_count"": 2, ""bottleneck_count"": 2}"
extreme_s04_q0099,vanilla_ha,Extreme,d20_inf,False,False,2.5001637935638428,5923,,,,0,,,0,0,0,0,False,,,,timeout,"{""profile_name"": ""extreme_d07"", ""map_seed"": 20500623, ""query_seed"": 20501627}"
extreme_s04_q0099,f_n3p_knn,Extreme,d20_inf,False,False,3.665594425983727,7784,,,,0,,,0,6,1,1,True,0,1,0.0,f2_failed:prediction:goal_in_collision;goal:timeout;f3_failed:timeout,"{""profile_name"": ""extreme_d07"", ""map_seed"": 20500623, ""query_seed"": 20501627}"
extreme_s04_q0099,n3p_k1,Extreme,d20_inf,True,True,0.39561848784796894,100,23.403115392148784,,,0,0.13645949454525635,0.07356873903176775,0,0,2,0,True,0,0,,,"{""profile_name"": ""extreme_d07"", ""map_seed"": 20500623, ""query_seed"": 20501627}"
extreme_s04_q0099,voronoi_waypoint,Extreme,d20_inf,True,True,0.766925749136135,5,26.063753513451342,,,2,0.23887889235788326,0.28565275496144815,0,0,0,0,False,,,,,"{""profile_name"": ""extreme_d07"", ""map_seed"": 20500623, ""query_seed"": 20501627, ""waypoint_count"": 4}"
extreme_s04_q0099,bottleneck_waypoint,Extreme,d20_inf,True,True,0.769632515963167,5,25.295488454107545,,,0,0.25858510111659433,0.33597488828782374,0,0,0,0,False,,,,,"{""profile_name"": ""extreme_d07"", ""map_seed"": 20500623, ""query_seed"": 20501627, ""waypoint_count"": 4, ""bottleneck_count"": 4}"
