query_id,method,difficulty_bucket,distance_bin_key,success,feasible,total_time_s,total_expansions,path_length_m,reference_path_length_m,path_inflation_ratio,direction_switches,mean_abs_curvature,min_clearance_m,collision_violation_count,fallback_f1_count,fallback_f2_count,fallback_f3_count,fallback_triggered,subgoal_reachable_count,subgoal_attempt_count,subgoal_reachability_rate,failure_reason,metadata
easy_s00_q0000,vanilla_ha,Easy,d08_12,True,True,0.1653423309326172,31,11.576111126078334,,,0,0.19227656650761007,0.25159669996508516,0,0,0,0,False,,,,,"{""profile_name"": ""easy_d00"", ""map_seed"": 20260620, ""query_seed"": 20261620, ""evaluation_path_source"": ""trace_poses"", ""planner_path_pose_count"": 19, ""evaluation_path_pose_count"": 118}"
easy_s00_q0000,f_n3p_knn,Easy,d08_12,True,True,0.15585195099993143,1,12.106060708974818,11.576111126078334,0.04577958669579707,0,0.14166496858320146,0.5566764354918532,0,1,0,0,True,0,1,0.0,,"{""profile_name"": ""easy_d00"", ""map_seed"": 20260620, ""query_seed"": 20261620}"
easy_s00_q0000,n3p_k1,Easy,d08_12,True,True,1.1736251809998066,970,11.576111126078334,11.576111126078334,0.0,0,0.19227656650761007,0.25159669996508516,0,0,1,0,True,0,0,,,"{""profile_name"": ""easy_d00"", ""map_seed"": 20260620, ""query_seed"": 20261620}"
easy_s00_q0000,voronoi_waypoint,Easy,d08_12,True,True,0.3251266420047614,2,12.117986323136629,11.576111126078334,0.04680977844429757,0,0.1448594879192679,0.8347427224643271,0,0,0,0,False,,,,,"{""profile_name"": ""easy_d00"", ""map_seed"": 20260620, ""query_seed"": 20261620, ""waypoint_count"": 1}"
easy_s00_q0000,bottleneck_waypoint,Easy,d08_12,True,True,0.32815790500171715,2,11.941244331718208,11.576111126078334,0.031541957541968646,0,0.13424551495701673,0.8347427224643271,0,0,0,0,False,,,,,"{""profile_name"": ""easy_d00"", ""map_seed"": 20260620, ""query_seed"": 20261620, ""waypoint_count"": 1, ""bottleneck_count"": 1}"
easy_s00_q0000,improved_ha,Easy,d08_12,True,True,0.167313814163208,31,11.576111126078334,11.576111126078334,0.0,0,0.19227656650761007,0.25159669996508516,0,0,0,0,False,,,,,"{""profile_name"": ""easy_d00"", ""map_seed"": 20260620, ""query_seed"": 20261620, ""evaluation_path_source"": ""trace_poses"", ""planner_path_pose_count"": 19, ""evaluation_path_pose_count"": 118}"
easy_s00_q0000,lo_ha,Easy,d08_12,True,True,0.1622908115386963,61,11.295513393890996,11.576111126078334,-0.02423937789913022,0,0.0739604751173777,0.07818704943839083,0,0,0,0,False,,,,,"{""profile_name"": ""easy_d00"", ""map_seed"": 20260620, ""query_seed"": 20261620, ""evaluation_path_source"": ""trace_poses"", ""planner_path_pose_count"": 25, ""evaluation_path_pose_count"": 116}"
easy_s00_q0000,ss_rrt,Easy,d08_12,True,True,1.1928258780026226,729,14.202771491985528,11.576111126078334,0.22690352030138405,2,0.9156598466445232,0.06756533193451297,0,0,0,0,False,,,,,"{""profile_name"": ""easy_d00"", ""map_seed"": 20260620, ""query_seed"": 20261620, ""rrt_iterations"": 671, ""evaluation_path_source"": ""planner_path"", ""planner_path_pose_count"": 177, ""evaluation_path_pose_count"": 177}"
easy_s00_q0000,idb_rrt,Easy,d08_12,False,False,0.8497454359967378,226,,11.576111126078334,,0,,,0,0,0,0,False,,,,collision_violation_rejected:29,"{""profile_name"": ""easy_d00"", ""map_seed"": 20260620, ""query_seed"": 20261620, ""idb_rrt_run_dir"": ""/home/ubuntu/ForestNav/2_experiment/idb_rrt_strict_repro/runs/forestnav_adapter/run_1782412184702_04807d07"", ""idb_rrt_returncode"": 0, ""idb_rrt_state_count"": 226, ""rejected_collision_violation_count"": 29, ""rejected_collision_path_length_m"": 11.207533141947529}"
easy_s00_q0001,vanilla_ha,Easy,d12_16,True,True,0.15105462074279785,1,15.061540425866143,,,0,0.0,0.861672769705859,0,0,0,0,False,,,,,"{""profile_name"": ""easy_d01"", ""map_seed"": 20260620, ""query_seed"": 20261621, ""evaluation_path_source"": ""trace_poses"", ""planner_path_pose_count"": 2, ""evaluation_path_pose_count"": 152}"
easy_s00_q0001,f_n3p_knn,Easy,d12_16,True,True,0.0006164560036268085,0,15.061540425866143,15.061540425866143,0.0,0,0.0,0.861672769705859,0,0,0,0,False,0,0,,,"{""profile_name"": ""easy_d01"", ""map_seed"": 20260620, ""query_seed"": 20261621}"
easy_s00_q0001,n3p_k1,Easy,d12_16,True,True,0.0006002689988235943,0,15.061540425866143,15.061540425866143,0.0,0,0.0,0.861672769705859,0,0,0,0,False,0,0,,,"{""profile_name"": ""easy_d01"", ""map_seed"": 20260620, ""query_seed"": 20261621}"
easy_s00_q0001,voronoi_waypoint,Easy,d12_16,True,True,0.6222139360033907,4,18.899032572157967,15.061540425866143,0.25478749435890724,1,0.34569221341356765,1.0314539576039685,0,0,0,0,False,,,,,"{""profile_name"": ""easy_d01"", ""map_seed"": 20260620, ""query_seed"": 20261621, ""waypoint_count"": 3}"
easy_s00_q0001,bottleneck_waypoint,Easy,d12_16,True,True,0.6217428119998658,4,17.352501911126,15.061540425866143,0.15210671820296984,3,0.19990731138115098,1.2326781038773302,0,0,0,0,False,,,,,"{""profile_name"": ""easy_d01"", ""map_seed"": 20260620, ""query_seed"": 20261621, ""waypoint_count"": 3, ""bottleneck_count"": 3}"
easy_s00_q0001,improved_ha,Easy,d12_16,True,True,0.150712251663208,1,15.061540425866143,15.061540425866143,0.0,0,0.0,0.861672769705859,0,0,0,0,False,,,,,"{""profile_name"": ""easy_d01"", ""map_seed"": 20260620, ""query_seed"": 20261621, ""evaluation_path_source"": ""trace_poses"", ""planner_path_pose_count"": 2, ""evaluation_path_pose_count"": 152}"
easy_s00_q0001,lo_ha,Easy,d12_16,True,True,0.1507723331451416,1,15.061540425866143,15.061540425866143,0.0,0,0.0,0.861672769705859,0,0,0,0,False,,,,,"{""profile_name"": ""easy_d01"", ""map_seed"": 20260620, ""query_seed"": 20261621, ""evaluation_path_source"": ""trace_poses"", ""planner_path_pose_count"": 2, ""evaluation_path_pose_count"": 152}"
easy_s00_q0001,ss_rrt,Easy,d12_16,True,True,0.000561087996175047,2,15.061540425866143,15.061540425866143,0.0,0,3.5381975332674476e-16,0.8616724807353815,0,0,0,0,False,,,,,"{""profile_name"": ""easy_d01"", ""map_seed"": 20260620, ""query_seed"": 20261621, ""rrt_iterations"": 0, ""evaluation_path_source"": ""planner_path"", ""planner_path_pose_count"": 153, ""evaluation_path_pose_count"": 153}"
easy_s00_q0001,idb_rrt,Easy,d12_16,True,True,2.135866835997149,303,15.061555235967907,15.061540425866143,9.833059133601552e-07,0,0.001364533720323934,0.861462129863483,0,0,0,0,False,,,,,"{""profile_name"": ""easy_d01"", ""map_seed"": 20260620, ""query_seed"": 20261621, ""idb_rrt_run_dir"": ""/home/ubuntu/ForestNav/2_experiment/idb_rrt_strict_repro/runs/forestnav_adapter/run_1782412187311_94b77caf"", ""idb_rrt_returncode"": 0, ""idb_rrt_state_count"": 303}"
easy_s00_q0002,vanilla_ha,Easy,d16_20,True,True,0.2848327159881592,187,19.524800568278042,,,0,0.2513550096521252,0.07723088464342776,0,0,0,0,False,,,,,"{""profile_name"": ""easy_d00"", ""map_seed"": 20260620, ""query_seed"": 20261622, ""evaluation_path_source"": ""trace_poses"", ""planner_path_pose_count"": 62, ""evaluation_path_pose_count"": 198}"
easy_s00_q0002,f_n3p_knn,Easy,d16_20,True,True,0.46004331600124715,3,21.678285047015894,19.524800568278042,0.11029482586555162,3,0.174760389489377,0.21773634068156356,0,3,0,0,True,1,3,0.3333333333333333,,"{""profile_name"": ""easy_d00"", ""map_seed"": 20260620, ""query_seed"": 20261622}"
easy_s00_q0002,n3p_k1,Easy,d16_20,True,True,0.4873799120032345,63,20.721775351999298,19.524800568278042,0.06130535262244785,2,0.21317397448316683,0.11263683484992637,0,0,2,0,True,1,1,1.0,,"{""profile_name"": ""easy_d00"", ""map_seed"": 20260620, ""query_seed"": 20261622}"
easy_s00_q0002,voronoi_waypoint,Easy,d16_20,True,True,0.6110491050058044,4,21.56826633749853,19.524800568278042,0.10466000725971614,0,0.14003133895282724,0.4878326551291756,0,0,0,0,False,,,,,"{""profile_name"": ""easy_d00"", ""map_seed"": 20260620, ""query_seed"": 20261622, ""waypoint_count"": 3}"
easy_s00_q0002,bottleneck_waypoint,Easy,d16_20,True,True,0.6144111870016786,4,21.64930614203344,19.524800568278042,0.10881061582811147,0,0.2071883771658443,0.4879918529475582,0,0,0,0,False,,,,,"{""profile_name"": ""easy_d00"", ""map_seed"": 20260620, ""query_seed"": 20261622, ""waypoint_count"": 3, ""bottleneck_count"": 3}"
easy_s00_q0002,improved_ha,Easy,d16_20,True,True,0.28322362899780273,187,19.524800568278042,19.524800568278042,0.0,0,0.2513550096521252,0.07723088464342776,0,0,0,0,False,,,,,"{""profile_name"": ""easy_d00"", ""map_seed"": 20260620, ""query_seed"": 20261622, ""evaluation_path_source"": ""trace_poses"", ""planner_path_pose_count"": 62, ""evaluation_path_pose_count"": 198}"
easy_s00_q0002,lo_ha,Easy,d16_20,True,True,0.18352055549621582,81,19.432083991946094,19.524800568278042,-0.004748656766440207,0,0.07110604721325799,0.0664784666820365,0,0,0,0,False,,,,,"{""profile_name"": ""easy_d00"", ""map_seed"": 20260620, ""query_seed"": 20261622, ""evaluation_path_source"": ""trace_poses"", ""planner_path_pose_count"": 28, ""evaluation_path_pose_count"": 197}"
easy_s00_q0002,ss_rrt,Easy,d16_20,False,False,2.5001190080001834,2419,,19.524800568278042,,0,,,0,0,0,0,False,,,,timeout,"{""profile_name"": ""easy_d00"", ""map_seed"": 20260620, ""query_seed"": 20261622, ""rrt_iterations"": 1144, ""evaluation_path_source"": ""planner_path"", ""planner_path_pose_count"": 0, ""evaluation_path_pose_count"": 0}"
easy_s00_q0002,idb_rrt,Easy,d16_20,False,False,1.67765301700274,385,,19.524800568278042,,0,,,0,0,0,0,False,,,,collision_violation_rejected:59,"{""profile_name"": ""easy_d00"", ""map_seed"": 20260620, ""query_seed"": 20261622, ""idb_rrt_run_dir"": ""/home/ubuntu/ForestNav/2_experiment/idb_rrt_strict_repro/runs/forestnav_adapter/run_1782412194934_dddd8aab"", ""idb_rrt_returncode"": 0, ""idb_rrt_state_count"": 385, ""rejected_collision_violation_count"": 59, ""rejected_collision_path_length_m"": 19.177743989449745}"
easy_s00_q0003,vanilla_ha,Easy,d20_inf,True,True,0.3844127655029297,313,26.935870314189383,,,0,0.2356017364419748,0.18108113998712927,0,0,0,0,False,,,,,"{""profile_name"": ""easy_d01"", ""map_seed"": 20260620, ""query_seed"": 20261623, ""evaluation_path_source"": ""trace_poses"", ""planner_path_pose_count"": 56, ""evaluation_path_pose_count"": 272}"
easy_s00_q0003,f_n3p_knn,Easy,d20_inf,True,True,0.6125445850047981,4,27.887299341484344,26.935870314189383,0.035322008021168916,2,0.1224622200229994,0.0709387013478201,0,2,0,0,True,3,4,0.75,,"{""profile_name"": ""easy_d01"", ""map_seed"": 20260620, ""query_seed"": 20261623}"
easy_s00_q0003,n3p_k1,Easy,d20_inf,True,True,0.5214428319959552,107,27.439326252918992,26.935870314189383,0.018690910405237515,2,0.11028807010664765,0.0709387013478201,0,0,1,0,True,2,2,1.0,,"{""profile_name"": ""easy_d01"", ""map_seed"": 20260620, ""query_seed"": 20261623}"
easy_s00_q0003,voronoi_waypoint,Easy,d20_inf,True,True,0.7686287149990676,5,26.568551395677385,26.935870314189383,-0.013636794142066422,0,0.14160964582407773,0.5657970511535388,0,0,0,0,False,,,,,"{""profile_name"": ""easy_d01"", ""map_seed"": 20260620, ""query_seed"": 20261623, ""waypoint_count"": 4}"
easy_s00_q0003,bottleneck_waypoint,Easy,d20_inf,True,True,1.347484351004823,9,26.59930770388145,26.935870314189383,-0.012494959560695462,0,0.23839037826832818,0.7338239617748519,0,0,0,0,False,,,,,"{""profile_name"": ""easy_d01"", ""map_seed"": 20260620, ""query_seed"": 20261623, ""waypoint_count"": 8, ""bottleneck_count"": 8}"
easy_s00_q0003,improved_ha,Easy,d20_inf,True,True,0.38606858253479004,313,26.935870314189383,26.935870314189383,0.0,0,0.2356017364419748,0.18108113998712927,0,0,0,0,False,,,,,"{""profile_name"": ""easy_d01"", ""map_seed"": 20260620, ""query_seed"": 20261623, ""evaluation_path_source"": ""trace_poses"", ""planner_path_pose_count"": 56, ""evaluation_path_pose_count"": 272}"
easy_s00_q0003,lo_ha,Easy,d20_inf,True,True,0.2071089744567871,103,25.87991864217176,26.935870314189383,-0.03920243376956589,0,0.06800433643794622,0.10205287483447933,0,0,0,0,False,,,,,"{""profile_name"": ""easy_d01"", ""map_seed"": 20260620, ""query_seed"": 20261623, ""evaluation_path_source"": ""trace_poses"", ""planner_path_pose_count"": 77, ""evaluation_path_pose_count"": 261}"
easy_s00_q0003,ss_rrt,Easy,d20_inf,False,False,2.5000512519982294,1413,,26.935870314189383,,0,,,0,0,0,0,False,,,,timeout,"{""profile_name"": ""easy_d01"", ""map_seed"": 20260620, ""query_seed"": 20261623, ""rrt_iterations"": 1000, ""evaluation_path_source"": ""planner_path"", ""planner_path_pose_count"": 0, ""evaluation_path_pose_count"": 0}"
easy_s00_q0003,idb_rrt,Easy,d20_inf,False,False,2.751824963001127,0,,26.935870314189383,,0,,,0,0,0,0,False,,,,idb_rrt_failed:returncode=1,"{""profile_name"": ""easy_d01"", ""map_seed"": 20260620, ""query_seed"": 20261623, ""idb_rrt_run_dir"": ""/home/ubuntu/ForestNav/2_experiment/idb_rrt_strict_repro/runs/forestnav_adapter/run_1782412203408_83eca2cc"", ""idb_rrt_returncode"": 1, ""idb_rrt_state_count"": 0}"
easy_s00_q0004,vanilla_ha,Easy,d08_12,True,True,0.31354355812072754,249,9.002376017285822,,,0,0.26659628473545904,0.1133120197909987,0,0,0,0,False,,,,,"{""profile_name"": ""easy_d00"", ""map_seed"": 20260620, ""query_seed"": 20261624, ""evaluation_path_source"": ""trace_poses"", ""planner_path_pose_count"": 17, ""evaluation_path_pose_count"": 93}"
easy_s00_q0004,f_n3p_knn,Easy,d08_12,True,True,0.16839878300379496,1,9.314264646239302,9.002376017285822,0.03464514572093069,0,0.18472305628066593,0.1610842325969709,0,5,0,0,True,0,1,0.0,,"{""profile_name"": ""easy_d00"", ""map_seed"": 20260620, ""query_seed"": 20261624}"
easy_s00_q0004,n3p_k1,Easy,d08_12,True,True,0.32280377299321117,249,9.002376017285822,9.002376017285822,0.0,0,0.266596284735459,0.1133120197909987,0,0,1,0,True,0,0,,,"{""profile_name"": ""easy_d00"", ""map_seed"": 20260620, ""query_seed"": 20261624}"
easy_s00_q0004,voronoi_waypoint,Easy,d08_12,True,True,0.4701380740007153,158,8.907956339991204,9.002376017285822,-0.010488306321944307,0,0.19658878803298294,0.09096842123358462,0,0,0,0,False,,,,,"{""profile_name"": ""easy_d00"", ""map_seed"": 20260620, ""query_seed"": 20261624, ""waypoint_count"": 1}"
easy_s00_q0004,bottleneck_waypoint,Easy,d08_12,True,True,0.5048347859992646,3,9.2566134675196,9.002376017285822,0.02824114986372539,0,0.3098350013226951,0.24891509088408093,0,0,0,0,False,,,,,"{""profile_name"": ""easy_d00"", ""map_seed"": 20260620, ""query_seed"": 20261624, ""waypoint_count"": 2, ""bottleneck_count"": 2}"
easy_s00_q0004,improved_ha,Easy,d08_12,True,True,0.31320691108703613,249,9.002376017285822,9.002376017285822,0.0,0,0.26659628473545904,0.1133120197909987,0,0,0,0,False,,,,,"{""profile_name"": ""easy_d00"", ""map_seed"": 20260620, ""query_seed"": 20261624, ""evaluation_path_source"": ""trace_poses"", ""planner_path_pose_count"": 17, ""evaluation_path_pose_count"": 93}"
easy_s00_q0004,lo_ha,Easy,d08_12,True,True,0.250535249710083,256,9.514459575418762,9.002376017285822,0.056883155863481694,0,0.2958571092974087,0.058514838264096425,0,0,0,0,False,,,,,"{""profile_name"": ""easy_d00"", ""map_seed"": 20260620, ""query_seed"": 20261624, ""evaluation_path_source"": ""trace_poses"", ""planner_path_pose_count"": 15, ""evaluation_path_pose_count"": 98}"
easy_s00_q0004,ss_rrt,Easy,d08_12,True,True,2.4638944289981737,1510,11.606270433922779,9.002376017285822,0.2892452405495076,0,0.6021298463627808,0.09043905078544845,0,0,0,0,False,,,,,"{""profile_name"": ""easy_d00"", ""map_seed"": 20260620, ""query_seed"": 20261624, ""rrt_iterations"": 1252, ""evaluation_path_source"": ""planner_path"", ""planner_path_pose_count"": 153, ""evaluation_path_pose_count"": 153}"
easy_s00_q0004,idb_rrt,Easy,d08_12,False,False,0.500793330000306,176,,9.002376017285822,,0,,,0,0,0,0,False,,,,collision_violation_rejected:32,"{""profile_name"": ""easy_d00"", ""map_seed"": 20260620, ""query_seed"": 20261624, ""idb_rrt_run_dir"": ""/home/ubuntu/ForestNav/2_experiment/idb_rrt_strict_repro/runs/forestnav_adapter/run_1782412211024_9744e378"", ""idb_rrt_returncode"": 0, ""idb_rrt_state_count"": 176, ""rejected_collision_violation_count"": 32, ""rejected_collision_path_length_m"": 8.702005023094728}"
easy_s00_q0005,vanilla_ha,Easy,d12_16,True,True,0.1489875316619873,1,14.90536816049842,,,0,0.0,0.45534326306370865,0,0,0,0,False,,,,,"{""profile_name"": ""easy_d01"", ""map_seed"": 20260621, ""query_seed"": 20261621, ""evaluation_path_source"": ""trace_poses"", ""planner_path_pose_count"": 2, ""evaluation_path_pose_count"": 151}"
easy_s00_q0005,f_n3p_knn,Easy,d12_16,True,True,0.0006339600004139356,0,14.90536816049842,14.90536816049842,0.0,0,1.4896955414592445e-17,0.45534326306370865,0,0,0,0,False,0,0,,,"{""profile_name"": ""easy_d01"", ""map_seed"": 20260621, ""query_seed"": 20261621}"
easy_s00_q0005,n3p_k1,Easy,d12_16,True,True,0.0006035379992681555,0,14.90536816049842,14.90536816049842,0.0,0,1.4896955414592445e-17,0.45534326306370865,0,0,0,0,False,0,0,,,"{""profile_name"": ""easy_d01"", ""map_seed"": 20260621, ""query_seed"": 20261621}"
easy_s00_q0005,voronoi_waypoint,Easy,d12_16,True,True,0.6180331139985356,4,17.88553357383635,14.90536816049842,0.19993906767333947,0,0.35008544642748995,0.6372798438149812,0,0,0,0,False,,,,,"{""profile_name"": ""easy_d01"", ""map_seed"": 20260621, ""query_seed"": 20261621, ""waypoint_count"": 3}"
easy_s00_q0005,bottleneck_waypoint,Easy,d12_16,True,True,0.47896115600451594,3,15.645923927306438,14.90536816049842,0.04968382926431891,0,0.20935913267645445,0.6372798438149812,0,0,0,0,False,,,,,"{""profile_name"": ""easy_d01"", ""map_seed"": 20260621, ""query_seed"": 20261621, ""waypoint_count"": 2, ""bottleneck_count"": 2}"
easy_s00_q0005,improved_ha,Easy,d12_16,True,True,0.14880132675170898,1,14.90536816049842,14.90536816049842,0.0,0,0.0,0.45534326306370865,0,0,0,0,False,,,,,"{""profile_name"": ""easy_d01"", ""map_seed"": 20260621, ""query_seed"": 20261621, ""evaluation_path_source"": ""trace_poses"", ""planner_path_pose_count"": 2, ""evaluation_path_pose_count"": 151}"
easy_s00_q0005,lo_ha,Easy,d12_16,True,True,0.1479034423828125,1,14.90536816049842,14.90536816049842,0.0,0,0.0,0.45534326306370865,0,0,0,0,False,,,,,"{""profile_name"": ""easy_d01"", ""map_seed"": 20260621, ""query_seed"": 20261621, ""evaluation_path_source"": ""trace_poses"", ""planner_path_pose_count"": 2, ""evaluation_path_pose_count"": 151}"
easy_s00_q0005,ss_rrt,Easy,d12_16,True,True,0.0005412720056483522,2,14.905368160498421,14.90536816049842,2.220446049250313e-16,0,0.0,0.45534326306370865,0,0,0,0,False,,,,,"{""profile_name"": ""easy_d01"", ""map_seed"": 20260621, ""query_seed"": 20261621, ""rrt_iterations"": 0, ""evaluation_path_source"": ""planner_path"", ""planner_path_pose_count"": 151, ""evaluation_path_pose_count"": 151}"
easy_s00_q0005,idb_rrt,Easy,d12_16,False,False,2.749424635003379,0,,14.90536816049842,,0,,,0,0,0,0,False,,,,idb_rrt_failed:returncode=1,"{""profile_name"": ""easy_d01"", ""map_seed"": 20260621, ""query_seed"": 20261621, ""idb_rrt_run_dir"": ""/home/ubuntu/ForestNav/2_experiment/idb_rrt_strict_repro/runs/forestnav_adapter/run_1782412213596_14f79474"", ""idb_rrt_returncode"": 1, ""idb_rrt_state_count"": 0}"
easy_s00_q0006,vanilla_ha,Easy,d16_20,True,True,0.6503937244415283,1257,20.174836576698183,,,0,0.11667841377291203,0.06151067239716668,0,0,0,0,False,,,,,"{""profile_name"": ""easy_d00"", ""map_seed"": 20260621, ""query_seed"": 20261622, ""evaluation_path_source"": ""trace_poses"", ""planner_path_pose_count"": 27, ""evaluation_path_pose_count"": 204}"
easy_s00_q0006,f_n3p_knn,Easy,d16_20,True,True,0.4629055850018631,3,21.685074394270455,20.174836576698183,0.07485749943157338,2,0.17785000469119577,0.06498161211891462,0,1,0,0,True,2,3,0.6666666666666666,,"{""profile_name"": ""easy_d00"", ""map_seed"": 20260621, ""query_seed"": 20261622}"
easy_s00_q0006,n3p_k1,Easy,d16_20,True,True,0.6650439970035222,1257,20.174836576698183,20.174836576698183,0.0,0,0.11667841377291203,0.06151067239716668,0,0,1,0,True,0,0,,,"{""profile_name"": ""easy_d00"", ""map_seed"": 20260621, ""query_seed"": 20261622}"
easy_s00_q0006,voronoi_waypoint,Easy,d16_20,True,True,0.6155161529968609,4,21.635573114366434,20.174836576698183,0.07240388451797375,0,0.14006186402141219,0.3016319759554673,0,0,0,0,False,,,,,"{""profile_name"": ""easy_d00"", ""map_seed"": 20260621, ""query_seed"": 20261622, ""waypoint_count"": 3}"
easy_s00_q0006,bottleneck_waypoint,Easy,d16_20,True,True,0.6208881350030424,4,21.027556457113022,20.174836576698183,0.04226650744718907,0,0.13088039291958506,0.49042136628649113,0,0,0,0,False,,,,,"{""profile_name"": ""easy_d00"", ""map_seed"": 20260621, ""query_seed"": 20261622, ""waypoint_count"": 3, ""bottleneck_count"": 3}"
easy_s00_q0006,improved_ha,Easy,d16_20,True,True,0.6515154838562012,1257,20.174836576698183,20.174836576698183,0.0,0,0.11667841377291203,0.06151067239716668,0,0,0,0,False,,,,,"{""profile_name"": ""easy_d00"", ""map_seed"": 20260621, ""query_seed"": 20261622, ""evaluation_path_source"": ""trace_poses"", ""planner_path_pose_count"": 27, ""evaluation_path_pose_count"": 204}"
easy_s00_q0006,lo_ha,Easy,d16_20,True,True,0.3208003044128418,513,20.760221353156982,20.174836576698183,0.02901558950593497,0,0.12687733227056025,0.06982987098519988,0,0,0,0,False,,,,,"{""profile_name"": ""easy_d00"", ""map_seed"": 20260621, ""query_seed"": 20261622, ""evaluation_path_source"": ""trace_poses"", ""planner_path_pose_count"": 17, ""evaluation_path_pose_count"": 210}"
easy_s00_q0006,ss_rrt,Easy,d16_20,True,True,1.6576252019949607,1326,50.55827140863509,20.174836576698183,1.5060064906314827,2,0.7029450507242413,0.09123102924734006,0,0,0,0,False,,,,,"{""profile_name"": ""easy_d00"", ""map_seed"": 20260621, ""query_seed"": 20261622, ""rrt_iterations"": 1344, ""evaluation_path_source"": ""planner_path"", ""planner_path_pose_count"": 621, ""evaluation_path_pose_count"": 621}"
easy_s00_q0006,idb_rrt,Easy,d16_20,False,False,2.744450776001031,0,,20.174836576698183,,0,,,0,0,0,0,False,,,,idb_rrt_failed:returncode=1,"{""profile_name"": ""easy_d00"", ""map_seed"": 20260621, ""query_seed"": 20261622, ""idb_rrt_run_dir"": ""/home/ubuntu/ForestNav/2_experiment/idb_rrt_strict_repro/runs/forestnav_adapter/run_1782412222056_53494930"", ""idb_rrt_returncode"": 1, ""idb_rrt_state_count"": 0}"
easy_s00_q0007,vanilla_ha,Easy,d20_inf,False,False,2.5004091262817383,2629,,,,0,,,0,0,0,0,False,,,,timeout,"{""profile_name"": ""easy_d01"", ""map_seed"": 20260621, ""query_seed"": 20261623, ""evaluation_path_source"": ""planner_path"", ""planner_path_pose_count"": 0, ""evaluation_path_pose_count"": 0}"
easy_s00_q0007,f_n3p_knn,Easy,d20_inf,True,True,1.8377109520006343,12,40.277657384452766,,,5,0.27930166797237693,0.06221063694887402,0,31,0,0,True,6,12,0.5,,"{""profile_name"": ""easy_d01"", ""map_seed"": 20260621, ""query_seed"": 20261623}"
easy_s00_q0007,n3p_k1,Easy,d20_inf,False,False,3.834201177000068,3766,,,,0,,,0,0,2,1,True,1,1,1.0,f2_failed:prediction:goal_in_collision;goal:timeout;f3_failed:timeout,"{""profile_name"": ""easy_d01"", ""map_seed"": 20260621, ""query_seed"": 20261623}"
easy_s00_q0007,voronoi_waypoint,Easy,d20_inf,True,True,0.9097747900013928,6,30.220136015342398,,,5,0.31905346769759024,0.062210636948871245,0,0,0,0,False,,,,,"{""profile_name"": ""easy_d01"", ""map_seed"": 20260621, ""query_seed"": 20261623, ""waypoint_count"": 5}"
easy_s00_q0007,bottleneck_waypoint,Easy,d20_inf,True,True,1.0569226629959303,11,26.755992072341325,,,0,0.22536560378942916,0.05492041169288864,0,0,0,0,False,,,,,"{""profile_name"": ""easy_d01"", ""map_seed"": 20260621, ""query_seed"": 20261623, ""waypoint_count"": 6, ""bottleneck_count"": 6}"
easy_s00_q0007,improved_ha,Easy,d20_inf,False,False,2.500011444091797,2615,,,,0,,,0,0,0,0,False,,,,timeout,"{""profile_name"": ""easy_d01"", ""map_seed"": 20260621, ""query_seed"": 20261623, ""evaluation_path_source"": ""planner_path"", ""planner_path_pose_count"": 0, ""evaluation_path_pose_count"": 0}"
easy_s00_q0007,lo_ha,Easy,d20_inf,True,True,0.19792509078979492,94,25.799473424276396,,,0,0.05188059308275417,0.08636684309581533,0,0,0,0,False,,,,,"{""profile_name"": ""easy_d01"", ""map_seed"": 20260621, ""query_seed"": 20261623, ""evaluation_path_source"": ""trace_poses"", ""planner_path_pose_count"": 87, ""evaluation_path_pose_count"": 259}"
easy_s00_q0007,ss_rrt,Easy,d20_inf,True,True,0.2228878120004083,91,25.433684441533785,,,0,0.20421948284737235,0.09115866295163566,0,0,0,0,False,,,,,"{""profile_name"": ""easy_d01"", ""map_seed"": 20260621, ""query_seed"": 20261623, ""rrt_iterations"": 63, ""evaluation_path_source"": ""planner_path"", ""planner_path_pose_count"": 317, ""evaluation_path_pose_count"": 317}"
easy_s00_q0007,idb_rrt,Easy,d20_inf,False,False,2.742489135998767,0,,,,0,,,0,0,0,0,False,,,,idb_rrt_failed:returncode=1,"{""profile_name"": ""easy_d01"", ""map_seed"": 20260621, ""query_seed"": 20261623, ""idb_rrt_run_dir"": ""/home/ubuntu/ForestNav/2_experiment/idb_rrt_strict_repro/runs/forestnav_adapter/run_1782412237919_90ae3bae"", ""idb_rrt_returncode"": 1, ""idb_rrt_state_count"": 0}"
easy_s00_q0008,vanilla_ha,Easy,d08_12,True,True,0.22926688194274902,121,12.04952251218758,,,0,0.20902748413023015,0.11934593393800441,0,0,0,0,False,,,,,"{""profile_name"": ""easy_d00"", ""map_seed"": 20260621, ""query_seed"": 20261624, ""evaluation_path_source"": ""trace_poses"", ""planner_path_pose_count"": 25, ""evaluation_path_pose_count"": 123}"
easy_s00_q0008,f_n3p_knn,Easy,d08_12,True,True,0.15669574300409295,1,12.411365867465413,12.04952251218758,0.030029684156516856,0,0.12376934074921364,0.11320801101669997,0,0,0,0,False,1,1,1.0,,"{""profile_name"": ""easy_d00"", ""map_seed"": 20260621, ""query_seed"": 20261624}"
easy_s00_q0008,n3p_k1,Easy,d08_12,True,True,0.15433144899725448,1,12.411365867465413,12.04952251218758,0.030029684156516856,0,0.12376934074921364,0.11320801101669997,0,0,0,0,False,1,1,1.0,,"{""profile_name"": ""easy_d00"", ""map_seed"": 20260621, ""query_seed"": 20261624}"
easy_s00_q0008,voronoi_waypoint,Easy,d08_12,True,True,0.4718300940003246,3,13.221608172898858,12.04952251218758,0.09727237403189726,0,0.2901865871306098,0.11934593393800441,0,0,0,0,False,,,,,"{""profile_name"": ""easy_d00"", ""map_seed"": 20260621, ""query_seed"": 20261624, ""waypoint_count"": 2}"
easy_s00_q0008,bottleneck_waypoint,Easy,d08_12,True,True,0.4735325060028117,3,13.509725239845825,12.04952251218758,0.12118345155845889,0,0.273798680013333,0.11934593393800441,0,0,0,0,False,,,,,"{""profile_name"": ""easy_d00"", ""map_seed"": 20260621, ""query_seed"": 20261624, ""waypoint_count"": 2, ""bottleneck_count"": 2}"
easy_s00_q0008,improved_ha,Easy,d08_12,True,True,0.23186159133911133,121,12.04952251218758,12.04952251218758,0.0,0,0.20902748413023015,0.11934593393800441,0,0,0,0,False,,,,,"{""profile_name"": ""easy_d00"", ""map_seed"": 20260621, ""query_seed"": 20261624, ""evaluation_path_source"": ""trace_poses"", ""planner_path_pose_count"": 25, ""evaluation_path_pose_count"": 123}"
easy_s00_q0008,lo_ha,Easy,d08_12,True,True,0.16718482971191406,69,11.970175403016189,12.04952251218758,-0.006585083275385872,0,0.1289738746604574,0.06612103981001771,0,0,0,0,False,,,,,"{""profile_name"": ""easy_d00"", ""map_seed"": 20260621, ""query_seed"": 20261624, ""evaluation_path_source"": ""trace_poses"", ""planner_path_pose_count"": 27, ""evaluation_path_pose_count"": 122}"
easy_s00_q0008,ss_rrt,Easy,d08_12,True,True,0.06666458799736574,42,12.965042467666285,12.04952251218758,0.0759797705305496,0,0.2865387840071014,0.15248754065036385,0,0,0,0,False,,,,,"{""profile_name"": ""easy_d00"", ""map_seed"": 20260621, ""query_seed"": 20261624, ""rrt_iterations"": 29, ""evaluation_path_source"": ""planner_path"", ""planner_path_pose_count"": 177, ""evaluation_path_pose_count"": 177}"
easy_s00_q0008,idb_rrt,Easy,d08_12,False,False,0.597585359995719,235,,12.04952251218758,,0,,,0,0,0,0,False,,,,collision_violation_rejected:32,"{""profile_name"": ""easy_d00"", ""map_seed"": 20260621, ""query_seed"": 20261624, ""idb_rrt_run_dir"": ""/home/ubuntu/ForestNav/2_experiment/idb_rrt_strict_repro/runs/forestnav_adapter/run_1782412242669_aeae2aad"", ""idb_rrt_returncode"": 0, ""idb_rrt_state_count"": 235, ""rejected_collision_violation_count"": 32, ""rejected_collision_path_length_m"": 11.696304543599236}"
easy_s00_q0009,vanilla_ha,Easy,d12_16,True,True,0.14458870887756348,1,14.605478424207812,,,0,0.0,0.13149439785136574,0,0,0,0,False,,,,,"{""profile_name"": ""easy_d01"", ""map_seed"": 20260621, ""query_seed"": 20261625, ""evaluation_path_source"": ""trace_poses"", ""planner_path_pose_count"": 2, ""evaluation_path_pose_count"": 148}"
easy_s00_q0009,f_n3p_knn,Easy,d12_16,True,True,0.0006219659990165383,0,14.605478424207815,14.605478424207812,2.220446049250313e-16,0,0.0,0.1314943978513654,0,0,0,0,False,0,0,,,"{""profile_name"": ""easy_d01"", ""map_seed"": 20260621, ""query_seed"": 20261625}"
easy_s00_q0009,n3p_k1,Easy,d12_16,True,True,0.0006092170006013475,0,14.605478424207815,14.605478424207812,2.220446049250313e-16,0,0.0,0.1314943978513654,0,0,0,0,False,0,0,,,"{""profile_name"": ""easy_d01"", ""map_seed"": 20260621, ""query_seed"": 20261625}"
easy_s00_q0009,voronoi_waypoint,Easy,d12_16,True,True,0.47151814500102773,3,15.927840111673348,14.605478424207812,0.0905387450556765,0,0.3225952898752495,0.13345284962279136,0,0,0,0,False,,,,,"{""profile_name"": ""easy_d01"", ""map_seed"": 20260621, ""query_seed"": 20261625, ""waypoint_count"": 2}"
easy_s00_q0009,bottleneck_waypoint,Easy,d12_16,True,True,0.4741488119980204,3,15.114320163459679,14.605478424207812,0.03483910108747201,0,0.13634444889097186,0.13345284962279136,0,0,0,0,False,,,,,"{""profile_name"": ""easy_d01"", ""map_seed"": 20260621, ""query_seed"": 20261625, ""waypoint_count"": 2, ""bottleneck_count"": 2}"
easy_s00_q0009,improved_ha,Easy,d12_16,True,True,0.14637231826782227,1,14.605478424207812,14.605478424207812,0.0,0,0.0,0.13149439785136574,0,0,0,0,False,,,,,"{""profile_name"": ""easy_d01"", ""map_seed"": 20260621, ""query_seed"": 20261625, ""evaluation_path_source"": ""trace_poses"", ""planner_path_pose_count"": 2, ""evaluation_path_pose_count"": 148}"
easy_s00_q0009,lo_ha,Easy,d12_16,True,True,0.14807796478271484,1,14.605478424207812,14.605478424207812,0.0,0,0.0,0.13149439785136574,0,0,0,0,False,,,,,"{""profile_name"": ""easy_d01"", ""map_seed"": 20260621, ""query_seed"": 20261625, ""evaluation_path_source"": ""trace_poses"", ""planner_path_pose_count"": 2, ""evaluation_path_pose_count"": 148}"
easy_s00_q0009,ss_rrt,Easy,d12_16,True,True,0.0005579200005740859,2,14.605478424207817,14.605478424207812,4.440892098500626e-16,0,1.2162263965663952e-16,0.13199180181479941,0,0,0,0,False,,,,,"{""profile_name"": ""easy_d01"", ""map_seed"": 20260621, ""query_seed"": 20261625, ""rrt_iterations"": 0, ""evaluation_path_source"": ""planner_path"", ""planner_path_pose_count"": 149, ""evaluation_path_pose_count"": 149}"
easy_s00_q0009,idb_rrt,Easy,d12_16,True,True,2.781490830995608,294,14.605534731050781,14.605478424207812,3.855186480938855e-06,0,0.0033151816000999102,0.13345293643754308,0,0,0,0,False,,,,,"{""profile_name"": ""easy_d01"", ""map_seed"": 20260621, ""query_seed"": 20261625, ""idb_rrt_run_dir"": ""/home/ubuntu/ForestNav/2_experiment/idb_rrt_strict_repro/runs/forestnav_adapter/run_1782412244715_4425ca03"", ""idb_rrt_returncode"": 0, ""idb_rrt_state_count"": 294}"
easy_s01_q0010,vanilla_ha,Easy,d16_20,True,True,0.2786426544189453,209,20.14398816113052,,,0,0.21652440664933612,0.12592497247434742,0,0,0,0,False,,,,,"{""profile_name"": ""easy_d00"", ""map_seed"": 20270620, ""query_seed"": 20271620, ""evaluation_path_source"": ""trace_poses"", ""planner_path_pose_count"": 35, ""evaluation_path_pose_count"": 204}"
easy_s01_q0010,f_n3p_knn,Easy,d16_20,True,True,0.47014656299870694,3,20.15548239679259,20.14398816113052,0.0005706037736981084,0,0.10868496406704509,0.06735841830436706,0,0,0,0,False,3,3,1.0,,"{""profile_name"": ""easy_d00"", ""map_seed"": 20270620, ""query_seed"": 20271620}"
easy_s01_q0010,n3p_k1,Easy,d16_20,True,True,0.46431345799646806,3,20.15548239679259,20.14398816113052,0.0005706037736981084,0,0.10868496406704509,0.06735841830436706,0,0,0,0,False,3,3,1.0,,"{""profile_name"": ""easy_d00"", ""map_seed"": 20270620, ""query_seed"": 20271620}"
easy_s01_q0010,voronoi_waypoint,Easy,d16_20,True,True,0.6224894050028524,4,20.05428943883473,20.14398816113052,-0.004452878028833984,0,0.10293195781232434,0.12915521553484688,0,0,0,0,False,,,,,"{""profile_name"": ""easy_d00"", ""map_seed"": 20270620, ""query_seed"": 20271620, ""waypoint_count"": 3}"
easy_s01_q0010,bottleneck_waypoint,Easy,d16_20,True,True,0.6260988150024787,4,20.338321204309615,20.14398816113052,0.009647198043636562,0,0.09766643127170412,0.08821106141290624,0,0,0,0,False,,,,,"{""profile_name"": ""easy_d00"", ""map_seed"": 20270620, ""query_seed"": 20271620, ""waypoint_count"": 3, ""bottleneck_count"": 3}"
easy_s01_q0010,improved_ha,Easy,d16_20,True,True,0.2765052318572998,209,20.14398816113052,20.14398816113052,0.0,0,0.21652440664933612,0.12592497247434742,0,0,0,0,False,,,,,"{""profile_name"": ""easy_d00"", ""map_seed"": 20270620, ""query_seed"": 20271620, ""evaluation_path_source"": ""trace_poses"", ""planner_path_pose_count"": 35, ""evaluation_path_pose_count"": 204}"
easy_s01_q0010,lo_ha,Easy,d16_20,True,True,0.17523574829101562,64,20.171889562764452,20.14398816113052,0.0013850981945953134,0,0.0742113686401161,0.0638123773960042,0,0,0,0,False,,,,,"{""profile_name"": ""easy_d00"", ""map_seed"": 20270620, ""query_seed"": 20271620, ""evaluation_path_source"": ""trace_poses"", ""planner_path_pose_count"": 41, ""evaluation_path_pose_count"": 203}"
easy_s01_q0010,ss_rrt,Easy,d16_20,True,True,0.2879114999959711,94,20.483880646040852,20.14398816113052,0.01687314757095537,0,0.17777661610959047,0.06381237739600698,0,0,0,0,False,,,,,"{""profile_name"": ""easy_d00"", ""map_seed"": 20270620, ""query_seed"": 20271620, ""rrt_iterations"": 106, ""evaluation_path_source"": ""planner_path"", ""planner_path_pose_count"": 255, ""evaluation_path_pose_count"": 255}"
easy_s01_q0010,idb_rrt,Easy,d16_20,False,False,2.169192863999342,398,,20.14398816113052,,0,,,0,0,0,0,False,,,,collision_violation_rejected:35,"{""profile_name"": ""easy_d00"", ""map_seed"": 20270620, ""query_seed"": 20271620, ""idb_rrt_run_dir"": ""/home/ubuntu/ForestNav/2_experiment/idb_rrt_strict_repro/runs/forestnav_adapter/run_1782412250974_fa967a28"", ""idb_rrt_returncode"": 0, ""idb_rrt_state_count"": 398, ""rejected_collision_violation_count"": 35, ""rejected_collision_path_length_m"": 19.8429833048355}"
easy_s01_q0011,vanilla_ha,Easy,d20_inf,True,True,1.76324462890625,2389,20.49942791008199,,,0,0.24904972307001108,0.15073869918458582,0,0,0,0,False,,,,,"{""profile_name"": ""easy_d01"", ""map_seed"": 20270620, ""query_seed"": 20271621, ""evaluation_path_source"": ""trace_poses"", ""planner_path_pose_count"": 55, ""evaluation_path_pose_count"": 207}"
easy_s01_q0011,f_n3p_knn,Easy,d20_inf,True,True,0.46396800199727295,3,20.16868432113028,20.49942791008199,-0.016134283864041254,0,0.048695208561978634,0.22575149844019093,0,1,0,0,True,2,3,0.6666666666666666,,"{""profile_name"": ""easy_d01"", ""map_seed"": 20270620, ""query_seed"": 20271621}"
easy_s01_q0011,n3p_k1,Easy,d20_inf,True,True,0.4675033399980748,3,20.122645766569196,20.49942791008199,-0.01838012968778935,0,0.031541201282464564,0.09867898715830214,0,0,1,0,True,2,2,1.0,,"{""profile_name"": ""easy_d01"", ""map_seed"": 20270620, ""query_seed"": 20271621}"
easy_s01_q0011,voronoi_waypoint,Easy,d20_inf,True,True,0.6193060500008869,4,21.24990756962485,20.49942791008199,0.03660978554302763,0,0.1994063780541517,0.47901082085865565,0,0,0,0,False,,,,,"{""profile_name"": ""easy_d01"", ""map_seed"": 20270620, ""query_seed"": 20271621, ""waypoint_count"": 3}"
easy_s01_q0011,bottleneck_waypoint,Easy,d20_inf,True,True,0.9112186689962982,6,22.366325417671312,20.49942791008199,0.09107071259638166,1,0.2503958190812071,0.4790108208586541,0,0,0,0,False,,,,,"{""profile_name"": ""easy_d01"", ""map_seed"": 20270620, ""query_seed"": 20271621, ""waypoint_count"": 5, ""bottleneck_count"": 5}"
easy_s01_q0011,improved_ha,Easy,d20_inf,True,True,1.7792227268218994,2389,20.49942791008199,20.49942791008199,0.0,0,0.24904972307001108,0.15073869918458582,0,0,0,0,False,,,,,"{""profile_name"": ""easy_d01"", ""map_seed"": 20270620, ""query_seed"": 20271621, ""evaluation_path_source"": ""trace_poses"", ""planner_path_pose_count"": 55, ""evaluation_path_pose_count"": 207}"
easy_s01_q0011,lo_ha,Easy,d20_inf,True,True,0.1924903392791748,101,20.461523983085453,20.49942791008199,-0.0018490236489915324,0,0.11425856954360916,0.07749793163814311,0,0,0,0,False,,,,,"{""profile_name"": ""easy_d01"", ""map_seed"": 20270620, ""query_seed"": 20271621, ""evaluation_path_source"": ""trace_poses"", ""planner_path_pose_count"": 56, ""evaluation_path_pose_count"": 207}"
easy_s01_q0011,ss_rrt,Easy,d20_inf,False,False,2.502454506000504,1720,,20.49942791008199,,0,,,0,0,0,0,False,,,,timeout,"{""profile_name"": ""easy_d01"", ""map_seed"": 20270620, ""query_seed"": 20271621, ""rrt_iterations"": 946, ""evaluation_path_source"": ""planner_path"", ""planner_path_pose_count"": 0, ""evaluation_path_pose_count"": 0}"
easy_s01_q0011,idb_rrt,Easy,d20_inf,False,False,2.74973079800111,0,,20.49942791008199,,0,,,0,0,0,0,False,,,,idb_rrt_failed:returncode=1,"{""profile_name"": ""easy_d01"", ""map_seed"": 20270620, ""query_seed"": 20271621, ""idb_rrt_run_dir"": ""/home/ubuntu/ForestNav/2_experiment/idb_rrt_strict_repro/runs/forestnav_adapter/run_1782412261910_3d71c239"", ""idb_rrt_returncode"": 1, ""idb_rrt_state_count"": 0}"
easy_s01_q0012,vanilla_ha,Easy,d08_12,True,True,0.14457321166992188,1,9.972462083156795,,,0,0.0,1.964924283900619,0,0,0,0,False,,,,,"{""profile_name"": ""easy_d00"", ""map_seed"": 20270620, ""query_seed"": 20271622, ""evaluation_path_source"": ""trace_poses"", ""planner_path_pose_count"": 2, ""evaluation_path_pose_count"": 101}"
easy_s01_q0012,f_n3p_knn,Easy,d08_12,True,True,0.0004515170003287494,0,9.972462083156795,9.972462083156795,0.0,0,0.0,1.964924283900619,0,0,0,0,False,0,0,,,"{""profile_name"": ""easy_d00"", ""map_seed"": 20270620, ""query_seed"": 20271622}"
easy_s01_q0012,n3p_k1,Easy,d08_12,True,True,0.00042915900121442974,0,9.972462083156795,9.972462083156795,0.0,0,0.0,1.964924283900619,0,0,0,0,False,0,0,,,"{""profile_name"": ""easy_d00"", ""map_seed"": 20270620, ""query_seed"": 20271622}"
easy_s01_q0012,voronoi_waypoint,Easy,d08_12,True,True,0.32777481000084663,2,10.58136243458495,9.972462083156795,0.0610581766419116,0,0.14482006505136014,2.266309567361086,0,0,0,0,False,,,,,"{""profile_name"": ""easy_d00"", ""map_seed"": 20270620, ""query_seed"": 20271622, ""waypoint_count"": 1}"
easy_s01_q0012,bottleneck_waypoint,Easy,d08_12,True,True,0.3281996169971535,2,10.651127232986157,9.972462083156795,0.06805392130551269,0,0.15258954964594432,2.266309567361086,0,0,0,0,False,,,,,"{""profile_name"": ""easy_d00"", ""map_seed"": 20270620, ""query_seed"": 20271622, ""waypoint_count"": 1, ""bottleneck_count"": 1}"
easy_s01_q0012,improved_ha,Easy,d08_12,True,True,0.14769268035888672,1,9.972462083156795,9.972462083156795,0.0,0,0.0,1.964924283900619,0,0,0,0,False,,,,,"{""profile_name"": ""easy_d00"", ""map_seed"": 20270620, ""query_seed"": 20271622, ""evaluation_path_source"": ""trace_poses"", ""planner_path_pose_count"": 2, ""evaluation_path_pose_count"": 101}"
easy_s01_q0012,lo_ha,Easy,d08_12,True,True,0.14422369003295898,1,9.972462083156795,9.972462083156795,0.0,0,0.0,1.964924283900619,0,0,0,0,False,,,,,"{""profile_name"": ""easy_d00"", ""map_seed"": 20270620, ""query_seed"": 20271622, ""evaluation_path_source"": ""trace_poses"", ""planner_path_pose_count"": 2, ""evaluation_path_pose_count"": 101}"
easy_s01_q0012,ss_rrt,Easy,d08_12,True,True,0.0003774470023927279,2,9.972462083156797,9.972462083156795,2.220446049250313e-16,0,4.007839644134671e-16,1.964924283900618,0,0,0,0,False,,,,,"{""profile_name"": ""easy_d00"", ""map_seed"": 20270620, ""query_seed"": 20271622, ""rrt_iterations"": 0, ""evaluation_path_source"": ""planner_path"", ""planner_path_pose_count"": 101, ""evaluation_path_pose_count"": 101}"
easy_s01_q0012,idb_rrt,Easy,d08_12,True,True,0.7975431689992547,201,9.972482298098697,9.972462083156795,2.0270763361196487e-06,0,0.002087744994440435,1.957401809471826,0,0,0,0,False,,,,,"{""profile_name"": ""easy_d00"", ""map_seed"": 20270620, ""query_seed"": 20271622, ""idb_rrt_run_dir"": ""/home/ubuntu/ForestNav/2_experiment/idb_rrt_strict_repro/runs/forestnav_adapter/run_1782412265806_ee34f340"", ""idb_rrt_returncode"": 0, ""idb_rrt_state_count"": 201}"
easy_s01_q0013,vanilla_ha,Easy,d12_16,False,False,2.5000159740448,2802,,,,0,,,0,0,0,0,False,,,,timeout,"{""profile_name"": ""easy_d01"", ""map_seed"": 20270620, ""query_seed"": 20271623, ""evaluation_path_source"": ""planner_path"", ""planner_path_pose_count"": 0, ""evaluation_path_pose_count"": 0}"
easy_s01_q0013,f_n3p_knn,Easy,d12_16,True,True,0.7620896480002557,5,19.785261717673883,,,7,0.27278619643869056,0.07781456990517321,0,4,0,0,True,3,5,0.6,,"{""profile_name"": ""easy_d01"", ""map_seed"": 20270620, ""query_seed"": 20271623}"
easy_s01_q0013,n3p_k1,Easy,d12_16,True,True,0.7127750029976596,355,20.253705596525776,,,7,0.26141186628005925,0.07781456990517321,0,0,1,0,True,2,2,1.0,,"{""profile_name"": ""easy_d01"", ""map_seed"": 20270620, ""query_seed"": 20271623}"
easy_s01_q0013,voronoi_waypoint,Easy,d12_16,True,True,0.9229953739995835,360,19.245380621596006,,,1,0.3984645807941392,0.07781456990517321,0,0,0,0,False,,,,,"{""profile_name"": ""easy_d01"", ""map_seed"": 20270620, ""query_seed"": 20271623, ""waypoint_count"": 3}"
easy_s01_q0013,bottleneck_waypoint,Easy,d12_16,True,True,0.790976946002047,186,18.02386706608759,,,1,0.25711544051013047,0.07083692501533345,0,0,0,0,False,,,,,"{""profile_name"": ""easy_d01"", ""map_seed"": 20270620, ""query_seed"": 20271623, ""waypoint_count"": 3, ""bottleneck_count"": 3}"
easy_s01_q0013,improved_ha,Easy,d12_16,False,False,2.5011789798736572,2836,,,,0,,,0,0,0,0,False,,,,timeout,"{""profile_name"": ""easy_d01"", ""map_seed"": 20270620, ""query_seed"": 20271623, ""evaluation_path_source"": ""planner_path"", ""planner_path_pose_count"": 0, ""evaluation_path_pose_count"": 0}"
easy_s01_q0013,lo_ha,Easy,d12_16,False,False,0.8061709403991699,1319,,,,0,,,0,0,0,0,False,,,,collision_violation_rejected:1,"{""profile_name"": ""easy_d01"", ""map_seed"": 20270620, ""query_seed"": 20271623, ""evaluation_path_source"": ""trace_poses"", ""planner_path_pose_count"": 50, ""evaluation_path_pose_count"": 163, ""rejected_collision_violation_count"": 1, ""rejected_collision_path_length_m"": 16.079465032375474}"
easy_s01_q0013,ss_rrt,Easy,d12_16,False,False,2.5000728970044293,3231,,,,0,,,0,0,0,0,False,,,,timeout,"{""profile_name"": ""easy_d01"", ""map_seed"": 20270620, ""query_seed"": 20271623, ""rrt_iterations"": 942, ""evaluation_path_source"": ""planner_path"", ""planner_path_pose_count"": 0, ""evaluation_path_pose_count"": 0}"
easy_s01_q0013,idb_rrt,Easy,d12_16,False,False,1.8365814110002248,319,,,,0,,,0,0,0,0,False,,,,collision_violation_rejected:91,"{""profile_name"": ""easy_d01"", ""map_seed"": 20270620, ""query_seed"": 20271623, ""idb_rrt_run_dir"": ""/home/ubuntu/ForestNav/2_experiment/idb_rrt_strict_repro/runs/forestnav_adapter/run_1782412278158_2ff2d9be"", ""idb_rrt_returncode"": 0, ""idb_rrt_state_count"": 319, ""rejected_collision_violation_count"": 91, ""rejected_collision_path_length_m"": 15.889394872607713}"
easy_s01_q0014,vanilla_ha,Easy,d16_20,True,True,0.14883184432983398,9,17.75532053822487,,,0,0.08851626000790339,0.7831294286783568,0,0,0,0,False,,,,,"{""profile_name"": ""easy_d00"", ""map_seed"": 20270620, ""query_seed"": 20271624, ""evaluation_path_source"": ""trace_poses"", ""planner_path_pose_count"": 10, ""evaluation_path_pose_count"": 180}"
easy_s01_q0014,f_n3p_knn,Easy,d16_20,True,True,0.15684883499488933,1,17.523393621115712,17.75532053822487,-0.013062389755783221,0,0.02005245598858711,0.17217158015117118,0,2,0,0,True,0,1,0.0,,"{""profile_name"": ""easy_d00"", ""map_seed"": 20270620, ""query_seed"": 20271624}"
easy_s01_q0014,n3p_k1,Easy,d16_20,True,True,0.1575483000051463,7,17.626507979939156,17.75532053822487,-0.00725487089959298,0,0.07682221482513509,0.5553974704081948,0,0,1,0,True,0,0,,,"{""profile_name"": ""easy_d00"", ""map_seed"": 20270620, ""query_seed"": 20271624}"
easy_s01_q0014,voronoi_waypoint,Easy,d16_20,True,True,0.6173228909974569,4,21.23642851200232,17.75532053822487,0.19605999037207367,0,0.2940277519066652,0.9263246780859031,0,0,0,0,False,,,,,"{""profile_name"": ""easy_d00"", ""map_seed"": 20270620, ""query_seed"": 20271624, ""waypoint_count"": 3}"
easy_s01_q0014,bottleneck_waypoint,Easy,d16_20,True,True,0.47728249699866865,3,19.50983562831108,17.75532053822487,0.09881630051729973,1,0.17891343287542888,1.2914384039694555,0,0,0,0,False,,,,,"{""profile_name"": ""easy_d00"", ""map_seed"": 20270620, ""query_seed"": 20271624, ""waypoint_count"": 2, ""bottleneck_count"": 2}"
easy_s01_q0014,improved_ha,Easy,d16_20,True,True,0.1529536247253418,9,17.75532053822487,17.75532053822487,0.0,0,0.08851626000790339,0.7831294286783568,0,0,0,0,False,,,,,"{""profile_name"": ""easy_d00"", ""map_seed"": 20270620, ""query_seed"": 20271624, ""evaluation_path_source"": ""trace_poses"", ""planner_path_pose_count"": 10, ""evaluation_path_pose_count"": 180}"
easy_s01_q0014,lo_ha,Easy,d16_20,True,True,0.15053939819335938,9,17.52281501732272,17.75532053822487,-0.013094977384474404,0,0.03669506997063248,0.10141026477865389,0,0,0,0,False,,,,,"{""profile_name"": ""easy_d00"", ""map_seed"": 20270620, ""query_seed"": 20271624, ""evaluation_path_source"": ""trace_poses"", ""planner_path_pose_count"": 12, ""evaluation_path_pose_count"": 178}"
easy_s01_q0014,ss_rrt,Easy,d16_20,True,True,0.16700594600115437,58,17.73226735605109,17.75532053822487,-0.001298381638571322,0,0.21822313184692765,0.5970729222157924,0,0,0,0,False,,,,,"{""profile_name"": ""easy_d00"", ""map_seed"": 20270620, ""query_seed"": 20271624, ""rrt_iterations"": 40, ""evaluation_path_source"": ""planner_path"", ""planner_path_pose_count"": 217, ""evaluation_path_pose_count"": 217}"
easy_s01_q0014,idb_rrt,Easy,d16_20,False,False,2.742984548996901,0,,17.75532053822487,,0,,,0,0,0,0,False,,,,idb_rrt_failed:returncode=1,"{""profile_name"": ""easy_d00"", ""map_seed"": 20270620, ""query_seed"": 20271624, ""idb_rrt_run_dir"": ""/home/ubuntu/ForestNav/2_experiment/idb_rrt_strict_repro/runs/forestnav_adapter/run_1782412282087_a5355ec7"", ""idb_rrt_returncode"": 1, ""idb_rrt_state_count"": 0}"
easy_s01_q0015,vanilla_ha,Easy,d20_inf,True,True,0.21814179420471191,129,24.14415652241921,,,0,0.19678263275045665,0.08587290505656675,0,0,0,0,False,,,,,"{""profile_name"": ""easy_d01"", ""map_seed"": 20270621, ""query_seed"": 20271621, ""evaluation_path_source"": ""trace_poses"", ""planner_path_pose_count"": 45, ""evaluation_path_pose_count"": 244}"
easy_s01_q0015,f_n3p_knn,Easy,d20_inf,True,True,0.31349329499789746,2,23.849469733752233,24.14415652241921,-0.012205304765703584,0,0.04047469372418227,0.06956002488140267,0,4,0,0,True,0,2,0.0,,"{""profile_name"": ""easy_d01"", ""map_seed"": 20270621, ""query_seed"": 20271621}"
easy_s01_q0015,n3p_k1,Easy,d20_inf,True,True,0.22540145200036932,129,24.14415652241921,24.14415652241921,0.0,0,0.19678263275045665,0.08587290505656675,0,0,1,0,True,0,0,,,"{""profile_name"": ""easy_d01"", ""map_seed"": 20270621, ""query_seed"": 20271621}"
easy_s01_q0015,voronoi_waypoint,Easy,d20_inf,True,True,0.7784320569990086,20,25.7385228484658,24.14415652241921,0.06603528785800128,0,0.18482469477498004,0.2306778554101372,0,0,0,0,False,,,,,"{""profile_name"": ""easy_d01"", ""map_seed"": 20270621, ""query_seed"": 20271621, ""waypoint_count"": 4}"
easy_s01_q0015,bottleneck_waypoint,Easy,d20_inf,True,True,0.7729238070023712,5,25.25661333106944,24.14415652241921,0.04607561285552686,0,0.16593873992182243,0.1680687395001792,0,0,0,0,False,,,,,"{""profile_name"": ""easy_d01"", ""map_seed"": 20270621, ""query_seed"": 20271621, ""waypoint_count"": 4, ""bottleneck_count"": 4}"
easy_s01_q0015,improved_ha,Easy,d20_inf,True,True,0.21875309944152832,129,24.14415652241921,24.14415652241921,0.0,0,0.19678263275045665,0.08587290505656675,0,0,0,0,False,,,,,"{""profile_name"": ""easy_d01"", ""map_seed"": 20270621, ""query_seed"": 20271621, ""evaluation_path_source"": ""trace_poses"", ""planner_path_pose_count"": 45, ""evaluation_path_pose_count"": 244}"
easy_s01_q0015,lo_ha,Easy,d20_inf,True,True,0.21101689338684082,211,24.54778772185797,24.14415652241921,0.016717552301483973,0,0.10636316895118657,0.07270371338923765,0,0,0,0,False,,,,,"{""profile_name"": ""easy_d01"", ""map_seed"": 20270621, ""query_seed"": 20271621, ""evaluation_path_source"": ""trace_poses"", ""planner_path_pose_count"": 59, ""evaluation_path_pose_count"": 248}"
easy_s01_q0015,ss_rrt,Easy,d20_inf,True,True,0.2105423739994876,77,23.90574800669271,24.14415652241921,-0.009874377491925324,0,0.19206268142094862,0.1103780854927704,0,0,0,0,False,,,,,"{""profile_name"": ""easy_d01"", ""map_seed"": 20270621, ""query_seed"": 20271621, ""rrt_iterations"": 93, ""evaluation_path_source"": ""planner_path"", ""planner_path_pose_count"": 297, ""evaluation_path_pose_count"": 297}"
easy_s01_q0015,idb_rrt,Easy,d20_inf,False,False,2.7432937560006394,0,,24.14415652241921,,0,,,0,0,0,0,False,,,,idb_rrt_failed:returncode=1,"{""profile_name"": ""easy_d01"", ""map_seed"": 20270621, ""query_seed"": 20271621, ""idb_rrt_run_dir"": ""/home/ubuntu/ForestNav/2_experiment/idb_rrt_strict_repro/runs/forestnav_adapter/run_1782412288522_0cdf20ac"", ""idb_rrt_returncode"": 1, ""idb_rrt_state_count"": 0}"
easy_s01_q0016,vanilla_ha,Easy,d08_12,True,True,0.1528306007385254,1,9.96393496566492,,,0,0.0,0.47388133202254656,0,0,0,0,False,,,,,"{""profile_name"": ""easy_d00"", ""map_seed"": 20270621, ""query_seed"": 20271622, ""evaluation_path_source"": ""trace_poses"", ""planner_path_pose_count"": 2, ""evaluation_path_pose_count"": 101}"
easy_s01_q0016,f_n3p_knn,Easy,d08_12,True,True,0.00045291199785424396,0,9.96393496566492,9.96393496566492,0.0,0,0.0,0.47388133202254656,0,0,0,0,False,0,0,,,"{""profile_name"": ""easy_d00"", ""map_seed"": 20270621, ""query_seed"": 20271622}"
easy_s01_q0016,n3p_k1,Easy,d08_12,True,True,0.0004681409991462715,0,9.96393496566492,9.96393496566492,0.0,0,0.0,0.47388133202254656,0,0,0,0,False,0,0,,,"{""profile_name"": ""easy_d00"", ""map_seed"": 20270621, ""query_seed"": 20271622}"
easy_s01_q0016,voronoi_waypoint,Easy,d08_12,True,True,0.3526965229975758,2,10.186237713221766,9.96393496566492,0.022310738510727512,0,0.16526809452266525,0.08205676590317412,0,0,0,0,False,,,,,"{""profile_name"": ""easy_d00"", ""map_seed"": 20270621, ""query_seed"": 20271622, ""waypoint_count"": 1}"
easy_s01_q0016,bottleneck_waypoint,Easy,d08_12,True,True,0.5083948019964737,3,9.984804820535256,9.96393496566492,0.002094539450754329,0,0.08453217257156007,0.44392066964836807,0,0,0,0,False,,,,,"{""profile_name"": ""easy_d00"", ""map_seed"": 20270621, ""query_seed"": 20271622, ""waypoint_count"": 2, ""bottleneck_count"": 2}"
easy_s01_q0016,improved_ha,Easy,d08_12,True,True,0.15876007080078125,1,9.96393496566492,9.96393496566492,0.0,0,0.0,0.47388133202254656,0,0,0,0,False,,,,,"{""profile_name"": ""easy_d00"", ""map_seed"": 20270621, ""query_seed"": 20271622, ""evaluation_path_source"": ""trace_poses"", ""planner_path_pose_count"": 2, ""evaluation_path_pose_count"": 101}"
easy_s01_q0016,lo_ha,Easy,d08_12,True,True,0.15860557556152344,1,9.96393496566492,9.96393496566492,0.0,0,0.0,0.47388133202254656,0,0,0,0,False,,,,,"{""profile_name"": ""easy_d00"", ""map_seed"": 20270621, ""query_seed"": 20271622, ""evaluation_path_source"": ""trace_poses"", ""planner_path_pose_count"": 2, ""evaluation_path_pose_count"": 101}"
easy_s01_q0016,ss_rrt,Easy,d08_12,True,True,0.00042319200292695314,2,9.96393496566492,9.96393496566492,0.0,0,3.5655729298142984e-16,0.47388133202255533,0,0,0,0,False,,,,,"{""profile_name"": ""easy_d00"", ""map_seed"": 20270621, ""query_seed"": 20271622, ""rrt_iterations"": 0, ""evaluation_path_source"": ""planner_path"", ""planner_path_pose_count"": 101, ""evaluation_path_pose_count"": 101}"
easy_s01_q0016,idb_rrt,Easy,d08_12,True,True,1.0182884739988367,201,9.964006341953244,9.96393496566492,7.163463889403587e-06,0,0.0031212344646002923,0.4668540155255958,0,0,0,0,False,,,,,"{""profile_name"": ""easy_d00"", ""map_seed"": 20270621, ""query_seed"": 20271622, ""idb_rrt_run_dir"": ""/home/ubuntu/ForestNav/2_experiment/idb_rrt_strict_repro/runs/forestnav_adapter/run_1782412292653_f48948d6"", ""idb_rrt_returncode"": 0, ""idb_rrt_state_count"": 201}"
easy_s01_q0017,vanilla_ha,Easy,d12_16,True,True,0.5324180126190186,463,12.96514663314321,,,0,0.09816154260994084,0.08644055850825183,0,0,0,0,False,,,,,"{""profile_name"": ""easy_d01"", ""map_seed"": 20270621, ""query_seed"": 20271623, ""evaluation_path_source"": ""trace_poses"", ""planner_path_pose_count"": 37, ""evaluation_path_pose_count"": 132}"
easy_s01_q0017,f_n3p_knn,Easy,d12_16,True,True,0.48108859499916434,3,13.006183269304838,12.96514663314321,0.003165150177069753,0,0.10596781352939395,0.08014689215232695,0,2,0,0,True,1,3,0.3333333333333333,,"{""profile_name"": ""easy_d01"", ""map_seed"": 20270621, ""query_seed"": 20271623}"
easy_s01_q0017,n3p_k1,Easy,d12_16,True,True,0.5394282009947347,463,12.96514663314321,12.96514663314321,0.0,0,0.09816154260994084,0.08644055850825183,0,0,1,0,True,0,0,,,"{""profile_name"": ""easy_d01"", ""map_seed"": 20270621, ""query_seed"": 20271623}"
easy_s01_q0017,voronoi_waypoint,Easy,d12_16,True,True,0.49869484700320754,3,13.823998971565715,12.96514663314321,0.06624316428685773,0,0.2959749602264674,0.1978540584687104,0,0,0,0,False,,,,,"{""profile_name"": ""easy_d01"", ""map_seed"": 20270621, ""query_seed"": 20271623, ""waypoint_count"": 2}"
easy_s01_q0017,bottleneck_waypoint,Easy,d12_16,True,True,0.4990663560020039,3,13.474133507939259,12.96514663314321,0.03925808856607227,0,0.1816418241700652,0.5476086345500664,0,0,0,0,False,,,,,"{""profile_name"": ""easy_d01"", ""map_seed"": 20270621, ""query_seed"": 20271623, ""waypoint_count"": 2, ""bottleneck_count"": 2}"
easy_s01_q0017,improved_ha,Easy,d12_16,True,True,0.5300993919372559,463,12.96514663314321,12.96514663314321,0.0,0,0.09816154260994084,0.08644055850825183,0,0,0,0,False,,,,,"{""profile_name"": ""easy_d01"", ""map_seed"": 20270621, ""query_seed"": 20271623, ""evaluation_path_source"": ""trace_poses"", ""planner_path_pose_count"": 37, ""evaluation_path_pose_count"": 132}"
easy_s01_q0017,lo_ha,Easy,d12_16,True,True,0.4438295364379883,577,13.407508710160611,12.96514663314321,0.034119326956671525,0,0.15914200475085044,0.07527328493443208,0,0,0,0,False,,,,,"{""profile_name"": ""easy_d01"", ""map_seed"": 20270621, ""query_seed"": 20271623, ""evaluation_path_source"": ""trace_poses"", ""planner_path_pose_count"": 12, ""evaluation_path_pose_count"": 137}"
easy_s01_q0017,ss_rrt,Easy,d12_16,False,False,2.5008047110022744,756,,12.96514663314321,,0,,,0,0,0,0,False,,,,timeout,"{""profile_name"": ""easy_d01"", ""map_seed"": 20270621, ""query_seed"": 20271623, ""rrt_iterations"": 1755, ""evaluation_path_source"": ""planner_path"", ""planner_path_pose_count"": 0, ""evaluation_path_pose_count"": 0}"
easy_s01_q0017,idb_rrt,Easy,d12_16,False,False,1.100549624999985,259,,12.96514663314321,,0,,,0,0,0,0,False,,,,collision_violation_rejected:66,"{""profile_name"": ""easy_d01"", ""map_seed"": 20270621, ""query_seed"": 20271623, ""idb_rrt_run_dir"": ""/home/ubuntu/ForestNav/2_experiment/idb_rrt_strict_repro/runs/forestnav_adapter/run_1782412299759_12d03ef7"", ""idb_rrt_returncode"": 0, ""idb_rrt_state_count"": 259, ""rejected_collision_violation_count"": 66, ""rejected_collision_path_length_m"": 12.86268136138458}"
easy_s01_q0018,vanilla_ha,Easy,d16_20,True,True,1.992204189300537,3497,19.683057223525104,,,1,0.1620058798203753,0.06120770805316722,0,0,0,0,False,,,,,"{""profile_name"": ""easy_d00"", ""map_seed"": 20270621, ""query_seed"": 20271624, ""evaluation_path_source"": ""trace_poses"", ""planner_path_pose_count"": 20, ""evaluation_path_pose_count"": 199}"
easy_s01_q0018,f_n3p_knn,Easy,d16_20,True,True,1.340973471000325,946,23.703874276625452,19.683057223525104,0.20427807567894907,3,0.26097420471299887,0.08534494454766373,0,23,1,0,True,2,3,0.6666666666666666,,"{""profile_name"": ""easy_d00"", ""map_seed"": 20270621, ""query_seed"": 20271624}"
easy_s01_q0018,n3p_k1,Easy,d16_20,True,True,0.5160621149989311,107,20.929490665155807,19.683057223525104,0.06332519524156899,3,0.26776743357651445,0.05751509854649728,0,0,1,0,True,2,2,1.0,,"{""profile_name"": ""easy_d00"", ""map_seed"": 20270621, ""query_seed"": 20271624}"
easy_s01_q0018,voronoi_waypoint,Easy,d16_20,True,True,0.6533541039971169,40,20.894634302722558,19.683057223525104,0.061554313714506925,1,0.09654404642978023,0.0717018980755163,0,0,0,0,False,,,,,"{""profile_name"": ""easy_d00"", ""map_seed"": 20270621, ""query_seed"": 20271624, ""waypoint_count"": 3}"
easy_s01_q0018,bottleneck_waypoint,Easy,d16_20,True,True,0.770233269999153,5,21.06137466195842,19.683057223525104,0.07002557696097922,3,0.26080831028904045,0.19220856493342087,0,0,0,0,False,,,,,"{""profile_name"": ""easy_d00"", ""map_seed"": 20270621, ""query_seed"": 20271624, ""waypoint_count"": 4, ""bottleneck_count"": 4}"
easy_s01_q0018,improved_ha,Easy,d16_20,True,True,2.011556625366211,3497,19.683057223525104,19.683057223525104,0.0,1,0.1620058798203753,0.06120770805316722,0,0,0,0,False,,,,,"{""profile_name"": ""easy_d00"", ""map_seed"": 20270621, ""query_seed"": 20271624, ""evaluation_path_source"": ""trace_poses"", ""planner_path_pose_count"": 20, ""evaluation_path_pose_count"": 199}"
easy_s01_q0018,lo_ha,Easy,d16_20,True,True,0.23904895782470703,257,20.038126785400625,19.683057223525104,0.018039350180374614,1,0.1301399126082385,0.1449800907631973,0,0,0,0,False,,,,,"{""profile_name"": ""easy_d00"", ""map_seed"": 20270621, ""query_seed"": 20271624, ""evaluation_path_source"": ""trace_poses"", ""planner_path_pose_count"": 8, ""evaluation_path_pose_count"": 202}"
easy_s01_q0018,ss_rrt,Easy,d16_20,False,False,0.4218247059980058,19,,19.683057223525104,,0,,,0,0,0,0,False,,,,iteration_budget_exhausted,"{""profile_name"": ""easy_d00"", ""map_seed"": 20270621, ""query_seed"": 20271624, ""rrt_iterations"": 3000, ""evaluation_path_source"": ""planner_path"", ""planner_path_pose_count"": 0, ""evaluation_path_pose_count"": 0}"
easy_s01_q0018,idb_rrt,Easy,d16_20,False,False,2.7451991260022623,0,,19.683057223525104,,0,,,0,0,0,0,False,,,,idb_rrt_failed:returncode=1,"{""profile_name"": ""easy_d00"", ""map_seed"": 20270621, ""query_seed"": 20271624, ""idb_rrt_run_dir"": ""/home/ubuntu/ForestNav/2_experiment/idb_rrt_strict_repro/runs/forestnav_adapter/run_1782412308871_8f5c71fa"", ""idb_rrt_returncode"": 1, ""idb_rrt_state_count"": 0}"
easy_s01_q0019,vanilla_ha,Easy,d20_inf,True,True,0.5803043842315674,589,24.587359250334018,,,0,0.2183914486003529,0.11470097549994462,0,0,0,0,False,,,,,"{""profile_name"": ""easy_d01"", ""map_seed"": 20270621, ""query_seed"": 20271625, ""evaluation_path_source"": ""trace_poses"", ""planner_path_pose_count"": 72, ""evaluation_path_pose_count"": 248}"
easy_s01_q0019,f_n3p_knn,Easy,d20_inf,True,True,0.49746278900420293,3,26.08147699688839,24.587359250334018,0.06076771935294656,0,0.12762986153756709,0.21768471963774016,0,11,0,0,True,1,3,0.3333333333333333,,"{""profile_name"": ""easy_d01"", ""map_seed"": 20270621, ""query_seed"": 20271625}"
easy_s01_q0019,n3p_k1,Easy,d20_inf,True,True,0.5549364440012141,117,24.931344277507943,24.587359250334018,0.01399032013449153,0,0.210251560902589,0.15102805193813085,0,0,2,0,True,1,1,1.0,,"{""profile_name"": ""easy_d01"", ""map_seed"": 20270621, ""query_seed"": 20271625}"
easy_s01_q0019,voronoi_waypoint,Easy,d20_inf,True,True,0.820782174996566,5,26.14922497916786,24.587359250334018,0.06352311823859758,2,0.22985248379860979,0.11066653127167081,0,0,0,0,False,,,,,"{""profile_name"": ""easy_d01"", ""map_seed"": 20270621, ""query_seed"": 20271625, ""waypoint_count"": 4}"
easy_s01_q0019,bottleneck_waypoint,Easy,d20_inf,True,True,0.933314715999586,6,26.22455936323016,24.587359250334018,0.06658706598895536,0,0.26564933409437697,0.3916045661911304,0,0,0,0,False,,,,,"{""profile_name"": ""easy_d01"", ""map_seed"": 20270621, ""query_seed"": 20271625, ""waypoint_count"": 5, ""bottleneck_count"": 5}"
easy_s01_q0019,improved_ha,Easy,d20_inf,True,True,0.5537939071655273,589,24.587359250334018,24.587359250334018,0.0,0,0.2183914486003529,0.11470097549994462,0,0,0,0,False,,,,,"{""profile_name"": ""easy_d01"", ""map_seed"": 20270621, ""query_seed"": 20271625, ""evaluation_path_source"": ""trace_poses"", ""planner_path_pose_count"": 72, ""evaluation_path_pose_count"": 248}"
easy_s01_q0019,lo_ha,Easy,d20_inf,True,True,1.5055506229400635,2449,24.725297344105286,24.587359250334018,0.005610122354615887,0,0.14688999177663165,0.0725485604239926,0,0,0,0,False,,,,,"{""profile_name"": ""easy_d01"", ""map_seed"": 20270621, ""query_seed"": 20271625, ""evaluation_path_source"": ""trace_poses"", ""planner_path_pose_count"": 70, ""evaluation_path_pose_count"": 250}"
easy_s01_q0019,ss_rrt,Easy,d20_inf,False,False,2.503411364996282,2564,,24.587359250334018,,0,,,0,0,0,0,False,,,,timeout,"{""profile_name"": ""easy_d01"", ""map_seed"": 20270621, ""query_seed"": 20271625, ""rrt_iterations"": 1109, ""evaluation_path_source"": ""planner_path"", ""planner_path_pose_count"": 0, ""evaluation_path_pose_count"": 0}"
easy_s01_q0019,idb_rrt,Easy,d20_inf,False,False,2.7426995920031914,0,,24.587359250334018,,0,,,0,0,0,0,False,,,,idb_rrt_failed:returncode=1,"{""profile_name"": ""easy_d01"", ""map_seed"": 20270621, ""query_seed"": 20271625, ""idb_rrt_run_dir"": ""/home/ubuntu/ForestNav/2_experiment/idb_rrt_strict_repro/runs/forestnav_adapter/run_1782412319633_376ee53f"", ""idb_rrt_returncode"": 1, ""idb_rrt_state_count"": 0}"
easy_s02_q0020,vanilla_ha,Easy,d08_12,True,True,0.1499934196472168,8,9.719366791435954,,,0,0.06734425348425047,0.1959317312648321,0,0,0,0,False,,,,,"{""profile_name"": ""easy_d00"", ""map_seed"": 20280620, ""query_seed"": 20281620, ""evaluation_path_source"": ""trace_poses"", ""planner_path_pose_count"": 7, ""evaluation_path_pose_count"": 100}"
easy_s02_q0020,f_n3p_knn,Easy,d08_12,True,True,0.15584148199559422,1,9.935115856264334,9.719366791435954,0.02219785192369561,0,0.12694470097175847,0.2106793969277574,0,6,0,0,True,0,1,0.0,,"{""profile_name"": ""easy_d00"", ""map_seed"": 20280620, ""query_seed"": 20281620}"
easy_s02_q0020,n3p_k1,Easy,d08_12,True,True,0.1574585729977116,7,9.818626977863627,9.719366791435954,0.010212618636343151,0,0.140486112535148,0.1939045119622793,0,0,1,0,True,0,0,,,"{""profile_name"": ""easy_d00"", ""map_seed"": 20280620, ""query_seed"": 20281620}"
easy_s02_q0020,voronoi_waypoint,Easy,d08_12,True,True,0.4825821749982424,15,15.382504801478015,9.719366791435954,0.5826653249707618,4,0.42743756168505254,0.19161721767491646,0,0,0,0,False,,,,,"{""profile_name"": ""easy_d00"", ""map_seed"": 20280620, ""query_seed"": 20281620, ""waypoint_count"": 2}"
easy_s02_q0020,bottleneck_waypoint,Easy,d08_12,True,True,0.4748722820004332,3,15.895561834587426,9.719366791435954,0.6354524091624483,1,0.4083641833554342,0.2982126816652866,0,0,0,0,False,,,,,"{""profile_name"": ""easy_d00"", ""map_seed"": 20280620, ""query_seed"": 20281620, ""waypoint_count"": 2, ""bottleneck_count"": 2}"
easy_s02_q0020,improved_ha,Easy,d08_12,True,True,0.14991140365600586,8,9.719366791435954,9.719366791435954,0.0,0,0.06734425348425047,0.1959317312648321,0,0,0,0,False,,,,,"{""profile_name"": ""easy_d00"", ""map_seed"": 20280620, ""query_seed"": 20281620, ""evaluation_path_source"": ""trace_poses"", ""planner_path_pose_count"": 7, ""evaluation_path_pose_count"": 100}"
easy_s02_q0020,lo_ha,Easy,d08_12,True,True,0.14756131172180176,7,9.698217355100402,9.719366791435954,-0.002176009691720604,0,0.03189525782122871,0.11722892751548719,0,0,0,0,False,,,,,"{""profile_name"": ""easy_d00"", ""map_seed"": 20280620, ""query_seed"": 20281620, ""evaluation_path_source"": ""trace_poses"", ""planner_path_pose_count"": 10, ""evaluation_path_pose_count"": 100}"
easy_s02_q0020,ss_rrt,Easy,d08_12,True,True,0.04765793999831658,29,9.599743646099915,9.719366791435954,-0.012307709741075201,0,0.1031218010341791,0.19378770254431554,0,0,0,0,False,,,,,"{""profile_name"": ""easy_d00"", ""map_seed"": 20280620, ""query_seed"": 20281620, ""rrt_iterations"": 29, ""evaluation_path_source"": ""planner_path"", ""planner_path_pose_count"": 121, ""evaluation_path_pose_count"": 121}"
easy_s02_q0020,idb_rrt,Easy,d08_12,False,False,0.7781179890007479,195,,9.719366791435954,,0,,,0,0,0,0,False,,,,collision_violation_rejected:11,"{""profile_name"": ""easy_d00"", ""map_seed"": 20280620, ""query_seed"": 20281620, ""idb_rrt_run_dir"": ""/home/ubuntu/ForestNav/2_experiment/idb_rrt_strict_repro/runs/forestnav_adapter/run_1782412326822_deff5104"", ""idb_rrt_returncode"": 0, ""idb_rrt_state_count"": 195, ""rejected_collision_violation_count"": 11, ""rejected_collision_path_length_m"": 9.689656299220658}"
easy_s02_q0021,vanilla_ha,Easy,d12_16,True,True,0.17572999000549316,49,13.045341094113928,,,0,0.20370933968192698,0.09280436358235711,0,0,0,0,False,,,,,"{""profile_name"": ""easy_d01"", ""map_seed"": 20280620, ""query_seed"": 20281621, ""evaluation_path_source"": ""trace_poses"", ""planner_path_pose_count"": 15, ""evaluation_path_pose_count"": 132}"
easy_s02_q0021,f_n3p_knn,Easy,d12_16,True,True,0.1566136789988377,1,12.849661686429357,13.045341094113928,-0.014999945672011683,0,0.07830360259621759,0.1308864294510026,0,5,0,0,True,0,1,0.0,,"{""profile_name"": ""easy_d01"", ""map_seed"": 20280620, ""query_seed"": 20281621}"
easy_s02_q0021,n3p_k1,Easy,d12_16,True,True,0.21502172599866753,93,12.771745016318956,13.045341094113928,-0.02097270403442486,0,0.1406070504951473,0.1308864294510026,0,0,1,0,True,0,0,,,"{""profile_name"": ""easy_d01"", ""map_seed"": 20280620, ""query_seed"": 20281621}"
easy_s02_q0021,voronoi_waypoint,Easy,d12_16,True,True,0.46498410400090506,3,13.13060723712102,13.045341094113928,0.006536137490920968,0,0.26769340391294083,0.1308864294510026,0,0,0,0,False,,,,,"{""profile_name"": ""easy_d01"", ""map_seed"": 20280620, ""query_seed"": 20281621, ""waypoint_count"": 2}"
easy_s02_q0021,bottleneck_waypoint,Easy,d12_16,True,True,0.4698944530027802,3,12.875780203490264,13.045341094113928,-0.012997811969835738,0,0.08090589595496592,0.1308864294510026,0,0,0,0,False,,,,,"{""profile_name"": ""easy_d01"", ""map_seed"": 20280620, ""query_seed"": 20281621, ""waypoint_count"": 2, ""bottleneck_count"": 2}"
easy_s02_q0021,improved_ha,Easy,d12_16,True,True,0.17322278022766113,49,13.045341094113928,13.045341094113928,0.0,0,0.20370933968192698,0.09280436358235711,0,0,0,0,False,,,,,"{""profile_name"": ""easy_d01"", ""map_seed"": 20280620, ""query_seed"": 20281621, ""evaluation_path_source"": ""trace_poses"", ""planner_path_pose_count"": 15, ""evaluation_path_pose_count"": 132}"
easy_s02_q0021,lo_ha,Easy,d12_16,True,True,0.1502983570098877,22,12.985283007228217,13.045341094113928,-0.004603795826604307,0,0.11332958071454488,0.13001859521424153,0,0,0,0,False,,,,,"{""profile_name"": ""easy_d01"", ""map_seed"": 20280620, ""query_seed"": 20281621, ""evaluation_path_source"": ""trace_poses"", ""planner_path_pose_count"": 18, ""evaluation_path_pose_count"": 132}"
easy_s02_q0021,ss_rrt,Easy,d12_16,True,True,0.07814896100171609,51,12.782340670801673,13.045341094113928,-0.020160486522726506,0,0.13946143301505298,0.1269553313150924,0,0,0,0,False,,,,,"{""profile_name"": ""easy_d01"", ""map_seed"": 20280620, ""query_seed"": 20281621, ""rrt_iterations"": 51, ""evaluation_path_source"": ""planner_path"", ""planner_path_pose_count"": 159, ""evaluation_path_pose_count"": 159}"
easy_s02_q0021,idb_rrt,Easy,d12_16,False,False,1.4412717829982284,255,,13.045341094113928,,0,,,0,0,0,0,False,,,,collision_violation_rejected:32,"{""profile_name"": ""easy_d01"", ""map_seed"": 20280620, ""query_seed"": 20281621, ""idb_rrt_run_dir"": ""/home/ubuntu/ForestNav/2_experiment/idb_rrt_strict_repro/runs/forestnav_adapter/run_1782412329544_a7821405"", ""idb_rrt_returncode"": 0, ""idb_rrt_state_count"": 255, ""rejected_collision_violation_count"": 32, ""rejected_collision_path_length_m"": 12.6514563447928}"
easy_s02_q0022,vanilla_ha,Easy,d16_20,True,True,0.15511298179626465,1,16.983815825661793,,,0,0.0,0.5885881192363516,0,0,0,0,False,,,,,"{""profile_name"": ""easy_d00"", ""map_seed"": 20280620, ""query_seed"": 20281622, ""evaluation_path_source"": ""trace_poses"", ""planner_path_pose_count"": 2, ""evaluation_path_pose_count"": 171}"
easy_s02_q0022,f_n3p_knn,Easy,d16_20,True,True,0.0007029439948382787,0,16.983815825661793,16.983815825661793,0.0,0,3.268473457383055e-18,0.5885881192363516,0,0,0,0,False,0,0,,,"{""profile_name"": ""easy_d00"", ""map_seed"": 20280620, ""query_seed"": 20281622}"
easy_s02_q0022,n3p_k1,Easy,d16_20,True,True,0.0007226929956232198,0,16.983815825661793,16.983815825661793,0.0,0,3.268473457383055e-18,0.5885881192363516,0,0,0,0,False,0,0,,,"{""profile_name"": ""easy_d00"", ""map_seed"": 20280620, ""query_seed"": 20281622}"
easy_s02_q0022,voronoi_waypoint,Easy,d16_20,True,True,0.6649483049986884,4,18.50097118486686,16.983815825661793,0.08932947547115488,0,0.23320788050431654,0.666346919520393,0,0,0,0,False,,,,,"{""profile_name"": ""easy_d00"", ""map_seed"": 20280620, ""query_seed"": 20281622, ""waypoint_count"": 3}"
easy_s02_q0022,bottleneck_waypoint,Easy,d16_20,True,True,0.670792816003086,4,19.790456964068774,16.983815825661793,0.16525386092366068,1,0.2878676430092924,0.6979663662432418,0,0,0,0,False,,,,,"{""profile_name"": ""easy_d00"", ""map_seed"": 20280620, ""query_seed"": 20281622, ""waypoint_count"": 3, ""bottleneck_count"": 3}"
easy_s02_q0022,improved_ha,Easy,d16_20,True,True,0.16195201873779297,1,16.983815825661793,16.983815825661793,0.0,0,0.0,0.5885881192363516,0,0,0,0,False,,,,,"{""profile_name"": ""easy_d00"", ""map_seed"": 20280620, ""query_seed"": 20281622, ""evaluation_path_source"": ""trace_poses"", ""planner_path_pose_count"": 2, ""evaluation_path_pose_count"": 171}"
easy_s02_q0022,lo_ha,Easy,d16_20,True,True,0.159895658493042,1,16.983815825661793,16.983815825661793,0.0,0,0.0,0.5885881192363516,0,0,0,0,False,,,,,"{""profile_name"": ""easy_d00"", ""map_seed"": 20280620, ""query_seed"": 20281622, ""evaluation_path_source"": ""trace_poses"", ""planner_path_pose_count"": 2, ""evaluation_path_pose_count"": 171}"
easy_s02_q0022,ss_rrt,Easy,d16_20,True,True,0.0006930039962753654,2,16.983815825661793,16.983815825661793,0.0,0,4.118276556302646e-16,0.5885881192363509,0,0,0,0,False,,,,,"{""profile_name"": ""easy_d00"", ""map_seed"": 20280620, ""query_seed"": 20281622, ""rrt_iterations"": 0, ""evaluation_path_source"": ""planner_path"", ""planner_path_pose_count"": 171, ""evaluation_path_pose_count"": 171}"
easy_s02_q0022,idb_rrt,Easy,d16_20,True,True,2.7778773169993656,341,16.98414382654411,16.983815825661793,1.9312555298744982e-05,0,0.003917654058958772,0.5898419524547638,0,0,0,0,False,,,,,"{""profile_name"": ""easy_d00"", ""map_seed"": 20280620, ""query_seed"": 20281622, ""idb_rrt_run_dir"": ""/home/ubuntu/ForestNav/2_experiment/idb_rrt_strict_repro/runs/forestnav_adapter/run_1782412332865_15af9304"", ""idb_rrt_returncode"": 0, ""idb_rrt_state_count"": 341}"
easy_s02_q0023,vanilla_ha,Easy,d20_inf,True,True,0.30989599227905273,401,23.28156050763635,,,0,0.14558951476529974,0.0670950342090244,0,0,0,0,False,,,,,"{""profile_name"": ""easy_d01"", ""map_seed"": 20280620, ""query_seed"": 20281623, ""evaluation_path_source"": ""trace_poses"", ""planner_path_pose_count"": 25, ""evaluation_path_pose_count"": 235}"
easy_s02_q0023,f_n3p_knn,Easy,d20_inf,True,True,0.3389787990017794,2,22.479721558146792,23.28156050763635,-0.03444094519465546,0,0.05846015089454884,0.17538790457476716,0,0,0,0,False,2,2,1.0,,"{""profile_name"": ""easy_d01"", ""map_seed"": 20280620, ""query_seed"": 20281623}"
easy_s02_q0023,n3p_k1,Easy,d20_inf,True,True,0.3352600970029016,2,22.479721558146792,23.28156050763635,-0.03444094519465546,0,0.05846015089454884,0.17538790457476716,0,0,0,0,False,2,2,1.0,,"{""profile_name"": ""easy_d01"", ""map_seed"": 20280620, ""query_seed"": 20281623}"
easy_s02_q0023,voronoi_waypoint,Easy,d20_inf,True,True,0.8242167229982442,5,23.752539650148016,23.28156050763635,0.02022970678263536,0,0.1801732748448034,0.6532495887119114,0,0,0,0,False,,,,,"{""profile_name"": ""easy_d01"", ""map_seed"": 20280620, ""query_seed"": 20281623, ""waypoint_count"": 4}"
easy_s02_q0023,bottleneck_waypoint,Easy,d20_inf,True,True,0.6706740709996666,4,22.824215596995696,23.28156050763635,-0.019644083157168257,0,0.12734958760857262,0.6674127263814504,0,0,0,0,False,,,,,"{""profile_name"": ""easy_d01"", ""map_seed"": 20280620, ""query_seed"": 20281623, ""waypoint_count"": 3, ""bottleneck_count"": 3}"
easy_s02_q0023,improved_ha,Easy,d20_inf,True,True,0.3052330017089844,401,23.28156050763635,23.28156050763635,0.0,0,0.14558951476529974,0.0670950342090244,0,0,0,0,False,,,,,"{""profile_name"": ""easy_d01"", ""map_seed"": 20280620, ""query_seed"": 20281623, ""evaluation_path_source"": ""trace_poses"", ""planner_path_pose_count"": 25, ""evaluation_path_pose_count"": 235}"
easy_s02_q0023,lo_ha,Easy,d20_inf,True,True,0.20524120330810547,69,22.295484691943223,23.28156050763635,-0.04235436947491966,0,0.039427844872109465,0.08501963683214842,0,0,0,0,False,,,,,"{""profile_name"": ""easy_d01"", ""map_seed"": 20280620, ""query_seed"": 20281623, ""evaluation_path_source"": ""trace_poses"", ""planner_path_pose_count"": 71, ""evaluation_path_pose_count"": 225}"
easy_s02_q0023,ss_rrt,Easy,d20_inf,False,False,2.503094484003668,1414,,23.28156050763635,,0,,,0,0,0,0,False,,,,timeout,"{""profile_name"": ""easy_d01"", ""map_seed"": 20280620, ""query_seed"": 20281623, ""rrt_iterations"": 1116, ""evaluation_path_source"": ""planner_path"", ""planner_path_pose_count"": 0, ""evaluation_path_pose_count"": 0}"
easy_s02_q0023,idb_rrt,Easy,d20_inf,False,False,2.7518415429949528,0,,23.28156050763635,,0,,,0,0,0,0,False,,,,idb_rrt_failed:returncode=1,"{""profile_name"": ""easy_d01"", ""map_seed"": 20280620, ""query_seed"": 20281623, ""idb_rrt_run_dir"": ""/home/ubuntu/ForestNav/2_experiment/idb_rrt_strict_repro/runs/forestnav_adapter/run_1782412341203_32f32e47"", ""idb_rrt_returncode"": 1, ""idb_rrt_state_count"": 0}"
easy_s02_q0024,vanilla_ha,Easy,d08_12,True,True,0.15868687629699707,1,10.830050784737804,,,0,0.0,0.6820275189920313,0,0,0,0,False,,,,,"{""profile_name"": ""easy_d00"", ""map_seed"": 20280620, ""query_seed"": 20281624, ""evaluation_path_source"": ""trace_poses"", ""planner_path_pose_count"": 2, ""evaluation_path_pose_count"": 110}"
easy_s02_q0024,f_n3p_knn,Easy,d08_12,True,True,0.0004965900006936863,0,10.830050784737809,10.830050784737804,4.440892098500626e-16,0,1.0251318730561558e-17,0.6820275189920313,0,0,0,0,False,0,0,,,"{""profile_name"": ""easy_d00"", ""map_seed"": 20280620, ""query_seed"": 20281624}"
easy_s02_q0024,n3p_k1,Easy,d08_12,True,True,0.0005097239991300739,0,10.830050784737809,10.830050784737804,4.440892098500626e-16,0,1.0251318730561558e-17,0.6820275189920313,0,0,0,0,False,0,0,,,"{""profile_name"": ""easy_d00"", ""map_seed"": 20280620, ""query_seed"": 20281624}"
easy_s02_q0024,voronoi_waypoint,Easy,d08_12,True,True,0.3579225330031477,2,10.845201299936944,10.830050784737804,0.001398932978272871,0,0.05682621878599726,0.6855619142856324,0,0,0,0,False,,,,,"{""profile_name"": ""easy_d00"", ""map_seed"": 20280620, ""query_seed"": 20281624, ""waypoint_count"": 1}"
easy_s02_q0024,bottleneck_waypoint,Easy,d08_12,True,True,0.35879644400120014,2,10.925298876617456,10.830050784737804,0.00879479642088854,0,0.1108778251894702,0.6857006242576738,0,0,0,0,False,,,,,"{""profile_name"": ""easy_d00"", ""map_seed"": 20280620, ""query_seed"": 20281624, ""waypoint_count"": 1, ""bottleneck_count"": 1}"
easy_s02_q0024,improved_ha,Easy,d08_12,True,True,0.16066670417785645,1,10.830050784737804,10.830050784737804,0.0,0,0.0,0.6820275189920313,0,0,0,0,False,,,,,"{""profile_name"": ""easy_d00"", ""map_seed"": 20280620, ""query_seed"": 20281624, ""evaluation_path_source"": ""trace_poses"", ""planner_path_pose_count"": 2, ""evaluation_path_pose_count"": 110}"
easy_s02_q0024,lo_ha,Easy,d08_12,True,True,0.16012954711914062,1,10.830050784737804,10.830050784737804,0.0,0,0.0,0.6820275189920313,0,0,0,0,False,,,,,"{""profile_name"": ""easy_d00"", ""map_seed"": 20280620, ""query_seed"": 20281624, ""evaluation_path_source"": ""trace_poses"", ""planner_path_pose_count"": 2, ""evaluation_path_pose_count"": 110}"
easy_s02_q0024,ss_rrt,Easy,d08_12,True,True,0.0004200969997327775,2,10.830050784737809,10.830050784737804,4.440892098500626e-16,0,6.765870362170635e-16,0.6820222817003112,0,0,0,0,False,,,,,"{""profile_name"": ""easy_d00"", ""map_seed"": 20280620, ""query_seed"": 20281624, ""rrt_iterations"": 0, ""evaluation_path_source"": ""planner_path"", ""planner_path_pose_count"": 111, ""evaluation_path_pose_count"": 111}"
easy_s02_q0024,idb_rrt,Easy,d08_12,True,True,1.09060638200026,218,10.83009584908014,10.830050784737804,4.161046261996759e-06,0,0.0018267613025493782,0.6819310533049248,0,0,0,0,False,,,,,"{""profile_name"": ""easy_d00"", ""map_seed"": 20280620, ""query_seed"": 20281624, ""idb_rrt_run_dir"": ""/home/ubuntu/ForestNav/2_experiment/idb_rrt_strict_repro/runs/forestnav_adapter/run_1782412345208_e03766a5"", ""idb_rrt_returncode"": 0, ""idb_rrt_state_count"": 218}"
easy_s02_q0025,vanilla_ha,Easy,d12_16,True,True,0.9983639717102051,1141,13.39119162167384,,,0,0.2054851421662119,0.07996818698857255,0,0,0,0,False,,,,,"{""profile_name"": ""easy_d01"", ""map_seed"": 20280621, ""query_seed"": 20281621, ""evaluation_path_source"": ""trace_poses"", ""planner_path_pose_count"": 30, ""evaluation_path_pose_count"": 136}"
easy_s02_q0025,f_n3p_knn,Easy,d12_16,True,True,0.16608570499374764,1,13.108898281112703,13.39119162167384,-0.02108052431302987,0,0.03929686081505411,0.19130211925041574,0,9,0,0,True,0,1,0.0,,"{""profile_name"": ""easy_d01"", ""map_seed"": 20280621, ""query_seed"": 20281621}"
easy_s02_q0025,n3p_k1,Easy,d12_16,True,True,1.000509700999828,1141,13.39119162167384,13.39119162167384,0.0,0,0.2054851421662119,0.07996818698857255,0,0,1,0,True,0,0,,,"{""profile_name"": ""easy_d01"", ""map_seed"": 20280621, ""query_seed"": 20281621}"
easy_s02_q0025,voronoi_waypoint,Easy,d12_16,True,True,0.505081135997898,3,15.28877996935535,13.39119162167384,0.141704218809791,0,0.20392468243536835,0.347082600743434,0,0,0,0,False,,,,,"{""profile_name"": ""easy_d01"", ""map_seed"": 20280621, ""query_seed"": 20281621, ""waypoint_count"": 2}"
easy_s02_q0025,bottleneck_waypoint,Easy,d12_16,True,True,0.3536060100013856,2,15.028154385992865,13.39119162167384,0.12224175492116607,0,0.15576633384617422,0.34708260074343533,0,0,0,0,False,,,,,"{""profile_name"": ""easy_d01"", ""map_seed"": 20280621, ""query_seed"": 20281621, ""waypoint_count"": 1, ""bottleneck_count"": 1}"
easy_s02_q0025,improved_ha,Easy,d12_16,True,True,0.9936456680297852,1141,13.39119162167384,13.39119162167384,0.0,0,0.2054851421662119,0.07996818698857255,0,0,0,0,False,,,,,"{""profile_name"": ""easy_d01"", ""map_seed"": 20280621, ""query_seed"": 20281621, ""evaluation_path_source"": ""trace_poses"", ""planner_path_pose_count"": 30, ""evaluation_path_pose_count"": 136}"
easy_s02_q0025,lo_ha,Easy,d12_16,True,True,0.2559947967529297,281,13.106815990126025,13.39119162167384,-0.021236021377481373,0,0.052690404652879344,0.06405810808218904,0,0,0,0,False,,,,,"{""profile_name"": ""easy_d01"", ""map_seed"": 20280621, ""query_seed"": 20281621, ""evaluation_path_source"": ""trace_poses"", ""planner_path_pose_count"": 29, ""evaluation_path_pose_count"": 133}"
easy_s02_q0025,ss_rrt,Easy,d12_16,True,True,0.07556104099785443,36,12.95974284497772,13.39119162167384,-0.03221884869437719,0,0.078234098980669,0.07916241215423558,0,0,0,0,False,,,,,"{""profile_name"": ""easy_d01"", ""map_seed"": 20280621, ""query_seed"": 20281621, ""rrt_iterations"": 22, ""evaluation_path_source"": ""planner_path"", ""planner_path_pose_count"": 163, ""evaluation_path_pose_count"": 163}"
easy_s02_q0025,idb_rrt,Easy,d12_16,False,False,1.9492477599997073,263,,13.39119162167384,,0,,,0,0,0,0,False,,,,collision_violation_rejected:31,"{""profile_name"": ""easy_d01"", ""map_seed"": 20280621, ""query_seed"": 20281621, ""idb_rrt_run_dir"": ""/home/ubuntu/ForestNav/2_experiment/idb_rrt_strict_repro/runs/forestnav_adapter/run_1782412350833_f19cd182"", ""idb_rrt_returncode"": 0, ""idb_rrt_state_count"": 263, ""rejected_collision_violation_count"": 31, ""rejected_collision_path_length_m"": 13.075389693706391}"
easy_s02_q0026,vanilla_ha,Easy,d16_20,True,True,0.24320721626281738,171,18.74765890031978,,,0,0.2363469443520609,0.08912958616225064,0,0,0,0,False,,,,,"{""profile_name"": ""easy_d00"", ""map_seed"": 20280621, ""query_seed"": 20281622, ""evaluation_path_source"": ""trace_poses"", ""planner_path_pose_count"": 44, ""evaluation_path_pose_count"": 190}"
easy_s02_q0026,f_n3p_knn,Easy,d16_20,True,True,0.61016583199671,7,23.942072021510647,18.74765890031978,0.27706996104469694,3,0.22926368471493502,0.11328742661077262,0,20,1,0,True,2,3,0.6666666666666666,,"{""profile_name"": ""easy_d00"", ""map_seed"": 20280621, ""query_seed"": 20281622}"
easy_s02_q0026,n3p_k1,Easy,d16_20,True,True,0.46538825199968414,13,23.317982119494946,18.74765890031978,0.24378100985703388,2,0.24137155092535229,0.08459368418802238,0,0,1,0,True,2,2,1.0,,"{""profile_name"": ""easy_d00"", ""map_seed"": 20280621, ""query_seed"": 20281622}"
easy_s02_q0026,voronoi_waypoint,Easy,d16_20,True,True,0.6134424139963812,4,19.997604776795654,18.74765890031978,0.06667210466766882,0,0.24960119186571877,0.2863457153130917,0,0,0,0,False,,,,,"{""profile_name"": ""easy_d00"", ""map_seed"": 20280621, ""query_seed"": 20281622, ""waypoint_count"": 3}"
easy_s02_q0026,bottleneck_waypoint,Easy,d16_20,True,True,0.6194106920011109,4,19.43347396627522,18.74765890031978,0.036581371018209685,0,0.10376545684611985,0.2863457153130917,0,0,0,0,False,,,,,"{""profile_name"": ""easy_d00"", ""map_seed"": 20280621, ""query_seed"": 20281622, ""waypoint_count"": 3, ""bottleneck_count"": 3}"
easy_s02_q0026,improved_ha,Easy,d16_20,True,True,0.2417604923248291,171,18.74765890031978,18.74765890031978,0.0,0,0.2363469443520609,0.08912958616225064,0,0,0,0,False,,,,,"{""profile_name"": ""easy_d00"", ""map_seed"": 20280621, ""query_seed"": 20281622, ""evaluation_path_source"": ""trace_poses"", ""planner_path_pose_count"": 44, ""evaluation_path_pose_count"": 190}"
easy_s02_q0026,lo_ha,Easy,d16_20,True,True,0.6605956554412842,1423,19.17369198739938,18.74765890031978,0.022724602007364814,0,0.19414313823967422,0.1197093468180278,0,0,0,0,False,,,,,"{""profile_name"": ""easy_d00"", ""map_seed"": 20280621, ""query_seed"": 20281622, ""evaluation_path_source"": ""trace_poses"", ""planner_path_pose_count"": 43, ""evaluation_path_pose_count"": 195}"
easy_s02_q0026,ss_rrt,Easy,d16_20,True,True,0.16756528100086143,77,20.741759904810362,18.74765890031978,0.10636533420482519,0,0.3017107507818364,0.2003001115721491,0,0,0,0,False,,,,,"{""profile_name"": ""easy_d00"", ""map_seed"": 20280621, ""query_seed"": 20281622, ""rrt_iterations"": 82, ""evaluation_path_source"": ""planner_path"", ""planner_path_pose_count"": 277, ""evaluation_path_pose_count"": 277}"
easy_s02_q0026,idb_rrt,Easy,d16_20,False,False,2.7476280930059147,0,,18.74765890031978,,0,,,0,0,0,0,False,,,,idb_rrt_failed:returncode=1,"{""profile_name"": ""easy_d00"", ""map_seed"": 20280621, ""query_seed"": 20281622, ""idb_rrt_run_dir"": ""/home/ubuntu/ForestNav/2_experiment/idb_rrt_strict_repro/runs/forestnav_adapter/run_1782412356473_94f645fb"", ""idb_rrt_returncode"": 1, ""idb_rrt_state_count"": 0}"
easy_s02_q0027,vanilla_ha,Easy,d20_inf,True,True,1.7317852973937988,2721,22.835220099517116,,,0,0.12230088059879621,0.13660451187022105,0,0,0,0,False,,,,,"{""profile_name"": ""easy_d01"", ""map_seed"": 20280621, ""query_seed"": 20281623, ""evaluation_path_source"": ""trace_poses"", ""planner_path_pose_count"": 41, ""evaluation_path_pose_count"": 230}"
easy_s02_q0027,f_n3p_knn,Easy,d20_inf,True,True,0.6236667789999046,4,23.287374132007525,22.835220099517116,0.019800730210608686,0,0.13992885728120527,0.14000098682607132,0,24,0,0,True,2,4,0.5,,"{""profile_name"": ""easy_d01"", ""map_seed"": 20280621, ""query_seed"": 20281623}"
easy_s02_q0027,n3p_k1,Easy,d20_inf,True,True,0.48233714099478675,18,23.070801803482443,22.835220099517116,0.010316594407176582,0,0.15618729403519485,0.15915288229802915,0,0,1,0,True,2,2,1.0,,"{""profile_name"": ""easy_d01"", ""map_seed"": 20280621, ""query_seed"": 20281623}"
easy_s02_q0027,voronoi_waypoint,Easy,d20_inf,True,True,0.7713420899963239,5,24.415332223505143,22.835220099517116,0.06919627299854403,0,0.26018232438435707,0.8761452807309649,0,0,0,0,False,,,,,"{""profile_name"": ""easy_d01"", ""map_seed"": 20280621, ""query_seed"": 20281623, ""waypoint_count"": 4}"
easy_s02_q0027,bottleneck_waypoint,Easy,d20_inf,True,True,0.9167633080069209,6,24.421081578589448,22.835220099517116,0.06944804876681987,0,0.2764468927821805,0.8761452807309644,0,0,0,0,False,,,,,"{""profile_name"": ""easy_d01"", ""map_seed"": 20280621, ""query_seed"": 20281623, ""waypoint_count"": 5, ""bottleneck_count"": 5}"
easy_s02_q0027,improved_ha,Easy,d20_inf,True,True,1.7072534561157227,2721,22.835220099517116,22.835220099517116,0.0,0,0.12230088059879621,0.13660451187022105,0,0,0,0,False,,,,,"{""profile_name"": ""easy_d01"", ""map_seed"": 20280621, ""query_seed"": 20281623, ""evaluation_path_source"": ""trace_poses"", ""planner_path_pose_count"": 41, ""evaluation_path_pose_count"": 230}"
easy_s02_q0027,lo_ha,Easy,d20_inf,True,True,0.18181991577148438,129,22.773070896975387,22.835220099517116,-0.0027216379903884924,0,0.1078006207604113,0.0808143102134915,0,0,0,0,False,,,,,"{""profile_name"": ""easy_d01"", ""map_seed"": 20280621, ""query_seed"": 20281623, ""evaluation_path_source"": ""trace_poses"", ""planner_path_pose_count"": 40, ""evaluation_path_pose_count"": 230}"
easy_s02_q0027,ss_rrt,Easy,d20_inf,True,True,0.45781713299948024,127,22.965861105214277,22.835220099517116,0.005721031158351986,0,0.28180893757279607,0.06904437512175121,0,0,0,0,False,,,,,"{""profile_name"": ""easy_d01"", ""map_seed"": 20280621, ""query_seed"": 20281623, ""rrt_iterations"": 133, ""evaluation_path_source"": ""planner_path"", ""planner_path_pose_count"": 285, ""evaluation_path_pose_count"": 285}"
easy_s02_q0027,idb_rrt,Easy,d20_inf,False,False,2.743415148994245,0,,22.835220099517116,,0,,,0,0,0,0,False,,,,idb_rrt_failed:returncode=1,"{""profile_name"": ""easy_d01"", ""map_seed"": 20280621, ""query_seed"": 20281623, ""idb_rrt_run_dir"": ""/home/ubuntu/ForestNav/2_experiment/idb_rrt_strict_repro/runs/forestnav_adapter/run_1782412366161_301fdedd"", ""idb_rrt_returncode"": 1, ""idb_rrt_state_count"": 0}"
easy_s02_q0028,vanilla_ha,Easy,d08_12,True,True,0.15392208099365234,1,10.581587782558909,,,0,0.0,0.6686200358331817,0,0,0,0,False,,,,,"{""profile_name"": ""easy_d00"", ""map_seed"": 20280621, ""query_seed"": 20281624, ""evaluation_path_source"": ""trace_poses"", ""planner_path_pose_count"": 2, ""evaluation_path_pose_count"": 107}"
easy_s02_q0028,f_n3p_knn,Easy,d08_12,True,True,0.00046877400018274784,0,10.58158778255891,10.581587782558909,2.220446049250313e-16,0,4.1968107147590124e-17,0.6686200358331817,0,0,0,0,False,0,0,,,"{""profile_name"": ""easy_d00"", ""map_seed"": 20280621, ""query_seed"": 20281624}"
easy_s02_q0028,n3p_k1,Easy,d08_12,True,True,0.00045685400255024433,0,10.58158778255891,10.581587782558909,2.220446049250313e-16,0,4.1968107147590124e-17,0.6686200358331817,0,0,0,0,False,0,0,,,"{""profile_name"": ""easy_d00"", ""map_seed"": 20280621, ""query_seed"": 20281624}"
easy_s02_q0028,voronoi_waypoint,Easy,d08_12,True,True,0.3542586920011672,2,10.710985108026671,10.581587782558909,0.01222853584232797,0,0.08985034636002777,0.6813774310301854,0,0,0,0,False,,,,,"{""profile_name"": ""easy_d00"", ""map_seed"": 20280621, ""query_seed"": 20281624, ""waypoint_count"": 1}"
easy_s02_q0028,bottleneck_waypoint,Easy,d08_12,True,True,0.35822891199495643,2,10.593753535554269,10.581587782558909,0.001149709594188808,0,0.05075125199951726,0.8219502341146683,0,0,0,0,False,,,,,"{""profile_name"": ""easy_d00"", ""map_seed"": 20280621, ""query_seed"": 20281624, ""waypoint_count"": 1, ""bottleneck_count"": 1}"
easy_s02_q0028,improved_ha,Easy,d08_12,True,True,0.16033148765563965,1,10.581587782558909,10.581587782558909,0.0,0,0.0,0.6686200358331817,0,0,0,0,False,,,,,"{""profile_name"": ""easy_d00"", ""map_seed"": 20280621, ""query_seed"": 20281624, ""evaluation_path_source"": ""trace_poses"", ""planner_path_pose_count"": 2, ""evaluation_path_pose_count"": 107}"
easy_s02_q0028,lo_ha,Easy,d08_12,True,True,0.15869474411010742,1,10.581587782558909,10.581587782558909,0.0,0,0.0,0.6686200358331817,0,0,0,0,False,,,,,"{""profile_name"": ""easy_d00"", ""map_seed"": 20280621, ""query_seed"": 20281624, ""evaluation_path_source"": ""trace_poses"", ""planner_path_pose_count"": 2, ""evaluation_path_pose_count"": 107}"
easy_s02_q0028,ss_rrt,Easy,d08_12,True,True,0.00040554299630457535,2,10.581587782558913,10.581587782558909,4.440892098500626e-16,0,8.393621429518022e-16,0.6686200358331817,0,0,0,0,False,,,,,"{""profile_name"": ""easy_d00"", ""map_seed"": 20280621, ""query_seed"": 20281624, ""rrt_iterations"": 0, ""evaluation_path_source"": ""planner_path"", ""planner_path_pose_count"": 107, ""evaluation_path_pose_count"": 107}"
easy_s02_q0028,idb_rrt,Easy,d08_12,True,True,1.0106397080016905,213,10.581716693508211,10.581587782558909,1.2182571458074776e-05,0,0.0029522619915882805,0.6711331803068035,0,0,0,0,False,,,,,"{""profile_name"": ""easy_d00"", ""map_seed"": 20280621, ""query_seed"": 20281624, ""idb_rrt_run_dir"": ""/home/ubuntu/ForestNav/2_experiment/idb_rrt_strict_repro/runs/forestnav_adapter/run_1782412370147_fd463c4f"", ""idb_rrt_returncode"": 0, ""idb_rrt_state_count"": 213}"
easy_s02_q0029,vanilla_ha,Easy,d12_16,True,True,1.3089230060577393,1675,15.257780372510299,,,0,0.1542798410008561,0.07289431281474579,0,0,0,0,False,,,,,"{""profile_name"": ""easy_d01"", ""map_seed"": 20280621, ""query_seed"": 20281625, ""evaluation_path_source"": ""trace_poses"", ""planner_path_pose_count"": 41, ""evaluation_path_pose_count"": 155}"
easy_s02_q0029,f_n3p_knn,Easy,d12_16,True,True,0.6555654749972746,4,20.152288030507805,15.257780372510299,0.32078765970546175,1,0.24991793783097335,0.07038268031689632,0,1,0,0,True,3,4,0.75,,"{""profile_name"": ""easy_d01"", ""map_seed"": 20280621, ""query_seed"": 20281625}"
easy_s02_q0029,n3p_k1,Easy,d12_16,True,True,0.5047309399960795,21,15.511925536378012,15.257780372510299,0.016656758562706875,0,0.2950164430752174,0.1609572379285703,0,0,1,0,True,2,2,1.0,,"{""profile_name"": ""easy_d01"", ""map_seed"": 20280621, ""query_seed"": 20281625}"
easy_s02_q0029,voronoi_waypoint,Easy,d12_16,True,True,0.5307102000006125,23,16.400262030265303,15.257780372510299,0.07487862781229926,0,0.2668509538921751,0.10002748975589892,0,0,0,0,False,,,,,"{""profile_name"": ""easy_d01"", ""map_seed"": 20280621, ""query_seed"": 20281625, ""waypoint_count"": 2}"
easy_s02_q0029,bottleneck_waypoint,Easy,d12_16,True,True,0.5144814569939626,3,15.869016757858283,15.257780372510299,0.040060635978824255,0,0.22912473426581006,0.249993890862223,0,0,0,0,False,,,,,"{""profile_name"": ""easy_d01"", ""map_seed"": 20280621, ""query_seed"": 20281625, ""waypoint_count"": 2, ""bottleneck_count"": 2}"
easy_s02_q0029,improved_ha,Easy,d12_16,True,True,1.306262493133545,1675,15.257780372510299,15.257780372510299,0.0,0,0.1542798410008561,0.07289431281474579,0,0,0,0,False,,,,,"{""profile_name"": ""easy_d01"", ""map_seed"": 20280621, ""query_seed"": 20281625, ""evaluation_path_source"": ""trace_poses"", ""planner_path_pose_count"": 41, ""evaluation_path_pose_count"": 155}"
easy_s02_q0029,lo_ha,Easy,d12_16,True,True,0.32683324813842773,433,14.893155456047735,15.257780372510299,-0.023897638290789835,0,0.18239826750487506,0.07620490171326089,0,0,0,0,False,,,,,"{""profile_name"": ""easy_d01"", ""map_seed"": 20280621, ""query_seed"": 20281625, ""evaluation_path_source"": ""trace_poses"", ""planner_path_pose_count"": 44, ""evaluation_path_pose_count"": 151}"
easy_s02_q0029,ss_rrt,Easy,d12_16,False,False,2.5034111380009563,2618,,15.257780372510299,,0,,,0,0,0,0,False,,,,timeout,"{""profile_name"": ""easy_d01"", ""map_seed"": 20280621, ""query_seed"": 20281625, ""rrt_iterations"": 937, ""evaluation_path_source"": ""planner_path"", ""planner_path_pose_count"": 0, ""evaluation_path_pose_count"": 0}"
easy_s02_q0029,idb_rrt,Easy,d12_16,False,False,2.7457520800016937,0,,15.257780372510299,,0,,,0,0,0,0,False,,,,idb_rrt_failed:returncode=1,"{""profile_name"": ""easy_d01"", ""map_seed"": 20280621, ""query_seed"": 20281625, ""idb_rrt_run_dir"": ""/home/ubuntu/ForestNav/2_experiment/idb_rrt_strict_repro/runs/forestnav_adapter/run_1782412378875_ab4678f3"", ""idb_rrt_returncode"": 1, ""idb_rrt_state_count"": 0}"
easy_s03_q0030,vanilla_ha,Easy,d16_20,True,True,0.20910191535949707,105,19.333418594401554,,,0,0.1648477826302753,0.05502949477004038,0,0,0,0,False,,,,,"{""profile_name"": ""easy_d00"", ""map_seed"": 20290620, ""query_seed"": 20291620, ""evaluation_path_source"": ""trace_poses"", ""planner_path_pose_count"": 34, ""evaluation_path_pose_count"": 196}"
easy_s03_q0030,f_n3p_knn,Easy,d16_20,True,True,0.5303497309942031,43,19.250367350466583,19.333418594401554,-0.004295735052207483,0,0.12588073682108702,0.06336083356656341,0,37,1,0,True,0,2,0.0,,"{""profile_name"": ""easy_d00"", ""map_seed"": 20290620, ""query_seed"": 20291620}"
easy_s03_q0030,n3p_k1,Easy,d16_20,True,True,0.37139704499713844,71,19.966367891825314,19.333418594401554,0.03273861238420839,0,0.20922160664875303,0.12518915779126094,0,0,1,0,True,1,1,1.0,,"{""profile_name"": ""easy_d00"", ""map_seed"": 20290620, ""query_seed"": 20291620}"
easy_s03_q0030,voronoi_waypoint,Easy,d16_20,True,True,0.7679382659989642,5,24.144724953201077,19.333418594401554,0.24885957624652844,3,0.2863300866415182,1.259395504845967,0,0,0,0,False,,,,,"{""profile_name"": ""easy_d00"", ""map_seed"": 20290620, ""query_seed"": 20291620, ""waypoint_count"": 4}"
easy_s03_q0030,bottleneck_waypoint,Easy,d16_20,True,True,0.7726617539956351,5,24.547630454375447,19.333418594401554,0.26969942405756386,2,0.2752481790807732,1.1966790470547795,0,0,0,0,False,,,,,"{""profile_name"": ""easy_d00"", ""map_seed"": 20290620, ""query_seed"": 20291620, ""waypoint_count"": 4, ""bottleneck_count"": 4}"
easy_s03_q0030,improved_ha,Easy,d16_20,True,True,0.19361233711242676,105,19.333418594401554,19.333418594401554,0.0,0,0.1648477826302753,0.05502949477004038,0,0,0,0,False,,,,,"{""profile_name"": ""easy_d00"", ""map_seed"": 20290620, ""query_seed"": 20291620, ""evaluation_path_source"": ""trace_poses"", ""planner_path_pose_count"": 34, ""evaluation_path_pose_count"": 196}"
easy_s03_q0030,lo_ha,Easy,d16_20,True,True,0.19133448600769043,153,19.59466551813539,19.333418594401554,0.013512712325459475,0,0.06793229698425363,0.140069689787232,0,0,0,0,False,,,,,"{""profile_name"": ""easy_d00"", ""map_seed"": 20290620, ""query_seed"": 20291620, ""evaluation_path_source"": ""trace_poses"", ""planner_path_pose_count"": 36, ""evaluation_path_pose_count"": 199}"
easy_s03_q0030,ss_rrt,Easy,d16_20,False,False,2.5023744349964545,2645,,19.333418594401554,,0,,,0,0,0,0,False,,,,timeout,"{""profile_name"": ""easy_d00"", ""map_seed"": 20290620, ""query_seed"": 20291620, ""rrt_iterations"": 1113, ""evaluation_path_source"": ""planner_path"", ""planner_path_pose_count"": 0, ""evaluation_path_pose_count"": 0}"
easy_s03_q0030,idb_rrt,Easy,d16_20,False,False,2.7437910859953263,0,,19.333418594401554,,0,,,0,0,0,0,False,,,,idb_rrt_failed:returncode=1,"{""profile_name"": ""easy_d00"", ""map_seed"": 20290620, ""query_seed"": 20291620, ""idb_rrt_run_dir"": ""/home/ubuntu/ForestNav/2_experiment/idb_rrt_strict_repro/runs/forestnav_adapter/run_1782412388062_32928ed1"", ""idb_rrt_returncode"": 1, ""idb_rrt_state_count"": 0}"
easy_s03_q0031,vanilla_ha,Easy,d20_inf,True,True,0.15205597877502441,1,20.15341162185698,,,0,0.0,0.49597073157667704,0,0,0,0,False,,,,,"{""profile_name"": ""easy_d01"", ""map_seed"": 20290620, ""query_seed"": 20291621, ""evaluation_path_source"": ""trace_poses"", ""planner_path_pose_count"": 2, ""evaluation_path_pose_count"": 203}"
easy_s03_q0031,f_n3p_knn,Easy,d20_inf,True,True,0.0008041300025070086,0,20.153411621856982,20.15341162185698,2.220446049250313e-16,0,0.0,0.49597073157667704,0,0,0,0,False,0,0,,,"{""profile_name"": ""easy_d01"", ""map_seed"": 20290620, ""query_seed"": 20291621}"
easy_s03_q0031,n3p_k1,Easy,d20_inf,True,True,0.0007794150005793199,0,20.153411621856982,20.15341162185698,2.220446049250313e-16,0,0.0,0.49597073157667704,0,0,0,0,False,0,0,,,"{""profile_name"": ""easy_d01"", ""map_seed"": 20290620, ""query_seed"": 20291621}"
easy_s03_q0031,voronoi_waypoint,Easy,d20_inf,True,True,0.6213279970033909,4,20.691239542510143,20.15341162185698,0.026686693585411314,0,0.07107345839024665,0.5258189498735603,0,0,0,0,False,,,,,"{""profile_name"": ""easy_d01"", ""map_seed"": 20290620, ""query_seed"": 20291621, ""waypoint_count"": 3}"
easy_s03_q0031,bottleneck_waypoint,Easy,d20_inf,True,True,0.6233923199979472,4,20.582070011676716,20.15341162185698,0.021269768010635293,0,0.08548150425297264,0.8242749826986937,0,0,0,0,False,,,,,"{""profile_name"": ""easy_d01"", ""map_seed"": 20290620, ""query_seed"": 20291621, ""waypoint_count"": 3, ""bottleneck_count"": 3}"
easy_s03_q0031,improved_ha,Easy,d20_inf,True,True,0.15139508247375488,1,20.15341162185698,20.15341162185698,0.0,0,0.0,0.49597073157667704,0,0,0,0,False,,,,,"{""profile_name"": ""easy_d01"", ""map_seed"": 20290620, ""query_seed"": 20291621, ""evaluation_path_source"": ""trace_poses"", ""planner_path_pose_count"": 2, ""evaluation_path_pose_count"": 203}"
easy_s03_q0031,lo_ha,Easy,d20_inf,True,True,0.14904475212097168,1,20.15341162185698,20.15341162185698,0.0,0,0.0,0.49597073157667704,0,0,0,0,False,,,,,"{""profile_name"": ""easy_d01"", ""map_seed"": 20290620, ""query_seed"": 20291621, ""evaluation_path_source"": ""trace_poses"", ""planner_path_pose_count"": 2, ""evaluation_path_pose_count"": 203}"
easy_s03_q0031,ss_rrt,Easy,d20_inf,True,True,0.0007256390017573722,2,20.153411621856982,20.15341162185698,2.220446049250313e-16,0,5.288504614693834e-16,0.4959707315766766,0,0,0,0,False,,,,,"{""profile_name"": ""easy_d01"", ""map_seed"": 20290620, ""query_seed"": 20291621, ""rrt_iterations"": 0, ""evaluation_path_source"": ""planner_path"", ""planner_path_pose_count"": 203, ""evaluation_path_pose_count"": 203}"
easy_s03_q0031,idb_rrt,Easy,d20_inf,False,False,2.747994559998915,0,,20.15341162185698,,0,,,0,0,0,0,False,,,,idb_rrt_failed:returncode=1,"{""profile_name"": ""easy_d01"", ""map_seed"": 20290620, ""query_seed"": 20291621, ""idb_rrt_run_dir"": ""/home/ubuntu/ForestNav/2_experiment/idb_rrt_strict_repro/runs/forestnav_adapter/run_1782412392564_198a31f7"", ""idb_rrt_returncode"": 1, ""idb_rrt_state_count"": 0}"
easy_s03_q0032,vanilla_ha,Easy,d08_12,True,True,0.14519286155700684,1,8.363013810822027,,,0,0.0,0.21189190397777047,0,0,0,0,False,,,,,"{""profile_name"": ""easy_d00"", ""map_seed"": 20290620, ""query_seed"": 20291622, ""evaluation_path_source"": ""trace_poses"", ""planner_path_pose_count"": 2, ""evaluation_path_pose_count"": 85}"
easy_s03_q0032,f_n3p_knn,Easy,d08_12,True,True,0.00040451500535709783,0,8.363013810822027,8.363013810822027,0.0,0,0.0,0.21189190397777047,0,0,0,0,False,0,0,,,"{""profile_name"": ""easy_d00"", ""map_seed"": 20290620, ""query_seed"": 20291622}"
easy_s03_q0032,n3p_k1,Easy,d08_12,True,True,0.0003880260046571493,0,8.363013810822027,8.363013810822027,0.0,0,0.0,0.21189190397777047,0,0,0,0,False,0,0,,,"{""profile_name"": ""easy_d00"", ""map_seed"": 20290620, ""query_seed"": 20291622}"
easy_s03_q0032,voronoi_waypoint,Easy,d08_12,True,True,0.3260274810018018,2,8.385240266303322,8.363013810822027,0.0026577088097754498,0,0.07486186914899011,0.21189190397776758,0,0,0,0,False,,,,,"{""profile_name"": ""easy_d00"", ""map_seed"": 20290620, ""query_seed"": 20291622, ""waypoint_count"": 1}"
easy_s03_q0032,bottleneck_waypoint,Easy,d08_12,True,True,0.3290138879965525,2,8.368979245304342,8.363013810822027,0.000713311566530539,0,0.024884301767523487,0.21189190397776758,0,0,0,0,False,,,,,"{""profile_name"": ""easy_d00"", ""map_seed"": 20290620, ""query_seed"": 20291622, ""waypoint_count"": 1, ""bottleneck_count"": 1}"
easy_s03_q0032,improved_ha,Easy,d08_12,True,True,0.14533758163452148,1,8.363013810822027,8.363013810822027,0.0,0,0.0,0.21189190397777047,0,0,0,0,False,,,,,"{""profile_name"": ""easy_d00"", ""map_seed"": 20290620, ""query_seed"": 20291622, ""evaluation_path_source"": ""trace_poses"", ""planner_path_pose_count"": 2, ""evaluation_path_pose_count"": 85}"
easy_s03_q0032,lo_ha,Easy,d08_12,True,True,0.14417314529418945,1,8.363013810822027,8.363013810822027,0.0,0,0.0,0.21189190397777047,0,0,0,0,False,,,,,"{""profile_name"": ""easy_d00"", ""map_seed"": 20290620, ""query_seed"": 20291622, ""evaluation_path_source"": ""trace_poses"", ""planner_path_pose_count"": 2, ""evaluation_path_pose_count"": 85}"
easy_s03_q0032,ss_rrt,Easy,d08_12,True,True,0.00031995300378184766,2,8.363013810822029,8.363013810822027,2.220446049250313e-16,0,3.7171102897471836e-16,0.21189190397776758,0,0,0,0,False,,,,,"{""profile_name"": ""easy_d00"", ""map_seed"": 20290620, ""query_seed"": 20291622, ""rrt_iterations"": 0, ""evaluation_path_source"": ""planner_path"", ""planner_path_pose_count"": 85, ""evaluation_path_pose_count"": 85}"
easy_s03_q0032,idb_rrt,Easy,d08_12,True,True,0.5944271049957024,169,8.363017902529156,8.363013810822027,4.892622709196104e-07,0,0.0025493189478348146,0.21189215934644035,0,0,0,0,False,,,,,"{""profile_name"": ""easy_d00"", ""map_seed"": 20290620, ""query_seed"": 20291622, ""idb_rrt_run_dir"": ""/home/ubuntu/ForestNav/2_experiment/idb_rrt_strict_repro/runs/forestnav_adapter/run_1782412396455_19bb1e81"", ""idb_rrt_returncode"": 0, ""idb_rrt_state_count"": 169}"
easy_s03_q0033,vanilla_ha,Easy,d12_16,True,True,0.14572715759277344,1,12.020815280171307,,,0,0.0,0.22270226492321388,0,0,0,0,False,,,,,"{""profile_name"": ""easy_d01"", ""map_seed"": 20290620, ""query_seed"": 20291623, ""evaluation_path_source"": ""trace_poses"", ""planner_path_pose_count"": 2, ""evaluation_path_pose_count"": 122}"
easy_s03_q0033,f_n3p_knn,Easy,d12_16,True,True,0.000528477001353167,0,12.020815280171307,12.020815280171307,0.0,0,1.8471675984515005e-17,0.22270226492321454,0,0,0,0,False,0,0,,,"{""profile_name"": ""easy_d01"", ""map_seed"": 20290620, ""query_seed"": 20291623}"
easy_s03_q0033,n3p_k1,Easy,d12_16,True,True,0.000533247999555897,0,12.020815280171307,12.020815280171307,0.0,0,1.8471675984515005e-17,0.22270226492321454,0,0,0,0,False,0,0,,,"{""profile_name"": ""easy_d01"", ""map_seed"": 20290620, ""query_seed"": 20291623}"
easy_s03_q0033,voronoi_waypoint,Easy,d12_16,True,True,0.3253133809994324,2,12.080196813457272,12.020815280171307,0.004939892336913054,0,0.03379540611189431,0.22270226492321454,0,0,0,0,False,,,,,"{""profile_name"": ""easy_d01"", ""map_seed"": 20290620, ""query_seed"": 20291623, ""waypoint_count"": 1}"
easy_s03_q0033,bottleneck_waypoint,Easy,d12_16,True,True,0.3313774859998375,2,12.059858337149336,12.020815280171307,0.0032479541585197502,0,0.05849957494960049,0.22270226492321454,0,0,0,0,False,,,,,"{""profile_name"": ""easy_d01"", ""map_seed"": 20290620, ""query_seed"": 20291623, ""waypoint_count"": 1, ""bottleneck_count"": 1}"
easy_s03_q0033,improved_ha,Easy,d12_16,True,True,0.14463162422180176,1,12.020815280171307,12.020815280171307,0.0,0,0.0,0.22270226492321388,0,0,0,0,False,,,,,"{""profile_name"": ""easy_d01"", ""map_seed"": 20290620, ""query_seed"": 20291623, ""evaluation_path_source"": ""trace_poses"", ""planner_path_pose_count"": 2, ""evaluation_path_pose_count"": 122}"
easy_s03_q0033,lo_ha,Easy,d12_16,True,True,0.14464235305786133,1,12.020815280171307,12.020815280171307,0.0,0,0.0,0.22270226492321388,0,0,0,0,False,,,,,"{""profile_name"": ""easy_d01"", ""map_seed"": 20290620, ""query_seed"": 20291623, ""evaluation_path_source"": ""trace_poses"", ""planner_path_pose_count"": 2, ""evaluation_path_pose_count"": 122}"
easy_s03_q0033,ss_rrt,Easy,d12_16,True,True,0.00045915599912405014,2,12.020815280171307,12.020815280171307,0.0,0,4.433202236283602e-16,0.22270226492321388,0,0,0,0,False,,,,,"{""profile_name"": ""easy_d01"", ""map_seed"": 20290620, ""query_seed"": 20291623, ""rrt_iterations"": 0, ""evaluation_path_source"": ""planner_path"", ""planner_path_pose_count"": 123, ""evaluation_path_pose_count"": 123}"
easy_s03_q0033,idb_rrt,Easy,d12_16,True,True,1.643196880002506,242,12.020822751332727,12.020815280171307,6.215186945102147e-07,0,0.0009167425747773876,0.22270170580120774,0,0,0,0,False,,,,,"{""profile_name"": ""easy_d01"", ""map_seed"": 20290620, ""query_seed"": 20291623, ""idb_rrt_run_dir"": ""/home/ubuntu/ForestNav/2_experiment/idb_rrt_strict_repro/runs/forestnav_adapter/run_1782412398201_e8db50e9"", ""idb_rrt_returncode"": 0, ""idb_rrt_state_count"": 242}"
easy_s03_q0034,vanilla_ha,Easy,d16_20,True,True,0.1486659049987793,1,18.322117781522962,,,0,0.0,0.3524638792835031,0,0,0,0,False,,,,,"{""profile_name"": ""easy_d00"", ""map_seed"": 20290620, ""query_seed"": 20291624, ""evaluation_path_source"": ""trace_poses"", ""planner_path_pose_count"": 2, ""evaluation_path_pose_count"": 185}"
easy_s03_q0034,f_n3p_knn,Easy,d16_20,True,True,0.0007327400016947649,0,18.322117781522966,18.322117781522962,2.220446049250313e-16,0,0.0,0.3524638792835031,0,0,0,0,False,0,0,,,"{""profile_name"": ""easy_d00"", ""map_seed"": 20290620, ""query_seed"": 20291624}"
easy_s03_q0034,n3p_k1,Easy,d16_20,True,True,0.0007236360033857636,0,18.322117781522966,18.322117781522962,2.220446049250313e-16,0,0.0,0.3524638792835031,0,0,0,0,False,0,0,,,"{""profile_name"": ""easy_d00"", ""map_seed"": 20290620, ""query_seed"": 20291624}"
easy_s03_q0034,voronoi_waypoint,Easy,d16_20,True,True,0.6131222679978237,4,20.030695438732028,18.322117781522962,0.09325219265493923,2,0.23330688819003975,0.09579373566765204,0,0,0,0,False,,,,,"{""profile_name"": ""easy_d00"", ""map_seed"": 20290620, ""query_seed"": 20291624, ""waypoint_count"": 3}"
easy_s03_q0034,bottleneck_waypoint,Easy,d16_20,True,True,0.9051171579994843,6,19.431150801284296,18.322117781522962,0.06052973968324471,2,0.25913223377767725,0.3524638792835031,0,0,0,0,False,,,,,"{""profile_name"": ""easy_d00"", ""map_seed"": 20290620, ""query_seed"": 20291624, ""waypoint_count"": 5, ""bottleneck_count"": 5}"
easy_s03_q0034,improved_ha,Easy,d16_20,True,True,0.14798641204833984,1,18.322117781522962,18.322117781522962,0.0,0,0.0,0.3524638792835031,0,0,0,0,False,,,,,"{""profile_name"": ""easy_d00"", ""map_seed"": 20290620, ""query_seed"": 20291624, ""evaluation_path_source"": ""trace_poses"", ""planner_path_pose_count"": 2, ""evaluation_path_pose_count"": 185}"
easy_s03_q0034,lo_ha,Easy,d16_20,True,True,0.14849019050598145,1,18.322117781522962,18.322117781522962,0.0,0,0.0,0.3524638792835031,0,0,0,0,False,,,,,"{""profile_name"": ""easy_d00"", ""map_seed"": 20290620, ""query_seed"": 20291624, ""evaluation_path_source"": ""trace_poses"", ""planner_path_pose_count"": 2, ""evaluation_path_pose_count"": 185}"
easy_s03_q0034,ss_rrt,Easy,d16_20,True,True,0.0006882789966766723,2,18.322117781522966,18.322117781522962,2.220446049250313e-16,0,1.8178406631761233e-16,0.3524638792835031,0,0,0,0,False,,,,,"{""profile_name"": ""easy_d00"", ""map_seed"": 20290620, ""query_seed"": 20291624, ""rrt_iterations"": 0, ""evaluation_path_source"": ""planner_path"", ""planner_path_pose_count"": 185, ""evaluation_path_pose_count"": 185}"
easy_s03_q0034,idb_rrt,Easy,d16_20,False,False,2.7437116610017256,0,,18.322117781522962,,0,,,0,0,0,0,False,,,,idb_rrt_failed:returncode=1,"{""profile_name"": ""easy_d00"", ""map_seed"": 20290620, ""query_seed"": 20291624, ""idb_rrt_run_dir"": ""/home/ubuntu/ForestNav/2_experiment/idb_rrt_strict_repro/runs/forestnav_adapter/run_1782412401872_228629b5"", ""idb_rrt_returncode"": 1, ""idb_rrt_state_count"": 0}"
easy_s03_q0035,vanilla_ha,Easy,d20_inf,False,False,2.5000905990600586,4841,,,,0,,,0,0,0,0,False,,,,timeout,"{""profile_name"": ""easy_d01"", ""map_seed"": 20290621, ""query_seed"": 20291621, ""evaluation_path_source"": ""planner_path"", ""planner_path_pose_count"": 0, ""evaluation_path_pose_count"": 0}"
easy_s03_q0035,f_n3p_knn,Easy,d20_inf,True,True,0.6258420660014963,4,30.854428366127774,,,2,0.09532277859653666,0.0894653685614557,0,2,0,0,True,3,4,0.75,,"{""profile_name"": ""easy_d01"", ""map_seed"": 20290621, ""query_seed"": 20291621}"
easy_s03_q0035,n3p_k1,Easy,d20_inf,True,True,1.478305537995766,988,30.738677092231672,,,0,0.09002760102050358,0.05736458032265057,0,0,1,0,True,2,2,1.0,,"{""profile_name"": ""easy_d01"", ""map_seed"": 20290621, ""query_seed"": 20291621}"
easy_s03_q0035,voronoi_waypoint,Easy,d20_inf,True,True,0.9128587609957322,6,32.044518649077055,,,0,0.1638488192961021,0.24743946731210076,0,0,0,0,False,,,,,"{""profile_name"": ""easy_d01"", ""map_seed"": 20290621, ""query_seed"": 20291621, ""waypoint_count"": 5}"
easy_s03_q0035,bottleneck_waypoint,Easy,d20_inf,True,True,1.0597759669981315,7,32.011289482111714,,,2,0.1653445555177566,0.24743946731210287,0,0,0,0,False,,,,,"{""profile_name"": ""easy_d01"", ""map_seed"": 20290621, ""query_seed"": 20291621, ""waypoint_count"": 6, ""bottleneck_count"": 6}"
easy_s03_q0035,improved_ha,Easy,d20_inf,False,False,2.502309560775757,4833,,,,0,,,0,0,0,0,False,,,,timeout,"{""profile_name"": ""easy_d01"", ""map_seed"": 20290621, ""query_seed"": 20291621, ""evaluation_path_source"": ""planner_path"", ""planner_path_pose_count"": 0, ""evaluation_path_pose_count"": 0}"
easy_s03_q0035,lo_ha,Easy,d20_inf,True,True,0.805790901184082,1825,30.741064480718553,,,0,0.07312306658677367,0.09164727097919079,0,0,0,0,False,,,,,"{""profile_name"": ""easy_d01"", ""map_seed"": 20290621, ""query_seed"": 20291621, ""evaluation_path_source"": ""trace_poses"", ""planner_path_pose_count"": 39, ""evaluation_path_pose_count"": 310}"
easy_s03_q0035,ss_rrt,Easy,d20_inf,True,True,0.29852629500237526,123,30.705566961961544,,,0,0.26816173876075705,0.11558107648784366,0,0,0,0,False,,,,,"{""profile_name"": ""easy_d01"", ""map_seed"": 20290621, ""query_seed"": 20291621, ""rrt_iterations"": 142, ""evaluation_path_source"": ""planner_path"", ""planner_path_pose_count"": 379, ""evaluation_path_pose_count"": 379}"
easy_s03_q0035,idb_rrt,Easy,d20_inf,False,False,2.742009640998731,0,,,,0,,,0,0,0,0,False,,,,idb_rrt_failed:returncode=1,"{""profile_name"": ""easy_d01"", ""map_seed"": 20290621, ""query_seed"": 20291621, ""idb_rrt_run_dir"": ""/home/ubuntu/ForestNav/2_experiment/idb_rrt_strict_repro/runs/forestnav_adapter/run_1782412415271_5ff3f294"", ""idb_rrt_returncode"": 1, ""idb_rrt_state_count"": 0}"
easy_s03_q0036,vanilla_ha,Easy,d08_12,True,True,0.1799912452697754,51,11.104423369732917,,,0,0.15399766773731535,0.11214476420655206,0,0,0,0,False,,,,,"{""profile_name"": ""easy_d00"", ""map_seed"": 20290621, ""query_seed"": 20291622, ""evaluation_path_source"": ""trace_poses"", ""planner_path_pose_count"": 18, ""evaluation_path_pose_count"": 114}"
easy_s03_q0036,f_n3p_knn,Easy,d08_12,True,True,0.1556449089985108,1,11.152744287877209,11.104423369732917,0.004351501787656975,0,0.11761543044971515,0.18360646847466677,0,4,0,0,True,0,1,0.0,,"{""profile_name"": ""easy_d00"", ""map_seed"": 20290621, ""query_seed"": 20291622}"
easy_s03_q0036,n3p_k1,Easy,d08_12,True,True,0.3739694820033037,82,11.30952942313365,11.104423369732917,0.01847066223715732,2,0.30439360266482907,0.07002748962188554,0,0,2,0,True,0,0,,,"{""profile_name"": ""easy_d00"", ""map_seed"": 20290621, ""query_seed"": 20291622}"
easy_s03_q0036,voronoi_waypoint,Easy,d08_12,True,True,0.4777035259976401,3,13.807632618040062,11.104423369732917,0.2434353552905073,3,0.44978891470882437,0.6360551505400733,0,0,0,0,False,,,,,"{""profile_name"": ""easy_d00"", ""map_seed"": 20290621, ""query_seed"": 20291622, ""waypoint_count"": 2}"
easy_s03_q0036,bottleneck_waypoint,Easy,d08_12,True,True,0.34356383699923754,12,11.382915200982522,11.104423369732917,0.025079359997087547,0,0.2336590179373129,0.09912597411852864,0,0,0,0,False,,,,,"{""profile_name"": ""easy_d00"", ""map_seed"": 20290621, ""query_seed"": 20291622, ""waypoint_count"": 1, ""bottleneck_count"": 1}"
easy_s03_q0036,improved_ha,Easy,d08_12,True,True,0.17934799194335938,51,11.104423369732917,11.104423369732917,0.0,0,0.15399766773731535,0.11214476420655206,0,0,0,0,False,,,,,"{""profile_name"": ""easy_d00"", ""map_seed"": 20290621, ""query_seed"": 20291622, ""evaluation_path_source"": ""trace_poses"", ""planner_path_pose_count"": 18, ""evaluation_path_pose_count"": 114}"
easy_s03_q0036,lo_ha,Easy,d08_12,True,True,0.1862633228302002,121,10.912473797717936,11.104423369732917,-0.017285865787337817,0,0.21666133079957525,0.08153946817306168,0,0,0,0,False,,,,,"{""profile_name"": ""easy_d00"", ""map_seed"": 20290621, ""query_seed"": 20291622, ""evaluation_path_source"": ""trace_poses"", ""planner_path_pose_count"": 29, ""evaluation_path_pose_count"": 111}"
easy_s03_q0036,ss_rrt,Easy,d08_12,True,True,0.055482037998444866,30,11.039134139566924,11.104423369732917,-0.005879569608625568,0,0.33348177196000606,0.12318807587574021,0,0,0,0,False,,,,,"{""profile_name"": ""easy_d00"", ""map_seed"": 20290621, ""query_seed"": 20291622, ""rrt_iterations"": 16, ""evaluation_path_source"": ""planner_path"", ""planner_path_pose_count"": 139, ""evaluation_path_pose_count"": 139}"
easy_s03_q0036,idb_rrt,Easy,d08_12,False,False,1.7573456910031382,215,,11.104423369732917,,0,,,0,0,0,0,False,,,,collision_violation_rejected:61,"{""profile_name"": ""easy_d00"", ""map_seed"": 20290621, ""query_seed"": 20291622, ""idb_rrt_run_dir"": ""/home/ubuntu/ForestNav/2_experiment/idb_rrt_strict_repro/runs/forestnav_adapter/run_1782412420021_f94077bb"", ""idb_rrt_returncode"": 0, ""idb_rrt_state_count"": 215, ""rejected_collision_violation_count"": 61, ""rejected_collision_path_length_m"": 10.668934413834164}"
easy_s03_q0037,vanilla_ha,Easy,d12_16,True,True,0.15193414688110352,1,14.534097839219331,,,0,0.0,0.3662339837860409,0,0,0,0,False,,,,,"{""profile_name"": ""easy_d01"", ""map_seed"": 20290621, ""query_seed"": 20291623, ""evaluation_path_source"": ""trace_poses"", ""planner_path_pose_count"": 2, ""evaluation_path_pose_count"": 147}"
easy_s03_q0037,f_n3p_knn,Easy,d12_16,True,True,0.0006173960064188577,0,14.534097839219331,14.534097839219331,0.0,0,7.638747426271536e-18,0.3662339837860409,0,0,0,0,False,0,0,,,"{""profile_name"": ""easy_d01"", ""map_seed"": 20290621, ""query_seed"": 20291623}"
easy_s03_q0037,n3p_k1,Easy,d12_16,True,True,0.0006094790005590767,0,14.534097839219331,14.534097839219331,0.0,0,7.638747426271536e-18,0.3662339837860409,0,0,0,0,False,0,0,,,"{""profile_name"": ""easy_d01"", ""map_seed"": 20290621, ""query_seed"": 20291623}"
easy_s03_q0037,voronoi_waypoint,Easy,d12_16,True,True,0.5644580770022003,117,16.59088017532796,14.534097839219331,0.14151427621180135,0,0.332496202083711,0.13671537050858507,0,0,0,0,False,,,,,"{""profile_name"": ""easy_d01"", ""map_seed"": 20290621, ""query_seed"": 20291623, ""waypoint_count"": 2}"
easy_s03_q0037,bottleneck_waypoint,Easy,d12_16,True,True,0.6181568510000943,4,16.163942339917106,14.534097839219331,0.1121393648733906,0,0.26090890189613686,0.337324821631782,0,0,0,0,False,,,,,"{""profile_name"": ""easy_d01"", ""map_seed"": 20290621, ""query_seed"": 20291623, ""waypoint_count"": 3, ""bottleneck_count"": 3}"
easy_s03_q0037,improved_ha,Easy,d12_16,True,True,0.15007853507995605,1,14.534097839219331,14.534097839219331,0.0,0,0.0,0.3662339837860409,0,0,0,0,False,,,,,"{""profile_name"": ""easy_d01"", ""map_seed"": 20290621, ""query_seed"": 20291623, ""evaluation_path_source"": ""trace_poses"", ""planner_path_pose_count"": 2, ""evaluation_path_pose_count"": 147}"
easy_s03_q0037,lo_ha,Easy,d12_16,True,True,0.14968609809875488,1,14.534097839219331,14.534097839219331,0.0,0,0.0,0.3662339837860409,0,0,0,0,False,,,,,"{""profile_name"": ""easy_d01"", ""map_seed"": 20290621, ""query_seed"": 20291623, ""evaluation_path_source"": ""trace_poses"", ""planner_path_pose_count"": 2, ""evaluation_path_pose_count"": 147}"
easy_s03_q0037,ss_rrt,Easy,d12_16,True,True,0.0005188499999349006,2,14.53409783921933,14.534097839219331,-1.1102230246251565e-16,0,3.9721486616612063e-16,0.36623398378604255,0,0,0,0,False,,,,,"{""profile_name"": ""easy_d01"", ""map_seed"": 20290621, ""query_seed"": 20291623, ""rrt_iterations"": 0, ""evaluation_path_source"": ""planner_path"", ""planner_path_pose_count"": 147, ""evaluation_path_pose_count"": 147}"
easy_s03_q0037,idb_rrt,Easy,d12_16,True,True,2.3221792900003493,292,14.5341261698513,14.534097839219331,1.9492528728903835e-06,0,0.0009746715994103038,0.3640383955733175,0,0,0,0,False,,,,,"{""profile_name"": ""easy_d01"", ""map_seed"": 20290621, ""query_seed"": 20291623, ""idb_rrt_run_dir"": ""/home/ubuntu/ForestNav/2_experiment/idb_rrt_strict_repro/runs/forestnav_adapter/run_1782412423476_94dd57ba"", ""idb_rrt_returncode"": 0, ""idb_rrt_state_count"": 292}"
easy_s03_q0038,vanilla_ha,Easy,d16_20,True,True,1.6012306213378906,2825,19.394464632792943,,,0,0.12326634161329827,0.06809157411151379,0,0,0,0,False,,,,,"{""profile_name"": ""easy_d00"", ""map_seed"": 20290621, ""query_seed"": 20291624, ""evaluation_path_source"": ""trace_poses"", ""planner_path_pose_count"": 16, ""evaluation_path_pose_count"": 196}"
easy_s03_q0038,f_n3p_knn,Easy,d16_20,True,True,0.15538659600133542,1,18.651594122753067,19.394464632792943,-0.038303223321967894,0,0.03644978518887898,0.2475414225849516,0,1,0,0,True,0,1,0.0,,"{""profile_name"": ""easy_d00"", ""map_seed"": 20290621, ""query_seed"": 20291624}"
easy_s03_q0038,n3p_k1,Easy,d16_20,True,True,0.4777468999964185,233,18.881343149725488,19.394464632792943,-0.026457109942588874,0,0.19957380686152607,0.06963478286980962,0,0,2,0,True,0,0,,,"{""profile_name"": ""easy_d00"", ""map_seed"": 20290621, ""query_seed"": 20291624}"
easy_s03_q0038,voronoi_waypoint,Easy,d16_20,True,True,0.6166857409989461,4,20.20884705448953,19.394464632792943,0.041990456406803656,0,0.2234909765150965,0.6467678773751988,0,0,0,0,False,,,,,"{""profile_name"": ""easy_d00"", ""map_seed"": 20290621, ""query_seed"": 20291624, ""waypoint_count"": 3}"
easy_s03_q0038,bottleneck_waypoint,Easy,d16_20,True,True,0.4766373449965613,3,19.525682174926178,19.394464632792943,0.006765721282729675,0,0.10201696226768564,0.6571912486707827,0,0,0,0,False,,,,,"{""profile_name"": ""easy_d00"", ""map_seed"": 20290621, ""query_seed"": 20291624, ""waypoint_count"": 2, ""bottleneck_count"": 2}"
easy_s03_q0038,improved_ha,Easy,d16_20,True,True,1.5682833194732666,2825,19.394464632792943,19.394464632792943,0.0,0,0.12326634161329827,0.06809157411151379,0,0,0,0,False,,,,,"{""profile_name"": ""easy_d00"", ""map_seed"": 20290621, ""query_seed"": 20291624, ""evaluation_path_source"": ""trace_poses"", ""planner_path_pose_count"": 16, ""evaluation_path_pose_count"": 196}"
easy_s03_q0038,lo_ha,Easy,d16_20,True,True,0.23905324935913086,274,18.822490951611254,19.394464632792943,-0.02949159422604386,0,0.11824726460895031,0.07524035251182493,0,0,0,0,False,,,,,"{""profile_name"": ""easy_d00"", ""map_seed"": 20290621, ""query_seed"": 20291624, ""evaluation_path_source"": ""trace_poses"", ""planner_path_pose_count"": 37, ""evaluation_path_pose_count"": 191}"
easy_s03_q0038,ss_rrt,Easy,d16_20,False,False,2.504911151001579,3133,,19.394464632792943,,0,,,0,0,0,0,False,,,,timeout,"{""profile_name"": ""easy_d00"", ""map_seed"": 20290621, ""query_seed"": 20291624, ""rrt_iterations"": 1028, ""evaluation_path_source"": ""planner_path"", ""planner_path_pose_count"": 0, ""evaluation_path_pose_count"": 0}"
easy_s03_q0038,idb_rrt,Easy,d16_20,False,False,2.749132227996597,0,,19.394464632792943,,0,,,0,0,0,0,False,,,,idb_rrt_failed:returncode=1,"{""profile_name"": ""easy_d00"", ""map_seed"": 20290621, ""query_seed"": 20291624, ""idb_rrt_run_dir"": ""/home/ubuntu/ForestNav/2_experiment/idb_rrt_strict_repro/runs/forestnav_adapter/run_1782412433503_36a69123"", ""idb_rrt_returncode"": 1, ""idb_rrt_state_count"": 0}"
easy_s03_q0039,vanilla_ha,Easy,d20_inf,True,True,1.0170648097991943,1099,21.817531721674943,,,0,0.43066156362895136,0.07033050652202832,0,0,0,0,False,,,,,"{""profile_name"": ""easy_d01"", ""map_seed"": 20290621, ""query_seed"": 20291625, ""evaluation_path_source"": ""trace_poses"", ""planner_path_pose_count"": 66, ""evaluation_path_pose_count"": 221}"
easy_s03_q0039,f_n3p_knn,Easy,d20_inf,True,True,0.16679920799651882,1,21.62948858362421,21.817531721674943,-0.008618900636863547,0,0.03652659277188849,0.07781906976996078,0,2,0,0,True,0,1,0.0,,"{""profile_name"": ""easy_d01"", ""map_seed"": 20290621, ""query_seed"": 20291625}"
easy_s03_q0039,n3p_k1,Easy,d20_inf,True,True,0.79864163199818,458,25.348746019278057,21.817531721674943,0.1618521445345249,1,0.16904885934794964,0.07124643744217851,0,0,2,0,True,1,1,1.0,,"{""profile_name"": ""easy_d01"", ""map_seed"": 20290621, ""query_seed"": 20291625}"
easy_s03_q0039,voronoi_waypoint,Easy,d20_inf,True,True,0.8233909590053372,5,21.845887026685887,21.817531721674943,0.0012996568710279544,0,0.15663720088785604,0.463023005205089,0,0,0,0,False,,,,,"{""profile_name"": ""easy_d01"", ""map_seed"": 20290621, ""query_seed"": 20291625, ""waypoint_count"": 4}"
easy_s03_q0039,bottleneck_waypoint,Easy,d20_inf,True,True,0.8245224769998458,5,22.07505549907136,21.817531721674943,0.011803524829556045,0,0.20832949460492192,0.764898442043447,0,0,0,0,False,,,,,"{""profile_name"": ""easy_d01"", ""map_seed"": 20290621, ""query_seed"": 20291625, ""waypoint_count"": 4, ""bottleneck_count"": 4}"
easy_s03_q0039,improved_ha,Easy,d20_inf,True,True,1.0252907276153564,1099,21.817531721674943,21.817531721674943,0.0,0,0.43066156362895136,0.07033050652202832,0,0,0,0,False,,,,,"{""profile_name"": ""easy_d01"", ""map_seed"": 20290621, ""query_seed"": 20291625, ""evaluation_path_source"": ""trace_poses"", ""planner_path_pose_count"": 66, ""evaluation_path_pose_count"": 221}"
easy_s03_q0039,lo_ha,Easy,d20_inf,True,True,0.9851100444793701,1537,21.784964187392575,21.817531721674943,-0.0014927231319211698,0,0.12250733385944286,0.09294201266378177,0,0,0,0,False,,,,,"{""profile_name"": ""easy_d01"", ""map_seed"": 20290621, ""query_seed"": 20291625, ""evaluation_path_source"": ""trace_poses"", ""planner_path_pose_count"": 66, ""evaluation_path_pose_count"": 220}"
easy_s03_q0039,ss_rrt,Easy,d20_inf,True,True,0.21268423900619382,71,21.840153427449216,21.817531721674943,0.0010368590756670848,0,0.2027415889736937,0.08064007378119131,0,0,0,0,False,,,,,"{""profile_name"": ""easy_d01"", ""map_seed"": 20290621, ""query_seed"": 20291625, ""rrt_iterations"": 37, ""evaluation_path_source"": ""planner_path"", ""planner_path_pose_count"": 271, ""evaluation_path_pose_count"": 271}"
easy_s03_q0039,idb_rrt,Easy,d20_inf,False,False,2.7431483370019123,0,,21.817531721674943,,0,,,0,0,0,0,False,,,,idb_rrt_failed:returncode=1,"{""profile_name"": ""easy_d01"", ""map_seed"": 20290621, ""query_seed"": 20291625, ""idb_rrt_run_dir"": ""/home/ubuntu/ForestNav/2_experiment/idb_rrt_strict_repro/runs/forestnav_adapter/run_1782412442175_62669f3f"", ""idb_rrt_returncode"": 1, ""idb_rrt_state_count"": 0}"
easy_s04_q0040,vanilla_ha,Easy,d08_12,True,True,0.16344738006591797,15,9.895903658529758,,,0,0.13176773421366736,0.11693330574643523,0,0,0,0,False,,,,,"{""profile_name"": ""easy_d00"", ""map_seed"": 20300620, ""query_seed"": 20301620, ""evaluation_path_source"": ""trace_poses"", ""planner_path_pose_count"": 7, ""evaluation_path_pose_count"": 102}"
easy_s04_q0040,f_n3p_knn,Easy,d08_12,True,True,0.16594558300130302,1,11.034278072896628,9.895903658529758,0.11503491279299705,3,0.09748771307563626,0.2075475135573509,0,0,0,0,False,1,1,1.0,,"{""profile_name"": ""easy_d00"", ""map_seed"": 20300620, ""query_seed"": 20301620}"
easy_s04_q0040,n3p_k1,Easy,d08_12,True,True,0.16253269200387876,1,11.034278072896628,9.895903658529758,0.11503491279299705,3,0.09748771307563626,0.2075475135573509,0,0,0,0,False,1,1,1.0,,"{""profile_name"": ""easy_d00"", ""map_seed"": 20300620, ""query_seed"": 20301620}"
easy_s04_q0040,voronoi_waypoint,Easy,d08_12,True,True,0.360747218997858,14,10.28111001074723,9.895903658529758,0.03892583896423085,0,0.2618847461679536,0.08109638092023186,0,0,0,0,False,,,,,"{""profile_name"": ""easy_d00"", ""map_seed"": 20300620, ""query_seed"": 20301620, ""waypoint_count"": 1}"
easy_s04_q0040,bottleneck_waypoint,Easy,d08_12,True,True,0.35566069400374545,2,10.1772424114174,9.895903658529758,0.028429819306611925,2,0.17553604648656904,0.2333978611977564,0,0,0,0,False,,,,,"{""profile_name"": ""easy_d00"", ""map_seed"": 20300620, ""query_seed"": 20301620, ""waypoint_count"": 1, ""bottleneck_count"": 1}"
easy_s04_q0040,improved_ha,Easy,d08_12,True,True,0.16377949714660645,15,9.895903658529758,9.895903658529758,0.0,0,0.13176773421366736,0.11693330574643523,0,0,0,0,False,,,,,"{""profile_name"": ""easy_d00"", ""map_seed"": 20300620, ""query_seed"": 20301620, ""evaluation_path_source"": ""trace_poses"", ""planner_path_pose_count"": 7, ""evaluation_path_pose_count"": 102}"
easy_s04_q0040,lo_ha,Easy,d08_12,True,True,0.15775465965270996,8,9.960405666548574,9.895903658529758,0.006518051331594998,0,0.10449145009242287,0.08329971674970615,0,0,0,0,False,,,,,"{""profile_name"": ""easy_d00"", ""map_seed"": 20300620, ""query_seed"": 20301620, ""evaluation_path_source"": ""trace_poses"", ""planner_path_pose_count"": 10, ""evaluation_path_pose_count"": 102}"
easy_s04_q0040,ss_rrt,Easy,d08_12,True,True,0.04759151999314781,27,9.969579386603305,9.895903658529758,0.0074450732965698485,0,0.3174798415674319,0.0729085541776735,0,0,0,0,False,,,,,"{""profile_name"": ""easy_d00"", ""map_seed"": 20300620, ""query_seed"": 20301620, ""rrt_iterations"": 25, ""evaluation_path_source"": ""planner_path"", ""planner_path_pose_count"": 121, ""evaluation_path_pose_count"": 121}"
easy_s04_q0040,idb_rrt,Easy,d08_12,False,False,0.6400439850040129,198,,9.895903658529758,,0,,,0,0,0,0,False,,,,collision_violation_rejected:32,"{""profile_name"": ""easy_d00"", ""map_seed"": 20300620, ""query_seed"": 20301620, ""idb_rrt_run_dir"": ""/home/ubuntu/ForestNav/2_experiment/idb_rrt_strict_repro/runs/forestnav_adapter/run_1782412446892_49daa0bc"", ""idb_rrt_returncode"": 0, ""idb_rrt_state_count"": 198, ""rejected_collision_violation_count"": 32, ""rejected_collision_path_length_m"": 9.824955801806544}"
easy_s04_q0041,vanilla_ha,Easy,d12_16,True,True,0.16748857498168945,33,13.31938826363154,,,0,0.14585865239183826,0.06413838779245529,0,0,0,0,False,,,,,"{""profile_name"": ""easy_d01"", ""map_seed"": 20300620, ""query_seed"": 20301621, ""evaluation_path_source"": ""trace_poses"", ""planner_path_pose_count"": 14, ""evaluation_path_pose_count"": 136}"
easy_s04_q0041,f_n3p_knn,Easy,d12_16,True,True,0.3285789629953797,2,13.975798903472763,13.31938826363154,0.04928234141454868,0,0.1557751008514974,0.1569221294780857,0,9,0,0,True,0,2,0.0,,"{""profile_name"": ""easy_d01"", ""map_seed"": 20300620, ""query_seed"": 20301621}"
easy_s04_q0041,n3p_k1,Easy,d12_16,True,True,0.16391572100110352,1,13.464290074097299,13.31938826363154,0.01087901393049795,0,0.07774163087940009,0.11357560268421141,0,0,1,0,True,0,0,,,"{""profile_name"": ""easy_d01"", ""map_seed"": 20300620, ""query_seed"": 20301621}"
easy_s04_q0041,voronoi_waypoint,Easy,d12_16,True,True,0.48108687599597033,3,14.58229877920737,13.31938826363154,0.09481745637104044,0,0.24393072229538632,1.0477700967647863,0,0,0,0,False,,,,,"{""profile_name"": ""easy_d01"", ""map_seed"": 20300620, ""query_seed"": 20301621, ""waypoint_count"": 2}"
easy_s04_q0041,bottleneck_waypoint,Easy,d12_16,True,True,0.3321344720025081,2,14.117741587563827,13.31938826363154,0.059939188507041496,0,0.1758347232865383,1.107105557477629,0,0,0,0,False,,,,,"{""profile_name"": ""easy_d01"", ""map_seed"": 20300620, ""query_seed"": 20301621, ""waypoint_count"": 1, ""bottleneck_count"": 1}"
easy_s04_q0041,improved_ha,Easy,d12_16,True,True,0.16045188903808594,33,13.31938826363154,13.31938826363154,0.0,0,0.14585865239183826,0.06413838779245529,0,0,0,0,False,,,,,"{""profile_name"": ""easy_d01"", ""map_seed"": 20300620, ""query_seed"": 20301621, ""evaluation_path_source"": ""trace_poses"", ""planner_path_pose_count"": 14, ""evaluation_path_pose_count"": 136}"
easy_s04_q0041,lo_ha,Easy,d12_16,True,True,0.15471982955932617,41,13.752973639934142,13.31938826363154,0.03255294970914724,0,0.11468101360671243,0.12096630196457536,0,0,0,0,False,,,,,"{""profile_name"": ""easy_d01"", ""map_seed"": 20300620, ""query_seed"": 20301621, ""evaluation_path_source"": ""trace_poses"", ""planner_path_pose_count"": 18, ""evaluation_path_pose_count"": 140}"
easy_s04_q0041,ss_rrt,Easy,d12_16,True,True,0.28964851400087355,111,13.42095413027362,13.31938826363154,0.007625415269213454,0,0.13248797305023105,0.10433028771841435,0,0,0,0,False,,,,,"{""profile_name"": ""easy_d01"", ""map_seed"": 20300620, ""query_seed"": 20301621, ""rrt_iterations"": 223, ""evaluation_path_source"": ""planner_path"", ""planner_path_pose_count"": 169, ""evaluation_path_pose_count"": 169}"
easy_s04_q0041,idb_rrt,Easy,d12_16,False,False,1.9605539120020694,266,,13.31938826363154,,0,,,0,0,0,0,False,,,,collision_violation_rejected:35,"{""profile_name"": ""easy_d01"", ""map_seed"": 20300620, ""query_seed"": 20301621, ""idb_rrt_run_dir"": ""/home/ubuntu/ForestNav/2_experiment/idb_rrt_strict_repro/runs/forestnav_adapter/run_1782412449671_78a32280"", ""idb_rrt_returncode"": 0, ""idb_rrt_state_count"": 266, ""rejected_collision_violation_count"": 35, ""rejected_collision_path_length_m"": 13.213113083451628}"
easy_s04_q0042,vanilla_ha,Easy,d16_20,True,True,2.10898494720459,2837,18.296222411796215,,,0,0.2716891783268185,0.1816371631604371,0,0,0,0,False,,,,,"{""profile_name"": ""easy_d00"", ""map_seed"": 20300620, ""query_seed"": 20301622, ""evaluation_path_source"": ""trace_poses"", ""planner_path_pose_count"": 49, ""evaluation_path_pose_count"": 185}"
easy_s04_q0042,f_n3p_knn,Easy,d16_20,True,True,0.4672799549953197,3,26.665489397043505,18.296222411796215,0.457431419277639,1,0.04244642493433767,0.07476600905963138,0,5,0,0,True,1,3,0.3333333333333333,,"{""profile_name"": ""easy_d00"", ""map_seed"": 20300620, ""query_seed"": 20301622}"
easy_s04_q0042,n3p_k1,Easy,d16_20,True,True,3.1434386129985796,4044,18.296222411796215,18.296222411796215,0.0,0,0.2716891783268185,0.1816371631604371,0,0,1,1,True,1,1,1.0,,"{""profile_name"": ""easy_d00"", ""map_seed"": 20300620, ""query_seed"": 20301622}"
easy_s04_q0042,voronoi_waypoint,Easy,d16_20,True,True,0.623968113999581,13,18.72704816647783,18.296222411796215,0.023547251721417917,0,0.17064902869096094,0.07622338680833463,0,0,0,0,False,,,,,"{""profile_name"": ""easy_d00"", ""map_seed"": 20300620, ""query_seed"": 20301622, ""waypoint_count"": 3}"
easy_s04_q0042,bottleneck_waypoint,Easy,d16_20,True,True,0.4759471180004766,3,17.919746552341845,18.296222411796215,-0.02057669889340885,0,0.05404451582537854,0.2793230987495092,0,0,0,0,False,,,,,"{""profile_name"": ""easy_d00"", ""map_seed"": 20300620, ""query_seed"": 20301622, ""waypoint_count"": 2, ""bottleneck_count"": 2}"
easy_s04_q0042,improved_ha,Easy,d16_20,True,True,2.1035141944885254,2837,18.296222411796215,18.296222411796215,0.0,0,0.2716891783268185,0.1816371631604371,0,0,0,0,False,,,,,"{""profile_name"": ""easy_d00"", ""map_seed"": 20300620, ""query_seed"": 20301622, ""evaluation_path_source"": ""trace_poses"", ""planner_path_pose_count"": 49, ""evaluation_path_pose_count"": 185}"
easy_s04_q0042,lo_ha,Easy,d16_20,True,True,0.18990159034729004,94,17.812894185664543,18.296222411796215,-0.026416831587052214,0,0.02658188888397522,0.0936001329076499,0,0,0,0,False,,,,,"{""profile_name"": ""easy_d00"", ""map_seed"": 20300620, ""query_seed"": 20301622, ""evaluation_path_source"": ""trace_poses"", ""planner_path_pose_count"": 52, ""evaluation_path_pose_count"": 180}"
easy_s04_q0042,ss_rrt,Easy,d16_20,True,True,0.08924467799806735,44,17.742546563430654,18.296222411796215,-0.030261757640669407,0,0.14712956197959054,0.07545779822566479,0,0,0,0,False,,,,,"{""profile_name"": ""easy_d00"", ""map_seed"": 20300620, ""query_seed"": 20301622, ""rrt_iterations"": 18, ""evaluation_path_source"": ""planner_path"", ""planner_path_pose_count"": 219, ""evaluation_path_pose_count"": 219}"
easy_s04_q0042,idb_rrt,Easy,d16_20,False,False,0.9867051049950533,357,,18.296222411796215,,0,,,0,0,0,0,False,,,,collision_violation_rejected:28,"{""profile_name"": ""easy_d00"", ""map_seed"": 20300620, ""query_seed"": 20301622, ""idb_rrt_run_dir"": ""/home/ubuntu/ForestNav/2_experiment/idb_rrt_strict_repro/runs/forestnav_adapter/run_1782412460903_a46adf44"", ""idb_rrt_returncode"": 0, ""idb_rrt_state_count"": 357, ""rejected_collision_violation_count"": 28, ""rejected_collision_path_length_m"": 17.780110118880764}"
easy_s04_q0043,vanilla_ha,Easy,d20_inf,True,True,0.15335440635681152,9,20.84487227155462,,,0,0.10529118381513733,0.11285203561415968,0,0,0,0,False,,,,,"{""profile_name"": ""easy_d01"", ""map_seed"": 20300620, ""query_seed"": 20301623, ""evaluation_path_source"": ""trace_poses"", ""planner_path_pose_count"": 11, ""evaluation_path_pose_count"": 211}"
easy_s04_q0043,f_n3p_knn,Easy,d20_inf,True,True,0.30940622100024484,2,20.889122423810324,20.84487227155462,0.002122831537619385,0,0.07891591692249698,0.08804426229353668,0,13,0,0,True,0,2,0.0,,"{""profile_name"": ""easy_d01"", ""map_seed"": 20300620, ""query_seed"": 20301623}"
easy_s04_q0043,n3p_k1,Easy,d20_inf,True,True,0.1613870049986872,9,20.84487227155462,20.84487227155462,0.0,0,0.10529118381513733,0.11285203561415968,0,0,1,0,True,0,0,,,"{""profile_name"": ""easy_d01"", ""map_seed"": 20300620, ""query_seed"": 20301623}"
easy_s04_q0043,voronoi_waypoint,Easy,d20_inf,True,True,0.7692297229950782,5,22.47456654863753,20.84487227155462,0.0781820226985428,0,0.17478894789052246,0.9645127280937544,0,0,0,0,False,,,,,"{""profile_name"": ""easy_d01"", ""map_seed"": 20300620, ""query_seed"": 20301623, ""waypoint_count"": 4}"
easy_s04_q0043,bottleneck_waypoint,Easy,d20_inf,True,True,0.6244610640060273,4,22.14641344223694,20.84487227155462,0.06243939294645773,0,0.10676500109645544,1.4673206652277377,0,0,0,0,False,,,,,"{""profile_name"": ""easy_d01"", ""map_seed"": 20300620, ""query_seed"": 20301623, ""waypoint_count"": 3, ""bottleneck_count"": 3}"
easy_s04_q0043,improved_ha,Easy,d20_inf,True,True,0.152693510055542,9,20.84487227155462,20.84487227155462,0.0,0,0.10529118381513733,0.11285203561415968,0,0,0,0,False,,,,,"{""profile_name"": ""easy_d01"", ""map_seed"": 20300620, ""query_seed"": 20301623, ""evaluation_path_source"": ""trace_poses"", ""planner_path_pose_count"": 11, ""evaluation_path_pose_count"": 211}"
easy_s04_q0043,lo_ha,Easy,d20_inf,True,True,0.16389083862304688,41,20.82533546321759,20.84487227155462,-0.0009372476877054225,0,0.06847962890411871,0.09582199810641212,0,0,0,0,False,,,,,"{""profile_name"": ""easy_d01"", ""map_seed"": 20300620, ""query_seed"": 20301623, ""evaluation_path_source"": ""trace_poses"", ""planner_path_pose_count"": 34, ""evaluation_path_pose_count"": 211}"
easy_s04_q0043,ss_rrt,Easy,d20_inf,True,True,0.36819061799906194,132,20.639141151687497,20.84487227155462,-0.00986962727269236,0,0.1924549294810305,0.07325331834418225,0,0,0,0,False,,,,,"{""profile_name"": ""easy_d01"", ""map_seed"": 20300620, ""query_seed"": 20301623, ""rrt_iterations"": 284, ""evaluation_path_source"": ""planner_path"", ""planner_path_pose_count"": 257, ""evaluation_path_pose_count"": 257}"
easy_s04_q0043,idb_rrt,Easy,d20_inf,False,False,2.7429119470034493,0,,20.84487227155462,,0,,,0,0,0,0,False,,,,idb_rrt_failed:returncode=1,"{""profile_name"": ""easy_d01"", ""map_seed"": 20300620, ""query_seed"": 20301623, ""idb_rrt_run_dir"": ""/home/ubuntu/ForestNav/2_experiment/idb_rrt_strict_repro/runs/forestnav_adapter/run_1782412464659_ea509635"", ""idb_rrt_returncode"": 1, ""idb_rrt_state_count"": 0}"
easy_s04_q0044,vanilla_ha,Easy,d08_12,True,True,0.6283485889434814,682,10.400509203317748,,,0,0.16929888649642807,0.10038326799763397,0,0,0,0,False,,,,,"{""profile_name"": ""easy_d00"", ""map_seed"": 20300620, ""query_seed"": 20301624, ""evaluation_path_source"": ""trace_poses"", ""planner_path_pose_count"": 27, ""evaluation_path_pose_count"": 106}"
easy_s04_q0044,f_n3p_knn,Easy,d08_12,True,True,0.15558961599890608,1,10.367155044109577,10.400509203317748,-0.003206973673705482,0,0.041950518155618316,0.09905289718610455,0,6,0,0,True,0,1,0.0,,"{""profile_name"": ""easy_d00"", ""map_seed"": 20300620, ""query_seed"": 20301624}"
easy_s04_q0044,n3p_k1,Easy,d08_12,True,True,0.6345591680001235,682,10.400509203317748,10.400509203317748,0.0,0,0.16929888649642807,0.10038326799763397,0,0,1,0,True,0,0,,,"{""profile_name"": ""easy_d00"", ""map_seed"": 20300620, ""query_seed"": 20301624}"
easy_s04_q0044,voronoi_waypoint,Easy,d08_12,True,True,0.4710567419970175,3,13.89922049659739,10.400509203317748,0.3363980767560455,1,0.34065524484881377,0.7708542371741203,0,0,0,0,False,,,,,"{""profile_name"": ""easy_d00"", ""map_seed"": 20300620, ""query_seed"": 20301624, ""waypoint_count"": 2}"
easy_s04_q0044,bottleneck_waypoint,Easy,d08_12,True,True,0.33015567700203974,2,11.376783104603025,10.400509203317748,0.09386789456172462,0,0.18432765080848137,0.5212608560137438,0,0,0,0,False,,,,,"{""profile_name"": ""easy_d00"", ""map_seed"": 20300620, ""query_seed"": 20301624, ""waypoint_count"": 1, ""bottleneck_count"": 1}"
easy_s04_q0044,improved_ha,Easy,d08_12,True,True,0.6524901390075684,682,10.400509203317748,10.400509203317748,0.0,0,0.16929888649642807,0.10038326799763397,0,0,0,0,False,,,,,"{""profile_name"": ""easy_d00"", ""map_seed"": 20300620, ""query_seed"": 20301624, ""evaluation_path_source"": ""trace_poses"", ""planner_path_pose_count"": 27, ""evaluation_path_pose_count"": 106}"
easy_s04_q0044,lo_ha,Easy,d08_12,True,True,0.6599428653717041,1207,10.34754660707439,10.400509203317748,-0.005092308002233481,0,0.10668881752059607,0.06853184813422786,0,0,0,0,False,,,,,"{""profile_name"": ""easy_d00"", ""map_seed"": 20300620, ""query_seed"": 20301624, ""evaluation_path_source"": ""trace_poses"", ""planner_path_pose_count"": 31, ""evaluation_path_pose_count"": 106}"
easy_s04_q0044,ss_rrt,Easy,d08_12,True,True,0.06447861999913584,31,10.444434309123622,10.400509203317748,0.004223361082346111,0,0.30713760017638037,0.12941701989735455,0,0,0,0,False,,,,,"{""profile_name"": ""easy_d00"", ""map_seed"": 20300620, ""query_seed"": 20301624, ""rrt_iterations"": 17, ""evaluation_path_source"": ""planner_path"", ""planner_path_pose_count"": 131, ""evaluation_path_pose_count"": 131}"
easy_s04_q0044,idb_rrt,Easy,d08_12,False,False,1.0740689100057352,208,,10.400509203317748,,0,,,0,0,0,0,False,,,,collision_violation_rejected:58,"{""profile_name"": ""easy_d00"", ""map_seed"": 20300620, ""query_seed"": 20301624, ""idb_rrt_run_dir"": ""/home/ubuntu/ForestNav/2_experiment/idb_rrt_strict_repro/runs/forestnav_adapter/run_1782412471055_748755a0"", ""idb_rrt_returncode"": 0, ""idb_rrt_state_count"": 208, ""rejected_collision_violation_count"": 58, ""rejected_collision_path_length_m"": 10.312183252075492}"
easy_s04_q0045,vanilla_ha,Easy,d12_16,True,True,0.14721202850341797,1,12.514391715141413,,,0,0.0,0.06702128649026906,0,0,0,0,False,,,,,"{""profile_name"": ""easy_d01"", ""map_seed"": 20300621, ""query_seed"": 20301621, ""evaluation_path_source"": ""trace_poses"", ""planner_path_pose_count"": 2, ""evaluation_path_pose_count"": 127}"
easy_s04_q0045,f_n3p_knn,Easy,d12_16,True,True,0.0005595760012511164,0,12.514391715141413,12.514391715141413,0.0,0,9.980516281843018e-18,0.06702128649026906,0,0,0,0,False,0,0,,,"{""profile_name"": ""easy_d01"", ""map_seed"": 20300621, ""query_seed"": 20301621}"
easy_s04_q0045,n3p_k1,Easy,d12_16,True,True,0.0005504959990503266,0,12.514391715141413,12.514391715141413,0.0,0,9.980516281843018e-18,0.06702128649026906,0,0,0,0,False,0,0,,,"{""profile_name"": ""easy_d01"", ""map_seed"": 20300621, ""query_seed"": 20301621}"
easy_s04_q0045,voronoi_waypoint,Easy,d12_16,True,True,0.47774257799756015,3,12.725842677593693,12.514391715141413,0.01689662328504893,0,0.167736054616965,0.7611604393490254,0,0,0,0,False,,,,,"{""profile_name"": ""easy_d01"", ""map_seed"": 20300621, ""query_seed"": 20301621, ""waypoint_count"": 2}"
easy_s04_q0045,bottleneck_waypoint,Easy,d12_16,True,True,0.33533911799895577,2,12.666262898912054,12.514391715141413,0.012135722392874193,0,0.10201534014752461,0.7595563275213819,0,0,0,0,False,,,,,"{""profile_name"": ""easy_d01"", ""map_seed"": 20300621, ""query_seed"": 20301621, ""waypoint_count"": 1, ""bottleneck_count"": 1}"
easy_s04_q0045,improved_ha,Easy,d12_16,True,True,0.14955377578735352,1,12.514391715141413,12.514391715141413,0.0,0,0.0,0.06702128649026906,0,0,0,0,False,,,,,"{""profile_name"": ""easy_d01"", ""map_seed"": 20300621, ""query_seed"": 20301621, ""evaluation_path_source"": ""trace_poses"", ""planner_path_pose_count"": 2, ""evaluation_path_pose_count"": 127}"
easy_s04_q0045,lo_ha,Easy,d12_16,True,True,0.14758706092834473,1,12.514391715141413,12.514391715141413,0.0,0,0.0,0.06702128649026906,0,0,0,0,False,,,,,"{""profile_name"": ""easy_d01"", ""map_seed"": 20300621, ""query_seed"": 20301621, ""evaluation_path_source"": ""trace_poses"", ""planner_path_pose_count"": 2, ""evaluation_path_pose_count"": 127}"
easy_s04_q0045,ss_rrt,Easy,d12_16,True,True,0.00048611799866193905,2,12.514391715141413,12.514391715141413,0.0,0,2.8278129465221893e-16,0.06702128649026617,0,0,0,0,False,,,,,"{""profile_name"": ""easy_d01"", ""map_seed"": 20300621, ""query_seed"": 20301621, ""rrt_iterations"": 0, ""evaluation_path_source"": ""planner_path"", ""planner_path_pose_count"": 127, ""evaluation_path_pose_count"": 127}"
easy_s04_q0045,idb_rrt,Easy,d12_16,True,True,0.7979527629941003,252,12.514450682556548,12.514391715141413,4.711968146553502e-06,0,0.0020669464969848557,0.06457377403416287,0,0,0,0,False,,,,,"{""profile_name"": ""easy_d01"", ""map_seed"": 20300621, ""query_seed"": 20301621, ""idb_rrt_run_dir"": ""/home/ubuntu/ForestNav/2_experiment/idb_rrt_strict_repro/runs/forestnav_adapter/run_1782412473656_74d400a1"", ""idb_rrt_returncode"": 0, ""idb_rrt_state_count"": 252}"
easy_s04_q0046,vanilla_ha,Easy,d16_20,True,True,0.1553637981414795,1,16.227445886522005,,,0,0.0,0.15737680399019294,0,0,0,0,False,,,,,"{""profile_name"": ""easy_d00"", ""map_seed"": 20300621, ""query_seed"": 20301622, ""evaluation_path_source"": ""trace_poses"", ""planner_path_pose_count"": 2, ""evaluation_path_pose_count"": 164}"
easy_s04_q0046,f_n3p_knn,Easy,d16_20,True,True,0.0006965199936530553,0,16.22744588652201,16.227445886522005,2.220446049250313e-16,0,0.0,0.1573768039901926,0,0,0,0,False,0,0,,,"{""profile_name"": ""easy_d00"", ""map_seed"": 20300621, ""query_seed"": 20301622}"
easy_s04_q0046,n3p_k1,Easy,d16_20,True,True,0.0006487399950856343,0,16.22744588652201,16.227445886522005,2.220446049250313e-16,0,0.0,0.1573768039901926,0,0,0,0,False,0,0,,,"{""profile_name"": ""easy_d00"", ""map_seed"": 20300621, ""query_seed"": 20301622}"
easy_s04_q0046,voronoi_waypoint,Easy,d16_20,True,True,0.6649666290031746,4,19.171779723208232,16.227445886522005,0.1814416056153172,3,0.250384836534235,0.5382512582770507,0,0,0,0,False,,,,,"{""profile_name"": ""easy_d00"", ""map_seed"": 20300621, ""query_seed"": 20301622, ""waypoint_count"": 3}"
easy_s04_q0046,bottleneck_waypoint,Easy,d16_20,True,True,0.5108485090022441,3,16.728486024432875,16.227445886522005,0.030876093589504272,0,0.08965069288322305,0.23248798197921627,0,0,0,0,False,,,,,"{""profile_name"": ""easy_d00"", ""map_seed"": 20300621, ""query_seed"": 20301622, ""waypoint_count"": 2, ""bottleneck_count"": 2}"
easy_s04_q0046,improved_ha,Easy,d16_20,True,True,0.1623387336730957,1,16.227445886522005,16.227445886522005,0.0,0,0.0,0.15737680399019294,0,0,0,0,False,,,,,"{""profile_name"": ""easy_d00"", ""map_seed"": 20300621, ""query_seed"": 20301622, ""evaluation_path_source"": ""trace_poses"", ""planner_path_pose_count"": 2, ""evaluation_path_pose_count"": 164}"
easy_s04_q0046,lo_ha,Easy,d16_20,True,True,0.16092824935913086,1,16.227445886522005,16.227445886522005,0.0,0,0.0,0.15737680399019294,0,0,0,0,False,,,,,"{""profile_name"": ""easy_d00"", ""map_seed"": 20300621, ""query_seed"": 20301622, ""evaluation_path_source"": ""trace_poses"", ""planner_path_pose_count"": 2, ""evaluation_path_pose_count"": 164}"
easy_s04_q0046,ss_rrt,Easy,d16_20,True,True,0.0006096780052757822,2,16.22744588652201,16.227445886522005,2.220446049250313e-16,0,2.1893240030775717e-16,0.15825752738881393,0,0,0,0,False,,,,,"{""profile_name"": ""easy_d00"", ""map_seed"": 20300621, ""query_seed"": 20301622, ""rrt_iterations"": 0, ""evaluation_path_source"": ""planner_path"", ""planner_path_pose_count"": 165, ""evaluation_path_pose_count"": 165}"
easy_s04_q0046,idb_rrt,Easy,d16_20,False,False,2.768455751996953,0,,16.227445886522005,,0,,,0,0,0,0,False,,,,idb_rrt_failed:returncode=1,"{""profile_name"": ""easy_d00"", ""map_seed"": 20300621, ""query_seed"": 20301622, ""idb_rrt_run_dir"": ""/home/ubuntu/ForestNav/2_experiment/idb_rrt_strict_repro/runs/forestnav_adapter/run_1782412476175_5156ca40"", ""idb_rrt_returncode"": 1, ""idb_rrt_state_count"": 0}"
easy_s04_q0047,vanilla_ha,Easy,d20_inf,True,True,0.905153751373291,1047,20.91413721855284,,,2,0.32400276861498756,0.06578970128806272,0,0,0,0,False,,,,,"{""profile_name"": ""easy_d01"", ""map_seed"": 20300621, ""query_seed"": 20301623, ""evaluation_path_source"": ""trace_poses"", ""planner_path_pose_count"": 63, ""evaluation_path_pose_count"": 211}"
easy_s04_q0047,f_n3p_knn,Easy,d20_inf,True,True,0.658928985001694,4,22.19922614173172,20.91413721855284,0.0614459449007958,2,0.16776934640054103,0.09832176878400944,0,13,0,0,True,3,4,0.75,,"{""profile_name"": ""easy_d01"", ""map_seed"": 20300621, ""query_seed"": 20301623}"
easy_s04_q0047,n3p_k1,Easy,d20_inf,True,True,1.5981630820024293,943,21.386309643846282,20.91413721855284,0.02257671068900624,1,0.20533446814002804,0.07702901733791068,0,0,2,0,True,1,1,1.0,,"{""profile_name"": ""easy_d01"", ""map_seed"": 20300621, ""query_seed"": 20301623}"
easy_s04_q0047,voronoi_waypoint,Easy,d20_inf,True,True,0.8184433560018078,5,23.564207738117762,20.91413721855284,0.12671192179106772,1,0.27071334012032994,0.5279517018945723,0,0,0,0,False,,,,,"{""profile_name"": ""easy_d01"", ""map_seed"": 20300621, ""query_seed"": 20301623, ""waypoint_count"": 4}"
easy_s04_q0047,bottleneck_waypoint,Easy,d20_inf,True,True,0.6650742959973286,4,22.253282576993126,20.91413721855284,0.06403062887300637,0,0.19579178848662362,0.09835930981122032,0,0,0,0,False,,,,,"{""profile_name"": ""easy_d01"", ""map_seed"": 20300621, ""query_seed"": 20301623, ""waypoint_count"": 3, ""bottleneck_count"": 3}"
easy_s04_q0047,improved_ha,Easy,d20_inf,True,True,0.907771110534668,1047,20.91413721855284,20.91413721855284,0.0,2,0.32400276861498756,0.06578970128806272,0,0,0,0,False,,,,,"{""profile_name"": ""easy_d01"", ""map_seed"": 20300621, ""query_seed"": 20301623, ""evaluation_path_source"": ""trace_poses"", ""planner_path_pose_count"": 63, ""evaluation_path_pose_count"": 211}"
easy_s04_q0047,lo_ha,Easy,d20_inf,True,True,0.3773512840270996,513,21.073905781584113,20.91413721855284,0.007639261489091886,0,0.2096025091481696,0.06447649282916457,0,0,0,0,False,,,,,"{""profile_name"": ""easy_d01"", ""map_seed"": 20300621, ""query_seed"": 20301623, ""evaluation_path_source"": ""trace_poses"", ""planner_path_pose_count"": 57, ""evaluation_path_pose_count"": 213}"
easy_s04_q0047,ss_rrt,Easy,d20_inf,False,False,2.5030270389979705,2429,,20.91413721855284,,0,,,0,0,0,0,False,,,,timeout,"{""profile_name"": ""easy_d01"", ""map_seed"": 20300621, ""query_seed"": 20301623, ""rrt_iterations"": 1066, ""evaluation_path_source"": ""planner_path"", ""planner_path_pose_count"": 0, ""evaluation_path_pose_count"": 0}"
easy_s04_q0047,idb_rrt,Easy,d20_inf,False,False,2.748528655996779,0,,20.91413721855284,,0,,,0,0,0,0,False,,,,idb_rrt_failed:returncode=1,"{""profile_name"": ""easy_d01"", ""map_seed"": 20300621, ""query_seed"": 20301623, ""idb_rrt_run_dir"": ""/home/ubuntu/ForestNav/2_experiment/idb_rrt_strict_repro/runs/forestnav_adapter/run_1782412487442_eca3b4de"", ""idb_rrt_returncode"": 1, ""idb_rrt_state_count"": 0}"
easy_s04_q0048,vanilla_ha,Easy,d08_12,True,True,0.5201611518859863,517,11.69519387700984,,,0,0.3177519354343011,0.06137516815522892,0,0,0,0,False,,,,,"{""profile_name"": ""easy_d00"", ""map_seed"": 20300621, ""query_seed"": 20301624, ""evaluation_path_source"": ""trace_poses"", ""planner_path_pose_count"": 31, ""evaluation_path_pose_count"": 119}"
easy_s04_q0048,f_n3p_knn,Easy,d08_12,True,True,0.1554793610048364,1,11.44937685913836,11.69519387700984,-0.021018635557184084,0,0.08815096295773718,0.47708059415434534,0,1,0,0,True,0,1,0.0,,"{""profile_name"": ""easy_d00"", ""map_seed"": 20300621, ""query_seed"": 20301624}"
easy_s04_q0048,n3p_k1,Easy,d08_12,True,True,0.5273517399982666,517,11.69519387700984,11.69519387700984,0.0,0,0.3177519354343011,0.06137516815522892,0,0,1,0,True,0,0,,,"{""profile_name"": ""easy_d00"", ""map_seed"": 20300621, ""query_seed"": 20301624}"
easy_s04_q0048,voronoi_waypoint,Easy,d08_12,True,True,0.4697400259974529,3,13.525616307782617,11.69519387700984,0.15651065301029177,0,0.30756742203218285,0.23273290735021224,0,0,0,0,False,,,,,"{""profile_name"": ""easy_d00"", ""map_seed"": 20300621, ""query_seed"": 20301624, ""waypoint_count"": 2}"
easy_s04_q0048,bottleneck_waypoint,Easy,d08_12,True,True,0.47106537700165063,3,13.17589289736667,11.69519387700984,0.12660747961327568,0,0.2727015770668979,0.25742190444766,0,0,0,0,False,,,,,"{""profile_name"": ""easy_d00"", ""map_seed"": 20300621, ""query_seed"": 20301624, ""waypoint_count"": 2, ""bottleneck_count"": 2}"
easy_s04_q0048,improved_ha,Easy,d08_12,True,True,0.5186798572540283,517,11.69519387700984,11.69519387700984,0.0,0,0.3177519354343011,0.06137516815522892,0,0,0,0,False,,,,,"{""profile_name"": ""easy_d00"", ""map_seed"": 20300621, ""query_seed"": 20301624, ""evaluation_path_source"": ""trace_poses"", ""planner_path_pose_count"": 31, ""evaluation_path_pose_count"": 119}"
easy_s04_q0048,lo_ha,Easy,d08_12,True,True,0.15606260299682617,28,11.383188540639619,11.69519387700984,-0.026678081582174995,0,0.026685082049785508,0.08566340818397133,0,0,0,0,False,,,,,"{""profile_name"": ""easy_d00"", ""map_seed"": 20300621, ""query_seed"": 20301624, ""evaluation_path_source"": ""trace_poses"", ""planner_path_pose_count"": 31, ""evaluation_path_pose_count"": 117}"
easy_s04_q0048,ss_rrt,Easy,d08_12,False,False,2.501455003999581,2715,,11.69519387700984,,0,,,0,0,0,0,False,,,,timeout,"{""profile_name"": ""easy_d00"", ""map_seed"": 20300621, ""query_seed"": 20301624, ""rrt_iterations"": 1153, ""evaluation_path_source"": ""planner_path"", ""planner_path_pose_count"": 0, ""evaluation_path_pose_count"": 0}"
easy_s04_q0048,idb_rrt,Easy,d08_12,False,False,0.8475615149945952,229,,11.69519387700984,,0,,,0,0,0,0,False,,,,collision_violation_rejected:12,"{""profile_name"": ""easy_d00"", ""map_seed"": 20300621, ""query_seed"": 20301624, ""idb_rrt_run_dir"": ""/home/ubuntu/ForestNav/2_experiment/idb_rrt_strict_repro/runs/forestnav_adapter/run_1782412495566_5c353b74"", ""idb_rrt_returncode"": 0, ""idb_rrt_state_count"": 229, ""rejected_collision_violation_count"": 12, ""rejected_collision_path_length_m"": 11.381158242414482}"
easy_s04_q0049,vanilla_ha,Easy,d12_16,True,True,0.1528916358947754,9,12.536453973286042,,,0,0.1624894436759355,0.09031691744432357,0,0,0,0,False,,,,,"{""profile_name"": ""easy_d01"", ""map_seed"": 20300621, ""query_seed"": 20301625, ""evaluation_path_source"": ""trace_poses"", ""planner_path_pose_count"": 7, ""evaluation_path_pose_count"": 128}"
easy_s04_q0049,f_n3p_knn,Easy,d12_16,True,True,0.3010666769987438,2,13.296580126070735,12.536453973286042,0.0606332663450484,1,0.11450710048229264,0.1615466673080903,0,5,0,0,True,0,2,0.0,,"{""profile_name"": ""easy_d01"", ""map_seed"": 20300621, ""query_seed"": 20301625}"
easy_s04_q0049,n3p_k1,Easy,d12_16,True,True,0.15635808700608322,7,12.870328276537524,12.536453973286042,0.026632276077664052,0,0.17426808227508553,0.09031691744432357,0,0,1,0,True,0,0,,,"{""profile_name"": ""easy_d01"", ""map_seed"": 20300621, ""query_seed"": 20301625}"
easy_s04_q0049,voronoi_waypoint,Easy,d12_16,True,True,0.47724263399868505,11,13.820534602725427,12.536453973286042,0.10242773851167453,0,0.38336296508384465,0.09031691744432357,0,0,0,0,False,,,,,"{""profile_name"": ""easy_d01"", ""map_seed"": 20300621, ""query_seed"": 20301625, ""waypoint_count"": 2}"
easy_s04_q0049,bottleneck_waypoint,Easy,d12_16,True,True,0.47024950399645604,3,13.685692267331248,12.536453973286042,0.09167171965007981,2,0.41151428333363255,0.06734062725636336,0,0,0,0,False,,,,,"{""profile_name"": ""easy_d01"", ""map_seed"": 20300621, ""query_seed"": 20301625, ""waypoint_count"": 2, ""bottleneck_count"": 2}"
easy_s04_q0049,improved_ha,Easy,d12_16,True,True,0.15034127235412598,9,12.536453973286042,12.536453973286042,0.0,0,0.1624894436759355,0.09031691744432357,0,0,0,0,False,,,,,"{""profile_name"": ""easy_d01"", ""map_seed"": 20300621, ""query_seed"": 20301625, ""evaluation_path_source"": ""trace_poses"", ""planner_path_pose_count"": 7, ""evaluation_path_pose_count"": 128}"
easy_s04_q0049,lo_ha,Easy,d12_16,True,True,0.14867377281188965,9,12.536453973286042,12.536453973286042,0.0,0,0.1624894436759355,0.09031691744432357,0,0,0,0,False,,,,,"{""profile_name"": ""easy_d01"", ""map_seed"": 20300621, ""query_seed"": 20301625, ""evaluation_path_source"": ""trace_poses"", ""planner_path_pose_count"": 7, ""evaluation_path_pose_count"": 128}"
easy_s04_q0049,ss_rrt,Easy,d12_16,True,True,0.07629559300403344,33,12.464816169659738,12.536453973286042,-0.0057143594017061705,0,0.39572551316304744,0.0903210592782474,0,0,0,0,False,,,,,"{""profile_name"": ""easy_d01"", ""map_seed"": 20300621, ""query_seed"": 20301625, ""rrt_iterations"": 31, ""evaluation_path_source"": ""planner_path"", ""planner_path_pose_count"": 155, ""evaluation_path_pose_count"": 155}"
easy_s04_q0049,idb_rrt,Easy,d12_16,False,False,1.9731418770024902,246,,12.536453973286042,,0,,,0,0,0,0,False,,,,collision_violation_rejected:31,"{""profile_name"": ""easy_d01"", ""map_seed"": 20300621, ""query_seed"": 20301625, ""idb_rrt_run_dir"": ""/home/ubuntu/ForestNav/2_experiment/idb_rrt_strict_repro/runs/forestnav_adapter/run_1782412498407_1c6c129c"", ""idb_rrt_returncode"": 0, ""idb_rrt_state_count"": 246, ""rejected_collision_violation_count"": 31, ""rejected_collision_path_length_m"": 12.216538158406332}"
complex_s00_q0000,vanilla_ha,Complex,d08_12,True,True,0.6339354515075684,729,9.724165615469474,,,0,0.21224032493837516,0.09211451100499735,0,0,0,0,False,,,,,"{""profile_name"": ""complex_d02"", ""map_seed"": 20360620, ""query_seed"": 20361620, ""evaluation_path_source"": ""trace_poses"", ""planner_path_pose_count"": 28, ""evaluation_path_pose_count"": 100}"
complex_s00_q0000,f_n3p_knn,Complex,d08_12,True,True,0.30602330200053984,2,13.05127200444439,9.724165615469474,0.3421482644929519,3,0.3474593699224867,0.25995912998159443,0,7,0,0,True,1,2,0.5,,"{""profile_name"": ""complex_d02"", ""map_seed"": 20360620, ""query_seed"": 20361620}"
complex_s00_q0000,n3p_k1,Complex,d08_12,True,True,0.31946089200209826,241,9.66830001847953,9.724165615469474,-0.0057450273061034896,0,0.2854359013008685,0.08783753682172046,0,0,1,0,True,0,0,,,"{""profile_name"": ""complex_d02"", ""map_seed"": 20360620, ""query_seed"": 20361620}"
complex_s00_q0000,voronoi_waypoint,Complex,d08_12,True,True,0.35293541900318814,29,10.974874683764043,9.724165615469474,0.12861865148665363,0,0.33001174866308114,0.08537536435970594,0,0,0,0,False,,,,,"{""profile_name"": ""complex_d02"", ""map_seed"": 20360620, ""query_seed"": 20361620, ""waypoint_count"": 1}"
complex_s00_q0000,bottleneck_waypoint,Complex,d08_12,True,True,0.47731640100391814,3,11.303043047011956,9.724165615469474,0.16236636581248254,2,0.3345711301491917,0.3104922540544357,0,0,0,0,False,,,,,"{""profile_name"": ""complex_d02"", ""map_seed"": 20360620, ""query_seed"": 20361620, ""waypoint_count"": 2, ""bottleneck_count"": 2}"
complex_s00_q0000,improved_ha,Complex,d08_12,True,True,0.6321742534637451,729,9.724165615469474,9.724165615469474,0.0,0,0.21224032493837516,0.09211451100499735,0,0,0,0,False,,,,,"{""profile_name"": ""complex_d02"", ""map_seed"": 20360620, ""query_seed"": 20361620, ""evaluation_path_source"": ""trace_poses"", ""planner_path_pose_count"": 28, ""evaluation_path_pose_count"": 100}"
complex_s00_q0000,lo_ha,Complex,d08_12,True,True,0.8579699993133545,1457,9.703555330795528,9.724165615469474,-0.002119491325935363,0,0.15523561757919138,0.05794645390239184,0,0,0,0,False,,,,,"{""profile_name"": ""complex_d02"", ""map_seed"": 20360620, ""query_seed"": 20361620, ""evaluation_path_source"": ""trace_poses"", ""planner_path_pose_count"": 27, ""evaluation_path_pose_count"": 100}"
complex_s00_q0000,ss_rrt,Complex,d08_12,True,True,0.34300711900141323,192,9.945195994623964,9.724165615469474,0.02273000974015371,0,0.42292067978148123,0.07384308844503118,0,0,0,0,False,,,,,"{""profile_name"": ""complex_d02"", ""map_seed"": 20360620, ""query_seed"": 20361620, ""rrt_iterations"": 300, ""evaluation_path_source"": ""planner_path"", ""planner_path_pose_count"": 123, ""evaluation_path_pose_count"": 123}"
complex_s00_q0000,idb_rrt,Complex,d08_12,False,False,0.713335273998382,192,,9.724165615469474,,0,,,0,0,0,0,False,,,,collision_violation_rejected:64,"{""profile_name"": ""complex_d02"", ""map_seed"": 20360620, ""query_seed"": 20361620, ""idb_rrt_run_dir"": ""/home/ubuntu/ForestNav/2_experiment/idb_rrt_strict_repro/runs/forestnav_adapter/run_1782412505504_92e9f41e"", ""idb_rrt_returncode"": 0, ""idb_rrt_state_count"": 192, ""rejected_collision_violation_count"": 64, ""rejected_collision_path_length_m"": 9.515041060560645}"
complex_s00_q0001,vanilla_ha,Complex,d12_16,True,True,0.22498130798339844,127,13.114624807644978,,,0,0.23607276901488228,0.098176422805349,0,0,0,0,False,,,,,"{""profile_name"": ""complex_d03"", ""map_seed"": 20360620, ""query_seed"": 20361621, ""evaluation_path_source"": ""trace_poses"", ""planner_path_pose_count"": 34, ""evaluation_path_pose_count"": 134}"
complex_s00_q0001,f_n3p_knn,Complex,d12_16,True,True,0.3029059180043987,2,13.566719906019406,13.114624807644978,0.03447259109623069,4,0.12696596558169582,0.07595167502348243,0,0,0,0,False,2,2,1.0,,"{""profile_name"": ""complex_d03"", ""map_seed"": 20360620, ""query_seed"": 20361621}"
complex_s00_q0001,n3p_k1,Complex,d12_16,True,True,0.3054622749987175,2,13.566719906019406,13.114624807644978,0.03447259109623069,4,0.12696596558169582,0.07595167502348243,0,0,0,0,False,2,2,1.0,,"{""profile_name"": ""complex_d03"", ""map_seed"": 20360620, ""query_seed"": 20361621}"
complex_s00_q0001,voronoi_waypoint,Complex,d12_16,True,True,0.5211237410039757,78,14.040214066053071,13.114624807644978,0.07057687672990354,2,0.2909296284600125,0.09686902773813966,0,0,0,0,False,,,,,"{""profile_name"": ""complex_d03"", ""map_seed"": 20360620, ""query_seed"": 20361621, ""waypoint_count"": 2}"
complex_s00_q0001,bottleneck_waypoint,Complex,d12_16,True,True,0.4728119410065119,3,13.451517539225906,13.114624807644978,0.025688324029257803,0,0.30619150168559356,0.3950266191727809,0,0,0,0,False,,,,,"{""profile_name"": ""complex_d03"", ""map_seed"": 20360620, ""query_seed"": 20361621, ""waypoint_count"": 2, ""bottleneck_count"": 2}"
complex_s00_q0001,improved_ha,Complex,d12_16,True,True,0.22365641593933105,127,13.114624807644978,13.114624807644978,0.0,0,0.23607276901488228,0.098176422805349,0,0,0,0,False,,,,,"{""profile_name"": ""complex_d03"", ""map_seed"": 20360620, ""query_seed"": 20361621, ""evaluation_path_source"": ""trace_poses"", ""planner_path_pose_count"": 34, ""evaluation_path_pose_count"": 134}"
complex_s00_q0001,lo_ha,Complex,d12_16,True,True,0.21149134635925293,160,13.158856285756949,13.114624807644978,0.0033726834553580165,0,0.18446273176250474,0.0616127631165187,0,0,0,0,False,,,,,"{""profile_name"": ""complex_d03"", ""map_seed"": 20360620, ""query_seed"": 20361621, ""evaluation_path_source"": ""trace_poses"", ""planner_path_pose_count"": 35, ""evaluation_path_pose_count"": 134}"
complex_s00_q0001,ss_rrt,Complex,d12_16,False,False,2.5059534649990383,2348,,13.114624807644978,,0,,,0,0,0,0,False,,,,timeout,"{""profile_name"": ""complex_d03"", ""map_seed"": 20360620, ""query_seed"": 20361621, ""rrt_iterations"": 1549, ""evaluation_path_source"": ""planner_path"", ""planner_path_pose_count"": 0, ""evaluation_path_pose_count"": 0}"
complex_s00_q0001,idb_rrt,Complex,d12_16,False,False,2.563473285998043,255,,13.114624807644978,,0,,,0,0,0,0,False,,,,collision_violation_rejected:34,"{""profile_name"": ""complex_d03"", ""map_seed"": 20360620, ""query_seed"": 20361621, ""idb_rrt_run_dir"": ""/home/ubuntu/ForestNav/2_experiment/idb_rrt_strict_repro/runs/forestnav_adapter/run_1782412511046_3dec2066"", ""idb_rrt_returncode"": 0, ""idb_rrt_state_count"": 255, ""rejected_collision_violation_count"": 34, ""rejected_collision_path_length_m"": 12.653324995135963}"
complex_s00_q0002,vanilla_ha,Complex,d16_20,False,False,2.501537322998047,4289,,,,0,,,0,0,0,0,False,,,,timeout,"{""profile_name"": ""complex_d04"", ""map_seed"": 20360620, ""query_seed"": 20361622, ""evaluation_path_source"": ""planner_path"", ""planner_path_pose_count"": 0, ""evaluation_path_pose_count"": 0}"
complex_s00_q0002,f_n3p_knn,Complex,d16_20,False,False,3.5167461009987164,6436,,,,0,,,0,19,1,1,True,0,0,,f2_failed:prediction:goal_in_collision;goal:timeout;f3_failed:timeout,"{""profile_name"": ""complex_d04"", ""map_seed"": 20360620, ""query_seed"": 20361622}"
complex_s00_q0002,n3p_k1,Complex,d16_20,False,False,3.514012408995768,6397,,,,0,,,0,0,1,1,True,0,0,,f2_failed:prediction:goal_in_collision;goal:timeout;f3_failed:timeout,"{""profile_name"": ""complex_d04"", ""map_seed"": 20360620, ""query_seed"": 20361622}"
complex_s00_q0002,voronoi_waypoint,Complex,d16_20,True,True,0.6122266149977804,7,21.1235149129188,,,0,0.2508114819206842,0.13867972065166811,0,0,0,0,False,,,,,"{""profile_name"": ""complex_d04"", ""map_seed"": 20360620, ""query_seed"": 20361622, ""waypoint_count"": 3}"
complex_s00_q0002,bottleneck_waypoint,Complex,d16_20,True,True,0.6227528230010648,4,21.052535048226236,,,0,0.20129775730065247,0.1386899070728136,0,0,0,0,False,,,,,"{""profile_name"": ""complex_d04"", ""map_seed"": 20360620, ""query_seed"": 20361622, ""waypoint_count"": 3, ""bottleneck_count"": 3}"
complex_s00_q0002,improved_ha,Complex,d16_20,False,False,2.500046968460083,4334,,,,0,,,0,0,0,0,False,,,,timeout,"{""profile_name"": ""complex_d04"", ""map_seed"": 20360620, ""query_seed"": 20361622, ""evaluation_path_source"": ""planner_path"", ""planner_path_pose_count"": 0, ""evaluation_path_pose_count"": 0}"
complex_s00_q0002,lo_ha,Complex,d16_20,True,True,2.2047173976898193,5581,19.174900471980482,,,0,0.1729850892590971,0.05382384167326204,0,0,0,0,False,,,,,"{""profile_name"": ""complex_d04"", ""map_seed"": 20360620, ""query_seed"": 20361622, ""evaluation_path_source"": ""trace_poses"", ""planner_path_pose_count"": 41, ""evaluation_path_pose_count"": 194}"
complex_s00_q0002,ss_rrt,Complex,d16_20,True,True,0.2051392549983575,90,19.662437005516175,,,0,0.28076789826233056,0.07836897013114053,0,0,0,0,False,,,,,"{""profile_name"": ""complex_d04"", ""map_seed"": 20360620, ""query_seed"": 20361622, ""rrt_iterations"": 162, ""evaluation_path_source"": ""planner_path"", ""planner_path_pose_count"": 245, ""evaluation_path_pose_count"": 245}"
complex_s00_q0002,idb_rrt,Complex,d16_20,False,False,2.7494866479974007,0,,,,0,,,0,0,0,0,False,,,,idb_rrt_failed:returncode=1,"{""profile_name"": ""complex_d04"", ""map_seed"": 20360620, ""query_seed"": 20361622, ""idb_rrt_run_dir"": ""/home/ubuntu/ForestNav/2_experiment/idb_rrt_strict_repro/runs/forestnav_adapter/run_1782412529346_56c52b6d"", ""idb_rrt_returncode"": 1, ""idb_rrt_state_count"": 0}"
complex_s00_q0003,vanilla_ha,Complex,d20_inf,False,False,2.5003859996795654,3092,,,,0,,,0,0,0,0,False,,,,timeout,"{""profile_name"": ""complex_d02"", ""map_seed"": 20360620, ""query_seed"": 20361623, ""evaluation_path_source"": ""planner_path"", ""planner_path_pose_count"": 0, ""evaluation_path_pose_count"": 0}"
complex_s00_q0003,f_n3p_knn,Complex,d20_inf,True,True,0.77078597000218,13,21.602004681957496,,,0,0.20714022932923687,0.06785797499309487,0,25,1,0,True,2,4,0.5,,"{""profile_name"": ""complex_d02"", ""map_seed"": 20360620, ""query_seed"": 20361623}"
complex_s00_q0003,n3p_k1,Complex,d20_inf,True,True,1.0530549600007362,518,20.981586015609857,,,0,0.21160708938727826,0.06785797499309487,0,0,2,0,True,2,2,1.0,,"{""profile_name"": ""complex_d02"", ""map_seed"": 20360620, ""query_seed"": 20361623}"
complex_s00_q0003,voronoi_waypoint,Complex,d20_inf,True,True,0.7687242750034784,20,22.20135523939203,,,0,0.2427345128934263,0.08381032077684103,0,0,0,0,False,,,,,"{""profile_name"": ""complex_d02"", ""map_seed"": 20360620, ""query_seed"": 20361623, ""waypoint_count"": 4}"
complex_s00_q0003,bottleneck_waypoint,Complex,d20_inf,True,True,0.8882782020009472,133,22.34453360500284,,,0,0.29457804769595075,0.10130663021071884,0,0,0,0,False,,,,,"{""profile_name"": ""complex_d02"", ""map_seed"": 20360620, ""query_seed"": 20361623, ""waypoint_count"": 4, ""bottleneck_count"": 4}"
complex_s00_q0003,improved_ha,Complex,d20_inf,False,False,2.5028929710388184,3265,,,,0,,,0,0,0,0,False,,,,timeout,"{""profile_name"": ""complex_d02"", ""map_seed"": 20360620, ""query_seed"": 20361623, ""evaluation_path_source"": ""planner_path"", ""planner_path_pose_count"": 0, ""evaluation_path_pose_count"": 0}"
complex_s00_q0003,lo_ha,Complex,d20_inf,False,False,2.5034642219543457,5257,,,,0,,,0,0,0,0,False,,,,timeout,"{""profile_name"": ""complex_d02"", ""map_seed"": 20360620, ""query_seed"": 20361623, ""evaluation_path_source"": ""planner_path"", ""planner_path_pose_count"": 0, ""evaluation_path_pose_count"": 0}"
complex_s00_q0003,ss_rrt,Complex,d20_inf,False,False,2.507403377996525,1941,,,,0,,,0,0,0,0,False,,,,timeout,"{""profile_name"": ""complex_d02"", ""map_seed"": 20360620, ""query_seed"": 20361623, ""rrt_iterations"": 1309, ""evaluation_path_source"": ""planner_path"", ""planner_path_pose_count"": 0, ""evaluation_path_pose_count"": 0}"
complex_s00_q0003,idb_rrt,Complex,d20_inf,False,False,2.0428781650043675,412,,,,0,,,0,0,0,0,False,,,,collision_violation_rejected:123,"{""profile_name"": ""complex_d02"", ""map_seed"": 20360620, ""query_seed"": 20361623, ""idb_rrt_run_dir"": ""/home/ubuntu/ForestNav/2_experiment/idb_rrt_strict_repro/runs/forestnav_adapter/run_1782412545645_4c1e4ac1"", ""idb_rrt_returncode"": 0, ""idb_rrt_state_count"": 412, ""rejected_collision_violation_count"": 123, ""rejected_collision_path_length_m"": 20.523456233799138}"
complex_s00_q0004,vanilla_ha,Complex,d08_12,True,True,0.23267030715942383,103,10.341091658073225,,,0,0.4440947928407019,0.1156295074136442,0,0,0,0,False,,,,,"{""profile_name"": ""complex_d03"", ""map_seed"": 20360620, ""query_seed"": 20361624, ""evaluation_path_source"": ""trace_poses"", ""planner_path_pose_count"": 28, ""evaluation_path_pose_count"": 105}"
complex_s00_q0004,f_n3p_knn,Complex,d08_12,True,True,0.4555307620030362,3,11.034296516881959,10.341091658073225,0.06703401166235223,5,0.28541427853946966,0.10879197458739431,0,4,0,0,True,1,3,0.3333333333333333,,"{""profile_name"": ""complex_d03"", ""map_seed"": 20360620, ""query_seed"": 20361624}"
complex_s00_q0004,n3p_k1,Complex,d08_12,True,True,0.31121173199790064,14,10.269613636757775,10.341091658073225,-0.006912038272056886,0,0.3399029227980346,0.10373043492841227,0,0,2,0,True,0,0,,,"{""profile_name"": ""complex_d03"", ""map_seed"": 20360620, ""query_seed"": 20361624}"
complex_s00_q0004,voronoi_waypoint,Complex,d08_12,True,True,0.34833175699895946,18,10.239911060896073,10.341091658073225,-0.009784324568689051,0,0.16370987065832063,0.12780836538041707,0,0,0,0,False,,,,,"{""profile_name"": ""complex_d03"", ""map_seed"": 20360620, ""query_seed"": 20361624, ""waypoint_count"": 1}"
complex_s00_q0004,bottleneck_waypoint,Complex,d08_12,True,True,0.47312246399815194,3,10.766021463641213,10.341091658073225,0.04109138760376885,0,0.2888826288590774,0.47279378585344944,0,0,0,0,False,,,,,"{""profile_name"": ""complex_d03"", ""map_seed"": 20360620, ""query_seed"": 20361624, ""waypoint_count"": 2, ""bottleneck_count"": 2}"
complex_s00_q0004,improved_ha,Complex,d08_12,True,True,0.23273444175720215,103,10.341091658073225,10.341091658073225,0.0,0,0.4440947928407019,0.1156295074136442,0,0,0,0,False,,,,,"{""profile_name"": ""complex_d03"", ""map_seed"": 20360620, ""query_seed"": 20361624, ""evaluation_path_source"": ""trace_poses"", ""planner_path_pose_count"": 28, ""evaluation_path_pose_count"": 105}"
complex_s00_q0004,lo_ha,Complex,d08_12,True,True,0.2037191390991211,125,10.287504216147044,10.341091658073225,-0.005181990808905135,0,0.22612814047509627,0.09272179313638262,0,0,0,0,False,,,,,"{""profile_name"": ""complex_d03"", ""map_seed"": 20360620, ""query_seed"": 20361624, ""evaluation_path_source"": ""trace_poses"", ""planner_path_pose_count"": 30, ""evaluation_path_pose_count"": 105}"
complex_s00_q0004,ss_rrt,Complex,d08_12,False,False,2.500203176998184,2817,,10.341091658073225,,0,,,0,0,0,0,False,,,,timeout,"{""profile_name"": ""complex_d03"", ""map_seed"": 20360620, ""query_seed"": 20361624, ""rrt_iterations"": 1575, ""evaluation_path_source"": ""planner_path"", ""planner_path_pose_count"": 0, ""evaluation_path_pose_count"": 0}"
complex_s00_q0004,idb_rrt,Complex,d08_12,False,False,0.8452424520000932,204,,10.341091658073225,,0,,,0,0,0,0,False,,,,collision_violation_rejected:63,"{""profile_name"": ""complex_d03"", ""map_seed"": 20360620, ""query_seed"": 20361624, ""idb_rrt_run_dir"": ""/home/ubuntu/ForestNav/2_experiment/idb_rrt_strict_repro/runs/forestnav_adapter/run_1782412552506_52d42bdf"", ""idb_rrt_returncode"": 0, ""idb_rrt_state_count"": 204, ""rejected_collision_violation_count"": 63, ""rejected_collision_path_length_m"": 10.107383628130773}"
complex_s00_q0005,vanilla_ha,Complex,d12_16,True,True,0.160078763961792,1,12.080149005703527,,,0,0.0,0.10164386607192744,0,0,0,0,False,,,,,"{""profile_name"": ""complex_d04"", ""map_seed"": 20360621, ""query_seed"": 20361621, ""evaluation_path_source"": ""trace_poses"", ""planner_path_pose_count"": 2, ""evaluation_path_pose_count"": 122}"
complex_s00_q0005,f_n3p_knn,Complex,d12_16,True,True,0.0006615590027649887,0,12.080149005703529,12.080149005703527,2.220446049250313e-16,0,0.0,0.10164386607192744,0,0,0,0,False,0,0,,,"{""profile_name"": ""complex_d04"", ""map_seed"": 20360621, ""query_seed"": 20361621}"
complex_s00_q0005,n3p_k1,Complex,d12_16,True,True,0.0006473039975389838,0,12.080149005703529,12.080149005703527,2.220446049250313e-16,0,0.0,0.10164386607192744,0,0,0,0,False,0,0,,,"{""profile_name"": ""complex_d04"", ""map_seed"": 20360621, ""query_seed"": 20361621}"
complex_s00_q0005,voronoi_waypoint,Complex,d12_16,True,True,0.5373343339961139,31,14.338037074398475,12.080149005703527,0.1869089584597763,2,0.3917613301897731,0.08081723937537821,0,0,0,0,False,,,,,"{""profile_name"": ""complex_d04"", ""map_seed"": 20360621, ""query_seed"": 20361621, ""waypoint_count"": 2}"
complex_s00_q0005,bottleneck_waypoint,Complex,d12_16,True,True,0.5152031570032705,5,13.801385512628327,12.080149005703527,0.14248470826908965,0,0.3005980461072402,0.10163171647673641,0,0,0,0,False,,,,,"{""profile_name"": ""complex_d04"", ""map_seed"": 20360621, ""query_seed"": 20361621, ""waypoint_count"": 2, ""bottleneck_count"": 2}"
complex_s00_q0005,improved_ha,Complex,d12_16,True,True,0.16131973266601562,1,12.080149005703527,12.080149005703527,0.0,0,0.0,0.10164386607192744,0,0,0,0,False,,,,,"{""profile_name"": ""complex_d04"", ""map_seed"": 20360621, ""query_seed"": 20361621, ""evaluation_path_source"": ""trace_poses"", ""planner_path_pose_count"": 2, ""evaluation_path_pose_count"": 122}"
complex_s00_q0005,lo_ha,Complex,d12_16,True,True,0.15933632850646973,1,12.080149005703527,12.080149005703527,0.0,0,0.0,0.10164386607192744,0,0,0,0,False,,,,,"{""profile_name"": ""complex_d04"", ""map_seed"": 20360621, ""query_seed"": 20361621, ""evaluation_path_source"": ""trace_poses"", ""planner_path_pose_count"": 2, ""evaluation_path_pose_count"": 122}"
complex_s00_q0005,ss_rrt,Complex,d12_16,True,True,0.0005951179991825484,2,12.08014900570353,12.080149005703527,2.220446049250313e-16,0,2.2057139012460359e-16,0.10171261392806408,0,0,0,0,False,,,,,"{""profile_name"": ""complex_d04"", ""map_seed"": 20360621, ""query_seed"": 20361621, ""rrt_iterations"": 0, ""evaluation_path_source"": ""planner_path"", ""planner_path_pose_count"": 123, ""evaluation_path_pose_count"": 123}"
complex_s00_q0005,idb_rrt,Complex,d12_16,True,True,0.8477609769979608,243,12.080190217246695,12.080149005703527,3.411509506223709e-06,0,0.0013095820277245099,0.09085717207576127,0,0,0,0,False,,,,,"{""profile_name"": ""complex_d04"", ""map_seed"": 20360621, ""query_seed"": 20361621, ""idb_rrt_run_dir"": ""/home/ubuntu/ForestNav/2_experiment/idb_rrt_strict_repro/runs/forestnav_adapter/run_1782412556092_06450694"", ""idb_rrt_returncode"": 0, ""idb_rrt_state_count"": 243}"
complex_s00_q0006,vanilla_ha,Complex,d16_20,True,True,1.4444007873535156,1329,19.041650439897627,,,2,0.17525999871568917,0.056668511883217754,0,0,0,0,False,,,,,"{""profile_name"": ""complex_d02"", ""map_seed"": 20360621, ""query_seed"": 20361622, ""evaluation_path_source"": ""trace_poses"", ""planner_path_pose_count"": 60, ""evaluation_path_pose_count"": 193}"
complex_s00_q0006,f_n3p_knn,Complex,d16_20,True,True,0.8022966890057432,5,20.53260372725229,19.041650439897627,0.0782995829096147,3,0.21387951248566014,0.0773157392669549,0,2,0,0,True,4,5,0.8,,"{""profile_name"": ""complex_d02"", ""map_seed"": 20360621, ""query_seed"": 20361622}"
complex_s00_q0006,n3p_k1,Complex,d16_20,True,True,2.4695744389973697,2196,19.041650439897627,19.041650439897627,0.0,2,0.17525999871568917,0.056668511883217754,0,0,1,1,True,1,1,1.0,,"{""profile_name"": ""complex_d02"", ""map_seed"": 20360621, ""query_seed"": 20361622}"
complex_s00_q0006,voronoi_waypoint,Complex,d16_20,True,True,0.6539550939996843,4,19.521550778435515,19.041650439897627,0.025202665076361264,0,0.1416866359970583,0.06899239029474447,0,0,0,0,False,,,,,"{""profile_name"": ""complex_d02"", ""map_seed"": 20360621, ""query_seed"": 20361622, ""waypoint_count"": 3}"
complex_s00_q0006,bottleneck_waypoint,Complex,d16_20,True,True,0.805308889997832,307,19.629069175845107,19.041650439897627,0.030849150277261206,0,0.21698959361552636,0.07573593658664513,0,0,0,0,False,,,,,"{""profile_name"": ""complex_d02"", ""map_seed"": 20360621, ""query_seed"": 20361622, ""waypoint_count"": 2, ""bottleneck_count"": 2}"
complex_s00_q0006,improved_ha,Complex,d16_20,True,True,1.438133716583252,1329,19.041650439897627,19.041650439897627,0.0,2,0.17525999871568917,0.056668511883217754,0,0,0,0,False,,,,,"{""profile_name"": ""complex_d02"", ""map_seed"": 20360621, ""query_seed"": 20361622, ""evaluation_path_source"": ""trace_poses"", ""planner_path_pose_count"": 60, ""evaluation_path_pose_count"": 193}"
complex_s00_q0006,lo_ha,Complex,d16_20,True,True,1.7731006145477295,2643,19.017576532753843,19.041650439897627,-0.0012642762884325087,0,0.2425287411453924,0.0730438148095377,0,0,0,0,False,,,,,"{""profile_name"": ""complex_d02"", ""map_seed"": 20360621, ""query_seed"": 20361622, ""evaluation_path_source"": ""trace_poses"", ""planner_path_pose_count"": 61, ""evaluation_path_pose_count"": 193}"
complex_s00_q0006,ss_rrt,Complex,d16_20,False,False,2.504272822996427,2464,,19.041650439897627,,0,,,0,0,0,0,False,,,,timeout,"{""profile_name"": ""complex_d02"", ""map_seed"": 20360621, ""query_seed"": 20361622, ""rrt_iterations"": 1093, ""evaluation_path_source"": ""planner_path"", ""planner_path_pose_count"": 0, ""evaluation_path_pose_count"": 0}"
complex_s00_q0006,idb_rrt,Complex,d16_20,False,False,2.750083063998318,0,,19.041650439897627,,0,,,0,0,0,0,False,,,,idb_rrt_failed:returncode=1,"{""profile_name"": ""complex_d02"", ""map_seed"": 20360621, ""query_seed"": 20361622, ""idb_rrt_run_dir"": ""/home/ubuntu/ForestNav/2_experiment/idb_rrt_strict_repro/runs/forestnav_adapter/run_1782412568902_0d91dda8"", ""idb_rrt_returncode"": 1, ""idb_rrt_state_count"": 0}"
complex_s00_q0007,vanilla_ha,Complex,d20_inf,False,False,2.5002195835113525,3879,,,,0,,,0,0,0,0,False,,,,timeout,"{""profile_name"": ""complex_d03"", ""map_seed"": 20360621, ""query_seed"": 20361623, ""evaluation_path_source"": ""planner_path"", ""planner_path_pose_count"": 0, ""evaluation_path_pose_count"": 0}"
complex_s00_q0007,f_n3p_knn,Complex,d20_inf,True,True,1.3686524459990324,1051,22.580259286666966,,,4,0.19890844248111866,0.07437559214929701,0,32,1,0,True,1,3,0.3333333333333333,,"{""profile_name"": ""complex_d03"", ""map_seed"": 20360621, ""query_seed"": 20361623}"
complex_s00_q0007,n3p_k1,Complex,d20_inf,True,True,2.4774126680058544,1940,21.207014860231045,,,0,0.172212218770962,0.07205753519187541,0,0,3,0,True,1,1,1.0,,"{""profile_name"": ""complex_d03"", ""map_seed"": 20360621, ""query_seed"": 20361623}"
complex_s00_q0007,voronoi_waypoint,Complex,d20_inf,True,True,0.8350845660024788,29,23.139928628659355,,,1,0.24254470117524643,0.09116117178825334,0,0,0,0,False,,,,,"{""profile_name"": ""complex_d03"", ""map_seed"": 20360621, ""query_seed"": 20361623, ""waypoint_count"": 4}"
complex_s00_q0007,bottleneck_waypoint,Complex,d20_inf,True,True,0.812928302999353,5,22.964298416941947,,,0,0.19202537814093198,0.30450120697793714,0,0,0,0,False,,,,,"{""profile_name"": ""complex_d03"", ""map_seed"": 20360621, ""query_seed"": 20361623, ""waypoint_count"": 4, ""bottleneck_count"": 4}"
complex_s00_q0007,improved_ha,Complex,d20_inf,False,False,2.500380039215088,3890,,,,0,,,0,0,0,0,False,,,,timeout,"{""profile_name"": ""complex_d03"", ""map_seed"": 20360621, ""query_seed"": 20361623, ""evaluation_path_source"": ""planner_path"", ""planner_path_pose_count"": 0, ""evaluation_path_pose_count"": 0}"
complex_s00_q0007,lo_ha,Complex,d20_inf,True,True,0.9373033046722412,2033,21.062074863892736,,,0,0.09642696210937024,0.06416623758188511,0,0,0,0,False,,,,,"{""profile_name"": ""complex_d03"", ""map_seed"": 20360621, ""query_seed"": 20361623, ""evaluation_path_source"": ""trace_poses"", ""planner_path_pose_count"": 66, ""evaluation_path_pose_count"": 214}"
complex_s00_q0007,ss_rrt,Complex,d20_inf,False,False,2.5015523260008194,1497,,,,0,,,0,0,0,0,False,,,,timeout,"{""profile_name"": ""complex_d03"", ""map_seed"": 20360621, ""query_seed"": 20361623, ""rrt_iterations"": 1636, ""evaluation_path_source"": ""planner_path"", ""planner_path_pose_count"": 0, ""evaluation_path_pose_count"": 0}"
complex_s00_q0007,idb_rrt,Complex,d20_inf,False,False,2.7491419700018014,0,,,,0,,,0,0,0,0,False,,,,idb_rrt_failed:returncode=1,"{""profile_name"": ""complex_d03"", ""map_seed"": 20360621, ""query_seed"": 20361623, ""idb_rrt_run_dir"": ""/home/ubuntu/ForestNav/2_experiment/idb_rrt_strict_repro/runs/forestnav_adapter/run_1782412585648_4d19e18d"", ""idb_rrt_returncode"": 1, ""idb_rrt_state_count"": 0}"
complex_s00_q0008,vanilla_ha,Complex,d08_12,True,True,0.670102596282959,733,10.701564985488762,,,0,0.33246079855002525,0.07389537422149706,0,0,0,0,False,,,,,"{""profile_name"": ""complex_d04"", ""map_seed"": 20360621, ""query_seed"": 20361624, ""evaluation_path_source"": ""trace_poses"", ""planner_path_pose_count"": 23, ""evaluation_path_pose_count"": 109}"
complex_s00_q0008,f_n3p_knn,Complex,d08_12,True,True,0.3781989729977795,54,11.09938644688034,10.701564985488762,0.03717413872933739,3,0.47709227545937505,0.08366774215712047,0,38,2,0,True,0,0,,,"{""profile_name"": ""complex_d04"", ""map_seed"": 20360621, ""query_seed"": 20361624}"
complex_s00_q0008,n3p_k1,Complex,d08_12,True,True,0.3716232439983287,54,11.09938644688034,10.701564985488762,0.03717413872933739,3,0.47709227545937505,0.08366774215712047,0,0,2,0,True,0,0,,,"{""profile_name"": ""complex_d04"", ""map_seed"": 20360621, ""query_seed"": 20361624}"
complex_s00_q0008,voronoi_waypoint,Complex,d08_12,True,True,0.49498191000020597,142,10.72562343699451,10.701564985488762,0.0022481246003152044,0,0.2845854657240252,0.05833201093507895,0,0,0,0,False,,,,,"{""profile_name"": ""complex_d04"", ""map_seed"": 20360621, ""query_seed"": 20361624, ""waypoint_count"": 1}"
complex_s00_q0008,bottleneck_waypoint,Complex,d08_12,True,True,0.5082249050028622,3,10.620196123897019,10.701564985488762,-0.007603454420178624,0,0.2841306509291726,0.5553786393972284,0,0,0,0,False,,,,,"{""profile_name"": ""complex_d04"", ""map_seed"": 20360621, ""query_seed"": 20361624, ""waypoint_count"": 2, ""bottleneck_count"": 2}"
complex_s00_q0008,improved_ha,Complex,d08_12,True,True,0.6642827987670898,733,10.701564985488762,10.701564985488762,0.0,0,0.33246079855002525,0.07389537422149706,0,0,0,0,False,,,,,"{""profile_name"": ""complex_d04"", ""map_seed"": 20360621, ""query_seed"": 20361624, ""evaluation_path_source"": ""trace_poses"", ""planner_path_pose_count"": 23, ""evaluation_path_pose_count"": 109}"
complex_s00_q0008,lo_ha,Complex,d08_12,True,True,0.20855998992919922,153,10.195866396184531,10.701564985488762,-0.04725463892336812,0,0.10805306777055318,0.13244879312420488,0,0,0,0,False,,,,,"{""profile_name"": ""complex_d04"", ""map_seed"": 20360621, ""query_seed"": 20361624, ""evaluation_path_source"": ""trace_poses"", ""planner_path_pose_count"": 23, ""evaluation_path_pose_count"": 105}"
complex_s00_q0008,ss_rrt,Complex,d08_12,False,False,2.502036018995568,2190,,10.701564985488762,,0,,,0,0,0,0,False,,,,timeout,"{""profile_name"": ""complex_d04"", ""map_seed"": 20360621, ""query_seed"": 20361624, ""rrt_iterations"": 1462, ""evaluation_path_source"": ""planner_path"", ""planner_path_pose_count"": 0, ""evaluation_path_pose_count"": 0}"
complex_s00_q0008,idb_rrt,Complex,d08_12,False,False,1.3070204059986281,201,,10.701564985488762,,0,,,0,0,0,0,False,,,,collision_violation_rejected:33,"{""profile_name"": ""complex_d04"", ""map_seed"": 20360621, ""query_seed"": 20361624, ""idb_rrt_run_dir"": ""/home/ubuntu/ForestNav/2_experiment/idb_rrt_strict_repro/runs/forestnav_adapter/run_1782412594253_61500658"", ""idb_rrt_returncode"": 0, ""idb_rrt_state_count"": 201, ""rejected_collision_violation_count"": 33, ""rejected_collision_path_length_m"": 9.995414837453795}"
complex_s00_q0009,vanilla_ha,Complex,d12_16,True,True,1.985532283782959,2321,13.2139765763234,,,0,0.18934274733116008,0.0771091301505471,0,0,0,0,False,,,,,"{""profile_name"": ""complex_d02"", ""map_seed"": 20360621, ""query_seed"": 20361625, ""evaluation_path_source"": ""trace_poses"", ""planner_path_pose_count"": 40, ""evaluation_path_pose_count"": 134}"
complex_s00_q0009,f_n3p_knn,Complex,d12_16,True,True,4.012780246994225,4575,13.2139765763234,13.2139765763234,0.0,0,0.18934274733116008,0.0771091301505471,0,21,1,1,True,0,1,0.0,,"{""profile_name"": ""complex_d02"", ""map_seed"": 20360621, ""query_seed"": 20361625}"
complex_s00_q0009,n3p_k1,Complex,d12_16,True,True,2.8475420199974906,3424,13.2139765763234,13.2139765763234,0.0,0,0.18934274733116008,0.0771091301505471,0,0,1,1,True,0,0,,,"{""profile_name"": ""complex_d02"", ""map_seed"": 20360621, ""query_seed"": 20361625}"
complex_s00_q0009,voronoi_waypoint,Complex,d12_16,True,True,0.5297046560008312,31,14.554896707973612,13.2139765763234,0.1014774109750467,0,0.2183819630291023,0.1696598353590828,0,0,0,0,False,,,,,"{""profile_name"": ""complex_d02"", ""map_seed"": 20360621, ""query_seed"": 20361625, ""waypoint_count"": 2}"
complex_s00_q0009,bottleneck_waypoint,Complex,d12_16,True,True,0.5082645040019997,3,14.803309037748557,13.2139765763234,0.12027662166988384,0,0.23987976158656735,0.16667345791723398,0,0,0,0,False,,,,,"{""profile_name"": ""complex_d02"", ""map_seed"": 20360621, ""query_seed"": 20361625, ""waypoint_count"": 2, ""bottleneck_count"": 2}"
complex_s00_q0009,improved_ha,Complex,d12_16,True,True,1.983510971069336,2321,13.2139765763234,13.2139765763234,0.0,0,0.18934274733116008,0.0771091301505471,0,0,0,0,False,,,,,"{""profile_name"": ""complex_d02"", ""map_seed"": 20360621, ""query_seed"": 20361625, ""evaluation_path_source"": ""trace_poses"", ""planner_path_pose_count"": 40, ""evaluation_path_pose_count"": 134}"
complex_s00_q0009,lo_ha,Complex,d12_16,True,True,1.0377962589263916,1819,13.381286938265003,13.2139765763234,0.01266162089627021,0,0.26341915300972407,0.056119528198267266,0,0,0,0,False,,,,,"{""profile_name"": ""complex_d02"", ""map_seed"": 20360621, ""query_seed"": 20361625, ""evaluation_path_source"": ""trace_poses"", ""planner_path_pose_count"": 38, ""evaluation_path_pose_count"": 136}"
complex_s00_q0009,ss_rrt,Complex,d12_16,False,False,2.5006000689973007,1712,,13.2139765763234,,0,,,0,0,0,0,False,,,,timeout,"{""profile_name"": ""complex_d02"", ""map_seed"": 20360621, ""query_seed"": 20361625, ""rrt_iterations"": 1558, ""evaluation_path_source"": ""planner_path"", ""planner_path_pose_count"": 0, ""evaluation_path_pose_count"": 0}"
complex_s00_q0009,idb_rrt,Complex,d12_16,False,False,0.8582666980000795,261,,13.2139765763234,,0,,,0,0,0,0,False,,,,collision_violation_rejected:90,"{""profile_name"": ""complex_d02"", ""map_seed"": 20360621, ""query_seed"": 20361625, ""idb_rrt_run_dir"": ""/home/ubuntu/ForestNav/2_experiment/idb_rrt_strict_repro/runs/forestnav_adapter/run_1782412611032_985ede3f"", ""idb_rrt_returncode"": 0, ""idb_rrt_state_count"": 261, ""rejected_collision_violation_count"": 90, ""rejected_collision_path_length_m"": 12.954954788110994}"
complex_s01_q0010,vanilla_ha,Complex,d16_20,True,True,0.2506279945373535,201,17.665449937241224,,,0,0.31904537236618435,0.0766210890444361,0,0,0,0,False,,,,,"{""profile_name"": ""complex_d03"", ""map_seed"": 20370620, ""query_seed"": 20371620, ""evaluation_path_source"": ""trace_poses"", ""planner_path_pose_count"": 48, ""evaluation_path_pose_count"": 178}"
complex_s01_q0010,f_n3p_knn,Complex,d16_20,True,True,0.8074552410034812,65,18.21397220152,17.665449937241224,0.03105056855203081,2,0.11545089132243348,0.06297661809842908,0,40,1,0,True,0,4,0.0,,"{""profile_name"": ""complex_d03"", ""map_seed"": 20370620, ""query_seed"": 20371620}"
complex_s01_q0010,n3p_k1,Complex,d16_20,True,True,0.6503383770032087,263,18.188240841812963,17.665449937241224,0.029593976175473546,0,0.3178065090209177,0.06525312509376902,0,0,3,0,True,0,0,,,"{""profile_name"": ""complex_d03"", ""map_seed"": 20370620, ""query_seed"": 20371620}"
complex_s01_q0010,voronoi_waypoint,Complex,d16_20,True,True,0.6697950750021846,82,18.447327033013732,17.665449937241224,0.04426024236859094,2,0.34509511244829594,0.06597482084822293,0,0,0,0,False,,,,,"{""profile_name"": ""complex_d03"", ""map_seed"": 20370620, ""query_seed"": 20371620, ""waypoint_count"": 3}"
complex_s01_q0010,bottleneck_waypoint,Complex,d16_20,True,True,0.642106949002482,31,18.023740977945216,17.665449937241224,0.020282021798305072,0,0.20494970218296493,0.07439186351822491,0,0,0,0,False,,,,,"{""profile_name"": ""complex_d03"", ""map_seed"": 20370620, ""query_seed"": 20371620, ""waypoint_count"": 3, ""bottleneck_count"": 3}"
complex_s01_q0010,improved_ha,Complex,d16_20,True,True,0.24958419799804688,201,17.665449937241224,17.665449937241224,0.0,0,0.31904537236618435,0.0766210890444361,0,0,0,0,False,,,,,"{""profile_name"": ""complex_d03"", ""map_seed"": 20370620, ""query_seed"": 20371620, ""evaluation_path_source"": ""trace_poses"", ""planner_path_pose_count"": 48, ""evaluation_path_pose_count"": 178}"
complex_s01_q0010,lo_ha,Complex,d16_20,True,True,0.24977779388427734,265,17.912598749058812,17.665449937241224,0.013990518933602925,0,0.16491007091040197,0.06397155242491825,0,0,0,0,False,,,,,"{""profile_name"": ""complex_d03"", ""map_seed"": 20370620, ""query_seed"": 20371620, ""evaluation_path_source"": ""trace_poses"", ""planner_path_pose_count"": 52, ""evaluation_path_pose_count"": 182}"
complex_s01_q0010,ss_rrt,Complex,d16_20,True,True,0.4308695389991044,206,19.763962083402248,17.665449937241224,0.11879188775922822,0,0.3919767882636595,0.09336685535463107,0,0,0,0,False,,,,,"{""profile_name"": ""complex_d03"", ""map_seed"": 20370620, ""query_seed"": 20371620, ""rrt_iterations"": 407, ""evaluation_path_source"": ""planner_path"", ""planner_path_pose_count"": 255, ""evaluation_path_pose_count"": 255}"
complex_s01_q0010,idb_rrt,Complex,d16_20,False,False,2.7546706560024177,0,,17.665449937241224,,0,,,0,0,0,0,False,,,,idb_rrt_failed:returncode=1,"{""profile_name"": ""complex_d03"", ""map_seed"": 20370620, ""query_seed"": 20371620, ""idb_rrt_run_dir"": ""/home/ubuntu/ForestNav/2_experiment/idb_rrt_strict_repro/runs/forestnav_adapter/run_1782412618877_1ac579a1"", ""idb_rrt_returncode"": 1, ""idb_rrt_state_count"": 0}"
complex_s01_q0011,vanilla_ha,Complex,d20_inf,False,False,2.5004196166992188,3610,,,,0,,,0,0,0,0,False,,,,timeout,"{""profile_name"": ""complex_d04"", ""map_seed"": 20370620, ""query_seed"": 20371621, ""evaluation_path_source"": ""planner_path"", ""planner_path_pose_count"": 0, ""evaluation_path_pose_count"": 0}"
complex_s01_q0011,f_n3p_knn,Complex,d20_inf,True,True,0.49434070300048916,3,26.811845738286138,,,0,0.07428209090162982,0.15726871410738552,0,15,0,0,True,1,3,0.3333333333333333,,"{""profile_name"": ""complex_d04"", ""map_seed"": 20370620, ""query_seed"": 20371621}"
complex_s01_q0011,n3p_k1,Complex,d20_inf,True,True,0.3312561300044763,2,26.643089476035218,,,0,0.022613079375758658,0.07647601563014061,0,0,1,0,True,1,1,1.0,,"{""profile_name"": ""complex_d04"", ""map_seed"": 20370620, ""query_seed"": 20371621}"
complex_s01_q0011,voronoi_waypoint,Complex,d20_inf,True,True,0.9817467820030288,26,28.3019807185882,,,0,0.25727172843580554,0.14022417222754946,0,0,0,0,False,,,,,"{""profile_name"": ""complex_d04"", ""map_seed"": 20370620, ""query_seed"": 20371621, ""waypoint_count"": 5}"
complex_s01_q0011,bottleneck_waypoint,Complex,d20_inf,True,True,0.8112108839995926,5,26.922151908983217,,,0,0.11153961346703684,0.17595957087978265,0,0,0,0,False,,,,,"{""profile_name"": ""complex_d04"", ""map_seed"": 20370620, ""query_seed"": 20371621, ""waypoint_count"": 4, ""bottleneck_count"": 4}"
complex_s01_q0011,improved_ha,Complex,d20_inf,False,False,2.5001156330108643,3500,,,,0,,,0,0,0,0,False,,,,timeout,"{""profile_name"": ""complex_d04"", ""map_seed"": 20370620, ""query_seed"": 20371621, ""evaluation_path_source"": ""planner_path"", ""planner_path_pose_count"": 0, ""evaluation_path_pose_count"": 0}"
complex_s01_q0011,lo_ha,Complex,d20_inf,True,True,0.24016332626342773,251,27.179919816357113,,,0,0.16090727721266748,0.0750785030508635,0,0,0,0,False,,,,,"{""profile_name"": ""complex_d04"", ""map_seed"": 20370620, ""query_seed"": 20371621, ""evaluation_path_source"": ""trace_poses"", ""planner_path_pose_count"": 74, ""evaluation_path_pose_count"": 275}"
complex_s01_q0011,ss_rrt,Complex,d20_inf,True,True,0.7067604420008138,736,26.810538629694445,,,0,0.2309547023958236,0.13741169363939998,0,0,0,0,False,,,,,"{""profile_name"": ""complex_d04"", ""map_seed"": 20370620, ""query_seed"": 20371621, ""rrt_iterations"": 267, ""evaluation_path_source"": ""planner_path"", ""planner_path_pose_count"": 335, ""evaluation_path_pose_count"": 335}"
complex_s01_q0011,idb_rrt,Complex,d20_inf,False,False,2.749650133002433,0,,,,0,,,0,0,0,0,False,,,,idb_rrt_failed:returncode=1,"{""profile_name"": ""complex_d04"", ""map_seed"": 20370620, ""query_seed"": 20371621, ""idb_rrt_run_dir"": ""/home/ubuntu/ForestNav/2_experiment/idb_rrt_strict_repro/runs/forestnav_adapter/run_1782412630265_488a7bce"", ""idb_rrt_returncode"": 1, ""idb_rrt_state_count"": 0}"
complex_s01_q0012,vanilla_ha,Complex,d08_12,True,True,0.20498299598693848,81,10.359346638310068,,,0,0.2259340300036699,0.16860450169928076,0,0,0,0,False,,,,,"{""profile_name"": ""complex_d02"", ""map_seed"": 20370620, ""query_seed"": 20371622, ""evaluation_path_source"": ""trace_poses"", ""planner_path_pose_count"": 21, ""evaluation_path_pose_count"": 106}"
complex_s01_q0012,f_n3p_knn,Complex,d08_12,True,True,0.15586869200342335,1,10.387643733800207,10.359346638310068,0.0027315521410871124,0,0.07466310801796248,0.22999733298095848,0,3,0,0,True,0,1,0.0,,"{""profile_name"": ""complex_d02"", ""map_seed"": 20370620, ""query_seed"": 20371622}"
complex_s01_q0012,n3p_k1,Complex,d08_12,True,True,0.32496858699596487,191,10.381601554868668,10.359346638310068,0.002148293452822525,0,0.3040924687293473,0.07359417487917075,0,0,1,0,True,0,0,,,"{""profile_name"": ""complex_d02"", ""map_seed"": 20370620, ""query_seed"": 20371622}"
complex_s01_q0012,voronoi_waypoint,Complex,d08_12,True,True,0.3360760150026181,2,10.72536402310935,10.359346638310068,0.03533209164424589,0,0.12196086620891246,0.1870489220001068,0,0,0,0,False,,,,,"{""profile_name"": ""complex_d02"", ""map_seed"": 20370620, ""query_seed"": 20371622, ""waypoint_count"": 1}"
complex_s01_q0012,bottleneck_waypoint,Complex,d08_12,True,True,0.47718185600388097,3,10.9049869390968,10.359346638310068,0.052671304459384505,0,0.27628897197362834,0.8811177062935758,0,0,0,0,False,,,,,"{""profile_name"": ""complex_d02"", ""map_seed"": 20370620, ""query_seed"": 20371622, ""waypoint_count"": 2, ""bottleneck_count"": 2}"
complex_s01_q0012,improved_ha,Complex,d08_12,True,True,0.2071225643157959,81,10.359346638310068,10.359346638310068,0.0,0,0.2259340300036699,0.16860450169928076,0,0,0,0,False,,,,,"{""profile_name"": ""complex_d02"", ""map_seed"": 20370620, ""query_seed"": 20371622, ""evaluation_path_source"": ""trace_poses"", ""planner_path_pose_count"": 21, ""evaluation_path_pose_count"": 106}"
complex_s01_q0012,lo_ha,Complex,d08_12,True,True,0.15544915199279785,22,10.499072767943643,10.359346638310068,0.013487928776980018,0,0.16192983369364664,0.07379488089960351,0,0,0,0,False,,,,,"{""profile_name"": ""complex_d02"", ""map_seed"": 20370620, ""query_seed"": 20371622, ""evaluation_path_source"": ""trace_poses"", ""planner_path_pose_count"": 24, ""evaluation_path_pose_count"": 108}"
complex_s01_q0012,ss_rrt,Complex,d08_12,True,True,0.15096356499998365,64,10.6361043953,10.359346638310068,0.026715754057929697,0,0.2518294548882005,0.09697092637073168,0,0,0,0,False,,,,,"{""profile_name"": ""complex_d02"", ""map_seed"": 20370620, ""query_seed"": 20371622, ""rrt_iterations"": 101, ""evaluation_path_source"": ""planner_path"", ""planner_path_pose_count"": 139, ""evaluation_path_pose_count"": 139}"
complex_s01_q0012,idb_rrt,Complex,d08_12,False,False,0.5860989180000615,207,,10.359346638310068,,0,,,0,0,0,0,False,,,,collision_violation_rejected:33,"{""profile_name"": ""complex_d02"", ""map_seed"": 20370620, ""query_seed"": 20371622, ""idb_rrt_run_dir"": ""/home/ubuntu/ForestNav/2_experiment/idb_rrt_strict_repro/runs/forestnav_adapter/run_1782412635085_8aca27f1"", ""idb_rrt_returncode"": 0, ""idb_rrt_state_count"": 207, ""rejected_collision_violation_count"": 33, ""rejected_collision_path_length_m"": 10.263707773394472}"
complex_s01_q0013,vanilla_ha,Complex,d12_16,True,True,0.2637455463409424,233,13.897965018791636,,,1,0.14944518583404923,0.07110641824554587,0,0,0,0,False,,,,,"{""profile_name"": ""complex_d03"", ""map_seed"": 20370620, ""query_seed"": 20371623, ""evaluation_path_source"": ""trace_poses"", ""planner_path_pose_count"": 17, ""evaluation_path_pose_count"": 142}"
complex_s01_q0013,f_n3p_knn,Complex,d12_16,True,True,0.4570390410008258,3,14.86984922779745,13.897965018791636,0.06992996512019678,1,0.25571097060359554,0.0773485270353147,0,2,0,0,True,1,3,0.3333333333333333,,"{""profile_name"": ""complex_d03"", ""map_seed"": 20370620, ""query_seed"": 20371623}"
complex_s01_q0013,n3p_k1,Complex,d12_16,True,True,0.2675567490005051,233,13.897965018791636,13.897965018791636,0.0,1,0.14944518583404928,0.07110641824554587,0,0,1,0,True,0,0,,,"{""profile_name"": ""complex_d03"", ""map_seed"": 20370620, ""query_seed"": 20371623}"
complex_s01_q0013,voronoi_waypoint,Complex,d12_16,True,True,0.5930373439987306,159,16.659953016576303,13.897965018791636,0.19873326735605845,1,0.2113516993245572,0.07447249055197414,0,0,0,0,False,,,,,"{""profile_name"": ""complex_d03"", ""map_seed"": 20370620, ""query_seed"": 20371623, ""waypoint_count"": 2}"
complex_s01_q0013,bottleneck_waypoint,Complex,d12_16,True,True,0.6155136489978759,4,15.980336589860988,13.897965018791636,0.14983284014988874,1,0.3263478741715194,0.41067991614973576,0,0,0,0,False,,,,,"{""profile_name"": ""complex_d03"", ""map_seed"": 20370620, ""query_seed"": 20371623, ""waypoint_count"": 3, ""bottleneck_count"": 3}"
complex_s01_q0013,improved_ha,Complex,d12_16,True,True,0.26219868659973145,233,13.897965018791636,13.897965018791636,0.0,1,0.14944518583404923,0.07110641824554587,0,0,0,0,False,,,,,"{""profile_name"": ""complex_d03"", ""map_seed"": 20370620, ""query_seed"": 20371623, ""evaluation_path_source"": ""trace_poses"", ""planner_path_pose_count"": 17, ""evaluation_path_pose_count"": 142}"
complex_s01_q0013,lo_ha,Complex,d12_16,True,True,0.20215511322021484,177,13.918843656015484,13.897965018791636,0.0015022801680402154,1,0.12932108761937766,0.05662464286568958,0,0,0,0,False,,,,,"{""profile_name"": ""complex_d03"", ""map_seed"": 20370620, ""query_seed"": 20371623, ""evaluation_path_source"": ""trace_poses"", ""planner_path_pose_count"": 18, ""evaluation_path_pose_count"": 142}"
complex_s01_q0013,ss_rrt,Complex,d12_16,False,False,0.8233696380048059,16,,13.897965018791636,,0,,,0,0,0,0,False,,,,iteration_budget_exhausted,"{""profile_name"": ""complex_d03"", ""map_seed"": 20370620, ""query_seed"": 20371623, ""rrt_iterations"": 3000, ""evaluation_path_source"": ""planner_path"", ""planner_path_pose_count"": 0, ""evaluation_path_pose_count"": 0}"
complex_s01_q0013,idb_rrt,Complex,d12_16,False,False,2.6021609410017845,276,,13.897965018791636,,0,,,0,0,0,0,False,,,,collision_violation_rejected:122,"{""profile_name"": ""complex_d03"", ""map_seed"": 20370620, ""query_seed"": 20371623, ""idb_rrt_run_dir"": ""/home/ubuntu/ForestNav/2_experiment/idb_rrt_strict_repro/runs/forestnav_adapter/run_1782412639218_13a0206b"", ""idb_rrt_returncode"": 0, ""idb_rrt_state_count"": 276, ""rejected_collision_violation_count"": 122, ""rejected_collision_path_length_m"": 13.744669865186275}"
complex_s01_q0014,vanilla_ha,Complex,d16_20,True,True,0.854243278503418,1039,19.813551214815245,,,0,0.33559141618186816,0.06509568880901206,0,0,0,0,False,,,,,"{""profile_name"": ""complex_d04"", ""map_seed"": 20370620, ""query_seed"": 20371624, ""evaluation_path_source"": ""trace_poses"", ""planner_path_pose_count"": 66, ""evaluation_path_pose_count"": 201}"
complex_s01_q0014,f_n3p_knn,Complex,d16_20,True,True,0.6191386920036166,4,23.854614693299208,19.813551214815245,0.20395452761957822,1,0.18392755755326934,0.07812473366909733,0,1,0,0,True,3,4,0.75,,"{""profile_name"": ""complex_d04"", ""map_seed"": 20370620, ""query_seed"": 20371624}"
complex_s01_q0014,n3p_k1,Complex,d16_20,True,True,1.0973936660011532,597,21.386699774314188,19.813551214815245,0.07939760734676615,2,0.17651901028076705,0.060502367900492626,0,0,1,0,True,2,2,1.0,,"{""profile_name"": ""complex_d04"", ""map_seed"": 20370620, ""query_seed"": 20371624}"
complex_s01_q0014,voronoi_waypoint,Complex,d16_20,True,True,0.7712497219981742,17,21.272107750495397,19.813551214815245,0.07361408966351979,0,0.34036701900947886,0.07501622525504847,0,0,0,0,False,,,,,"{""profile_name"": ""complex_d04"", ""map_seed"": 20370620, ""query_seed"": 20371624, ""waypoint_count"": 4}"
complex_s01_q0014,bottleneck_waypoint,Complex,d16_20,True,True,0.8116363419976551,43,20.965960958512326,19.813551214815245,0.058162705473786325,2,0.3708592503773385,0.06652096302718091,0,0,0,0,False,,,,,"{""profile_name"": ""complex_d04"", ""map_seed"": 20370620, ""query_seed"": 20371624, ""waypoint_count"": 4, ""bottleneck_count"": 4}"
complex_s01_q0014,improved_ha,Complex,d16_20,True,True,0.8738982677459717,1039,19.813551214815245,19.813551214815245,0.0,0,0.33559141618186816,0.06509568880901206,0,0,0,0,False,,,,,"{""profile_name"": ""complex_d04"", ""map_seed"": 20370620, ""query_seed"": 20371624, ""evaluation_path_source"": ""trace_poses"", ""planner_path_pose_count"": 66, ""evaluation_path_pose_count"": 201}"
complex_s01_q0014,lo_ha,Complex,d16_20,True,True,0.24187898635864258,259,19.59724293990397,19.813551214815245,-0.010917188572916348,0,0.16052861026870835,0.06624313107942881,0,0,0,0,False,,,,,"{""profile_name"": ""complex_d04"", ""map_seed"": 20370620, ""query_seed"": 20371624, ""evaluation_path_source"": ""trace_poses"", ""planner_path_pose_count"": 65, ""evaluation_path_pose_count"": 199}"
complex_s01_q0014,ss_rrt,Complex,d16_20,True,True,0.2395537400007015,85,21.09752259410386,19.813551214815245,0.06480268808796619,0,0.35726686714317357,0.061677684328319604,0,0,0,0,False,,,,,"{""profile_name"": ""complex_d04"", ""map_seed"": 20370620, ""query_seed"": 20371624, ""rrt_iterations"": 107, ""evaluation_path_source"": ""planner_path"", ""planner_path_pose_count"": 261, ""evaluation_path_pose_count"": 261}"
complex_s01_q0014,idb_rrt,Complex,d16_20,False,False,2.747818104995531,0,,19.813551214815245,,0,,,0,0,0,0,False,,,,idb_rrt_failed:returncode=1,"{""profile_name"": ""complex_d04"", ""map_seed"": 20370620, ""query_seed"": 20371624, ""idb_rrt_run_dir"": ""/home/ubuntu/ForestNav/2_experiment/idb_rrt_strict_repro/runs/forestnav_adapter/run_1782412647403_48e50acb"", ""idb_rrt_returncode"": 1, ""idb_rrt_state_count"": 0}"
complex_s01_q0015,vanilla_ha,Complex,d20_inf,True,True,0.6769983768463135,1313,21.982258148408583,,,0,0.04357245325982878,0.1038069249117678,0,0,0,0,False,,,,,"{""profile_name"": ""complex_d02"", ""map_seed"": 20370621, ""query_seed"": 20371621, ""evaluation_path_source"": ""trace_poses"", ""planner_path_pose_count"": 19, ""evaluation_path_pose_count"": 222}"
complex_s01_q0015,f_n3p_knn,Complex,d20_inf,True,True,0.7768181979990914,5,28.13594575780533,21.982258148408583,0.2799388292072371,2,0.21728837236402124,0.11393314431363621,0,9,0,0,True,1,5,0.2,,"{""profile_name"": ""complex_d02"", ""map_seed"": 20370621, ""query_seed"": 20371621}"
complex_s01_q0015,n3p_k1,Complex,d20_inf,True,True,0.716774432999955,1313,21.982258148408583,21.982258148408583,0.0,0,0.04357245325982878,0.1038069249117678,0,0,1,0,True,0,0,,,"{""profile_name"": ""complex_d02"", ""map_seed"": 20370621, ""query_seed"": 20371621}"
complex_s01_q0015,voronoi_waypoint,Complex,d20_inf,True,True,0.7674933970047277,5,23.19764617263386,21.982258148408583,0.05528949828629259,0,0.19423353382989317,1.1667332466787035,0,0,0,0,False,,,,,"{""profile_name"": ""complex_d02"", ""map_seed"": 20370621, ""query_seed"": 20371621, ""waypoint_count"": 4}"
complex_s01_q0015,bottleneck_waypoint,Complex,d20_inf,True,True,0.7706021280027926,5,22.919081466994843,21.982258148408583,0.04261724670238576,0,0.20111193099820227,1.1667332466787035,0,0,0,0,False,,,,,"{""profile_name"": ""complex_d02"", ""map_seed"": 20370621, ""query_seed"": 20371621, ""waypoint_count"": 4, ""bottleneck_count"": 4}"
complex_s01_q0015,improved_ha,Complex,d20_inf,True,True,0.6774618625640869,1313,21.982258148408583,21.982258148408583,0.0,0,0.04357245325982878,0.1038069249117678,0,0,0,0,False,,,,,"{""profile_name"": ""complex_d02"", ""map_seed"": 20370621, ""query_seed"": 20371621, ""evaluation_path_source"": ""trace_poses"", ""planner_path_pose_count"": 19, ""evaluation_path_pose_count"": 222}"
complex_s01_q0015,lo_ha,Complex,d20_inf,True,True,0.36362767219543457,553,22.032450800037044,21.982258148408583,0.0022833255477938685,0,0.05816102890815329,0.10808605646040048,0,0,0,0,False,,,,,"{""profile_name"": ""complex_d02"", ""map_seed"": 20370621, ""query_seed"": 20371621, ""evaluation_path_source"": ""trace_poses"", ""planner_path_pose_count"": 23, ""evaluation_path_pose_count"": 222}"
complex_s01_q0015,ss_rrt,Complex,d20_inf,True,True,0.11941393800225342,62,22.03920619646223,21.982258148408583,0.002590636852191297,0,0.17635543986248678,0.21715082480176418,0,0,0,0,False,,,,,"{""profile_name"": ""complex_d02"", ""map_seed"": 20370621, ""query_seed"": 20371621, ""rrt_iterations"": 48, ""evaluation_path_source"": ""planner_path"", ""planner_path_pose_count"": 277, ""evaluation_path_pose_count"": 277}"
complex_s01_q0015,idb_rrt,Complex,d20_inf,False,False,2.746324537001783,0,,21.982258148408583,,0,,,0,0,0,0,False,,,,idb_rrt_failed:returncode=1,"{""profile_name"": ""complex_d02"", ""map_seed"": 20370621, ""query_seed"": 20371621, ""idb_rrt_run_dir"": ""/home/ubuntu/ForestNav/2_experiment/idb_rrt_strict_repro/runs/forestnav_adapter/run_1782412655546_79b62395"", ""idb_rrt_returncode"": 1, ""idb_rrt_state_count"": 0}"
complex_s01_q0016,vanilla_ha,Complex,d08_12,True,True,0.19240927696228027,58,9.464891787227865,,,0,0.29823219891876246,0.07537463536283262,0,0,0,0,False,,,,,"{""profile_name"": ""complex_d03"", ""map_seed"": 20370621, ""query_seed"": 20371622, ""evaluation_path_source"": ""trace_poses"", ""planner_path_pose_count"": 21, ""evaluation_path_pose_count"": 97}"
complex_s01_q0016,f_n3p_knn,Complex,d08_12,True,True,0.4896944759966573,3,9.505772616750512,9.464891787227865,0.004319207281145321,0,0.3055928629164041,0.10836856145255236,0,9,0,0,True,0,3,0.0,,"{""profile_name"": ""complex_d03"", ""map_seed"": 20370621, ""query_seed"": 20371622}"
complex_s01_q0016,n3p_k1,Complex,d08_12,True,True,0.37116333300218685,247,9.047940323354425,9.464891787227865,-0.0440524279882506,0,0.4951332438525556,0.09014354746380016,0,0,1,0,True,0,0,,,"{""profile_name"": ""complex_d03"", ""map_seed"": 20370621, ""query_seed"": 20371622}"
complex_s01_q0016,voronoi_waypoint,Complex,d08_12,True,True,0.599454960996809,264,9.854372549650043,9.464891787227865,0.04115004916884013,2,0.4374379845433147,0.0842303588680482,0,0,0,0,False,,,,,"{""profile_name"": ""complex_d03"", ""map_seed"": 20370621, ""query_seed"": 20371622, ""waypoint_count"": 1}"
complex_s01_q0016,bottleneck_waypoint,Complex,d08_12,True,True,0.5125031639981898,3,11.852695233701649,9.464891787227865,0.25228005772828155,3,0.46391274355740497,0.47115770495118137,0,0,0,0,False,,,,,"{""profile_name"": ""complex_d03"", ""map_seed"": 20370621, ""query_seed"": 20371622, ""waypoint_count"": 2, ""bottleneck_count"": 2}"
complex_s01_q0016,improved_ha,Complex,d08_12,True,True,0.20186424255371094,58,9.464891787227865,9.464891787227865,0.0,0,0.29823219891876246,0.07537463536283262,0,0,0,0,False,,,,,"{""profile_name"": ""complex_d03"", ""map_seed"": 20370621, ""query_seed"": 20371622, ""evaluation_path_source"": ""trace_poses"", ""planner_path_pose_count"": 21, ""evaluation_path_pose_count"": 97}"
complex_s01_q0016,lo_ha,Complex,d08_12,True,True,0.20943284034729004,97,9.006651187066204,9.464891787227865,-0.04841477435378827,0,0.2823444641293824,0.07430055042578809,0,0,0,0,False,,,,,"{""profile_name"": ""complex_d03"", ""map_seed"": 20370621, ""query_seed"": 20371622, ""evaluation_path_source"": ""trace_poses"", ""planner_path_pose_count"": 25, ""evaluation_path_pose_count"": 92}"
complex_s01_q0016,ss_rrt,Complex,d08_12,False,False,2.5049471849997644,3113,,9.464891787227865,,0,,,0,0,0,0,False,,,,timeout,"{""profile_name"": ""complex_d03"", ""map_seed"": 20370621, ""query_seed"": 20371622, ""rrt_iterations"": 1184, ""evaluation_path_source"": ""planner_path"", ""planner_path_pose_count"": 0, ""evaluation_path_pose_count"": 0}"
complex_s01_q0016,idb_rrt,Complex,d08_12,False,False,0.608155142996111,178,,9.464891787227865,,0,,,0,0,0,0,False,,,,collision_violation_rejected:52,"{""profile_name"": ""complex_d03"", ""map_seed"": 20370621, ""query_seed"": 20371622, ""idb_rrt_run_dir"": ""/home/ubuntu/ForestNav/2_experiment/idb_rrt_strict_repro/runs/forestnav_adapter/run_1782412663431_ed83ed23"", ""idb_rrt_returncode"": 0, ""idb_rrt_state_count"": 178, ""rejected_collision_violation_count"": 52, ""rejected_collision_path_length_m"": 8.825884491584887}"
complex_s01_q0017,vanilla_ha,Complex,d12_16,True,True,1.5374183654785156,1765,12.362262577791798,,,0,0.22414989718534148,0.09203043256538723,0,0,0,0,False,,,,,"{""profile_name"": ""complex_d04"", ""map_seed"": 20370621, ""query_seed"": 20371623, ""evaluation_path_source"": ""trace_poses"", ""planner_path_pose_count"": 28, ""evaluation_path_pose_count"": 127}"
complex_s01_q0017,f_n3p_knn,Complex,d12_16,True,True,0.3369697520029149,2,12.171828274223381,12.362262577791798,-0.015404486223300484,0,0.10220647618443271,0.09197197432107784,0,15,0,0,True,1,2,0.5,,"{""profile_name"": ""complex_d04"", ""map_seed"": 20370621, ""query_seed"": 20371623}"
complex_s01_q0017,n3p_k1,Complex,d12_16,True,True,0.33373413200024515,5,12.105711731574235,12.362262577791798,-0.020752742032712046,0,0.06298561638210114,0.11314858210902767,0,0,1,0,True,1,1,1.0,,"{""profile_name"": ""complex_d04"", ""map_seed"": 20370621, ""query_seed"": 20371623}"
complex_s01_q0017,voronoi_waypoint,Complex,d12_16,True,True,0.5104077860014513,3,15.575590236787177,12.362262577791798,0.2599303840033269,2,0.29209969271546476,0.5638108208586525,0,0,0,0,False,,,,,"{""profile_name"": ""complex_d04"", ""map_seed"": 20370621, ""query_seed"": 20371623, ""waypoint_count"": 2}"
complex_s01_q0017,bottleneck_waypoint,Complex,d12_16,True,True,0.3596693569998024,2,13.69248144663896,12.362262577791798,0.10760318837077887,0,0.1690561262879798,0.5508602628964563,0,0,0,0,False,,,,,"{""profile_name"": ""complex_d04"", ""map_seed"": 20370621, ""query_seed"": 20371623, ""waypoint_count"": 1, ""bottleneck_count"": 1}"
complex_s01_q0017,improved_ha,Complex,d12_16,True,True,1.533839464187622,1765,12.362262577791798,12.362262577791798,0.0,0,0.22414989718534148,0.09203043256538723,0,0,0,0,False,,,,,"{""profile_name"": ""complex_d04"", ""map_seed"": 20370621, ""query_seed"": 20371623, ""evaluation_path_source"": ""trace_poses"", ""planner_path_pose_count"": 28, ""evaluation_path_pose_count"": 127}"
complex_s01_q0017,lo_ha,Complex,d12_16,True,True,0.20665574073791504,109,12.106051578844859,12.362262577791798,-0.020725251331193184,0,0.06352560855604757,0.08374404632938859,0,0,0,0,False,,,,,"{""profile_name"": ""complex_d04"", ""map_seed"": 20370621, ""query_seed"": 20371623, ""evaluation_path_source"": ""trace_poses"", ""planner_path_pose_count"": 33, ""evaluation_path_pose_count"": 123}"
complex_s01_q0017,ss_rrt,Complex,d12_16,True,True,0.12062522899941541,45,11.998993838476745,12.362262577791798,-0.029385295533816636,0,0.2522102512457339,0.10579733336693276,0,0,0,0,False,,,,,"{""profile_name"": ""complex_d04"", ""map_seed"": 20370621, ""query_seed"": 20371623, ""rrt_iterations"": 37, ""evaluation_path_source"": ""planner_path"", ""planner_path_pose_count"": 147, ""evaluation_path_pose_count"": 147}"
complex_s01_q0017,idb_rrt,Complex,d12_16,False,False,1.9774291419962537,243,,12.362262577791798,,0,,,0,0,0,0,False,,,,collision_violation_rejected:27,"{""profile_name"": ""complex_d04"", ""map_seed"": 20370621, ""query_seed"": 20371623, ""idb_rrt_run_dir"": ""/home/ubuntu/ForestNav/2_experiment/idb_rrt_strict_repro/runs/forestnav_adapter/run_1782412669045_463edf67"", ""idb_rrt_returncode"": 0, ""idb_rrt_state_count"": 243, ""rejected_collision_violation_count"": 27, ""rejected_collision_path_length_m"": 12.071506798251914}"
complex_s01_q0018,vanilla_ha,Complex,d16_20,True,True,0.9088547229766846,1141,18.744988374606255,,,0,0.22160418811057903,0.062240205500077805,0,0,0,0,False,,,,,"{""profile_name"": ""complex_d02"", ""map_seed"": 20370621, ""query_seed"": 20371624, ""evaluation_path_source"": ""trace_poses"", ""planner_path_pose_count"": 44, ""evaluation_path_pose_count"": 189}"
complex_s01_q0018,f_n3p_knn,Complex,d16_20,True,True,1.9343723179990775,1432,18.744988374606255,18.744988374606255,0.0,0,0.22160418811057903,0.062240205500077805,0,25,1,1,True,1,4,0.25,,"{""profile_name"": ""complex_d02"", ""map_seed"": 20370621, ""query_seed"": 20371624}"
complex_s01_q0018,n3p_k1,Complex,d16_20,True,True,0.3955184270016616,138,18.158469653932613,18.744988374606255,-0.031289361665766346,0,0.25804552967190464,0.07032832490452279,0,0,2,0,True,0,0,,,"{""profile_name"": ""complex_d02"", ""map_seed"": 20370621, ""query_seed"": 20371624}"
complex_s01_q0018,voronoi_waypoint,Complex,d16_20,True,True,0.6121490720033762,4,18.67831819601775,18.744988374606255,-0.003556693514882303,0,0.15443818167978016,0.07330407459761679,0,0,0,0,False,,,,,"{""profile_name"": ""complex_d02"", ""map_seed"": 20370621, ""query_seed"": 20371624, ""waypoint_count"": 3}"
complex_s01_q0018,bottleneck_waypoint,Complex,d16_20,True,True,0.4730400990010821,3,18.58842435690897,18.744988374606255,-0.008352313406039813,0,0.11802257760071479,0.07316722608637138,0,0,0,0,False,,,,,"{""profile_name"": ""complex_d02"", ""map_seed"": 20370621, ""query_seed"": 20371624, ""waypoint_count"": 2, ""bottleneck_count"": 2}"
complex_s01_q0018,improved_ha,Complex,d16_20,True,True,0.8613781929016113,1141,18.744988374606255,18.744988374606255,0.0,0,0.22160418811057903,0.062240205500077805,0,0,0,0,False,,,,,"{""profile_name"": ""complex_d02"", ""map_seed"": 20370621, ""query_seed"": 20371624, ""evaluation_path_source"": ""trace_poses"", ""planner_path_pose_count"": 44, ""evaluation_path_pose_count"": 189}"
complex_s01_q0018,lo_ha,Complex,d16_20,True,True,0.16110944747924805,56,18.009025794328895,18.744988374606255,-0.039261831779760614,0,0.10503895156155163,0.07203671538578893,0,0,0,0,False,,,,,"{""profile_name"": ""complex_d02"", ""map_seed"": 20370621, ""query_seed"": 20371624, ""evaluation_path_source"": ""trace_poses"", ""planner_path_pose_count"": 41, ""evaluation_path_pose_count"": 182}"
complex_s01_q0018,ss_rrt,Complex,d16_20,False,False,2.5007355590059888,1005,,18.744988374606255,,0,,,0,0,0,0,False,,,,timeout,"{""profile_name"": ""complex_d02"", ""map_seed"": 20370621, ""query_seed"": 20371624, ""rrt_iterations"": 1823, ""evaluation_path_source"": ""planner_path"", ""planner_path_pose_count"": 0, ""evaluation_path_pose_count"": 0}"
complex_s01_q0018,idb_rrt,Complex,d16_20,False,False,2.7483071759997983,0,,18.744988374606255,,0,,,0,0,0,0,False,,,,idb_rrt_failed:returncode=1,"{""profile_name"": ""complex_d02"", ""map_seed"": 20370621, ""query_seed"": 20371624, ""idb_rrt_run_dir"": ""/home/ubuntu/ForestNav/2_experiment/idb_rrt_strict_repro/runs/forestnav_adapter/run_1782412678934_10f510fb"", ""idb_rrt_returncode"": 1, ""idb_rrt_state_count"": 0}"
complex_s01_q0019,vanilla_ha,Complex,d20_inf,True,True,0.2959306240081787,218,22.768635096496197,,,0,0.2679017457312682,0.2193531460193736,0,0,0,0,False,,,,,"{""profile_name"": ""complex_d03"", ""map_seed"": 20370621, ""query_seed"": 20371625, ""evaluation_path_source"": ""trace_poses"", ""planner_path_pose_count"": 50, ""evaluation_path_pose_count"": 231}"
complex_s01_q0019,f_n3p_knn,Complex,d20_inf,True,True,0.30742444299539784,2,23.19476811575019,22.768635096496197,0.018715791150764716,0,0.07269072441251888,0.3545440628310994,0,0,0,0,False,2,2,1.0,,"{""profile_name"": ""complex_d03"", ""map_seed"": 20370621, ""query_seed"": 20371625}"
complex_s01_q0019,n3p_k1,Complex,d20_inf,True,True,0.3063730899957591,2,23.19476811575019,22.768635096496197,0.018715791150764716,0,0.07269072441251888,0.3545440628310994,0,0,0,0,False,2,2,1.0,,"{""profile_name"": ""complex_d03"", ""map_seed"": 20370621, ""query_seed"": 20371625}"
complex_s01_q0019,voronoi_waypoint,Complex,d20_inf,True,True,0.7641621229995508,5,23.967993921791273,22.768635096496197,0.052675921073531695,0,0.21418745815591966,0.34432844483378255,0,0,0,0,False,,,,,"{""profile_name"": ""complex_d03"", ""map_seed"": 20370621, ""query_seed"": 20371625, ""waypoint_count"": 4}"
complex_s01_q0019,bottleneck_waypoint,Complex,d20_inf,True,True,0.7664404919996741,5,22.71547379015738,22.768635096496197,-0.0023348481853880942,0,0.1205450656410809,0.5508124629762032,0,0,0,0,False,,,,,"{""profile_name"": ""complex_d03"", ""map_seed"": 20370621, ""query_seed"": 20371625, ""waypoint_count"": 4, ""bottleneck_count"": 4}"
complex_s01_q0019,improved_ha,Complex,d20_inf,True,True,0.2951228618621826,218,22.768635096496197,22.768635096496197,0.0,0,0.2679017457312682,0.2193531460193736,0,0,0,0,False,,,,,"{""profile_name"": ""complex_d03"", ""map_seed"": 20370621, ""query_seed"": 20371625, ""evaluation_path_source"": ""trace_poses"", ""planner_path_pose_count"": 50, ""evaluation_path_pose_count"": 231}"
complex_s01_q0019,lo_ha,Complex,d20_inf,True,True,0.17513227462768555,56,22.24896605639229,22.768635096496197,-0.022823899539936687,0,0.03755209343217329,0.07839239525434039,0,0,0,0,False,,,,,"{""profile_name"": ""complex_d03"", ""map_seed"": 20370621, ""query_seed"": 20371625, ""evaluation_path_source"": ""trace_poses"", ""planner_path_pose_count"": 59, ""evaluation_path_pose_count"": 225}"
complex_s01_q0019,ss_rrt,Complex,d20_inf,True,True,0.21413562200177694,83,22.559223248209776,22.768635096496197,-0.009197382601061066,0,0.15005919203454418,0.19890743701835711,0,0,0,0,False,,,,,"{""profile_name"": ""complex_d03"", ""map_seed"": 20370621, ""query_seed"": 20371625, ""rrt_iterations"": 94, ""evaluation_path_source"": ""planner_path"", ""planner_path_pose_count"": 279, ""evaluation_path_pose_count"": 279}"
complex_s01_q0019,idb_rrt,Complex,d20_inf,False,False,2.747183330000553,0,,22.768635096496197,,0,,,0,0,0,0,False,,,,idb_rrt_failed:returncode=1,"{""profile_name"": ""complex_d03"", ""map_seed"": 20370621, ""query_seed"": 20371625, ""idb_rrt_run_dir"": ""/home/ubuntu/ForestNav/2_experiment/idb_rrt_strict_repro/runs/forestnav_adapter/run_1782412684871_051604ee"", ""idb_rrt_returncode"": 1, ""idb_rrt_state_count"": 0}"
complex_s02_q0020,vanilla_ha,Complex,d08_12,True,True,0.8957228660583496,887,12.487409635552703,,,0,0.4499524000774535,0.06782004841245581,0,0,0,0,False,,,,,"{""profile_name"": ""complex_d04"", ""map_seed"": 20380620, ""query_seed"": 20381620, ""evaluation_path_source"": ""trace_poses"", ""planner_path_pose_count"": 36, ""evaluation_path_pose_count"": 127}"
complex_s02_q0020,f_n3p_knn,Complex,d08_12,True,True,0.8928173949971097,6,15.840453688204189,12.487409635552703,0.2685139793208262,2,0.3545976852171267,0.06327351082488658,0,0,0,0,False,6,6,1.0,,"{""profile_name"": ""complex_d04"", ""map_seed"": 20380620, ""query_seed"": 20381620}"
complex_s02_q0020,n3p_k1,Complex,d08_12,True,True,0.8875732390006306,6,15.840453688204189,12.487409635552703,0.2685139793208262,2,0.3545976852171267,0.06327351082488658,0,0,0,0,False,6,6,1.0,,"{""profile_name"": ""complex_d04"", ""map_seed"": 20380620, ""query_seed"": 20381620}"
complex_s02_q0020,voronoi_waypoint,Complex,d08_12,True,True,1.3162989970005583,921,14.30420416925159,12.487409635552703,0.145490104571113,3,0.5231340249807177,0.05828819010345637,0,0,0,0,False,,,,,"{""profile_name"": ""complex_d04"", ""map_seed"": 20380620, ""query_seed"": 20381620, ""waypoint_count"": 2}"
complex_s02_q0020,bottleneck_waypoint,Complex,d08_12,True,True,0.62899056400056,20,13.42214586623627,12.487409635552703,0.07485429388191878,1,0.42825360858730865,0.052775351379444835,0,0,0,0,False,,,,,"{""profile_name"": ""complex_d04"", ""map_seed"": 20380620, ""query_seed"": 20381620, ""waypoint_count"": 3, ""bottleneck_count"": 3}"
complex_s02_q0020,improved_ha,Complex,d08_12,True,True,0.8674330711364746,887,12.487409635552703,12.487409635552703,0.0,0,0.4499524000774535,0.06782004841245581,0,0,0,0,False,,,,,"{""profile_name"": ""complex_d04"", ""map_seed"": 20380620, ""query_seed"": 20381620, ""evaluation_path_source"": ""trace_poses"", ""planner_path_pose_count"": 36, ""evaluation_path_pose_count"": 127}"
complex_s02_q0020,lo_ha,Complex,d08_12,True,True,0.6849884986877441,1031,12.536906477881097,12.487409635552703,0.0039637397805443175,1,0.2805446330480585,0.06502382973378984,0,0,0,0,False,,,,,"{""profile_name"": ""complex_d04"", ""map_seed"": 20380620, ""query_seed"": 20381620, ""evaluation_path_source"": ""trace_poses"", ""planner_path_pose_count"": 39, ""evaluation_path_pose_count"": 127}"
complex_s02_q0020,ss_rrt,Complex,d08_12,True,True,0.20710433700151043,95,16.291677391044587,12.487409635552703,0.30464827106022163,0,0.42660047576470495,0.07931625423988042,0,0,0,0,False,,,,,"{""profile_name"": ""complex_d04"", ""map_seed"": 20380620, ""query_seed"": 20381620, ""rrt_iterations"": 209, ""evaluation_path_source"": ""planner_path"", ""planner_path_pose_count"": 197, ""evaluation_path_pose_count"": 197}"
complex_s02_q0020,idb_rrt,Complex,d08_12,False,False,1.6242124840064207,243,,12.487409635552703,,0,,,0,0,0,0,False,,,,collision_violation_rejected:114,"{""profile_name"": ""complex_d04"", ""map_seed"": 20380620, ""query_seed"": 20381620, ""idb_rrt_run_dir"": ""/home/ubuntu/ForestNav/2_experiment/idb_rrt_strict_repro/runs/forestnav_adapter/run_1782412703225_f6940f8d"", ""idb_rrt_returncode"": 0, ""idb_rrt_state_count"": 243, ""rejected_collision_violation_count"": 114, ""rejected_collision_path_length_m"": 12.088210137705794}"
complex_s02_q0021,vanilla_ha,Complex,d12_16,True,True,0.8436915874481201,817,16.115830100639617,,,1,0.36404082391894343,0.07255889639929214,0,0,0,0,False,,,,,"{""profile_name"": ""complex_d02"", ""map_seed"": 20380620, ""query_seed"": 20381621, ""evaluation_path_source"": ""trace_poses"", ""planner_path_pose_count"": 50, ""evaluation_path_pose_count"": 163}"
complex_s02_q0021,f_n3p_knn,Complex,d12_16,True,True,0.5344616799993673,41,16.127303512350167,16.115830100639617,0.0007119342682879726,3,0.29106118256491614,0.08232408517032952,0,21,1,0,True,1,2,0.5,,"{""profile_name"": ""complex_d02"", ""map_seed"": 20380620, ""query_seed"": 20381621}"
complex_s02_q0021,n3p_k1,Complex,d12_16,True,True,1.0660642049988382,762,15.536561840284666,16.115830100639617,-0.03594405356333219,0,0.22843229046696253,0.06238661560399622,0,0,1,0,True,1,1,1.0,,"{""profile_name"": ""complex_d02"", ""map_seed"": 20380620, ""query_seed"": 20381621}"
complex_s02_q0021,voronoi_waypoint,Complex,d12_16,True,True,0.7241729180022958,227,16.407553466227572,16.115830100639617,0.018101665490775964,1,0.24256258210178916,0.06726983436247547,0,0,0,0,False,,,,,"{""profile_name"": ""complex_d02"", ""map_seed"": 20380620, ""query_seed"": 20381621, ""waypoint_count"": 2}"
complex_s02_q0021,bottleneck_waypoint,Complex,d12_16,True,True,0.659270224001375,4,15.910892516610867,16.115830100639617,-0.012716539126372162,2,0.22579277207342413,0.0821759426416252,0,0,0,0,False,,,,,"{""profile_name"": ""complex_d02"", ""map_seed"": 20380620, ""query_seed"": 20381621, ""waypoint_count"": 3, ""bottleneck_count"": 3}"
complex_s02_q0021,improved_ha,Complex,d12_16,True,True,0.8470354080200195,817,16.115830100639617,16.115830100639617,0.0,1,0.36404082391894343,0.07255889639929214,0,0,0,0,False,,,,,"{""profile_name"": ""complex_d02"", ""map_seed"": 20380620, ""query_seed"": 20381621, ""evaluation_path_source"": ""trace_poses"", ""planner_path_pose_count"": 50, ""evaluation_path_pose_count"": 163}"
complex_s02_q0021,lo_ha,Complex,d12_16,True,True,0.2339308261871338,131,15.585686913484956,16.115830100639617,-0.03289580392967906,0,0.15069927041428144,0.10873176287033548,0,0,0,0,False,,,,,"{""profile_name"": ""complex_d02"", ""map_seed"": 20380620, ""query_seed"": 20381621, ""evaluation_path_source"": ""trace_poses"", ""planner_path_pose_count"": 48, ""evaluation_path_pose_count"": 158}"
complex_s02_q0021,ss_rrt,Complex,d12_16,False,False,2.501414655998815,2011,,16.115830100639617,,0,,,0,0,0,0,False,,,,timeout,"{""profile_name"": ""complex_d02"", ""map_seed"": 20380620, ""query_seed"": 20381621, ""rrt_iterations"": 1586, ""evaluation_path_source"": ""planner_path"", ""planner_path_pose_count"": 0, ""evaluation_path_pose_count"": 0}"
complex_s02_q0021,idb_rrt,Complex,d12_16,False,False,2.7505895420035813,0,,16.115830100639617,,0,,,0,0,0,0,False,,,,idb_rrt_failed:returncode=1,"{""profile_name"": ""complex_d02"", ""map_seed"": 20380620, ""query_seed"": 20381621, ""idb_rrt_run_dir"": ""/home/ubuntu/ForestNav/2_experiment/idb_rrt_strict_repro/runs/forestnav_adapter/run_1782412712326_930e1047"", ""idb_rrt_returncode"": 1, ""idb_rrt_state_count"": 0}"
complex_s02_q0022,vanilla_ha,Complex,d16_20,True,True,0.5416438579559326,680,17.452008820478223,,,0,0.19493343308912076,0.06898974860788643,0,0,0,0,False,,,,,"{""profile_name"": ""complex_d03"", ""map_seed"": 20380620, ""query_seed"": 20381622, ""evaluation_path_source"": ""trace_poses"", ""planner_path_pose_count"": 32, ""evaluation_path_pose_count"": 177}"
complex_s02_q0022,f_n3p_knn,Complex,d16_20,True,True,0.4978367080038879,3,20.790932915639925,17.452008820478223,0.1913203304850386,5,0.24686252692872782,0.10983377578282982,0,11,0,0,True,2,3,0.6666666666666666,,"{""profile_name"": ""complex_d03"", ""map_seed"": 20380620, ""query_seed"": 20381622}"
complex_s02_q0022,n3p_k1,Complex,d16_20,True,True,1.9733249790006084,1249,18.79026858942213,17.452008820478223,0.07668227667714622,1,0.22320843198762583,0.06207391012488073,0,0,2,0,True,2,2,1.0,,"{""profile_name"": ""complex_d03"", ""map_seed"": 20380620, ""query_seed"": 20381622}"
complex_s02_q0022,voronoi_waypoint,Complex,d16_20,True,True,0.678358641001978,22,19.957787748525316,17.452008820478223,0.1435811174417243,0,0.3190678315904438,0.07980567275211214,0,0,0,0,False,,,,,"{""profile_name"": ""complex_d03"", ""map_seed"": 20380620, ""query_seed"": 20381622, ""waypoint_count"": 3}"
complex_s02_q0022,bottleneck_waypoint,Complex,d16_20,True,True,0.819853200999205,5,20.24097303851184,17.452008820478223,0.15980763284746002,1,0.32370719640504514,0.17201822972442793,0,0,0,0,False,,,,,"{""profile_name"": ""complex_d03"", ""map_seed"": 20380620, ""query_seed"": 20381622, ""waypoint_count"": 4, ""bottleneck_count"": 4}"
complex_s02_q0022,improved_ha,Complex,d16_20,True,True,0.545419454574585,680,17.452008820478223,17.452008820478223,0.0,0,0.19493343308912076,0.06898974860788643,0,0,0,0,False,,,,,"{""profile_name"": ""complex_d03"", ""map_seed"": 20380620, ""query_seed"": 20381622, ""evaluation_path_source"": ""trace_poses"", ""planner_path_pose_count"": 32, ""evaluation_path_pose_count"": 177}"
complex_s02_q0022,lo_ha,Complex,d16_20,True,True,0.22606420516967773,201,17.732802498368514,17.452008820478223,0.01608947604706734,0,0.2254117566861715,0.06914375346358081,0,0,0,0,False,,,,,"{""profile_name"": ""complex_d03"", ""map_seed"": 20380620, ""query_seed"": 20381622, ""evaluation_path_source"": ""trace_poses"", ""planner_path_pose_count"": 25, ""evaluation_path_pose_count"": 179}"
complex_s02_q0022,ss_rrt,Complex,d16_20,False,False,2.5002335389945074,942,,17.452008820478223,,0,,,0,0,0,0,False,,,,timeout,"{""profile_name"": ""complex_d03"", ""map_seed"": 20380620, ""query_seed"": 20381622, ""rrt_iterations"": 1609, ""evaluation_path_source"": ""planner_path"", ""planner_path_pose_count"": 0, ""evaluation_path_pose_count"": 0}"
complex_s02_q0022,idb_rrt,Complex,d16_20,False,False,2.7514964180008974,0,,17.452008820478223,,0,,,0,0,0,0,False,,,,idb_rrt_failed:returncode=1,"{""profile_name"": ""complex_d03"", ""map_seed"": 20380620, ""query_seed"": 20381622, ""idb_rrt_run_dir"": ""/home/ubuntu/ForestNav/2_experiment/idb_rrt_strict_repro/runs/forestnav_adapter/run_1782412722923_37b04843"", ""idb_rrt_returncode"": 1, ""idb_rrt_state_count"": 0}"
complex_s02_q0023,vanilla_ha,Complex,d20_inf,False,False,2.501493215560913,6729,,,,0,,,0,0,0,0,False,,,,timeout,"{""profile_name"": ""complex_d04"", ""map_seed"": 20380620, ""query_seed"": 20381623, ""evaluation_path_source"": ""planner_path"", ""planner_path_pose_count"": 0, ""evaluation_path_pose_count"": 0}"
complex_s02_q0023,f_n3p_knn,Complex,d20_inf,True,True,1.967762271000538,786,29.502528406294275,,,4,0.29113355448548045,0.037256505597766054,0,66,1,0,True,0,7,0.0,,"{""profile_name"": ""complex_d04"", ""map_seed"": 20380620, ""query_seed"": 20381623}"
complex_s02_q0023,n3p_k1,Complex,d20_inf,False,False,4.362523631003569,9787,,,,0,,,0,0,1,1,True,0,0,,f2_failed:prediction:timeout;goal:node_budget_exhausted;f3_failed:timeout,"{""profile_name"": ""complex_d04"", ""map_seed"": 20380620, ""query_seed"": 20381623}"
complex_s02_q0023,voronoi_waypoint,Complex,d20_inf,True,True,1.373333643998194,434,29.21696175876491,,,0,0.2422981827861838,0.10928018826922059,0,0,0,0,False,,,,,"{""profile_name"": ""complex_d04"", ""map_seed"": 20380620, ""query_seed"": 20381623, ""waypoint_count"": 5}"
complex_s02_q0023,bottleneck_waypoint,Complex,d20_inf,True,True,0.969987566000782,6,29.076296291129953,,,0,0.24905154950327207,0.1152501651457174,0,0,0,0,False,,,,,"{""profile_name"": ""complex_d04"", ""map_seed"": 20380620, ""query_seed"": 20381623, ""waypoint_count"": 5, ""bottleneck_count"": 5}"
complex_s02_q0023,improved_ha,Complex,d20_inf,False,False,2.500328540802002,6521,,,,0,,,0,0,0,0,False,,,,timeout,"{""profile_name"": ""complex_d04"", ""map_seed"": 20380620, ""query_seed"": 20381623, ""evaluation_path_source"": ""planner_path"", ""planner_path_pose_count"": 0, ""evaluation_path_pose_count"": 0}"
complex_s02_q0023,lo_ha,Complex,d20_inf,False,False,2.500760793685913,6401,,,,0,,,0,0,0,0,False,,,,timeout,"{""profile_name"": ""complex_d04"", ""map_seed"": 20380620, ""query_seed"": 20381623, ""evaluation_path_source"": ""planner_path"", ""planner_path_pose_count"": 0, ""evaluation_path_pose_count"": 0}"
complex_s02_q0023,ss_rrt,Complex,d20_inf,True,True,0.47743187000014586,186,32.03185908392807,,,4,0.7456469964206482,0.10797394661331694,0,0,0,0,False,,,,,"{""profile_name"": ""complex_d04"", ""map_seed"": 20380620, ""query_seed"": 20381623, ""rrt_iterations"": 423, ""evaluation_path_source"": ""planner_path"", ""planner_path_pose_count"": 395, ""evaluation_path_pose_count"": 395}"
complex_s02_q0023,idb_rrt,Complex,d20_inf,False,False,2.7566092150009354,0,,,,0,,,0,0,0,0,False,,,,idb_rrt_failed:returncode=1,"{""profile_name"": ""complex_d04"", ""map_seed"": 20380620, ""query_seed"": 20381623, ""idb_rrt_run_dir"": ""/home/ubuntu/ForestNav/2_experiment/idb_rrt_strict_repro/runs/forestnav_adapter/run_1782412742389_dfaeeb29"", ""idb_rrt_returncode"": 1, ""idb_rrt_state_count"": 0}"
complex_s02_q0024,vanilla_ha,Complex,d08_12,True,True,2.2327961921691895,2925,9.593354155736819,,,0,0.17726382121220213,0.07106984546282258,0,0,0,0,False,,,,,"{""profile_name"": ""complex_d02"", ""map_seed"": 20380620, ""query_seed"": 20381624, ""evaluation_path_source"": ""trace_poses"", ""planner_path_pose_count"": 30, ""evaluation_path_pose_count"": 98}"
complex_s02_q0024,f_n3p_knn,Complex,d08_12,True,True,0.6405885030035279,360,9.72239228012792,9.593354155736819,0.01345078293747104,0,0.2899891369092681,0.10538840592715981,0,22,1,0,True,0,1,0.0,,"{""profile_name"": ""complex_d02"", ""map_seed"": 20380620, ""query_seed"": 20381624}"
complex_s02_q0024,n3p_k1,Complex,d08_12,True,True,3.0919637530023465,4271,9.593354155736819,9.593354155736819,0.0,0,0.17726382121220208,0.07106984546282258,0,0,1,1,True,0,0,,,"{""profile_name"": ""complex_d02"", ""map_seed"": 20380620, ""query_seed"": 20381624}"
complex_s02_q0024,voronoi_waypoint,Complex,d08_12,True,True,0.34989173999929335,26,9.801961880047884,9.593354155736819,0.02174502482912266,0,0.3580550072316606,0.09046534359804803,0,0,0,0,False,,,,,"{""profile_name"": ""complex_d02"", ""map_seed"": 20380620, ""query_seed"": 20381624, ""waypoint_count"": 1}"
complex_s02_q0024,bottleneck_waypoint,Complex,d08_12,True,True,0.47165212600521045,3,9.959247061169181,9.593354155736819,0.03814024787290471,2,0.29263171300573204,0.10859868673203177,0,0,0,0,False,,,,,"{""profile_name"": ""complex_d02"", ""map_seed"": 20380620, ""query_seed"": 20381624, ""waypoint_count"": 2, ""bottleneck_count"": 2}"
complex_s02_q0024,improved_ha,Complex,d08_12,True,True,2.2431437969207764,2925,9.593354155736819,9.593354155736819,0.0,0,0.17726382121220213,0.07106984546282258,0,0,0,0,False,,,,,"{""profile_name"": ""complex_d02"", ""map_seed"": 20380620, ""query_seed"": 20381624, ""evaluation_path_source"": ""trace_poses"", ""planner_path_pose_count"": 30, ""evaluation_path_pose_count"": 98}"
complex_s02_q0024,lo_ha,Complex,d08_12,True,True,2.361006259918213,4743,9.69656954050131,9.593354155736819,0.010759050806309345,2,0.2670952296257558,0.09721258292590773,0,0,0,0,False,,,,,"{""profile_name"": ""complex_d02"", ""map_seed"": 20380620, ""query_seed"": 20381624, ""evaluation_path_source"": ""trace_poses"", ""planner_path_pose_count"": 30, ""evaluation_path_pose_count"": 99}"
complex_s02_q0024,ss_rrt,Complex,d08_12,False,False,2.500376697993488,1812,,9.593354155736819,,0,,,0,0,0,0,False,,,,timeout,"{""profile_name"": ""complex_d02"", ""map_seed"": 20380620, ""query_seed"": 20381624, ""rrt_iterations"": 1880, ""evaluation_path_source"": ""planner_path"", ""planner_path_pose_count"": 0, ""evaluation_path_pose_count"": 0}"
complex_s02_q0024,idb_rrt,Complex,d08_12,False,False,0.8900394230004167,194,,9.593354155736819,,0,,,0,0,0,0,False,,,,collision_violation_rejected:57,"{""profile_name"": ""complex_d02"", ""map_seed"": 20380620, ""query_seed"": 20381624, ""idb_rrt_run_dir"": ""/home/ubuntu/ForestNav/2_experiment/idb_rrt_strict_repro/runs/forestnav_adapter/run_1782412759096_628f9e00"", ""idb_rrt_returncode"": 0, ""idb_rrt_state_count"": 194, ""rejected_collision_violation_count"": 57, ""rejected_collision_path_length_m"": 9.628205638848227}"
complex_s02_q0025,vanilla_ha,Complex,d12_16,True,True,0.2696561813354492,217,15.092645847247708,,,0,0.23572089355084605,0.05455924506757959,0,0,0,0,False,,,,,"{""profile_name"": ""complex_d03"", ""map_seed"": 20380621, ""query_seed"": 20381621, ""evaluation_path_source"": ""trace_poses"", ""planner_path_pose_count"": 29, ""evaluation_path_pose_count"": 154}"
complex_s02_q0025,f_n3p_knn,Complex,d12_16,True,True,0.3137944090049132,2,16.50651456679715,15.092645847247708,0.09367931467147472,4,0.15568724706148443,0.09153248275258019,0,12,0,0,True,0,2,0.0,,"{""profile_name"": ""complex_d03"", ""map_seed"": 20380621, ""query_seed"": 20381621}"
complex_s02_q0025,n3p_k1,Complex,d12_16,True,True,0.4198649620011565,170,15.215142248020685,15.092645847247708,0.00811629730219332,0,0.2259790189290655,0.11965552233717103,0,0,2,0,True,0,0,,,"{""profile_name"": ""complex_d03"", ""map_seed"": 20380621, ""query_seed"": 20381621}"
complex_s02_q0025,voronoi_waypoint,Complex,d12_16,True,True,0.4746306890010601,3,15.921453994762667,15.092645847247708,0.05491470189543346,0,0.23959300885357412,0.5509643762980683,0,0,0,0,False,,,,,"{""profile_name"": ""complex_d03"", ""map_seed"": 20380621, ""query_seed"": 20381621, ""waypoint_count"": 2}"
complex_s02_q0025,bottleneck_waypoint,Complex,d12_16,True,True,0.4764997279999079,3,15.693963619437175,15.092645847247708,0.03984177315729731,0,0.17015592891674863,0.5506977137369379,0,0,0,0,False,,,,,"{""profile_name"": ""complex_d03"", ""map_seed"": 20380621, ""query_seed"": 20381621, ""waypoint_count"": 2, ""bottleneck_count"": 2}"
complex_s02_q0025,improved_ha,Complex,d12_16,True,True,0.2709770202636719,217,15.092645847247708,15.092645847247708,0.0,0,0.23572089355084605,0.05455924506757959,0,0,0,0,False,,,,,"{""profile_name"": ""complex_d03"", ""map_seed"": 20380621, ""query_seed"": 20381621, ""evaluation_path_source"": ""trace_poses"", ""planner_path_pose_count"": 29, ""evaluation_path_pose_count"": 154}"
complex_s02_q0025,lo_ha,Complex,d12_16,True,True,0.17203021049499512,77,15.125011525691795,15.092645847247708,0.002144466833162273,0,0.10599059625419169,0.07980313385147675,0,0,0,0,False,,,,,"{""profile_name"": ""complex_d03"", ""map_seed"": 20380621, ""query_seed"": 20381621, ""evaluation_path_source"": ""trace_poses"", ""planner_path_pose_count"": 38, ""evaluation_path_pose_count"": 154}"
complex_s02_q0025,ss_rrt,Complex,d12_16,False,False,2.5026083049961017,2211,,15.092645847247708,,0,,,0,0,0,0,False,,,,timeout,"{""profile_name"": ""complex_d03"", ""map_seed"": 20380621, ""query_seed"": 20381621, ""rrt_iterations"": 1091, ""evaluation_path_source"": ""planner_path"", ""planner_path_pose_count"": 0, ""evaluation_path_pose_count"": 0}"
complex_s02_q0025,idb_rrt,Complex,d12_16,False,False,2.7536011900010635,0,,15.092645847247708,,0,,,0,0,0,0,False,,,,idb_rrt_failed:returncode=1,"{""profile_name"": ""complex_d03"", ""map_seed"": 20380621, ""query_seed"": 20381621, ""idb_rrt_run_dir"": ""/home/ubuntu/ForestNav/2_experiment/idb_rrt_strict_repro/runs/forestnav_adapter/run_1782412765926_ffa6a912"", ""idb_rrt_returncode"": 1, ""idb_rrt_state_count"": 0}"
complex_s02_q0026,vanilla_ha,Complex,d16_20,True,True,1.686906099319458,1837,19.67656716758693,,,0,0.10849709508088967,0.13673422522330647,0,0,0,0,False,,,,,"{""profile_name"": ""complex_d04"", ""map_seed"": 20380621, ""query_seed"": 20381622, ""evaluation_path_source"": ""trace_poses"", ""planner_path_pose_count"": 58, ""evaluation_path_pose_count"": 200}"
complex_s02_q0026,f_n3p_knn,Complex,d16_20,True,True,0.7356849279967719,443,22.579801804067873,19.67656716758693,0.14754782232865393,2,0.1426341981126898,0.16410322613039918,0,21,1,0,True,1,2,0.5,,"{""profile_name"": ""complex_d04"", ""map_seed"": 20380621, ""query_seed"": 20381622}"
complex_s02_q0026,n3p_k1,Complex,d16_20,True,True,0.5540149549997295,258,20.206172255857275,19.67656716758693,0.02691552259902119,0,0.19805520446817632,0.1162242622609565,0,0,1,0,True,1,1,1.0,,"{""profile_name"": ""complex_d04"", ""map_seed"": 20380621, ""query_seed"": 20381622}"
complex_s02_q0026,voronoi_waypoint,Complex,d16_20,True,True,0.7126034100001561,118,20.541639199446802,19.67656716758693,0.0439645810416005,0,0.23860333275159015,0.1322442573207524,0,0,0,0,False,,,,,"{""profile_name"": ""complex_d04"", ""map_seed"": 20380621, ""query_seed"": 20381622, ""waypoint_count"": 3}"
complex_s02_q0026,bottleneck_waypoint,Complex,d16_20,True,True,0.6214673299982678,4,22.773238387938683,19.67656716758693,0.15737863185062473,3,0.21968470831635242,0.31598487469457814,0,0,0,0,False,,,,,"{""profile_name"": ""complex_d04"", ""map_seed"": 20380621, ""query_seed"": 20381622, ""waypoint_count"": 3, ""bottleneck_count"": 3}"
complex_s02_q0026,improved_ha,Complex,d16_20,True,True,1.654252529144287,1837,19.67656716758693,19.67656716758693,0.0,0,0.10849709508088967,0.13673422522330647,0,0,0,0,False,,,,,"{""profile_name"": ""complex_d04"", ""map_seed"": 20380621, ""query_seed"": 20381622, ""evaluation_path_source"": ""trace_poses"", ""planner_path_pose_count"": 58, ""evaluation_path_pose_count"": 200}"
complex_s02_q0026,lo_ha,Complex,d16_20,False,False,2.504347085952759,3905,,19.67656716758693,,0,,,0,0,0,0,False,,,,timeout,"{""profile_name"": ""complex_d04"", ""map_seed"": 20380621, ""query_seed"": 20381622, ""evaluation_path_source"": ""planner_path"", ""planner_path_pose_count"": 0, ""evaluation_path_pose_count"": 0}"
complex_s02_q0026,ss_rrt,Complex,d16_20,False,False,2.50068966300023,763,,19.67656716758693,,0,,,0,0,0,0,False,,,,timeout,"{""profile_name"": ""complex_d04"", ""map_seed"": 20380621, ""query_seed"": 20381622, ""rrt_iterations"": 1313, ""evaluation_path_source"": ""planner_path"", ""planner_path_pose_count"": 0, ""evaluation_path_pose_count"": 0}"
complex_s02_q0026,idb_rrt,Complex,d16_20,False,False,0.8338317830057349,391,,19.67656716758693,,0,,,0,0,0,0,False,,,,collision_violation_rejected:70,"{""profile_name"": ""complex_d04"", ""map_seed"": 20380621, ""query_seed"": 20381622, ""idb_rrt_run_dir"": ""/home/ubuntu/ForestNav/2_experiment/idb_rrt_strict_repro/runs/forestnav_adapter/run_1782412779710_fd79f12f"", ""idb_rrt_returncode"": 0, ""idb_rrt_state_count"": 391, ""rejected_collision_violation_count"": 70, ""rejected_collision_path_length_m"": 19.49130387668324}"
complex_s02_q0027,vanilla_ha,Complex,d20_inf,True,True,0.3356173038482666,416,29.176496951804246,,,0,0.2655145150118885,0.07950531965623397,0,0,0,0,False,,,,,"{""profile_name"": ""complex_d02"", ""map_seed"": 20380621, ""query_seed"": 20381623, ""evaluation_path_source"": ""trace_poses"", ""planner_path_pose_count"": 82, ""evaluation_path_pose_count"": 295}"
complex_s02_q0027,f_n3p_knn,Complex,d20_inf,True,True,1.23060840999824,26,33.201543137610486,29.176496951804246,0.1379550873586739,4,0.2580412851743314,0.05228266617813898,0,53,1,0,True,3,7,0.42857142857142855,,"{""profile_name"": ""complex_d02"", ""map_seed"": 20380621, ""query_seed"": 20381623}"
complex_s02_q0027,n3p_k1,Complex,d20_inf,True,True,1.040599388004921,771,29.331524738777137,29.176496951804246,0.005313447574908592,2,0.26574472721118747,0.08062547936445619,0,0,2,0,True,1,1,1.0,,"{""profile_name"": ""complex_d02"", ""map_seed"": 20380621, ""query_seed"": 20381623}"
complex_s02_q0027,voronoi_waypoint,Complex,d20_inf,True,True,0.9180272340017837,18,30.614651949789888,29.176496951804246,0.049291558214177744,0,0.22847653486312958,0.07496345651402292,0,0,0,0,False,,,,,"{""profile_name"": ""complex_d02"", ""map_seed"": 20380621, ""query_seed"": 20381623, ""waypoint_count"": 5}"
complex_s02_q0027,bottleneck_waypoint,Complex,d20_inf,True,True,0.9085876919998555,6,30.549264094977413,29.176496951804246,0.047050444247669576,0,0.22743136877978204,0.15162079351665603,0,0,0,0,False,,,,,"{""profile_name"": ""complex_d02"", ""map_seed"": 20380621, ""query_seed"": 20381623, ""waypoint_count"": 5, ""bottleneck_count"": 5}"
complex_s02_q0027,improved_ha,Complex,d20_inf,True,True,0.326570987701416,416,29.176496951804246,29.176496951804246,0.0,0,0.2655145150118885,0.07950531965623397,0,0,0,0,False,,,,,"{""profile_name"": ""complex_d02"", ""map_seed"": 20380621, ""query_seed"": 20381623, ""evaluation_path_source"": ""trace_poses"", ""planner_path_pose_count"": 82, ""evaluation_path_pose_count"": 295}"
complex_s02_q0027,lo_ha,Complex,d20_inf,True,True,0.25531554222106934,243,29.74645495590568,29.176496951804246,0.01953483329554362,2,0.14626928541026488,0.0560506846824097,0,0,0,0,False,,,,,"{""profile_name"": ""complex_d02"", ""map_seed"": 20380621, ""query_seed"": 20381623, ""evaluation_path_source"": ""trace_poses"", ""planner_path_pose_count"": 98, ""evaluation_path_pose_count"": 300}"
complex_s02_q0027,ss_rrt,Complex,d20_inf,True,True,0.6540980970021337,223,33.94370583390034,29.176496951804246,0.1633920922710803,0,0.44485407330581983,0.08286648742442448,0,0,0,0,False,,,,,"{""profile_name"": ""complex_d02"", ""map_seed"": 20380621, ""query_seed"": 20381623, ""rrt_iterations"": 483, ""evaluation_path_source"": ""planner_path"", ""planner_path_pose_count"": 415, ""evaluation_path_pose_count"": 415}"
complex_s02_q0027,idb_rrt,Complex,d20_inf,False,False,2.747892403000151,0,,29.176496951804246,,0,,,0,0,0,0,False,,,,idb_rrt_failed:returncode=1,"{""profile_name"": ""complex_d02"", ""map_seed"": 20380621, ""query_seed"": 20381623, ""idb_rrt_run_dir"": ""/home/ubuntu/ForestNav/2_experiment/idb_rrt_strict_repro/runs/forestnav_adapter/run_1782412786294_7bfec2e0"", ""idb_rrt_returncode"": 1, ""idb_rrt_state_count"": 0}"
complex_s02_q0028,vanilla_ha,Complex,d08_12,True,True,0.6350326538085938,805,11.659446778950032,,,0,0.17813743690637365,0.07557930085057996,0,0,0,0,False,,,,,"{""profile_name"": ""complex_d03"", ""map_seed"": 20380621, ""query_seed"": 20381624, ""evaluation_path_source"": ""trace_poses"", ""planner_path_pose_count"": 19, ""evaluation_path_pose_count"": 119}"
complex_s02_q0028,f_n3p_knn,Complex,d08_12,True,True,0.33787835799739696,7,12.128920991746574,11.659446778950032,0.040265565056150976,0,0.19095953945819294,0.07203124456749821,0,31,1,0,True,0,1,0.0,,"{""profile_name"": ""complex_d03"", ""map_seed"": 20380621, ""query_seed"": 20381624}"
complex_s02_q0028,n3p_k1,Complex,d08_12,True,True,0.6417191840009764,805,11.659446778950032,11.659446778950032,0.0,0,0.17813743690637365,0.07557930085057996,0,0,1,0,True,0,0,,,"{""profile_name"": ""complex_d03"", ""map_seed"": 20380621, ""query_seed"": 20381624}"
complex_s02_q0028,voronoi_waypoint,Complex,d08_12,True,True,0.47674162600014824,3,13.371088384093467,11.659446778950032,0.14680298624748067,2,0.328858938803059,0.0942616889960256,0,0,0,0,False,,,,,"{""profile_name"": ""complex_d03"", ""map_seed"": 20380621, ""query_seed"": 20381624, ""waypoint_count"": 2}"
complex_s02_q0028,bottleneck_waypoint,Complex,d08_12,True,True,0.6215640809969045,4,13.03776522766742,11.659446778950032,0.11821473821603634,0,0.36339508844130874,0.08032798777930616,0,0,0,0,False,,,,,"{""profile_name"": ""complex_d03"", ""map_seed"": 20380621, ""query_seed"": 20381624, ""waypoint_count"": 3, ""bottleneck_count"": 3}"
complex_s02_q0028,improved_ha,Complex,d08_12,True,True,0.603978157043457,805,11.659446778950032,11.659446778950032,0.0,0,0.17813743690637365,0.07557930085057996,0,0,0,0,False,,,,,"{""profile_name"": ""complex_d03"", ""map_seed"": 20380621, ""query_seed"": 20381624, ""evaluation_path_source"": ""trace_poses"", ""planner_path_pose_count"": 19, ""evaluation_path_pose_count"": 119}"
complex_s02_q0028,lo_ha,Complex,d08_12,True,True,0.3828318119049072,751,11.631461765829707,11.659446778950032,-0.0024002007686033666,0,0.13966458327767972,0.07512143204642341,0,0,0,0,False,,,,,"{""profile_name"": ""complex_d03"", ""map_seed"": 20380621, ""query_seed"": 20381624, ""evaluation_path_source"": ""trace_poses"", ""planner_path_pose_count"": 22, ""evaluation_path_pose_count"": 118}"
complex_s02_q0028,ss_rrt,Complex,d08_12,True,True,0.5462599800011958,210,12.337370662012466,11.659446778950032,0.058143743516747115,0,0.4595729109525833,0.09451094486351441,0,0,0,0,False,,,,,"{""profile_name"": ""complex_d03"", ""map_seed"": 20380621, ""query_seed"": 20381624, ""rrt_iterations"": 482, ""evaluation_path_source"": ""planner_path"", ""planner_path_pose_count"": 151, ""evaluation_path_pose_count"": 151}"
complex_s02_q0028,idb_rrt,Complex,d08_12,False,False,0.5678535769984592,232,,11.659446778950032,,0,,,0,0,0,0,False,,,,collision_violation_rejected:62,"{""profile_name"": ""complex_d03"", ""map_seed"": 20380621, ""query_seed"": 20381624, ""idb_rrt_run_dir"": ""/home/ubuntu/ForestNav/2_experiment/idb_rrt_strict_repro/runs/forestnav_adapter/run_1782412793348_7dd224a9"", ""idb_rrt_returncode"": 0, ""idb_rrt_state_count"": 232, ""rejected_collision_violation_count"": 62, ""rejected_collision_path_length_m"": 11.541031634710926}"
complex_s02_q0029,vanilla_ha,Complex,d12_16,True,True,0.2822303771972656,173,15.80789487445413,,,0,0.28655972047555217,0.07909148850981751,0,0,0,0,False,,,,,"{""profile_name"": ""complex_d04"", ""map_seed"": 20380621, ""query_seed"": 20381625, ""evaluation_path_source"": ""trace_poses"", ""planner_path_pose_count"": 46, ""evaluation_path_pose_count"": 160}"
complex_s02_q0029,f_n3p_knn,Complex,d12_16,True,True,0.6135557269954006,10,15.797832833492754,15.80789487445413,-0.0006365199820272949,2,0.21522345437581986,0.07447711109604904,0,30,1,0,True,0,3,0.0,,"{""profile_name"": ""complex_d04"", ""map_seed"": 20380621, ""query_seed"": 20381625}"
complex_s02_q0029,n3p_k1,Complex,d12_16,True,True,0.2962592690018937,173,15.80789487445413,15.80789487445413,0.0,0,0.28655972047555217,0.07909148850981751,0,0,1,0,True,0,0,,,"{""profile_name"": ""complex_d04"", ""map_seed"": 20380621, ""query_seed"": 20381625}"
complex_s02_q0029,voronoi_waypoint,Complex,d12_16,True,True,0.6169258390000323,4,17.010990364656013,15.80789487445413,0.07610725525168505,0,0.21892442250877403,0.6171148966061726,0,0,0,0,False,,,,,"{""profile_name"": ""complex_d04"", ""map_seed"": 20380621, ""query_seed"": 20381625, ""waypoint_count"": 3}"
complex_s02_q0029,bottleneck_waypoint,Complex,d12_16,True,True,0.47821723599918187,3,17.0093226070543,15.80789487445413,0.07600175368965179,0,0.17993978421405663,0.48630571626599595,0,0,0,0,False,,,,,"{""profile_name"": ""complex_d04"", ""map_seed"": 20380621, ""query_seed"": 20381625, ""waypoint_count"": 2, ""bottleneck_count"": 2}"
complex_s02_q0029,improved_ha,Complex,d12_16,True,True,0.28275346755981445,173,15.80789487445413,15.80789487445413,0.0,0,0.28655972047555217,0.07909148850981751,0,0,0,0,False,,,,,"{""profile_name"": ""complex_d04"", ""map_seed"": 20380621, ""query_seed"": 20381625, ""evaluation_path_source"": ""trace_poses"", ""planner_path_pose_count"": 46, ""evaluation_path_pose_count"": 160}"
complex_s02_q0029,lo_ha,Complex,d12_16,True,True,0.18688035011291504,94,15.960379912122157,15.80789487445413,0.009646131814454728,2,0.18699547690751817,0.06553090404671802,0,0,0,0,False,,,,,"{""profile_name"": ""complex_d04"", ""map_seed"": 20380621, ""query_seed"": 20381625, ""evaluation_path_source"": ""trace_poses"", ""planner_path_pose_count"": 45, ""evaluation_path_pose_count"": 162}"
complex_s02_q0029,ss_rrt,Complex,d12_16,True,True,0.9037311030042474,565,16.060490427347922,15.80789487445413,0.015979075955394384,0,0.3896345240174663,0.0712122642170061,0,0,0,0,False,,,,,"{""profile_name"": ""complex_d04"", ""map_seed"": 20380621, ""query_seed"": 20381625, ""rrt_iterations"": 533, ""evaluation_path_source"": ""planner_path"", ""planner_path_pose_count"": 201, ""evaluation_path_pose_count"": 201}"
complex_s02_q0029,idb_rrt,Complex,d12_16,False,False,2.747310459999426,0,,15.80789487445413,,0,,,0,0,0,0,False,,,,idb_rrt_failed:returncode=1,"{""profile_name"": ""complex_d04"", ""map_seed"": 20380621, ""query_seed"": 20381625, ""idb_rrt_run_dir"": ""/home/ubuntu/ForestNav/2_experiment/idb_rrt_strict_repro/runs/forestnav_adapter/run_1782412797644_5ac15bde"", ""idb_rrt_returncode"": 1, ""idb_rrt_state_count"": 0}"
complex_s03_q0030,vanilla_ha,Complex,d16_20,False,False,2.5004398822784424,3688,,,,0,,,0,0,0,0,False,,,,timeout,"{""profile_name"": ""complex_d02"", ""map_seed"": 20390620, ""query_seed"": 20391620, ""evaluation_path_source"": ""planner_path"", ""planner_path_pose_count"": 0, ""evaluation_path_pose_count"": 0}"
complex_s03_q0030,f_n3p_knn,Complex,d16_20,False,False,3.822316846999456,4864,,,,0,,,0,25,1,1,True,0,2,0.0,f2_failed:prediction:goal_in_collision;goal:timeout;f3_failed:timeout,"{""profile_name"": ""complex_d02"", ""map_seed"": 20390620, ""query_seed"": 20391620}"
complex_s03_q0030,n3p_k1,Complex,d16_20,False,False,3.66523346699978,5210,,,,0,,,0,0,2,1,True,0,0,,f2_failed:prediction:goal_in_collision;goal:timeout;f3_failed:timeout,"{""profile_name"": ""complex_d02"", ""map_seed"": 20390620, ""query_seed"": 20391620}"
complex_s03_q0030,voronoi_waypoint,Complex,d16_20,True,True,0.8286905310014845,95,24.68222939510744,,,3,0.3048942119740904,0.09850523243170739,0,0,0,0,False,,,,,"{""profile_name"": ""complex_d02"", ""map_seed"": 20390620, ""query_seed"": 20391620, ""waypoint_count"": 4}"
complex_s03_q0030,bottleneck_waypoint,Complex,d16_20,True,True,0.7654252349966555,5,25.02663990297321,,,3,0.3013516086459434,0.11383762507371986,0,0,0,0,False,,,,,"{""profile_name"": ""complex_d02"", ""map_seed"": 20390620, ""query_seed"": 20391620, ""waypoint_count"": 4, ""bottleneck_count"": 4}"
complex_s03_q0030,improved_ha,Complex,d16_20,False,False,2.5003602504730225,3698,,,,0,,,0,0,0,0,False,,,,timeout,"{""profile_name"": ""complex_d02"", ""map_seed"": 20390620, ""query_seed"": 20391620, ""evaluation_path_source"": ""planner_path"", ""planner_path_pose_count"": 0, ""evaluation_path_pose_count"": 0}"
complex_s03_q0030,lo_ha,Complex,d16_20,False,False,2.5001118183135986,5313,,,,0,,,0,0,0,0,False,,,,timeout,"{""profile_name"": ""complex_d02"", ""map_seed"": 20390620, ""query_seed"": 20391620, ""evaluation_path_source"": ""planner_path"", ""planner_path_pose_count"": 0, ""evaluation_path_pose_count"": 0}"
complex_s03_q0030,ss_rrt,Complex,d16_20,False,False,2.503598481998779,2315,,,,0,,,0,0,0,0,False,,,,timeout,"{""profile_name"": ""complex_d02"", ""map_seed"": 20390620, ""query_seed"": 20391620, ""rrt_iterations"": 1178, ""evaluation_path_source"": ""planner_path"", ""planner_path_pose_count"": 0, ""evaluation_path_pose_count"": 0}"
complex_s03_q0030,idb_rrt,Complex,d16_20,False,False,2.745604119001655,0,,,,0,,,0,0,0,0,False,,,,idb_rrt_failed:returncode=1,"{""profile_name"": ""complex_d02"", ""map_seed"": 20390620, ""query_seed"": 20391620, ""idb_rrt_run_dir"": ""/home/ubuntu/ForestNav/2_experiment/idb_rrt_strict_repro/runs/forestnav_adapter/run_1782412820305_62105236"", ""idb_rrt_returncode"": 1, ""idb_rrt_state_count"": 0}"
complex_s03_q0031,vanilla_ha,Complex,d20_inf,False,False,2.500143527984619,3605,,,,0,,,0,0,0,0,False,,,,timeout,"{""profile_name"": ""complex_d03"", ""map_seed"": 20390620, ""query_seed"": 20391621, ""evaluation_path_source"": ""planner_path"", ""planner_path_pose_count"": 0, ""evaluation_path_pose_count"": 0}"
complex_s03_q0031,f_n3p_knn,Complex,d20_inf,True,True,0.7599836880035582,5,22.71742079904863,,,0,0.2458242776308421,0.08414910488592497,0,20,0,0,True,1,5,0.2,,"{""profile_name"": ""complex_d03"", ""map_seed"": 20390620, ""query_seed"": 20391621}"
complex_s03_q0031,n3p_k1,Complex,d20_inf,True,True,0.3744941709956038,117,21.768929627978025,,,0,0.15417818483742673,0.10574312043710787,0,0,2,0,True,0,0,,,"{""profile_name"": ""complex_d03"", ""map_seed"": 20390620, ""query_seed"": 20391621}"
complex_s03_q0031,voronoi_waypoint,Complex,d20_inf,True,True,0.7568202629990992,5,24.179276362996948,,,0,0.26507750935224655,0.2919791839495469,0,0,0,0,False,,,,,"{""profile_name"": ""complex_d03"", ""map_seed"": 20390620, ""query_seed"": 20391621, ""waypoint_count"": 4}"
complex_s03_q0031,bottleneck_waypoint,Complex,d20_inf,True,True,0.7596630940024625,5,23.442245908080203,,,0,0.27409405525211317,0.6292768257308077,0,0,0,0,False,,,,,"{""profile_name"": ""complex_d03"", ""map_seed"": 20390620, ""query_seed"": 20391621, ""waypoint_count"": 4, ""bottleneck_count"": 4}"
complex_s03_q0031,improved_ha,Complex,d20_inf,False,False,2.502429246902466,3669,,,,0,,,0,0,0,0,False,,,,timeout,"{""profile_name"": ""complex_d03"", ""map_seed"": 20390620, ""query_seed"": 20391621, ""evaluation_path_source"": ""planner_path"", ""planner_path_pose_count"": 0, ""evaluation_path_pose_count"": 0}"
complex_s03_q0031,lo_ha,Complex,d20_inf,True,True,0.8217840194702148,1721,22.22305747875887,,,0,0.10208344355078683,0.0805279026637784,0,0,0,0,False,,,,,"{""profile_name"": ""complex_d03"", ""map_seed"": 20390620, ""query_seed"": 20391621, ""evaluation_path_source"": ""trace_poses"", ""planner_path_pose_count"": 59, ""evaluation_path_pose_count"": 224}"
complex_s03_q0031,ss_rrt,Complex,d20_inf,True,True,0.33697094099625247,93,21.545049262885385,,,0,0.16495808035320972,0.07116311396513364,0,0,0,0,False,,,,,"{""profile_name"": ""complex_d03"", ""map_seed"": 20390620, ""query_seed"": 20391621, ""rrt_iterations"": 69, ""evaluation_path_source"": ""planner_path"", ""planner_path_pose_count"": 267, ""evaluation_path_pose_count"": 267}"
complex_s03_q0031,idb_rrt,Complex,d20_inf,False,False,2.745302017996437,0,,,,0,,,0,0,0,0,False,,,,idb_rrt_failed:returncode=1,"{""profile_name"": ""complex_d03"", ""map_seed"": 20390620, ""query_seed"": 20391621, ""idb_rrt_run_dir"": ""/home/ubuntu/ForestNav/2_experiment/idb_rrt_strict_repro/runs/forestnav_adapter/run_1782412831925_248c3a0c"", ""idb_rrt_returncode"": 1, ""idb_rrt_state_count"": 0}"
complex_s03_q0032,vanilla_ha,Complex,d08_12,True,True,0.14307355880737305,1,8.158431221748454,,,0,0.0,0.17268439352212916,0,0,0,0,False,,,,,"{""profile_name"": ""complex_d04"", ""map_seed"": 20390620, ""query_seed"": 20391622, ""evaluation_path_source"": ""trace_poses"", ""planner_path_pose_count"": 2, ""evaluation_path_pose_count"": 83}"
complex_s03_q0032,f_n3p_knn,Complex,d08_12,True,True,0.00039765499968780205,0,8.158431221748454,8.158431221748454,0.0,0,2.7216581091363814e-17,0.17268439352212916,0,0,0,0,False,0,0,,,"{""profile_name"": ""complex_d04"", ""map_seed"": 20390620, ""query_seed"": 20391622}"
complex_s03_q0032,n3p_k1,Complex,d08_12,True,True,0.0003749290044652298,0,8.158431221748454,8.158431221748454,0.0,0,2.7216581091363814e-17,0.17268439352212916,0,0,0,0,False,0,0,,,"{""profile_name"": ""complex_d04"", ""map_seed"": 20390620, ""query_seed"": 20391622}"
complex_s03_q0032,voronoi_waypoint,Complex,d08_12,True,True,0.4043620619995636,76,9.77108441962206,8.158431221748454,0.19766707030325303,1,0.41511900185194617,0.10362727764085577,0,0,0,0,False,,,,,"{""profile_name"": ""complex_d04"", ""map_seed"": 20390620, ""query_seed"": 20391622, ""waypoint_count"": 1}"
complex_s03_q0032,bottleneck_waypoint,Complex,d08_12,True,True,0.3317354390019318,6,10.230422040238524,8.158431221748454,0.25396926960254707,1,0.2999682821751938,0.3378516276037554,0,0,0,0,False,,,,,"{""profile_name"": ""complex_d04"", ""map_seed"": 20390620, ""query_seed"": 20391622, ""waypoint_count"": 1, ""bottleneck_count"": 1}"
complex_s03_q0032,improved_ha,Complex,d08_12,True,True,0.1431112289428711,1,8.158431221748454,8.158431221748454,0.0,0,0.0,0.17268439352212916,0,0,0,0,False,,,,,"{""profile_name"": ""complex_d04"", ""map_seed"": 20390620, ""query_seed"": 20391622, ""evaluation_path_source"": ""trace_poses"", ""planner_path_pose_count"": 2, ""evaluation_path_pose_count"": 83}"
complex_s03_q0032,lo_ha,Complex,d08_12,True,True,0.14217877388000488,1,8.158431221748454,8.158431221748454,0.0,0,0.0,0.17268439352212916,0,0,0,0,False,,,,,"{""profile_name"": ""complex_d04"", ""map_seed"": 20390620, ""query_seed"": 20391622, ""evaluation_path_source"": ""trace_poses"", ""planner_path_pose_count"": 2, ""evaluation_path_pose_count"": 83}"
complex_s03_q0032,ss_rrt,Complex,d08_12,True,True,0.00031303599826060236,2,8.158431221748456,8.158431221748454,2.220446049250313e-16,0,1.088663243654552e-16,0.17268439352212916,0,0,0,0,False,,,,,"{""profile_name"": ""complex_d04"", ""map_seed"": 20390620, ""query_seed"": 20391622, ""rrt_iterations"": 0, ""evaluation_path_source"": ""planner_path"", ""planner_path_pose_count"": 83, ""evaluation_path_pose_count"": 83}"
complex_s03_q0032,idb_rrt,Complex,d08_12,True,True,0.5826410029985709,165,8.15849000065744,8.158431221748454,7.204682786365879e-06,0,0.004978862509695587,0.17390690439636813,0,0,0,0,False,,,,,"{""profile_name"": ""complex_d04"", ""map_seed"": 20390620, ""query_seed"": 20391622, ""idb_rrt_run_dir"": ""/home/ubuntu/ForestNav/2_experiment/idb_rrt_strict_repro/runs/forestnav_adapter/run_1782412835891_358af2eb"", ""idb_rrt_returncode"": 0, ""idb_rrt_state_count"": 165}"
complex_s03_q0033,vanilla_ha,Complex,d12_16,True,True,0.16900396347045898,33,14.904007669971142,,,0,0.09219168279921262,0.08152519832634364,0,0,0,0,False,,,,,"{""profile_name"": ""complex_d02"", ""map_seed"": 20390620, ""query_seed"": 20391623, ""evaluation_path_source"": ""trace_poses"", ""planner_path_pose_count"": 12, ""evaluation_path_pose_count"": 151}"
complex_s03_q0033,f_n3p_knn,Complex,d12_16,True,True,0.49446647000149824,3,20.37039480956424,14.904007669971142,0.36677296876375554,1,0.09679699185764562,0.07781608924251548,0,8,0,0,True,1,3,0.3333333333333333,,"{""profile_name"": ""complex_d02"", ""map_seed"": 20390620, ""query_seed"": 20391623}"
complex_s03_q0033,n3p_k1,Complex,d12_16,True,True,1.4521496339948499,982,15.48439041749939,14.904007669971142,0.038941388140695476,0,0.15499480026593002,0.07781608924251548,0,0,1,0,True,1,1,1.0,,"{""profile_name"": ""complex_d02"", ""map_seed"": 20390620, ""query_seed"": 20391623}"
complex_s03_q0033,voronoi_waypoint,Complex,d12_16,True,True,0.5343889270006912,31,15.584964413402057,14.904007669971142,0.04568950570274599,0,0.29809699486234104,0.0677623558133178,0,0,0,0,False,,,,,"{""profile_name"": ""complex_d02"", ""map_seed"": 20390620, ""query_seed"": 20391623, ""waypoint_count"": 2}"
complex_s03_q0033,bottleneck_waypoint,Complex,d12_16,True,True,0.6691240170039237,4,15.633970405929405,14.904007669971142,0.04897761408355983,0,0.3087731465553464,0.36381284693324645,0,0,0,0,False,,,,,"{""profile_name"": ""complex_d02"", ""map_seed"": 20390620, ""query_seed"": 20391623, ""waypoint_count"": 3, ""bottleneck_count"": 3}"
complex_s03_q0033,improved_ha,Complex,d12_16,True,True,0.17531394958496094,33,14.904007669971142,14.904007669971142,0.0,0,0.09219168279921262,0.08152519832634364,0,0,0,0,False,,,,,"{""profile_name"": ""complex_d02"", ""map_seed"": 20390620, ""query_seed"": 20391623, ""evaluation_path_source"": ""trace_poses"", ""planner_path_pose_count"": 12, ""evaluation_path_pose_count"": 151}"
complex_s03_q0033,lo_ha,Complex,d12_16,True,True,0.17103147506713867,41,14.863368368155216,14.904007669971142,-0.002726736507107863,0,0.05200277922996822,0.09866308902349874,0,0,0,0,False,,,,,"{""profile_name"": ""complex_d02"", ""map_seed"": 20390620, ""query_seed"": 20391623, ""evaluation_path_source"": ""trace_poses"", ""planner_path_pose_count"": 15, ""evaluation_path_pose_count"": 151}"
complex_s03_q0033,ss_rrt,Complex,d12_16,True,True,0.1161174060034682,46,15.358336953748974,14.904007669971142,0.030483699004880682,0,0.37817297103724495,0.09397112744710412,0,0,0,0,False,,,,,"{""profile_name"": ""complex_d02"", ""map_seed"": 20390620, ""query_seed"": 20391623, ""rrt_iterations"": 44, ""evaluation_path_source"": ""planner_path"", ""planner_path_pose_count"": 189, ""evaluation_path_pose_count"": 189}"
complex_s03_q0033,idb_rrt,Complex,d12_16,False,False,2.1083789780022926,295,,14.904007669971142,,0,,,0,0,0,0,False,,,,collision_violation_rejected:32,"{""profile_name"": ""complex_d02"", ""map_seed"": 20390620, ""query_seed"": 20391623, ""idb_rrt_run_dir"": ""/home/ubuntu/ForestNav/2_experiment/idb_rrt_strict_repro/runs/forestnav_adapter/run_1782412840322_bdeeaf31"", ""idb_rrt_returncode"": 0, ""idb_rrt_state_count"": 295, ""rejected_collision_violation_count"": 32, ""rejected_collision_path_length_m"": 14.699804603491655}"
complex_s03_q0034,vanilla_ha,Complex,d16_20,True,True,0.2715744972229004,281,17.182983861760604,,,0,0.11644924388755147,0.07459461773068676,0,0,0,0,False,,,,,"{""profile_name"": ""complex_d03"", ""map_seed"": 20390620, ""query_seed"": 20391624, ""evaluation_path_source"": ""trace_poses"", ""planner_path_pose_count"": 20, ""evaluation_path_pose_count"": 174}"
complex_s03_q0034,f_n3p_knn,Complex,d16_20,True,True,0.15299883499392308,1,16.860789853204516,17.182983861760604,-0.01875076012106991,0,0.06167894024365327,0.17980784726672727,0,2,0,0,True,0,1,0.0,,"{""profile_name"": ""complex_d03"", ""map_seed"": 20390620, ""query_seed"": 20391624}"
complex_s03_q0034,n3p_k1,Complex,d16_20,True,True,0.3635254639957566,321,16.855006827910117,17.182983861760604,-0.019087315479610956,0,0.08280587728322548,0.06467338241355458,0,0,1,0,True,0,0,,,"{""profile_name"": ""complex_d03"", ""map_seed"": 20390620, ""query_seed"": 20391624}"
complex_s03_q0034,voronoi_waypoint,Complex,d16_20,True,True,0.9792093349969946,487,18.31753483001101,17.182983861760604,0.06602758737236902,0,0.25695323534989634,0.1190870657326526,0,0,0,0,False,,,,,"{""profile_name"": ""complex_d03"", ""map_seed"": 20390620, ""query_seed"": 20391624, ""waypoint_count"": 3}"
complex_s03_q0034,bottleneck_waypoint,Complex,d16_20,True,True,0.6065100340056233,4,18.08680471110256,17.182983861760604,0.05259976128787147,0,0.23138035665910225,0.1798078472667307,0,0,0,0,False,,,,,"{""profile_name"": ""complex_d03"", ""map_seed"": 20390620, ""query_seed"": 20391624, ""waypoint_count"": 3, ""bottleneck_count"": 3}"
complex_s03_q0034,improved_ha,Complex,d16_20,True,True,0.2706329822540283,281,17.182983861760604,17.182983861760604,0.0,0,0.11644924388755147,0.07459461773068676,0,0,0,0,False,,,,,"{""profile_name"": ""complex_d03"", ""map_seed"": 20390620, ""query_seed"": 20391624, ""evaluation_path_source"": ""trace_poses"", ""planner_path_pose_count"": 20, ""evaluation_path_pose_count"": 174}"
complex_s03_q0034,lo_ha,Complex,d16_20,True,True,0.18196654319763184,129,17.287524258823524,17.182983861760604,0.006083948975565745,0,0.1186625398474624,0.10206588942080408,0,0,0,0,False,,,,,"{""profile_name"": ""complex_d03"", ""map_seed"": 20390620, ""query_seed"": 20391624, ""evaluation_path_source"": ""trace_poses"", ""planner_path_pose_count"": 16, ""evaluation_path_pose_count"": 175}"
complex_s03_q0034,ss_rrt,Complex,d16_20,True,True,0.3247669910051627,186,22.30257733617704,17.182983861760604,0.29794554401053097,0,0.33858003641032264,0.1120495429511057,0,0,0,0,False,,,,,"{""profile_name"": ""complex_d03"", ""map_seed"": 20390620, ""query_seed"": 20391624, ""rrt_iterations"": 198, ""evaluation_path_source"": ""planner_path"", ""planner_path_pose_count"": 269, ""evaluation_path_pose_count"": 269}"
complex_s03_q0034,idb_rrt,Complex,d16_20,False,False,1.2267190829952597,336,,17.182983861760604,,0,,,0,0,0,0,False,,,,collision_violation_rejected:35,"{""profile_name"": ""complex_d03"", ""map_seed"": 20390620, ""query_seed"": 20391624, ""idb_rrt_run_dir"": ""/home/ubuntu/ForestNav/2_experiment/idb_rrt_strict_repro/runs/forestnav_adapter/run_1782412845648_38f515db"", ""idb_rrt_returncode"": 0, ""idb_rrt_state_count"": 336, ""rejected_collision_violation_count"": 35, ""rejected_collision_path_length_m"": 16.738567587857773}"
complex_s03_q0035,vanilla_ha,Complex,d20_inf,True,True,2.419602870941162,3307,23.290130558018813,,,0,0.18827373310848372,0.068643023501048,0,0,0,0,False,,,,,"{""profile_name"": ""complex_d04"", ""map_seed"": 20390621, ""query_seed"": 20391621, ""evaluation_path_source"": ""trace_poses"", ""planner_path_pose_count"": 72, ""evaluation_path_pose_count"": 235}"
complex_s03_q0035,f_n3p_knn,Complex,d20_inf,True,True,0.8173021449983935,5,22.874891188794347,23.290130558018813,-0.01782898417808565,0,0.18599271690742755,0.12655486137657812,0,7,0,0,True,2,5,0.4,,"{""profile_name"": ""complex_d04"", ""map_seed"": 20390621, ""query_seed"": 20391621}"
complex_s03_q0035,n3p_k1,Complex,d20_inf,True,True,3.2576958290010225,4620,23.290130558018813,23.290130558018813,0.0,0,0.18827373310848372,0.068643023501048,0,0,1,1,True,0,0,,,"{""profile_name"": ""complex_d04"", ""map_seed"": 20390621, ""query_seed"": 20391621}"
complex_s03_q0035,voronoi_waypoint,Complex,d20_inf,True,True,0.8079511929972796,5,23.482536423051588,23.290130558018813,0.008261261762937178,0,0.2020850723388567,0.1259336240687874,0,0,0,0,False,,,,,"{""profile_name"": ""complex_d04"", ""map_seed"": 20390621, ""query_seed"": 20391621, ""waypoint_count"": 4}"
complex_s03_q0035,bottleneck_waypoint,Complex,d20_inf,True,True,0.7785419959982391,148,22.767042358729388,23.290130558018813,-0.022459650794414587,0,0.09766693225265609,0.07805859266654402,0,0,0,0,False,,,,,"{""profile_name"": ""complex_d04"", ""map_seed"": 20390621, ""query_seed"": 20391621, ""waypoint_count"": 3, ""bottleneck_count"": 3}"
complex_s03_q0035,improved_ha,Complex,d20_inf,True,True,2.3945305347442627,3307,23.290130558018813,23.290130558018813,0.0,0,0.18827373310848372,0.068643023501048,0,0,0,0,False,,,,,"{""profile_name"": ""complex_d04"", ""map_seed"": 20390621, ""query_seed"": 20391621, ""evaluation_path_source"": ""trace_poses"", ""planner_path_pose_count"": 72, ""evaluation_path_pose_count"": 235}"
complex_s03_q0035,lo_ha,Complex,d20_inf,True,True,0.4526853561401367,622,22.79363266938144,23.290130558018813,-0.021317952142884233,0,0.08910172083160167,0.07535084503420642,0,0,0,0,False,,,,,"{""profile_name"": ""complex_d04"", ""map_seed"": 20390621, ""query_seed"": 20391621, ""evaluation_path_source"": ""trace_poses"", ""planner_path_pose_count"": 67, ""evaluation_path_pose_count"": 231}"
complex_s03_q0035,ss_rrt,Complex,d20_inf,False,False,2.5037686220020987,2195,,23.290130558018813,,0,,,0,0,0,0,False,,,,timeout,"{""profile_name"": ""complex_d04"", ""map_seed"": 20390621, ""query_seed"": 20391621, ""rrt_iterations"": 1186, ""evaluation_path_source"": ""planner_path"", ""planner_path_pose_count"": 0, ""evaluation_path_pose_count"": 0}"
complex_s03_q0035,idb_rrt,Complex,d20_inf,False,False,2.754149382999458,0,,23.290130558018813,,0,,,0,0,0,0,False,,,,idb_rrt_failed:returncode=1,"{""profile_name"": ""complex_d04"", ""map_seed"": 20390621, ""query_seed"": 20391621, ""idb_rrt_run_dir"": ""/home/ubuntu/ForestNav/2_experiment/idb_rrt_strict_repro/runs/forestnav_adapter/run_1782412861730_e61c8947"", ""idb_rrt_returncode"": 1, ""idb_rrt_state_count"": 0}"
complex_s03_q0036,vanilla_ha,Complex,d08_12,False,False,2.500164031982422,3680,,,,0,,,0,0,0,0,False,,,,timeout,"{""profile_name"": ""complex_d02"", ""map_seed"": 20390621, ""query_seed"": 20391622, ""evaluation_path_source"": ""planner_path"", ""planner_path_pose_count"": 0, ""evaluation_path_pose_count"": 0}"
complex_s03_q0036,f_n3p_knn,Complex,d08_12,True,True,0.5223804639972514,115,12.312587285875361,,,0,0.30792153766001507,0.07384461953538635,0,25,1,0,True,0,2,0.0,,"{""profile_name"": ""complex_d02"", ""map_seed"": 20390621, ""query_seed"": 20391622}"
complex_s03_q0036,n3p_k1,Complex,d08_12,False,False,4.512920852997922,6160,,,,0,,,0,0,1,1,True,0,0,,f2_failed:prediction:timeout;goal:timeout;f3_failed:timeout,"{""profile_name"": ""complex_d02"", ""map_seed"": 20390621, ""query_seed"": 20391622}"
complex_s03_q0036,voronoi_waypoint,Complex,d08_12,True,True,0.5235514019950642,72,12.85999026890873,,,0,0.43920972163692606,0.09614172930195064,0,0,0,0,False,,,,,"{""profile_name"": ""complex_d02"", ""map_seed"": 20390621, ""query_seed"": 20391622, ""waypoint_count"": 2}"
complex_s03_q0036,bottleneck_waypoint,Complex,d08_12,True,True,0.48143202400387963,3,12.458925554234517,,,0,0.2402594985872974,0.08951092789372184,0,0,0,0,False,,,,,"{""profile_name"": ""complex_d02"", ""map_seed"": 20390621, ""query_seed"": 20391622, ""waypoint_count"": 2, ""bottleneck_count"": 2}"
complex_s03_q0036,improved_ha,Complex,d08_12,False,False,2.5003116130828857,3701,,,,0,,,0,0,0,0,False,,,,timeout,"{""profile_name"": ""complex_d02"", ""map_seed"": 20390621, ""query_seed"": 20391622, ""evaluation_path_source"": ""planner_path"", ""planner_path_pose_count"": 0, ""evaluation_path_pose_count"": 0}"
complex_s03_q0036,lo_ha,Complex,d08_12,True,True,0.6077141761779785,1261,12.013117494500518,,,0,0.2958660333273909,0.07099680386643559,0,0,0,0,False,,,,,"{""profile_name"": ""complex_d02"", ""map_seed"": 20390621, ""query_seed"": 20391622, ""evaluation_path_source"": ""trace_poses"", ""planner_path_pose_count"": 21, ""evaluation_path_pose_count"": 122}"
complex_s03_q0036,ss_rrt,Complex,d08_12,True,True,0.2118158500015852,126,12.141818736686954,,,0,0.4457108423491426,0.12930283460198855,0,0,0,0,False,,,,,"{""profile_name"": ""complex_d02"", ""map_seed"": 20390621, ""query_seed"": 20391622, ""rrt_iterations"": 90, ""evaluation_path_source"": ""planner_path"", ""planner_path_pose_count"": 155, ""evaluation_path_pose_count"": 155}"
complex_s03_q0036,idb_rrt,Complex,d08_12,False,False,1.5308266739957617,223,,,,0,,,0,0,0,0,False,,,,collision_violation_rejected:36,"{""profile_name"": ""complex_d02"", ""map_seed"": 20390621, ""query_seed"": 20391622, ""idb_rrt_run_dir"": ""/home/ubuntu/ForestNav/2_experiment/idb_rrt_strict_repro/runs/forestnav_adapter/run_1782412876396_8e9484cb"", ""idb_rrt_returncode"": 0, ""idb_rrt_state_count"": 223, ""rejected_collision_violation_count"": 36, ""rejected_collision_path_length_m"": 11.080179525593957}"
complex_s03_q0037,vanilla_ha,Complex,d12_16,True,True,0.2805757522583008,233,13.869842900211644,,,0,0.14972495005516276,0.2385686019912281,0,0,0,0,False,,,,,"{""profile_name"": ""complex_d03"", ""map_seed"": 20390621, ""query_seed"": 20391623, ""evaluation_path_source"": ""trace_poses"", ""planner_path_pose_count"": 13, ""evaluation_path_pose_count"": 141}"
complex_s03_q0037,f_n3p_knn,Complex,d12_16,True,True,0.16710914099530783,1,13.647196017787346,13.869842900211644,-0.016052588628880593,0,0.07789201723157486,0.055656813901707125,0,8,0,0,True,0,1,0.0,,"{""profile_name"": ""complex_d03"", ""map_seed"": 20390621, ""query_seed"": 20391623}"
complex_s03_q0037,n3p_k1,Complex,d12_16,True,True,0.7084978869970655,72,15.726508703740823,13.869842900211644,0.1338635063776279,1,0.4262567459028376,0.053510981851327244,0,0,4,0,True,0,0,,,"{""profile_name"": ""complex_d03"", ""map_seed"": 20390621, ""query_seed"": 20391623}"
complex_s03_q0037,voronoi_waypoint,Complex,d12_16,True,True,0.5072143549987231,3,14.833466826051469,13.869842900211644,0.06947619614531608,0,0.22421748722433865,0.08145495862494045,0,0,0,0,False,,,,,"{""profile_name"": ""complex_d03"", ""map_seed"": 20390621, ""query_seed"": 20391623, ""waypoint_count"": 2}"
complex_s03_q0037,bottleneck_waypoint,Complex,d12_16,True,True,0.5123578079947038,3,13.975228502641308,13.869842900211644,0.007598182848059132,0,0.13300042909351023,0.09742757450026918,0,0,0,0,False,,,,,"{""profile_name"": ""complex_d03"", ""map_seed"": 20390621, ""query_seed"": 20391623, ""waypoint_count"": 2, ""bottleneck_count"": 2}"
complex_s03_q0037,improved_ha,Complex,d12_16,True,True,0.28688883781433105,233,13.869842900211644,13.869842900211644,0.0,0,0.14972495005516276,0.2385686019912281,0,0,0,0,False,,,,,"{""profile_name"": ""complex_d03"", ""map_seed"": 20390621, ""query_seed"": 20391623, ""evaluation_path_source"": ""trace_poses"", ""planner_path_pose_count"": 13, ""evaluation_path_pose_count"": 141}"
complex_s03_q0037,lo_ha,Complex,d12_16,True,True,0.20952391624450684,177,13.833164967347013,13.869842900211644,-0.0026444375129923703,0,0.10810239557463248,0.07327328671117783,0,0,0,0,False,,,,,"{""profile_name"": ""complex_d03"", ""map_seed"": 20390621, ""query_seed"": 20391623, ""evaluation_path_source"": ""trace_poses"", ""planner_path_pose_count"": 16, ""evaluation_path_pose_count"": 140}"
complex_s03_q0037,ss_rrt,Complex,d12_16,True,True,0.11328369499824475,50,13.82681052598376,13.869842900211644,-0.0031025855546804593,0,0.36533807507121197,0.17682497699598865,0,0,0,0,False,,,,,"{""profile_name"": ""complex_d03"", ""map_seed"": 20390621, ""query_seed"": 20391623, ""rrt_iterations"": 61, ""evaluation_path_source"": ""planner_path"", ""planner_path_pose_count"": 169, ""evaluation_path_pose_count"": 169}"
complex_s03_q0037,idb_rrt,Complex,d12_16,False,False,2.7400517009955365,269,,13.869842900211644,,0,,,0,0,0,0,False,,,,collision_violation_rejected:64,"{""profile_name"": ""complex_d03"", ""map_seed"": 20390621, ""query_seed"": 20391623, ""idb_rrt_run_dir"": ""/home/ubuntu/ForestNav/2_experiment/idb_rrt_strict_repro/runs/forestnav_adapter/run_1782412880778_8a31125a"", ""idb_rrt_returncode"": 0, ""idb_rrt_state_count"": 269, ""rejected_collision_violation_count"": 64, ""rejected_collision_path_length_m"": 13.378977249412191}"
complex_s03_q0038,vanilla_ha,Complex,d16_20,True,True,0.3829822540283203,385,17.184271517943667,,,0,0.33025227303838073,0.0991340705960273,0,0,0,0,False,,,,,"{""profile_name"": ""complex_d04"", ""map_seed"": 20390621, ""query_seed"": 20391624, ""evaluation_path_source"": ""trace_poses"", ""planner_path_pose_count"": 50, ""evaluation_path_pose_count"": 174}"
complex_s03_q0038,f_n3p_knn,Complex,d16_20,True,True,0.7665555070052505,5,20.881595313306562,17.184271517943667,0.2151574357692254,3,0.3541646523569651,0.1183541699541949,0,24,0,0,True,1,5,0.2,,"{""profile_name"": ""complex_d04"", ""map_seed"": 20390621, ""query_seed"": 20391624}"
complex_s03_q0038,n3p_k1,Complex,d16_20,True,True,1.6150070750009036,977,19.541675733835007,17.184271517943667,0.13718383193781358,5,0.41268901301213595,0.0646696195836387,0,0,3,0,True,2,2,1.0,,"{""profile_name"": ""complex_d04"", ""map_seed"": 20390621, ""query_seed"": 20391624}"
complex_s03_q0038,voronoi_waypoint,Complex,d16_20,True,True,0.6208906620013295,4,19.03950801042014,17.184271517943667,0.10796131162960565,0,0.32965417502760874,0.3071989698865837,0,0,0,0,False,,,,,"{""profile_name"": ""complex_d04"", ""map_seed"": 20390621, ""query_seed"": 20391624, ""waypoint_count"": 3}"
complex_s03_q0038,bottleneck_waypoint,Complex,d16_20,True,True,0.617839382000966,4,17.781805019476142,17.184271517943667,0.034772117101881994,0,0.3173916094571014,0.23215130076135693,0,0,0,0,False,,,,,"{""profile_name"": ""complex_d04"", ""map_seed"": 20390621, ""query_seed"": 20391624, ""waypoint_count"": 3, ""bottleneck_count"": 3}"
complex_s03_q0038,improved_ha,Complex,d16_20,True,True,0.383624792098999,385,17.184271517943667,17.184271517943667,0.0,0,0.33025227303838073,0.0991340705960273,0,0,0,0,False,,,,,"{""profile_name"": ""complex_d04"", ""map_seed"": 20390621, ""query_seed"": 20391624, ""evaluation_path_source"": ""trace_poses"", ""planner_path_pose_count"": 50, ""evaluation_path_pose_count"": 174}"
complex_s03_q0038,lo_ha,Complex,d16_20,True,True,0.235321044921875,257,17.782337677650858,17.184271517943667,0.03480311394537128,0,0.19517567572293407,0.077503662873453,0,0,0,0,False,,,,,"{""profile_name"": ""complex_d04"", ""map_seed"": 20390621, ""query_seed"": 20391624, ""evaluation_path_source"": ""trace_poses"", ""planner_path_pose_count"": 44, ""evaluation_path_pose_count"": 180}"
complex_s03_q0038,ss_rrt,Complex,d16_20,False,False,2.503643206000561,1811,,17.184271517943667,,0,,,0,0,0,0,False,,,,timeout,"{""profile_name"": ""complex_d04"", ""map_seed"": 20390621, ""query_seed"": 20391624, ""rrt_iterations"": 2268, ""evaluation_path_source"": ""planner_path"", ""planner_path_pose_count"": 0, ""evaluation_path_pose_count"": 0}"
complex_s03_q0038,idb_rrt,Complex,d16_20,False,False,2.7491192520028562,0,,17.184271517943667,,0,,,0,0,0,0,False,,,,idb_rrt_failed:returncode=1,"{""profile_name"": ""complex_d04"", ""map_seed"": 20390621, ""query_seed"": 20391624, ""idb_rrt_run_dir"": ""/home/ubuntu/ForestNav/2_experiment/idb_rrt_strict_repro/runs/forestnav_adapter/run_1782412890709_37c065f8"", ""idb_rrt_returncode"": 1, ""idb_rrt_state_count"": 0}"
complex_s03_q0039,vanilla_ha,Complex,d20_inf,False,False,2.5007503032684326,5641,,,,0,,,0,0,0,0,False,,,,timeout,"{""profile_name"": ""complex_d02"", ""map_seed"": 20390621, ""query_seed"": 20391625, ""evaluation_path_source"": ""planner_path"", ""planner_path_pose_count"": 0, ""evaluation_path_pose_count"": 0}"
complex_s03_q0039,f_n3p_knn,Complex,d20_inf,True,True,0.9776421589995152,12,27.421426102480073,,,4,0.26898840374082855,0.06406764683406485,0,39,1,0,True,2,5,0.4,,"{""profile_name"": ""complex_d02"", ""map_seed"": 20390621, ""query_seed"": 20391625}"
complex_s03_q0039,n3p_k1,Complex,d20_inf,False,False,4.154627862997586,7851,,,,0,,,0,0,2,1,True,0,0,,f2_failed:prediction:goal_in_collision;goal:timeout;f3_failed:timeout,"{""profile_name"": ""complex_d02"", ""map_seed"": 20390621, ""query_seed"": 20391625}"
complex_s03_q0039,voronoi_waypoint,Complex,d20_inf,True,True,1.0332364279965986,249,26.07965543899175,,,2,0.3563569386401329,0.06889852767279292,0,0,0,0,False,,,,,"{""profile_name"": ""complex_d02"", ""map_seed"": 20390621, ""query_seed"": 20391625, ""waypoint_count"": 4}"
complex_s03_q0039,bottleneck_waypoint,Complex,d20_inf,True,True,0.8516988929986837,29,25.865861043965783,,,2,0.3031386440136068,0.06227011487633993,0,0,0,0,False,,,,,"{""profile_name"": ""complex_d02"", ""map_seed"": 20390621, ""query_seed"": 20391625, ""waypoint_count"": 4, ""bottleneck_count"": 4}"
complex_s03_q0039,improved_ha,Complex,d20_inf,False,False,2.5000815391540527,5733,,,,0,,,0,0,0,0,False,,,,timeout,"{""profile_name"": ""complex_d02"", ""map_seed"": 20390621, ""query_seed"": 20391625, ""evaluation_path_source"": ""planner_path"", ""planner_path_pose_count"": 0, ""evaluation_path_pose_count"": 0}"
complex_s03_q0039,lo_ha,Complex,d20_inf,False,False,2.500087261199951,6186,,,,0,,,0,0,0,0,False,,,,timeout,"{""profile_name"": ""complex_d02"", ""map_seed"": 20390621, ""query_seed"": 20391625, ""evaluation_path_source"": ""planner_path"", ""planner_path_pose_count"": 0, ""evaluation_path_pose_count"": 0}"
complex_s03_q0039,ss_rrt,Complex,d20_inf,False,False,2.500229090001085,2227,,,,0,,,0,0,0,0,False,,,,timeout,"{""profile_name"": ""complex_d02"", ""map_seed"": 20390621, ""query_seed"": 20391625, ""rrt_iterations"": 1412, ""evaluation_path_source"": ""planner_path"", ""planner_path_pose_count"": 0, ""evaluation_path_pose_count"": 0}"
complex_s03_q0039,idb_rrt,Complex,d20_inf,False,False,2.7452947459969437,0,,,,0,,,0,0,0,0,False,,,,idb_rrt_failed:returncode=1,"{""profile_name"": ""complex_d02"", ""map_seed"": 20390621, ""query_seed"": 20391625, ""idb_rrt_run_dir"": ""/home/ubuntu/ForestNav/2_experiment/idb_rrt_strict_repro/runs/forestnav_adapter/run_1782412910533_9519f3ad"", ""idb_rrt_returncode"": 1, ""idb_rrt_state_count"": 0}"
complex_s04_q0040,vanilla_ha,Complex,d08_12,True,True,0.5625131130218506,631,9.651619851112732,,,1,0.29072706500210543,0.10322454144803339,0,0,0,0,False,,,,,"{""profile_name"": ""complex_d03"", ""map_seed"": 20400620, ""query_seed"": 20401620, ""evaluation_path_source"": ""trace_poses"", ""planner_path_pose_count"": 13, ""evaluation_path_pose_count"": 100}"
complex_s04_q0040,f_n3p_knn,Complex,d08_12,True,True,0.4887053149941494,3,9.387306218379067,9.651619851112732,-0.02738541683271889,1,0.20921061111705783,0.09417733477299739,0,40,0,0,True,0,3,0.0,,"{""profile_name"": ""complex_d03"", ""map_seed"": 20400620, ""query_seed"": 20401620}"
complex_s04_q0040,n3p_k1,Complex,d08_12,True,True,0.4516254249974736,157,9.584468609364592,9.651619851112732,-0.00695751001220779,1,0.4632119144392008,0.08361041937893643,0,0,2,0,True,0,0,,,"{""profile_name"": ""complex_d03"", ""map_seed"": 20400620, ""query_seed"": 20401620}"
complex_s04_q0040,voronoi_waypoint,Complex,d08_12,True,True,0.46699354099837365,154,10.038920139189457,9.651619851112732,0.04012800898204394,1,0.34634765127797146,0.07008544821505036,0,0,0,0,False,,,,,"{""profile_name"": ""complex_d03"", ""map_seed"": 20400620, ""query_seed"": 20401620, ""waypoint_count"": 1}"
complex_s04_q0040,bottleneck_waypoint,Complex,d08_12,True,True,0.45333276599558303,134,10.267808856658444,9.651619851112732,0.06384306624702707,1,0.36104107773644684,0.10623808544423086,0,0,0,0,False,,,,,"{""profile_name"": ""complex_d03"", ""map_seed"": 20400620, ""query_seed"": 20401620, ""waypoint_count"": 1, ""bottleneck_count"": 1}"
complex_s04_q0040,improved_ha,Complex,d08_12,True,True,0.5675814151763916,631,9.651619851112732,9.651619851112732,0.0,1,0.29072706500210543,0.10322454144803339,0,0,0,0,False,,,,,"{""profile_name"": ""complex_d03"", ""map_seed"": 20400620, ""query_seed"": 20401620, ""evaluation_path_source"": ""trace_poses"", ""planner_path_pose_count"": 13, ""evaluation_path_pose_count"": 100}"
complex_s04_q0040,lo_ha,Complex,d08_12,True,True,0.3534660339355469,536,9.651619851112732,9.651619851112732,0.0,1,0.29072706500210543,0.10322454144803339,0,0,0,0,False,,,,,"{""profile_name"": ""complex_d03"", ""map_seed"": 20400620, ""query_seed"": 20401620, ""evaluation_path_source"": ""trace_poses"", ""planner_path_pose_count"": 13, ""evaluation_path_pose_count"": 100}"
complex_s04_q0040,ss_rrt,Complex,d08_12,False,False,0.5364046530012274,10,,9.651619851112732,,0,,,0,0,0,0,False,,,,iteration_budget_exhausted,"{""profile_name"": ""complex_d03"", ""map_seed"": 20400620, ""query_seed"": 20401620, ""rrt_iterations"": 3000, ""evaluation_path_source"": ""planner_path"", ""planner_path_pose_count"": 0, ""evaluation_path_pose_count"": 0}"
complex_s04_q0040,idb_rrt,Complex,d08_12,False,False,0.40978427899972303,174,,9.651619851112732,,0,,,0,0,0,0,False,,,,collision_violation_rejected:79,"{""profile_name"": ""complex_d03"", ""map_seed"": 20400620, ""query_seed"": 20401620, ""idb_rrt_run_dir"": ""/home/ubuntu/ForestNav/2_experiment/idb_rrt_strict_repro/runs/forestnav_adapter/run_1782412918005_0963f9b1"", ""idb_rrt_returncode"": 0, ""idb_rrt_state_count"": 174, ""rejected_collision_violation_count"": 79, ""rejected_collision_path_length_m"": 8.644869180938542}"
complex_s04_q0041,vanilla_ha,Complex,d12_16,True,True,0.15938019752502441,25,15.550333608634892,,,0,0.17049725165802446,0.06682752110602697,0,0,0,0,False,,,,,"{""profile_name"": ""complex_d04"", ""map_seed"": 20400620, ""query_seed"": 20401621, ""evaluation_path_source"": ""trace_poses"", ""planner_path_pose_count"": 16, ""evaluation_path_pose_count"": 157}"
complex_s04_q0041,f_n3p_knn,Complex,d12_16,True,True,0.305119189004472,2,16.663390252440028,15.550333608634892,0.07157766976697344,1,0.10917375951955914,0.21947037398274083,0,1,0,0,True,1,2,0.5,,"{""profile_name"": ""complex_d04"", ""map_seed"": 20400620, ""query_seed"": 20401621}"
complex_s04_q0041,n3p_k1,Complex,d12_16,True,True,0.1662315560024581,25,15.550333608634892,15.550333608634892,0.0,0,0.17049725165802446,0.06682752110602697,0,0,1,0,True,0,0,,,"{""profile_name"": ""complex_d04"", ""map_seed"": 20400620, ""query_seed"": 20401621}"
complex_s04_q0041,voronoi_waypoint,Complex,d12_16,True,True,0.4787967399970512,9,16.67733124341345,15.550333608634892,0.07247417728406491,0,0.2181885580715931,0.06682752110602697,0,0,0,0,False,,,,,"{""profile_name"": ""complex_d04"", ""map_seed"": 20400620, ""query_seed"": 20401621, ""waypoint_count"": 2}"
complex_s04_q0041,bottleneck_waypoint,Complex,d12_16,True,True,0.6202066059995559,4,16.46171060566581,15.550333608634892,0.058608195809049635,1,0.22942436123901847,0.37559612813070387,0,0,0,0,False,,,,,"{""profile_name"": ""complex_d04"", ""map_seed"": 20400620, ""query_seed"": 20401621, ""waypoint_count"": 3, ""bottleneck_count"": 3}"
complex_s04_q0041,improved_ha,Complex,d12_16,True,True,0.1592388153076172,25,15.550333608634892,15.550333608634892,0.0,0,0.17049725165802446,0.06682752110602697,0,0,0,0,False,,,,,"{""profile_name"": ""complex_d04"", ""map_seed"": 20400620, ""query_seed"": 20401621, ""evaluation_path_source"": ""trace_poses"", ""planner_path_pose_count"": 16, ""evaluation_path_pose_count"": 157}"
complex_s04_q0041,lo_ha,Complex,d12_16,True,True,0.15349936485290527,17,15.564778221927137,15.550333608634892,0.0009288941096559089,0,0.11356854063156112,0.06682752110602697,0,0,0,0,False,,,,,"{""profile_name"": ""complex_d04"", ""map_seed"": 20400620, ""query_seed"": 20401621, ""evaluation_path_source"": ""trace_poses"", ""planner_path_pose_count"": 15, ""evaluation_path_pose_count"": 158}"
complex_s04_q0041,ss_rrt,Complex,d12_16,True,True,0.1123707899969304,46,15.668880513421401,15.550333608634892,0.00762343161053991,0,0.19213865928488497,0.08351974411612284,0,0,0,0,False,,,,,"{""profile_name"": ""complex_d04"", ""map_seed"": 20400620, ""query_seed"": 20401621, ""rrt_iterations"": 51, ""evaluation_path_source"": ""planner_path"", ""planner_path_pose_count"": 197, ""evaluation_path_pose_count"": 197}"
complex_s04_q0041,idb_rrt,Complex,d12_16,False,False,2.7479359089993523,0,,15.550333608634892,,0,,,0,0,0,0,False,,,,idb_rrt_failed:returncode=1,"{""profile_name"": ""complex_d04"", ""map_seed"": 20400620, ""query_seed"": 20401621, ""idb_rrt_run_dir"": ""/home/ubuntu/ForestNav/2_experiment/idb_rrt_strict_repro/runs/forestnav_adapter/run_1782412920633_4d4f56f0"", ""idb_rrt_returncode"": 1, ""idb_rrt_state_count"": 0}"
complex_s04_q0042,vanilla_ha,Complex,d16_20,True,True,0.8221359252929688,1016,19.192910034775327,,,0,0.0641954298941125,0.09809823759271574,0,0,0,0,False,,,,,"{""profile_name"": ""complex_d02"", ""map_seed"": 20400620, ""query_seed"": 20401622, ""evaluation_path_source"": ""trace_poses"", ""planner_path_pose_count"": 47, ""evaluation_path_pose_count"": 194}"
complex_s04_q0042,f_n3p_knn,Complex,d16_20,True,True,0.6056516310054576,4,19.349631955489798,19.192910034775327,0.008165615346005906,2,0.10843798268590393,0.11322154473236024,0,9,0,0,True,0,4,0.0,,"{""profile_name"": ""complex_d02"", ""map_seed"": 20400620, ""query_seed"": 20401622}"
complex_s04_q0042,n3p_k1,Complex,d16_20,True,True,0.5146349529968575,69,20.19840501032904,19.192910034775327,0.0523888755656059,0,0.25762858080215056,0.07169720922304701,0,0,2,0,True,1,1,1.0,,"{""profile_name"": ""complex_d02"", ""map_seed"": 20400620, ""query_seed"": 20401622}"
complex_s04_q0042,voronoi_waypoint,Complex,d16_20,True,True,0.614322995999828,4,20.407906122894804,19.192910034775327,0.06330442261845892,0,0.22857838174983436,0.13515050012305008,0,0,0,0,False,,,,,"{""profile_name"": ""complex_d02"", ""map_seed"": 20400620, ""query_seed"": 20401622, ""waypoint_count"": 3}"
complex_s04_q0042,bottleneck_waypoint,Complex,d16_20,True,True,0.6160190709997551,4,20.69688354127953,19.192910034775327,0.07836088971287714,0,0.269944304514508,0.1465704189735102,0,0,0,0,False,,,,,"{""profile_name"": ""complex_d02"", ""map_seed"": 20400620, ""query_seed"": 20401622, ""waypoint_count"": 3, ""bottleneck_count"": 3}"
complex_s04_q0042,improved_ha,Complex,d16_20,True,True,0.8207764625549316,1016,19.192910034775327,19.192910034775327,0.0,0,0.0641954298941125,0.09809823759271574,0,0,0,0,False,,,,,"{""profile_name"": ""complex_d02"", ""map_seed"": 20400620, ""query_seed"": 20401622, ""evaluation_path_source"": ""trace_poses"", ""planner_path_pose_count"": 47, ""evaluation_path_pose_count"": 194}"
complex_s04_q0042,lo_ha,Complex,d16_20,True,True,0.351729154586792,425,19.20975886882782,19.192910034775327,0.0008778676095477778,0,0.049198157973503326,0.08333246737254907,0,0,0,0,False,,,,,"{""profile_name"": ""complex_d02"", ""map_seed"": 20400620, ""query_seed"": 20401622, ""evaluation_path_source"": ""trace_poses"", ""planner_path_pose_count"": 36, ""evaluation_path_pose_count"": 194}"
complex_s04_q0042,ss_rrt,Complex,d16_20,True,True,0.35099838000314776,140,19.199259262312435,19.192910034775327,0.0003308110925130947,0,0.13250394171509686,0.09035500870824464,0,0,0,0,False,,,,,"{""profile_name"": ""complex_d02"", ""map_seed"": 20400620, ""query_seed"": 20401622, ""rrt_iterations"": 203, ""evaluation_path_source"": ""planner_path"", ""planner_path_pose_count"": 237, ""evaluation_path_pose_count"": 237}"
complex_s04_q0042,idb_rrt,Complex,d16_20,False,False,2.745762945000024,0,,19.192910034775327,,0,,,0,0,0,0,False,,,,idb_rrt_failed:returncode=1,"{""profile_name"": ""complex_d02"", ""map_seed"": 20400620, ""query_seed"": 20401622, ""idb_rrt_run_dir"": ""/home/ubuntu/ForestNav/2_experiment/idb_rrt_strict_repro/runs/forestnav_adapter/run_1782412928142_6e4dc347"", ""idb_rrt_returncode"": 1, ""idb_rrt_state_count"": 0}"
complex_s04_q0043,vanilla_ha,Complex,d20_inf,True,True,1.2042722702026367,1543,20.920392961447515,,,0,0.06525086378882962,0.07078302905820766,0,0,0,0,False,,,,,"{""profile_name"": ""complex_d03"", ""map_seed"": 20400620, ""query_seed"": 20401623, ""evaluation_path_source"": ""trace_poses"", ""planner_path_pose_count"": 48, ""evaluation_path_pose_count"": 211}"
complex_s04_q0043,f_n3p_knn,Complex,d20_inf,True,True,0.7694895680033369,5,23.393097551244352,20.920392961447515,0.11819589595442026,8,0.16552177118814987,0.13684540155075342,0,5,0,0,True,3,5,0.6,,"{""profile_name"": ""complex_d03"", ""map_seed"": 20400620, ""query_seed"": 20401623}"
complex_s04_q0043,n3p_k1,Complex,d20_inf,True,True,2.0799393339984817,2739,20.920392961447515,20.920392961447515,0.0,0,0.06525086378882962,0.07078302905820766,0,0,1,1,True,0,0,,,"{""profile_name"": ""complex_d03"", ""map_seed"": 20400620, ""query_seed"": 20401623}"
complex_s04_q0043,voronoi_waypoint,Complex,d20_inf,True,True,0.6230275130001246,4,23.230390944979295,20.920392961447515,0.1104184796045029,0,0.21259907875010364,0.30383596854683037,0,0,0,0,False,,,,,"{""profile_name"": ""complex_d03"", ""map_seed"": 20400620, ""query_seed"": 20401623, ""waypoint_count"": 3}"
complex_s04_q0043,bottleneck_waypoint,Complex,d20_inf,True,True,0.6305696600029478,4,22.61518269579017,20.920392961447515,0.08101137189276719,0,0.14787778872138566,0.30383596854683037,0,0,0,0,False,,,,,"{""profile_name"": ""complex_d03"", ""map_seed"": 20400620, ""query_seed"": 20401623, ""waypoint_count"": 3, ""bottleneck_count"": 3}"
complex_s04_q0043,improved_ha,Complex,d20_inf,True,True,1.21201491355896,1543,20.920392961447515,20.920392961447515,0.0,0,0.06525086378882962,0.07078302905820766,0,0,0,0,False,,,,,"{""profile_name"": ""complex_d03"", ""map_seed"": 20400620, ""query_seed"": 20401623, ""evaluation_path_source"": ""trace_poses"", ""planner_path_pose_count"": 48, ""evaluation_path_pose_count"": 211}"
complex_s04_q0043,lo_ha,Complex,d20_inf,False,False,2.500976800918579,4641,,20.920392961447515,,0,,,0,0,0,0,False,,,,timeout,"{""profile_name"": ""complex_d03"", ""map_seed"": 20400620, ""query_seed"": 20401623, ""evaluation_path_source"": ""planner_path"", ""planner_path_pose_count"": 0, ""evaluation_path_pose_count"": 0}"
complex_s04_q0043,ss_rrt,Complex,d20_inf,False,False,2.5005078410031274,3556,,20.920392961447515,,0,,,0,0,0,0,False,,,,timeout,"{""profile_name"": ""complex_d03"", ""map_seed"": 20400620, ""query_seed"": 20401623, ""rrt_iterations"": 1354, ""evaluation_path_source"": ""planner_path"", ""planner_path_pose_count"": 0, ""evaluation_path_pose_count"": 0}"
complex_s04_q0043,idb_rrt,Complex,d20_inf,False,False,2.7501407789968653,0,,20.920392961447515,,0,,,0,0,0,0,False,,,,idb_rrt_failed:returncode=1,"{""profile_name"": ""complex_d03"", ""map_seed"": 20400620, ""query_seed"": 20401623, ""idb_rrt_run_dir"": ""/home/ubuntu/ForestNav/2_experiment/idb_rrt_strict_repro/runs/forestnav_adapter/run_1782412942471_a7faff5c"", ""idb_rrt_returncode"": 1, ""idb_rrt_state_count"": 0}"
complex_s04_q0044,vanilla_ha,Complex,d08_12,True,True,1.9394488334655762,1999,10.287218025147489,,,2,0.21552193537106232,0.07106137573144011,0,0,0,0,False,,,,,"{""profile_name"": ""complex_d04"", ""map_seed"": 20400620, ""query_seed"": 20401624, ""evaluation_path_source"": ""trace_poses"", ""planner_path_pose_count"": 30, ""evaluation_path_pose_count"": 105}"
complex_s04_q0044,f_n3p_knn,Complex,d08_12,True,True,0.8988482949935133,11,35.056678877824346,10.287218025147489,2.407790015933072,5,0.21731969540898197,0.12972267058635967,0,32,1,0,True,3,5,0.6,,"{""profile_name"": ""complex_d04"", ""map_seed"": 20400620, ""query_seed"": 20401624}"
complex_s04_q0044,n3p_k1,Complex,d08_12,True,True,0.3259815040000831,22,13.891807678303635,10.287218025147489,0.350394989621547,2,0.3941312117512953,0.1055950372538964,0,0,1,0,True,1,1,1.0,,"{""profile_name"": ""complex_d04"", ""map_seed"": 20400620, ""query_seed"": 20401624}"
complex_s04_q0044,voronoi_waypoint,Complex,d08_12,True,True,0.5034537499959697,182,10.20713857704717,10.287218025147489,-0.0077843638488619415,0,0.2829414639419342,0.09490627234954874,0,0,0,0,False,,,,,"{""profile_name"": ""complex_d04"", ""map_seed"": 20400620, ""query_seed"": 20401624, ""waypoint_count"": 1}"
complex_s04_q0044,bottleneck_waypoint,Complex,d08_12,True,True,0.8762616090025404,568,10.231712857782162,10.287218025147489,-0.005395546903899873,0,0.24726587466277114,0.06907708634209886,0,0,0,0,False,,,,,"{""profile_name"": ""complex_d04"", ""map_seed"": 20400620, ""query_seed"": 20401624, ""waypoint_count"": 1, ""bottleneck_count"": 1}"
complex_s04_q0044,improved_ha,Complex,d08_12,True,True,1.9411594867706299,1999,10.221286596487902,10.287218025147489,-0.006409063023493311,2,0.22457038772145158,0.09078889348201069,0,0,0,0,False,,,,,"{""profile_name"": ""complex_d04"", ""map_seed"": 20400620, ""query_seed"": 20401624, ""evaluation_path_source"": ""trace_poses"", ""planner_path_pose_count"": 30, ""evaluation_path_pose_count"": 105}"
complex_s04_q0044,lo_ha,Complex,d08_12,True,True,0.8168954849243164,1203,10.287218025147489,10.287218025147489,0.0,2,0.21552193537106232,0.07106137573144011,0,0,0,0,False,,,,,"{""profile_name"": ""complex_d04"", ""map_seed"": 20400620, ""query_seed"": 20401624, ""evaluation_path_source"": ""trace_poses"", ""planner_path_pose_count"": 30, ""evaluation_path_pose_count"": 105}"
complex_s04_q0044,ss_rrt,Complex,d08_12,False,False,2.501625087999855,2540,,10.287218025147489,,0,,,0,0,0,0,False,,,,timeout,"{""profile_name"": ""complex_d04"", ""map_seed"": 20400620, ""query_seed"": 20401624, ""rrt_iterations"": 1119, ""evaluation_path_source"": ""planner_path"", ""planner_path_pose_count"": 0, ""evaluation_path_pose_count"": 0}"
complex_s04_q0044,idb_rrt,Complex,d08_12,False,False,1.3864866250005434,203,,10.287218025147489,,0,,,0,0,0,0,False,,,,collision_violation_rejected:34,"{""profile_name"": ""complex_d04"", ""map_seed"": 20400620, ""query_seed"": 20401624, ""idb_rrt_run_dir"": ""/home/ubuntu/ForestNav/2_experiment/idb_rrt_strict_repro/runs/forestnav_adapter/run_1782412955084_a9c19a34"", ""idb_rrt_returncode"": 0, ""idb_rrt_state_count"": 203, ""rejected_collision_violation_count"": 34, ""rejected_collision_path_length_m"": 10.056282671587887}"
complex_s04_q0045,vanilla_ha,Complex,d12_16,True,True,0.2570493221282959,185,15.27623753948386,,,0,0.1911461915835991,0.07515753237550549,0,0,0,0,False,,,,,"{""profile_name"": ""complex_d02"", ""map_seed"": 20400621, ""query_seed"": 20401621, ""evaluation_path_source"": ""trace_poses"", ""planner_path_pose_count"": 19, ""evaluation_path_pose_count"": 155}"
complex_s04_q0045,f_n3p_knn,Complex,d12_16,True,True,0.34129914100049064,50,15.226864984421853,15.27623753948386,-0.0032319839839093367,0,0.11181730814546463,0.08297545851218069,0,27,1,0,True,0,1,0.0,,"{""profile_name"": ""complex_d02"", ""map_seed"": 20400621, ""query_seed"": 20401621}"
complex_s04_q0045,n3p_k1,Complex,d12_16,True,True,0.3997328380064573,94,15.20068989886581,15.27623753948386,-0.00494543505380729,0,0.22686636798413728,0.05660802948714033,0,0,1,0,True,1,1,1.0,,"{""profile_name"": ""complex_d02"", ""map_seed"": 20400621, ""query_seed"": 20401621}"
complex_s04_q0045,voronoi_waypoint,Complex,d12_16,True,True,1.660980908003694,1353,15.782155592238704,15.27623753948386,0.03311797498875091,0,0.2219378408007978,0.07176800339118938,0,0,0,0,False,,,,,"{""profile_name"": ""complex_d02"", ""map_seed"": 20400621, ""query_seed"": 20401621, ""waypoint_count"": 2}"
complex_s04_q0045,bottleneck_waypoint,Complex,d12_16,True,True,0.4829581559970393,3,15.519068171822928,15.27623753948386,0.01589597122402897,0,0.16515781395109072,0.06276200711993002,0,0,0,0,False,,,,,"{""profile_name"": ""complex_d02"", ""map_seed"": 20400621, ""query_seed"": 20401621, ""waypoint_count"": 2, ""bottleneck_count"": 2}"
complex_s04_q0045,improved_ha,Complex,d12_16,True,True,0.2559385299682617,185,15.27623753948386,15.27623753948386,0.0,0,0.1911461915835991,0.07515753237550549,0,0,0,0,False,,,,,"{""profile_name"": ""complex_d02"", ""map_seed"": 20400621, ""query_seed"": 20401621, ""evaluation_path_source"": ""trace_poses"", ""planner_path_pose_count"": 19, ""evaluation_path_pose_count"": 155}"
complex_s04_q0045,lo_ha,Complex,d12_16,True,True,0.22080445289611816,209,15.309196384097397,15.27623753948386,0.0021575237049273888,0,0.11406488683117949,0.07257228406376892,0,0,0,0,False,,,,,"{""profile_name"": ""complex_d02"", ""map_seed"": 20400621, ""query_seed"": 20401621, ""evaluation_path_source"": ""trace_poses"", ""planner_path_pose_count"": 20, ""evaluation_path_pose_count"": 156}"
complex_s04_q0045,ss_rrt,Complex,d12_16,True,True,0.28523342099651927,114,17.92020582102437,15.27623753948386,0.17307719094487473,0,0.4191316160858733,0.0846097786841995,0,0,0,0,False,,,,,"{""profile_name"": ""complex_d02"", ""map_seed"": 20400621, ""query_seed"": 20401621, ""rrt_iterations"": 229, ""evaluation_path_source"": ""planner_path"", ""planner_path_pose_count"": 237, ""evaluation_path_pose_count"": 237}"
complex_s04_q0045,idb_rrt,Complex,d12_16,False,False,2.3878794490010478,301,,15.27623753948386,,0,,,0,0,0,0,False,,,,collision_violation_rejected:86,"{""profile_name"": ""complex_d02"", ""map_seed"": 20400621, ""query_seed"": 20401621, ""idb_rrt_run_dir"": ""/home/ubuntu/ForestNav/2_experiment/idb_rrt_strict_repro/runs/forestnav_adapter/run_1782412960936_6efab616"", ""idb_rrt_returncode"": 0, ""idb_rrt_state_count"": 301, ""rejected_collision_violation_count"": 86, ""rejected_collision_path_length_m"": 14.983386057127358}"
complex_s04_q0046,vanilla_ha,Complex,d16_20,False,False,2.5003132820129395,2779,,,,0,,,0,0,0,0,False,,,,timeout,"{""profile_name"": ""complex_d03"", ""map_seed"": 20400621, ""query_seed"": 20401622, ""evaluation_path_source"": ""planner_path"", ""planner_path_pose_count"": 0, ""evaluation_path_pose_count"": 0}"
complex_s04_q0046,f_n3p_knn,Complex,d16_20,True,True,0.309315382000932,2,18.4122188211514,,,2,0.16288796974712202,0.0705287983108599,0,6,0,0,True,1,2,0.5,,"{""profile_name"": ""complex_d03"", ""map_seed"": 20400621, ""query_seed"": 20401622}"
complex_s04_q0046,n3p_k1,Complex,d16_20,False,False,3.667961072002072,3915,,,,0,,,0,0,1,1,True,1,1,1.0,f2_failed:prediction:goal_in_collision;goal:timeout;f3_failed:timeout,"{""profile_name"": ""complex_d03"", ""map_seed"": 20400621, ""query_seed"": 20401622}"
complex_s04_q0046,voronoi_waypoint,Complex,d16_20,True,True,0.6218242149989237,12,18.85477890134229,,,0,0.3036222370862395,0.08579277071444558,0,0,0,0,False,,,,,"{""profile_name"": ""complex_d03"", ""map_seed"": 20400621, ""query_seed"": 20401622, ""waypoint_count"": 3}"
complex_s04_q0046,bottleneck_waypoint,Complex,d16_20,True,True,0.6163309350013151,4,18.57470869903691,,,1,0.15506345273080874,0.18887747647850106,0,0,0,0,False,,,,,"{""profile_name"": ""complex_d03"", ""map_seed"": 20400621, ""query_seed"": 20401622, ""waypoint_count"": 3, ""bottleneck_count"": 3}"
complex_s04_q0046,improved_ha,Complex,d16_20,False,False,2.501494884490967,2797,,,,0,,,0,0,0,0,False,,,,timeout,"{""profile_name"": ""complex_d03"", ""map_seed"": 20400621, ""query_seed"": 20401622, ""evaluation_path_source"": ""planner_path"", ""planner_path_pose_count"": 0, ""evaluation_path_pose_count"": 0}"
complex_s04_q0046,lo_ha,Complex,d16_20,False,False,2.502399444580078,4521,,,,0,,,0,0,0,0,False,,,,timeout,"{""profile_name"": ""complex_d03"", ""map_seed"": 20400621, ""query_seed"": 20401622, ""evaluation_path_source"": ""planner_path"", ""planner_path_pose_count"": 0, ""evaluation_path_pose_count"": 0}"
complex_s04_q0046,ss_rrt,Complex,d16_20,False,False,2.5012874849999207,1266,,,,0,,,0,0,0,0,False,,,,timeout,"{""profile_name"": ""complex_d03"", ""map_seed"": 20400621, ""query_seed"": 20401622, ""rrt_iterations"": 1255, ""evaluation_path_source"": ""planner_path"", ""planner_path_pose_count"": 0, ""evaluation_path_pose_count"": 0}"
complex_s04_q0046,idb_rrt,Complex,d16_20,False,False,2.746235140002682,0,,,,0,,,0,0,0,0,False,,,,idb_rrt_failed:returncode=1,"{""profile_name"": ""complex_d03"", ""map_seed"": 20400621, ""query_seed"": 20401622, ""idb_rrt_run_dir"": ""/home/ubuntu/ForestNav/2_experiment/idb_rrt_strict_repro/runs/forestnav_adapter/run_1782412978598_9cbb5188"", ""idb_rrt_returncode"": 1, ""idb_rrt_state_count"": 0}"
complex_s04_q0047,vanilla_ha,Complex,d20_inf,False,False,2.501401424407959,4169,,,,0,,,0,0,0,0,False,,,,timeout,"{""profile_name"": ""complex_d04"", ""map_seed"": 20400621, ""query_seed"": 20401623, ""evaluation_path_source"": ""planner_path"", ""planner_path_pose_count"": 0, ""evaluation_path_pose_count"": 0}"
complex_s04_q0047,f_n3p_knn,Complex,d20_inf,True,True,0.7501924329990288,5,28.54043578596037,,,1,0.14428081014539956,0.07304834169821095,0,17,0,0,True,3,5,0.6,,"{""profile_name"": ""complex_d04"", ""map_seed"": 20400621, ""query_seed"": 20401623}"
complex_s04_q0047,n3p_k1,Complex,d20_inf,True,True,0.8239933959994232,69,27.227654321737038,,,3,0.357415113121156,0.0659940876862718,0,0,2,0,True,3,3,1.0,,"{""profile_name"": ""complex_d04"", ""map_seed"": 20400621, ""query_seed"": 20401623}"
complex_s04_q0047,voronoi_waypoint,Complex,d20_inf,True,True,0.7641466469940497,9,29.01005888257429,,,2,0.11850311251172381,0.0974742536307942,0,0,0,0,False,,,,,"{""profile_name"": ""complex_d04"", ""map_seed"": 20400621, ""query_seed"": 20401623, ""waypoint_count"": 4}"
complex_s04_q0047,bottleneck_waypoint,Complex,d20_inf,True,True,0.7699202790026902,10,29.095574112828174,,,2,0.13058547223072314,0.0974742536307942,0,0,0,0,False,,,,,"{""profile_name"": ""complex_d04"", ""map_seed"": 20400621, ""query_seed"": 20401623, ""waypoint_count"": 4, ""bottleneck_count"": 4}"
complex_s04_q0047,improved_ha,Complex,d20_inf,False,False,2.50034236907959,4167,,,,0,,,0,0,0,0,False,,,,timeout,"{""profile_name"": ""complex_d04"", ""map_seed"": 20400621, ""query_seed"": 20401623, ""evaluation_path_source"": ""planner_path"", ""planner_path_pose_count"": 0, ""evaluation_path_pose_count"": 0}"
complex_s04_q0047,lo_ha,Complex,d20_inf,True,True,0.35964536666870117,595,26.78858251541441,,,2,0.14128854419842066,0.09287683856727313,0,0,0,0,False,,,,,"{""profile_name"": ""complex_d04"", ""map_seed"": 20400621, ""query_seed"": 20401623, ""evaluation_path_source"": ""trace_poses"", ""planner_path_pose_count"": 79, ""evaluation_path_pose_count"": 271}"
complex_s04_q0047,ss_rrt,Complex,d20_inf,False,False,0.45102054600283736,7,,,,0,,,0,0,0,0,False,,,,iteration_budget_exhausted,"{""profile_name"": ""complex_d04"", ""map_seed"": 20400621, ""query_seed"": 20401623, ""rrt_iterations"": 3000, ""evaluation_path_source"": ""planner_path"", ""planner_path_pose_count"": 0, ""evaluation_path_pose_count"": 0}"
complex_s04_q0047,idb_rrt,Complex,d20_inf,False,False,2.746901913000329,0,,,,0,,,0,0,0,0,False,,,,idb_rrt_failed:returncode=1,"{""profile_name"": ""complex_d04"", ""map_seed"": 20400621, ""query_seed"": 20401623, ""idb_rrt_run_dir"": ""/home/ubuntu/ForestNav/2_experiment/idb_rrt_strict_repro/runs/forestnav_adapter/run_1782412990325_840a8f74"", ""idb_rrt_returncode"": 1, ""idb_rrt_state_count"": 0}"
complex_s04_q0048,vanilla_ha,Complex,d08_12,True,True,0.14631891250610352,1,8.324061508662705,,,0,0.0,0.11256087352795152,0,0,0,0,False,,,,,"{""profile_name"": ""complex_d02"", ""map_seed"": 20400621, ""query_seed"": 20401624, ""evaluation_path_source"": ""trace_poses"", ""planner_path_pose_count"": 2, ""evaluation_path_pose_count"": 85}"
complex_s04_q0048,f_n3p_knn,Complex,d08_12,True,True,0.0004914999954053201,0,8.324061508662705,8.324061508662705,0.0,0,4.00125476056286e-17,0.11256087352795152,0,0,0,0,False,0,0,,,"{""profile_name"": ""complex_d02"", ""map_seed"": 20400621, ""query_seed"": 20401624}"
complex_s04_q0048,n3p_k1,Complex,d08_12,True,True,0.00044743900070898235,0,8.324061508662705,8.324061508662705,0.0,0,4.00125476056286e-17,0.11256087352795152,0,0,0,0,False,0,0,,,"{""profile_name"": ""complex_d02"", ""map_seed"": 20400621, ""query_seed"": 20401624}"
complex_s04_q0048,voronoi_waypoint,Complex,d08_12,True,True,0.328074249002384,2,8.90315779502216,8.324061508662705,0.06956895810498276,0,0.20103094106683173,0.6834301258773177,0,0,0,0,False,,,,,"{""profile_name"": ""complex_d02"", ""map_seed"": 20400621, ""query_seed"": 20401624, ""waypoint_count"": 1}"
complex_s04_q0048,bottleneck_waypoint,Complex,d08_12,True,True,0.4745854669963592,3,8.944834439526229,8.324061508662705,0.07457572607044005,0,0.2886195482421244,0.6834301258773163,0,0,0,0,False,,,,,"{""profile_name"": ""complex_d02"", ""map_seed"": 20400621, ""query_seed"": 20401624, ""waypoint_count"": 2, ""bottleneck_count"": 2}"
complex_s04_q0048,improved_ha,Complex,d08_12,True,True,0.14580106735229492,1,8.324061508662705,8.324061508662705,0.0,0,0.0,0.11256087352795152,0,0,0,0,False,,,,,"{""profile_name"": ""complex_d02"", ""map_seed"": 20400621, ""query_seed"": 20401624, ""evaluation_path_source"": ""trace_poses"", ""planner_path_pose_count"": 2, ""evaluation_path_pose_count"": 85}"
complex_s04_q0048,lo_ha,Complex,d08_12,True,True,0.14597582817077637,1,8.324061508662705,8.324061508662705,0.0,0,0.0,0.11256087352795152,0,0,0,0,False,,,,,"{""profile_name"": ""complex_d02"", ""map_seed"": 20400621, ""query_seed"": 20401624, ""evaluation_path_source"": ""trace_poses"", ""planner_path_pose_count"": 2, ""evaluation_path_pose_count"": 85}"
complex_s04_q0048,ss_rrt,Complex,d08_12,True,True,0.00039176900463644415,2,8.324061508662705,8.324061508662705,0.0,0,4.1346299192482857e-16,0.11256087352795374,0,0,0,0,False,,,,,"{""profile_name"": ""complex_d02"", ""map_seed"": 20400621, ""query_seed"": 20401624, ""rrt_iterations"": 0, ""evaluation_path_source"": ""planner_path"", ""planner_path_pose_count"": 85, ""evaluation_path_pose_count"": 85}"
complex_s04_q0048,idb_rrt,Complex,d08_12,True,True,0.415715684001043,168,8.32404849348629,8.324061508662705,-1.5635608172637205e-06,0,0.0003865907319639097,0.11267819391187417,0,0,0,0,False,,,,,"{""profile_name"": ""complex_d02"", ""map_seed"": 20400621, ""query_seed"": 20401624, ""idb_rrt_run_dir"": ""/home/ubuntu/ForestNav/2_experiment/idb_rrt_strict_repro/runs/forestnav_adapter/run_1782412994368_77865cc5"", ""idb_rrt_returncode"": 0, ""idb_rrt_state_count"": 168}"
complex_s04_q0049,vanilla_ha,Complex,d12_16,True,True,0.3552863597869873,341,15.19587190870289,,,0,0.1686912282069382,0.0764117360801887,0,0,0,0,False,,,,,"{""profile_name"": ""complex_d03"", ""map_seed"": 20400621, ""query_seed"": 20401625, ""evaluation_path_source"": ""trace_poses"", ""planner_path_pose_count"": 33, ""evaluation_path_pose_count"": 155}"
complex_s04_q0049,f_n3p_knn,Complex,d12_16,True,True,0.3917641879961593,104,15.949028587578773,15.19587190870289,0.049563242135815866,4,0.1577969504110311,0.0805386066213013,0,20,1,0,True,0,1,0.0,,"{""profile_name"": ""complex_d03"", ""map_seed"": 20400621, ""query_seed"": 20401625}"
complex_s04_q0049,n3p_k1,Complex,d12_16,True,True,0.5229723820011714,224,15.90530761345091,15.19587190870289,0.04668608086527226,2,0.18943150179962095,0.07231262747276002,0,0,2,0,True,0,0,,,"{""profile_name"": ""complex_d03"", ""map_seed"": 20400621, ""query_seed"": 20401625}"
complex_s04_q0049,voronoi_waypoint,Complex,d12_16,True,True,0.478404526002123,3,15.587074108417413,15.19587190870289,0.025743978500534448,0,0.11062628542987926,0.062169442102749106,0,0,0,0,False,,,,,"{""profile_name"": ""complex_d03"", ""map_seed"": 20400621, ""query_seed"": 20401625, ""waypoint_count"": 2}"
complex_s04_q0049,bottleneck_waypoint,Complex,d12_16,True,True,0.5074695229995996,23,16.302064043690326,15.19587190870289,0.07279556853555103,2,0.3104220574825522,0.06081099819216507,0,0,0,0,False,,,,,"{""profile_name"": ""complex_d03"", ""map_seed"": 20400621, ""query_seed"": 20401625, ""waypoint_count"": 2, ""bottleneck_count"": 2}"
complex_s04_q0049,improved_ha,Complex,d12_16,True,True,0.35363078117370605,341,15.19587190870289,15.19587190870289,0.0,0,0.1686912282069382,0.0764117360801887,0,0,0,0,False,,,,,"{""profile_name"": ""complex_d03"", ""map_seed"": 20400621, ""query_seed"": 20401625, ""evaluation_path_source"": ""trace_poses"", ""planner_path_pose_count"": 33, ""evaluation_path_pose_count"": 155}"
complex_s04_q0049,lo_ha,Complex,d12_16,True,True,0.2544057369232178,321,15.176555896707793,15.19587190870289,-0.0012711354841069555,0,0.12796050591784494,0.07178239187846769,0,0,0,0,False,,,,,"{""profile_name"": ""complex_d03"", ""map_seed"": 20400621, ""query_seed"": 20401625, ""evaluation_path_source"": ""trace_poses"", ""planner_path_pose_count"": 32, ""evaluation_path_pose_count"": 154}"
complex_s04_q0049,ss_rrt,Complex,d12_16,True,True,0.13355762399442028,52,15.832140633540876,15.19587190870289,0.04187115610480929,0,0.43986797309676284,0.05984222021156527,0,0,0,0,False,,,,,"{""profile_name"": ""complex_d03"", ""map_seed"": 20400621, ""query_seed"": 20401625, ""rrt_iterations"": 53, ""evaluation_path_source"": ""planner_path"", ""planner_path_pose_count"": 193, ""evaluation_path_pose_count"": 193}"
complex_s04_q0049,idb_rrt,Complex,d12_16,False,False,2.2550878259935416,302,,15.19587190870289,,0,,,0,0,0,0,False,,,,collision_violation_rejected:62,"{""profile_name"": ""complex_d03"", ""map_seed"": 20400621, ""query_seed"": 20401625, ""idb_rrt_run_dir"": ""/home/ubuntu/ForestNav/2_experiment/idb_rrt_strict_repro/runs/forestnav_adapter/run_1782412997846_36cef0d4"", ""idb_rrt_returncode"": 0, ""idb_rrt_state_count"": 302, ""rejected_collision_violation_count"": 62, ""rejected_collision_path_length_m"": 15.04578904512808}"
extreme_s00_q0000,vanilla_ha,Extreme,d08_12,True,True,0.14913344383239746,13,9.0269049258482,,,0,0.20394061509432007,0.1909453326641124,0,0,0,0,False,,,,,"{""profile_name"": ""extreme_d05"", ""map_seed"": 20460620, ""query_seed"": 20461620, ""evaluation_path_source"": ""trace_poses"", ""planner_path_pose_count"": 8, ""evaluation_path_pose_count"": 93}"
extreme_s00_q0000,f_n3p_knn,Extreme,d08_12,True,True,0.30161306700028945,2,11.2865034818944,9.0269049258482,0.25031819594952465,3,0.4320705480522889,0.17410199627235512,0,3,0,0,True,0,2,0.0,,"{""profile_name"": ""extreme_d05"", ""map_seed"": 20460620, ""query_seed"": 20461620}"
extreme_s00_q0000,n3p_k1,Extreme,d08_12,True,True,0.156308211000578,5,9.052641313094796,9.0269049258482,0.0028510754747068656,0,0.1863329270860514,0.07980015545511376,0,0,1,0,True,0,0,,,"{""profile_name"": ""extreme_d05"", ""map_seed"": 20460620, ""query_seed"": 20461620}"
extreme_s00_q0000,voronoi_waypoint,Extreme,d08_12,True,True,0.3324138590032817,8,9.487400630383286,9.0269049258482,0.05101368722921573,0,0.3223755741426522,0.10243278202535633,0,0,0,0,False,,,,,"{""profile_name"": ""extreme_d05"", ""map_seed"": 20460620, ""query_seed"": 20461620, ""waypoint_count"": 1}"
extreme_s00_q0000,bottleneck_waypoint,Extreme,d08_12,True,True,0.47074091599643,3,10.053612838752054,9.0269049258482,0.1137386425732605,0,0.3851384048178812,0.26995995245915183,0,0,0,0,False,,,,,"{""profile_name"": ""extreme_d05"", ""map_seed"": 20460620, ""query_seed"": 20461620, ""waypoint_count"": 2, ""bottleneck_count"": 2}"
extreme_s00_q0000,improved_ha,Extreme,d08_12,True,True,0.14784836769104004,13,9.0269049258482,9.0269049258482,0.0,0,0.20394061509432007,0.1909453326641124,0,0,0,0,False,,,,,"{""profile_name"": ""extreme_d05"", ""map_seed"": 20460620, ""query_seed"": 20461620, ""evaluation_path_source"": ""trace_poses"", ""planner_path_pose_count"": 8, ""evaluation_path_pose_count"": 93}"
extreme_s00_q0000,lo_ha,Extreme,d08_12,True,True,0.14641451835632324,19,8.918043192445479,9.0269049258482,-0.012059696462626945,0,0.16715794837526904,0.10292405888983858,0,0,0,0,False,,,,,"{""profile_name"": ""extreme_d05"", ""map_seed"": 20460620, ""query_seed"": 20461620, ""evaluation_path_source"": ""trace_poses"", ""planner_path_pose_count"": 10, ""evaluation_path_pose_count"": 91}"
extreme_s00_q0000,ss_rrt,Extreme,d08_12,False,False,2.500951627000177,1806,,9.0269049258482,,0,,,0,0,0,0,False,,,,timeout,"{""profile_name"": ""extreme_d05"", ""map_seed"": 20460620, ""query_seed"": 20461620, ""rrt_iterations"": 1974, ""evaluation_path_source"": ""planner_path"", ""planner_path_pose_count"": 0, ""evaluation_path_pose_count"": 0}"
extreme_s00_q0000,idb_rrt,Extreme,d08_12,False,False,0.6107894460001262,176,,9.0269049258482,,0,,,0,0,0,0,False,,,,collision_violation_rejected:34,"{""profile_name"": ""extreme_d05"", ""map_seed"": 20460620, ""query_seed"": 20461620, ""idb_rrt_run_dir"": ""/home/ubuntu/ForestNav/2_experiment/idb_rrt_strict_repro/runs/forestnav_adapter/run_1782413005892_19557c17"", ""idb_rrt_returncode"": 0, ""idb_rrt_state_count"": 176, ""rejected_collision_violation_count"": 34, ""rejected_collision_path_length_m"": 8.734705255585231}"
extreme_s00_q0001,vanilla_ha,Extreme,d12_16,True,True,2.0807199478149414,2485,16.07257047230246,,,0,0.09320930936245926,0.04058843270878493,0,0,0,0,False,,,,,"{""profile_name"": ""extreme_d06"", ""map_seed"": 20460620, ""query_seed"": 20461621, ""evaluation_path_source"": ""trace_poses"", ""planner_path_pose_count"": 40, ""evaluation_path_pose_count"": 163}"
extreme_s00_q0001,f_n3p_knn,Extreme,d12_16,True,True,3.5043608880005195,3174,16.07257047230246,16.07257047230246,0.0,0,0.09320930936245926,0.04058843270878493,0,31,1,1,True,1,4,0.25,,"{""profile_name"": ""extreme_d06"", ""map_seed"": 20460620, ""query_seed"": 20461621}"
extreme_s00_q0001,n3p_k1,Extreme,d12_16,True,True,1.4833833130032872,1253,16.780903021673517,16.07257047230246,0.04407089398623043,2,0.30984006820337195,0.038884963438411524,0,0,2,0,True,0,0,,,"{""profile_name"": ""extreme_d06"", ""map_seed"": 20460620, ""query_seed"": 20461621}"
extreme_s00_q0001,voronoi_waypoint,Extreme,d12_16,True,True,1.4859868000057759,964,16.977430579507267,16.07257047230246,0.05629840657809737,0,0.2557273100459817,0.03880340141871064,0,0,0,0,False,,,,,"{""profile_name"": ""extreme_d06"", ""map_seed"": 20460620, ""query_seed"": 20461621, ""waypoint_count"": 3}"
extreme_s00_q0001,bottleneck_waypoint,Extreme,d12_16,True,True,0.48890966000180924,24,16.571591921547427,16.07257047230246,0.03104801749694741,0,0.23530243060768558,0.03672765710144121,0,0,0,0,False,,,,,"{""profile_name"": ""extreme_d06"", ""map_seed"": 20460620, ""query_seed"": 20461621, ""waypoint_count"": 2, ""bottleneck_count"": 2}"
extreme_s00_q0001,improved_ha,Extreme,d12_16,True,True,2.079403877258301,2485,16.07257047230246,16.07257047230246,0.0,0,0.09320930936245926,0.04058843270878493,0,0,0,0,False,,,,,"{""profile_name"": ""extreme_d06"", ""map_seed"": 20460620, ""query_seed"": 20461621, ""evaluation_path_source"": ""trace_poses"", ""planner_path_pose_count"": 40, ""evaluation_path_pose_count"": 163}"
extreme_s00_q0001,lo_ha,Extreme,d12_16,False,False,2.5025229454040527,4841,,16.07257047230246,,0,,,0,0,0,0,False,,,,timeout,"{""profile_name"": ""extreme_d06"", ""map_seed"": 20460620, ""query_seed"": 20461621, ""evaluation_path_source"": ""planner_path"", ""planner_path_pose_count"": 0, ""evaluation_path_pose_count"": 0}"
extreme_s00_q0001,ss_rrt,Extreme,d12_16,False,False,2.5002342439984204,1332,,16.07257047230246,,0,,,0,0,0,0,False,,,,timeout,"{""profile_name"": ""extreme_d06"", ""map_seed"": 20460620, ""query_seed"": 20461621, ""rrt_iterations"": 1636, ""evaluation_path_source"": ""planner_path"", ""planner_path_pose_count"": 0, ""evaluation_path_pose_count"": 0}"
extreme_s00_q0001,idb_rrt,Extreme,d12_16,False,False,0.550578182002937,320,,16.07257047230246,,0,,,0,0,0,0,False,,,,collision_violation_rejected:77,"{""profile_name"": ""extreme_d06"", ""map_seed"": 20460620, ""query_seed"": 20461621, ""idb_rrt_run_dir"": ""/home/ubuntu/ForestNav/2_experiment/idb_rrt_strict_repro/runs/forestnav_adapter/run_1782413022695_48a034a9"", ""idb_rrt_returncode"": 0, ""idb_rrt_state_count"": 320, ""rejected_collision_violation_count"": 77, ""rejected_collision_path_length_m"": 15.930448830829796}"
extreme_s00_q0002,vanilla_ha,Extreme,d16_20,True,True,0.7017121315002441,1537,19.061563419769328,,,0,0.1187793187913204,0.07414255827060368,0,0,0,0,False,,,,,"{""profile_name"": ""extreme_d07"", ""map_seed"": 20460620, ""query_seed"": 20461622, ""evaluation_path_source"": ""trace_poses"", ""planner_path_pose_count"": 14, ""evaluation_path_pose_count"": 193}"
extreme_s00_q0002,f_n3p_knn,Extreme,d16_20,True,True,0.6495746739965398,4,22.797906977692627,19.061563419769328,0.19601453855816575,7,0.291357715170717,0.05995333005909881,0,5,0,0,True,2,4,0.5,,"{""profile_name"": ""extreme_d07"", ""map_seed"": 20460620, ""query_seed"": 20461622}"
extreme_s00_q0002,n3p_k1,Extreme,d16_20,True,True,1.0462787209980888,982,19.490737489004722,19.061563419769328,0.02251515575004115,2,0.23419146048071907,0.05995333005909881,0,0,1,0,True,1,1,1.0,,"{""profile_name"": ""extreme_d07"", ""map_seed"": 20460620, ""query_seed"": 20461622}"
extreme_s00_q0002,voronoi_waypoint,Extreme,d16_20,True,True,0.6549750410049455,4,19.233630500749726,19.061563419769328,0.009026913332929487,0,0.2087412101158326,0.11503428172340857,0,0,0,0,False,,,,,"{""profile_name"": ""extreme_d07"", ""map_seed"": 20460620, ""query_seed"": 20461622, ""waypoint_count"": 3}"
extreme_s00_q0002,bottleneck_waypoint,Extreme,d16_20,True,True,0.7188018209999427,70,18.953491485563404,19.061563419769328,-0.0056696259286811435,0,0.20403415425022947,0.08115472986659655,0,0,0,0,False,,,,,"{""profile_name"": ""extreme_d07"", ""map_seed"": 20460620, ""query_seed"": 20461622, ""waypoint_count"": 3, ""bottleneck_count"": 3}"
extreme_s00_q0002,improved_ha,Extreme,d16_20,True,True,0.709773063659668,1537,19.061563419769328,19.061563419769328,0.0,0,0.1187793187913204,0.07414255827060368,0,0,0,0,False,,,,,"{""profile_name"": ""extreme_d07"", ""map_seed"": 20460620, ""query_seed"": 20461622, ""evaluation_path_source"": ""trace_poses"", ""planner_path_pose_count"": 14, ""evaluation_path_pose_count"": 193}"
extreme_s00_q0002,lo_ha,Extreme,d16_20,True,True,1.8655915260314941,4045,18.74730268813838,19.061563419769328,-0.016486618894283267,0,0.1057981169950703,0.08747058228028204,0,0,0,0,False,,,,,"{""profile_name"": ""extreme_d07"", ""map_seed"": 20460620, ""query_seed"": 20461622, ""evaluation_path_source"": ""trace_poses"", ""planner_path_pose_count"": 52, ""evaluation_path_pose_count"": 190}"
extreme_s00_q0002,ss_rrt,Extreme,d16_20,False,False,2.5040102990024025,2293,,19.061563419769328,,0,,,0,0,0,0,False,,,,timeout,"{""profile_name"": ""extreme_d07"", ""map_seed"": 20460620, ""query_seed"": 20461622, ""rrt_iterations"": 1717, ""evaluation_path_source"": ""planner_path"", ""planner_path_pose_count"": 0, ""evaluation_path_pose_count"": 0}"
extreme_s00_q0002,idb_rrt,Extreme,d16_20,False,False,2.7527670330018736,0,,19.061563419769328,,0,,,0,0,0,0,False,,,,idb_rrt_failed:returncode=1,"{""profile_name"": ""extreme_d07"", ""map_seed"": 20460620, ""query_seed"": 20461622, ""idb_rrt_run_dir"": ""/home/ubuntu/ForestNav/2_experiment/idb_rrt_strict_repro/runs/forestnav_adapter/run_1782413032168_c5377c87"", ""idb_rrt_returncode"": 1, ""idb_rrt_state_count"": 0}"
extreme_s00_q0003,vanilla_ha,Extreme,d20_inf,True,True,1.256098985671997,1877,28.6844418092315,,,2,0.3223658269008456,0.05475822083283527,0,0,0,0,False,,,,,"{""profile_name"": ""extreme_d05"", ""map_seed"": 20460620, ""query_seed"": 20461623, ""evaluation_path_source"": ""trace_poses"", ""planner_path_pose_count"": 93, ""evaluation_path_pose_count"": 290}"
extreme_s00_q0003,f_n3p_knn,Extreme,d20_inf,True,True,1.1213114689962822,7,31.056561052724394,28.6844418092315,0.08269706830165591,0,0.2019339821607566,0.1044940657125567,0,17,0,0,True,2,7,0.2857142857142857,,"{""profile_name"": ""extreme_d05"", ""map_seed"": 20460620, ""query_seed"": 20461623}"
extreme_s00_q0003,n3p_k1,Extreme,d20_inf,True,True,2.098932983004488,3398,28.6844418092315,28.6844418092315,0.0,2,0.3223658269008456,0.05475822083283527,0,0,1,1,True,0,0,,,"{""profile_name"": ""extreme_d05"", ""map_seed"": 20460620, ""query_seed"": 20461623}"
extreme_s00_q0003,voronoi_waypoint,Extreme,d20_inf,True,True,0.9774617099974421,24,30.245781942302425,28.6844418092315,0.05443160245037215,0,0.2665341862895377,0.07829695933741232,0,0,0,0,False,,,,,"{""profile_name"": ""extreme_d05"", ""map_seed"": 20460620, ""query_seed"": 20461623, ""waypoint_count"": 5}"
extreme_s00_q0003,bottleneck_waypoint,Extreme,d20_inf,True,True,1.2029430100010359,89,29.55923554301165,28.6844418092315,0.03049715032274447,0,0.35236014032972157,0.07069345507217206,0,0,0,0,False,,,,,"{""profile_name"": ""extreme_d05"", ""map_seed"": 20460620, ""query_seed"": 20461623, ""waypoint_count"": 6, ""bottleneck_count"": 6}"
extreme_s00_q0003,improved_ha,Extreme,d20_inf,True,True,1.240253210067749,1877,28.6844418092315,28.6844418092315,0.0,2,0.3223658269008456,0.05475822083283527,0,0,0,0,False,,,,,"{""profile_name"": ""extreme_d05"", ""map_seed"": 20460620, ""query_seed"": 20461623, ""evaluation_path_source"": ""trace_poses"", ""planner_path_pose_count"": 93, ""evaluation_path_pose_count"": 290}"
extreme_s00_q0003,lo_ha,Extreme,d20_inf,False,False,2.500628709793091,6541,,28.6844418092315,,0,,,0,0,0,0,False,,,,timeout,"{""profile_name"": ""extreme_d05"", ""map_seed"": 20460620, ""query_seed"": 20461623, ""evaluation_path_source"": ""planner_path"", ""planner_path_pose_count"": 0, ""evaluation_path_pose_count"": 0}"
extreme_s00_q0003,ss_rrt,Extreme,d20_inf,False,False,2.5017472129984526,1108,,28.6844418092315,,0,,,0,0,0,0,False,,,,timeout,"{""profile_name"": ""extreme_d05"", ""map_seed"": 20460620, ""query_seed"": 20461623, ""rrt_iterations"": 2705, ""evaluation_path_source"": ""planner_path"", ""planner_path_pose_count"": 0, ""evaluation_path_pose_count"": 0}"
extreme_s00_q0003,idb_rrt,Extreme,d20_inf,False,False,2.7542456239971216,0,,28.6844418092315,,0,,,0,0,0,0,False,,,,idb_rrt_failed:returncode=1,"{""profile_name"": ""extreme_d05"", ""map_seed"": 20460620, ""query_seed"": 20461623, ""idb_rrt_run_dir"": ""/home/ubuntu/ForestNav/2_experiment/idb_rrt_strict_repro/runs/forestnav_adapter/run_1782413047891_85f3f981"", ""idb_rrt_returncode"": 1, ""idb_rrt_state_count"": 0}"
extreme_s00_q0004,vanilla_ha,Extreme,d08_12,False,False,2.500260353088379,2822,,,,0,,,0,0,0,0,False,,,,timeout,"{""profile_name"": ""extreme_d06"", ""map_seed"": 20460620, ""query_seed"": 20461624, ""evaluation_path_source"": ""planner_path"", ""planner_path_pose_count"": 0, ""evaluation_path_pose_count"": 0}"
extreme_s00_q0004,f_n3p_knn,Extreme,d08_12,True,True,0.6340360510002938,4,14.486743606187142,,,1,0.2472235526926048,0.0819902453072876,0,13,0,0,True,0,4,0.0,,"{""profile_name"": ""extreme_d06"", ""map_seed"": 20460620, ""query_seed"": 20461624}"
extreme_s00_q0004,n3p_k1,Extreme,d08_12,True,True,0.3436583700022311,26,11.958730213685397,,,1,0.4317935305172562,0.07464454916966956,0,0,1,0,True,1,1,1.0,,"{""profile_name"": ""extreme_d06"", ""map_seed"": 20460620, ""query_seed"": 20461624}"
extreme_s00_q0004,voronoi_waypoint,Extreme,d08_12,True,True,0.5117973219967098,13,14.29042225829031,,,3,0.30197234690706726,0.0819902453072896,0,0,0,0,False,,,,,"{""profile_name"": ""extreme_d06"", ""map_seed"": 20460620, ""query_seed"": 20461624, ""waypoint_count"": 2}"
extreme_s00_q0004,bottleneck_waypoint,Extreme,d08_12,True,True,0.5061850450001657,5,14.213351614520347,,,3,0.21461879239536202,0.06667986941246884,0,0,0,0,False,,,,,"{""profile_name"": ""extreme_d06"", ""map_seed"": 20460620, ""query_seed"": 20461624, ""waypoint_count"": 2, ""bottleneck_count"": 2}"
extreme_s00_q0004,improved_ha,Extreme,d08_12,False,False,2.5015907287597656,2905,,,,0,,,0,0,0,0,False,,,,timeout,"{""profile_name"": ""extreme_d06"", ""map_seed"": 20460620, ""query_seed"": 20461624, ""evaluation_path_source"": ""planner_path"", ""planner_path_pose_count"": 0, ""evaluation_path_pose_count"": 0}"
extreme_s00_q0004,lo_ha,Extreme,d08_12,True,True,1.811600923538208,2821,12.461122053097235,,,3,0.21021153466415934,0.07810087196178317,0,0,0,0,False,,,,,"{""profile_name"": ""extreme_d06"", ""map_seed"": 20460620, ""query_seed"": 20461624, ""evaluation_path_source"": ""trace_poses"", ""planner_path_pose_count"": 40, ""evaluation_path_pose_count"": 127}"
extreme_s00_q0004,ss_rrt,Extreme,d08_12,False,False,2.501935856998898,3145,,,,0,,,0,0,0,0,False,,,,timeout,"{""profile_name"": ""extreme_d06"", ""map_seed"": 20460620, ""query_seed"": 20461624, ""rrt_iterations"": 1329, ""evaluation_path_source"": ""planner_path"", ""planner_path_pose_count"": 0, ""evaluation_path_pose_count"": 0}"
extreme_s00_q0004,idb_rrt,Extreme,d08_12,False,False,3.619697059999453,243,,,,0,,,0,0,0,0,False,,,,collision_violation_rejected:43,"{""profile_name"": ""extreme_d06"", ""map_seed"": 20460620, ""query_seed"": 20461624, ""idb_rrt_run_dir"": ""/home/ubuntu/ForestNav/2_experiment/idb_rrt_strict_repro/runs/forestnav_adapter/run_1782413062013_273ac54c"", ""idb_rrt_returncode"": 0, ""idb_rrt_state_count"": 243, ""rejected_collision_violation_count"": 43, ""rejected_collision_path_length_m"": 12.052614302612813}"
extreme_s00_q0005,vanilla_ha,Extreme,d12_16,False,False,2.5000405311584473,3151,,,,0,,,0,0,0,0,False,,,,timeout,"{""profile_name"": ""extreme_d07"", ""map_seed"": 20460621, ""query_seed"": 20461621, ""evaluation_path_source"": ""planner_path"", ""planner_path_pose_count"": 0, ""evaluation_path_pose_count"": 0}"
extreme_s00_q0005,f_n3p_knn,Extreme,d12_16,True,True,0.4896754870060249,3,15.372903810568028,,,0,0.24651854112676153,0.19958651379272574,0,3,0,0,True,2,3,0.6666666666666666,,"{""profile_name"": ""extreme_d07"", ""map_seed"": 20460621, ""query_seed"": 20461621}"
extreme_s00_q0005,n3p_k1,Extreme,d12_16,True,True,1.8363799019934959,1439,15.21572850323393,,,2,0.25230177800052167,0.07342153420176034,0,0,2,0,True,0,0,,,"{""profile_name"": ""extreme_d07"", ""map_seed"": 20460621, ""query_seed"": 20461621}"
extreme_s00_q0005,voronoi_waypoint,Extreme,d12_16,True,True,0.6226257010057452,7,17.589739207070252,,,3,0.3165953702804757,0.12348484643193003,0,0,0,0,False,,,,,"{""profile_name"": ""extreme_d07"", ""map_seed"": 20460621, ""query_seed"": 20461621, ""waypoint_count"": 3}"
extreme_s00_q0005,bottleneck_waypoint,Extreme,d12_16,True,True,0.6241255599961733,7,16.099424850230598,,,2,0.2993822404093295,0.11369054790934363,0,0,0,0,False,,,,,"{""profile_name"": ""extreme_d07"", ""map_seed"": 20460621, ""query_seed"": 20461621, ""waypoint_count"": 3, ""bottleneck_count"": 3}"
extreme_s00_q0005,improved_ha,Extreme,d12_16,False,False,2.5001943111419678,3239,,,,0,,,0,0,0,0,False,,,,timeout,"{""profile_name"": ""extreme_d07"", ""map_seed"": 20460621, ""query_seed"": 20461621, ""evaluation_path_source"": ""planner_path"", ""planner_path_pose_count"": 0, ""evaluation_path_pose_count"": 0}"
extreme_s00_q0005,lo_ha,Extreme,d12_16,True,True,1.1004855632781982,2200,15.306528076049652,,,2,0.30179432399724104,0.07368046344979984,0,0,0,0,False,,,,,"{""profile_name"": ""extreme_d07"", ""map_seed"": 20460621, ""query_seed"": 20461621, ""evaluation_path_source"": ""trace_poses"", ""planner_path_pose_count"": 41, ""evaluation_path_pose_count"": 156}"
extreme_s00_q0005,ss_rrt,Extreme,d12_16,False,False,2.5032624599989504,3301,,,,0,,,0,0,0,0,False,,,,timeout,"{""profile_name"": ""extreme_d07"", ""map_seed"": 20460621, ""query_seed"": 20461621, ""rrt_iterations"": 1429, ""evaluation_path_source"": ""planner_path"", ""planner_path_pose_count"": 0, ""evaluation_path_pose_count"": 0}"
extreme_s00_q0005,idb_rrt,Extreme,d12_16,False,False,2.3891300760005834,298,,,,0,,,0,0,0,0,False,,,,collision_violation_rejected:87,"{""profile_name"": ""extreme_d07"", ""map_seed"": 20460621, ""query_seed"": 20461621, ""idb_rrt_run_dir"": ""/home/ubuntu/ForestNav/2_experiment/idb_rrt_strict_repro/runs/forestnav_adapter/run_1782413079244_f97df352"", ""idb_rrt_returncode"": 0, ""idb_rrt_state_count"": 298, ""rejected_collision_violation_count"": 87, ""rejected_collision_path_length_m"": 14.827711098640298}"
extreme_s00_q0006,vanilla_ha,Extreme,d16_20,False,False,2.5004260540008545,4259,,,,0,,,0,0,0,0,False,,,,timeout,"{""profile_name"": ""extreme_d05"", ""map_seed"": 20460621, ""query_seed"": 20461622, ""evaluation_path_source"": ""planner_path"", ""planner_path_pose_count"": 0, ""evaluation_path_pose_count"": 0}"
extreme_s00_q0006,f_n3p_knn,Extreme,d16_20,True,True,1.206628844003717,8,17.899989340454177,,,1,0.288623615252264,0.08241262429070628,0,16,0,0,True,2,8,0.25,,"{""profile_name"": ""extreme_d05"", ""map_seed"": 20460621, ""query_seed"": 20461622}"
extreme_s00_q0006,n3p_k1,Extreme,d16_20,False,False,3.5115199749998283,6258,,,,0,,,0,0,1,1,True,0,0,,f2_failed:prediction:goal_in_collision;goal:timeout;f3_failed:timeout,"{""profile_name"": ""extreme_d05"", ""map_seed"": 20460621, ""query_seed"": 20461622}"
extreme_s00_q0006,voronoi_waypoint,Extreme,d16_20,True,True,0.7297556999983499,135,18.349439511735266,,,1,0.2623093491907836,0.08241262429070695,0,0,0,0,False,,,,,"{""profile_name"": ""extreme_d05"", ""map_seed"": 20460621, ""query_seed"": 20461622, ""waypoint_count"": 3}"
extreme_s00_q0006,bottleneck_waypoint,Extreme,d16_20,True,True,0.6853193980059586,72,19.39018696677917,,,3,0.26397195809216784,0.0725524891568694,0,0,0,0,False,,,,,"{""profile_name"": ""extreme_d05"", ""map_seed"": 20460621, ""query_seed"": 20461622, ""waypoint_count"": 3, ""bottleneck_count"": 3}"
extreme_s00_q0006,improved_ha,Extreme,d16_20,False,False,2.5001533031463623,4275,,,,0,,,0,0,0,0,False,,,,timeout,"{""profile_name"": ""extreme_d05"", ""map_seed"": 20460621, ""query_seed"": 20461622, ""evaluation_path_source"": ""planner_path"", ""planner_path_pose_count"": 0, ""evaluation_path_pose_count"": 0}"
extreme_s00_q0006,lo_ha,Extreme,d16_20,False,False,2.5000228881835938,6935,,,,0,,,0,0,0,0,False,,,,timeout,"{""profile_name"": ""extreme_d05"", ""map_seed"": 20460621, ""query_seed"": 20461622, ""evaluation_path_source"": ""planner_path"", ""planner_path_pose_count"": 0, ""evaluation_path_pose_count"": 0}"
extreme_s00_q0006,ss_rrt,Extreme,d16_20,False,False,2.50038286200288,2819,,,,0,,,0,0,0,0,False,,,,timeout,"{""profile_name"": ""extreme_d05"", ""map_seed"": 20460621, ""query_seed"": 20461622, ""rrt_iterations"": 1505, ""evaluation_path_source"": ""planner_path"", ""planner_path_pose_count"": 0, ""evaluation_path_pose_count"": 0}"
extreme_s00_q0006,idb_rrt,Extreme,d16_20,False,False,2.7522298769981717,0,,,,0,,,0,0,0,0,False,,,,idb_rrt_failed:returncode=1,"{""profile_name"": ""extreme_d05"", ""map_seed"": 20460621, ""query_seed"": 20461622, ""idb_rrt_run_dir"": ""/home/ubuntu/ForestNav/2_experiment/idb_rrt_strict_repro/runs/forestnav_adapter/run_1782413097825_4be2a694"", ""idb_rrt_returncode"": 1, ""idb_rrt_state_count"": 0}"
extreme_s00_q0007,vanilla_ha,Extreme,d20_inf,True,True,0.8011982440948486,845,30.166103937281882,,,1,0.3949498579239073,0.08031304800519223,0,0,0,0,False,,,,,"{""profile_name"": ""extreme_d06"", ""map_seed"": 20460621, ""query_seed"": 20461623, ""evaluation_path_source"": ""trace_poses"", ""planner_path_pose_count"": 96, ""evaluation_path_pose_count"": 304}"
extreme_s00_q0007,f_n3p_knn,Extreme,d20_inf,True,True,1.5956893870024942,10,34.799857817802604,30.166103937281882,0.15360796641670138,7,0.2485992136968624,0.07430373758572473,0,37,0,0,True,3,10,0.3,,"{""profile_name"": ""extreme_d06"", ""map_seed"": 20460621, ""query_seed"": 20461623}"
extreme_s00_q0007,n3p_k1,Extreme,d20_inf,True,True,0.8914503100022557,133,30.66097993113217,30.166103937281882,0.016405035097644127,3,0.3786230342533192,0.07332430616628238,0,0,4,0,True,1,1,1.0,,"{""profile_name"": ""extreme_d06"", ""map_seed"": 20460621, ""query_seed"": 20461623}"
extreme_s00_q0007,voronoi_waypoint,Extreme,d20_inf,False,False,4.002855071994418,5663,4.674185109703268,30.166103937281882,,0,0.2098586105849254,0.18726070092411284,0,0,0,0,False,,,,segment_failed:node_budget_exhausted,"{""profile_name"": ""extreme_d06"", ""map_seed"": 20460621, ""query_seed"": 20461623, ""waypoint_count"": 5}"
extreme_s00_q0007,bottleneck_waypoint,Extreme,d20_inf,False,False,3.462912631999643,3260,25.33382660574506,30.166103937281882,,2,0.24644658355267085,0.061397805391907756,0,0,0,0,False,,,,segment_failed:timeout,"{""profile_name"": ""extreme_d06"", ""map_seed"": 20460621, ""query_seed"": 20461623, ""waypoint_count"": 5, ""bottleneck_count"": 5}"
extreme_s00_q0007,improved_ha,Extreme,d20_inf,True,True,0.8009068965911865,845,30.166103937281882,30.166103937281882,0.0,1,0.3949498579239073,0.08031304800519223,0,0,0,0,False,,,,,"{""profile_name"": ""extreme_d06"", ""map_seed"": 20460621, ""query_seed"": 20461623, ""evaluation_path_source"": ""trace_poses"", ""planner_path_pose_count"": 96, ""evaluation_path_pose_count"": 304}"
extreme_s00_q0007,lo_ha,Extreme,d20_inf,True,True,0.7205727100372314,1271,30.467077380490103,30.166103937281882,0.00997720633178134,1,0.17537029189949402,0.06834231861011475,0,0,0,0,False,,,,,"{""profile_name"": ""extreme_d06"", ""map_seed"": 20460621, ""query_seed"": 20461623, ""evaluation_path_source"": ""trace_poses"", ""planner_path_pose_count"": 99, ""evaluation_path_pose_count"": 307}"
extreme_s00_q0007,ss_rrt,Extreme,d20_inf,False,False,2.501405598995916,1064,,30.166103937281882,,0,,,0,0,0,0,False,,,,timeout,"{""profile_name"": ""extreme_d06"", ""map_seed"": 20460621, ""query_seed"": 20461623, ""rrt_iterations"": 2484, ""evaluation_path_source"": ""planner_path"", ""planner_path_pose_count"": 0, ""evaluation_path_pose_count"": 0}"
extreme_s00_q0007,idb_rrt,Extreme,d20_inf,False,False,2.7544150710018585,0,,30.166103937281882,,0,,,0,0,0,0,False,,,,idb_rrt_failed:returncode=1,"{""profile_name"": ""extreme_d06"", ""map_seed"": 20460621, ""query_seed"": 20461623, ""idb_rrt_run_dir"": ""/home/ubuntu/ForestNav/2_experiment/idb_rrt_strict_repro/runs/forestnav_adapter/run_1782413115426_e2139285"", ""idb_rrt_returncode"": 1, ""idb_rrt_state_count"": 0}"
extreme_s00_q0008,vanilla_ha,Extreme,d08_12,False,False,2.501063823699951,2527,,,,0,,,0,0,0,0,False,,,,timeout,"{""profile_name"": ""extreme_d07"", ""map_seed"": 20460621, ""query_seed"": 20461624, ""evaluation_path_source"": ""planner_path"", ""planner_path_pose_count"": 0, ""evaluation_path_pose_count"": 0}"
extreme_s00_q0008,f_n3p_knn,Extreme,d08_12,False,False,3.8304041820010752,4024,,,,0,,,0,22,1,1,True,1,2,0.5,f2_failed:prediction:goal_in_collision;goal:timeout;f3_failed:timeout,"{""profile_name"": ""extreme_d07"", ""map_seed"": 20460621, ""query_seed"": 20461624}"
extreme_s00_q0008,n3p_k1,Extreme,d08_12,True,True,0.4806113049999112,233,11.299652242870964,,,0,0.4579169982143142,0.08152676325874209,0,0,1,0,True,1,1,1.0,,"{""profile_name"": ""extreme_d07"", ""map_seed"": 20460621, ""query_seed"": 20461624}"
extreme_s00_q0008,voronoi_waypoint,Extreme,d08_12,True,True,0.5727177730004769,87,13.245316692236818,,,3,0.42090951440378943,0.07199932903831974,0,0,0,0,False,,,,,"{""profile_name"": ""extreme_d07"", ""map_seed"": 20460621, ""query_seed"": 20461624, ""waypoint_count"": 2}"
extreme_s00_q0008,bottleneck_waypoint,Extreme,d08_12,True,True,0.6488738889966044,4,12.725841495733006,,,1,0.48866515323513604,0.16705701947274043,0,0,0,0,False,,,,,"{""profile_name"": ""extreme_d07"", ""map_seed"": 20460621, ""query_seed"": 20461624, ""waypoint_count"": 3, ""bottleneck_count"": 3}"
extreme_s00_q0008,improved_ha,Extreme,d08_12,False,False,2.5001893043518066,2545,,,,0,,,0,0,0,0,False,,,,timeout,"{""profile_name"": ""extreme_d07"", ""map_seed"": 20460621, ""query_seed"": 20461624, ""evaluation_path_source"": ""planner_path"", ""planner_path_pose_count"": 0, ""evaluation_path_pose_count"": 0}"
extreme_s00_q0008,lo_ha,Extreme,d08_12,True,True,0.48163580894470215,659,11.487581532907042,,,0,0.45158076105230366,0.05553904439022389,0,0,0,0,False,,,,,"{""profile_name"": ""extreme_d07"", ""map_seed"": 20460621, ""query_seed"": 20461624, ""evaluation_path_source"": ""trace_poses"", ""planner_path_pose_count"": 32, ""evaluation_path_pose_count"": 117}"
extreme_s00_q0008,ss_rrt,Extreme,d08_12,False,False,2.5003645730030257,1647,,,,0,,,0,0,0,0,False,,,,timeout,"{""profile_name"": ""extreme_d07"", ""map_seed"": 20460621, ""query_seed"": 20461624, ""rrt_iterations"": 2202, ""evaluation_path_source"": ""planner_path"", ""planner_path_pose_count"": 0, ""evaluation_path_pose_count"": 0}"
extreme_s00_q0008,idb_rrt,Extreme,d08_12,False,False,0.8119761269990704,219,,,,0,,,0,0,0,0,False,,,,collision_violation_rejected:97,"{""profile_name"": ""extreme_d07"", ""map_seed"": 20460621, ""query_seed"": 20461624, ""idb_rrt_run_dir"": ""/home/ubuntu/ForestNav/2_experiment/idb_rrt_strict_repro/runs/forestnav_adapter/run_1782413131746_3cd3a7af"", ""idb_rrt_returncode"": 0, ""idb_rrt_state_count"": 219, ""rejected_collision_violation_count"": 97, ""rejected_collision_path_length_m"": 10.897077649270901}"
extreme_s00_q0009,vanilla_ha,Extreme,d12_16,True,True,0.16429901123046875,25,14.46645433289366,,,0,0.13657860146284498,0.07478658297015417,0,0,0,0,False,,,,,"{""profile_name"": ""extreme_d05"", ""map_seed"": 20460621, ""query_seed"": 20461625, ""evaluation_path_source"": ""trace_poses"", ""planner_path_pose_count"": 14, ""evaluation_path_pose_count"": 147}"
extreme_s00_q0009,f_n3p_knn,Extreme,d12_16,True,True,0.956240063002042,6,17.215437395777425,14.46645433289366,0.1900246597836457,3,0.36968532789618685,0.14953271661569845,0,19,0,0,True,0,6,0.0,,"{""profile_name"": ""extreme_d05"", ""map_seed"": 20460621, ""query_seed"": 20461625}"
extreme_s00_q0009,n3p_k1,Extreme,d12_16,True,True,0.17866570399928605,25,14.46645433289366,14.46645433289366,0.0,0,0.136578601462845,0.07478658297015417,0,0,1,0,True,0,0,,,"{""profile_name"": ""extreme_d05"", ""map_seed"": 20460621, ""query_seed"": 20461625}"
extreme_s00_q0009,voronoi_waypoint,Extreme,d12_16,True,True,0.6421422190032899,155,14.802862100871055,14.46645433289366,0.023254334492486928,0,0.2590215236333929,0.08049836127601984,0,0,0,0,False,,,,,"{""profile_name"": ""extreme_d05"", ""map_seed"": 20460621, ""query_seed"": 20461625, ""waypoint_count"": 2}"
extreme_s00_q0009,bottleneck_waypoint,Extreme,d12_16,True,True,0.5138124029981554,8,14.659972147383154,14.46645433289366,0.013377003793491715,0,0.1692958443583914,0.13119638314657345,0,0,0,0,False,,,,,"{""profile_name"": ""extreme_d05"", ""map_seed"": 20460621, ""query_seed"": 20461625, ""waypoint_count"": 2, ""bottleneck_count"": 2}"
extreme_s00_q0009,improved_ha,Extreme,d12_16,True,True,0.16823434829711914,25,14.46645433289366,14.46645433289366,0.0,0,0.13657860146284498,0.07478658297015417,0,0,0,0,False,,,,,"{""profile_name"": ""extreme_d05"", ""map_seed"": 20460621, ""query_seed"": 20461625, ""evaluation_path_source"": ""trace_poses"", ""planner_path_pose_count"": 14, ""evaluation_path_pose_count"": 147}"
extreme_s00_q0009,lo_ha,Extreme,d12_16,True,True,0.18140649795532227,97,14.493296832175673,14.46645433289366,0.0018554995346011793,0,0.09486254810289889,0.0789457805747863,0,0,0,0,False,,,,,"{""profile_name"": ""extreme_d05"", ""map_seed"": 20460621, ""query_seed"": 20461625, ""evaluation_path_source"": ""trace_poses"", ""planner_path_pose_count"": 14, ""evaluation_path_pose_count"": 148}"
extreme_s00_q0009,ss_rrt,Extreme,d12_16,True,True,0.19254002799425507,62,14.723198877045666,14.46645433289366,0.017747579209386855,0,0.48636658163810254,0.11316049711505838,0,0,0,0,False,,,,,"{""profile_name"": ""extreme_d05"", ""map_seed"": 20460621, ""query_seed"": 20461625, ""rrt_iterations"": 89, ""evaluation_path_source"": ""planner_path"", ""planner_path_pose_count"": 179, ""evaluation_path_pose_count"": 179}"
extreme_s00_q0009,idb_rrt,Extreme,d12_16,False,False,1.912070352002047,287,,14.46645433289366,,0,,,0,0,0,0,False,,,,collision_violation_rejected:59,"{""profile_name"": ""extreme_d05"", ""map_seed"": 20460621, ""query_seed"": 20461625, ""idb_rrt_run_dir"": ""/home/ubuntu/ForestNav/2_experiment/idb_rrt_strict_repro/runs/forestnav_adapter/run_1782413135623_b4d54f11"", ""idb_rrt_returncode"": 0, ""idb_rrt_state_count"": 287, ""rejected_collision_violation_count"": 59, ""rejected_collision_path_length_m"": 14.260244374565959}"
extreme_s01_q0010,vanilla_ha,Extreme,d16_20,False,False,2.500004768371582,2744,,,,0,,,0,0,0,0,False,,,,timeout,"{""profile_name"": ""extreme_d06"", ""map_seed"": 20470620, ""query_seed"": 20471620, ""evaluation_path_source"": ""planner_path"", ""planner_path_pose_count"": 0, ""evaluation_path_pose_count"": 0}"
extreme_s01_q0010,f_n3p_knn,Extreme,d16_20,False,False,4.156928340002196,3905,,,,0,,,0,29,1,1,True,1,4,0.25,f2_failed:prediction:goal_in_collision;goal:timeout;f3_failed:timeout,"{""profile_name"": ""extreme_d06"", ""map_seed"": 20470620, ""query_seed"": 20471620}"
extreme_s01_q0010,n3p_k1,Extreme,d16_20,True,True,0.8653028660046402,240,20.28380180590396,,,1,0.3402995394316559,0.06374319819698926,0,0,2,0,True,2,2,1.0,,"{""profile_name"": ""extreme_d06"", ""map_seed"": 20470620, ""query_seed"": 20471620}"
extreme_s01_q0010,voronoi_waypoint,Extreme,d16_20,True,True,0.6702196449987241,22,22.019945825153947,,,1,0.2902660973997988,0.09777754905532621,0,0,0,0,False,,,,,"{""profile_name"": ""extreme_d06"", ""map_seed"": 20470620, ""query_seed"": 20471620, ""waypoint_count"": 3}"
extreme_s01_q0010,bottleneck_waypoint,Extreme,d16_20,True,True,0.9541340330033563,6,23.083090477561303,,,3,0.4531837035108055,0.09771650589043812,0,0,0,0,False,,,,,"{""profile_name"": ""extreme_d06"", ""map_seed"": 20470620, ""query_seed"": 20471620, ""waypoint_count"": 5, ""bottleneck_count"": 5}"
extreme_s01_q0010,improved_ha,Extreme,d16_20,False,False,2.50063419342041,2755,,,,0,,,0,0,0,0,False,,,,timeout,"{""profile_name"": ""extreme_d06"", ""map_seed"": 20470620, ""query_seed"": 20471620, ""evaluation_path_source"": ""planner_path"", ""planner_path_pose_count"": 0, ""evaluation_path_pose_count"": 0}"
extreme_s01_q0010,lo_ha,Extreme,d16_20,False,False,2.500056505203247,4901,,,,0,,,0,0,0,0,False,,,,timeout,"{""profile_name"": ""extreme_d06"", ""map_seed"": 20470620, ""query_seed"": 20471620, ""evaluation_path_source"": ""planner_path"", ""planner_path_pose_count"": 0, ""evaluation_path_pose_count"": 0}"
extreme_s01_q0010,ss_rrt,Extreme,d16_20,False,False,2.500334042997565,894,,,,0,,,0,0,0,0,False,,,,timeout,"{""profile_name"": ""extreme_d06"", ""map_seed"": 20470620, ""query_seed"": 20471620, ""rrt_iterations"": 1731, ""evaluation_path_source"": ""planner_path"", ""planner_path_pose_count"": 0, ""evaluation_path_pose_count"": 0}"
extreme_s01_q0010,idb_rrt,Extreme,d16_20,False,False,2.749295378998795,0,,,,0,,,0,0,0,0,False,,,,idb_rrt_failed:returncode=1,"{""profile_name"": ""extreme_d06"", ""map_seed"": 20470620, ""query_seed"": 20471620, ""idb_rrt_run_dir"": ""/home/ubuntu/ForestNav/2_experiment/idb_rrt_strict_repro/runs/forestnav_adapter/run_1782413155296_c9ff864e"", ""idb_rrt_returncode"": 1, ""idb_rrt_state_count"": 0}"
extreme_s01_q0011,vanilla_ha,Extreme,d20_inf,False,False,2.5004565715789795,3894,,,,0,,,0,0,0,0,False,,,,timeout,"{""profile_name"": ""extreme_d07"", ""map_seed"": 20470620, ""query_seed"": 20471621, ""evaluation_path_source"": ""planner_path"", ""planner_path_pose_count"": 0, ""evaluation_path_pose_count"": 0}"
extreme_s01_q0011,f_n3p_knn,Extreme,d20_inf,True,True,1.7349095710014808,993,33.92755025349734,,,5,0.2809326864796461,0.07771573146253374,0,63,2,0,True,0,5,0.0,,"{""profile_name"": ""extreme_d07"", ""map_seed"": 20470620, ""query_seed"": 20471621}"
extreme_s01_q0011,n3p_k1,Extreme,d20_inf,True,True,1.043856930002221,135,29.268368300895578,,,1,0.26648373267271314,0.054096789978324566,0,0,3,0,True,3,3,1.0,,"{""profile_name"": ""extreme_d07"", ""map_seed"": 20470620, ""query_seed"": 20471621}"
extreme_s01_q0011,voronoi_waypoint,Extreme,d20_inf,True,True,1.4807519359965227,524,30.968815694583128,,,1,0.27804577712343714,0.05609821388454972,0,0,0,0,False,,,,,"{""profile_name"": ""extreme_d07"", ""map_seed"": 20470620, ""query_seed"": 20471621, ""waypoint_count"": 5}"
extreme_s01_q0011,bottleneck_waypoint,Extreme,d20_inf,False,False,4.326235742002609,5778,8.357757501133339,,,0,0.2965327139834008,0.05672979146442547,0,0,0,0,False,,,,segment_failed:node_budget_exhausted,"{""profile_name"": ""extreme_d07"", ""map_seed"": 20470620, ""query_seed"": 20471621, ""waypoint_count"": 6, ""bottleneck_count"": 6}"
extreme_s01_q0011,improved_ha,Extreme,d20_inf,False,False,2.5016021728515625,4057,,,,0,,,0,0,0,0,False,,,,timeout,"{""profile_name"": ""extreme_d07"", ""map_seed"": 20470620, ""query_seed"": 20471621, ""evaluation_path_source"": ""planner_path"", ""planner_path_pose_count"": 0, ""evaluation_path_pose_count"": 0}"
extreme_s01_q0011,lo_ha,Extreme,d20_inf,False,False,2.500699043273926,5129,,,,0,,,0,0,0,0,False,,,,timeout,"{""profile_name"": ""extreme_d07"", ""map_seed"": 20470620, ""query_seed"": 20471621, ""evaluation_path_source"": ""planner_path"", ""planner_path_pose_count"": 0, ""evaluation_path_pose_count"": 0}"
extreme_s01_q0011,ss_rrt,Extreme,d20_inf,False,False,2.500094932001957,1558,,,,0,,,0,0,0,0,False,,,,timeout,"{""profile_name"": ""extreme_d07"", ""map_seed"": 20470620, ""query_seed"": 20471621, ""rrt_iterations"": 2022, ""evaluation_path_source"": ""planner_path"", ""planner_path_pose_count"": 0, ""evaluation_path_pose_count"": 0}"
extreme_s01_q0011,idb_rrt,Extreme,d20_inf,False,False,2.7549683850011206,0,,,,0,,,0,0,0,0,False,,,,idb_rrt_failed:returncode=1,"{""profile_name"": ""extreme_d07"", ""map_seed"": 20470620, ""query_seed"": 20471621, ""idb_rrt_run_dir"": ""/home/ubuntu/ForestNav/2_experiment/idb_rrt_strict_repro/runs/forestnav_adapter/run_1782413176692_31a10d4c"", ""idb_rrt_returncode"": 1, ""idb_rrt_state_count"": 0}"
extreme_s01_q0012,vanilla_ha,Extreme,d08_12,True,True,0.795072078704834,681,10.111928433392713,,,0,0.20956548899752156,0.08897870928508811,0,0,0,0,False,,,,,"{""profile_name"": ""extreme_d05"", ""map_seed"": 20470620, ""query_seed"": 20471622, ""evaluation_path_source"": ""trace_poses"", ""planner_path_pose_count"": 31, ""evaluation_path_pose_count"": 104}"
extreme_s01_q0012,f_n3p_knn,Extreme,d08_12,True,True,0.16108096899552038,1,10.181350923997217,10.111928433392713,0.006865405650543277,0,0.10570989041330293,0.055476791361668165,0,10,0,0,True,0,1,0.0,,"{""profile_name"": ""extreme_d05"", ""map_seed"": 20470620, ""query_seed"": 20471622}"
extreme_s01_q0012,n3p_k1,Extreme,d08_12,True,True,0.8135271490027662,681,10.111928433392713,10.111928433392713,0.0,0,0.20956548899752156,0.08897870928508811,0,0,1,0,True,0,0,,,"{""profile_name"": ""extreme_d05"", ""map_seed"": 20470620, ""query_seed"": 20471622}"
extreme_s01_q0012,voronoi_waypoint,Extreme,d08_12,True,True,0.46383156799856806,149,11.608359546443193,10.111928433392713,0.1479867191414055,0,0.31306356678971436,0.10380477978925762,0,0,0,0,False,,,,,"{""profile_name"": ""extreme_d05"", ""map_seed"": 20470620, ""query_seed"": 20471622, ""waypoint_count"": 1}"
extreme_s01_q0012,bottleneck_waypoint,Extreme,d08_12,True,True,0.3487513529980788,2,11.549600075316281,10.111928433392713,0.14217581259534362,0,0.2973207593875276,0.09737558112528522,0,0,0,0,False,,,,,"{""profile_name"": ""extreme_d05"", ""map_seed"": 20470620, ""query_seed"": 20471622, ""waypoint_count"": 1, ""bottleneck_count"": 1}"
extreme_s01_q0012,improved_ha,Extreme,d08_12,True,True,0.8009982109069824,681,10.111928433392713,10.111928433392713,0.0,0,0.20956548899752156,0.08897870928508811,0,0,0,0,False,,,,,"{""profile_name"": ""extreme_d05"", ""map_seed"": 20470620, ""query_seed"": 20471622, ""evaluation_path_source"": ""trace_poses"", ""planner_path_pose_count"": 31, ""evaluation_path_pose_count"": 104}"
extreme_s01_q0012,lo_ha,Extreme,d08_12,True,True,1.092806100845337,1523,10.111928433392713,10.111928433392713,0.0,0,0.20956548899752156,0.08897870928508811,0,0,0,0,False,,,,,"{""profile_name"": ""extreme_d05"", ""map_seed"": 20470620, ""query_seed"": 20471622, ""evaluation_path_source"": ""trace_poses"", ""planner_path_pose_count"": 31, ""evaluation_path_pose_count"": 104}"
extreme_s01_q0012,ss_rrt,Extreme,d08_12,True,True,0.7752607349975733,362,10.225904186585389,10.111928433392713,0.011271416124375655,0,0.2820313156795569,0.1576495032810623,0,0,0,0,False,,,,,"{""profile_name"": ""extreme_d05"", ""map_seed"": 20470620, ""query_seed"": 20471622, ""rrt_iterations"": 365, ""evaluation_path_source"": ""planner_path"", ""planner_path_pose_count"": 133, ""evaluation_path_pose_count"": 133}"
extreme_s01_q0012,idb_rrt,Extreme,d08_12,False,False,0.6548894240040681,202,,10.111928433392713,,0,,,0,0,0,0,False,,,,collision_violation_rejected:57,"{""profile_name"": ""extreme_d05"", ""map_seed"": 20470620, ""query_seed"": 20471622, ""idb_rrt_run_dir"": ""/home/ubuntu/ForestNav/2_experiment/idb_rrt_strict_repro/runs/forestnav_adapter/run_1782413184759_8e8a5f3d"", ""idb_rrt_returncode"": 0, ""idb_rrt_state_count"": 202, ""rejected_collision_violation_count"": 57, ""rejected_collision_path_length_m"": 10.013696047132354}"
extreme_s01_q0013,vanilla_ha,Extreme,d12_16,False,False,2.5001816749572754,3464,,,,0,,,0,0,0,0,False,,,,timeout,"{""profile_name"": ""extreme_d06"", ""map_seed"": 20470620, ""query_seed"": 20471623, ""evaluation_path_source"": ""planner_path"", ""planner_path_pose_count"": 0, ""evaluation_path_pose_count"": 0}"
extreme_s01_q0013,f_n3p_knn,Extreme,d12_16,True,True,0.8150393830001121,258,16.979741411323335,,,1,0.39110516854705757,0.057627662488384135,0,30,1,0,True,0,3,0.0,,"{""profile_name"": ""extreme_d06"", ""map_seed"": 20470620, ""query_seed"": 20471623}"
extreme_s01_q0013,n3p_k1,Extreme,d12_16,False,False,3.5117501150016324,4958,,,,0,,,0,0,1,1,True,0,0,,f2_failed:prediction:goal_in_collision;goal:timeout;f3_failed:timeout,"{""profile_name"": ""extreme_d06"", ""map_seed"": 20470620, ""query_seed"": 20471623}"
extreme_s01_q0013,voronoi_waypoint,Extreme,d12_16,True,True,0.6192602859955514,183,15.530654687522269,,,0,0.28445225487674924,0.0588157743571901,0,0,0,0,False,,,,,"{""profile_name"": ""extreme_d06"", ""map_seed"": 20470620, ""query_seed"": 20471623, ""waypoint_count"": 2}"
extreme_s01_q0013,bottleneck_waypoint,Extreme,d12_16,True,True,1.3617003379986272,774,18.60650832124394,,,2,0.3368768368168268,0.05095376200101598,0,0,0,0,False,,,,,"{""profile_name"": ""extreme_d06"", ""map_seed"": 20470620, ""query_seed"": 20471623, ""waypoint_count"": 3, ""bottleneck_count"": 3}"
extreme_s01_q0013,improved_ha,Extreme,d12_16,False,False,2.500074863433838,3472,,,,0,,,0,0,0,0,False,,,,timeout,"{""profile_name"": ""extreme_d06"", ""map_seed"": 20470620, ""query_seed"": 20471623, ""evaluation_path_source"": ""planner_path"", ""planner_path_pose_count"": 0, ""evaluation_path_pose_count"": 0}"
extreme_s01_q0013,lo_ha,Extreme,d12_16,False,False,2.5010087490081787,6241,,,,0,,,0,0,0,0,False,,,,timeout,"{""profile_name"": ""extreme_d06"", ""map_seed"": 20470620, ""query_seed"": 20471623, ""evaluation_path_source"": ""planner_path"", ""planner_path_pose_count"": 0, ""evaluation_path_pose_count"": 0}"
extreme_s01_q0013,ss_rrt,Extreme,d12_16,False,False,2.501127698997152,1888,,,,0,,,0,0,0,0,False,,,,timeout,"{""profile_name"": ""extreme_d06"", ""map_seed"": 20470620, ""query_seed"": 20471623, ""rrt_iterations"": 1950, ""evaluation_path_source"": ""planner_path"", ""planner_path_pose_count"": 0, ""evaluation_path_pose_count"": 0}"
extreme_s01_q0013,idb_rrt,Extreme,d12_16,False,False,2.771914352000749,0,,,,0,,,0,0,0,0,False,,,,idb_rrt_failed:returncode=1,"{""profile_name"": ""extreme_d06"", ""map_seed"": 20470620, ""query_seed"": 20471623, ""idb_rrt_run_dir"": ""/home/ubuntu/ForestNav/2_experiment/idb_rrt_strict_repro/runs/forestnav_adapter/run_1782413201779_ff9ef704"", ""idb_rrt_returncode"": 1, ""idb_rrt_state_count"": 0}"
extreme_s01_q0014,vanilla_ha,Extreme,d16_20,False,False,2.500422954559326,4316,,,,0,,,0,0,0,0,False,,,,timeout,"{""profile_name"": ""extreme_d07"", ""map_seed"": 20470620, ""query_seed"": 20471624, ""evaluation_path_source"": ""planner_path"", ""planner_path_pose_count"": 0, ""evaluation_path_pose_count"": 0}"
extreme_s01_q0014,f_n3p_knn,Extreme,d16_20,True,True,1.006097133998992,616,21.328394662317027,,,5,0.26139337689753706,0.06411321596857511,0,27,1,0,True,0,3,0.0,,"{""profile_name"": ""extreme_d07"", ""map_seed"": 20470620, ""query_seed"": 20471624}"
extreme_s01_q0014,n3p_k1,Extreme,d16_20,True,True,1.0465533739989041,1091,21.07988965502896,,,7,0.2897716937133395,0.07404251869889122,0,0,2,0,True,1,1,1.0,,"{""profile_name"": ""extreme_d07"", ""map_seed"": 20470620, ""query_seed"": 20471624}"
extreme_s01_q0014,voronoi_waypoint,Extreme,d16_20,True,True,0.6093345800036332,4,19.936937199567133,,,0,0.16565816580546391,0.07565699193184794,0,0,0,0,False,,,,,"{""profile_name"": ""extreme_d07"", ""map_seed"": 20470620, ""query_seed"": 20471624, ""waypoint_count"": 3}"
extreme_s01_q0014,bottleneck_waypoint,Extreme,d16_20,True,True,0.7550790980021702,5,19.703229507700247,,,0,0.19484875304275018,0.07105860458274216,0,0,0,0,False,,,,,"{""profile_name"": ""extreme_d07"", ""map_seed"": 20470620, ""query_seed"": 20471624, ""waypoint_count"": 4, ""bottleneck_count"": 4}"
extreme_s01_q0014,improved_ha,Extreme,d16_20,False,False,2.5004234313964844,4371,,,,0,,,0,0,0,0,False,,,,timeout,"{""profile_name"": ""extreme_d07"", ""map_seed"": 20470620, ""query_seed"": 20471624, ""evaluation_path_source"": ""planner_path"", ""planner_path_pose_count"": 0, ""evaluation_path_pose_count"": 0}"
extreme_s01_q0014,lo_ha,Extreme,d16_20,True,True,1.4524950981140137,4105,19.248319585231272,,,0,0.18523174009769175,0.07177459101002148,0,0,0,0,False,,,,,"{""profile_name"": ""extreme_d07"", ""map_seed"": 20470620, ""query_seed"": 20471624, ""evaluation_path_source"": ""trace_poses"", ""planner_path_pose_count"": 21, ""evaluation_path_pose_count"": 195}"
extreme_s01_q0014,ss_rrt,Extreme,d16_20,True,True,0.4758694830015884,168,20.488371218583122,,,0,0.3998058435047778,0.07925036610862402,0,0,0,0,False,,,,,"{""profile_name"": ""extreme_d07"", ""map_seed"": 20470620, ""query_seed"": 20471624, ""rrt_iterations"": 614, ""evaluation_path_source"": ""planner_path"", ""planner_path_pose_count"": 253, ""evaluation_path_pose_count"": 253}"
extreme_s01_q0014,idb_rrt,Extreme,d16_20,False,False,2.7535592000058386,0,,,,0,,,0,0,0,0,False,,,,idb_rrt_failed:returncode=1,"{""profile_name"": ""extreme_d07"", ""map_seed"": 20470620, ""query_seed"": 20471624, ""idb_rrt_run_dir"": ""/home/ubuntu/ForestNav/2_experiment/idb_rrt_strict_repro/runs/forestnav_adapter/run_1782413214959_2d500e3d"", ""idb_rrt_returncode"": 1, ""idb_rrt_state_count"": 0}"
extreme_s01_q0015,vanilla_ha,Extreme,d20_inf,True,True,0.7648804187774658,1025,20.97456657639006,,,0,0.15050848643335243,0.07817049494473904,0,0,0,0,False,,,,,"{""profile_name"": ""extreme_d05"", ""map_seed"": 20470621, ""query_seed"": 20471621, ""evaluation_path_source"": ""trace_poses"", ""planner_path_pose_count"": 36, ""evaluation_path_pose_count"": 212}"
extreme_s01_q0015,f_n3p_knn,Extreme,d20_inf,True,True,1.7787630349994288,2281,20.97456657639006,20.97456657639006,0.0,0,0.15050848643335243,0.07817049494473904,0,19,1,0,True,0,0,,,"{""profile_name"": ""extreme_d05"", ""map_seed"": 20470621, ""query_seed"": 20471621}"
extreme_s01_q0015,n3p_k1,Extreme,d20_inf,True,True,1.7760153559938772,2276,20.97456657639006,20.97456657639006,0.0,0,0.15050848643335243,0.07817049494473904,0,0,1,0,True,0,0,,,"{""profile_name"": ""extreme_d05"", ""map_seed"": 20470621, ""query_seed"": 20471621}"
extreme_s01_q0015,voronoi_waypoint,Extreme,d20_inf,True,True,1.6402093409997178,1013,21.36210369463375,20.97456657639006,0.01847652569278435,0,0.1975830849850726,0.057755322571820034,0,0,0,0,False,,,,,"{""profile_name"": ""extreme_d05"", ""map_seed"": 20470621, ""query_seed"": 20471621, ""waypoint_count"": 3}"
extreme_s01_q0015,bottleneck_waypoint,Extreme,d20_inf,True,True,1.9141091810015496,1205,21.752367710738422,20.97456657639006,0.03708306112145787,0,0.24319642422979024,0.06397061234600943,0,0,0,0,False,,,,,"{""profile_name"": ""extreme_d05"", ""map_seed"": 20470621, ""query_seed"": 20471621, ""waypoint_count"": 4, ""bottleneck_count"": 4}"
extreme_s01_q0015,improved_ha,Extreme,d20_inf,True,True,0.7640938758850098,1025,20.97456657639006,20.97456657639006,0.0,0,0.15050848643335243,0.07817049494473904,0,0,0,0,False,,,,,"{""profile_name"": ""extreme_d05"", ""map_seed"": 20470621, ""query_seed"": 20471621, ""evaluation_path_source"": ""trace_poses"", ""planner_path_pose_count"": 36, ""evaluation_path_pose_count"": 212}"
extreme_s01_q0015,lo_ha,Extreme,d20_inf,True,True,0.31589365005493164,497,21.25174006528091,20.97456657639006,0.013214742144080693,0,0.19212400939534058,0.08703826413769022,0,0,0,0,False,,,,,"{""profile_name"": ""extreme_d05"", ""map_seed"": 20470621, ""query_seed"": 20471621, ""evaluation_path_source"": ""trace_poses"", ""planner_path_pose_count"": 31, ""evaluation_path_pose_count"": 215}"
extreme_s01_q0015,ss_rrt,Extreme,d20_inf,True,True,0.31068488199525746,123,22.02162386420856,20.97456657639006,0.04992033012959207,0,0.2772640544096149,0.11044620270076,0,0,0,0,False,,,,,"{""profile_name"": ""extreme_d05"", ""map_seed"": 20470621, ""query_seed"": 20471621, ""rrt_iterations"": 409, ""evaluation_path_source"": ""planner_path"", ""planner_path_pose_count"": 273, ""evaluation_path_pose_count"": 273}"
extreme_s01_q0015,idb_rrt,Extreme,d20_inf,False,False,2.764698553000926,408,,20.97456657639006,,0,,,0,0,0,0,False,,,,collision_violation_rejected:121,"{""profile_name"": ""extreme_d05"", ""map_seed"": 20470621, ""query_seed"": 20471621, ""idb_rrt_run_dir"": ""/home/ubuntu/ForestNav/2_experiment/idb_rrt_strict_repro/runs/forestnav_adapter/run_1782413230186_50a73606"", ""idb_rrt_returncode"": 0, ""idb_rrt_state_count"": 408, ""rejected_collision_violation_count"": 121, ""rejected_collision_path_length_m"": 20.32622019534132}"
extreme_s01_q0016,vanilla_ha,Extreme,d08_12,True,True,0.27996158599853516,172,10.060664532978146,,,0,0.3257224166660874,0.06816141246790164,0,0,0,0,False,,,,,"{""profile_name"": ""extreme_d06"", ""map_seed"": 20470621, ""query_seed"": 20471622, ""evaluation_path_source"": ""trace_poses"", ""planner_path_pose_count"": 26, ""evaluation_path_pose_count"": 104}"
extreme_s01_q0016,f_n3p_knn,Extreme,d08_12,True,True,0.6162091910009622,4,10.597849136982369,10.060664532978146,0.05339454488750417,0,0.27340384033437337,0.06493576254347466,0,17,0,0,True,2,4,0.5,,"{""profile_name"": ""extreme_d06"", ""map_seed"": 20470621, ""query_seed"": 20471622}"
extreme_s01_q0016,n3p_k1,Extreme,d08_12,True,True,0.4538520759961102,191,10.582532303812195,10.060664532978146,0.051872097426904906,0,0.2642851906780885,0.07283532223134692,0,0,1,0,True,1,1,1.0,,"{""profile_name"": ""extreme_d06"", ""map_seed"": 20470621, ""query_seed"": 20471622}"
extreme_s01_q0016,voronoi_waypoint,Extreme,d08_12,True,True,0.4201591380042373,102,10.471622699572958,10.060664532978146,0.040848014089697626,0,0.2490535901861608,0.10245765742817703,0,0,0,0,False,,,,,"{""profile_name"": ""extreme_d06"", ""map_seed"": 20470621, ""query_seed"": 20471622, ""waypoint_count"": 1}"
extreme_s01_q0016,bottleneck_waypoint,Extreme,d08_12,True,True,0.48158721099753166,3,10.51141588865364,10.060664532978146,0.04480333820872007,0,0.22414142776351192,0.162024559647176,0,0,0,0,False,,,,,"{""profile_name"": ""extreme_d06"", ""map_seed"": 20470621, ""query_seed"": 20471622, ""waypoint_count"": 2, ""bottleneck_count"": 2}"
extreme_s01_q0016,improved_ha,Extreme,d08_12,True,True,0.2652604579925537,172,10.060664532978146,10.060664532978146,0.0,0,0.3257224166660874,0.06816141246790164,0,0,0,0,False,,,,,"{""profile_name"": ""extreme_d06"", ""map_seed"": 20470621, ""query_seed"": 20471622, ""evaluation_path_source"": ""trace_poses"", ""planner_path_pose_count"": 26, ""evaluation_path_pose_count"": 104}"
extreme_s01_q0016,lo_ha,Extreme,d08_12,True,True,0.16284441947937012,47,10.032104861333393,10.060664532978146,-0.002838746044174001,0,0.14722573032915104,0.08293094147031621,0,0,0,0,False,,,,,"{""profile_name"": ""extreme_d06"", ""map_seed"": 20470621, ""query_seed"": 20471622, ""evaluation_path_source"": ""trace_poses"", ""planner_path_pose_count"": 28, ""evaluation_path_pose_count"": 103}"
extreme_s01_q0016,ss_rrt,Extreme,d08_12,True,True,1.1625348169982317,603,13.564410020626287,10.060664532978146,0.3482618346097428,0,0.6186356989304479,0.1188646082635878,0,0,0,0,False,,,,,"{""profile_name"": ""extreme_d06"", ""map_seed"": 20470621, ""query_seed"": 20471622, ""rrt_iterations"": 1087, ""evaluation_path_source"": ""planner_path"", ""planner_path_pose_count"": 173, ""evaluation_path_pose_count"": 173}"
extreme_s01_q0016,idb_rrt,Extreme,d08_12,False,False,0.7633685199980391,200,,10.060664532978146,,0,,,0,0,0,0,False,,,,collision_violation_rejected:32,"{""profile_name"": ""extreme_d06"", ""map_seed"": 20470621, ""query_seed"": 20471622, ""idb_rrt_run_dir"": ""/home/ubuntu/ForestNav/2_experiment/idb_rrt_strict_repro/runs/forestnav_adapter/run_1782413236858_bfdd2501"", ""idb_rrt_returncode"": 0, ""idb_rrt_state_count"": 200, ""rejected_collision_violation_count"": 32, ""rejected_collision_path_length_m"": 9.928492502894743}"
extreme_s01_q0017,vanilla_ha,Extreme,d12_16,False,False,2.500290870666504,3966,,,,0,,,0,0,0,0,False,,,,timeout,"{""profile_name"": ""extreme_d07"", ""map_seed"": 20470621, ""query_seed"": 20471623, ""evaluation_path_source"": ""planner_path"", ""planner_path_pose_count"": 0, ""evaluation_path_pose_count"": 0}"
extreme_s01_q0017,f_n3p_knn,Extreme,d12_16,True,True,0.9168757629959146,6,19.56882770152971,,,1,0.28248122907731343,0.09822237370224163,0,20,0,0,True,2,6,0.3333333333333333,,"{""profile_name"": ""extreme_d07"", ""map_seed"": 20470621, ""query_seed"": 20471623}"
extreme_s01_q0017,n3p_k1,Extreme,d12_16,True,True,1.0815851150036906,885,17.968439272796026,,,4,0.48707434845948644,0.06628592188496274,0,0,3,0,True,0,0,,,"{""profile_name"": ""extreme_d07"", ""map_seed"": 20470621, ""query_seed"": 20471623}"
extreme_s01_q0017,voronoi_waypoint,Extreme,d12_16,True,True,0.7078316110055312,113,17.263744305451997,,,0,0.22830017775920614,0.07148304138540862,0,0,0,0,False,,,,,"{""profile_name"": ""extreme_d07"", ""map_seed"": 20470621, ""query_seed"": 20471623, ""waypoint_count"": 3}"
extreme_s01_q0017,bottleneck_waypoint,Extreme,d12_16,True,True,0.6680471440049587,76,16.438531741766564,,,0,0.22145922814450655,0.07985528886127713,0,0,0,0,False,,,,,"{""profile_name"": ""extreme_d07"", ""map_seed"": 20470621, ""query_seed"": 20471623, ""waypoint_count"": 3, ""bottleneck_count"": 3}"
extreme_s01_q0017,improved_ha,Extreme,d12_16,False,False,2.501908540725708,3937,,,,0,,,0,0,0,0,False,,,,timeout,"{""profile_name"": ""extreme_d07"", ""map_seed"": 20470621, ""query_seed"": 20471623, ""evaluation_path_source"": ""planner_path"", ""planner_path_pose_count"": 0, ""evaluation_path_pose_count"": 0}"
extreme_s01_q0017,lo_ha,Extreme,d12_16,False,False,2.5000405311584473,7272,,,,0,,,0,0,0,0,False,,,,timeout,"{""profile_name"": ""extreme_d07"", ""map_seed"": 20470621, ""query_seed"": 20471623, ""evaluation_path_source"": ""planner_path"", ""planner_path_pose_count"": 0, ""evaluation_path_pose_count"": 0}"
extreme_s01_q0017,ss_rrt,Extreme,d12_16,False,False,2.500161139003467,1574,,,,0,,,0,0,0,0,False,,,,timeout,"{""profile_name"": ""extreme_d07"", ""map_seed"": 20470621, ""query_seed"": 20471623, ""rrt_iterations"": 2325, ""evaluation_path_source"": ""planner_path"", ""planner_path_pose_count"": 0, ""evaluation_path_pose_count"": 0}"
extreme_s01_q0017,idb_rrt,Extreme,d12_16,False,False,2.762179101999209,0,,,,0,,,0,0,0,0,False,,,,idb_rrt_failed:returncode=1,"{""profile_name"": ""extreme_d07"", ""map_seed"": 20470621, ""query_seed"": 20471623, ""idb_rrt_run_dir"": ""/home/ubuntu/ForestNav/2_experiment/idb_rrt_strict_repro/runs/forestnav_adapter/run_1782413251058_68eb8a64"", ""idb_rrt_returncode"": 1, ""idb_rrt_state_count"": 0}"
extreme_s01_q0018,vanilla_ha,Extreme,d16_20,True,True,0.5022742748260498,415,18.65264587421543,,,0,0.22023341286248088,0.06415890484194153,0,0,0,0,False,,,,,"{""profile_name"": ""extreme_d05"", ""map_seed"": 20470621, ""query_seed"": 20471624, ""evaluation_path_source"": ""trace_poses"", ""planner_path_pose_count"": 60, ""evaluation_path_pose_count"": 189}"
extreme_s01_q0018,f_n3p_knn,Extreme,d16_20,True,True,1.7857421369990334,139,23.95076830688599,18.65264587421543,0.28404133485397076,4,0.4152159520475539,0.058604663668628154,0,46,1,0,True,4,10,0.4,,"{""profile_name"": ""extreme_d05"", ""map_seed"": 20470621, ""query_seed"": 20471624}"
extreme_s01_q0018,n3p_k1,Extreme,d16_20,True,True,0.5138837530030287,415,18.65264587421543,18.65264587421543,0.0,0,0.22023341286248088,0.06415890484194153,0,0,1,0,True,0,0,,,"{""profile_name"": ""extreme_d05"", ""map_seed"": 20470621, ""query_seed"": 20471624}"
extreme_s01_q0018,voronoi_waypoint,Extreme,d16_20,True,True,0.6202437649990316,4,20.638069580769567,18.65264587421543,0.10644193429408833,0,0.18903403224198712,0.09544780234776185,0,0,0,0,False,,,,,"{""profile_name"": ""extreme_d05"", ""map_seed"": 20470621, ""query_seed"": 20471624, ""waypoint_count"": 3}"
extreme_s01_q0018,bottleneck_waypoint,Extreme,d16_20,True,True,0.786131277003733,29,19.586157890850377,18.65264587421543,0.050047163438908804,0,0.2647326717467332,0.09544780234776185,0,0,0,0,False,,,,,"{""profile_name"": ""extreme_d05"", ""map_seed"": 20470621, ""query_seed"": 20471624, ""waypoint_count"": 4, ""bottleneck_count"": 4}"
extreme_s01_q0018,improved_ha,Extreme,d16_20,True,True,0.525292158126831,415,18.65264587421543,18.65264587421543,0.0,0,0.22023341286248088,0.06415890484194153,0,0,0,0,False,,,,,"{""profile_name"": ""extreme_d05"", ""map_seed"": 20470621, ""query_seed"": 20471624, ""evaluation_path_source"": ""trace_poses"", ""planner_path_pose_count"": 60, ""evaluation_path_pose_count"": 189}"
extreme_s01_q0018,lo_ha,Extreme,d16_20,True,True,0.3912010192871094,365,18.872532233279077,18.65264587421543,0.011788480870030815,0,0.15652207628438752,0.06422440126832019,0,0,0,0,False,,,,,"{""profile_name"": ""extreme_d05"", ""map_seed"": 20470621, ""query_seed"": 20471624, ""evaluation_path_source"": ""trace_poses"", ""planner_path_pose_count"": 61, ""evaluation_path_pose_count"": 190}"
extreme_s01_q0018,ss_rrt,Extreme,d16_20,False,False,2.500643803003186,977,,18.65264587421543,,0,,,0,0,0,0,False,,,,timeout,"{""profile_name"": ""extreme_d05"", ""map_seed"": 20470621, ""query_seed"": 20471624, ""rrt_iterations"": 2455, ""evaluation_path_source"": ""planner_path"", ""planner_path_pose_count"": 0, ""evaluation_path_pose_count"": 0}"
extreme_s01_q0018,idb_rrt,Extreme,d16_20,False,False,2.7476705109947943,0,,18.65264587421543,,0,,,0,0,0,0,False,,,,idb_rrt_failed:returncode=1,"{""profile_name"": ""extreme_d05"", ""map_seed"": 20470621, ""query_seed"": 20471624, ""idb_rrt_run_dir"": ""/home/ubuntu/ForestNav/2_experiment/idb_rrt_strict_repro/runs/forestnav_adapter/run_1782413261509_1011a8f0"", ""idb_rrt_returncode"": 1, ""idb_rrt_state_count"": 0}"
extreme_s01_q0019,vanilla_ha,Extreme,d20_inf,False,False,2.5003833770751953,3746,,,,0,,,0,0,0,0,False,,,,timeout,"{""profile_name"": ""extreme_d06"", ""map_seed"": 20470621, ""query_seed"": 20471625, ""evaluation_path_source"": ""planner_path"", ""planner_path_pose_count"": 0, ""evaluation_path_pose_count"": 0}"
extreme_s01_q0019,f_n3p_knn,Extreme,d20_inf,True,True,0.758949956005381,5,21.557011442800626,,,0,0.2394346978994388,0.07752708955017029,0,4,0,0,True,2,5,0.4,,"{""profile_name"": ""extreme_d06"", ""map_seed"": 20470621, ""query_seed"": 20471625}"
extreme_s01_q0019,n3p_k1,Extreme,d20_inf,False,False,3.2603557859983994,3851,,,,0,,,0,0,4,1,True,1,1,1.0,no_progress_sentinel;f3_failed:timeout,"{""profile_name"": ""extreme_d06"", ""map_seed"": 20470621, ""query_seed"": 20471625}"
extreme_s01_q0019,voronoi_waypoint,Extreme,d20_inf,True,True,0.7575111020050826,9,22.693152992986317,,,0,0.269741223992568,0.06509416128255885,0,0,0,0,False,,,,,"{""profile_name"": ""extreme_d06"", ""map_seed"": 20470621, ""query_seed"": 20471625, ""waypoint_count"": 4}"
extreme_s01_q0019,bottleneck_waypoint,Extreme,d20_inf,True,True,0.776500471001782,25,23.045275716559704,,,0,0.26103491161741293,0.07523586451439523,0,0,0,0,False,,,,,"{""profile_name"": ""extreme_d06"", ""map_seed"": 20470621, ""query_seed"": 20471625, ""waypoint_count"": 4, ""bottleneck_count"": 4}"
extreme_s01_q0019,improved_ha,Extreme,d20_inf,False,False,2.500098943710327,3776,,,,0,,,0,0,0,0,False,,,,timeout,"{""profile_name"": ""extreme_d06"", ""map_seed"": 20470621, ""query_seed"": 20471625, ""evaluation_path_source"": ""planner_path"", ""planner_path_pose_count"": 0, ""evaluation_path_pose_count"": 0}"
extreme_s01_q0019,lo_ha,Extreme,d20_inf,True,True,2.100351095199585,4894,20.925485044298874,,,0,0.12997706342529292,0.0735975842911244,0,0,0,0,False,,,,,"{""profile_name"": ""extreme_d06"", ""map_seed"": 20470621, ""query_seed"": 20471625, ""evaluation_path_source"": ""trace_poses"", ""planner_path_pose_count"": 62, ""evaluation_path_pose_count"": 212}"
extreme_s01_q0019,ss_rrt,Extreme,d20_inf,True,True,0.43661354500363814,143,21.46869669067437,,,0,0.3182798742790147,0.11180700122681164,0,0,0,0,False,,,,,"{""profile_name"": ""extreme_d06"", ""map_seed"": 20470621, ""query_seed"": 20471625, ""rrt_iterations"": 197, ""evaluation_path_source"": ""planner_path"", ""planner_path_pose_count"": 263, ""evaluation_path_pose_count"": 263}"
extreme_s01_q0019,idb_rrt,Extreme,d20_inf,False,False,1.009243955995771,415,,,,0,,,0,0,0,0,False,,,,collision_violation_rejected:159,"{""profile_name"": ""extreme_d06"", ""map_seed"": 20470621, ""query_seed"": 20471625, ""idb_rrt_run_dir"": ""/home/ubuntu/ForestNav/2_experiment/idb_rrt_strict_repro/runs/forestnav_adapter/run_1782413277406_fa1bfeb3"", ""idb_rrt_returncode"": 0, ""idb_rrt_state_count"": 415, ""rejected_collision_violation_count"": 159, ""rejected_collision_path_length_m"": 20.679117353707102}"
extreme_s02_q0020,vanilla_ha,Extreme,d08_12,True,True,0.14372801780700684,1,11.92686044187656,,,0,0.0,0.7024758878414941,0,0,0,0,False,,,,,"{""profile_name"": ""extreme_d07"", ""map_seed"": 20480620, ""query_seed"": 20481620, ""evaluation_path_source"": ""trace_poses"", ""planner_path_pose_count"": 2, ""evaluation_path_pose_count"": 121}"
extreme_s02_q0020,f_n3p_knn,Extreme,d08_12,True,True,0.0005189770017750561,0,11.926860441876563,11.92686044187656,2.220446049250313e-16,0,1.0472168336253177e-17,0.7024758878414943,0,0,0,0,False,0,0,,,"{""profile_name"": ""extreme_d07"", ""map_seed"": 20480620, ""query_seed"": 20481620}"
extreme_s02_q0020,n3p_k1,Extreme,d08_12,True,True,0.0004907870024908334,0,11.926860441876563,11.92686044187656,2.220446049250313e-16,0,1.0472168336253177e-17,0.7024758878414943,0,0,0,0,False,0,0,,,"{""profile_name"": ""extreme_d07"", ""map_seed"": 20480620, ""query_seed"": 20481620}"
extreme_s02_q0020,voronoi_waypoint,Extreme,d08_12,True,True,0.4693005489971256,3,13.284599143049185,11.92686044187656,0.11383873466025052,0,0.3057317343694085,0.3994948004479132,0,0,0,0,False,,,,,"{""profile_name"": ""extreme_d07"", ""map_seed"": 20480620, ""query_seed"": 20481620, ""waypoint_count"": 2}"
extreme_s02_q0020,bottleneck_waypoint,Extreme,d08_12,True,True,0.614992816997983,4,12.188113598034619,11.92686044187656,0.02190460410191175,0,0.1317890363146736,0.6402823995519444,0,0,0,0,False,,,,,"{""profile_name"": ""extreme_d07"", ""map_seed"": 20480620, ""query_seed"": 20481620, ""waypoint_count"": 3, ""bottleneck_count"": 3}"
extreme_s02_q0020,improved_ha,Extreme,d08_12,True,True,0.14539432525634766,1,11.92686044187656,11.92686044187656,0.0,0,0.0,0.7024758878414941,0,0,0,0,False,,,,,"{""profile_name"": ""extreme_d07"", ""map_seed"": 20480620, ""query_seed"": 20481620, ""evaluation_path_source"": ""trace_poses"", ""planner_path_pose_count"": 2, ""evaluation_path_pose_count"": 121}"
extreme_s02_q0020,lo_ha,Extreme,d08_12,True,True,0.14232468605041504,1,11.92686044187656,11.92686044187656,0.0,0,0.0,0.7024758878414941,0,0,0,0,False,,,,,"{""profile_name"": ""extreme_d07"", ""map_seed"": 20480620, ""query_seed"": 20481620, ""evaluation_path_source"": ""trace_poses"", ""planner_path_pose_count"": 2, ""evaluation_path_pose_count"": 121}"
extreme_s02_q0020,ss_rrt,Extreme,d08_12,True,True,0.00043909999658353627,2,11.926860441876563,11.92686044187656,2.220446049250313e-16,0,1.931533270908918e-16,0.7024758878414941,0,0,0,0,False,,,,,"{""profile_name"": ""extreme_d07"", ""map_seed"": 20480620, ""query_seed"": 20481620, ""rrt_iterations"": 0, ""evaluation_path_source"": ""planner_path"", ""planner_path_pose_count"": 121, ""evaluation_path_pose_count"": 121}"
extreme_s02_q0020,idb_rrt,Extreme,d08_12,True,True,0.8506975489945034,240,11.926902694327458,11.92686044187656,3.542629772868011e-06,0,0.001588945637077539,0.7017851666688266,0,0,0,0,False,,,,,"{""profile_name"": ""extreme_d07"", ""map_seed"": 20480620, ""query_seed"": 20481620, ""idb_rrt_run_dir"": ""/home/ubuntu/ForestNav/2_experiment/idb_rrt_strict_repro/runs/forestnav_adapter/run_1782413280563_f8e77bf2"", ""idb_rrt_returncode"": 0, ""idb_rrt_state_count"": 240}"
extreme_s02_q0021,vanilla_ha,Extreme,d12_16,True,True,0.2972559928894043,207,13.00708467830289,,,0,0.3885693412624927,0.07007350937013546,0,0,0,0,False,,,,,"{""profile_name"": ""extreme_d05"", ""map_seed"": 20480620, ""query_seed"": 20481621, ""evaluation_path_source"": ""trace_poses"", ""planner_path_pose_count"": 38, ""evaluation_path_pose_count"": 132}"
extreme_s02_q0021,f_n3p_knn,Extreme,d12_16,True,True,0.6455508279977948,4,13.470075210991764,13.00708467830289,0.035595257826005255,2,0.34211937220413596,0.10476099912773207,0,7,0,0,True,0,4,0.0,,"{""profile_name"": ""extreme_d05"", ""map_seed"": 20480620, ""query_seed"": 20481621}"
extreme_s02_q0021,n3p_k1,Extreme,d12_16,True,True,0.3899850969974068,105,12.81387005979509,13.00708467830289,-0.014854567590391832,0,0.36352269853397295,0.07007350937013546,0,0,2,0,True,0,0,,,"{""profile_name"": ""extreme_d05"", ""map_seed"": 20480620, ""query_seed"": 20481621}"
extreme_s02_q0021,voronoi_waypoint,Extreme,d12_16,True,True,1.4141766680040746,945,13.595450944129881,13.00708467830289,0.04523429195540207,0,0.39477869896205314,0.07007350937013546,0,0,0,0,False,,,,,"{""profile_name"": ""extreme_d05"", ""map_seed"": 20480620, ""query_seed"": 20481621, ""waypoint_count"": 2}"
extreme_s02_q0021,bottleneck_waypoint,Extreme,d12_16,True,True,1.392842536995886,936,12.829347409355904,13.00708467830289,-0.0136646507148116,0,0.31333260798160467,0.07007350937013546,0,0,0,0,False,,,,,"{""profile_name"": ""extreme_d05"", ""map_seed"": 20480620, ""query_seed"": 20481621, ""waypoint_count"": 2, ""bottleneck_count"": 2}"
extreme_s02_q0021,improved_ha,Extreme,d12_16,True,True,0.2834491729736328,207,12.992902301772546,13.00708467830289,-0.0010903578227642319,0,0.3795311987768485,0.07007350937013546,0,0,0,0,False,,,,,"{""profile_name"": ""extreme_d05"", ""map_seed"": 20480620, ""query_seed"": 20481621, ""evaluation_path_source"": ""trace_poses"", ""planner_path_pose_count"": 38, ""evaluation_path_pose_count"": 132}"
extreme_s02_q0021,lo_ha,Extreme,d12_16,True,True,0.18559765815734863,127,13.297876359588006,13.00708467830289,0.022356407179403126,0,0.22314679720911793,0.05718142876984239,0,0,0,0,False,,,,,"{""profile_name"": ""extreme_d05"", ""map_seed"": 20480620, ""query_seed"": 20481621, ""evaluation_path_source"": ""trace_poses"", ""planner_path_pose_count"": 37, ""evaluation_path_pose_count"": 135}"
extreme_s02_q0021,ss_rrt,Extreme,d12_16,False,False,2.5018281930024386,3654,,13.00708467830289,,0,,,0,0,0,0,False,,,,timeout,"{""profile_name"": ""extreme_d05"", ""map_seed"": 20480620, ""query_seed"": 20481621, ""rrt_iterations"": 1374, ""evaluation_path_source"": ""planner_path"", ""planner_path_pose_count"": 0, ""evaluation_path_pose_count"": 0}"
extreme_s02_q0021,idb_rrt,Extreme,d12_16,False,False,1.1341644519998226,252,,13.00708467830289,,0,,,0,0,0,0,False,,,,collision_violation_rejected:109,"{""profile_name"": ""extreme_d05"", ""map_seed"": 20480620, ""query_seed"": 20481621, ""idb_rrt_run_dir"": ""/home/ubuntu/ForestNav/2_experiment/idb_rrt_strict_repro/runs/forestnav_adapter/run_1782413288589_7231cfe6"", ""idb_rrt_returncode"": 0, ""idb_rrt_state_count"": 252, ""rejected_collision_violation_count"": 109, ""rejected_collision_path_length_m"": 12.510204773837122}"
extreme_s02_q0022,vanilla_ha,Extreme,d16_20,True,True,0.6643519401550293,613,17.698958805008928,,,0,0.1982001256933241,0.0898349820851363,0,0,0,0,False,,,,,"{""profile_name"": ""extreme_d06"", ""map_seed"": 20480620, ""query_seed"": 20481622, ""evaluation_path_source"": ""trace_poses"", ""planner_path_pose_count"": 48, ""evaluation_path_pose_count"": 180}"
extreme_s02_q0022,f_n3p_knn,Extreme,d16_20,True,True,1.0854408040031558,631,19.984893393344418,17.698958805008928,0.12915644437166285,2,0.20917305737376557,0.06732415630668931,0,20,1,0,True,2,3,0.6666666666666666,,"{""profile_name"": ""extreme_d06"", ""map_seed"": 20480620, ""query_seed"": 20481622}"
extreme_s02_q0022,n3p_k1,Extreme,d16_20,True,True,1.506083366999519,1066,18.437439189801683,17.698958805008928,0.04172451006461242,0,0.19530175564627533,0.11689564738862301,0,0,1,0,True,2,2,1.0,,"{""profile_name"": ""extreme_d06"", ""map_seed"": 20480620, ""query_seed"": 20481622}"
extreme_s02_q0022,voronoi_waypoint,Extreme,d16_20,True,True,1.2540765890007606,804,20.782510615920195,17.698958805008928,0.17422221526605286,4,0.3204277047838174,0.044023116688146346,0,0,0,0,False,,,,,"{""profile_name"": ""extreme_d06"", ""map_seed"": 20480620, ""query_seed"": 20481622, ""waypoint_count"": 3}"
extreme_s02_q0022,bottleneck_waypoint,Extreme,d16_20,True,True,0.621458491004887,4,18.220433643568082,17.698958805008928,0.029463588468920276,0,0.21559751448216888,0.13957162748699314,0,0,0,0,False,,,,,"{""profile_name"": ""extreme_d06"", ""map_seed"": 20480620, ""query_seed"": 20481622, ""waypoint_count"": 3, ""bottleneck_count"": 3}"
extreme_s02_q0022,improved_ha,Extreme,d16_20,True,True,0.6431176662445068,613,17.698958805008928,17.698958805008928,0.0,0,0.1982001256933241,0.0898349820851363,0,0,0,0,False,,,,,"{""profile_name"": ""extreme_d06"", ""map_seed"": 20480620, ""query_seed"": 20481622, ""evaluation_path_source"": ""trace_poses"", ""planner_path_pose_count"": 48, ""evaluation_path_pose_count"": 180}"
extreme_s02_q0022,lo_ha,Extreme,d16_20,True,True,0.3752152919769287,446,17.672525610726606,17.698958805008928,-0.0014934886607477216,0,0.13580401878400916,0.05542193377573412,0,0,0,0,False,,,,,"{""profile_name"": ""extreme_d06"", ""map_seed"": 20480620, ""query_seed"": 20481622, ""evaluation_path_source"": ""trace_poses"", ""planner_path_pose_count"": 41, ""evaluation_path_pose_count"": 179}"
extreme_s02_q0022,ss_rrt,Extreme,d16_20,False,False,2.500249429998803,2490,,17.698958805008928,,0,,,0,0,0,0,False,,,,timeout,"{""profile_name"": ""extreme_d06"", ""map_seed"": 20480620, ""query_seed"": 20481622, ""rrt_iterations"": 1624, ""evaluation_path_source"": ""planner_path"", ""planner_path_pose_count"": 0, ""evaluation_path_pose_count"": 0}"
extreme_s02_q0022,idb_rrt,Extreme,d16_20,False,False,1.006842474998848,348,,17.698958805008928,,0,,,0,0,0,0,False,,,,collision_violation_rejected:31,"{""profile_name"": ""extreme_d06"", ""map_seed"": 20480620, ""query_seed"": 20481622, ""idb_rrt_run_dir"": ""/home/ubuntu/ForestNav/2_experiment/idb_rrt_strict_repro/runs/forestnav_adapter/run_1782413298442_be835e10"", ""idb_rrt_returncode"": 0, ""idb_rrt_state_count"": 348, ""rejected_collision_violation_count"": 31, ""rejected_collision_path_length_m"": 17.328763874735834}"
extreme_s02_q0023,vanilla_ha,Extreme,d20_inf,True,True,0.7382552623748779,1009,24.839900719863497,,,0,0.43447880660230387,0.07417303626214133,0,0,0,0,False,,,,,"{""profile_name"": ""extreme_d07"", ""map_seed"": 20480620, ""query_seed"": 20481623, ""evaluation_path_source"": ""trace_poses"", ""planner_path_pose_count"": 78, ""evaluation_path_pose_count"": 251}"
extreme_s02_q0023,f_n3p_knn,Extreme,d20_inf,True,True,1.300391712000419,353,26.833603000025,24.839900719863497,0.08026208730243511,7,0.3682475885051494,0.07188915421056474,0,43,2,0,True,3,5,0.6,,"{""profile_name"": ""extreme_d07"", ""map_seed"": 20480620, ""query_seed"": 20481623}"
extreme_s02_q0023,n3p_k1,Extreme,d20_inf,True,True,0.7449699380013044,1009,24.839900719863497,24.839900719863497,0.0,0,0.43447880660230387,0.07417303626214133,0,0,1,0,True,0,0,,,"{""profile_name"": ""extreme_d07"", ""map_seed"": 20480620, ""query_seed"": 20481623}"
extreme_s02_q0023,voronoi_waypoint,Extreme,d20_inf,True,True,1.5103526029997738,733,28.408225500985985,24.839900719863497,0.14365294053969535,3,0.25940067168039854,0.07285686100093514,0,0,0,0,False,,,,,"{""profile_name"": ""extreme_d07"", ""map_seed"": 20480620, ""query_seed"": 20481623, ""waypoint_count"": 4}"
extreme_s02_q0023,bottleneck_waypoint,Extreme,d20_inf,True,True,0.8994813820027048,9,27.159496718162814,24.839900719863497,0.09338185464020099,1,0.2670846479471717,0.06435208044579621,0,0,0,0,False,,,,,"{""profile_name"": ""extreme_d07"", ""map_seed"": 20480620, ""query_seed"": 20481623, ""waypoint_count"": 5, ""bottleneck_count"": 5}"
extreme_s02_q0023,improved_ha,Extreme,d20_inf,True,True,0.735954761505127,1009,24.839900719863497,24.839900719863497,0.0,0,0.43447880660230387,0.07417303626214133,0,0,0,0,False,,,,,"{""profile_name"": ""extreme_d07"", ""map_seed"": 20480620, ""query_seed"": 20481623, ""evaluation_path_source"": ""trace_poses"", ""planner_path_pose_count"": 78, ""evaluation_path_pose_count"": 251}"
extreme_s02_q0023,lo_ha,Extreme,d20_inf,True,True,2.413684606552124,6223,24.786676047163297,24.839900719863497,-0.0021427087531649125,0,0.2643331454910937,0.06040452030122634,0,0,0,0,False,,,,,"{""profile_name"": ""extreme_d07"", ""map_seed"": 20480620, ""query_seed"": 20481623, ""evaluation_path_source"": ""trace_poses"", ""planner_path_pose_count"": 78, ""evaluation_path_pose_count"": 250}"
extreme_s02_q0023,ss_rrt,Extreme,d20_inf,True,True,1.422503150999546,822,27.645203134145213,24.839900719863497,0.11293533118022592,0,0.5829917158134716,0.05896861490947902,0,0,0,0,False,,,,,"{""profile_name"": ""extreme_d07"", ""map_seed"": 20480620, ""query_seed"": 20481623, ""rrt_iterations"": 1545, ""evaluation_path_source"": ""planner_path"", ""planner_path_pose_count"": 335, ""evaluation_path_pose_count"": 335}"
extreme_s02_q0023,idb_rrt,Extreme,d20_inf,False,False,2.748136099005933,0,,24.839900719863497,,0,,,0,0,0,0,False,,,,idb_rrt_failed:returncode=1,"{""profile_name"": ""extreme_d07"", ""map_seed"": 20480620, ""query_seed"": 20481623, ""idb_rrt_run_dir"": ""/home/ubuntu/ForestNav/2_experiment/idb_rrt_strict_repro/runs/forestnav_adapter/run_1782413309297_a2f8f701"", ""idb_rrt_returncode"": 1, ""idb_rrt_state_count"": 0}"
extreme_s02_q0024,vanilla_ha,Extreme,d08_12,True,True,1.2304792404174805,1243,9.166206339662512,,,0,0.3872798761173781,0.10482280740520067,0,0,0,0,False,,,,,"{""profile_name"": ""extreme_d05"", ""map_seed"": 20480620, ""query_seed"": 20481624, ""evaluation_path_source"": ""trace_poses"", ""planner_path_pose_count"": 26, ""evaluation_path_pose_count"": 94}"
extreme_s02_q0024,f_n3p_knn,Extreme,d08_12,True,True,0.3013365619990509,2,10.432731538738848,9.166206339662512,0.1381733240714902,0,0.368052250730807,0.18591291973334478,0,0,0,0,False,2,2,1.0,,"{""profile_name"": ""extreme_d05"", ""map_seed"": 20480620, ""query_seed"": 20481624}"
extreme_s02_q0024,n3p_k1,Extreme,d08_12,True,True,0.30238919800467556,2,10.432731538738848,9.166206339662512,0.1381733240714902,0,0.368052250730807,0.18591291973334478,0,0,0,0,False,2,2,1.0,,"{""profile_name"": ""extreme_d05"", ""map_seed"": 20480620, ""query_seed"": 20481624}"
extreme_s02_q0024,voronoi_waypoint,Extreme,d08_12,True,True,0.34446579899667995,20,9.248308186909206,9.166206339662512,0.008957014953005826,0,0.3004913080654494,0.05550673866524014,0,0,0,0,False,,,,,"{""profile_name"": ""extreme_d05"", ""map_seed"": 20480620, ""query_seed"": 20481624, ""waypoint_count"": 1}"
extreme_s02_q0024,bottleneck_waypoint,Extreme,d08_12,True,True,0.37586305700097,50,9.49013853636121,9.166206339662512,0.03533983249940942,1,0.46798507738613115,0.0832597081665114,0,0,0,0,False,,,,,"{""profile_name"": ""extreme_d05"", ""map_seed"": 20480620, ""query_seed"": 20481624, ""waypoint_count"": 1, ""bottleneck_count"": 1}"
extreme_s02_q0024,improved_ha,Extreme,d08_12,True,True,1.227414608001709,1243,9.166206339662512,9.166206339662512,0.0,0,0.3872798761173781,0.10482280740520067,0,0,0,0,False,,,,,"{""profile_name"": ""extreme_d05"", ""map_seed"": 20480620, ""query_seed"": 20481624, ""evaluation_path_source"": ""trace_poses"", ""planner_path_pose_count"": 26, ""evaluation_path_pose_count"": 94}"
extreme_s02_q0024,lo_ha,Extreme,d08_12,True,True,0.41774988174438477,557,9.107910442083483,9.166206339662512,-0.006359871839975995,0,0.4026673371734301,0.06462678350475182,0,0,0,0,False,,,,,"{""profile_name"": ""extreme_d05"", ""map_seed"": 20480620, ""query_seed"": 20481624, ""evaluation_path_source"": ""trace_poses"", ""planner_path_pose_count"": 26, ""evaluation_path_pose_count"": 93}"
extreme_s02_q0024,ss_rrt,Extreme,d08_12,False,False,2.501700429005723,2640,,9.166206339662512,,0,,,0,0,0,0,False,,,,timeout,"{""profile_name"": ""extreme_d05"", ""map_seed"": 20480620, ""query_seed"": 20481624, ""rrt_iterations"": 1649, ""evaluation_path_source"": ""planner_path"", ""planner_path_pose_count"": 0, ""evaluation_path_pose_count"": 0}"
extreme_s02_q0024,idb_rrt,Extreme,d08_12,False,False,1.0292684430023655,181,,9.166206339662512,,0,,,0,0,0,0,False,,,,collision_violation_rejected:64,"{""profile_name"": ""extreme_d05"", ""map_seed"": 20480620, ""query_seed"": 20481624, ""idb_rrt_run_dir"": ""/home/ubuntu/ForestNav/2_experiment/idb_rrt_strict_repro/runs/forestnav_adapter/run_1782413318804_bdbee9a9"", ""idb_rrt_returncode"": 0, ""idb_rrt_state_count"": 181, ""rejected_collision_violation_count"": 64, ""rejected_collision_path_length_m"": 8.9844655054967}"
extreme_s02_q0025,vanilla_ha,Extreme,d12_16,True,True,0.1790006160736084,61,15.759243801121846,,,0,0.1081141805469781,0.11981407488482776,0,0,0,0,False,,,,,"{""profile_name"": ""extreme_d06"", ""map_seed"": 20480621, ""query_seed"": 20481621, ""evaluation_path_source"": ""trace_poses"", ""planner_path_pose_count"": 38, ""evaluation_path_pose_count"": 161}"
extreme_s02_q0025,f_n3p_knn,Extreme,d12_16,True,True,0.3838288629995077,142,18.361102380329243,15.759243801121846,0.1651004713197075,2,0.144994495023062,0.07709446839425615,0,23,1,0,True,0,1,0.0,,"{""profile_name"": ""extreme_d06"", ""map_seed"": 20480621, ""query_seed"": 20481621}"
extreme_s02_q0025,n3p_k1,Extreme,d12_16,True,True,0.31669522700394737,32,15.755603165400522,15.759243801121846,-0.00023101588929441697,0,0.15196288893066642,0.09210398676731946,0,0,2,0,True,0,0,,,"{""profile_name"": ""extreme_d06"", ""map_seed"": 20480621, ""query_seed"": 20481621}"
extreme_s02_q0025,voronoi_waypoint,Extreme,d12_16,True,True,0.4694538289986667,3,16.688460248486987,15.759243801121846,0.05896326366237159,0,0.26563334691650753,0.1683580525011139,0,0,0,0,False,,,,,"{""profile_name"": ""extreme_d06"", ""map_seed"": 20480621, ""query_seed"": 20481621, ""waypoint_count"": 2}"
extreme_s02_q0025,bottleneck_waypoint,Extreme,d12_16,True,True,0.6044413800045731,4,15.748988268239541,15.759243801121846,-0.0006507630068883774,0,0.11146348996869562,0.11438649598495143,0,0,0,0,False,,,,,"{""profile_name"": ""extreme_d06"", ""map_seed"": 20480621, ""query_seed"": 20481621, ""waypoint_count"": 3, ""bottleneck_count"": 3}"
extreme_s02_q0025,improved_ha,Extreme,d12_16,True,True,0.18038034439086914,61,15.759243801121846,15.759243801121846,0.0,0,0.1081141805469781,0.11981407488482776,0,0,0,0,False,,,,,"{""profile_name"": ""extreme_d06"", ""map_seed"": 20480621, ""query_seed"": 20481621, ""evaluation_path_source"": ""trace_poses"", ""planner_path_pose_count"": 38, ""evaluation_path_pose_count"": 161}"
extreme_s02_q0025,lo_ha,Extreme,d12_16,True,True,0.16454434394836426,61,15.79221003736447,15.759243801121846,0.002091866631334094,0,0.10294489397387191,0.0560254114177588,0,0,0,0,False,,,,,"{""profile_name"": ""extreme_d06"", ""map_seed"": 20480621, ""query_seed"": 20481621, ""evaluation_path_source"": ""trace_poses"", ""planner_path_pose_count"": 40, ""evaluation_path_pose_count"": 160}"
extreme_s02_q0025,ss_rrt,Extreme,d12_16,True,True,0.08167204400524497,46,15.754800055258357,15.759243801121846,-0.00028197709988930786,0,0.1974756677852124,0.05589767226351283,0,0,0,0,False,,,,,"{""profile_name"": ""extreme_d06"", ""map_seed"": 20480621, ""query_seed"": 20481621, ""rrt_iterations"": 37, ""evaluation_path_source"": ""planner_path"", ""planner_path_pose_count"": 195, ""evaluation_path_pose_count"": 195}"
extreme_s02_q0025,idb_rrt,Extreme,d12_16,False,False,0.6990071769978385,314,,15.759243801121846,,0,,,0,0,0,0,False,,,,collision_violation_rejected:59,"{""profile_name"": ""extreme_d06"", ""map_seed"": 20480621, ""query_seed"": 20481621, ""idb_rrt_run_dir"": ""/home/ubuntu/ForestNav/2_experiment/idb_rrt_strict_repro/runs/forestnav_adapter/run_1782413323086_73a4e63a"", ""idb_rrt_returncode"": 0, ""idb_rrt_state_count"": 314, ""rejected_collision_violation_count"": 59, ""rejected_collision_path_length_m"": 15.634948612044642}"
extreme_s02_q0026,vanilla_ha,Extreme,d16_20,True,True,1.7942209243774414,2437,17.54029179807436,,,0,0.22103303694035814,0.05317481968992532,0,0,0,0,False,,,,,"{""profile_name"": ""extreme_d07"", ""map_seed"": 20480621, ""query_seed"": 20481622, ""evaluation_path_source"": ""trace_poses"", ""planner_path_pose_count"": 46, ""evaluation_path_pose_count"": 179}"
extreme_s02_q0026,f_n3p_knn,Extreme,d16_20,True,True,2.645017466005811,3799,17.54029179807436,17.54029179807436,0.0,0,0.22103303694035814,0.05317481968992532,0,19,1,1,True,0,0,,,"{""profile_name"": ""extreme_d07"", ""map_seed"": 20480621, ""query_seed"": 20481622}"
extreme_s02_q0026,n3p_k1,Extreme,d16_20,True,True,2.6382065240031807,3800,17.54029179807436,17.54029179807436,0.0,0,0.22103303694035814,0.05317481968992532,0,0,1,1,True,0,0,,,"{""profile_name"": ""extreme_d07"", ""map_seed"": 20480621, ""query_seed"": 20481622}"
extreme_s02_q0026,voronoi_waypoint,Extreme,d16_20,True,True,0.6762995169992791,64,19.079281825471714,17.54029179807436,0.08774027508289861,2,0.3498596301614615,0.06450920675512362,0,0,0,0,False,,,,,"{""profile_name"": ""extreme_d07"", ""map_seed"": 20480621, ""query_seed"": 20481622, ""waypoint_count"": 3}"
extreme_s02_q0026,bottleneck_waypoint,Extreme,d16_20,True,True,0.632687603996601,14,19.015387246072013,17.54029179807436,0.08409754324381269,2,0.2508174876235983,0.07196082989156061,0,0,0,0,False,,,,,"{""profile_name"": ""extreme_d07"", ""map_seed"": 20480621, ""query_seed"": 20481622, ""waypoint_count"": 3, ""bottleneck_count"": 3}"
extreme_s02_q0026,improved_ha,Extreme,d16_20,True,True,1.7874407768249512,2437,17.54029179807436,17.54029179807436,0.0,0,0.22103303694035814,0.05317481968992532,0,0,0,0,False,,,,,"{""profile_name"": ""extreme_d07"", ""map_seed"": 20480621, ""query_seed"": 20481622, ""evaluation_path_source"": ""trace_poses"", ""planner_path_pose_count"": 46, ""evaluation_path_pose_count"": 179}"
extreme_s02_q0026,lo_ha,Extreme,d16_20,True,True,0.20349979400634766,166,17.341452594676017,17.54029179807436,-0.011336139996266925,0,0.0876603952092479,0.05317481968992532,0,0,0,0,False,,,,,"{""profile_name"": ""extreme_d07"", ""map_seed"": 20480621, ""query_seed"": 20481622, ""evaluation_path_source"": ""trace_poses"", ""planner_path_pose_count"": 49, ""evaluation_path_pose_count"": 176}"
extreme_s02_q0026,ss_rrt,Extreme,d16_20,False,False,2.5019621699975687,2463,,17.54029179807436,,0,,,0,0,0,0,False,,,,timeout,"{""profile_name"": ""extreme_d07"", ""map_seed"": 20480621, ""query_seed"": 20481622, ""rrt_iterations"": 1416, ""evaluation_path_source"": ""planner_path"", ""planner_path_pose_count"": 0, ""evaluation_path_pose_count"": 0}"
extreme_s02_q0026,idb_rrt,Extreme,d16_20,False,False,2.7620693540011416,0,,17.54029179807436,,0,,,0,0,0,0,False,,,,idb_rrt_failed:returncode=1,"{""profile_name"": ""extreme_d07"", ""map_seed"": 20480621, ""query_seed"": 20481622, ""idb_rrt_run_dir"": ""/home/ubuntu/ForestNav/2_experiment/idb_rrt_strict_repro/runs/forestnav_adapter/run_1782413336734_74c6a561"", ""idb_rrt_returncode"": 1, ""idb_rrt_state_count"": 0}"
extreme_s02_q0027,vanilla_ha,Extreme,d20_inf,True,True,1.561980962753296,3721,26.895170331020225,,,0,0.1870578186687563,0.0518005867396476,0,0,0,0,False,,,,,"{""profile_name"": ""extreme_d05"", ""map_seed"": 20480621, ""query_seed"": 20481623, ""evaluation_path_source"": ""trace_poses"", ""planner_path_pose_count"": 47, ""evaluation_path_pose_count"": 271}"
extreme_s02_q0027,f_n3p_knn,Extreme,d20_inf,True,True,3.6504451329965377,6657,26.895170331020225,26.895170331020225,0.0,0,0.1870578186687563,0.0518005867396476,0,26,1,1,True,0,2,0.0,,"{""profile_name"": ""extreme_d05"", ""map_seed"": 20480621, ""query_seed"": 20481623}"
extreme_s02_q0027,n3p_k1,Extreme,d20_inf,True,True,2.3174347340027452,5721,26.895170331020225,26.895170331020225,0.0,0,0.1870578186687563,0.0518005867396476,0,0,1,1,True,0,0,,,"{""profile_name"": ""extreme_d05"", ""map_seed"": 20480621, ""query_seed"": 20481623}"
extreme_s02_q0027,voronoi_waypoint,Extreme,d20_inf,True,True,1.0125127210048959,68,29.362353024697878,26.895170331020225,0.09173329870426827,0,0.19546373201862455,0.07200050659843538,0,0,0,0,False,,,,,"{""profile_name"": ""extreme_d05"", ""map_seed"": 20480621, ""query_seed"": 20481623, ""waypoint_count"": 5}"
extreme_s02_q0027,bottleneck_waypoint,Extreme,d20_inf,True,True,1.1137324559967965,11,28.40324319873827,26.895170331020225,0.05607225569338259,4,0.31319199784519747,0.05246567998674606,0,0,0,0,False,,,,,"{""profile_name"": ""extreme_d05"", ""map_seed"": 20480621, ""query_seed"": 20481623, ""waypoint_count"": 6, ""bottleneck_count"": 6}"
extreme_s02_q0027,improved_ha,Extreme,d20_inf,True,True,1.5412006378173828,3721,26.895170331020225,26.895170331020225,0.0,0,0.1870578186687563,0.0518005867396476,0,0,0,0,False,,,,,"{""profile_name"": ""extreme_d05"", ""map_seed"": 20480621, ""query_seed"": 20481623, ""evaluation_path_source"": ""trace_poses"", ""planner_path_pose_count"": 47, ""evaluation_path_pose_count"": 271}"
extreme_s02_q0027,lo_ha,Extreme,d20_inf,True,True,0.49755334854125977,937,26.915408522299376,26.895170331020225,0.0007524842204031934,0,0.12175122522229016,0.05591641386395968,0,0,0,0,False,,,,,"{""profile_name"": ""extreme_d05"", ""map_seed"": 20480621, ""query_seed"": 20481623, ""evaluation_path_source"": ""trace_poses"", ""planner_path_pose_count"": 52, ""evaluation_path_pose_count"": 271}"
extreme_s02_q0027,ss_rrt,Extreme,d20_inf,False,False,2.50088312200387,1385,,26.895170331020225,,0,,,0,0,0,0,False,,,,timeout,"{""profile_name"": ""extreme_d05"", ""map_seed"": 20480621, ""query_seed"": 20481623, ""rrt_iterations"": 1979, ""evaluation_path_source"": ""planner_path"", ""planner_path_pose_count"": 0, ""evaluation_path_pose_count"": 0}"
extreme_s02_q0027,idb_rrt,Extreme,d20_inf,False,False,2.752046853005595,0,,26.895170331020225,,0,,,0,0,0,0,False,,,,idb_rrt_failed:returncode=1,"{""profile_name"": ""extreme_d05"", ""map_seed"": 20480621, ""query_seed"": 20481623, ""idb_rrt_run_dir"": ""/home/ubuntu/ForestNav/2_experiment/idb_rrt_strict_repro/runs/forestnav_adapter/run_1782413353765_c7484fad"", ""idb_rrt_returncode"": 1, ""idb_rrt_state_count"": 0}"
extreme_s02_q0028,vanilla_ha,Extreme,d08_12,True,True,0.1759200096130371,28,8.266312310985654,,,0,0.1818209416798804,0.08332009788563943,0,0,0,0,False,,,,,"{""profile_name"": ""extreme_d06"", ""map_seed"": 20480621, ""query_seed"": 20481624, ""evaluation_path_source"": ""trace_poses"", ""planner_path_pose_count"": 18, ""evaluation_path_pose_count"": 85}"
extreme_s02_q0028,f_n3p_knn,Extreme,d08_12,True,True,0.16390634099661838,1,8.598779263112803,8.266312310985654,0.04021950050027878,0,0.3097920115455054,0.09030549257791443,0,4,0,0,True,0,1,0.0,,"{""profile_name"": ""extreme_d06"", ""map_seed"": 20480621, ""query_seed"": 20481624}"
extreme_s02_q0028,n3p_k1,Extreme,d08_12,True,True,0.18311676199664362,28,8.266347164908296,8.266312310985654,4.21638105740918e-06,0,0.18184317488741683,0.08331935342429786,0,0,1,0,True,0,0,,,"{""profile_name"": ""extreme_d06"", ""map_seed"": 20480621, ""query_seed"": 20481624}"
extreme_s02_q0028,voronoi_waypoint,Extreme,d08_12,True,True,0.3622549909996451,11,9.347165174082159,8.266312310985654,0.13075393506002508,2,0.38496129401305523,0.09506577711609865,0,0,0,0,False,,,,,"{""profile_name"": ""extreme_d06"", ""map_seed"": 20480621, ""query_seed"": 20481624, ""waypoint_count"": 1}"
extreme_s02_q0028,bottleneck_waypoint,Extreme,d08_12,True,True,0.44432396900083404,108,8.586653163687727,8.266312310985654,0.0387525707535088,2,0.3582568749725405,0.07006823216176761,0,0,0,0,False,,,,,"{""profile_name"": ""extreme_d06"", ""map_seed"": 20480621, ""query_seed"": 20481624, ""waypoint_count"": 1, ""bottleneck_count"": 1}"
extreme_s02_q0028,improved_ha,Extreme,d08_12,True,True,0.1739339828491211,28,8.266312310985654,8.266312310985654,0.0,0,0.1818209416798804,0.08332009788563943,0,0,0,0,False,,,,,"{""profile_name"": ""extreme_d06"", ""map_seed"": 20480621, ""query_seed"": 20481624, ""evaluation_path_source"": ""trace_poses"", ""planner_path_pose_count"": 18, ""evaluation_path_pose_count"": 85}"
extreme_s02_q0028,lo_ha,Extreme,d08_12,True,True,0.16116642951965332,19,8.24898088968889,8.266312310985654,-0.0020966327722378164,0,0.1631147659342355,0.06336613379017197,0,0,0,0,False,,,,,"{""profile_name"": ""extreme_d06"", ""map_seed"": 20480621, ""query_seed"": 20481624, ""evaluation_path_source"": ""trace_poses"", ""planner_path_pose_count"": 20, ""evaluation_path_pose_count"": 85}"
extreme_s02_q0028,ss_rrt,Extreme,d08_12,False,False,2.500447696002084,1047,,8.266312310985654,,0,,,0,0,0,0,False,,,,timeout,"{""profile_name"": ""extreme_d06"", ""map_seed"": 20480621, ""query_seed"": 20481624, ""rrt_iterations"": 2064, ""evaluation_path_source"": ""planner_path"", ""planner_path_pose_count"": 0, ""evaluation_path_pose_count"": 0}"
extreme_s02_q0028,idb_rrt,Extreme,d08_12,False,False,0.5793437750035082,164,,8.266312310985654,,0,,,0,0,0,0,False,,,,collision_violation_rejected:34,"{""profile_name"": ""extreme_d06"", ""map_seed"": 20480621, ""query_seed"": 20481624, ""idb_rrt_run_dir"": ""/home/ubuntu/ForestNav/2_experiment/idb_rrt_strict_repro/runs/forestnav_adapter/run_1782413360736_bf938ea5"", ""idb_rrt_returncode"": 0, ""idb_rrt_state_count"": 164, ""rejected_collision_violation_count"": 34, ""rejected_collision_path_length_m"": 8.13810879442925}"
extreme_s02_q0029,vanilla_ha,Extreme,d12_16,True,True,1.688654899597168,2439,13.611468829033457,,,2,0.2902325997614986,0.05603534776423691,0,0,0,0,False,,,,,"{""profile_name"": ""extreme_d07"", ""map_seed"": 20480621, ""query_seed"": 20481625, ""evaluation_path_source"": ""trace_poses"", ""planner_path_pose_count"": 39, ""evaluation_path_pose_count"": 139}"
extreme_s02_q0029,f_n3p_knn,Extreme,d12_16,True,True,0.44668331099819625,3,14.791887510558215,13.611468829033457,0.0867223586485324,2,0.2679251912989255,0.08888614431072983,0,18,0,0,True,1,3,0.3333333333333333,,"{""profile_name"": ""extreme_d07"", ""map_seed"": 20480621, ""query_seed"": 20481625}"
extreme_s02_q0029,n3p_k1,Extreme,d12_16,True,True,0.3598831039998913,74,13.273989409582711,13.611468829033457,-0.02479375471447265,0,0.15948554422345165,0.06436936409437055,0,0,1,0,True,1,1,1.0,,"{""profile_name"": ""extreme_d07"", ""map_seed"": 20480621, ""query_seed"": 20481625}"
extreme_s02_q0029,voronoi_waypoint,Extreme,d12_16,True,True,0.5050958919964614,48,14.00324122292891,13.611468829033457,0.028782521476286016,0,0.1857658546953728,0.05332595079723179,0,0,0,0,False,,,,,"{""profile_name"": ""extreme_d07"", ""map_seed"": 20480621, ""query_seed"": 20481625, ""waypoint_count"": 2}"
extreme_s02_q0029,bottleneck_waypoint,Extreme,d12_16,True,True,0.47854082100093365,7,13.778203351155119,13.611468829033457,0.012249561323316893,0,0.22801177871470538,0.05257414732191412,0,0,0,0,False,,,,,"{""profile_name"": ""extreme_d07"", ""map_seed"": 20480621, ""query_seed"": 20481625, ""waypoint_count"": 2, ""bottleneck_count"": 2}"
extreme_s02_q0029,improved_ha,Extreme,d12_16,True,True,1.7106819152832031,2439,13.611468829033457,13.611468829033457,0.0,2,0.2902325997614986,0.05603534776423691,0,0,0,0,False,,,,,"{""profile_name"": ""extreme_d07"", ""map_seed"": 20480621, ""query_seed"": 20481625, ""evaluation_path_source"": ""trace_poses"", ""planner_path_pose_count"": 39, ""evaluation_path_pose_count"": 139}"
extreme_s02_q0029,lo_ha,Extreme,d12_16,True,True,0.2865135669708252,359,13.282689062454839,13.611468829033457,-0.024154613341752396,0,0.15553339604626318,0.07424325631637863,0,0,0,0,False,,,,,"{""profile_name"": ""extreme_d07"", ""map_seed"": 20480621, ""query_seed"": 20481625, ""evaluation_path_source"": ""trace_poses"", ""planner_path_pose_count"": 39, ""evaluation_path_pose_count"": 136}"
extreme_s02_q0029,ss_rrt,Extreme,d12_16,False,False,2.502231299004052,1727,,13.611468829033457,,0,,,0,0,0,0,False,,,,timeout,"{""profile_name"": ""extreme_d07"", ""map_seed"": 20480621, ""query_seed"": 20481625, ""rrt_iterations"": 2216, ""evaluation_path_source"": ""planner_path"", ""planner_path_pose_count"": 0, ""evaluation_path_pose_count"": 0}"
extreme_s02_q0029,idb_rrt,Extreme,d12_16,False,False,2.748020489998453,0,,13.611468829033457,,0,,,0,0,0,0,False,,,,idb_rrt_failed:returncode=1,"{""profile_name"": ""extreme_d07"", ""map_seed"": 20480621, ""query_seed"": 20481625, ""idb_rrt_run_dir"": ""/home/ubuntu/ForestNav/2_experiment/idb_rrt_strict_repro/runs/forestnav_adapter/run_1782413369359_633eb39c"", ""idb_rrt_returncode"": 1, ""idb_rrt_state_count"": 0}"
extreme_s03_q0030,vanilla_ha,Extreme,d16_20,True,True,0.2824432849884033,329,20.48200719589693,,,1,0.11492857645164894,0.09020337901617625,0,0,0,0,False,,,,,"{""profile_name"": ""extreme_d05"", ""map_seed"": 20490620, ""query_seed"": 20491620, ""evaluation_path_source"": ""trace_poses"", ""planner_path_pose_count"": 25, ""evaluation_path_pose_count"": 208}"
extreme_s03_q0030,f_n3p_knn,Extreme,d16_20,True,True,0.8061590310026077,5,24.42486645141832,20.48200719589693,0.19250355777197692,4,0.31462630820258597,0.1464640422697061,0,10,0,0,True,2,5,0.4,,"{""profile_name"": ""extreme_d05"", ""map_seed"": 20490620, ""query_seed"": 20491620}"
extreme_s03_q0030,n3p_k1,Extreme,d16_20,True,True,0.2904346539944527,329,20.48200719589693,20.48200719589693,0.0,1,0.11492857645164894,0.09020337901617625,0,0,1,0,True,0,0,,,"{""profile_name"": ""extreme_d05"", ""map_seed"": 20490620, ""query_seed"": 20491620}"
extreme_s03_q0030,voronoi_waypoint,Extreme,d16_20,True,True,0.8665983850005432,81,24.181501172241923,20.48200719589693,0.1806216520169026,1,0.2557715532996254,0.06493274606445587,0,0,0,0,False,,,,,"{""profile_name"": ""extreme_d05"", ""map_seed"": 20490620, ""query_seed"": 20491620, ""waypoint_count"": 4}"
extreme_s03_q0030,bottleneck_waypoint,Extreme,d16_20,True,True,0.8095323800007463,5,22.28824291650212,20.48200719589693,0.08818646060074742,1,0.3125282211439838,0.14687224229515305,0,0,0,0,False,,,,,"{""profile_name"": ""extreme_d05"", ""map_seed"": 20490620, ""query_seed"": 20491620, ""waypoint_count"": 4, ""bottleneck_count"": 4}"
extreme_s03_q0030,improved_ha,Extreme,d16_20,True,True,0.282010555267334,329,20.48200719589693,20.48200719589693,0.0,1,0.11492857645164894,0.09020337901617625,0,0,0,0,False,,,,,"{""profile_name"": ""extreme_d05"", ""map_seed"": 20490620, ""query_seed"": 20491620, ""evaluation_path_source"": ""trace_poses"", ""planner_path_pose_count"": 25, ""evaluation_path_pose_count"": 208}"
extreme_s03_q0030,lo_ha,Extreme,d16_20,True,True,0.505542516708374,839,21.495714036192737,20.48200719589693,0.04949255366431471,1,0.20827333101893966,0.06545949975713106,0,0,0,0,False,,,,,"{""profile_name"": ""extreme_d05"", ""map_seed"": 20490620, ""query_seed"": 20491620, ""evaluation_path_source"": ""trace_poses"", ""planner_path_pose_count"": 65, ""evaluation_path_pose_count"": 217}"
extreme_s03_q0030,ss_rrt,Extreme,d16_20,False,False,0.4360895409990917,6,,20.48200719589693,,0,,,0,0,0,0,False,,,,iteration_budget_exhausted,"{""profile_name"": ""extreme_d05"", ""map_seed"": 20490620, ""query_seed"": 20491620, ""rrt_iterations"": 3000, ""evaluation_path_source"": ""planner_path"", ""planner_path_pose_count"": 0, ""evaluation_path_pose_count"": 0}"
extreme_s03_q0030,idb_rrt,Extreme,d16_20,False,False,2.752403822996712,0,,20.48200719589693,,0,,,0,0,0,0,False,,,,idb_rrt_failed:returncode=1,"{""profile_name"": ""extreme_d05"", ""map_seed"": 20490620, ""query_seed"": 20491620, ""idb_rrt_run_dir"": ""/home/ubuntu/ForestNav/2_experiment/idb_rrt_strict_repro/runs/forestnav_adapter/run_1782413378855_73c894c0"", ""idb_rrt_returncode"": 1, ""idb_rrt_state_count"": 0}"
extreme_s03_q0031,vanilla_ha,Extreme,d20_inf,False,False,2.501041889190674,4329,,,,0,,,0,0,0,0,False,,,,timeout,"{""profile_name"": ""extreme_d06"", ""map_seed"": 20490620, ""query_seed"": 20491621, ""evaluation_path_source"": ""planner_path"", ""planner_path_pose_count"": 0, ""evaluation_path_pose_count"": 0}"
extreme_s03_q0031,f_n3p_knn,Extreme,d20_inf,False,False,3.6333989949998795,6522,,,,0,,,0,23,1,1,True,0,1,0.0,f2_failed:prediction:goal_in_collision;goal:node_budget_exhausted;f3_failed:timeout,"{""profile_name"": ""extreme_d06"", ""map_seed"": 20490620, ""query_seed"": 20491621}"
extreme_s03_q0031,n3p_k1,Extreme,d20_inf,True,True,1.8298057630017865,1279,33.82065469191803,,,3,0.3286843077410385,0.06933883019814857,0,0,4,0,True,1,1,1.0,,"{""profile_name"": ""extreme_d06"", ""map_seed"": 20490620, ""query_seed"": 20491621}"
extreme_s03_q0031,voronoi_waypoint,Extreme,d20_inf,False,False,1.8074814020001213,901,28.52049611025875,,,1,0.14440683138806523,0.13751594585642501,0,0,0,0,False,,,,segment_failed:timeout,"{""profile_name"": ""extreme_d06"", ""map_seed"": 20490620, ""query_seed"": 20491621, ""waypoint_count"": 5}"
extreme_s03_q0031,bottleneck_waypoint,Extreme,d20_inf,False,False,1.7165407499996945,1095,27.75845839104192,,,1,0.12553519754454487,0.06254791597712689,0,0,0,0,False,,,,segment_failed:timeout,"{""profile_name"": ""extreme_d06"", ""map_seed"": 20490620, ""query_seed"": 20491621, ""waypoint_count"": 4, ""bottleneck_count"": 4}"
extreme_s03_q0031,improved_ha,Extreme,d20_inf,False,False,2.5000805854797363,4295,,,,0,,,0,0,0,0,False,,,,timeout,"{""profile_name"": ""extreme_d06"", ""map_seed"": 20490620, ""query_seed"": 20491621, ""evaluation_path_source"": ""planner_path"", ""planner_path_pose_count"": 0, ""evaluation_path_pose_count"": 0}"
extreme_s03_q0031,lo_ha,Extreme,d20_inf,False,False,2.5000033378601074,5561,,,,0,,,0,0,0,0,False,,,,timeout,"{""profile_name"": ""extreme_d06"", ""map_seed"": 20490620, ""query_seed"": 20491621, ""evaluation_path_source"": ""planner_path"", ""planner_path_pose_count"": 0, ""evaluation_path_pose_count"": 0}"
extreme_s03_q0031,ss_rrt,Extreme,d20_inf,False,False,2.5027634099969873,962,,,,0,,,0,0,0,0,False,,,,timeout,"{""profile_name"": ""extreme_d06"", ""map_seed"": 20490620, ""query_seed"": 20491621, ""rrt_iterations"": 1830, ""evaluation_path_source"": ""planner_path"", ""planner_path_pose_count"": 0, ""evaluation_path_pose_count"": 0}"
extreme_s03_q0031,idb_rrt,Extreme,d20_inf,False,False,2.7498383519996423,0,,,,0,,,0,0,0,0,False,,,,idb_rrt_failed:returncode=1,"{""profile_name"": ""extreme_d06"", ""map_seed"": 20490620, ""query_seed"": 20491621, ""idb_rrt_run_dir"": ""/home/ubuntu/ForestNav/2_experiment/idb_rrt_strict_repro/runs/forestnav_adapter/run_1782413400654_ebcd26ae"", ""idb_rrt_returncode"": 1, ""idb_rrt_state_count"": 0}"
extreme_s03_q0032,vanilla_ha,Extreme,d08_12,True,True,1.832364559173584,2513,10.943845530651602,,,2,0.22982487530761964,0.074157856952067,0,0,0,0,False,,,,,"{""profile_name"": ""extreme_d07"", ""map_seed"": 20490620, ""query_seed"": 20491622, ""evaluation_path_source"": ""trace_poses"", ""planner_path_pose_count"": 34, ""evaluation_path_pose_count"": 112}"
extreme_s03_q0032,f_n3p_knn,Extreme,d08_12,True,True,0.4859793860014179,3,12.577931257489674,10.943845530651602,0.14931549629984375,3,0.3039926076464846,0.1674058414746854,0,5,0,0,True,1,3,0.3333333333333333,,"{""profile_name"": ""extreme_d07"", ""map_seed"": 20490620, ""query_seed"": 20491622}"
extreme_s03_q0032,n3p_k1,Extreme,d08_12,True,True,2.6928995389971533,3837,10.943845530651602,10.943845530651602,0.0,2,0.22982487530761964,0.074157856952067,0,0,1,1,True,0,0,,,"{""profile_name"": ""extreme_d07"", ""map_seed"": 20490620, ""query_seed"": 20491622}"
extreme_s03_q0032,voronoi_waypoint,Extreme,d08_12,True,True,0.6910156619996997,199,13.131280158908162,10.943845530651602,0.19987806133867436,5,0.4213340234434865,0.07099039580956779,0,0,0,0,False,,,,,"{""profile_name"": ""extreme_d07"", ""map_seed"": 20490620, ""query_seed"": 20491622, ""waypoint_count"": 2}"
extreme_s03_q0032,bottleneck_waypoint,Extreme,d08_12,True,True,0.5046672669996042,3,11.494998610984334,10.943845530651602,0.050361920660252135,0,0.22708021643930737,0.07613265399582714,0,0,0,0,False,,,,,"{""profile_name"": ""extreme_d07"", ""map_seed"": 20490620, ""query_seed"": 20491622, ""waypoint_count"": 2, ""bottleneck_count"": 2}"
extreme_s03_q0032,improved_ha,Extreme,d08_12,True,True,1.848308801651001,2513,10.943845530651602,10.943845530651602,0.0,2,0.22982487530761964,0.074157856952067,0,0,0,0,False,,,,,"{""profile_name"": ""extreme_d07"", ""map_seed"": 20490620, ""query_seed"": 20491622, ""evaluation_path_source"": ""trace_poses"", ""planner_path_pose_count"": 34, ""evaluation_path_pose_count"": 112}"
extreme_s03_q0032,lo_ha,Extreme,d08_12,True,True,0.30336809158325195,361,11.200539018255586,10.943845530651602,0.0234555108517418,0,0.21629837783597747,0.07480707434208633,0,0,0,0,False,,,,,"{""profile_name"": ""extreme_d07"", ""map_seed"": 20490620, ""query_seed"": 20491622, ""evaluation_path_source"": ""trace_poses"", ""planner_path_pose_count"": 21, ""evaluation_path_pose_count"": 114}"
extreme_s03_q0032,ss_rrt,Extreme,d08_12,False,False,2.5015777309963596,1756,,10.943845530651602,,0,,,0,0,0,0,False,,,,timeout,"{""profile_name"": ""extreme_d07"", ""map_seed"": 20490620, ""query_seed"": 20491622, ""rrt_iterations"": 1317, ""evaluation_path_source"": ""planner_path"", ""planner_path_pose_count"": 0, ""evaluation_path_pose_count"": 0}"
extreme_s03_q0032,idb_rrt,Extreme,d08_12,False,False,0.5574909119968652,215,,10.943845530651602,,0,,,0,0,0,0,False,,,,collision_violation_rejected:64,"{""profile_name"": ""extreme_d07"", ""map_seed"": 20490620, ""query_seed"": 20491622, ""idb_rrt_run_dir"": ""/home/ubuntu/ForestNav/2_experiment/idb_rrt_strict_repro/runs/forestnav_adapter/run_1782413414325_c1afd8ab"", ""idb_rrt_returncode"": 0, ""idb_rrt_state_count"": 215, ""rejected_collision_violation_count"": 64, ""rejected_collision_path_length_m"": 10.662616467408252}"
extreme_s03_q0033,vanilla_ha,Extreme,d12_16,True,True,0.2740168571472168,196,15.715198431761163,,,0,0.1592966824820091,0.10128763257179785,0,0,0,0,False,,,,,"{""profile_name"": ""extreme_d05"", ""map_seed"": 20490620, ""query_seed"": 20491623, ""evaluation_path_source"": ""trace_poses"", ""planner_path_pose_count"": 37, ""evaluation_path_pose_count"": 160}"
extreme_s03_q0033,f_n3p_knn,Extreme,d12_16,True,True,0.16541861800214974,1,15.600632638623411,15.715198431761163,-0.007290127047088979,0,0.035598179535692574,0.21108880859272783,0,1,0,0,True,0,1,0.0,,"{""profile_name"": ""extreme_d05"", ""map_seed"": 20490620, ""query_seed"": 20491623}"
extreme_s03_q0033,n3p_k1,Extreme,d12_16,True,True,0.28583585600426886,196,15.715198431761163,15.715198431761163,0.0,0,0.1592966824820091,0.10128763257179785,0,0,1,0,True,0,0,,,"{""profile_name"": ""extreme_d05"", ""map_seed"": 20490620, ""query_seed"": 20491623}"
extreme_s03_q0033,voronoi_waypoint,Extreme,d12_16,True,True,0.5083699120004894,3,17.226461168929116,15.715198431761163,0.09616567959546862,0,0.1490460170976295,0.19810575869797364,0,0,0,0,False,,,,,"{""profile_name"": ""extreme_d05"", ""map_seed"": 20490620, ""query_seed"": 20491623, ""waypoint_count"": 2}"
extreme_s03_q0033,bottleneck_waypoint,Extreme,d12_16,True,True,0.5101307739969343,3,16.301716397674483,15.715198431761163,0.037321702838186255,0,0.15973028805187203,0.34890206391288914,0,0,0,0,False,,,,,"{""profile_name"": ""extreme_d05"", ""map_seed"": 20490620, ""query_seed"": 20491623, ""waypoint_count"": 2, ""bottleneck_count"": 2}"
extreme_s03_q0033,improved_ha,Extreme,d12_16,True,True,0.2774925231933594,196,15.715198431761163,15.715198431761163,0.0,0,0.1592966824820091,0.10128763257179785,0,0,0,0,False,,,,,"{""profile_name"": ""extreme_d05"", ""map_seed"": 20490620, ""query_seed"": 20491623, ""evaluation_path_source"": ""trace_poses"", ""planner_path_pose_count"": 37, ""evaluation_path_pose_count"": 160}"
extreme_s03_q0033,lo_ha,Extreme,d12_16,True,True,0.6630508899688721,1209,15.946035164875545,15.715198431761163,0.01468875713639406,0,0.18524779980440503,0.08624354923350797,0,0,0,0,False,,,,,"{""profile_name"": ""extreme_d05"", ""map_seed"": 20490620, ""query_seed"": 20491623, ""evaluation_path_source"": ""trace_poses"", ""planner_path_pose_count"": 41, ""evaluation_path_pose_count"": 162}"
extreme_s03_q0033,ss_rrt,Extreme,d12_16,True,True,0.16541470900119748,70,15.781935784312456,15.715198431761163,0.004246675779569831,0,0.32955951111801157,0.06077527035493974,0,0,0,0,False,,,,,"{""profile_name"": ""extreme_d05"", ""map_seed"": 20490620, ""query_seed"": 20491623, ""rrt_iterations"": 124, ""evaluation_path_source"": ""planner_path"", ""planner_path_pose_count"": 197, ""evaluation_path_pose_count"": 197}"
extreme_s03_q0033,idb_rrt,Extreme,d12_16,False,False,2.4429665339994244,311,,15.715198431761163,,0,,,0,0,0,0,False,,,,collision_violation_rejected:49,"{""profile_name"": ""extreme_d05"", ""map_seed"": 20490620, ""query_seed"": 20491623, ""idb_rrt_run_dir"": ""/home/ubuntu/ForestNav/2_experiment/idb_rrt_strict_repro/runs/forestnav_adapter/run_1782413417803_cae289a5"", ""idb_rrt_returncode"": 0, ""idb_rrt_state_count"": 311, ""rejected_collision_violation_count"": 49, ""rejected_collision_path_length_m"": 15.496339145367605}"
extreme_s03_q0034,vanilla_ha,Extreme,d16_20,True,True,0.6174027919769287,664,20.352854827916495,,,0,0.21770665257080804,0.05820689067871904,0,0,0,0,False,,,,,"{""profile_name"": ""extreme_d06"", ""map_seed"": 20490620, ""query_seed"": 20491624, ""evaluation_path_source"": ""trace_poses"", ""planner_path_pose_count"": 60, ""evaluation_path_pose_count"": 206}"
extreme_s03_q0034,f_n3p_knn,Extreme,d16_20,True,True,0.6172404179960722,4,20.754658361436068,20.352854827916495,0.019741875865416647,0,0.15144637145027381,0.06381082085865541,0,1,0,0,True,3,4,0.75,,"{""profile_name"": ""extreme_d06"", ""map_seed"": 20490620, ""query_seed"": 20491624}"
extreme_s03_q0034,n3p_k1,Extreme,d16_20,True,True,0.8991663580018212,860,20.223130997567207,20.352854827916495,-0.006373741248886455,0,0.2619282022500625,0.05978365694291454,0,0,2,0,True,0,0,,,"{""profile_name"": ""extreme_d06"", ""map_seed"": 20490620, ""query_seed"": 20491624}"
extreme_s03_q0034,voronoi_waypoint,Extreme,d16_20,True,True,0.8102700650051702,65,23.418283819250444,20.352854827916495,0.15061420214766774,2,0.42553167794899444,0.06381082085865541,0,0,0,0,False,,,,,"{""profile_name"": ""extreme_d06"", ""map_seed"": 20490620, ""query_seed"": 20491624, ""waypoint_count"": 4}"
extreme_s03_q0034,bottleneck_waypoint,Extreme,d16_20,True,True,0.9053005710011348,6,21.87793039528321,20.352854827916495,0.07493177641472104,0,0.3200319199304503,0.061882736584762676,0,0,0,0,False,,,,,"{""profile_name"": ""extreme_d06"", ""map_seed"": 20490620, ""query_seed"": 20491624, ""waypoint_count"": 5, ""bottleneck_count"": 5}"
extreme_s03_q0034,improved_ha,Extreme,d16_20,True,True,0.6055314540863037,664,20.352854827916495,20.352854827916495,0.0,0,0.21770665257080804,0.05820689067871904,0,0,0,0,False,,,,,"{""profile_name"": ""extreme_d06"", ""map_seed"": 20490620, ""query_seed"": 20491624, ""evaluation_path_source"": ""trace_poses"", ""planner_path_pose_count"": 60, ""evaluation_path_pose_count"": 206}"
extreme_s03_q0034,lo_ha,Extreme,d16_20,True,True,0.316417932510376,397,21.134131302838785,20.352854827916495,0.0383865792552438,0,0.240563118600495,0.08720852170048365,0,0,0,0,False,,,,,"{""profile_name"": ""extreme_d06"", ""map_seed"": 20490620, ""query_seed"": 20491624, ""evaluation_path_source"": ""trace_poses"", ""planner_path_pose_count"": 60, ""evaluation_path_pose_count"": 214}"
extreme_s03_q0034,ss_rrt,Extreme,d16_20,False,False,2.5007727569973213,2865,,20.352854827916495,,0,,,0,0,0,0,False,,,,timeout,"{""profile_name"": ""extreme_d06"", ""map_seed"": 20490620, ""query_seed"": 20491624, ""rrt_iterations"": 1327, ""evaluation_path_source"": ""planner_path"", ""planner_path_pose_count"": 0, ""evaluation_path_pose_count"": 0}"
extreme_s03_q0034,idb_rrt,Extreme,d16_20,False,False,2.7558920409937855,0,,20.352854827916495,,0,,,0,0,0,0,False,,,,idb_rrt_failed:returncode=1,"{""profile_name"": ""extreme_d06"", ""map_seed"": 20490620, ""query_seed"": 20491624, ""idb_rrt_run_dir"": ""/home/ubuntu/ForestNav/2_experiment/idb_rrt_strict_repro/runs/forestnav_adapter/run_1782413427588_89bd8c64"", ""idb_rrt_returncode"": 1, ""idb_rrt_state_count"": 0}"
extreme_s03_q0035,vanilla_ha,Extreme,d20_inf,False,False,2.500014066696167,4085,,,,0,,,0,0,0,0,False,,,,timeout,"{""profile_name"": ""extreme_d07"", ""map_seed"": 20490621, ""query_seed"": 20491621, ""evaluation_path_source"": ""planner_path"", ""planner_path_pose_count"": 0, ""evaluation_path_pose_count"": 0}"
extreme_s03_q0035,f_n3p_knn,Extreme,d20_inf,True,True,2.235804789001122,1118,23.41574555876148,,,4,0.3106318510639284,0.057036639552577206,0,49,1,0,True,0,6,0.0,,"{""profile_name"": ""extreme_d07"", ""map_seed"": 20490621, ""query_seed"": 20491621}"
extreme_s03_q0035,n3p_k1,Extreme,d20_inf,False,False,3.512629677003133,5628,,,,0,,,0,0,1,1,True,0,0,,f2_failed:prediction:goal_in_collision;goal:timeout;f3_failed:timeout,"{""profile_name"": ""extreme_d07"", ""map_seed"": 20490621, ""query_seed"": 20491621}"
extreme_s03_q0035,voronoi_waypoint,Extreme,d20_inf,True,True,0.7776593839953421,169,21.8508924791173,,,0,0.3000592996249745,0.05392600597138919,0,0,0,0,False,,,,,"{""profile_name"": ""extreme_d07"", ""map_seed"": 20490621, ""query_seed"": 20491621, ""waypoint_count"": 3}"
extreme_s03_q0035,bottleneck_waypoint,Extreme,d20_inf,True,True,1.1570090029999847,55,21.998925612985634,,,0,0.36925544208935257,0.052630357896261803,0,0,0,0,False,,,,,"{""profile_name"": ""extreme_d07"", ""map_seed"": 20490621, ""query_seed"": 20491621, ""waypoint_count"": 6, ""bottleneck_count"": 6}"
extreme_s03_q0035,improved_ha,Extreme,d20_inf,False,False,2.5001978874206543,3871,,,,0,,,0,0,0,0,False,,,,timeout,"{""profile_name"": ""extreme_d07"", ""map_seed"": 20490621, ""query_seed"": 20491621, ""evaluation_path_source"": ""planner_path"", ""planner_path_pose_count"": 0, ""evaluation_path_pose_count"": 0}"
extreme_s03_q0035,lo_ha,Extreme,d20_inf,False,False,2.50007700920105,6505,,,,0,,,0,0,0,0,False,,,,timeout,"{""profile_name"": ""extreme_d07"", ""map_seed"": 20490621, ""query_seed"": 20491621, ""evaluation_path_source"": ""planner_path"", ""planner_path_pose_count"": 0, ""evaluation_path_pose_count"": 0}"
extreme_s03_q0035,ss_rrt,Extreme,d20_inf,False,False,2.50182300999586,1204,,,,0,,,0,0,0,0,False,,,,timeout,"{""profile_name"": ""extreme_d07"", ""map_seed"": 20490621, ""query_seed"": 20491621, ""rrt_iterations"": 2973, ""evaluation_path_source"": ""planner_path"", ""planner_path_pose_count"": 0, ""evaluation_path_pose_count"": 0}"
extreme_s03_q0035,idb_rrt,Extreme,d20_inf,False,False,2.762200359997223,0,,,,0,,,0,0,0,0,False,,,,idb_rrt_failed:returncode=1,"{""profile_name"": ""extreme_d07"", ""map_seed"": 20490621, ""query_seed"": 20491621, ""idb_rrt_run_dir"": ""/home/ubuntu/ForestNav/2_experiment/idb_rrt_strict_repro/runs/forestnav_adapter/run_1782413449887_cc1d53fa"", ""idb_rrt_returncode"": 1, ""idb_rrt_state_count"": 0}"
extreme_s03_q0036,vanilla_ha,Extreme,d08_12,True,True,1.2294256687164307,1589,11.62692109152262,,,0,0.4051166275903953,0.0657603019152393,0,0,0,0,False,,,,,"{""profile_name"": ""extreme_d05"", ""map_seed"": 20490621, ""query_seed"": 20491622, ""evaluation_path_source"": ""trace_poses"", ""planner_path_pose_count"": 27, ""evaluation_path_pose_count"": 119}"
extreme_s03_q0036,f_n3p_knn,Extreme,d08_12,True,True,0.6034442539967131,7,12.687998319722285,11.62692109152262,0.09126037923946284,3,0.21871748405999766,0.06555912784861329,0,38,1,0,True,0,3,0.0,,"{""profile_name"": ""extreme_d05"", ""map_seed"": 20490621, ""query_seed"": 20491622}"
extreme_s03_q0036,n3p_k1,Extreme,d08_12,True,True,1.388008030000492,1433,11.631522236366575,11.62692109152262,0.0003957320091652061,0,0.3055002129170565,0.07031543996892287,0,0,2,0,True,0,0,,,"{""profile_name"": ""extreme_d05"", ""map_seed"": 20490621, ""query_seed"": 20491622}"
extreme_s03_q0036,voronoi_waypoint,Extreme,d08_12,True,True,0.657880908001971,222,12.697982010731874,11.62692109152262,0.09211904946961247,2,0.5064371529828688,0.06677043541973893,0,0,0,0,False,,,,,"{""profile_name"": ""extreme_d05"", ""map_seed"": 20490621, ""query_seed"": 20491622, ""waypoint_count"": 2}"
extreme_s03_q0036,bottleneck_waypoint,Extreme,d08_12,True,True,0.48083822400076315,12,12.29738045454995,11.62692109152262,0.057664394361132576,0,0.4091344564338466,0.06677043541973893,0,0,0,0,False,,,,,"{""profile_name"": ""extreme_d05"", ""map_seed"": 20490621, ""query_seed"": 20491622, ""waypoint_count"": 2, ""bottleneck_count"": 2}"
extreme_s03_q0036,improved_ha,Extreme,d08_12,True,True,1.233290433883667,1589,11.62692109152262,11.62692109152262,0.0,0,0.4051166275903953,0.0657603019152393,0,0,0,0,False,,,,,"{""profile_name"": ""extreme_d05"", ""map_seed"": 20490621, ""query_seed"": 20491622, ""evaluation_path_source"": ""trace_poses"", ""planner_path_pose_count"": 27, ""evaluation_path_pose_count"": 119}"
extreme_s03_q0036,lo_ha,Extreme,d08_12,True,True,0.16069984436035156,43,11.37809788654841,11.62692109152262,-0.021400610102672024,0,0.23527517443080348,0.06093173664769819,0,0,0,0,False,,,,,"{""profile_name"": ""extreme_d05"", ""map_seed"": 20490621, ""query_seed"": 20491622, ""evaluation_path_source"": ""trace_poses"", ""planner_path_pose_count"": 32, ""evaluation_path_pose_count"": 116}"
extreme_s03_q0036,ss_rrt,Extreme,d08_12,True,True,0.13286969900218537,68,12.958156363166388,11.62692109152262,0.1144959410289963,0,0.5760475346618262,0.0831250570276153,0,0,0,0,False,,,,,"{""profile_name"": ""extreme_d05"", ""map_seed"": 20490621, ""query_seed"": 20491622, ""rrt_iterations"": 173, ""evaluation_path_source"": ""planner_path"", ""planner_path_pose_count"": 163, ""evaluation_path_pose_count"": 163}"
extreme_s03_q0036,idb_rrt,Extreme,d08_12,False,False,0.8922845990018686,222,,11.62692109152262,,0,,,0,0,0,0,False,,,,collision_violation_rejected:85,"{""profile_name"": ""extreme_d05"", ""map_seed"": 20490621, ""query_seed"": 20491622, ""idb_rrt_run_dir"": ""/home/ubuntu/ForestNav/2_experiment/idb_rrt_strict_repro/runs/forestnav_adapter/run_1782413458598_c3e4ad03"", ""idb_rrt_returncode"": 0, ""idb_rrt_state_count"": 222, ""rejected_collision_violation_count"": 85, ""rejected_collision_path_length_m"": 11.049276802946768}"
extreme_s03_q0037,vanilla_ha,Extreme,d12_16,True,True,0.6423549652099609,610,14.621637784138153,,,0,0.2632628303603249,0.14233332830095213,0,0,0,0,False,,,,,"{""profile_name"": ""extreme_d06"", ""map_seed"": 20490621, ""query_seed"": 20491623, ""evaluation_path_source"": ""trace_poses"", ""planner_path_pose_count"": 39, ""evaluation_path_pose_count"": 148}"
extreme_s03_q0037,f_n3p_knn,Extreme,d12_16,True,True,0.646080892001919,4,17.750078317737113,14.621637784138153,0.2139596521118008,5,0.2832911051329194,0.09503111771621287,0,16,0,0,True,1,4,0.25,,"{""profile_name"": ""extreme_d06"", ""map_seed"": 20490621, ""query_seed"": 20491623}"
extreme_s03_q0037,n3p_k1,Extreme,d12_16,True,True,1.7552731999967364,2033,14.621637784138153,14.621637784138153,0.0,0,0.2632628303603249,0.14233332830095213,0,0,2,1,True,0,0,,,"{""profile_name"": ""extreme_d06"", ""map_seed"": 20490621, ""query_seed"": 20491623}"
extreme_s03_q0037,voronoi_waypoint,Extreme,d12_16,True,True,0.5375456909969216,35,14.934374346447207,14.621637784138153,0.021388613705662696,0,0.34127645063059603,0.09882077024223834,0,0,0,0,False,,,,,"{""profile_name"": ""extreme_d06"", ""map_seed"": 20490621, ""query_seed"": 20491623, ""waypoint_count"": 2}"
extreme_s03_q0037,bottleneck_waypoint,Extreme,d12_16,True,True,0.6585117249996983,4,15.694864829418513,14.621637784138153,0.07339992011323226,0,0.34226279464639164,0.18728443457932642,0,0,0,0,False,,,,,"{""profile_name"": ""extreme_d06"", ""map_seed"": 20490621, ""query_seed"": 20491623, ""waypoint_count"": 3, ""bottleneck_count"": 3}"
extreme_s03_q0037,improved_ha,Extreme,d12_16,True,True,0.6452915668487549,610,14.621637784138153,14.621637784138153,0.0,0,0.2632628303603249,0.14233332830095213,0,0,0,0,False,,,,,"{""profile_name"": ""extreme_d06"", ""map_seed"": 20490621, ""query_seed"": 20491623, ""evaluation_path_source"": ""trace_poses"", ""planner_path_pose_count"": 39, ""evaluation_path_pose_count"": 148}"
extreme_s03_q0037,lo_ha,Extreme,d12_16,True,True,0.19803643226623535,76,14.618810905433675,14.621637784138153,-0.00019333529842635588,0,0.1558987423168403,0.09100516055469221,0,0,0,0,False,,,,,"{""profile_name"": ""extreme_d06"", ""map_seed"": 20490621, ""query_seed"": 20491623, ""evaluation_path_source"": ""trace_poses"", ""planner_path_pose_count"": 38, ""evaluation_path_pose_count"": 149}"
extreme_s03_q0037,ss_rrt,Extreme,d12_16,False,False,2.500372623995645,3675,,14.621637784138153,,0,,,0,0,0,0,False,,,,timeout,"{""profile_name"": ""extreme_d06"", ""map_seed"": 20490621, ""query_seed"": 20491623, ""rrt_iterations"": 1418, ""evaluation_path_source"": ""planner_path"", ""planner_path_pose_count"": 0, ""evaluation_path_pose_count"": 0}"
extreme_s03_q0037,idb_rrt,Extreme,d12_16,False,False,2.617119308000838,288,,14.621637784138153,,0,,,0,0,0,0,False,,,,collision_violation_rejected:59,"{""profile_name"": ""extreme_d06"", ""map_seed"": 20490621, ""query_seed"": 20491623, ""idb_rrt_run_dir"": ""/home/ubuntu/ForestNav/2_experiment/idb_rrt_strict_repro/runs/forestnav_adapter/run_1782413467142_77d3498c"", ""idb_rrt_returncode"": 0, ""idb_rrt_state_count"": 288, ""rejected_collision_violation_count"": 59, ""rejected_collision_path_length_m"": 14.34921469014298}"
extreme_s03_q0038,vanilla_ha,Extreme,d16_20,True,True,2.3391597270965576,4005,20.387868815801944,,,0,0.18928998313441814,0.05594835293665262,0,0,0,0,False,,,,,"{""profile_name"": ""extreme_d07"", ""map_seed"": 20490621, ""query_seed"": 20491624, ""evaluation_path_source"": ""trace_poses"", ""planner_path_pose_count"": 43, ""evaluation_path_pose_count"": 207}"
extreme_s03_q0038,f_n3p_knn,Extreme,d16_20,True,True,0.9609424670052249,8,21.475595349337738,20.387868815801944,0.05335165452373003,2,0.24132456864837706,0.07970215307794903,0,48,1,0,True,2,5,0.4,,"{""profile_name"": ""extreme_d07"", ""map_seed"": 20490621, ""query_seed"": 20491624}"
extreme_s03_q0038,n3p_k1,Extreme,d16_20,True,True,1.7223803400047473,980,20.48153226360686,20.387868815801944,0.004594077421781195,0,0.28116167201887865,0.07275507827516292,0,0,2,0,True,2,2,1.0,,"{""profile_name"": ""extreme_d07"", ""map_seed"": 20490621, ""query_seed"": 20491624}"
extreme_s03_q0038,voronoi_waypoint,Extreme,d16_20,True,True,0.8599750989960739,244,21.257017994255026,20.387868815801944,0.04263070290993021,0,0.3358272991464274,0.06655067746588184,0,0,0,0,False,,,,,"{""profile_name"": ""extreme_d07"", ""map_seed"": 20490621, ""query_seed"": 20491624, ""waypoint_count"": 3}"
extreme_s03_q0038,bottleneck_waypoint,Extreme,d16_20,True,True,1.5389703460023156,981,24.387513025942358,20.387868815801944,0.19617765085090322,2,0.31598107187572333,0.05896726253552803,0,0,0,0,False,,,,,"{""profile_name"": ""extreme_d07"", ""map_seed"": 20490621, ""query_seed"": 20491624, ""waypoint_count"": 4, ""bottleneck_count"": 4}"
extreme_s03_q0038,improved_ha,Extreme,d16_20,True,True,2.301168441772461,4005,20.387868815801944,20.387868815801944,0.0,0,0.18928998313441814,0.05594835293665262,0,0,0,0,False,,,,,"{""profile_name"": ""extreme_d07"", ""map_seed"": 20490621, ""query_seed"": 20491624, ""evaluation_path_source"": ""trace_poses"", ""planner_path_pose_count"": 43, ""evaluation_path_pose_count"": 207}"
extreme_s03_q0038,lo_ha,Extreme,d16_20,True,True,1.273118019104004,3017,20.49389578393195,20.387868815801944,0.005200492954311464,0,0.18845203091024898,0.07921594675896271,0,0,0,0,False,,,,,"{""profile_name"": ""extreme_d07"", ""map_seed"": 20490621, ""query_seed"": 20491624, ""evaluation_path_source"": ""trace_poses"", ""planner_path_pose_count"": 40, ""evaluation_path_pose_count"": 208}"
extreme_s03_q0038,ss_rrt,Extreme,d16_20,True,True,0.17574166500708088,93,20.63229516063028,20.387868815801944,0.011988812908139357,0,0.31277198834224035,0.08991725387342053,0,0,0,0,False,,,,,"{""profile_name"": ""extreme_d07"", ""map_seed"": 20490621, ""query_seed"": 20491624, ""rrt_iterations"": 137, ""evaluation_path_source"": ""planner_path"", ""planner_path_pose_count"": 251, ""evaluation_path_pose_count"": 251}"
extreme_s03_q0038,idb_rrt,Extreme,d16_20,False,False,2.747712798001885,0,,20.387868815801944,,0,,,0,0,0,0,False,,,,idb_rrt_failed:returncode=1,"{""profile_name"": ""extreme_d07"", ""map_seed"": 20490621, ""query_seed"": 20491624, ""idb_rrt_run_dir"": ""/home/ubuntu/ForestNav/2_experiment/idb_rrt_strict_repro/runs/forestnav_adapter/run_1782413481010_a5e27960"", ""idb_rrt_returncode"": 1, ""idb_rrt_state_count"": 0}"
extreme_s03_q0039,vanilla_ha,Extreme,d20_inf,False,False,2.502189874649048,4305,,,,0,,,0,0,0,0,False,,,,timeout,"{""profile_name"": ""extreme_d05"", ""map_seed"": 20490621, ""query_seed"": 20491625, ""evaluation_path_source"": ""planner_path"", ""planner_path_pose_count"": 0, ""evaluation_path_pose_count"": 0}"
extreme_s03_q0039,f_n3p_knn,Extreme,d20_inf,True,True,0.9021078959995066,6,27.752577611392923,,,5,0.2373933112956974,0.10696784505676327,0,10,0,0,True,2,6,0.3333333333333333,,"{""profile_name"": ""extreme_d05"", ""map_seed"": 20490621, ""query_seed"": 20491625}"
extreme_s03_q0039,n3p_k1,Extreme,d20_inf,False,False,4.66690979499981,6973,,,,0,,,0,0,1,1,True,1,1,1.0,f2_failed:prediction:timeout;goal:timeout;f3_failed:timeout,"{""profile_name"": ""extreme_d05"", ""map_seed"": 20490621, ""query_seed"": 20491625}"
extreme_s03_q0039,voronoi_waypoint,Extreme,d20_inf,True,True,0.7683809590016608,19,25.53705403290263,,,0,0.27652568911605496,0.08128063514483119,0,0,0,0,False,,,,,"{""profile_name"": ""extreme_d05"", ""map_seed"": 20490621, ""query_seed"": 20491625, ""waypoint_count"": 4}"
extreme_s03_q0039,bottleneck_waypoint,Extreme,d20_inf,True,True,0.9040032990014879,6,25.433169064934745,,,0,0.1907268598111148,0.19048064689265765,0,0,0,0,False,,,,,"{""profile_name"": ""extreme_d05"", ""map_seed"": 20490621, ""query_seed"": 20491625, ""waypoint_count"": 5, ""bottleneck_count"": 5}"
extreme_s03_q0039,improved_ha,Extreme,d20_inf,False,False,2.5008511543273926,4345,,,,0,,,0,0,0,0,False,,,,timeout,"{""profile_name"": ""extreme_d05"", ""map_seed"": 20490621, ""query_seed"": 20491625, ""evaluation_path_source"": ""planner_path"", ""planner_path_pose_count"": 0, ""evaluation_path_pose_count"": 0}"
extreme_s03_q0039,lo_ha,Extreme,d20_inf,False,False,2.5000712871551514,5432,,,,0,,,0,0,0,0,False,,,,timeout,"{""profile_name"": ""extreme_d05"", ""map_seed"": 20490621, ""query_seed"": 20491625, ""evaluation_path_source"": ""planner_path"", ""planner_path_pose_count"": 0, ""evaluation_path_pose_count"": 0}"
extreme_s03_q0039,ss_rrt,Extreme,d20_inf,True,True,0.45954403699579416,148,25.423535249529266,,,0,0.42279328105870834,0.07930773922532253,0,0,0,0,False,,,,,"{""profile_name"": ""extreme_d05"", ""map_seed"": 20490621, ""query_seed"": 20491625, ""rrt_iterations"": 279, ""evaluation_path_source"": ""planner_path"", ""planner_path_pose_count"": 311, ""evaluation_path_pose_count"": 311}"
extreme_s03_q0039,idb_rrt,Extreme,d20_inf,False,False,2.749986427996191,0,,,,0,,,0,0,0,0,False,,,,idb_rrt_failed:returncode=1,"{""profile_name"": ""extreme_d05"", ""map_seed"": 20490621, ""query_seed"": 20491625, ""idb_rrt_run_dir"": ""/home/ubuntu/ForestNav/2_experiment/idb_rrt_strict_repro/runs/forestnav_adapter/run_1782413499019_33dc8ca8"", ""idb_rrt_returncode"": 1, ""idb_rrt_state_count"": 0}"
extreme_s04_q0040,vanilla_ha,Extreme,d08_12,True,True,0.23874282836914062,124,12.112890653810219,,,0,0.36840003417324635,0.07743032668183347,0,0,0,0,False,,,,,"{""profile_name"": ""extreme_d06"", ""map_seed"": 20500620, ""query_seed"": 20501620, ""evaluation_path_source"": ""trace_poses"", ""planner_path_pose_count"": 30, ""evaluation_path_pose_count"": 124}"
extreme_s04_q0040,f_n3p_knn,Extreme,d08_12,True,True,0.6168146420022822,20,19.347989201002836,12.112890653810219,0.5973056930813416,1,0.13539379799533982,0.18992142369940068,0,20,1,0,True,2,3,0.6666666666666666,,"{""profile_name"": ""extreme_d06"", ""map_seed"": 20500620, ""query_seed"": 20501620}"
extreme_s04_q0040,n3p_k1,Extreme,d08_12,True,True,0.24498507699900074,124,12.112890653810219,12.112890653810219,0.0,0,0.36840003417324635,0.07743032668183347,0,0,1,0,True,0,0,,,"{""profile_name"": ""extreme_d06"", ""map_seed"": 20500620, ""query_seed"": 20501620}"
extreme_s04_q0040,voronoi_waypoint,Extreme,d08_12,True,True,0.47307743599958485,3,12.72226830419725,12.112890653810219,0.05030819379149154,0,0.2081525205604833,0.08263096351039234,0,0,0,0,False,,,,,"{""profile_name"": ""extreme_d06"", ""map_seed"": 20500620, ""query_seed"": 20501620, ""waypoint_count"": 2}"
extreme_s04_q0040,bottleneck_waypoint,Extreme,d08_12,True,True,0.47373209099896485,3,12.676219966207759,12.112890653810219,0.04650659603043139,0,0.3249504826695956,0.5895491281987626,0,0,0,0,False,,,,,"{""profile_name"": ""extreme_d06"", ""map_seed"": 20500620, ""query_seed"": 20501620, ""waypoint_count"": 2, ""bottleneck_count"": 2}"
extreme_s04_q0040,improved_ha,Extreme,d08_12,True,True,0.23611974716186523,124,12.112890653810219,12.112890653810219,0.0,0,0.36840003417324635,0.07743032668183347,0,0,0,0,False,,,,,"{""profile_name"": ""extreme_d06"", ""map_seed"": 20500620, ""query_seed"": 20501620, ""evaluation_path_source"": ""trace_poses"", ""planner_path_pose_count"": 30, ""evaluation_path_pose_count"": 124}"
extreme_s04_q0040,lo_ha,Extreme,d08_12,True,True,0.16270852088928223,45,12.144210134684872,12.112890653810219,0.0025856322631627737,0,0.16953225263448266,0.11963877440382653,0,0,0,0,False,,,,,"{""profile_name"": ""extreme_d06"", ""map_seed"": 20500620, ""query_seed"": 20501620, ""evaluation_path_source"": ""trace_poses"", ""planner_path_pose_count"": 35, ""evaluation_path_pose_count"": 124}"
extreme_s04_q0040,ss_rrt,Extreme,d08_12,False,False,2.500696490998962,840,,12.112890653810219,,0,,,0,0,0,0,False,,,,timeout,"{""profile_name"": ""extreme_d06"", ""map_seed"": 20500620, ""query_seed"": 20501620, ""rrt_iterations"": 1778, ""evaluation_path_source"": ""planner_path"", ""planner_path_pose_count"": 0, ""evaluation_path_pose_count"": 0}"
extreme_s04_q0040,idb_rrt,Extreme,d08_12,False,False,1.3195729170038248,239,,12.112890653810219,,0,,,0,0,0,0,False,,,,collision_violation_rejected:33,"{""profile_name"": ""extreme_d06"", ""map_seed"": 20500620, ""query_seed"": 20501620, ""idb_rrt_run_dir"": ""/home/ubuntu/ForestNav/2_experiment/idb_rrt_strict_repro/runs/forestnav_adapter/run_1782413507682_668fa226"", ""idb_rrt_returncode"": 0, ""idb_rrt_state_count"": 239, ""rejected_collision_violation_count"": 33, ""rejected_collision_path_length_m"": 11.88752266101523}"
extreme_s04_q0041,vanilla_ha,Extreme,d12_16,True,True,0.3400726318359375,253,15.67034527435282,,,0,0.35790092645050736,0.05555340628565175,0,0,0,0,False,,,,,"{""profile_name"": ""extreme_d07"", ""map_seed"": 20500620, ""query_seed"": 20501621, ""evaluation_path_source"": ""trace_poses"", ""planner_path_pose_count"": 45, ""evaluation_path_pose_count"": 159}"
extreme_s04_q0041,f_n3p_knn,Extreme,d12_16,True,True,0.7675603339957888,172,16.434293356893004,15.67034527435282,0.04875119655407434,2,0.25456483268260244,0.07304814150447458,0,22,1,0,True,0,3,0.0,,"{""profile_name"": ""extreme_d07"", ""map_seed"": 20500620, ""query_seed"": 20501621}"
extreme_s04_q0041,n3p_k1,Extreme,d12_16,True,True,0.33299836999503896,253,15.67034527435282,15.67034527435282,0.0,0,0.35790092645050736,0.05555340628565175,0,0,1,0,True,0,0,,,"{""profile_name"": ""extreme_d07"", ""map_seed"": 20500620, ""query_seed"": 20501621}"
extreme_s04_q0041,voronoi_waypoint,Extreme,d12_16,True,True,0.525031160999788,39,16.079520926178798,15.67034527435282,0.026111463701802506,0,0.3214568237943498,0.05691840753321897,0,0,0,0,False,,,,,"{""profile_name"": ""extreme_d07"", ""map_seed"": 20500620, ""query_seed"": 20501621, ""waypoint_count"": 2}"
extreme_s04_q0041,bottleneck_waypoint,Extreme,d12_16,True,True,0.6535714919955353,6,15.97249828745361,15.67034527435282,0.019281835071963238,0,0.32027173330578923,0.05547142609873257,0,0,0,0,False,,,,,"{""profile_name"": ""extreme_d07"", ""map_seed"": 20500620, ""query_seed"": 20501621, ""waypoint_count"": 3, ""bottleneck_count"": 3}"
extreme_s04_q0041,improved_ha,Extreme,d12_16,True,True,0.32541465759277344,253,15.67034527435282,15.67034527435282,0.0,0,0.35790092645050736,0.05555340628565175,0,0,0,0,False,,,,,"{""profile_name"": ""extreme_d07"", ""map_seed"": 20500620, ""query_seed"": 20501621, ""evaluation_path_source"": ""trace_poses"", ""planner_path_pose_count"": 45, ""evaluation_path_pose_count"": 159}"
extreme_s04_q0041,lo_ha,Extreme,d12_16,True,True,0.20723247528076172,130,15.63317813870734,15.67034527435282,-0.0023718134472959784,0,0.1904609800900733,0.05486236249382376,0,0,0,0,False,,,,,"{""profile_name"": ""extreme_d07"", ""map_seed"": 20500620, ""query_seed"": 20501621, ""evaluation_path_source"": ""trace_poses"", ""planner_path_pose_count"": 45, ""evaluation_path_pose_count"": 159}"
extreme_s04_q0041,ss_rrt,Extreme,d12_16,False,False,2.5021719340002164,1563,,15.67034527435282,,0,,,0,0,0,0,False,,,,timeout,"{""profile_name"": ""extreme_d07"", ""map_seed"": 20500620, ""query_seed"": 20501621, ""rrt_iterations"": 1557, ""evaluation_path_source"": ""planner_path"", ""planner_path_pose_count"": 0, ""evaluation_path_pose_count"": 0}"
extreme_s04_q0041,idb_rrt,Extreme,d12_16,False,False,1.8226972600023146,309,,15.67034527435282,,0,,,0,0,0,0,False,,,,collision_violation_rejected:84,"{""profile_name"": ""extreme_d07"", ""map_seed"": 20500620, ""query_seed"": 20501621, ""idb_rrt_run_dir"": ""/home/ubuntu/ForestNav/2_experiment/idb_rrt_strict_repro/runs/forestnav_adapter/run_1782413514722_5c764cde"", ""idb_rrt_returncode"": 0, ""idb_rrt_state_count"": 309, ""rejected_collision_violation_count"": 84, ""rejected_collision_path_length_m"": 15.383109961762825}"
extreme_s04_q0042,vanilla_ha,Extreme,d16_20,True,True,0.4314265251159668,439,17.704644606386026,,,0,0.268515298419609,0.06470876446265938,0,0,0,0,False,,,,,"{""profile_name"": ""extreme_d05"", ""map_seed"": 20500620, ""query_seed"": 20501622, ""evaluation_path_source"": ""trace_poses"", ""planner_path_pose_count"": 37, ""evaluation_path_pose_count"": 179}"
extreme_s04_q0042,f_n3p_knn,Extreme,d16_20,True,True,0.9188078820006922,443,17.704644606386026,17.704644606386026,0.0,0,0.268515298419609,0.06470876446265938,0,34,0,1,True,0,4,0.0,,"{""profile_name"": ""extreme_d05"", ""map_seed"": 20500620, ""query_seed"": 20501622}"
extreme_s04_q0042,n3p_k1,Extreme,d16_20,True,True,0.44463566900230944,439,17.704644606386026,17.704644606386026,0.0,0,0.268515298419609,0.06470876446265938,0,0,1,0,True,0,0,,,"{""profile_name"": ""extreme_d05"", ""map_seed"": 20500620, ""query_seed"": 20501622}"
extreme_s04_q0042,voronoi_waypoint,Extreme,d16_20,True,True,0.6499082160007674,4,19.751883410054834,17.704644606386026,0.11563286635702208,0,0.3627920162075175,0.09912192633146766,0,0,0,0,False,,,,,"{""profile_name"": ""extreme_d05"", ""map_seed"": 20500620, ""query_seed"": 20501622, ""waypoint_count"": 3}"
extreme_s04_q0042,bottleneck_waypoint,Extreme,d16_20,True,True,0.6901363130018581,76,18.99346499593929,17.704644606386026,0.07279560918655159,0,0.2761996510972259,0.10598821481523224,0,0,0,0,False,,,,,"{""profile_name"": ""extreme_d05"", ""map_seed"": 20500620, ""query_seed"": 20501622, ""waypoint_count"": 3, ""bottleneck_count"": 3}"
extreme_s04_q0042,improved_ha,Extreme,d16_20,True,True,0.4369943141937256,439,17.704644606386026,17.704644606386026,0.0,0,0.268515298419609,0.06470876446265938,0,0,0,0,False,,,,,"{""profile_name"": ""extreme_d05"", ""map_seed"": 20500620, ""query_seed"": 20501622, ""evaluation_path_source"": ""trace_poses"", ""planner_path_pose_count"": 37, ""evaluation_path_pose_count"": 179}"
extreme_s04_q0042,lo_ha,Extreme,d16_20,True,True,0.28397345542907715,296,17.795308280339665,17.704644606386026,0.005120897706183625,0,0.14784525524359618,0.05276566980147834,0,0,0,0,False,,,,,"{""profile_name"": ""extreme_d05"", ""map_seed"": 20500620, ""query_seed"": 20501622, ""evaluation_path_source"": ""trace_poses"", ""planner_path_pose_count"": 44, ""evaluation_path_pose_count"": 180}"
extreme_s04_q0042,ss_rrt,Extreme,d16_20,True,True,0.0954254270036472,53,18.057518214587233,17.704644606386026,0.019931131973918603,0,0.23679987817367448,0.06693583587641738,0,0,0,0,False,,,,,"{""profile_name"": ""extreme_d05"", ""map_seed"": 20500620, ""query_seed"": 20501622, ""rrt_iterations"": 73, ""evaluation_path_source"": ""planner_path"", ""planner_path_pose_count"": 223, ""evaluation_path_pose_count"": 223}"
extreme_s04_q0042,idb_rrt,Extreme,d16_20,False,False,2.7473807360001956,0,,17.704644606386026,,0,,,0,0,0,0,False,,,,idb_rrt_failed:returncode=1,"{""profile_name"": ""extreme_d05"", ""map_seed"": 20500620, ""query_seed"": 20501622, ""idb_rrt_run_dir"": ""/home/ubuntu/ForestNav/2_experiment/idb_rrt_strict_repro/runs/forestnav_adapter/run_1782413520569_18d5d78a"", ""idb_rrt_returncode"": 1, ""idb_rrt_state_count"": 0}"
extreme_s04_q0043,vanilla_ha,Extreme,d20_inf,True,True,0.1528632640838623,1,23.938462774372127,,,0,0.0,0.12052577067185855,0,0,0,0,False,,,,,"{""profile_name"": ""extreme_d06"", ""map_seed"": 20500620, ""query_seed"": 20501623, ""evaluation_path_source"": ""trace_poses"", ""planner_path_pose_count"": 2, ""evaluation_path_pose_count"": 241}"
extreme_s04_q0043,f_n3p_knn,Extreme,d20_inf,True,True,0.0010503710000193678,0,23.938462774372123,23.938462774372127,-1.1102230246251565e-16,0,0.0,0.12052577067185943,0,0,0,0,False,0,0,,,"{""profile_name"": ""extreme_d06"", ""map_seed"": 20500620, ""query_seed"": 20501623}"
extreme_s04_q0043,n3p_k1,Extreme,d20_inf,True,True,0.000981776996923145,0,23.938462774372123,23.938462774372127,-1.1102230246251565e-16,0,0.0,0.12052577067185943,0,0,0,0,False,0,0,,,"{""profile_name"": ""extreme_d06"", ""map_seed"": 20500620, ""query_seed"": 20501623}"
extreme_s04_q0043,voronoi_waypoint,Extreme,d20_inf,True,True,0.8351184379935148,37,25.635950230699496,23.938462774372127,0.0709104620596046,0,0.2613623484769786,0.13724967124997922,0,0,0,0,False,,,,,"{""profile_name"": ""extreme_d06"", ""map_seed"": 20500620, ""query_seed"": 20501623, ""waypoint_count"": 4}"
extreme_s04_q0043,bottleneck_waypoint,Extreme,d20_inf,True,True,0.8123068630011403,5,24.551534619844833,23.938462774372127,0.025610326412815576,0,0.14847414936676856,0.157084111311092,0,0,0,0,False,,,,,"{""profile_name"": ""extreme_d06"", ""map_seed"": 20500620, ""query_seed"": 20501623, ""waypoint_count"": 4, ""bottleneck_count"": 4}"
extreme_s04_q0043,improved_ha,Extreme,d20_inf,True,True,0.16042232513427734,1,23.938462774372127,23.938462774372127,0.0,0,0.0,0.12052577067185855,0,0,0,0,False,,,,,"{""profile_name"": ""extreme_d06"", ""map_seed"": 20500620, ""query_seed"": 20501623, ""evaluation_path_source"": ""trace_poses"", ""planner_path_pose_count"": 2, ""evaluation_path_pose_count"": 241}"
extreme_s04_q0043,lo_ha,Extreme,d20_inf,True,True,0.16023898124694824,1,23.938462774372127,23.938462774372127,0.0,0,0.0,0.12052577067185855,0,0,0,0,False,,,,,"{""profile_name"": ""extreme_d06"", ""map_seed"": 20500620, ""query_seed"": 20501623, ""evaluation_path_source"": ""trace_poses"", ""planner_path_pose_count"": 2, ""evaluation_path_pose_count"": 241}"
extreme_s04_q0043,ss_rrt,Extreme,d20_inf,True,True,0.000931042006413918,2,23.938462774372127,23.938462774372127,0.0,0,1.2985898460775227e-16,0.1205257706718581,0,0,0,0,False,,,,,"{""profile_name"": ""extreme_d06"", ""map_seed"": 20500620, ""query_seed"": 20501623, ""rrt_iterations"": 0, ""evaluation_path_source"": ""planner_path"", ""planner_path_pose_count"": 241, ""evaluation_path_pose_count"": 241}"
extreme_s04_q0043,idb_rrt,Extreme,d20_inf,False,False,2.748826322000241,0,,23.938462774372127,,0,,,0,0,0,0,False,,,,idb_rrt_failed:returncode=1,"{""profile_name"": ""extreme_d06"", ""map_seed"": 20500620, ""query_seed"": 20501623, ""idb_rrt_run_dir"": ""/home/ubuntu/ForestNav/2_experiment/idb_rrt_strict_repro/runs/forestnav_adapter/run_1782413525507_8ed84c25"", ""idb_rrt_returncode"": 1, ""idb_rrt_state_count"": 0}"
extreme_s04_q0044,vanilla_ha,Extreme,d08_12,True,True,0.4450974464416504,442,8.182332623336743,,,0,0.09193673429286893,0.11876306516065771,0,0,0,0,False,,,,,"{""profile_name"": ""extreme_d07"", ""map_seed"": 20500620, ""query_seed"": 20501624, ""evaluation_path_source"": ""trace_poses"", ""planner_path_pose_count"": 20, ""evaluation_path_pose_count"": 84}"
extreme_s04_q0044,f_n3p_knn,Extreme,d08_12,True,True,0.16622305399505422,1,8.255190417581973,8.182332623336743,0.008904281651595625,0,0.1115411944777128,0.11315394346306984,0,0,0,0,False,1,1,1.0,,"{""profile_name"": ""extreme_d07"", ""map_seed"": 20500620, ""query_seed"": 20501624}"
extreme_s04_q0044,n3p_k1,Extreme,d08_12,True,True,0.16506279300665483,1,8.255190417581973,8.182332623336743,0.008904281651595625,0,0.1115411944777128,0.11315394346306984,0,0,0,0,False,1,1,1.0,,"{""profile_name"": ""extreme_d07"", ""map_seed"": 20500620, ""query_seed"": 20501624}"
extreme_s04_q0044,voronoi_waypoint,Extreme,d08_12,True,True,0.35907797899562865,2,8.302104347109765,8.182332623336743,0.014637845867011334,0,0.12576439537434123,0.3264240232001152,0,0,0,0,False,,,,,"{""profile_name"": ""extreme_d07"", ""map_seed"": 20500620, ""query_seed"": 20501624, ""waypoint_count"": 1}"
extreme_s04_q0044,bottleneck_waypoint,Extreme,d08_12,True,True,0.3633011729980353,6,9.078193791978697,8.182332623336743,0.10948725869281795,0,0.35040711323523727,0.10222513966429458,0,0,0,0,False,,,,,"{""profile_name"": ""extreme_d07"", ""map_seed"": 20500620, ""query_seed"": 20501624, ""waypoint_count"": 1, ""bottleneck_count"": 1}"
extreme_s04_q0044,improved_ha,Extreme,d08_12,True,True,0.4527566432952881,442,8.182332623336743,8.182332623336743,0.0,0,0.09193673429286893,0.11876306516065771,0,0,0,0,False,,,,,"{""profile_name"": ""extreme_d07"", ""map_seed"": 20500620, ""query_seed"": 20501624, ""evaluation_path_source"": ""trace_poses"", ""planner_path_pose_count"": 20, ""evaluation_path_pose_count"": 84}"
extreme_s04_q0044,lo_ha,Extreme,d08_12,True,True,0.24642086029052734,257,8.223249980166326,8.182332623336743,0.005000695854490589,0,0.12485204224715875,0.07779182585827149,0,0,0,0,False,,,,,"{""profile_name"": ""extreme_d07"", ""map_seed"": 20500620, ""query_seed"": 20501624, ""evaluation_path_source"": ""trace_poses"", ""planner_path_pose_count"": 22, ""evaluation_path_pose_count"": 85}"
extreme_s04_q0044,ss_rrt,Extreme,d08_12,True,True,0.0504880160005996,22,8.145559598893284,8.182332623336743,-0.004494198187272258,0,0.35327341773775084,0.2203006382015542,0,0,0,0,False,,,,,"{""profile_name"": ""extreme_d07"", ""map_seed"": 20500620, ""query_seed"": 20501624, ""rrt_iterations"": 16, ""evaluation_path_source"": ""planner_path"", ""planner_path_pose_count"": 101, ""evaluation_path_pose_count"": 101}"
extreme_s04_q0044,idb_rrt,Extreme,d08_12,False,False,0.4537298809955246,163,,8.182332623336743,,0,,,0,0,0,0,False,,,,collision_violation_rejected:51,"{""profile_name"": ""extreme_d07"", ""map_seed"": 20500620, ""query_seed"": 20501624, ""idb_rrt_run_dir"": ""/home/ubuntu/ForestNav/2_experiment/idb_rrt_strict_repro/runs/forestnav_adapter/run_1782413530564_59b9e28a"", ""idb_rrt_returncode"": 0, ""idb_rrt_state_count"": 163, ""rejected_collision_violation_count"": 51, ""rejected_collision_path_length_m"": 8.100016047740256}"
extreme_s04_q0045,vanilla_ha,Extreme,d12_16,True,True,0.22078299522399902,169,14.866750492628798,,,1,0.1416439421158053,0.08919462796245203,0,0,0,0,False,,,,,"{""profile_name"": ""extreme_d05"", ""map_seed"": 20500621, ""query_seed"": 20501621, ""evaluation_path_source"": ""trace_poses"", ""planner_path_pose_count"": 16, ""evaluation_path_pose_count"": 152}"
extreme_s04_q0045,f_n3p_knn,Extreme,d12_16,True,True,0.45619619300123304,3,16.041595852145715,14.866750492628798,0.0790250270292372,6,0.268093718474639,0.10088464506981187,0,16,0,0,True,0,3,0.0,,"{""profile_name"": ""extreme_d05"", ""map_seed"": 20500621, ""query_seed"": 20501621}"
extreme_s04_q0045,n3p_k1,Extreme,d12_16,True,True,0.2271527690027142,169,14.866750492628798,14.866750492628798,0.0,1,0.1416439421158053,0.08919462796245203,0,0,1,0,True,0,0,,,"{""profile_name"": ""extreme_d05"", ""map_seed"": 20500621, ""query_seed"": 20501621}"
extreme_s04_q0045,voronoi_waypoint,Extreme,d12_16,True,True,0.6179866200036486,201,15.690368788520605,14.866750492628798,0.05540002143038403,1,0.2625628295012761,0.06915280034056515,0,0,0,0,False,,,,,"{""profile_name"": ""extreme_d05"", ""map_seed"": 20500621, ""query_seed"": 20501621, ""waypoint_count"": 2}"
extreme_s04_q0045,bottleneck_waypoint,Extreme,d12_16,True,True,0.48918401199625805,9,15.023784893303471,14.866750492628798,0.010562792504827057,1,0.14941682238841492,0.07617948218724646,0,0,0,0,False,,,,,"{""profile_name"": ""extreme_d05"", ""map_seed"": 20500621, ""query_seed"": 20501621, ""waypoint_count"": 2, ""bottleneck_count"": 2}"
extreme_s04_q0045,improved_ha,Extreme,d12_16,True,True,0.22051191329956055,169,14.866750492628798,14.866750492628798,0.0,1,0.1416439421158053,0.08919462796245203,0,0,0,0,False,,,,,"{""profile_name"": ""extreme_d05"", ""map_seed"": 20500621, ""query_seed"": 20501621, ""evaluation_path_source"": ""trace_poses"", ""planner_path_pose_count"": 16, ""evaluation_path_pose_count"": 152}"
extreme_s04_q0045,lo_ha,Extreme,d12_16,True,True,0.20574259757995605,177,15.191496585518623,14.866750492628798,0.021843784426922364,1,0.11175582190145314,0.0892481050289552,0,0,0,0,False,,,,,"{""profile_name"": ""extreme_d05"", ""map_seed"": 20500621, ""query_seed"": 20501621, ""evaluation_path_source"": ""trace_poses"", ""planner_path_pose_count"": 20, ""evaluation_path_pose_count"": 154}"
extreme_s04_q0045,ss_rrt,Extreme,d12_16,False,False,0.6876124449991039,16,,14.866750492628798,,0,,,0,0,0,0,False,,,,iteration_budget_exhausted,"{""profile_name"": ""extreme_d05"", ""map_seed"": 20500621, ""query_seed"": 20501621, ""rrt_iterations"": 3000, ""evaluation_path_source"": ""planner_path"", ""planner_path_pose_count"": 0, ""evaluation_path_pose_count"": 0}"
extreme_s04_q0045,idb_rrt,Extreme,d12_16,False,False,1.1198986599993077,280,,14.866750492628798,,0,,,0,0,0,0,False,,,,collision_violation_rejected:100,"{""profile_name"": ""extreme_d05"", ""map_seed"": 20500621, ""query_seed"": 20501621, ""idb_rrt_run_dir"": ""/home/ubuntu/ForestNav/2_experiment/idb_rrt_strict_repro/runs/forestnav_adapter/run_1782413534996_674cea8d"", ""idb_rrt_returncode"": 0, ""idb_rrt_state_count"": 280, ""rejected_collision_violation_count"": 100, ""rejected_collision_path_length_m"": 13.927038924541222}"
extreme_s04_q0046,vanilla_ha,Extreme,d16_20,False,False,2.500342845916748,3979,,,,0,,,0,0,0,0,False,,,,timeout,"{""profile_name"": ""extreme_d06"", ""map_seed"": 20500621, ""query_seed"": 20501622, ""evaluation_path_source"": ""planner_path"", ""planner_path_pose_count"": 0, ""evaluation_path_pose_count"": 0}"
extreme_s04_q0046,f_n3p_knn,Extreme,d16_20,False,False,3.83142617699923,5660,,,,0,,,0,33,1,1,True,0,2,0.0,f2_failed:prediction:goal_in_collision;goal:timeout;f3_failed:timeout,"{""profile_name"": ""extreme_d06"", ""map_seed"": 20500621, ""query_seed"": 20501622}"
extreme_s04_q0046,n3p_k1,Extreme,d16_20,False,False,3.5148204270008137,5938,,,,0,,,0,0,1,1,True,0,0,,f2_failed:prediction:goal_in_collision;goal:timeout;f3_failed:timeout,"{""profile_name"": ""extreme_d06"", ""map_seed"": 20500621, ""query_seed"": 20501622}"
extreme_s04_q0046,voronoi_waypoint,Extreme,d16_20,True,True,1.9181822249956895,1558,22.08808280507582,,,0,0.25496743969811436,0.07256574604251331,0,0,0,0,False,,,,,"{""profile_name"": ""extreme_d06"", ""map_seed"": 20500621, ""query_seed"": 20501622, ""waypoint_count"": 3}"
extreme_s04_q0046,bottleneck_waypoint,Extreme,d16_20,True,True,1.483158404000278,1259,24.832106549458757,,,4,0.3360482576085067,0.052813787507125065,0,0,0,0,False,,,,,"{""profile_name"": ""extreme_d06"", ""map_seed"": 20500621, ""query_seed"": 20501622, ""waypoint_count"": 3, ""bottleneck_count"": 3}"
extreme_s04_q0046,improved_ha,Extreme,d16_20,False,False,2.500387191772461,3941,,,,0,,,0,0,0,0,False,,,,timeout,"{""profile_name"": ""extreme_d06"", ""map_seed"": 20500621, ""query_seed"": 20501622, ""evaluation_path_source"": ""planner_path"", ""planner_path_pose_count"": 0, ""evaluation_path_pose_count"": 0}"
extreme_s04_q0046,lo_ha,Extreme,d16_20,True,True,1.3624815940856934,2949,21.292371345816584,,,0,0.25359422871284165,0.06150069925343171,0,0,0,0,False,,,,,"{""profile_name"": ""extreme_d06"", ""map_seed"": 20500621, ""query_seed"": 20501622, ""evaluation_path_source"": ""trace_poses"", ""planner_path_pose_count"": 67, ""evaluation_path_pose_count"": 215}"
extreme_s04_q0046,ss_rrt,Extreme,d16_20,True,True,0.35150709499430377,140,23.498654699908375,,,0,0.3410411622148509,0.06632161063058795,0,0,0,0,False,,,,,"{""profile_name"": ""extreme_d06"", ""map_seed"": 20500621, ""query_seed"": 20501622, ""rrt_iterations"": 349, ""evaluation_path_source"": ""planner_path"", ""planner_path_pose_count"": 289, ""evaluation_path_pose_count"": 289}"
extreme_s04_q0046,idb_rrt,Extreme,d16_20,False,False,2.753877397000906,0,,,,0,,,0,0,0,0,False,,,,idb_rrt_failed:returncode=1,"{""profile_name"": ""extreme_d06"", ""map_seed"": 20500621, ""query_seed"": 20501622, ""idb_rrt_run_dir"": ""/home/ubuntu/ForestNav/2_experiment/idb_rrt_strict_repro/runs/forestnav_adapter/run_1782413553641_f5c32e56"", ""idb_rrt_returncode"": 1, ""idb_rrt_state_count"": 0}"
extreme_s04_q0047,vanilla_ha,Extreme,d20_inf,True,True,0.3367161750793457,481,24.988600159247657,,,0,0.08635934599790054,0.07930534884707563,0,0,0,0,False,,,,,"{""profile_name"": ""extreme_d07"", ""map_seed"": 20500621, ""query_seed"": 20501623, ""evaluation_path_source"": ""trace_poses"", ""planner_path_pose_count"": 48, ""evaluation_path_pose_count"": 253}"
extreme_s04_q0047,f_n3p_knn,Extreme,d20_inf,True,True,0.38581099399743835,122,25.35900094359499,24.988600159247657,0.014822790471928693,0,0.13675564235123708,0.05327065659406671,0,19,1,0,True,1,1,1.0,,"{""profile_name"": ""extreme_d07"", ""map_seed"": 20500621, ""query_seed"": 20501623}"
extreme_s04_q0047,n3p_k1,Extreme,d20_inf,True,True,0.40233338699908927,122,25.35900094359499,24.988600159247657,0.014822790471928693,0,0.13675564235123708,0.05327065659406671,0,0,1,0,True,1,1,1.0,,"{""profile_name"": ""extreme_d07"", ""map_seed"": 20500621, ""query_seed"": 20501623}"
extreme_s04_q0047,voronoi_waypoint,Extreme,d20_inf,True,True,0.9101826350015472,111,25.478060782206406,24.988600159247657,0.019587356628202768,0,0.19941462239849714,0.059630613502317575,0,0,0,0,False,,,,,"{""profile_name"": ""extreme_d07"", ""map_seed"": 20500621, ""query_seed"": 20501623, ""waypoint_count"": 4}"
extreme_s04_q0047,bottleneck_waypoint,Extreme,d20_inf,True,True,0.8188328069954878,5,25.43116336394467,24.988600159247657,0.01771060411053993,0,0.15327336292490198,0.07137263442431818,0,0,0,0,False,,,,,"{""profile_name"": ""extreme_d07"", ""map_seed"": 20500621, ""query_seed"": 20501623, ""waypoint_count"": 4, ""bottleneck_count"": 4}"
extreme_s04_q0047,improved_ha,Extreme,d20_inf,True,True,0.33877038955688477,481,24.988600159247657,24.988600159247657,0.0,0,0.08635934599790054,0.07930534884707563,0,0,0,0,False,,,,,"{""profile_name"": ""extreme_d07"", ""map_seed"": 20500621, ""query_seed"": 20501623, ""evaluation_path_source"": ""trace_poses"", ""planner_path_pose_count"": 48, ""evaluation_path_pose_count"": 253}"
extreme_s04_q0047,lo_ha,Extreme,d20_inf,True,True,0.33510565757751465,533,24.75967231617301,24.988600159247657,-0.009161291213422684,0,0.1345761903294445,0.06228278116394864,0,0,0,0,False,,,,,"{""profile_name"": ""extreme_d07"", ""map_seed"": 20500621, ""query_seed"": 20501623, ""evaluation_path_source"": ""trace_poses"", ""planner_path_pose_count"": 59, ""evaluation_path_pose_count"": 251}"
extreme_s04_q0047,ss_rrt,Extreme,d20_inf,True,True,0.1653443420000258,69,25.723353112834324,24.988600159247657,0.029403525964008637,0,0.27022274156746734,0.07142569765465079,0,0,0,0,False,,,,,"{""profile_name"": ""extreme_d07"", ""map_seed"": 20500621, ""query_seed"": 20501623, ""rrt_iterations"": 135, ""evaluation_path_source"": ""planner_path"", ""planner_path_pose_count"": 321, ""evaluation_path_pose_count"": 321}"
extreme_s04_q0047,idb_rrt,Extreme,d20_inf,False,False,2.7510267840043525,0,,24.988600159247657,,0,,,0,0,0,0,False,,,,idb_rrt_failed:returncode=1,"{""profile_name"": ""extreme_d07"", ""map_seed"": 20500621, ""query_seed"": 20501623, ""idb_rrt_run_dir"": ""/home/ubuntu/ForestNav/2_experiment/idb_rrt_strict_repro/runs/forestnav_adapter/run_1782413560163_df9314d3"", ""idb_rrt_returncode"": 1, ""idb_rrt_state_count"": 0}"
extreme_s04_q0048,vanilla_ha,Extreme,d08_12,True,True,0.27538561820983887,131,9.493829201537299,,,0,0.25855788326299667,0.14211500277999134,0,0,0,0,False,,,,,"{""profile_name"": ""extreme_d05"", ""map_seed"": 20500621, ""query_seed"": 20501624, ""evaluation_path_source"": ""trace_poses"", ""planner_path_pose_count"": 29, ""evaluation_path_pose_count"": 97}"
extreme_s04_q0048,f_n3p_knn,Extreme,d08_12,True,True,0.4903691490035271,3,10.42470107878744,9.493829201537299,0.09805020266210485,2,0.3912102623734804,0.08810828977571428,0,27,0,0,True,1,3,0.3333333333333333,,"{""profile_name"": ""extreme_d05"", ""map_seed"": 20500621, ""query_seed"": 20501624}"
extreme_s04_q0048,n3p_k1,Extreme,d08_12,True,True,0.46636603899969487,128,9.47776771190131,9.493829201537299,-0.0016917820296775687,0,0.21433508582216276,0.0723124056912684,0,0,1,0,True,1,1,1.0,,"{""profile_name"": ""extreme_d05"", ""map_seed"": 20500621, ""query_seed"": 20501624}"
extreme_s04_q0048,voronoi_waypoint,Extreme,d08_12,True,True,0.4148893989986391,60,9.732421663240006,9.493829201537299,0.025131320212088193,0,0.34020346535444107,0.07265626508086742,0,0,0,0,False,,,,,"{""profile_name"": ""extreme_d05"", ""map_seed"": 20500621, ""query_seed"": 20501624, ""waypoint_count"": 1}"
extreme_s04_q0048,bottleneck_waypoint,Extreme,d08_12,True,True,0.5157475509986398,9,10.84386850463581,9.493829201537299,0.14220176858457734,3,0.37613495663109914,0.06622129883394268,0,0,0,0,False,,,,,"{""profile_name"": ""extreme_d05"", ""map_seed"": 20500621, ""query_seed"": 20501624, ""waypoint_count"": 2, ""bottleneck_count"": 2}"
extreme_s04_q0048,improved_ha,Extreme,d08_12,True,True,0.2752048969268799,131,9.493829201537299,9.493829201537299,0.0,0,0.25855788326299667,0.14211500277999134,0,0,0,0,False,,,,,"{""profile_name"": ""extreme_d05"", ""map_seed"": 20500621, ""query_seed"": 20501624, ""evaluation_path_source"": ""trace_poses"", ""planner_path_pose_count"": 29, ""evaluation_path_pose_count"": 97}"
extreme_s04_q0048,lo_ha,Extreme,d08_12,True,True,0.3160560131072998,223,9.50478487183524,9.493829201537299,0.0011539780277662892,0,0.17875950958822945,0.05807000174075083,0,0,0,0,False,,,,,"{""profile_name"": ""extreme_d05"", ""map_seed"": 20500621, ""query_seed"": 20501624, ""evaluation_path_source"": ""trace_poses"", ""planner_path_pose_count"": 29, ""evaluation_path_pose_count"": 97}"
extreme_s04_q0048,ss_rrt,Extreme,d08_12,False,False,2.515942947997246,592,,9.493829201537299,,0,,,0,0,0,0,False,,,,timeout,"{""profile_name"": ""extreme_d05"", ""map_seed"": 20500621, ""query_seed"": 20501624, ""rrt_iterations"": 1245, ""evaluation_path_source"": ""planner_path"", ""planner_path_pose_count"": 0, ""evaluation_path_pose_count"": 0}"
extreme_s04_q0048,idb_rrt,Extreme,d08_12,False,False,0.9128243899976951,189,,9.493829201537299,,0,,,0,0,0,0,False,,,,collision_violation_rejected:60,"{""profile_name"": ""extreme_d05"", ""map_seed"": 20500621, ""query_seed"": 20501624, ""idb_rrt_run_dir"": ""/home/ubuntu/ForestNav/2_experiment/idb_rrt_strict_repro/runs/forestnav_adapter/run_1782413568241_023433d6"", ""idb_rrt_returncode"": 0, ""idb_rrt_state_count"": 189, ""rejected_collision_violation_count"": 60, ""rejected_collision_path_length_m"": 9.377371474390339}"
extreme_s04_q0049,vanilla_ha,Extreme,d12_16,True,True,0.14411139488220215,1,15.494515158597249,,,0,0.0,0.08037625353234323,0,0,0,0,False,,,,,"{""profile_name"": ""extreme_d06"", ""map_seed"": 20500621, ""query_seed"": 20501625, ""evaluation_path_source"": ""trace_poses"", ""planner_path_pose_count"": 2, ""evaluation_path_pose_count"": 156}"
extreme_s04_q0049,f_n3p_knn,Extreme,d12_16,True,True,0.0006993159986450337,0,15.49451515859725,15.494515158597249,2.220446049250313e-16,0,0.0,0.08037625353234323,0,0,0,0,False,0,0,,,"{""profile_name"": ""extreme_d06"", ""map_seed"": 20500621, ""query_seed"": 20501625}"
extreme_s04_q0049,n3p_k1,Extreme,d12_16,True,True,0.0006825800010119565,0,15.49451515859725,15.494515158597249,2.220446049250313e-16,0,0.0,0.08037625353234323,0,0,0,0,False,0,0,,,"{""profile_name"": ""extreme_d06"", ""map_seed"": 20500621, ""query_seed"": 20501625}"
extreme_s04_q0049,voronoi_waypoint,Extreme,d12_16,True,True,0.4690666730020894,3,15.579620215708035,15.494515158597249,0.005492592458665291,0,0.08875302441907451,0.09566188739019355,0,0,0,0,False,,,,,"{""profile_name"": ""extreme_d06"", ""map_seed"": 20500621, ""query_seed"": 20501625, ""waypoint_count"": 2}"
extreme_s04_q0049,bottleneck_waypoint,Extreme,d12_16,True,True,0.4728166299973964,3,15.755377563734436,15.494515158597249,0.01683579011457126,0,0.18818346464073077,0.09433427750097911,0,0,0,0,False,,,,,"{""profile_name"": ""extreme_d06"", ""map_seed"": 20500621, ""query_seed"": 20501625, ""waypoint_count"": 2, ""bottleneck_count"": 2}"
extreme_s04_q0049,improved_ha,Extreme,d12_16,True,True,0.14671540260314941,1,15.494515158597249,15.494515158597249,0.0,0,0.0,0.08037625353234323,0,0,0,0,False,,,,,"{""profile_name"": ""extreme_d06"", ""map_seed"": 20500621, ""query_seed"": 20501625, ""evaluation_path_source"": ""trace_poses"", ""planner_path_pose_count"": 2, ""evaluation_path_pose_count"": 156}"
extreme_s04_q0049,lo_ha,Extreme,d12_16,True,True,0.145521879196167,1,15.494515158597249,15.494515158597249,0.0,0,0.0,0.08037625353234323,0,0,0,0,False,,,,,"{""profile_name"": ""extreme_d06"", ""map_seed"": 20500621, ""query_seed"": 20501625, ""evaluation_path_source"": ""trace_poses"", ""planner_path_pose_count"": 2, ""evaluation_path_pose_count"": 156}"
extreme_s04_q0049,ss_rrt,Extreme,d12_16,True,True,0.0006524249984067865,2,15.494515158597252,15.494515158597249,2.220446049250313e-16,0,3.8692429363621337e-16,0.07961862571726774,0,0,0,0,False,,,,,"{""profile_name"": ""extreme_d06"", ""map_seed"": 20500621, ""query_seed"": 20501625, ""rrt_iterations"": 0, ""evaluation_path_source"": ""planner_path"", ""planner_path_pose_count"": 157, ""evaluation_path_pose_count"": 157}"
extreme_s04_q0049,idb_rrt,Extreme,d12_16,True,True,2.6809182010038057,311,15.49455218095411,15.494515158597249,2.389384661682925e-06,0,0.0014243715947549478,0.07165309567687439,0,0,0,0,False,,,,,"{""profile_name"": ""extreme_d06"", ""map_seed"": 20500621, ""query_seed"": 20501625, ""idb_rrt_run_dir"": ""/home/ubuntu/ForestNav/2_experiment/idb_rrt_strict_repro/runs/forestnav_adapter/run_1782413570598_61c4a072"", ""idb_rrt_returncode"": 0, ""idb_rrt_state_count"": 311}"
