query_id,method,difficulty_bucket,distance_bin_key,success,feasible,total_time_s,total_expansions,path_length_m,reference_path_length_m,path_inflation_ratio,direction_switches,mean_abs_curvature,min_clearance_m,collision_violation_count,fallback_f1_count,fallback_f2_count,fallback_f3_count,fallback_triggered,subgoal_reachable_count,subgoal_attempt_count,subgoal_reachability_rate,failure_reason,metadata
easy_s00_q0000,vanilla_ha,Easy,d08_12,True,True,0.16669368743896484,31,11.576111126078334,,,0,0.19227656650761007,0.25159669996508516,0,0,0,0,False,,,,,"{""profile_name"": ""easy_d00"", ""map_seed"": 20260620, ""query_seed"": 20261620, ""evaluation_path_source"": ""trace_poses"", ""planner_path_pose_count"": 19, ""evaluation_path_pose_count"": 118}"
easy_s00_q0000,f_n3p_knn,Easy,d08_12,True,True,0.1565139340236783,1,12.106060708974818,11.576111126078334,0.04577958669579707,0,0.14166496858320146,0.5566764354918532,0,1,0,0,True,0,1,0.0,,"{""profile_name"": ""easy_d00"", ""map_seed"": 20260620, ""query_seed"": 20261620}"
easy_s00_q0000,n3p_k1,Easy,d08_12,True,True,1.1749114049598575,960,11.576111126078334,11.576111126078334,0.0,0,0.19227656650761007,0.25159669996508516,0,0,1,0,True,0,0,,,"{""profile_name"": ""easy_d00"", ""map_seed"": 20260620, ""query_seed"": 20261620}"
easy_s00_q0000,voronoi_waypoint,Easy,d08_12,True,True,0.3284058650024235,2,12.078845991520877,11.576111126078334,0.043428648875873055,0,0.1426606229369492,0.8347427224643271,0,0,0,0,False,,,,,"{""profile_name"": ""easy_d00"", ""map_seed"": 20260620, ""query_seed"": 20261620, ""waypoint_count"": 1}"
easy_s00_q0000,bottleneck_waypoint,Easy,d08_12,True,True,0.3306784969754517,2,11.941244331718208,11.576111126078334,0.031541957541968646,0,0.13424551495701673,0.8347427224643271,0,0,0,0,False,,,,,"{""profile_name"": ""easy_d00"", ""map_seed"": 20260620, ""query_seed"": 20261620, ""waypoint_count"": 1, ""bottleneck_count"": 1}"
easy_s00_q0000,md_dqn,Easy,d08_12,False,False,0.37943909829482436,600,1.1250000000002907,11.576111126078334,,0,0.0,0.8347427224643271,0,0,0,0,False,,,,md_dqn_not_reached,"{""profile_name"": ""easy_d00"", ""map_seed"": 20260620, ""query_seed"": 20261620, ""md_dqn_source_dir"": ""/home/ubuntu/DQN10/2_experiment"", ""md_dqn_checkpoint_path"": ""/home/ubuntu/DQN10/2_experiment/ugv_dqn/outputs/2026-05-12_train_load_external_demo_smoke/models/realmap_a/mlp-dqn.pt"", ""md_dqn_algo"": ""mlp-dqn"", ""md_dqn_device"": ""cpu"", ""md_dqn_max_steps"": 600, ""md_dqn_rollout_steps"": 600, ""md_dqn_reached"": false}"
easy_s00_q0001,vanilla_ha,Easy,d12_16,True,True,0.15158343315124512,1,15.061540425866143,,,0,0.0,0.861672769705859,0,0,0,0,False,,,,,"{""profile_name"": ""easy_d01"", ""map_seed"": 20260620, ""query_seed"": 20261621, ""evaluation_path_source"": ""trace_poses"", ""planner_path_pose_count"": 2, ""evaluation_path_pose_count"": 152}"
easy_s00_q0001,f_n3p_knn,Easy,d12_16,True,True,0.0007204399444162846,0,15.061540425866143,15.061540425866143,0.0,0,0.0,0.861672769705859,0,0,0,0,False,0,0,,,"{""profile_name"": ""easy_d01"", ""map_seed"": 20260620, ""query_seed"": 20261621}"
easy_s00_q0001,n3p_k1,Easy,d12_16,True,True,0.0006147301755845547,0,15.061540425866143,15.061540425866143,0.0,0,0.0,0.861672769705859,0,0,0,0,False,0,0,,,"{""profile_name"": ""easy_d01"", ""map_seed"": 20260620, ""query_seed"": 20261621}"
easy_s00_q0001,voronoi_waypoint,Easy,d12_16,True,True,0.6214073761366308,4,18.885563699584154,15.061540425866143,0.25389323838023703,1,0.34044084586578904,1.0544116690825727,0,0,0,0,False,,,,,"{""profile_name"": ""easy_d01"", ""map_seed"": 20260620, ""query_seed"": 20261621, ""waypoint_count"": 3}"
easy_s00_q0001,bottleneck_waypoint,Easy,d12_16,True,True,0.48099048202857375,3,17.343526703937304,15.061540425866143,0.15151081586264303,3,0.17839915668652795,1.1632628596288197,0,0,0,0,False,,,,,"{""profile_name"": ""easy_d01"", ""map_seed"": 20260620, ""query_seed"": 20261621, ""waypoint_count"": 2, ""bottleneck_count"": 2}"
easy_s00_q0001,md_dqn,Easy,d12_16,False,False,0.4058331944979727,600,1.1250000000008145,15.061540425866143,,0,0.0,1.2655902293161432,0,0,0,0,False,,,,md_dqn_not_reached,"{""profile_name"": ""easy_d01"", ""map_seed"": 20260620, ""query_seed"": 20261621, ""md_dqn_source_dir"": ""/home/ubuntu/DQN10/2_experiment"", ""md_dqn_checkpoint_path"": ""/home/ubuntu/DQN10/2_experiment/ugv_dqn/outputs/2026-05-12_train_load_external_demo_smoke/models/realmap_a/mlp-dqn.pt"", ""md_dqn_algo"": ""mlp-dqn"", ""md_dqn_device"": ""cpu"", ""md_dqn_max_steps"": 600, ""md_dqn_rollout_steps"": 600, ""md_dqn_reached"": false}"
easy_s00_q0002,vanilla_ha,Easy,d16_20,True,True,0.28545069694519043,187,19.524800568278042,,,0,0.2513550096521252,0.07723088464342776,0,0,0,0,False,,,,,"{""profile_name"": ""easy_d00"", ""map_seed"": 20260620, ""query_seed"": 20261622, ""evaluation_path_source"": ""trace_poses"", ""planner_path_pose_count"": 62, ""evaluation_path_pose_count"": 198}"
easy_s00_q0002,f_n3p_knn,Easy,d16_20,True,True,0.45778386597521603,3,21.678285047015894,19.524800568278042,0.11029482586555162,3,0.174760389489377,0.21773634068156356,0,3,0,0,True,1,3,0.3333333333333333,,"{""profile_name"": ""easy_d00"", ""map_seed"": 20260620, ""query_seed"": 20261622}"
easy_s00_q0002,n3p_k1,Easy,d16_20,True,True,0.49127524299547076,63,20.721775351999298,19.524800568278042,0.06130535262244785,2,0.21317397448316683,0.11263683484992637,0,0,2,0,True,1,1,1.0,,"{""profile_name"": ""easy_d00"", ""map_seed"": 20260620, ""query_seed"": 20261622}"
easy_s00_q0002,voronoi_waypoint,Easy,d16_20,True,True,0.6143689688760787,4,21.571812250493707,19.524800568278042,0.10484161797490765,0,0.15229788671596345,0.48783265512917495,0,0,0,0,False,,,,,"{""profile_name"": ""easy_d00"", ""map_seed"": 20260620, ""query_seed"": 20261622, ""waypoint_count"": 3}"
easy_s00_q0002,bottleneck_waypoint,Easy,d16_20,True,True,0.6123699198942631,4,21.807166791222027,19.524800568278042,0.11689575086631865,0,0.2326246142976268,0.48799185294755687,0,0,0,0,False,,,,,"{""profile_name"": ""easy_d00"", ""map_seed"": 20260620, ""query_seed"": 20261622, ""waypoint_count"": 3, ""bottleneck_count"": 3}"
easy_s00_q0002,md_dqn,Easy,d16_20,False,False,0.39342034282162786,600,1.1249999999999767,19.524800568278042,,0,0.0,1.1919298495999673,0,0,0,0,False,,,,md_dqn_not_reached,"{""profile_name"": ""easy_d00"", ""map_seed"": 20260620, ""query_seed"": 20261622, ""md_dqn_source_dir"": ""/home/ubuntu/DQN10/2_experiment"", ""md_dqn_checkpoint_path"": ""/home/ubuntu/DQN10/2_experiment/ugv_dqn/outputs/2026-05-12_train_load_external_demo_smoke/models/realmap_a/mlp-dqn.pt"", ""md_dqn_algo"": ""mlp-dqn"", ""md_dqn_device"": ""cpu"", ""md_dqn_max_steps"": 600, ""md_dqn_rollout_steps"": 600, ""md_dqn_reached"": false}"
easy_s00_q0003,vanilla_ha,Easy,d20_inf,True,True,0.3870818614959717,313,26.935870314189383,,,0,0.2356017364419748,0.18108113998712927,0,0,0,0,False,,,,,"{""profile_name"": ""easy_d01"", ""map_seed"": 20260620, ""query_seed"": 20261623, ""evaluation_path_source"": ""trace_poses"", ""planner_path_pose_count"": 56, ""evaluation_path_pose_count"": 272}"
easy_s00_q0003,f_n3p_knn,Easy,d20_inf,True,True,0.6153402489144355,4,27.887299341484344,26.935870314189383,0.035322008021168916,2,0.1224622200229994,0.0709387013478201,0,2,0,0,True,3,4,0.75,,"{""profile_name"": ""easy_d01"", ""map_seed"": 20260620, ""query_seed"": 20261623}"
easy_s00_q0003,n3p_k1,Easy,d20_inf,True,True,0.5173618320841342,107,27.439326252918992,26.935870314189383,0.018690910405237515,2,0.11028807010664765,0.0709387013478201,0,0,1,0,True,2,2,1.0,,"{""profile_name"": ""easy_d01"", ""map_seed"": 20260620, ""query_seed"": 20261623}"
easy_s00_q0003,voronoi_waypoint,Easy,d20_inf,True,True,0.7741461931727827,5,26.62672243563399,26.935870314189383,-0.011477181726425978,0,0.15518627929314538,0.705106726313486,0,0,0,0,False,,,,,"{""profile_name"": ""easy_d01"", ""map_seed"": 20260620, ""query_seed"": 20261623, ""waypoint_count"": 4}"
easy_s00_q0003,bottleneck_waypoint,Easy,d20_inf,True,True,1.3566797890234739,9,26.56165791140376,26.935870314189383,-0.013892716233805724,0,0.23321619137444757,0.7338239617748519,0,0,0,0,False,,,,,"{""profile_name"": ""easy_d01"", ""map_seed"": 20260620, ""query_seed"": 20261623, ""waypoint_count"": 8, ""bottleneck_count"": 8}"
easy_s00_q0003,md_dqn,Easy,d20_inf,False,False,0.38944119517691433,600,1.125000000000007,26.935870314189383,,0,0.8385645564237216,1.7538879981728472,0,0,0,0,False,,,,md_dqn_not_reached,"{""profile_name"": ""easy_d01"", ""map_seed"": 20260620, ""query_seed"": 20261623, ""md_dqn_source_dir"": ""/home/ubuntu/DQN10/2_experiment"", ""md_dqn_checkpoint_path"": ""/home/ubuntu/DQN10/2_experiment/ugv_dqn/outputs/2026-05-12_train_load_external_demo_smoke/models/realmap_a/mlp-dqn.pt"", ""md_dqn_algo"": ""mlp-dqn"", ""md_dqn_device"": ""cpu"", ""md_dqn_max_steps"": 600, ""md_dqn_rollout_steps"": 600, ""md_dqn_reached"": false}"
easy_s00_q0004,vanilla_ha,Easy,d08_12,True,True,0.30803370475769043,249,9.002376017285822,,,0,0.26659628473545904,0.1133120197909987,0,0,0,0,False,,,,,"{""profile_name"": ""easy_d00"", ""map_seed"": 20260620, ""query_seed"": 20261624, ""evaluation_path_source"": ""trace_poses"", ""planner_path_pose_count"": 17, ""evaluation_path_pose_count"": 93}"
easy_s00_q0004,f_n3p_knn,Easy,d08_12,True,True,0.324342496227473,249,9.002376017285822,9.002376017285822,0.0,0,0.266596284735459,0.1133120197909987,0,4,1,0,True,0,0,,,"{""profile_name"": ""easy_d00"", ""map_seed"": 20260620, ""query_seed"": 20261624}"
easy_s00_q0004,n3p_k1,Easy,d08_12,True,True,0.32246145815588534,249,9.002376017285822,9.002376017285822,0.0,0,0.266596284735459,0.1133120197909987,0,0,1,0,True,0,0,,,"{""profile_name"": ""easy_d00"", ""map_seed"": 20260620, ""query_seed"": 20261624}"
easy_s00_q0004,voronoi_waypoint,Easy,d08_12,True,True,0.4708759291097522,158,8.952227056709729,9.002376017285822,-0.005570636072054769,0,0.2265568436580149,0.2042166257377951,0,0,0,0,False,,,,,"{""profile_name"": ""easy_d00"", ""map_seed"": 20260620, ""query_seed"": 20261624, ""waypoint_count"": 1}"
easy_s00_q0004,bottleneck_waypoint,Easy,d08_12,True,True,0.5069755990989506,3,9.239898857679892,9.002376017285822,0.026384461162030082,0,0.310395480527236,0.24891509088408093,0,0,0,0,False,,,,,"{""profile_name"": ""easy_d00"", ""map_seed"": 20260620, ""query_seed"": 20261624, ""waypoint_count"": 2, ""bottleneck_count"": 2}"
easy_s00_q0004,md_dqn,Easy,d08_12,False,False,0.17068101069889963,600,1.1250000000010283,9.002376017285822,,0,0.0,0.4504839145752433,0,0,0,0,False,,,,md_dqn_not_reached,"{""profile_name"": ""easy_d00"", ""map_seed"": 20260620, ""query_seed"": 20261624, ""md_dqn_source_dir"": ""/home/ubuntu/DQN10/2_experiment"", ""md_dqn_checkpoint_path"": ""/home/ubuntu/DQN10/2_experiment/ugv_dqn/outputs/2026-05-12_train_load_external_demo_smoke/models/realmap_a/mlp-dqn.pt"", ""md_dqn_algo"": ""mlp-dqn"", ""md_dqn_device"": ""cpu"", ""md_dqn_max_steps"": 600, ""md_dqn_rollout_steps"": 600, ""md_dqn_reached"": false}"
easy_s00_q0005,vanilla_ha,Easy,d12_16,True,True,0.16057610511779785,1,14.90536816049842,,,0,0.0,0.45534326306370865,0,0,0,0,False,,,,,"{""profile_name"": ""easy_d01"", ""map_seed"": 20260621, ""query_seed"": 20261621, ""evaluation_path_source"": ""trace_poses"", ""planner_path_pose_count"": 2, ""evaluation_path_pose_count"": 151}"
easy_s00_q0005,f_n3p_knn,Easy,d12_16,True,True,0.0007393071427941322,0,14.90536816049842,14.90536816049842,0.0,0,1.4896955414592445e-17,0.45534326306370865,0,0,0,0,False,0,0,,,"{""profile_name"": ""easy_d01"", ""map_seed"": 20260621, ""query_seed"": 20261621}"
easy_s00_q0005,n3p_k1,Easy,d12_16,True,True,0.0006526189390569925,0,14.90536816049842,14.90536816049842,0.0,0,1.4896955414592445e-17,0.45534326306370865,0,0,0,0,False,0,0,,,"{""profile_name"": ""easy_d01"", ""map_seed"": 20260621, ""query_seed"": 20261621}"
easy_s00_q0005,voronoi_waypoint,Easy,d12_16,True,True,0.5132882890757173,3,17.48306397044169,14.90536816049842,0.17293741303046595,0,0.27466272186789553,0.6372798438149812,0,0,0,0,False,,,,,"{""profile_name"": ""easy_d01"", ""map_seed"": 20260621, ""query_seed"": 20261621, ""waypoint_count"": 2}"
easy_s00_q0005,bottleneck_waypoint,Easy,d12_16,True,True,0.5133344491478056,3,15.430900758516023,14.90536816049842,0.03525794145832295,0,0.17854067049686387,0.6372798438149812,0,0,0,0,False,,,,,"{""profile_name"": ""easy_d01"", ""map_seed"": 20260621, ""query_seed"": 20261621, ""waypoint_count"": 2, ""bottleneck_count"": 2}"
easy_s00_q0005,md_dqn,Easy,d12_16,False,False,0.1696301989722997,600,1.1249999999999818,14.90536816049842,,0,0.8385645564237414,0.6372798438149812,0,0,0,0,False,,,,md_dqn_not_reached,"{""profile_name"": ""easy_d01"", ""map_seed"": 20260621, ""query_seed"": 20261621, ""md_dqn_source_dir"": ""/home/ubuntu/DQN10/2_experiment"", ""md_dqn_checkpoint_path"": ""/home/ubuntu/DQN10/2_experiment/ugv_dqn/outputs/2026-05-12_train_load_external_demo_smoke/models/realmap_a/mlp-dqn.pt"", ""md_dqn_algo"": ""mlp-dqn"", ""md_dqn_device"": ""cpu"", ""md_dqn_max_steps"": 600, ""md_dqn_rollout_steps"": 600, ""md_dqn_reached"": false}"
easy_s00_q0006,vanilla_ha,Easy,d16_20,True,True,0.6930458545684814,1257,20.174836576698183,,,0,0.11667841377291203,0.06151067239716668,0,0,0,0,False,,,,,"{""profile_name"": ""easy_d00"", ""map_seed"": 20260621, ""query_seed"": 20261622, ""evaluation_path_source"": ""trace_poses"", ""planner_path_pose_count"": 27, ""evaluation_path_pose_count"": 204}"
easy_s00_q0006,f_n3p_knn,Easy,d16_20,True,True,0.49201484583318233,3,21.685074394270455,20.174836576698183,0.07485749943157338,2,0.17785000469119577,0.06498161211891462,0,1,0,0,True,2,3,0.6666666666666666,,"{""profile_name"": ""easy_d00"", ""map_seed"": 20260621, ""query_seed"": 20261622}"
easy_s00_q0006,n3p_k1,Easy,d16_20,True,True,0.7097491410095245,1257,20.174836576698183,20.174836576698183,0.0,0,0.11667841377291203,0.06151067239716668,0,0,1,0,True,0,0,,,"{""profile_name"": ""easy_d00"", ""map_seed"": 20260621, ""query_seed"": 20261622}"
easy_s00_q0006,voronoi_waypoint,Easy,d16_20,True,True,0.6615230629686266,4,21.632008228771188,20.174836576698183,0.0722271849158882,0,0.13581959063574955,0.3680460600699157,0,0,0,0,False,,,,,"{""profile_name"": ""easy_d00"", ""map_seed"": 20260621, ""query_seed"": 20261622, ""waypoint_count"": 3}"
easy_s00_q0006,bottleneck_waypoint,Easy,d16_20,True,True,0.6679237668868154,4,21.027556457113022,20.174836576698183,0.04226650744718907,0,0.13088039291958506,0.49042136628649113,0,0,0,0,False,,,,,"{""profile_name"": ""easy_d00"", ""map_seed"": 20260621, ""query_seed"": 20261622, ""waypoint_count"": 3, ""bottleneck_count"": 3}"
easy_s00_q0006,md_dqn,Easy,d16_20,False,False,0.17212366755120456,600,1.1250000000002855,20.174836576698183,,0,0.0,0.33295351604290924,0,0,0,0,False,,,,md_dqn_not_reached,"{""profile_name"": ""easy_d00"", ""map_seed"": 20260621, ""query_seed"": 20261622, ""md_dqn_source_dir"": ""/home/ubuntu/DQN10/2_experiment"", ""md_dqn_checkpoint_path"": ""/home/ubuntu/DQN10/2_experiment/ugv_dqn/outputs/2026-05-12_train_load_external_demo_smoke/models/realmap_a/mlp-dqn.pt"", ""md_dqn_algo"": ""mlp-dqn"", ""md_dqn_device"": ""cpu"", ""md_dqn_max_steps"": 600, ""md_dqn_rollout_steps"": 600, ""md_dqn_reached"": false}"
easy_s00_q0007,vanilla_ha,Easy,d20_inf,False,False,2.500424385070801,2499,,,,0,,,0,0,0,0,False,,,,timeout,"{""profile_name"": ""easy_d01"", ""map_seed"": 20260621, ""query_seed"": 20261623, ""evaluation_path_source"": ""planner_path"", ""planner_path_pose_count"": 0, ""evaluation_path_pose_count"": 0}"
easy_s00_q0007,f_n3p_knn,Easy,d20_inf,False,False,4.0247233810368925,3448,,,,0,,,0,12,2,1,True,1,2,0.5,f2_failed:prediction:goal_in_collision;goal:timeout;f3_failed:timeout,"{""profile_name"": ""easy_d01"", ""map_seed"": 20260621, ""query_seed"": 20261623}"
easy_s00_q0007,n3p_k1,Easy,d20_inf,False,False,3.855952051933855,3597,,,,0,,,0,0,2,1,True,1,1,1.0,f2_failed:prediction:goal_in_collision;goal:timeout;f3_failed:timeout,"{""profile_name"": ""easy_d01"", ""map_seed"": 20260621, ""query_seed"": 20261623}"
easy_s00_q0007,voronoi_waypoint,Easy,d20_inf,True,True,0.9162701340392232,6,29.602534225111263,,,3,0.2816177994844602,0.062210636948871245,0,0,0,0,False,,,,,"{""profile_name"": ""easy_d01"", ""map_seed"": 20260621, ""query_seed"": 20261623, ""waypoint_count"": 5}"
easy_s00_q0007,bottleneck_waypoint,Easy,d20_inf,True,True,1.0680909920483828,11,27.572482951604965,,,2,0.23434305077550754,0.054920411692891524,0,0,0,0,False,,,,,"{""profile_name"": ""easy_d01"", ""map_seed"": 20260621, ""query_seed"": 20261623, ""waypoint_count"": 6, ""bottleneck_count"": 6}"
easy_s00_q0007,md_dqn,Easy,d20_inf,False,False,0.3814143114723265,600,1.12499999999999,,,0,0.8385645564237341,0.1140080804209831,0,0,0,0,False,,,,md_dqn_not_reached,"{""profile_name"": ""easy_d01"", ""map_seed"": 20260621, ""query_seed"": 20261623, ""md_dqn_source_dir"": ""/home/ubuntu/DQN10/2_experiment"", ""md_dqn_checkpoint_path"": ""/home/ubuntu/DQN10/2_experiment/ugv_dqn/outputs/2026-05-12_train_load_external_demo_smoke/models/realmap_a/mlp-dqn.pt"", ""md_dqn_algo"": ""mlp-dqn"", ""md_dqn_device"": ""cpu"", ""md_dqn_max_steps"": 600, ""md_dqn_rollout_steps"": 600, ""md_dqn_reached"": false}"
easy_s00_q0008,vanilla_ha,Easy,d08_12,True,True,0.23100614547729492,121,12.04952251218758,,,0,0.20902748413023015,0.11934593393800441,0,0,0,0,False,,,,,"{""profile_name"": ""easy_d00"", ""map_seed"": 20260621, ""query_seed"": 20261624, ""evaluation_path_source"": ""trace_poses"", ""planner_path_pose_count"": 25, ""evaluation_path_pose_count"": 123}"
easy_s00_q0008,f_n3p_knn,Easy,d08_12,True,True,0.1548178899101913,1,12.411365867465413,12.04952251218758,0.030029684156516856,0,0.12376934074921364,0.11320801101669997,0,0,0,0,False,1,1,1.0,,"{""profile_name"": ""easy_d00"", ""map_seed"": 20260621, ""query_seed"": 20261624}"
easy_s00_q0008,n3p_k1,Easy,d08_12,True,True,0.15485477587208152,1,12.411365867465413,12.04952251218758,0.030029684156516856,0,0.12376934074921364,0.11320801101669997,0,0,0,0,False,1,1,1.0,,"{""profile_name"": ""easy_d00"", ""map_seed"": 20260621, ""query_seed"": 20261624}"
easy_s00_q0008,voronoi_waypoint,Easy,d08_12,True,True,0.47460538102313876,3,13.221608172898858,12.04952251218758,0.09727237403189726,0,0.2901865871306098,0.11934593393800441,0,0,0,0,False,,,,,"{""profile_name"": ""easy_d00"", ""map_seed"": 20260621, ""query_seed"": 20261624, ""waypoint_count"": 2}"
easy_s00_q0008,bottleneck_waypoint,Easy,d08_12,True,True,0.47740186797454953,3,13.509725239845825,12.04952251218758,0.12118345155845889,0,0.273798680013333,0.11934593393800441,0,0,0,0,False,,,,,"{""profile_name"": ""easy_d00"", ""map_seed"": 20260621, ""query_seed"": 20261624, ""waypoint_count"": 2, ""bottleneck_count"": 2}"
easy_s00_q0008,md_dqn,Easy,d08_12,False,False,0.4053700752556324,600,1.1249999999999802,12.04952251218758,,0,0.838564556423741,1.4352188976298959,0,0,0,0,False,,,,md_dqn_not_reached,"{""profile_name"": ""easy_d00"", ""map_seed"": 20260621, ""query_seed"": 20261624, ""md_dqn_source_dir"": ""/home/ubuntu/DQN10/2_experiment"", ""md_dqn_checkpoint_path"": ""/home/ubuntu/DQN10/2_experiment/ugv_dqn/outputs/2026-05-12_train_load_external_demo_smoke/models/realmap_a/mlp-dqn.pt"", ""md_dqn_algo"": ""mlp-dqn"", ""md_dqn_device"": ""cpu"", ""md_dqn_max_steps"": 600, ""md_dqn_rollout_steps"": 600, ""md_dqn_reached"": false}"
easy_s00_q0009,vanilla_ha,Easy,d12_16,True,True,0.1454000473022461,1,14.605478424207812,,,0,0.0,0.13149439785136574,0,0,0,0,False,,,,,"{""profile_name"": ""easy_d01"", ""map_seed"": 20260621, ""query_seed"": 20261625, ""evaluation_path_source"": ""trace_poses"", ""planner_path_pose_count"": 2, ""evaluation_path_pose_count"": 148}"
easy_s00_q0009,f_n3p_knn,Easy,d12_16,True,True,0.0006236007902771235,0,14.605478424207815,14.605478424207812,2.220446049250313e-16,0,0.0,0.1314943978513654,0,0,0,0,False,0,0,,,"{""profile_name"": ""easy_d01"", ""map_seed"": 20260621, ""query_seed"": 20261625}"
easy_s00_q0009,n3p_k1,Easy,d12_16,True,True,0.0005944909062236547,0,14.605478424207815,14.605478424207812,2.220446049250313e-16,0,0.0,0.1314943978513654,0,0,0,0,False,0,0,,,"{""profile_name"": ""easy_d01"", ""map_seed"": 20260621, ""query_seed"": 20261625}"
easy_s00_q0009,voronoi_waypoint,Easy,d12_16,True,True,0.4715936128050089,3,15.927840111673348,14.605478424207812,0.0905387450556765,0,0.3225952898752495,0.13345284962279136,0,0,0,0,False,,,,,"{""profile_name"": ""easy_d01"", ""map_seed"": 20260621, ""query_seed"": 20261625, ""waypoint_count"": 2}"
easy_s00_q0009,bottleneck_waypoint,Easy,d12_16,True,True,0.4731710918713361,3,15.114320163459679,14.605478424207812,0.03483910108747201,0,0.13634444889097186,0.13345284962279136,0,0,0,0,False,,,,,"{""profile_name"": ""easy_d01"", ""map_seed"": 20260621, ""query_seed"": 20261625, ""waypoint_count"": 2, ""bottleneck_count"": 2}"
easy_s00_q0009,md_dqn,Easy,d12_16,False,False,0.40456638182513416,600,1.1249999999997327,14.605478424207812,,0,0.0,0.13345284962279136,0,0,0,0,False,,,,md_dqn_not_reached,"{""profile_name"": ""easy_d01"", ""map_seed"": 20260621, ""query_seed"": 20261625, ""md_dqn_source_dir"": ""/home/ubuntu/DQN10/2_experiment"", ""md_dqn_checkpoint_path"": ""/home/ubuntu/DQN10/2_experiment/ugv_dqn/outputs/2026-05-12_train_load_external_demo_smoke/models/realmap_a/mlp-dqn.pt"", ""md_dqn_algo"": ""mlp-dqn"", ""md_dqn_device"": ""cpu"", ""md_dqn_max_steps"": 600, ""md_dqn_rollout_steps"": 600, ""md_dqn_reached"": false}"
easy_s00_q0010,vanilla_ha,Easy,d16_20,True,True,0.15062618255615234,1,17.314156057977527,,,0,0.0,0.46641652717473003,0,0,0,0,False,,,,,"{""profile_name"": ""easy_d00"", ""map_seed"": 20260622, ""query_seed"": 20261622, ""evaluation_path_source"": ""trace_poses"", ""planner_path_pose_count"": 2, ""evaluation_path_pose_count"": 175}"
easy_s00_q0010,f_n3p_knn,Easy,d16_20,True,True,0.0007017641328275204,0,17.314156057977527,17.314156057977527,0.0,0,9.618340803682606e-18,0.46641652717473003,0,0,0,0,False,0,0,,,"{""profile_name"": ""easy_d00"", ""map_seed"": 20260622, ""query_seed"": 20261622}"
easy_s00_q0010,n3p_k1,Easy,d16_20,True,True,0.0006914269179105759,0,17.314156057977527,17.314156057977527,0.0,0,9.618340803682606e-18,0.46641652717473003,0,0,0,0,False,0,0,,,"{""profile_name"": ""easy_d00"", ""map_seed"": 20260622, ""query_seed"": 20261622}"
easy_s00_q0010,voronoi_waypoint,Easy,d16_20,True,True,0.6131241419352591,4,20.946463848482885,17.314156057977527,0.20978832455606544,2,0.214671245421623,0.4664165271747288,0,0,0,0,False,,,,,"{""profile_name"": ""easy_d00"", ""map_seed"": 20260622, ""query_seed"": 20261622, ""waypoint_count"": 3}"
easy_s00_q0010,bottleneck_waypoint,Easy,d16_20,True,True,0.6158818248659372,4,21.711482668753952,17.314156057977527,0.2539729107241324,3,0.2410795665574184,0.28794523335408484,0,0,0,0,False,,,,,"{""profile_name"": ""easy_d00"", ""map_seed"": 20260622, ""query_seed"": 20261622, ""waypoint_count"": 3, ""bottleneck_count"": 3}"
easy_s00_q0010,md_dqn,Easy,d16_20,False,False,0.17356877913698554,600,2.2499999999999964,17.314156057977527,,0,0.0873463012401508,1.1962751758184282,0,0,0,0,False,,,,md_dqn_not_reached,"{""profile_name"": ""easy_d00"", ""map_seed"": 20260622, ""query_seed"": 20261622, ""md_dqn_source_dir"": ""/home/ubuntu/DQN10/2_experiment"", ""md_dqn_checkpoint_path"": ""/home/ubuntu/DQN10/2_experiment/ugv_dqn/outputs/2026-05-12_train_load_external_demo_smoke/models/realmap_a/mlp-dqn.pt"", ""md_dqn_algo"": ""mlp-dqn"", ""md_dqn_device"": ""cpu"", ""md_dqn_max_steps"": 600, ""md_dqn_rollout_steps"": 600, ""md_dqn_reached"": false}"
easy_s00_q0011,vanilla_ha,Easy,d20_inf,True,True,0.19540882110595703,97,25.726393994525765,,,0,0.04586575565503991,0.1347643055261416,0,0,0,0,False,,,,,"{""profile_name"": ""easy_d01"", ""map_seed"": 20260622, ""query_seed"": 20261623, ""evaluation_path_source"": ""trace_poses"", ""planner_path_pose_count"": 45, ""evaluation_path_pose_count"": 259}"
easy_s00_q0011,f_n3p_knn,Easy,d20_inf,True,True,0.1591578850056976,1,24.76470429663526,25.726393994525765,-0.03738144172460167,0,0.02012196721355381,0.1347643055261416,0,0,0,0,False,1,1,1.0,,"{""profile_name"": ""easy_d01"", ""map_seed"": 20260622, ""query_seed"": 20261623}"
easy_s00_q0011,n3p_k1,Easy,d20_inf,True,True,0.15715832309797406,1,24.76470429663526,25.726393994525765,-0.03738144172460167,0,0.02012196721355381,0.1347643055261416,0,0,0,0,False,1,1,1.0,,"{""profile_name"": ""easy_d01"", ""map_seed"": 20260622, ""query_seed"": 20261623}"
easy_s00_q0011,voronoi_waypoint,Easy,d20_inf,True,True,0.9204419369343668,6,28.84653713864465,25.726393994525765,0.12128179117457383,3,0.26237090860739665,0.1347643055261416,0,0,0,0,False,,,,,"{""profile_name"": ""easy_d01"", ""map_seed"": 20260622, ""query_seed"": 20261623, ""waypoint_count"": 5}"
easy_s00_q0011,bottleneck_waypoint,Easy,d20_inf,True,True,0.7750561370048672,5,26.4207974639217,25.726393994525765,0.02699186949961563,0,0.16827448317276747,0.1347643055261416,0,0,0,0,False,,,,,"{""profile_name"": ""easy_d01"", ""map_seed"": 20260622, ""query_seed"": 20261623, ""waypoint_count"": 4, ""bottleneck_count"": 4}"
easy_s00_q0011,md_dqn,Easy,d20_inf,False,False,0.16979127982631326,600,1.1249999999999898,25.726393994525765,,0,0.8385645564237336,0.1347643055261416,0,0,0,0,False,,,,md_dqn_not_reached,"{""profile_name"": ""easy_d01"", ""map_seed"": 20260622, ""query_seed"": 20261623, ""md_dqn_source_dir"": ""/home/ubuntu/DQN10/2_experiment"", ""md_dqn_checkpoint_path"": ""/home/ubuntu/DQN10/2_experiment/ugv_dqn/outputs/2026-05-12_train_load_external_demo_smoke/models/realmap_a/mlp-dqn.pt"", ""md_dqn_algo"": ""mlp-dqn"", ""md_dqn_device"": ""cpu"", ""md_dqn_max_steps"": 600, ""md_dqn_rollout_steps"": 600, ""md_dqn_reached"": false}"
easy_s00_q0012,vanilla_ha,Easy,d08_12,True,True,0.1467452049255371,1,9.90050503762308,,,0,0.0,0.2883443625036989,0,0,0,0,False,,,,,"{""profile_name"": ""easy_d00"", ""map_seed"": 20260622, ""query_seed"": 20261624, ""evaluation_path_source"": ""trace_poses"", ""planner_path_pose_count"": 2, ""evaluation_path_pose_count"": 101}"
easy_s00_q0012,f_n3p_knn,Easy,d08_12,True,True,0.0004539990331977606,0,9.900505037623082,9.90050503762308,2.220446049250313e-16,0,0.0,0.2883443625036989,0,0,0,0,False,0,0,,,"{""profile_name"": ""easy_d00"", ""map_seed"": 20260622, ""query_seed"": 20261624}"
easy_s00_q0012,n3p_k1,Easy,d08_12,True,True,0.0004496730398386717,0,9.900505037623082,9.90050503762308,2.220446049250313e-16,0,0.0,0.2883443625036989,0,0,0,0,False,0,0,,,"{""profile_name"": ""easy_d00"", ""map_seed"": 20260622, ""query_seed"": 20261624}"
easy_s00_q0012,voronoi_waypoint,Easy,d08_12,True,True,0.37654394493438303,74,11.081928571167165,9.90050503762308,0.11932962298938654,0,0.2740117978412647,0.20078584351822704,0,0,0,0,False,,,,,"{""profile_name"": ""easy_d00"", ""map_seed"": 20260622, ""query_seed"": 20261624, ""waypoint_count"": 1}"
easy_s00_q0012,bottleneck_waypoint,Easy,d08_12,True,True,0.33017364307306707,2,11.011727765043611,9.90050503762308,0.1122389941924935,0,0.2211178830965691,0.20217828848727892,0,0,0,0,False,,,,,"{""profile_name"": ""easy_d00"", ""map_seed"": 20260622, ""query_seed"": 20261624, ""waypoint_count"": 1, ""bottleneck_count"": 1}"
easy_s00_q0012,md_dqn,Easy,d08_12,False,False,0.16982453735545278,600,2.2499999999999805,9.90050503762308,,0,0.08734630124015143,0.28473684722209514,0,0,0,0,False,,,,md_dqn_not_reached,"{""profile_name"": ""easy_d00"", ""map_seed"": 20260622, ""query_seed"": 20261624, ""md_dqn_source_dir"": ""/home/ubuntu/DQN10/2_experiment"", ""md_dqn_checkpoint_path"": ""/home/ubuntu/DQN10/2_experiment/ugv_dqn/outputs/2026-05-12_train_load_external_demo_smoke/models/realmap_a/mlp-dqn.pt"", ""md_dqn_algo"": ""mlp-dqn"", ""md_dqn_device"": ""cpu"", ""md_dqn_max_steps"": 600, ""md_dqn_rollout_steps"": 600, ""md_dqn_reached"": false}"
easy_s00_q0013,vanilla_ha,Easy,d12_16,True,True,0.15130114555358887,1,13.452509059651288,,,0,0.0,0.3858084384481699,0,0,0,0,False,,,,,"{""profile_name"": ""easy_d01"", ""map_seed"": 20260622, ""query_seed"": 20261625, ""evaluation_path_source"": ""trace_poses"", ""planner_path_pose_count"": 2, ""evaluation_path_pose_count"": 136}"
easy_s00_q0013,f_n3p_knn,Easy,d12_16,True,True,0.0005744819063693285,0,13.452509059651288,13.452509059651288,0.0,0,3.301162689286258e-17,0.3858084384481699,0,0,0,0,False,0,0,,,"{""profile_name"": ""easy_d01"", ""map_seed"": 20260622, ""query_seed"": 20261625}"
easy_s00_q0013,n3p_k1,Easy,d12_16,True,True,0.0005557870026677847,0,13.452509059651288,13.452509059651288,0.0,0,3.301162689286258e-17,0.3858084384481699,0,0,0,0,False,0,0,,,"{""profile_name"": ""easy_d01"", ""map_seed"": 20260622, ""query_seed"": 20261625}"
easy_s00_q0013,voronoi_waypoint,Easy,d12_16,True,True,0.48033301904797554,3,15.370546885064446,13.452509059651288,0.1425784451739205,2,0.35069686791813115,0.5723225497230298,0,0,0,0,False,,,,,"{""profile_name"": ""easy_d01"", ""map_seed"": 20260622, ""query_seed"": 20261625, ""waypoint_count"": 2}"
easy_s00_q0013,bottleneck_waypoint,Easy,d12_16,True,True,0.4833318470045924,3,13.880911043418825,13.452509059651288,0.03184550791736407,0,0.1736491167488817,0.5200635329292899,0,0,0,0,False,,,,,"{""profile_name"": ""easy_d01"", ""map_seed"": 20260622, ""query_seed"": 20261625, ""waypoint_count"": 2, ""bottleneck_count"": 2}"
easy_s00_q0013,md_dqn,Easy,d12_16,False,False,0.17366374656558037,600,1.1250000000008213,13.452509059651288,,0,0.0,0.38580721084650904,0,0,0,0,False,,,,md_dqn_not_reached,"{""profile_name"": ""easy_d01"", ""map_seed"": 20260622, ""query_seed"": 20261625, ""md_dqn_source_dir"": ""/home/ubuntu/DQN10/2_experiment"", ""md_dqn_checkpoint_path"": ""/home/ubuntu/DQN10/2_experiment/ugv_dqn/outputs/2026-05-12_train_load_external_demo_smoke/models/realmap_a/mlp-dqn.pt"", ""md_dqn_algo"": ""mlp-dqn"", ""md_dqn_device"": ""cpu"", ""md_dqn_max_steps"": 600, ""md_dqn_rollout_steps"": 600, ""md_dqn_reached"": false}"
easy_s00_q0014,vanilla_ha,Easy,d16_20,True,True,1.0836141109466553,1157,19.308173494297126,,,0,0.21275631592014954,0.1304580877238991,0,0,0,0,False,,,,,"{""profile_name"": ""easy_d00"", ""map_seed"": 20260622, ""query_seed"": 20261626, ""evaluation_path_source"": ""trace_poses"", ""planner_path_pose_count"": 59, ""evaluation_path_pose_count"": 195}"
easy_s00_q0014,f_n3p_knn,Easy,d16_20,True,True,2.0001472579315305,2159,19.308173494297126,19.308173494297126,0.0,0,0.21275631592014954,0.1304580877238991,0,4,1,1,True,0,0,,,"{""profile_name"": ""easy_d00"", ""map_seed"": 20260622, ""query_seed"": 20261626}"
easy_s00_q0014,n3p_k1,Easy,d16_20,True,True,1.9983992299530655,2158,19.308173494297126,19.308173494297126,0.0,0,0.21275631592014954,0.1304580877238991,0,0,1,1,True,0,0,,,"{""profile_name"": ""easy_d00"", ""map_seed"": 20260622, ""query_seed"": 20261626}"
easy_s00_q0014,voronoi_waypoint,Easy,d16_20,True,True,0.6612179831136018,4,21.772139603888284,19.308173494297126,0.12761259423730142,2,0.17385033493479385,0.6589654660349398,0,0,0,0,False,,,,,"{""profile_name"": ""easy_d00"", ""map_seed"": 20260622, ""query_seed"": 20261626, ""waypoint_count"": 3}"
easy_s00_q0014,bottleneck_waypoint,Easy,d16_20,True,True,0.6598199729342014,4,19.94589326975702,19.308173494297126,0.03302848794311131,0,0.14503454800808913,0.6589654660349402,0,0,0,0,False,,,,,"{""profile_name"": ""easy_d00"", ""map_seed"": 20260622, ""query_seed"": 20261626, ""waypoint_count"": 3, ""bottleneck_count"": 3}"
easy_s00_q0014,md_dqn,Easy,d16_20,False,False,0.17176692746579647,600,1.1250000000000004,19.308173494297126,,0,0.8286550898948881,2.9570429389505373,0,0,0,0,False,,,,md_dqn_not_reached,"{""profile_name"": ""easy_d00"", ""map_seed"": 20260622, ""query_seed"": 20261626, ""md_dqn_source_dir"": ""/home/ubuntu/DQN10/2_experiment"", ""md_dqn_checkpoint_path"": ""/home/ubuntu/DQN10/2_experiment/ugv_dqn/outputs/2026-05-12_train_load_external_demo_smoke/models/realmap_a/mlp-dqn.pt"", ""md_dqn_algo"": ""mlp-dqn"", ""md_dqn_device"": ""cpu"", ""md_dqn_max_steps"": 600, ""md_dqn_rollout_steps"": 600, ""md_dqn_reached"": false}"
easy_s00_q0015,vanilla_ha,Easy,d20_inf,True,True,0.2912135124206543,297,25.176965423031245,,,0,0.1265013384745998,0.11843854091412964,0,0,0,0,False,,,,,"{""profile_name"": ""easy_d01"", ""map_seed"": 20260623, ""query_seed"": 20261623, ""evaluation_path_source"": ""trace_poses"", ""planner_path_pose_count"": 48, ""evaluation_path_pose_count"": 255}"
easy_s00_q0015,f_n3p_knn,Easy,d20_inf,True,True,0.39470175094902515,122,24.953475017528486,25.176965423031245,-0.00887678088870536,0,0.15883609727784384,0.11787169363919237,0,4,1,0,True,1,1,1.0,,"{""profile_name"": ""easy_d01"", ""map_seed"": 20260623, ""query_seed"": 20261623}"
easy_s00_q0015,n3p_k1,Easy,d20_inf,True,True,0.3827787209302187,122,24.953475017528486,25.176965423031245,-0.00887678088870536,0,0.15883609727784384,0.11787169363919237,0,0,1,0,True,1,1,1.0,,"{""profile_name"": ""easy_d01"", ""map_seed"": 20260623, ""query_seed"": 20261623}"
easy_s00_q0015,voronoi_waypoint,Easy,d20_inf,True,True,0.973086945945397,6,26.563346454442893,25.176965423031245,0.05506545400199103,0,0.21437903969000938,0.2562320558131259,0,0,0,0,False,,,,,"{""profile_name"": ""easy_d01"", ""map_seed"": 20260623, ""query_seed"": 20261623, ""waypoint_count"": 5}"
easy_s00_q0015,bottleneck_waypoint,Easy,d20_inf,True,True,0.9526809400413185,24,26.58257375429694,25.176965423031245,0.05582914015443197,0,0.34126466216824003,0.08097955856576822,0,0,0,0,False,,,,,"{""profile_name"": ""easy_d01"", ""map_seed"": 20260623, ""query_seed"": 20261623, ""waypoint_count"": 5, ""bottleneck_count"": 5}"
easy_s00_q0015,md_dqn,Easy,d20_inf,False,False,0.18890179274603724,600,3.7500000000000036,25.176965423031245,,0,0.4259392714572863,0.22184037199140227,0,0,0,0,False,,,,md_dqn_not_reached,"{""profile_name"": ""easy_d01"", ""map_seed"": 20260623, ""query_seed"": 20261623, ""md_dqn_source_dir"": ""/home/ubuntu/DQN10/2_experiment"", ""md_dqn_checkpoint_path"": ""/home/ubuntu/DQN10/2_experiment/ugv_dqn/outputs/2026-05-12_train_load_external_demo_smoke/models/realmap_a/mlp-dqn.pt"", ""md_dqn_algo"": ""mlp-dqn"", ""md_dqn_device"": ""cpu"", ""md_dqn_max_steps"": 600, ""md_dqn_rollout_steps"": 600, ""md_dqn_reached"": false}"
easy_s00_q0016,vanilla_ha,Easy,d08_12,True,True,0.19342494010925293,64,12.498256849789906,,,0,0.10794592054369667,0.159113882054725,0,0,0,0,False,,,,,"{""profile_name"": ""easy_d00"", ""map_seed"": 20260623, ""query_seed"": 20261624, ""evaluation_path_source"": ""trace_poses"", ""planner_path_pose_count"": 17, ""evaluation_path_pose_count"": 127}"
easy_s00_q0016,f_n3p_knn,Easy,d08_12,True,True,0.2065835678949952,64,12.498256849789906,12.498256849789906,0.0,0,0.10794592054369667,0.159113882054725,0,4,1,0,True,0,0,,,"{""profile_name"": ""easy_d00"", ""map_seed"": 20260623, ""query_seed"": 20261624}"
easy_s00_q0016,n3p_k1,Easy,d08_12,True,True,0.2059675718192011,64,12.498256849789906,12.498256849789906,0.0,0,0.10794592054369667,0.159113882054725,0,0,1,0,True,0,0,,,"{""profile_name"": ""easy_d00"", ""map_seed"": 20260623, ""query_seed"": 20261624}"
easy_s00_q0016,voronoi_waypoint,Easy,d08_12,True,True,0.5271457389462739,18,13.323444441832669,12.498256849789906,0.06602421457330143,0,0.2654113198666936,0.11889869168458356,0,0,0,0,False,,,,,"{""profile_name"": ""easy_d00"", ""map_seed"": 20260623, ""query_seed"": 20261624, ""waypoint_count"": 2}"
easy_s00_q0016,bottleneck_waypoint,Easy,d08_12,True,True,0.5142929318826646,3,12.920312983122702,12.498256849789906,0.03376919984964877,0,0.26361737166757093,0.4511301027533734,0,0,0,0,False,,,,,"{""profile_name"": ""easy_d00"", ""map_seed"": 20260623, ""query_seed"": 20261624, ""waypoint_count"": 2, ""bottleneck_count"": 2}"
easy_s00_q0016,md_dqn,Easy,d08_12,False,False,0.1728917162399739,600,1.1249999999999982,12.498256849789906,,0,0.8286550898948917,0.491887083852129,0,0,0,0,False,,,,md_dqn_not_reached,"{""profile_name"": ""easy_d00"", ""map_seed"": 20260623, ""query_seed"": 20261624, ""md_dqn_source_dir"": ""/home/ubuntu/DQN10/2_experiment"", ""md_dqn_checkpoint_path"": ""/home/ubuntu/DQN10/2_experiment/ugv_dqn/outputs/2026-05-12_train_load_external_demo_smoke/models/realmap_a/mlp-dqn.pt"", ""md_dqn_algo"": ""mlp-dqn"", ""md_dqn_device"": ""cpu"", ""md_dqn_max_steps"": 600, ""md_dqn_rollout_steps"": 600, ""md_dqn_reached"": false}"
easy_s00_q0017,vanilla_ha,Easy,d12_16,False,False,2.5001046657562256,2619,,,,0,,,0,0,0,0,False,,,,timeout,"{""profile_name"": ""easy_d01"", ""map_seed"": 20260623, ""query_seed"": 20261625, ""evaluation_path_source"": ""planner_path"", ""planner_path_pose_count"": 0, ""evaluation_path_pose_count"": 0}"
easy_s00_q0017,f_n3p_knn,Easy,d12_16,True,True,0.6972714462317526,499,17.97748823276998,,,1,0.2599482284181121,0.08121037153098165,0,8,2,0,True,0,0,,,"{""profile_name"": ""easy_d01"", ""map_seed"": 20260623, ""query_seed"": 20261625}"
easy_s00_q0017,n3p_k1,Easy,d12_16,True,True,0.6944969850592315,499,17.97748823276998,,,1,0.2599482284181121,0.08121037153098165,0,0,2,0,True,0,0,,,"{""profile_name"": ""easy_d01"", ""map_seed"": 20260623, ""query_seed"": 20261625}"
easy_s00_q0017,voronoi_waypoint,Easy,d12_16,True,True,0.6288650219794363,4,20.46359738286333,,,3,0.40551899283256276,0.0919860035900284,0,0,0,0,False,,,,,"{""profile_name"": ""easy_d01"", ""map_seed"": 20260623, ""query_seed"": 20261625, ""waypoint_count"": 3}"
easy_s00_q0017,bottleneck_waypoint,Easy,d12_16,False,False,1.4844454198610038,904,11.99348523553911,,,0,0.40182130420965156,0.589853196873646,0,0,0,0,False,,,,segment_failed:timeout,"{""profile_name"": ""easy_d01"", ""map_seed"": 20260623, ""query_seed"": 20261625, ""waypoint_count"": 3, ""bottleneck_count"": 3}"
easy_s00_q0017,md_dqn,Easy,d12_16,False,False,0.17019454948604107,600,2.2500000000000164,,,0,0.08734630124014993,0.6924444440704038,0,0,0,0,False,,,,md_dqn_not_reached,"{""profile_name"": ""easy_d01"", ""map_seed"": 20260623, ""query_seed"": 20261625, ""md_dqn_source_dir"": ""/home/ubuntu/DQN10/2_experiment"", ""md_dqn_checkpoint_path"": ""/home/ubuntu/DQN10/2_experiment/ugv_dqn/outputs/2026-05-12_train_load_external_demo_smoke/models/realmap_a/mlp-dqn.pt"", ""md_dqn_algo"": ""mlp-dqn"", ""md_dqn_device"": ""cpu"", ""md_dqn_max_steps"": 600, ""md_dqn_rollout_steps"": 600, ""md_dqn_reached"": false}"
easy_s00_q0018,vanilla_ha,Easy,d16_20,False,False,2.500389575958252,3628,,,,0,,,0,0,0,0,False,,,,timeout,"{""profile_name"": ""easy_d00"", ""map_seed"": 20260623, ""query_seed"": 20261626, ""evaluation_path_source"": ""planner_path"", ""planner_path_pose_count"": 0, ""evaluation_path_pose_count"": 0}"
easy_s00_q0018,f_n3p_knn,Easy,d16_20,True,True,0.6048437659628689,4,19.384596030768382,,,0,0.06751115710086335,0.07043827550233317,0,2,0,0,True,3,4,0.75,,"{""profile_name"": ""easy_d00"", ""map_seed"": 20260623, ""query_seed"": 20261626}"
easy_s00_q0018,n3p_k1,Easy,d16_20,True,True,1.6096165429335088,1018,19.417943952481018,,,0,0.10122308497643823,0.07043827550233317,0,0,1,0,True,3,3,1.0,,"{""profile_name"": ""easy_d00"", ""map_seed"": 20260623, ""query_seed"": 20261626}"
easy_s00_q0018,voronoi_waypoint,Easy,d16_20,True,True,0.7552406589966267,5,24.042873532280712,,,1,0.19760185407883138,0.051158529116568374,0,0,0,0,False,,,,,"{""profile_name"": ""easy_d00"", ""map_seed"": 20260623, ""query_seed"": 20261626, ""waypoint_count"": 4}"
easy_s00_q0018,bottleneck_waypoint,Easy,d16_20,True,True,0.6154949718620628,4,21.446666123828592,,,0,0.15531950610881776,0.10390525762695135,0,0,0,0,False,,,,,"{""profile_name"": ""easy_d00"", ""map_seed"": 20260623, ""query_seed"": 20261626, ""waypoint_count"": 3, ""bottleneck_count"": 3}"
easy_s00_q0018,md_dqn,Easy,d16_20,False,False,0.172757318476215,600,1.125000000000002,,,0,0.8385645564237252,1.3398801280522417,0,0,0,0,False,,,,md_dqn_not_reached,"{""profile_name"": ""easy_d00"", ""map_seed"": 20260623, ""query_seed"": 20261626, ""md_dqn_source_dir"": ""/home/ubuntu/DQN10/2_experiment"", ""md_dqn_checkpoint_path"": ""/home/ubuntu/DQN10/2_experiment/ugv_dqn/outputs/2026-05-12_train_load_external_demo_smoke/models/realmap_a/mlp-dqn.pt"", ""md_dqn_algo"": ""mlp-dqn"", ""md_dqn_device"": ""cpu"", ""md_dqn_max_steps"": 600, ""md_dqn_rollout_steps"": 600, ""md_dqn_reached"": false}"
easy_s00_q0019,vanilla_ha,Easy,d20_inf,True,True,0.20503592491149902,105,26.783189352567955,,,0,0.0885010587025375,0.07076261955971164,0,0,0,0,False,,,,,"{""profile_name"": ""easy_d01"", ""map_seed"": 20260623, ""query_seed"": 20261627, ""evaluation_path_source"": ""trace_poses"", ""planner_path_pose_count"": 25, ""evaluation_path_pose_count"": 269}"
easy_s00_q0019,f_n3p_knn,Easy,d20_inf,True,True,0.15595220308750868,1,26.45021281682745,26.783189352567955,-0.012432295921045,0,0.035664232394035586,0.18283423995754733,0,1,0,0,True,0,1,0.0,,"{""profile_name"": ""easy_d01"", ""map_seed"": 20260623, ""query_seed"": 20261627}"
easy_s00_q0019,n3p_k1,Easy,d20_inf,True,True,0.914013370173052,509,27.549503995295773,26.783189352567955,0.028611777060611576,0,0.1281507838601852,0.0804633713512437,0,0,1,0,True,2,2,1.0,,"{""profile_name"": ""easy_d01"", ""map_seed"": 20260623, ""query_seed"": 20261627}"
easy_s00_q0019,voronoi_waypoint,Easy,d20_inf,True,True,0.9830083400011063,12,29.06335107950648,26.783189352567955,0.08513406289755032,2,0.26476813939047705,0.1229051129641463,0,0,0,0,False,,,,,"{""profile_name"": ""easy_d01"", ""map_seed"": 20260623, ""query_seed"": 20261627, ""waypoint_count"": 5}"
easy_s00_q0019,bottleneck_waypoint,Easy,d20_inf,True,True,0.987617070088163,6,27.801518084342952,26.783189352567955,0.03802119002221671,0,0.23547157116710174,0.4156514615506617,0,0,0,0,False,,,,,"{""profile_name"": ""easy_d01"", ""map_seed"": 20260623, ""query_seed"": 20261627, ""waypoint_count"": 5, ""bottleneck_count"": 5}"
easy_s00_q0019,md_dqn,Easy,d20_inf,False,False,0.17255175672471523,600,1.124999999999277,26.783189352567955,,0,0.0,2.07481987362343,0,0,0,0,False,,,,md_dqn_not_reached,"{""profile_name"": ""easy_d01"", ""map_seed"": 20260623, ""query_seed"": 20261627, ""md_dqn_source_dir"": ""/home/ubuntu/DQN10/2_experiment"", ""md_dqn_checkpoint_path"": ""/home/ubuntu/DQN10/2_experiment/ugv_dqn/outputs/2026-05-12_train_load_external_demo_smoke/models/realmap_a/mlp-dqn.pt"", ""md_dqn_algo"": ""mlp-dqn"", ""md_dqn_device"": ""cpu"", ""md_dqn_max_steps"": 600, ""md_dqn_rollout_steps"": 600, ""md_dqn_reached"": false}"
easy_s01_q0020,vanilla_ha,Easy,d08_12,True,True,0.16013026237487793,1,9.329523031752476,,,0,0.0,1.039512147651977,0,0,0,0,False,,,,,"{""profile_name"": ""easy_d00"", ""map_seed"": 20270620, ""query_seed"": 20271620, ""evaluation_path_source"": ""trace_poses"", ""planner_path_pose_count"": 2, ""evaluation_path_pose_count"": 95}"
easy_s01_q0020,f_n3p_knn,Easy,d08_12,True,True,0.00047031790018081665,0,9.32952303175248,9.329523031752476,4.440892098500626e-16,0,2.3800209739481375e-17,1.0395121476519762,0,0,0,0,False,0,0,,,"{""profile_name"": ""easy_d00"", ""map_seed"": 20270620, ""query_seed"": 20271620}"
easy_s01_q0020,n3p_k1,Easy,d08_12,True,True,0.00041411397978663445,0,9.32952303175248,9.329523031752476,4.440892098500626e-16,0,2.3800209739481375e-17,1.0395121476519762,0,0,0,0,False,0,0,,,"{""profile_name"": ""easy_d00"", ""map_seed"": 20270620, ""query_seed"": 20271620}"
easy_s01_q0020,voronoi_waypoint,Easy,d08_12,True,True,0.35560759785585105,2,11.79287922679097,9.329523031752476,0.2640388138444598,0,0.26682985454403046,1.5565111068607436,0,0,0,0,False,,,,,"{""profile_name"": ""easy_d00"", ""map_seed"": 20270620, ""query_seed"": 20271620, ""waypoint_count"": 1}"
easy_s01_q0020,bottleneck_waypoint,Easy,d08_12,True,True,0.512813885929063,3,13.566066861837992,9.329523031752476,0.45410079547118243,2,0.43745868021132556,1.5586390530681118,0,0,0,0,False,,,,,"{""profile_name"": ""easy_d00"", ""map_seed"": 20270620, ""query_seed"": 20271620, ""waypoint_count"": 2, ""bottleneck_count"": 2}"
easy_s01_q0020,md_dqn,Easy,d08_12,False,False,0.17060999339446425,600,1.1249999999996323,9.329523031752476,,0,0.0,1.4677144185754945,0,0,0,0,False,,,,md_dqn_not_reached,"{""profile_name"": ""easy_d00"", ""map_seed"": 20270620, ""query_seed"": 20271620, ""md_dqn_source_dir"": ""/home/ubuntu/DQN10/2_experiment"", ""md_dqn_checkpoint_path"": ""/home/ubuntu/DQN10/2_experiment/ugv_dqn/outputs/2026-05-12_train_load_external_demo_smoke/models/realmap_a/mlp-dqn.pt"", ""md_dqn_algo"": ""mlp-dqn"", ""md_dqn_device"": ""cpu"", ""md_dqn_max_steps"": 600, ""md_dqn_rollout_steps"": 600, ""md_dqn_reached"": false}"
easy_s01_q0021,vanilla_ha,Easy,d12_16,True,True,0.17824530601501465,36,13.315984218231037,,,0,0.13517588865384828,0.08950079353378326,0,0,0,0,False,,,,,"{""profile_name"": ""easy_d01"", ""map_seed"": 20270620, ""query_seed"": 20271621, ""evaluation_path_source"": ""trace_poses"", ""planner_path_pose_count"": 20, ""evaluation_path_pose_count"": 135}"
easy_s01_q0021,f_n3p_knn,Easy,d12_16,True,True,0.16486683790571988,1,13.441555996971593,13.315984218231037,0.009430153767277183,0,0.11033233691295256,0.07629770804570313,0,3,0,0,True,0,1,0.0,,"{""profile_name"": ""easy_d01"", ""map_seed"": 20270620, ""query_seed"": 20271621}"
easy_s01_q0021,n3p_k1,Easy,d12_16,True,True,0.18868391611613333,36,13.315984218231037,13.315984218231037,0.0,0,0.1351758886538483,0.08950079353378326,0,0,1,0,True,0,0,,,"{""profile_name"": ""easy_d01"", ""map_seed"": 20270620, ""query_seed"": 20271621}"
easy_s01_q0021,voronoi_waypoint,Easy,d12_16,True,True,0.513526793802157,3,14.540227814376,13.315984218231037,0.0919378977987102,0,0.30495643240509374,0.20518830025915824,0,0,0,0,False,,,,,"{""profile_name"": ""easy_d01"", ""map_seed"": 20270620, ""query_seed"": 20271621, ""waypoint_count"": 2}"
easy_s01_q0021,bottleneck_waypoint,Easy,d12_16,True,True,0.5146711010020226,3,13.912195748713994,13.315984218231037,0.04477412414372495,0,0.19975635496215316,0.4427770480854136,0,0,0,0,False,,,,,"{""profile_name"": ""easy_d01"", ""map_seed"": 20270620, ""query_seed"": 20271621, ""waypoint_count"": 2, ""bottleneck_count"": 2}"
easy_s01_q0021,md_dqn,Easy,d12_16,False,False,0.3088173600845039,583,1.164375000000762,13.315984218231037,,1,0.07284143783538377,0.476865261996242,0,0,0,0,False,,,,md_dqn_not_reached,"{""profile_name"": ""easy_d01"", ""map_seed"": 20270620, ""query_seed"": 20271621, ""md_dqn_source_dir"": ""/home/ubuntu/DQN10/2_experiment"", ""md_dqn_checkpoint_path"": ""/home/ubuntu/DQN10/2_experiment/ugv_dqn/outputs/2026-05-12_train_load_external_demo_smoke/models/realmap_a/mlp-dqn.pt"", ""md_dqn_algo"": ""mlp-dqn"", ""md_dqn_device"": ""cpu"", ""md_dqn_max_steps"": 600, ""md_dqn_rollout_steps"": 583, ""md_dqn_reached"": false}"
easy_s01_q0022,vanilla_ha,Easy,d16_20,True,True,0.20510387420654297,81,18.15478218287994,,,0,0.08136356455352291,0.24624253408142438,0,0,0,0,False,,,,,"{""profile_name"": ""easy_d00"", ""map_seed"": 20270620, ""query_seed"": 20271622, ""evaluation_path_source"": ""trace_poses"", ""planner_path_pose_count"": 31, ""evaluation_path_pose_count"": 184}"
easy_s01_q0022,f_n3p_knn,Easy,d16_20,True,True,0.32248486182652414,2,17.909988691522905,18.15478218287994,-0.013483692004185976,0,0.04997610776425965,0.14158425436784772,0,1,0,0,True,1,2,0.5,,"{""profile_name"": ""easy_d00"", ""map_seed"": 20270620, ""query_seed"": 20271622}"
easy_s01_q0022,n3p_k1,Easy,d16_20,True,True,0.3285898801404983,23,17.9141894505395,18.15478218287994,-0.013252306192212071,0,0.0700394474970657,0.060781787275806076,0,0,2,0,True,0,0,,,"{""profile_name"": ""easy_d00"", ""map_seed"": 20270620, ""query_seed"": 20271622}"
easy_s01_q0022,voronoi_waypoint,Easy,d16_20,True,True,0.6357490730006248,4,20.42226935372187,18.15478218287994,0.12489751449511632,0,0.2960680282560358,0.24624253408142438,0,0,0,0,False,,,,,"{""profile_name"": ""easy_d00"", ""map_seed"": 20270620, ""query_seed"": 20271622, ""waypoint_count"": 3}"
easy_s01_q0022,bottleneck_waypoint,Easy,d16_20,True,True,0.6605508648790419,4,19.260246686285377,18.15478218287994,0.060891091519010176,0,0.19989256776124248,0.24624253408142438,0,0,0,0,False,,,,,"{""profile_name"": ""easy_d00"", ""map_seed"": 20270620, ""query_seed"": 20271622, ""waypoint_count"": 3, ""bottleneck_count"": 3}"
easy_s01_q0022,md_dqn,Easy,d16_20,False,False,0.3719356043729931,600,2.250000000000008,18.15478218287994,,0,0.0873463012401503,0.24624253408142438,0,0,0,0,False,,,,md_dqn_not_reached,"{""profile_name"": ""easy_d00"", ""map_seed"": 20270620, ""query_seed"": 20271622, ""md_dqn_source_dir"": ""/home/ubuntu/DQN10/2_experiment"", ""md_dqn_checkpoint_path"": ""/home/ubuntu/DQN10/2_experiment/ugv_dqn/outputs/2026-05-12_train_load_external_demo_smoke/models/realmap_a/mlp-dqn.pt"", ""md_dqn_algo"": ""mlp-dqn"", ""md_dqn_device"": ""cpu"", ""md_dqn_max_steps"": 600, ""md_dqn_rollout_steps"": 600, ""md_dqn_reached"": false}"
easy_s01_q0023,vanilla_ha,Easy,d20_inf,False,False,2.5001485347747803,3315,,,,0,,,0,0,0,0,False,,,,timeout,"{""profile_name"": ""easy_d01"", ""map_seed"": 20270620, ""query_seed"": 20271623, ""evaluation_path_source"": ""planner_path"", ""planner_path_pose_count"": 0, ""evaluation_path_pose_count"": 0}"
easy_s01_q0023,f_n3p_knn,Easy,d20_inf,True,True,0.6234391969628632,4,27.077773561253487,,,1,0.1086481937397894,0.1302017051509332,0,3,0,0,True,2,4,0.5,,"{""profile_name"": ""easy_d01"", ""map_seed"": 20270620, ""query_seed"": 20271623}"
easy_s01_q0023,n3p_k1,Easy,d20_inf,False,False,3.683898959076032,4642,,,,0,,,0,0,2,1,True,0,0,,f2_failed:prediction:goal_in_collision;goal:timeout;f3_failed:timeout,"{""profile_name"": ""easy_d01"", ""map_seed"": 20270620, ""query_seed"": 20271623}"
easy_s01_q0023,voronoi_waypoint,Easy,d20_inf,True,True,0.9166621840558946,6,29.086912018893536,,,1,0.293163761304894,0.21267103662622644,0,0,0,0,False,,,,,"{""profile_name"": ""easy_d01"", ""map_seed"": 20270620, ""query_seed"": 20271623, ""waypoint_count"": 5}"
easy_s01_q0023,bottleneck_waypoint,Easy,d20_inf,True,True,0.7769467488396913,5,27.317069453180082,,,3,0.24522516892845853,0.212671036626225,0,0,0,0,False,,,,,"{""profile_name"": ""easy_d01"", ""map_seed"": 20270620, ""query_seed"": 20271623, ""waypoint_count"": 4, ""bottleneck_count"": 4}"
easy_s01_q0023,md_dqn,Easy,d20_inf,False,False,0.1710823280736804,600,2.250000000000006,,,0,0.08734630124015029,1.9002456402716903,0,0,0,0,False,,,,md_dqn_not_reached,"{""profile_name"": ""easy_d01"", ""map_seed"": 20270620, ""query_seed"": 20271623, ""md_dqn_source_dir"": ""/home/ubuntu/DQN10/2_experiment"", ""md_dqn_checkpoint_path"": ""/home/ubuntu/DQN10/2_experiment/ugv_dqn/outputs/2026-05-12_train_load_external_demo_smoke/models/realmap_a/mlp-dqn.pt"", ""md_dqn_algo"": ""mlp-dqn"", ""md_dqn_device"": ""cpu"", ""md_dqn_max_steps"": 600, ""md_dqn_rollout_steps"": 600, ""md_dqn_reached"": false}"
easy_s01_q0024,vanilla_ha,Easy,d08_12,True,True,0.8301882743835449,1116,10.726471110540526,,,0,0.1671769341535635,0.1460514855626912,0,0,0,0,False,,,,,"{""profile_name"": ""easy_d00"", ""map_seed"": 20270620, ""query_seed"": 20271624, ""evaluation_path_source"": ""trace_poses"", ""planner_path_pose_count"": 17, ""evaluation_path_pose_count"": 110}"
easy_s01_q0024,f_n3p_knn,Easy,d08_12,True,True,0.1613108590245247,1,10.594054478380656,10.726471110540526,-0.012344845830027817,0,0.0684812002298993,0.15061066493893205,0,3,0,0,True,0,1,0.0,,"{""profile_name"": ""easy_d00"", ""map_seed"": 20270620, ""query_seed"": 20271624}"
easy_s01_q0024,n3p_k1,Easy,d08_12,True,True,1.8420502659864724,2267,10.726471110540526,10.726471110540526,0.0,0,0.1671769341535635,0.1460514855626912,0,0,1,0,True,0,0,,,"{""profile_name"": ""easy_d00"", ""map_seed"": 20270620, ""query_seed"": 20271624}"
easy_s01_q0024,voronoi_waypoint,Easy,d08_12,True,True,0.33631380600854754,2,11.998947593067848,10.726471110540526,0.11862955387787366,0,0.19937639209186583,1.080688754996876,0,0,0,0,False,,,,,"{""profile_name"": ""easy_d00"", ""map_seed"": 20270620, ""query_seed"": 20271624, ""waypoint_count"": 1}"
easy_s01_q0024,bottleneck_waypoint,Easy,d08_12,True,True,0.3360875411890447,2,11.433340009157833,10.726471110540526,0.06589948281524682,0,0.21108239995778666,1.0171096501116275,0,0,0,0,False,,,,,"{""profile_name"": ""easy_d00"", ""map_seed"": 20270620, ""query_seed"": 20271624, ""waypoint_count"": 1, ""bottleneck_count"": 1}"
easy_s01_q0024,md_dqn,Easy,d08_12,False,False,0.17158894147723913,600,1.1249999999999718,10.726471110540526,,0,0.11625320302850889,1.7237893309492822,0,0,0,0,False,,,,md_dqn_not_reached,"{""profile_name"": ""easy_d00"", ""map_seed"": 20270620, ""query_seed"": 20271624, ""md_dqn_source_dir"": ""/home/ubuntu/DQN10/2_experiment"", ""md_dqn_checkpoint_path"": ""/home/ubuntu/DQN10/2_experiment/ugv_dqn/outputs/2026-05-12_train_load_external_demo_smoke/models/realmap_a/mlp-dqn.pt"", ""md_dqn_algo"": ""mlp-dqn"", ""md_dqn_device"": ""cpu"", ""md_dqn_max_steps"": 600, ""md_dqn_rollout_steps"": 600, ""md_dqn_reached"": false}"
easy_s01_q0025,vanilla_ha,Easy,d12_16,True,True,0.15837788581848145,17,12.240133949021715,,,0,0.13367754600193438,0.06945771916205201,0,0,0,0,False,,,,,"{""profile_name"": ""easy_d01"", ""map_seed"": 20270621, ""query_seed"": 20271621, ""evaluation_path_source"": ""trace_poses"", ""planner_path_pose_count"": 11, ""evaluation_path_pose_count"": 125}"
easy_s01_q0025,f_n3p_knn,Easy,d12_16,True,True,0.33312448603101075,187,12.446495704571364,12.240133949021715,0.01685943604940232,2,0.152428117985898,0.07400480870611748,0,4,1,0,True,0,0,,,"{""profile_name"": ""easy_d01"", ""map_seed"": 20270621, ""query_seed"": 20271621}"
easy_s01_q0025,n3p_k1,Easy,d12_16,True,True,0.3320145630277693,187,12.446495704571364,12.240133949021715,0.01685943604940232,2,0.152428117985898,0.07400480870611748,0,0,1,0,True,0,0,,,"{""profile_name"": ""easy_d01"", ""map_seed"": 20270621, ""query_seed"": 20271621}"
easy_s01_q0025,voronoi_waypoint,Easy,d12_16,True,True,0.47998613910749555,3,14.672795378196803,12.240133949021715,0.19874467381703087,2,0.33335235994363693,0.7007060367834506,0,0,0,0,False,,,,,"{""profile_name"": ""easy_d01"", ""map_seed"": 20270621, ""query_seed"": 20271621, ""waypoint_count"": 2}"
easy_s01_q0025,bottleneck_waypoint,Easy,d12_16,True,True,0.3395307420287281,2,12.847564410998759,12.240133949021715,0.04962612864425342,0,0.2081457012944652,0.5821324768161438,0,0,0,0,False,,,,,"{""profile_name"": ""easy_d01"", ""map_seed"": 20270621, ""query_seed"": 20271621, ""waypoint_count"": 1, ""bottleneck_count"": 1}"
easy_s01_q0025,md_dqn,Easy,d12_16,False,False,0.1707007479853928,600,1.1249999999999936,12.240133949021715,,0,0.8385645564237321,0.6001899663409751,0,0,0,0,False,,,,md_dqn_not_reached,"{""profile_name"": ""easy_d01"", ""map_seed"": 20270621, ""query_seed"": 20271621, ""md_dqn_source_dir"": ""/home/ubuntu/DQN10/2_experiment"", ""md_dqn_checkpoint_path"": ""/home/ubuntu/DQN10/2_experiment/ugv_dqn/outputs/2026-05-12_train_load_external_demo_smoke/models/realmap_a/mlp-dqn.pt"", ""md_dqn_algo"": ""mlp-dqn"", ""md_dqn_device"": ""cpu"", ""md_dqn_max_steps"": 600, ""md_dqn_rollout_steps"": 600, ""md_dqn_reached"": false}"
easy_s01_q0026,vanilla_ha,Easy,d16_20,True,True,0.24964237213134766,145,17.233042834253148,,,0,0.17763298966032756,0.057414340250322105,0,0,0,0,False,,,,,"{""profile_name"": ""easy_d00"", ""map_seed"": 20270621, ""query_seed"": 20271622, ""evaluation_path_source"": ""trace_poses"", ""planner_path_pose_count"": 25, ""evaluation_path_pose_count"": 175}"
easy_s01_q0026,f_n3p_knn,Easy,d16_20,True,True,0.46024857996962965,3,17.67660852599898,17.233042834253148,0.025739255453145038,0,0.14261698813634588,0.11100416668833057,0,3,0,0,True,2,3,0.6666666666666666,,"{""profile_name"": ""easy_d00"", ""map_seed"": 20270621, ""query_seed"": 20271622}"
easy_s01_q0026,n3p_k1,Easy,d16_20,True,True,0.3692488551605493,88,17.151676729349692,17.233042834253148,-0.0047215170115940674,0,0.08347289269414647,0.06798770483222671,0,0,1,0,True,1,1,1.0,,"{""profile_name"": ""easy_d00"", ""map_seed"": 20270621, ""query_seed"": 20271622}"
easy_s01_q0026,voronoi_waypoint,Easy,d16_20,True,True,0.6206108471378684,4,17.878982173727554,17.233042834253148,0.037482605114316225,0,0.14382991639677514,0.22367729131781078,0,0,0,0,False,,,,,"{""profile_name"": ""easy_d00"", ""map_seed"": 20270621, ""query_seed"": 20271622, ""waypoint_count"": 3}"
easy_s01_q0026,bottleneck_waypoint,Easy,d16_20,True,True,0.6166787939146161,4,18.080676189375446,17.233042834253148,0.049186517046049705,0,0.1401007746014271,0.7057382894078419,0,0,0,0,False,,,,,"{""profile_name"": ""easy_d00"", ""map_seed"": 20270621, ""query_seed"": 20271622, ""waypoint_count"": 3, ""bottleneck_count"": 3}"
easy_s01_q0026,md_dqn,Easy,d16_20,False,False,0.17257771897129714,600,1.1250000000001936,17.233042834253148,,0,0.0,0.8300070849989065,0,0,0,0,False,,,,md_dqn_not_reached,"{""profile_name"": ""easy_d00"", ""map_seed"": 20270621, ""query_seed"": 20271622, ""md_dqn_source_dir"": ""/home/ubuntu/DQN10/2_experiment"", ""md_dqn_checkpoint_path"": ""/home/ubuntu/DQN10/2_experiment/ugv_dqn/outputs/2026-05-12_train_load_external_demo_smoke/models/realmap_a/mlp-dqn.pt"", ""md_dqn_algo"": ""mlp-dqn"", ""md_dqn_device"": ""cpu"", ""md_dqn_max_steps"": 600, ""md_dqn_rollout_steps"": 600, ""md_dqn_reached"": false}"
easy_s01_q0027,vanilla_ha,Easy,d20_inf,True,True,0.15286874771118164,1,25.0,,,0,0.0,0.46214866651724384,0,0,0,0,False,,,,,"{""profile_name"": ""easy_d01"", ""map_seed"": 20270621, ""query_seed"": 20271623, ""evaluation_path_source"": ""trace_poses"", ""planner_path_pose_count"": 2, ""evaluation_path_pose_count"": 251}"
easy_s01_q0027,f_n3p_knn,Easy,d20_inf,True,True,0.0009651829022914171,0,25.000000000000004,25.0,2.220446049250313e-16,0,0.0,0.46214866651724196,0,0,0,0,False,0,0,,,"{""profile_name"": ""easy_d01"", ""map_seed"": 20270621, ""query_seed"": 20271623}"
easy_s01_q0027,n3p_k1,Easy,d20_inf,True,True,0.0009405149612575769,0,25.000000000000004,25.0,2.220446049250313e-16,0,0.0,0.46214866651724196,0,0,0,0,False,0,0,,,"{""profile_name"": ""easy_d01"", ""map_seed"": 20270621, ""query_seed"": 20271623}"
easy_s01_q0027,voronoi_waypoint,Easy,d20_inf,True,True,0.7708774148486555,5,25.710468008646124,25.0,0.028418720345845028,0,0.17225689814777423,0.4621486665172474,0,0,0,0,False,,,,,"{""profile_name"": ""easy_d01"", ""map_seed"": 20270621, ""query_seed"": 20271623, ""waypoint_count"": 4}"
easy_s01_q0027,bottleneck_waypoint,Easy,d20_inf,True,True,0.6269247829914093,4,25.20701604344692,25.0,0.008280641737876904,0,0.05065549484761594,0.46214866651724595,0,0,0,0,False,,,,,"{""profile_name"": ""easy_d01"", ""map_seed"": 20270621, ""query_seed"": 20271623, ""waypoint_count"": 3, ""bottleneck_count"": 3}"
easy_s01_q0027,md_dqn,Easy,d20_inf,False,False,0.17236658046022058,600,1.1249999999999902,25.0,,0,0.8286550898948973,1.6475948208586524,0,0,0,0,False,,,,md_dqn_not_reached,"{""profile_name"": ""easy_d01"", ""map_seed"": 20270621, ""query_seed"": 20271623, ""md_dqn_source_dir"": ""/home/ubuntu/DQN10/2_experiment"", ""md_dqn_checkpoint_path"": ""/home/ubuntu/DQN10/2_experiment/ugv_dqn/outputs/2026-05-12_train_load_external_demo_smoke/models/realmap_a/mlp-dqn.pt"", ""md_dqn_algo"": ""mlp-dqn"", ""md_dqn_device"": ""cpu"", ""md_dqn_max_steps"": 600, ""md_dqn_rollout_steps"": 600, ""md_dqn_reached"": false}"
easy_s01_q0028,vanilla_ha,Easy,d08_12,True,True,0.18525242805480957,61,11.482770772151245,,,0,0.1308351499942803,0.15894298404928298,0,0,0,0,False,,,,,"{""profile_name"": ""easy_d00"", ""map_seed"": 20270621, ""query_seed"": 20271624, ""evaluation_path_source"": ""trace_poses"", ""planner_path_pose_count"": 20, ""evaluation_path_pose_count"": 118}"
easy_s01_q0028,f_n3p_knn,Easy,d08_12,True,True,0.30558073287829757,2,11.057506598601435,11.482770772151245,-0.03703497892522489,0,0.12958066001488106,0.403607713967872,0,1,0,0,True,1,2,0.5,,"{""profile_name"": ""easy_d00"", ""map_seed"": 20270621, ""query_seed"": 20271624}"
easy_s01_q0028,n3p_k1,Easy,d08_12,True,True,0.43099964200519025,367,11.039825615291562,11.482770772151245,-0.03857476262906345,0,0.34282319995432003,0.07734189211632336,0,0,1,0,True,0,0,,,"{""profile_name"": ""easy_d00"", ""map_seed"": 20270621, ""query_seed"": 20271624}"
easy_s01_q0028,voronoi_waypoint,Easy,d08_12,True,True,0.328774516005069,2,11.110483299608688,11.482770772151245,-0.032421397233275084,0,0.10517261100572643,0.36410744994274125,0,0,0,0,False,,,,,"{""profile_name"": ""easy_d00"", ""map_seed"": 20270621, ""query_seed"": 20271624, ""waypoint_count"": 1}"
easy_s01_q0028,bottleneck_waypoint,Easy,d08_12,True,True,0.3294528890401125,2,11.196306610392755,11.482770772151245,-0.024947303002271992,0,0.13184997619523814,0.5349565874838329,0,0,0,0,False,,,,,"{""profile_name"": ""easy_d00"", ""map_seed"": 20270621, ""query_seed"": 20271624, ""waypoint_count"": 1, ""bottleneck_count"": 1}"
easy_s01_q0028,md_dqn,Easy,d08_12,False,False,0.17041745618917048,600,1.1249999999999964,11.482770772151245,,0,0.6929332420330763,1.7775165342428787,0,0,0,0,False,,,,md_dqn_not_reached,"{""profile_name"": ""easy_d00"", ""map_seed"": 20270621, ""query_seed"": 20271624, ""md_dqn_source_dir"": ""/home/ubuntu/DQN10/2_experiment"", ""md_dqn_checkpoint_path"": ""/home/ubuntu/DQN10/2_experiment/ugv_dqn/outputs/2026-05-12_train_load_external_demo_smoke/models/realmap_a/mlp-dqn.pt"", ""md_dqn_algo"": ""mlp-dqn"", ""md_dqn_device"": ""cpu"", ""md_dqn_max_steps"": 600, ""md_dqn_rollout_steps"": 600, ""md_dqn_reached"": false}"
easy_s01_q0029,vanilla_ha,Easy,d12_16,True,True,0.22252941131591797,96,14.608018354461,,,0,0.11121291746433443,0.18376782481071063,0,0,0,0,False,,,,,"{""profile_name"": ""easy_d01"", ""map_seed"": 20270621, ""query_seed"": 20271625, ""evaluation_path_source"": ""trace_poses"", ""planner_path_pose_count"": 30, ""evaluation_path_pose_count"": 149}"
easy_s01_q0029,f_n3p_knn,Easy,d12_16,True,True,0.3057845670264214,2,15.485868394596228,14.608018354461,0.06009371146957454,2,0.1358260212327451,0.27536358415052975,0,4,0,0,True,1,2,0.5,,"{""profile_name"": ""easy_d01"", ""map_seed"": 20270621, ""query_seed"": 20271625}"
easy_s01_q0029,n3p_k1,Easy,d12_16,True,True,0.3077594949863851,12,14.774348080563113,14.608018354461,0.01138619366885707,0,0.09199278337966149,0.07078716061391466,0,0,1,0,True,1,1,1.0,,"{""profile_name"": ""easy_d01"", ""map_seed"": 20270621, ""query_seed"": 20271625}"
easy_s01_q0029,voronoi_waypoint,Easy,d12_16,True,True,0.4751911200582981,3,15.71688995840623,14.608018354461,0.07590842077540261,0,0.1746905982796271,0.2991198185825549,0,0,0,0,False,,,,,"{""profile_name"": ""easy_d01"", ""map_seed"": 20270621, ""query_seed"": 20271625, ""waypoint_count"": 2}"
easy_s01_q0029,bottleneck_waypoint,Easy,d12_16,True,True,0.475992338033393,3,15.277381338155733,14.608018354461,0.0458216143663539,0,0.11247405502468265,0.3005563051047534,0,0,0,0,False,,,,,"{""profile_name"": ""easy_d01"", ""map_seed"": 20270621, ""query_seed"": 20271625, ""waypoint_count"": 2, ""bottleneck_count"": 2}"
easy_s01_q0029,md_dqn,Easy,d12_16,False,False,0.1719697096850723,600,1.1249999999998128,14.608018354461,,0,0.0,1.9479175376955067,0,0,0,0,False,,,,md_dqn_not_reached,"{""profile_name"": ""easy_d01"", ""map_seed"": 20270621, ""query_seed"": 20271625, ""md_dqn_source_dir"": ""/home/ubuntu/DQN10/2_experiment"", ""md_dqn_checkpoint_path"": ""/home/ubuntu/DQN10/2_experiment/ugv_dqn/outputs/2026-05-12_train_load_external_demo_smoke/models/realmap_a/mlp-dqn.pt"", ""md_dqn_algo"": ""mlp-dqn"", ""md_dqn_device"": ""cpu"", ""md_dqn_max_steps"": 600, ""md_dqn_rollout_steps"": 600, ""md_dqn_reached"": false}"
easy_s01_q0030,vanilla_ha,Easy,d16_20,True,True,0.27838921546936035,241,18.13488025588164,,,0,0.20084080928093287,0.11512428997645507,0,0,0,0,False,,,,,"{""profile_name"": ""easy_d00"", ""map_seed"": 20270622, ""query_seed"": 20271622, ""evaluation_path_source"": ""trace_poses"", ""planner_path_pose_count"": 26, ""evaluation_path_pose_count"": 184}"
easy_s01_q0030,f_n3p_knn,Easy,d16_20,True,True,0.32240895996801555,20,17.5075400220039,18.13488025588164,-0.03459301771095369,0,0.08777180799569569,0.1504923438680018,0,5,1,0,True,0,1,0.0,,"{""profile_name"": ""easy_d00"", ""map_seed"": 20270622, ""query_seed"": 20271622}"
easy_s01_q0030,n3p_k1,Easy,d16_20,True,True,0.28740633092820644,241,18.13488025588164,18.13488025588164,0.0,0,0.20084080928093287,0.11512428997645507,0,0,1,0,True,0,0,,,"{""profile_name"": ""easy_d00"", ""map_seed"": 20270622, ""query_seed"": 20271622}"
easy_s01_q0030,voronoi_waypoint,Easy,d16_20,True,True,0.6225336480420083,4,18.725755126694178,18.13488025588164,0.032582231725566624,0,0.10638783792403203,0.37877342730845576,0,0,0,0,False,,,,,"{""profile_name"": ""easy_d00"", ""map_seed"": 20270622, ""query_seed"": 20271622, ""waypoint_count"": 3}"
easy_s01_q0030,bottleneck_waypoint,Easy,d16_20,True,True,0.4813518568407744,3,18.581220254903464,18.13488025588164,0.02461223855487349,0,0.09666233697198966,0.370564837054599,0,0,0,0,False,,,,,"{""profile_name"": ""easy_d00"", ""map_seed"": 20270622, ""query_seed"": 20271622, ""waypoint_count"": 2, ""bottleneck_count"": 2}"
easy_s01_q0030,md_dqn,Easy,d16_20,False,False,0.1707626967690885,600,1.1249999999997455,18.13488025588164,,0,0.0,1.0590070204220203,0,0,0,0,False,,,,md_dqn_not_reached,"{""profile_name"": ""easy_d00"", ""map_seed"": 20270622, ""query_seed"": 20271622, ""md_dqn_source_dir"": ""/home/ubuntu/DQN10/2_experiment"", ""md_dqn_checkpoint_path"": ""/home/ubuntu/DQN10/2_experiment/ugv_dqn/outputs/2026-05-12_train_load_external_demo_smoke/models/realmap_a/mlp-dqn.pt"", ""md_dqn_algo"": ""mlp-dqn"", ""md_dqn_device"": ""cpu"", ""md_dqn_max_steps"": 600, ""md_dqn_rollout_steps"": 600, ""md_dqn_reached"": false}"
easy_s01_q0031,vanilla_ha,Easy,d20_inf,True,True,0.26606225967407227,209,22.064081275066094,,,0,0.312019163107534,0.08113244563586286,0,0,0,0,False,,,,,"{""profile_name"": ""easy_d01"", ""map_seed"": 20270622, ""query_seed"": 20271623, ""evaluation_path_source"": ""trace_poses"", ""planner_path_pose_count"": 59, ""evaluation_path_pose_count"": 223}"
easy_s01_q0031,f_n3p_knn,Easy,d20_inf,True,True,0.31095068505965173,2,22.012136005997277,22.064081275066094,-0.0023542910498394187,0,0.08047120162501638,0.29205442647215607,0,2,0,0,True,1,2,0.5,,"{""profile_name"": ""easy_d01"", ""map_seed"": 20270622, ""query_seed"": 20271623}"
easy_s01_q0031,n3p_k1,Easy,d20_inf,True,True,1.684647544985637,1286,22.033483571498472,22.064081275066094,-0.0013867653579666683,0,0.15796512858565234,0.13336364027183367,0,0,2,0,True,1,1,1.0,,"{""profile_name"": ""easy_d01"", ""map_seed"": 20270622, ""query_seed"": 20271623}"
easy_s01_q0031,voronoi_waypoint,Easy,d20_inf,True,True,0.7618961250409484,5,22.899702307115863,22.064081275066094,0.03787245984241716,0,0.1990787974753944,0.9029438003590275,0,0,0,0,False,,,,,"{""profile_name"": ""easy_d01"", ""map_seed"": 20270622, ""query_seed"": 20271623, ""waypoint_count"": 4}"
easy_s01_q0031,bottleneck_waypoint,Easy,d20_inf,True,True,0.47654085303656757,3,22.684668778652117,22.064081275066094,0.028126596156411443,0,0.11655087093414536,0.902943800359028,0,0,0,0,False,,,,,"{""profile_name"": ""easy_d01"", ""map_seed"": 20270622, ""query_seed"": 20271623, ""waypoint_count"": 2, ""bottleneck_count"": 2}"
easy_s01_q0031,md_dqn,Easy,d20_inf,False,False,0.1695891753770411,600,1.1249999999999598,22.064081275066094,,0,0.8286550898949203,1.2784639900817178,0,0,0,0,False,,,,md_dqn_not_reached,"{""profile_name"": ""easy_d01"", ""map_seed"": 20270622, ""query_seed"": 20271623, ""md_dqn_source_dir"": ""/home/ubuntu/DQN10/2_experiment"", ""md_dqn_checkpoint_path"": ""/home/ubuntu/DQN10/2_experiment/ugv_dqn/outputs/2026-05-12_train_load_external_demo_smoke/models/realmap_a/mlp-dqn.pt"", ""md_dqn_algo"": ""mlp-dqn"", ""md_dqn_device"": ""cpu"", ""md_dqn_max_steps"": 600, ""md_dqn_rollout_steps"": 600, ""md_dqn_reached"": false}"
easy_s01_q0032,vanilla_ha,Easy,d08_12,True,True,0.15020990371704102,1,11.859595271340421,,,0,0.0,0.19644832028198422,0,0,0,0,False,,,,,"{""profile_name"": ""easy_d00"", ""map_seed"": 20270622, ""query_seed"": 20271624, ""evaluation_path_source"": ""trace_poses"", ""planner_path_pose_count"": 2, ""evaluation_path_pose_count"": 120}"
easy_s01_q0032,f_n3p_knn,Easy,d08_12,True,True,0.0005261080805212259,0,11.859595271340421,11.859595271340421,0.0,0,0.0,0.19644832028198422,0,0,0,0,False,0,0,,,"{""profile_name"": ""easy_d00"", ""map_seed"": 20270622, ""query_seed"": 20271624}"
easy_s01_q0032,n3p_k1,Easy,d08_12,True,True,0.0005019230302423239,0,11.859595271340421,11.859595271340421,0.0,0,0.0,0.19644832028198422,0,0,0,0,False,0,0,,,"{""profile_name"": ""easy_d00"", ""map_seed"": 20270622, ""query_seed"": 20271624}"
easy_s01_q0032,voronoi_waypoint,Easy,d08_12,True,True,0.4819654000457376,3,12.128285193942293,11.859595271340421,0.022655909957667975,0,0.19492214220500587,0.35789747578939446,0,0,0,0,False,,,,,"{""profile_name"": ""easy_d00"", ""map_seed"": 20270622, ""query_seed"": 20271624, ""waypoint_count"": 2}"
easy_s01_q0032,bottleneck_waypoint,Easy,d08_12,True,True,0.47977792704477906,3,12.33602146818799,11.859595271340421,0.040172213802176504,0,0.255216186602579,0.4511545759612845,0,0,0,0,False,,,,,"{""profile_name"": ""easy_d00"", ""map_seed"": 20270622, ""query_seed"": 20271624, ""waypoint_count"": 2, ""bottleneck_count"": 2}"
easy_s01_q0032,md_dqn,Easy,d08_12,False,False,0.23322231601923704,600,1.2074999999999871,11.859595271340421,,1,0.8300593999480336,0.4519331492477019,0,0,0,0,False,,,,md_dqn_not_reached,"{""profile_name"": ""easy_d00"", ""map_seed"": 20270622, ""query_seed"": 20271624, ""md_dqn_source_dir"": ""/home/ubuntu/DQN10/2_experiment"", ""md_dqn_checkpoint_path"": ""/home/ubuntu/DQN10/2_experiment/ugv_dqn/outputs/2026-05-12_train_load_external_demo_smoke/models/realmap_a/mlp-dqn.pt"", ""md_dqn_algo"": ""mlp-dqn"", ""md_dqn_device"": ""cpu"", ""md_dqn_max_steps"": 600, ""md_dqn_rollout_steps"": 600, ""md_dqn_reached"": false}"
easy_s01_q0033,vanilla_ha,Easy,d12_16,True,True,0.6547725200653076,823,14.078152886804856,,,0,0.19015164748335087,0.11422976825076014,0,0,0,0,False,,,,,"{""profile_name"": ""easy_d01"", ""map_seed"": 20270622, ""query_seed"": 20271625, ""evaluation_path_source"": ""trace_poses"", ""planner_path_pose_count"": 25, ""evaluation_path_pose_count"": 144}"
easy_s01_q0033,f_n3p_knn,Easy,d12_16,True,True,0.37467200797982514,89,13.771801131350864,14.078152886804856,-0.021760791910501953,0,0.1641645863864215,0.13016242248785748,0,6,1,0,True,0,1,0.0,,"{""profile_name"": ""easy_d01"", ""map_seed"": 20270622, ""query_seed"": 20271625}"
easy_s01_q0033,n3p_k1,Easy,d12_16,True,True,0.16368513298220932,7,13.754114414948383,14.078152886804856,-0.023017115559256895,0,0.10054186409273716,0.2830543617971193,0,0,1,0,True,0,0,,,"{""profile_name"": ""easy_d01"", ""map_seed"": 20270622, ""query_seed"": 20271625}"
easy_s01_q0033,voronoi_waypoint,Easy,d12_16,True,True,0.6275554008316249,4,17.63229738106207,14.078152886804856,0.25245815433560437,2,0.27538004061335536,0.37921536854695725,0,0,0,0,False,,,,,"{""profile_name"": ""easy_d01"", ""map_seed"": 20270622, ""query_seed"": 20271625, ""waypoint_count"": 3}"
easy_s01_q0033,bottleneck_waypoint,Easy,d12_16,True,True,0.482934582978487,3,15.811804785619804,14.078152886804856,0.1231448409996927,0,0.19868653175170367,0.37921536854695725,0,0,0,0,False,,,,,"{""profile_name"": ""easy_d01"", ""map_seed"": 20270622, ""query_seed"": 20271625, ""waypoint_count"": 2, ""bottleneck_count"": 2}"
easy_s01_q0033,md_dqn,Easy,d12_16,False,False,0.16975122690200806,600,1.1250000000000064,14.078152886804856,,0,0.8385645564237204,0.5913114409871576,0,0,0,0,False,,,,md_dqn_not_reached,"{""profile_name"": ""easy_d01"", ""map_seed"": 20270622, ""query_seed"": 20271625, ""md_dqn_source_dir"": ""/home/ubuntu/DQN10/2_experiment"", ""md_dqn_checkpoint_path"": ""/home/ubuntu/DQN10/2_experiment/ugv_dqn/outputs/2026-05-12_train_load_external_demo_smoke/models/realmap_a/mlp-dqn.pt"", ""md_dqn_algo"": ""mlp-dqn"", ""md_dqn_device"": ""cpu"", ""md_dqn_max_steps"": 600, ""md_dqn_rollout_steps"": 600, ""md_dqn_reached"": false}"
easy_s01_q0034,vanilla_ha,Easy,d16_20,True,True,0.17616724967956543,57,16.722375614936542,,,0,0.15149186366617734,0.10375489578104702,0,0,0,0,False,,,,,"{""profile_name"": ""easy_d00"", ""map_seed"": 20270622, ""query_seed"": 20271626, ""evaluation_path_source"": ""trace_poses"", ""planner_path_pose_count"": 16, ""evaluation_path_pose_count"": 170}"
easy_s01_q0034,f_n3p_knn,Easy,d16_20,True,True,0.32207595300860703,17,17.18480152731766,16.722375614936542,0.02765312315841517,0,0.16386504379227934,0.10478044741337822,0,4,1,0,True,1,1,1.0,,"{""profile_name"": ""easy_d00"", ""map_seed"": 20270622, ""query_seed"": 20271626}"
easy_s01_q0034,n3p_k1,Easy,d16_20,True,True,0.31906719389371574,17,17.18480152731766,16.722375614936542,0.02765312315841517,0,0.16386504379227934,0.10478044741337822,0,0,1,0,True,1,1,1.0,,"{""profile_name"": ""easy_d00"", ""map_seed"": 20270622, ""query_seed"": 20271626}"
easy_s01_q0034,voronoi_waypoint,Easy,d16_20,True,True,0.6543172739911824,40,19.49601762726263,16.722375614936542,0.16586411381936994,0,0.20906714017162414,0.057001446716905546,0,0,0,0,False,,,,,"{""profile_name"": ""easy_d00"", ""map_seed"": 20270622, ""query_seed"": 20271626, ""waypoint_count"": 3}"
easy_s01_q0034,bottleneck_waypoint,Easy,d16_20,True,True,0.6199523850809783,4,19.19404367711265,16.722375614936542,0.14780603659975178,0,0.16087582793001418,0.588183488809688,0,0,0,0,False,,,,,"{""profile_name"": ""easy_d00"", ""map_seed"": 20270622, ""query_seed"": 20271626, ""waypoint_count"": 3, ""bottleneck_count"": 3}"
easy_s01_q0034,md_dqn,Easy,d16_20,False,False,0.1697116643190384,600,1.1250000000000193,16.722375614936542,,0,0.838564556423712,2.097078049605015,0,0,0,0,False,,,,md_dqn_not_reached,"{""profile_name"": ""easy_d00"", ""map_seed"": 20270622, ""query_seed"": 20271626, ""md_dqn_source_dir"": ""/home/ubuntu/DQN10/2_experiment"", ""md_dqn_checkpoint_path"": ""/home/ubuntu/DQN10/2_experiment/ugv_dqn/outputs/2026-05-12_train_load_external_demo_smoke/models/realmap_a/mlp-dqn.pt"", ""md_dqn_algo"": ""mlp-dqn"", ""md_dqn_device"": ""cpu"", ""md_dqn_max_steps"": 600, ""md_dqn_rollout_steps"": 600, ""md_dqn_reached"": false}"
easy_s01_q0035,vanilla_ha,Easy,d20_inf,True,True,0.3377871513366699,281,32.60994745310098,,,1,0.14935423299042028,0.08023113837204598,0,0,0,0,False,,,,,"{""profile_name"": ""easy_d01"", ""map_seed"": 20270623, ""query_seed"": 20271623, ""evaluation_path_source"": ""trace_poses"", ""planner_path_pose_count"": 49, ""evaluation_path_pose_count"": 329}"
easy_s01_q0035,f_n3p_knn,Easy,d20_inf,True,True,0.6638309871777892,275,32.043593179048266,32.60994745310098,-0.017367531023079197,1,0.22901774274205364,0.07922311960862216,0,10,2,0,True,0,1,0.0,,"{""profile_name"": ""easy_d01"", ""map_seed"": 20270623, ""query_seed"": 20271623}"
easy_s01_q0035,n3p_k1,Easy,d20_inf,True,True,0.5508210321422666,440,32.2925363091623,32.60994745310098,-0.009733568089772993,1,0.22791264523566857,0.07051465020876901,0,0,2,0,True,0,0,,,"{""profile_name"": ""easy_d01"", ""map_seed"": 20270623, ""query_seed"": 20271623}"
easy_s01_q0035,voronoi_waypoint,Easy,d20_inf,True,True,1.1379388819914311,13,33.024826595954885,32.60994745310098,0.012722471983451555,1,0.19604611311649373,0.06003171006965402,0,0,0,0,False,,,,,"{""profile_name"": ""easy_d01"", ""map_seed"": 20270623, ""query_seed"": 20271623, ""waypoint_count"": 6}"
easy_s01_q0035,bottleneck_waypoint,Easy,d20_inf,True,True,1.1406468939967453,11,33.6166215846782,32.60994745310098,0.030870154974183883,3,0.18956463822259403,0.09788708200917373,0,0,0,0,False,,,,,"{""profile_name"": ""easy_d01"", ""map_seed"": 20270623, ""query_seed"": 20271623, ""waypoint_count"": 6, ""bottleneck_count"": 6}"
easy_s01_q0035,md_dqn,Easy,d20_inf,False,False,0.00148862786591053,1,0.0037499999999998208,32.60994745310098,,0,0.08734630124012517,0.16742015528341647,0,0,0,0,False,,,,md_dqn_not_reached,"{""profile_name"": ""easy_d01"", ""map_seed"": 20270623, ""query_seed"": 20271623, ""md_dqn_source_dir"": ""/home/ubuntu/DQN10/2_experiment"", ""md_dqn_checkpoint_path"": ""/home/ubuntu/DQN10/2_experiment/ugv_dqn/outputs/2026-05-12_train_load_external_demo_smoke/models/realmap_a/mlp-dqn.pt"", ""md_dqn_algo"": ""mlp-dqn"", ""md_dqn_device"": ""cpu"", ""md_dqn_max_steps"": 600, ""md_dqn_rollout_steps"": 1, ""md_dqn_reached"": false}"
easy_s01_q0036,vanilla_ha,Easy,d08_12,True,True,0.2931201457977295,157,9.854056582419938,,,0,0.3893098740835293,0.07756920071605389,0,0,0,0,False,,,,,"{""profile_name"": ""easy_d00"", ""map_seed"": 20270623, ""query_seed"": 20271624, ""evaluation_path_source"": ""trace_poses"", ""planner_path_pose_count"": 30, ""evaluation_path_pose_count"": 101}"
easy_s01_q0036,f_n3p_knn,Easy,d08_12,True,True,0.25839169905520976,85,9.854672866916538,9.854056582419938,6.254119726678553e-05,0,0.34775798571209304,0.08367282603149806,0,4,1,0,True,0,0,,,"{""profile_name"": ""easy_d00"", ""map_seed"": 20270623, ""query_seed"": 20271624}"
easy_s01_q0036,n3p_k1,Easy,d08_12,True,True,0.25642484007403255,85,9.854672866916538,9.854056582419938,6.254119726678553e-05,0,0.34775798571209304,0.08367282603149806,0,0,1,0,True,0,0,,,"{""profile_name"": ""easy_d00"", ""map_seed"": 20270623, ""query_seed"": 20271624}"
easy_s01_q0036,voronoi_waypoint,Easy,d08_12,True,True,0.6087697010952979,93,10.596301458501227,9.854056582419938,0.07532378872326406,2,0.34338406554615003,0.07054598947057189,0,0,0,0,False,,,,,"{""profile_name"": ""easy_d00"", ""map_seed"": 20270623, ""query_seed"": 20271624, ""waypoint_count"": 2}"
easy_s01_q0036,bottleneck_waypoint,Easy,d08_12,True,True,0.365998248802498,8,10.55939586610467,9.854056582419938,0.07157857048873528,0,0.2650862527427682,0.07642791110790426,0,0,0,0,False,,,,,"{""profile_name"": ""easy_d00"", ""map_seed"": 20270623, ""query_seed"": 20271624, ""waypoint_count"": 1, ""bottleneck_count"": 1}"
easy_s01_q0036,md_dqn,Easy,d08_12,False,False,0.1719030977692455,600,1.1249999999999936,9.854056582419938,,0,0.8286550898948948,0.9334937798863692,0,0,0,0,False,,,,md_dqn_not_reached,"{""profile_name"": ""easy_d00"", ""map_seed"": 20270623, ""query_seed"": 20271624, ""md_dqn_source_dir"": ""/home/ubuntu/DQN10/2_experiment"", ""md_dqn_checkpoint_path"": ""/home/ubuntu/DQN10/2_experiment/ugv_dqn/outputs/2026-05-12_train_load_external_demo_smoke/models/realmap_a/mlp-dqn.pt"", ""md_dqn_algo"": ""mlp-dqn"", ""md_dqn_device"": ""cpu"", ""md_dqn_max_steps"": 600, ""md_dqn_rollout_steps"": 600, ""md_dqn_reached"": false}"
easy_s01_q0037,vanilla_ha,Easy,d12_16,True,True,0.2638568878173828,161,13.096883164801975,,,0,0.22921519210519284,0.24616471122392947,0,0,0,0,False,,,,,"{""profile_name"": ""easy_d01"", ""map_seed"": 20270623, ""query_seed"": 20271625, ""evaluation_path_source"": ""trace_poses"", ""planner_path_pose_count"": 26, ""evaluation_path_pose_count"": 133}"
easy_s01_q0037,f_n3p_knn,Easy,d12_16,True,True,0.27204043488018215,161,13.096883164801975,13.096883164801975,0.0,0,0.22921519210519287,0.24616471122392947,0,4,1,0,True,0,0,,,"{""profile_name"": ""easy_d01"", ""map_seed"": 20270623, ""query_seed"": 20271625}"
easy_s01_q0037,n3p_k1,Easy,d12_16,True,True,0.2758212119806558,161,13.096883164801975,13.096883164801975,0.0,0,0.22921519210519287,0.24616471122392947,0,0,1,0,True,0,0,,,"{""profile_name"": ""easy_d01"", ""map_seed"": 20270623, ""query_seed"": 20271625}"
easy_s01_q0037,voronoi_waypoint,Easy,d12_16,True,True,0.5110925899352878,3,14.069301300024732,13.096883164801975,0.0742480575711435,0,0.2761845259922824,0.5261245581863672,0,0,0,0,False,,,,,"{""profile_name"": ""easy_d01"", ""map_seed"": 20270623, ""query_seed"": 20271625, ""waypoint_count"": 2}"
easy_s01_q0037,bottleneck_waypoint,Easy,d12_16,True,True,0.35736452997662127,2,13.244254032045315,13.096883164801975,0.01125236175576494,0,0.08305987203246003,0.5261245581863672,0,0,0,0,False,,,,,"{""profile_name"": ""easy_d01"", ""map_seed"": 20270623, ""query_seed"": 20271625, ""waypoint_count"": 1, ""bottleneck_count"": 1}"
easy_s01_q0037,md_dqn,Easy,d12_16,False,False,0.17415475519374013,600,1.125000000000012,13.096883164801975,,0,0.82865508989488,0.5261245581863672,0,0,0,0,False,,,,md_dqn_not_reached,"{""profile_name"": ""easy_d01"", ""map_seed"": 20270623, ""query_seed"": 20271625, ""md_dqn_source_dir"": ""/home/ubuntu/DQN10/2_experiment"", ""md_dqn_checkpoint_path"": ""/home/ubuntu/DQN10/2_experiment/ugv_dqn/outputs/2026-05-12_train_load_external_demo_smoke/models/realmap_a/mlp-dqn.pt"", ""md_dqn_algo"": ""mlp-dqn"", ""md_dqn_device"": ""cpu"", ""md_dqn_max_steps"": 600, ""md_dqn_rollout_steps"": 600, ""md_dqn_reached"": false}"
easy_s01_q0038,vanilla_ha,Easy,d16_20,True,True,0.16225790977478027,9,18.60434469381685,,,0,0.03544507981891854,0.08986592075221023,0,0,0,0,False,,,,,"{""profile_name"": ""easy_d00"", ""map_seed"": 20270623, ""query_seed"": 20271626, ""evaluation_path_source"": ""trace_poses"", ""planner_path_pose_count"": 9, ""evaluation_path_pose_count"": 188}"
easy_s01_q0038,f_n3p_knn,Easy,d16_20,True,True,0.16383865987882018,1,18.585835036781205,18.60434469381685,-0.0009949104545345921,0,0.04379820947003342,0.10378707421339728,0,0,0,0,False,1,1,1.0,,"{""profile_name"": ""easy_d00"", ""map_seed"": 20270623, ""query_seed"": 20271626}"
easy_s01_q0038,n3p_k1,Easy,d16_20,True,True,0.16207485599443316,1,18.585835036781205,18.60434469381685,-0.0009949104545345921,0,0.04379820947003342,0.10378707421339728,0,0,0,0,False,1,1,1.0,,"{""profile_name"": ""easy_d00"", ""map_seed"": 20270623, ""query_seed"": 20271626}"
easy_s01_q0038,voronoi_waypoint,Easy,d16_20,True,True,0.6771535789594054,16,23.034643131316727,18.60434469381685,0.23813246370200214,2,0.3445998801807721,0.07772301172603491,0,0,0,0,False,,,,,"{""profile_name"": ""easy_d00"", ""map_seed"": 20270623, ""query_seed"": 20271626, ""waypoint_count"": 3}"
easy_s01_q0038,bottleneck_waypoint,Easy,d16_20,True,True,0.8425812651403248,23,22.48191555804268,18.60434469381685,0.20842286724103443,5,0.34892498318275267,0.1379753726103552,0,0,0,0,False,,,,,"{""profile_name"": ""easy_d00"", ""map_seed"": 20270623, ""query_seed"": 20271626, ""waypoint_count"": 4, ""bottleneck_count"": 4}"
easy_s01_q0038,md_dqn,Easy,d16_20,False,False,0.41251418460160494,585,36.195000000000014,18.60434469381685,,1,0.2227562914009453,0.14632363992127317,0,0,0,0,False,,,,md_dqn_not_reached,"{""profile_name"": ""easy_d00"", ""map_seed"": 20270623, ""query_seed"": 20271626, ""md_dqn_source_dir"": ""/home/ubuntu/DQN10/2_experiment"", ""md_dqn_checkpoint_path"": ""/home/ubuntu/DQN10/2_experiment/ugv_dqn/outputs/2026-05-12_train_load_external_demo_smoke/models/realmap_a/mlp-dqn.pt"", ""md_dqn_algo"": ""mlp-dqn"", ""md_dqn_device"": ""cpu"", ""md_dqn_max_steps"": 600, ""md_dqn_rollout_steps"": 585, ""md_dqn_reached"": false}"
easy_s01_q0039,vanilla_ha,Easy,d20_inf,False,False,2.5024173259735107,4921,,,,0,,,0,0,0,0,False,,,,timeout,"{""profile_name"": ""easy_d01"", ""map_seed"": 20270623, ""query_seed"": 20271627, ""evaluation_path_source"": ""planner_path"", ""planner_path_pose_count"": 0, ""evaluation_path_pose_count"": 0}"
easy_s01_q0039,f_n3p_knn,Easy,d20_inf,True,True,0.6666872899513692,4,34.33903405405598,,,3,0.11148163553738574,0.07886292954444163,0,3,0,0,True,1,4,0.25,,"{""profile_name"": ""easy_d01"", ""map_seed"": 20270623, ""query_seed"": 20271627}"
easy_s01_q0039,n3p_k1,Easy,d20_inf,True,True,1.2532909831497818,628,35.27519581011718,,,2,0.1360889149915204,0.07259391524047787,0,0,2,0,True,2,2,1.0,,"{""profile_name"": ""easy_d01"", ""map_seed"": 20270623, ""query_seed"": 20271627}"
easy_s01_q0039,voronoi_waypoint,Easy,d20_inf,True,True,1.1236505629494786,23,36.45410653494916,,,0,0.3372708645741668,0.07131355810145912,0,0,0,0,False,,,,,"{""profile_name"": ""easy_d01"", ""map_seed"": 20270623, ""query_seed"": 20271627, ""waypoint_count"": 6}"
easy_s01_q0039,bottleneck_waypoint,Easy,d20_inf,True,True,1.198323671007529,11,35.23112560828966,,,0,0.2918707933448213,0.07131355810145912,0,0,0,0,False,,,,,"{""profile_name"": ""easy_d01"", ""map_seed"": 20270623, ""query_seed"": 20271627, ""waypoint_count"": 7, ""bottleneck_count"": 7}"
easy_s01_q0039,md_dqn,Easy,d20_inf,False,False,0.44215552345849574,431,27.033125,,,2,0.11810114310355319,0.076544538174519,0,0,0,0,False,,,,md_dqn_not_reached,"{""profile_name"": ""easy_d01"", ""map_seed"": 20270623, ""query_seed"": 20271627, ""md_dqn_source_dir"": ""/home/ubuntu/DQN10/2_experiment"", ""md_dqn_checkpoint_path"": ""/home/ubuntu/DQN10/2_experiment/ugv_dqn/outputs/2026-05-12_train_load_external_demo_smoke/models/realmap_a/mlp-dqn.pt"", ""md_dqn_algo"": ""mlp-dqn"", ""md_dqn_device"": ""cpu"", ""md_dqn_max_steps"": 600, ""md_dqn_rollout_steps"": 431, ""md_dqn_reached"": false}"
easy_s02_q0040,vanilla_ha,Easy,d08_12,True,True,0.1608109474182129,8,9.719366791435954,,,0,0.06734425348425047,0.1959317312648321,0,0,0,0,False,,,,,"{""profile_name"": ""easy_d00"", ""map_seed"": 20280620, ""query_seed"": 20281620, ""evaluation_path_source"": ""trace_poses"", ""planner_path_pose_count"": 7, ""evaluation_path_pose_count"": 100}"
easy_s02_q0040,f_n3p_knn,Easy,d08_12,True,True,0.17009108886122704,7,9.818626977863627,9.719366791435954,0.010212618636343151,0,0.140486112535148,0.1939045119622793,0,4,1,0,True,0,0,,,"{""profile_name"": ""easy_d00"", ""map_seed"": 20280620, ""query_seed"": 20281620}"
easy_s02_q0040,n3p_k1,Easy,d08_12,True,True,0.16871040780097246,7,9.818626977863627,9.719366791435954,0.010212618636343151,0,0.140486112535148,0.1939045119622793,0,0,1,0,True,0,0,,,"{""profile_name"": ""easy_d00"", ""map_seed"": 20280620, ""query_seed"": 20281620}"
easy_s02_q0040,voronoi_waypoint,Easy,d08_12,True,True,0.5195303200744092,15,15.382504801478015,9.719366791435954,0.5826653249707618,4,0.42743756168505254,0.19161721767491646,0,0,0,0,False,,,,,"{""profile_name"": ""easy_d00"", ""map_seed"": 20280620, ""query_seed"": 20281620, ""waypoint_count"": 2}"
easy_s02_q0040,bottleneck_waypoint,Easy,d08_12,True,True,0.51255206996575,3,15.895561834587426,9.719366791435954,0.6354524091624483,1,0.4083641833554342,0.2982126816652866,0,0,0,0,False,,,,,"{""profile_name"": ""easy_d00"", ""map_seed"": 20280620, ""query_seed"": 20281620, ""waypoint_count"": 2, ""bottleneck_count"": 2}"
easy_s02_q0040,md_dqn,Easy,d08_12,False,False,0.2837452085223049,537,5.353125000000346,9.719366791435954,,2,0.3115675547937019,0.2072215543737691,0,0,0,0,False,,,,md_dqn_not_reached,"{""profile_name"": ""easy_d00"", ""map_seed"": 20280620, ""query_seed"": 20281620, ""md_dqn_source_dir"": ""/home/ubuntu/DQN10/2_experiment"", ""md_dqn_checkpoint_path"": ""/home/ubuntu/DQN10/2_experiment/ugv_dqn/outputs/2026-05-12_train_load_external_demo_smoke/models/realmap_a/mlp-dqn.pt"", ""md_dqn_algo"": ""mlp-dqn"", ""md_dqn_device"": ""cpu"", ""md_dqn_max_steps"": 600, ""md_dqn_rollout_steps"": 537, ""md_dqn_reached"": false}"
easy_s02_q0041,vanilla_ha,Easy,d12_16,True,True,0.18356800079345703,49,13.045341094113928,,,0,0.20370933968192698,0.09280436358235711,0,0,0,0,False,,,,,"{""profile_name"": ""easy_d01"", ""map_seed"": 20280620, ""query_seed"": 20281621, ""evaluation_path_source"": ""trace_poses"", ""planner_path_pose_count"": 15, ""evaluation_path_pose_count"": 132}"
easy_s02_q0041,f_n3p_knn,Easy,d12_16,True,True,0.23175655608065426,93,12.771745016318956,13.045341094113928,-0.02097270403442486,0,0.1406070504951473,0.1308864294510026,0,4,1,0,True,0,0,,,"{""profile_name"": ""easy_d01"", ""map_seed"": 20280620, ""query_seed"": 20281621}"
easy_s02_q0041,n3p_k1,Easy,d12_16,True,True,0.23179807793349028,93,12.771745016318956,13.045341094113928,-0.02097270403442486,0,0.1406070504951473,0.1308864294510026,0,0,1,0,True,0,0,,,"{""profile_name"": ""easy_d01"", ""map_seed"": 20280620, ""query_seed"": 20281621}"
easy_s02_q0041,voronoi_waypoint,Easy,d12_16,True,True,0.5079506910406053,3,13.13060723712102,13.045341094113928,0.006536137490920968,0,0.26769340391294083,0.1308864294510026,0,0,0,0,False,,,,,"{""profile_name"": ""easy_d01"", ""map_seed"": 20280620, ""query_seed"": 20281621, ""waypoint_count"": 2}"
easy_s02_q0041,bottleneck_waypoint,Easy,d12_16,True,True,0.5052424699533731,3,12.875780203490264,13.045341094113928,-0.012997811969835738,0,0.08090589595496592,0.1308864294510026,0,0,0,0,False,,,,,"{""profile_name"": ""easy_d01"", ""map_seed"": 20280620, ""query_seed"": 20281621, ""waypoint_count"": 2, ""bottleneck_count"": 2}"
easy_s02_q0041,md_dqn,Easy,d12_16,False,False,0.1722708446905017,600,1.124999999999064,13.045341094113928,,0,0.0,1.021024487043428,0,0,0,0,False,,,,md_dqn_not_reached,"{""profile_name"": ""easy_d01"", ""map_seed"": 20280620, ""query_seed"": 20281621, ""md_dqn_source_dir"": ""/home/ubuntu/DQN10/2_experiment"", ""md_dqn_checkpoint_path"": ""/home/ubuntu/DQN10/2_experiment/ugv_dqn/outputs/2026-05-12_train_load_external_demo_smoke/models/realmap_a/mlp-dqn.pt"", ""md_dqn_algo"": ""mlp-dqn"", ""md_dqn_device"": ""cpu"", ""md_dqn_max_steps"": 600, ""md_dqn_rollout_steps"": 600, ""md_dqn_reached"": false}"
easy_s02_q0042,vanilla_ha,Easy,d16_20,True,True,0.15794587135314941,1,16.983815825661793,,,0,0.0,0.5885881192363516,0,0,0,0,False,,,,,"{""profile_name"": ""easy_d00"", ""map_seed"": 20280620, ""query_seed"": 20281622, ""evaluation_path_source"": ""trace_poses"", ""planner_path_pose_count"": 2, ""evaluation_path_pose_count"": 171}"
easy_s02_q0042,f_n3p_knn,Easy,d16_20,True,True,0.0006950311362743378,0,16.983815825661793,16.983815825661793,0.0,0,3.268473457383055e-18,0.5885881192363516,0,0,0,0,False,0,0,,,"{""profile_name"": ""easy_d00"", ""map_seed"": 20280620, ""query_seed"": 20281622}"
easy_s02_q0042,n3p_k1,Easy,d16_20,True,True,0.0007269580382853746,0,16.983815825661793,16.983815825661793,0.0,0,3.268473457383055e-18,0.5885881192363516,0,0,0,0,False,0,0,,,"{""profile_name"": ""easy_d00"", ""map_seed"": 20280620, ""query_seed"": 20281622}"
easy_s02_q0042,voronoi_waypoint,Easy,d16_20,True,True,0.6642633760347962,4,18.50097118486686,16.983815825661793,0.08932947547115488,0,0.23320788050431654,0.666346919520393,0,0,0,0,False,,,,,"{""profile_name"": ""easy_d00"", ""map_seed"": 20280620, ""query_seed"": 20281622, ""waypoint_count"": 3}"
easy_s02_q0042,bottleneck_waypoint,Easy,d16_20,True,True,0.6686157479416579,4,19.58155826538804,16.983815825661793,0.15295399257693165,1,0.2659172882718692,0.697966366243236,0,0,0,0,False,,,,,"{""profile_name"": ""easy_d00"", ""map_seed"": 20280620, ""query_seed"": 20281622, ""waypoint_count"": 3, ""bottleneck_count"": 3}"
easy_s02_q0042,md_dqn,Easy,d16_20,False,False,0.17269358760677278,600,1.1250000000000049,16.983815825661793,,0,0.2924028973547799,0.7434716439379014,0,0,0,0,False,,,,md_dqn_not_reached,"{""profile_name"": ""easy_d00"", ""map_seed"": 20280620, ""query_seed"": 20281622, ""md_dqn_source_dir"": ""/home/ubuntu/DQN10/2_experiment"", ""md_dqn_checkpoint_path"": ""/home/ubuntu/DQN10/2_experiment/ugv_dqn/outputs/2026-05-12_train_load_external_demo_smoke/models/realmap_a/mlp-dqn.pt"", ""md_dqn_algo"": ""mlp-dqn"", ""md_dqn_device"": ""cpu"", ""md_dqn_max_steps"": 600, ""md_dqn_rollout_steps"": 600, ""md_dqn_reached"": false}"
easy_s02_q0043,vanilla_ha,Easy,d20_inf,True,True,0.3016932010650635,401,23.28156050763635,,,0,0.14558951476529974,0.0670950342090244,0,0,0,0,False,,,,,"{""profile_name"": ""easy_d01"", ""map_seed"": 20280620, ""query_seed"": 20281623, ""evaluation_path_source"": ""trace_poses"", ""planner_path_pose_count"": 25, ""evaluation_path_pose_count"": 235}"
easy_s02_q0043,f_n3p_knn,Easy,d20_inf,True,True,0.33778741396963596,2,22.479721558146792,23.28156050763635,-0.03444094519465546,0,0.05846015089454884,0.17538790457476716,0,0,0,0,False,2,2,1.0,,"{""profile_name"": ""easy_d01"", ""map_seed"": 20280620, ""query_seed"": 20281623}"
easy_s02_q0043,n3p_k1,Easy,d20_inf,True,True,0.3361077329609543,2,22.479721558146792,23.28156050763635,-0.03444094519465546,0,0.05846015089454884,0.17538790457476716,0,0,0,0,False,2,2,1.0,,"{""profile_name"": ""easy_d01"", ""map_seed"": 20280620, ""query_seed"": 20281623}"
easy_s02_q0043,voronoi_waypoint,Easy,d20_inf,True,True,0.8267805748619139,5,23.752539650148016,23.28156050763635,0.02022970678263536,0,0.1801732748448034,0.6532495887119114,0,0,0,0,False,,,,,"{""profile_name"": ""easy_d01"", ""map_seed"": 20280620, ""query_seed"": 20281623, ""waypoint_count"": 4}"
easy_s02_q0043,bottleneck_waypoint,Easy,d20_inf,True,True,0.6706525038462132,4,22.6957166047593,23.28156050763635,-0.025163429345077315,0,0.10648252089145537,0.6673692884680753,0,0,0,0,False,,,,,"{""profile_name"": ""easy_d01"", ""map_seed"": 20280620, ""query_seed"": 20281623, ""waypoint_count"": 3, ""bottleneck_count"": 3}"
easy_s02_q0043,md_dqn,Easy,d20_inf,False,False,0.174448368139565,600,1.1249999999999885,23.28156050763635,,0,0.8385645564237346,0.740006559307071,0,0,0,0,False,,,,md_dqn_not_reached,"{""profile_name"": ""easy_d01"", ""map_seed"": 20280620, ""query_seed"": 20281623, ""md_dqn_source_dir"": ""/home/ubuntu/DQN10/2_experiment"", ""md_dqn_checkpoint_path"": ""/home/ubuntu/DQN10/2_experiment/ugv_dqn/outputs/2026-05-12_train_load_external_demo_smoke/models/realmap_a/mlp-dqn.pt"", ""md_dqn_algo"": ""mlp-dqn"", ""md_dqn_device"": ""cpu"", ""md_dqn_max_steps"": 600, ""md_dqn_rollout_steps"": 600, ""md_dqn_reached"": false}"
easy_s02_q0044,vanilla_ha,Easy,d08_12,True,True,0.15949249267578125,1,10.830050784737804,,,0,0.0,0.6820275189920313,0,0,0,0,False,,,,,"{""profile_name"": ""easy_d00"", ""map_seed"": 20280620, ""query_seed"": 20281624, ""evaluation_path_source"": ""trace_poses"", ""planner_path_pose_count"": 2, ""evaluation_path_pose_count"": 110}"
easy_s02_q0044,f_n3p_knn,Easy,d08_12,True,True,0.0004852320998907089,0,10.830050784737809,10.830050784737804,4.440892098500626e-16,0,1.0251318730561558e-17,0.6820275189920313,0,0,0,0,False,0,0,,,"{""profile_name"": ""easy_d00"", ""map_seed"": 20280620, ""query_seed"": 20281624}"
easy_s02_q0044,n3p_k1,Easy,d08_12,True,True,0.0004709050990641117,0,10.830050784737809,10.830050784737804,4.440892098500626e-16,0,1.0251318730561558e-17,0.6820275189920313,0,0,0,0,False,0,0,,,"{""profile_name"": ""easy_d00"", ""map_seed"": 20280620, ""query_seed"": 20281624}"
easy_s02_q0044,voronoi_waypoint,Easy,d08_12,True,True,0.35688206111080945,2,10.845201299936944,10.830050784737804,0.001398932978272871,0,0.05682621878599726,0.6855619142856324,0,0,0,0,False,,,,,"{""profile_name"": ""easy_d00"", ""map_seed"": 20280620, ""query_seed"": 20281624, ""waypoint_count"": 1}"
easy_s02_q0044,bottleneck_waypoint,Easy,d08_12,True,True,0.3589543600101024,2,10.85167448777686,10.830050784737804,0.001996639117290977,0,0.06063162239525896,0.6857006242576758,0,0,0,0,False,,,,,"{""profile_name"": ""easy_d00"", ""map_seed"": 20280620, ""query_seed"": 20281624, ""waypoint_count"": 1, ""bottleneck_count"": 1}"
easy_s02_q0044,md_dqn,Easy,d08_12,False,False,0.17088496824726462,600,1.1249999999999154,10.830050784737804,,0,0.0,3.763844544744559,0,0,0,0,False,,,,md_dqn_not_reached,"{""profile_name"": ""easy_d00"", ""map_seed"": 20280620, ""query_seed"": 20281624, ""md_dqn_source_dir"": ""/home/ubuntu/DQN10/2_experiment"", ""md_dqn_checkpoint_path"": ""/home/ubuntu/DQN10/2_experiment/ugv_dqn/outputs/2026-05-12_train_load_external_demo_smoke/models/realmap_a/mlp-dqn.pt"", ""md_dqn_algo"": ""mlp-dqn"", ""md_dqn_device"": ""cpu"", ""md_dqn_max_steps"": 600, ""md_dqn_rollout_steps"": 600, ""md_dqn_reached"": false}"
easy_s02_q0045,vanilla_ha,Easy,d12_16,True,True,0.9870126247406006,1141,13.39119162167384,,,0,0.2054851421662119,0.07996818698857255,0,0,0,0,False,,,,,"{""profile_name"": ""easy_d01"", ""map_seed"": 20280621, ""query_seed"": 20281621, ""evaluation_path_source"": ""trace_poses"", ""planner_path_pose_count"": 30, ""evaluation_path_pose_count"": 136}"
easy_s02_q0045,f_n3p_knn,Easy,d12_16,True,True,0.9979251609183848,1141,13.39119162167384,13.39119162167384,0.0,0,0.2054851421662119,0.07996818698857255,0,4,1,0,True,0,0,,,"{""profile_name"": ""easy_d01"", ""map_seed"": 20280621, ""query_seed"": 20281621}"
easy_s02_q0045,n3p_k1,Easy,d12_16,True,True,0.9974368249531835,1141,13.39119162167384,13.39119162167384,0.0,0,0.2054851421662119,0.07996818698857255,0,0,1,0,True,0,0,,,"{""profile_name"": ""easy_d01"", ""map_seed"": 20280621, ""query_seed"": 20281621}"
easy_s02_q0045,voronoi_waypoint,Easy,d12_16,True,True,0.5035689561627805,3,15.25972367903187,13.39119162167384,0.1395344126308955,0,0.20704265757523713,0.347082600743434,0,0,0,0,False,,,,,"{""profile_name"": ""easy_d01"", ""map_seed"": 20280621, ""query_seed"": 20281621, ""waypoint_count"": 2}"
easy_s02_q0045,bottleneck_waypoint,Easy,d12_16,True,True,0.35534203494898975,2,15.013470199311605,13.39119162167384,0.12114519928249567,0,0.1539743594853592,0.3470826007434349,0,0,0,0,False,,,,,"{""profile_name"": ""easy_d01"", ""map_seed"": 20280621, ""query_seed"": 20281621, ""waypoint_count"": 1, ""bottleneck_count"": 1}"
easy_s02_q0045,md_dqn,Easy,d12_16,False,False,0.17195603530853987,600,1.1249999999998106,13.39119162167384,,0,0.0,1.835796289764858,0,0,0,0,False,,,,md_dqn_not_reached,"{""profile_name"": ""easy_d01"", ""map_seed"": 20280621, ""query_seed"": 20281621, ""md_dqn_source_dir"": ""/home/ubuntu/DQN10/2_experiment"", ""md_dqn_checkpoint_path"": ""/home/ubuntu/DQN10/2_experiment/ugv_dqn/outputs/2026-05-12_train_load_external_demo_smoke/models/realmap_a/mlp-dqn.pt"", ""md_dqn_algo"": ""mlp-dqn"", ""md_dqn_device"": ""cpu"", ""md_dqn_max_steps"": 600, ""md_dqn_rollout_steps"": 600, ""md_dqn_reached"": false}"
easy_s02_q0046,vanilla_ha,Easy,d16_20,True,True,0.2533233165740967,171,18.74765890031978,,,0,0.2363469443520609,0.08912958616225064,0,0,0,0,False,,,,,"{""profile_name"": ""easy_d00"", ""map_seed"": 20280621, ""query_seed"": 20281622, ""evaluation_path_source"": ""trace_poses"", ""planner_path_pose_count"": 44, ""evaluation_path_pose_count"": 190}"
easy_s02_q0046,f_n3p_knn,Easy,d16_20,True,True,0.6410025891382247,7,23.942072021510647,18.74765890031978,0.27706996104469694,3,0.22926368471493502,0.11328742661077262,0,5,1,0,True,2,3,0.6666666666666666,,"{""profile_name"": ""easy_d00"", ""map_seed"": 20280621, ""query_seed"": 20281622}"
easy_s02_q0046,n3p_k1,Easy,d16_20,True,True,0.49190637189894915,13,23.317982119494946,18.74765890031978,0.24378100985703388,2,0.24137155092535229,0.08459368418802238,0,0,1,0,True,2,2,1.0,,"{""profile_name"": ""easy_d00"", ""map_seed"": 20280621, ""query_seed"": 20281622}"
easy_s02_q0046,voronoi_waypoint,Easy,d16_20,True,True,0.6527287589851767,4,19.753203892575943,18.74765890031978,0.05363576314261875,0,0.2133861767091744,0.2863457153130917,0,0,0,0,False,,,,,"{""profile_name"": ""easy_d00"", ""map_seed"": 20280621, ""query_seed"": 20281622, ""waypoint_count"": 3}"
easy_s02_q0046,bottleneck_waypoint,Easy,d16_20,True,True,0.6795241970103234,4,19.499305508511693,18.74765890031978,0.04009282503956224,0,0.1401495761205288,0.2863457153130917,0,0,0,0,False,,,,,"{""profile_name"": ""easy_d00"", ""map_seed"": 20280621, ""query_seed"": 20281622, ""waypoint_count"": 3, ""bottleneck_count"": 3}"
easy_s02_q0046,md_dqn,Easy,d16_20,False,False,0.17154708527959883,600,1.1250000000000333,18.74765890031978,,0,0.8286550898948651,0.2863457153130917,0,0,0,0,False,,,,md_dqn_not_reached,"{""profile_name"": ""easy_d00"", ""map_seed"": 20280621, ""query_seed"": 20281622, ""md_dqn_source_dir"": ""/home/ubuntu/DQN10/2_experiment"", ""md_dqn_checkpoint_path"": ""/home/ubuntu/DQN10/2_experiment/ugv_dqn/outputs/2026-05-12_train_load_external_demo_smoke/models/realmap_a/mlp-dqn.pt"", ""md_dqn_algo"": ""mlp-dqn"", ""md_dqn_device"": ""cpu"", ""md_dqn_max_steps"": 600, ""md_dqn_rollout_steps"": 600, ""md_dqn_reached"": false}"
easy_s02_q0047,vanilla_ha,Easy,d20_inf,True,True,1.7900938987731934,2721,22.835220099517116,,,0,0.12230088059879621,0.13660451187022105,0,0,0,0,False,,,,,"{""profile_name"": ""easy_d01"", ""map_seed"": 20280621, ""query_seed"": 20281623, ""evaluation_path_source"": ""trace_poses"", ""planner_path_pose_count"": 41, ""evaluation_path_pose_count"": 230}"
easy_s02_q0047,f_n3p_knn,Easy,d20_inf,True,True,0.5071275040972978,18,23.070801803482443,22.835220099517116,0.010316594407176582,0,0.15618729403519485,0.15915288229802915,0,4,1,0,True,2,2,1.0,,"{""profile_name"": ""easy_d01"", ""map_seed"": 20280621, ""query_seed"": 20281623}"
easy_s02_q0047,n3p_k1,Easy,d20_inf,True,True,0.5020254531409591,18,23.070801803482443,22.835220099517116,0.010316594407176582,0,0.15618729403519485,0.15915288229802915,0,0,1,0,True,2,2,1.0,,"{""profile_name"": ""easy_d01"", ""map_seed"": 20280621, ""query_seed"": 20281623}"
easy_s02_q0047,voronoi_waypoint,Easy,d20_inf,True,True,0.8131160931661725,5,24.415332223505143,22.835220099517116,0.06919627299854403,0,0.26018232438435707,0.8761452807309649,0,0,0,0,False,,,,,"{""profile_name"": ""easy_d01"", ""map_seed"": 20280621, ""query_seed"": 20281623, ""waypoint_count"": 4}"
easy_s02_q0047,bottleneck_waypoint,Easy,d20_inf,True,True,0.9687908110208809,6,24.60527171278114,22.835220099517116,0.07751410345729282,0,0.3004415168332264,0.8761452807309644,0,0,0,0,False,,,,,"{""profile_name"": ""easy_d01"", ""map_seed"": 20280621, ""query_seed"": 20281623, ""waypoint_count"": 5, ""bottleneck_count"": 5}"
easy_s02_q0047,md_dqn,Easy,d20_inf,False,False,0.17061412939801812,600,1.1250000000000042,22.835220099517116,,0,0.8385645564237239,2.0169763730925943,0,0,0,0,False,,,,md_dqn_not_reached,"{""profile_name"": ""easy_d01"", ""map_seed"": 20280621, ""query_seed"": 20281623, ""md_dqn_source_dir"": ""/home/ubuntu/DQN10/2_experiment"", ""md_dqn_checkpoint_path"": ""/home/ubuntu/DQN10/2_experiment/ugv_dqn/outputs/2026-05-12_train_load_external_demo_smoke/models/realmap_a/mlp-dqn.pt"", ""md_dqn_algo"": ""mlp-dqn"", ""md_dqn_device"": ""cpu"", ""md_dqn_max_steps"": 600, ""md_dqn_rollout_steps"": 600, ""md_dqn_reached"": false}"
easy_s02_q0048,vanilla_ha,Easy,d08_12,True,True,0.15682506561279297,1,10.581587782558909,,,0,0.0,0.6686200358331817,0,0,0,0,False,,,,,"{""profile_name"": ""easy_d00"", ""map_seed"": 20280621, ""query_seed"": 20281624, ""evaluation_path_source"": ""trace_poses"", ""planner_path_pose_count"": 2, ""evaluation_path_pose_count"": 107}"
easy_s02_q0048,f_n3p_knn,Easy,d08_12,True,True,0.0005186239723116159,0,10.58158778255891,10.581587782558909,2.220446049250313e-16,0,4.1968107147590124e-17,0.6686200358331817,0,0,0,0,False,0,0,,,"{""profile_name"": ""easy_d00"", ""map_seed"": 20280621, ""query_seed"": 20281624}"
easy_s02_q0048,n3p_k1,Easy,d08_12,True,True,0.00045834900811314583,0,10.58158778255891,10.581587782558909,2.220446049250313e-16,0,4.1968107147590124e-17,0.6686200358331817,0,0,0,0,False,0,0,,,"{""profile_name"": ""easy_d00"", ""map_seed"": 20280621, ""query_seed"": 20281624}"
easy_s02_q0048,voronoi_waypoint,Easy,d08_12,True,True,0.3582233388442546,2,10.710985108026671,10.581587782558909,0.01222853584232797,0,0.08985034636002777,0.6813774310301854,0,0,0,0,False,,,,,"{""profile_name"": ""easy_d00"", ""map_seed"": 20280621, ""query_seed"": 20281624, ""waypoint_count"": 1}"
easy_s02_q0048,bottleneck_waypoint,Easy,d08_12,True,True,0.3583123618736863,2,10.624883067986318,10.581587782558909,0.004091567949638941,0,0.08069995379409049,0.8233204563291479,0,0,0,0,False,,,,,"{""profile_name"": ""easy_d00"", ""map_seed"": 20280621, ""query_seed"": 20281624, ""waypoint_count"": 1, ""bottleneck_count"": 1}"
easy_s02_q0048,md_dqn,Easy,d08_12,False,False,0.2069450239650905,266,17.244999999999965,10.581587782558909,,1,0.30213567043929135,0.20957196877017126,0,0,0,0,False,,,,md_dqn_not_reached,"{""profile_name"": ""easy_d00"", ""map_seed"": 20280621, ""query_seed"": 20281624, ""md_dqn_source_dir"": ""/home/ubuntu/DQN10/2_experiment"", ""md_dqn_checkpoint_path"": ""/home/ubuntu/DQN10/2_experiment/ugv_dqn/outputs/2026-05-12_train_load_external_demo_smoke/models/realmap_a/mlp-dqn.pt"", ""md_dqn_algo"": ""mlp-dqn"", ""md_dqn_device"": ""cpu"", ""md_dqn_max_steps"": 600, ""md_dqn_rollout_steps"": 266, ""md_dqn_reached"": false}"
easy_s02_q0049,vanilla_ha,Easy,d12_16,True,True,1.3672192096710205,1675,15.257780372510299,,,0,0.1542798410008561,0.07289431281474579,0,0,0,0,False,,,,,"{""profile_name"": ""easy_d01"", ""map_seed"": 20280621, ""query_seed"": 20281625, ""evaluation_path_source"": ""trace_poses"", ""planner_path_pose_count"": 41, ""evaluation_path_pose_count"": 155}"
easy_s02_q0049,f_n3p_knn,Easy,d12_16,True,True,0.6477509769611061,4,20.152288030507805,15.257780372510299,0.32078765970546175,1,0.24991793783097335,0.07038268031689632,0,1,0,0,True,3,4,0.75,,"{""profile_name"": ""easy_d01"", ""map_seed"": 20280621, ""query_seed"": 20281625}"
easy_s02_q0049,n3p_k1,Easy,d12_16,True,True,0.5058661880902946,21,15.511925536378012,15.257780372510299,0.016656758562706875,0,0.2950164430752174,0.1609572379285703,0,0,1,0,True,2,2,1.0,,"{""profile_name"": ""easy_d01"", ""map_seed"": 20280621, ""query_seed"": 20281625}"
easy_s02_q0049,voronoi_waypoint,Easy,d12_16,True,True,0.5257983230985701,24,16.369466127556098,15.257780372510299,0.07286025410673136,0,0.25827320172047485,0.08114621909484965,0,0,0,0,False,,,,,"{""profile_name"": ""easy_d01"", ""map_seed"": 20280621, ""query_seed"": 20281625, ""waypoint_count"": 2}"
easy_s02_q0049,bottleneck_waypoint,Easy,d12_16,True,True,0.5126210460439324,3,15.869016757858283,15.257780372510299,0.040060635978824255,0,0.22912473426581006,0.249993890862223,0,0,0,0,False,,,,,"{""profile_name"": ""easy_d01"", ""map_seed"": 20280621, ""query_seed"": 20281625, ""waypoint_count"": 2, ""bottleneck_count"": 2}"
easy_s02_q0049,md_dqn,Easy,d12_16,False,False,0.34325432078912854,569,1.12875000000029,15.257780372510299,,1,0.08078743508846059,0.4540957332034161,0,0,0,0,False,,,,md_dqn_not_reached,"{""profile_name"": ""easy_d01"", ""map_seed"": 20280621, ""query_seed"": 20281625, ""md_dqn_source_dir"": ""/home/ubuntu/DQN10/2_experiment"", ""md_dqn_checkpoint_path"": ""/home/ubuntu/DQN10/2_experiment/ugv_dqn/outputs/2026-05-12_train_load_external_demo_smoke/models/realmap_a/mlp-dqn.pt"", ""md_dqn_algo"": ""mlp-dqn"", ""md_dqn_device"": ""cpu"", ""md_dqn_max_steps"": 600, ""md_dqn_rollout_steps"": 569, ""md_dqn_reached"": false}"
easy_s02_q0050,vanilla_ha,Easy,d16_20,True,True,0.16124463081359863,1,18.61236148370217,,,0,0.0,0.5064580241632148,0,0,0,0,False,,,,,"{""profile_name"": ""easy_d00"", ""map_seed"": 20280622, ""query_seed"": 20281622, ""evaluation_path_source"": ""trace_poses"", ""planner_path_pose_count"": 2, ""evaluation_path_pose_count"": 188}"
easy_s02_q0050,f_n3p_knn,Easy,d16_20,True,True,0.0008126078173518181,0,18.61236148370217,18.61236148370217,0.0,0,0.0,0.5064580241632148,0,0,0,0,False,0,0,,,"{""profile_name"": ""easy_d00"", ""map_seed"": 20280622, ""query_seed"": 20281622}"
easy_s02_q0050,n3p_k1,Easy,d16_20,True,True,0.0007391809485852718,0,18.61236148370217,18.61236148370217,0.0,0,0.0,0.5064580241632148,0,0,0,0,False,0,0,,,"{""profile_name"": ""easy_d00"", ""map_seed"": 20280622, ""query_seed"": 20281622}"
easy_s02_q0050,voronoi_waypoint,Easy,d16_20,True,True,0.6598926489241421,4,21.539196155573023,18.61236148370217,0.15725219362592568,0,0.2054112694278692,1.7876196920480134,0,0,0,0,False,,,,,"{""profile_name"": ""easy_d00"", ""map_seed"": 20280622, ""query_seed"": 20281622, ""waypoint_count"": 3}"
easy_s02_q0050,bottleneck_waypoint,Easy,d16_20,True,True,0.6594435770530254,4,20.07010022553757,18.61236148370217,0.07832099882177013,0,0.21636982353505096,1.8945758094457035,0,0,0,0,False,,,,,"{""profile_name"": ""easy_d00"", ""map_seed"": 20280622, ""query_seed"": 20281622, ""waypoint_count"": 3, ""bottleneck_count"": 3}"
easy_s02_q0050,md_dqn,Easy,d16_20,False,False,0.3872169563546777,600,1.1250000000000024,18.61236148370217,,0,0.8385645564237262,1.9577813229842072,0,0,0,0,False,,,,md_dqn_not_reached,"{""profile_name"": ""easy_d00"", ""map_seed"": 20280622, ""query_seed"": 20281622, ""md_dqn_source_dir"": ""/home/ubuntu/DQN10/2_experiment"", ""md_dqn_checkpoint_path"": ""/home/ubuntu/DQN10/2_experiment/ugv_dqn/outputs/2026-05-12_train_load_external_demo_smoke/models/realmap_a/mlp-dqn.pt"", ""md_dqn_algo"": ""mlp-dqn"", ""md_dqn_device"": ""cpu"", ""md_dqn_max_steps"": 600, ""md_dqn_rollout_steps"": 600, ""md_dqn_reached"": false}"
easy_s02_q0051,vanilla_ha,Easy,d20_inf,True,True,0.16002488136291504,17,22.671577874636675,,,0,0.061055451171425884,0.160270505844488,0,0,0,0,False,,,,,"{""profile_name"": ""easy_d01"", ""map_seed"": 20280622, ""query_seed"": 20281623, ""evaluation_path_source"": ""trace_poses"", ""planner_path_pose_count"": 13, ""evaluation_path_pose_count"": 229}"
easy_s02_q0051,f_n3p_knn,Easy,d20_inf,True,True,0.5432543840724975,385,22.233682075192753,22.671577874636675,-0.019314747383939568,0,0.11269107727191346,0.1321319484649075,0,4,1,0,True,0,0,,,"{""profile_name"": ""easy_d01"", ""map_seed"": 20280622, ""query_seed"": 20281623}"
easy_s02_q0051,n3p_k1,Easy,d20_inf,True,True,0.5379130409564823,385,22.233682075192753,22.671577874636675,-0.019314747383939568,0,0.11269107727191346,0.1321319484649075,0,0,1,0,True,0,0,,,"{""profile_name"": ""easy_d01"", ""map_seed"": 20280622, ""query_seed"": 20281623}"
easy_s02_q0051,voronoi_waypoint,Easy,d20_inf,True,True,0.8188959481194615,5,23.851509731121862,22.671577874636675,0.05204454065833719,0,0.15749768186271235,0.8800181604793049,0,0,0,0,False,,,,,"{""profile_name"": ""easy_d01"", ""map_seed"": 20280622, ""query_seed"": 20281623, ""waypoint_count"": 4}"
easy_s02_q0051,bottleneck_waypoint,Easy,d20_inf,True,True,0.6612459870520979,4,23.442607172234457,22.671577874636675,0.03400862974166219,0,0.12001551890026271,0.8800181604793049,0,0,0,0,False,,,,,"{""profile_name"": ""easy_d01"", ""map_seed"": 20280622, ""query_seed"": 20281623, ""waypoint_count"": 3, ""bottleneck_count"": 3}"
easy_s02_q0051,md_dqn,Easy,d20_inf,False,False,0.1705550877377391,600,1.1250000000000142,22.671577874636675,,0,0.8385645564237165,0.8197307664304418,0,0,0,0,False,,,,md_dqn_not_reached,"{""profile_name"": ""easy_d01"", ""map_seed"": 20280622, ""query_seed"": 20281623, ""md_dqn_source_dir"": ""/home/ubuntu/DQN10/2_experiment"", ""md_dqn_checkpoint_path"": ""/home/ubuntu/DQN10/2_experiment/ugv_dqn/outputs/2026-05-12_train_load_external_demo_smoke/models/realmap_a/mlp-dqn.pt"", ""md_dqn_algo"": ""mlp-dqn"", ""md_dqn_device"": ""cpu"", ""md_dqn_max_steps"": 600, ""md_dqn_rollout_steps"": 600, ""md_dqn_reached"": false}"
easy_s02_q0052,vanilla_ha,Easy,d08_12,True,True,0.47607898712158203,396,11.482486842374838,,,0,0.17990014949082236,0.09928925670049138,0,0,0,0,False,,,,,"{""profile_name"": ""easy_d00"", ""map_seed"": 20280622, ""query_seed"": 20281624, ""evaluation_path_source"": ""trace_poses"", ""planner_path_pose_count"": 21, ""evaluation_path_pose_count"": 118}"
easy_s02_q0052,f_n3p_knn,Easy,d08_12,True,True,0.3416695878840983,14,11.666460563025025,11.482486842374838,0.01602211464952452,0,0.21628901867489206,0.0593517312467724,0,4,1,0,True,1,1,1.0,,"{""profile_name"": ""easy_d00"", ""map_seed"": 20280622, ""query_seed"": 20281624}"
easy_s02_q0052,n3p_k1,Easy,d08_12,True,True,0.34036934887990355,14,11.666460563025025,11.482486842374838,0.01602211464952452,0,0.21628901867489206,0.0593517312467724,0,0,1,0,True,1,1,1.0,,"{""profile_name"": ""easy_d00"", ""map_seed"": 20280622, ""query_seed"": 20281624}"
easy_s02_q0052,voronoi_waypoint,Easy,d08_12,True,True,0.5057581819128245,3,14.798083976850068,11.482486842374838,0.2887525307008747,0,0.3089066931471205,0.1006888529739356,0,0,0,0,False,,,,,"{""profile_name"": ""easy_d00"", ""map_seed"": 20280622, ""query_seed"": 20281624, ""waypoint_count"": 2}"
easy_s02_q0052,bottleneck_waypoint,Easy,d08_12,True,True,0.6605927259661257,4,15.344881718572582,11.482486842374838,0.33637268034516765,1,0.3836470057825471,0.8325242358907476,0,0,0,0,False,,,,,"{""profile_name"": ""easy_d00"", ""map_seed"": 20280622, ""query_seed"": 20281624, ""waypoint_count"": 3, ""bottleneck_count"": 3}"
easy_s02_q0052,md_dqn,Easy,d08_12,False,False,0.18281301017850637,328,0.6393750000000136,11.482486842374838,,1,0.3752071210083667,0.4894900259013859,0,0,0,0,False,,,,md_dqn_not_reached,"{""profile_name"": ""easy_d00"", ""map_seed"": 20280622, ""query_seed"": 20281624, ""md_dqn_source_dir"": ""/home/ubuntu/DQN10/2_experiment"", ""md_dqn_checkpoint_path"": ""/home/ubuntu/DQN10/2_experiment/ugv_dqn/outputs/2026-05-12_train_load_external_demo_smoke/models/realmap_a/mlp-dqn.pt"", ""md_dqn_algo"": ""mlp-dqn"", ""md_dqn_device"": ""cpu"", ""md_dqn_max_steps"": 600, ""md_dqn_rollout_steps"": 328, ""md_dqn_reached"": false}"
easy_s02_q0053,vanilla_ha,Easy,d12_16,True,True,0.16832900047302246,17,16.144796194165703,,,0,0.14297478191258522,0.2837328834450592,0,0,0,0,False,,,,,"{""profile_name"": ""easy_d01"", ""map_seed"": 20280622, ""query_seed"": 20281625, ""evaluation_path_source"": ""trace_poses"", ""planner_path_pose_count"": 12, ""evaluation_path_pose_count"": 165}"
easy_s02_q0053,f_n3p_knn,Easy,d12_16,True,True,0.17043018410913646,1,15.862032272328431,16.144796194165703,-0.017514245360338188,0,0.033631479455971655,0.11634018166744353,0,4,0,0,True,0,1,0.0,,"{""profile_name"": ""easy_d01"", ""map_seed"": 20280622, ""query_seed"": 20281625}"
easy_s02_q0053,n3p_k1,Easy,d12_16,True,True,0.1805224590934813,17,16.144796194165703,16.144796194165703,0.0,0,0.14297478191258522,0.2837328834450592,0,0,1,0,True,0,0,,,"{""profile_name"": ""easy_d01"", ""map_seed"": 20280622, ""query_seed"": 20281625}"
easy_s02_q0053,voronoi_waypoint,Easy,d12_16,True,True,0.6590353089850396,4,17.02239356301102,16.144796194165703,0.05435790940256369,0,0.18920154608849277,0.4431555134945546,0,0,0,0,False,,,,,"{""profile_name"": ""easy_d01"", ""map_seed"": 20280622, ""query_seed"": 20281625, ""waypoint_count"": 3}"
easy_s02_q0053,bottleneck_waypoint,Easy,d12_16,True,True,0.5082620941102505,3,16.813227311741702,16.144796194165703,0.041402264205574246,0,0.15771126376696654,0.44374724580691194,0,0,0,0,False,,,,,"{""profile_name"": ""easy_d01"", ""map_seed"": 20280622, ""query_seed"": 20281625, ""waypoint_count"": 2, ""bottleneck_count"": 2}"
easy_s02_q0053,md_dqn,Easy,d12_16,False,False,0.17252459819428623,600,2.2500000000000457,16.144796194165703,,0,0.08734630124014875,0.2970709706946708,0,0,0,0,False,,,,md_dqn_not_reached,"{""profile_name"": ""easy_d01"", ""map_seed"": 20280622, ""query_seed"": 20281625, ""md_dqn_source_dir"": ""/home/ubuntu/DQN10/2_experiment"", ""md_dqn_checkpoint_path"": ""/home/ubuntu/DQN10/2_experiment/ugv_dqn/outputs/2026-05-12_train_load_external_demo_smoke/models/realmap_a/mlp-dqn.pt"", ""md_dqn_algo"": ""mlp-dqn"", ""md_dqn_device"": ""cpu"", ""md_dqn_max_steps"": 600, ""md_dqn_rollout_steps"": 600, ""md_dqn_reached"": false}"
easy_s02_q0054,vanilla_ha,Easy,d16_20,True,True,0.1804056167602539,49,18.24152663855045,,,0,0.2111461586859622,0.21688680660403759,0,0,0,0,False,,,,,"{""profile_name"": ""easy_d00"", ""map_seed"": 20280622, ""query_seed"": 20281626, ""evaluation_path_source"": ""trace_poses"", ""planner_path_pose_count"": 26, ""evaluation_path_pose_count"": 184}"
easy_s02_q0054,f_n3p_knn,Easy,d16_20,True,True,0.1681539099663496,1,18.052623268348224,18.24152663855045,-0.010355677676834874,0,0.03668352021845734,0.288543398166918,0,1,0,0,True,0,1,0.0,,"{""profile_name"": ""easy_d00"", ""map_seed"": 20280622, ""query_seed"": 20281626}"
easy_s02_q0054,n3p_k1,Easy,d16_20,True,True,0.1928831939585507,49,18.24152663855045,18.24152663855045,0.0,0,0.2111461586859622,0.21688680660403759,0,0,1,0,True,0,0,,,"{""profile_name"": ""easy_d00"", ""map_seed"": 20280622, ""query_seed"": 20281626}"
easy_s02_q0054,voronoi_waypoint,Easy,d16_20,True,True,0.6619209218770266,4,21.011273051917463,18.24152663855045,0.15183742393104382,0,0.17160537417811575,0.6497614537199792,0,0,0,0,False,,,,,"{""profile_name"": ""easy_d00"", ""map_seed"": 20280622, ""query_seed"": 20281626, ""waypoint_count"": 3}"
easy_s02_q0054,bottleneck_waypoint,Easy,d16_20,True,True,0.6622599810361862,4,21.06077692191799,18.24152663855045,0.15455122475382743,0,0.1528964177846459,0.6497614537199792,0,0,0,0,False,,,,,"{""profile_name"": ""easy_d00"", ""map_seed"": 20280622, ""query_seed"": 20281626, ""waypoint_count"": 3, ""bottleneck_count"": 3}"
easy_s02_q0054,md_dqn,Easy,d16_20,False,False,0.17054487601853907,600,1.125000000000009,18.24152663855045,,0,0.838564556423719,2.830494906488054,0,0,0,0,False,,,,md_dqn_not_reached,"{""profile_name"": ""easy_d00"", ""map_seed"": 20280622, ""query_seed"": 20281626, ""md_dqn_source_dir"": ""/home/ubuntu/DQN10/2_experiment"", ""md_dqn_checkpoint_path"": ""/home/ubuntu/DQN10/2_experiment/ugv_dqn/outputs/2026-05-12_train_load_external_demo_smoke/models/realmap_a/mlp-dqn.pt"", ""md_dqn_algo"": ""mlp-dqn"", ""md_dqn_device"": ""cpu"", ""md_dqn_max_steps"": 600, ""md_dqn_rollout_steps"": 600, ""md_dqn_reached"": false}"
easy_s02_q0055,vanilla_ha,Easy,d20_inf,True,True,0.2435319423675537,97,22.749475650612563,,,0,0.06950877330002281,0.07503790648558795,0,0,0,0,False,,,,,"{""profile_name"": ""easy_d01"", ""map_seed"": 20280623, ""query_seed"": 20281623, ""evaluation_path_source"": ""trace_poses"", ""planner_path_pose_count"": 22, ""evaluation_path_pose_count"": 230}"
easy_s02_q0055,f_n3p_knn,Easy,d20_inf,True,True,0.49462907086126506,3,21.89240982660849,22.749475650612563,-0.03767409135783739,0,0.09787727893023868,0.10153131964443851,0,0,0,0,False,3,3,1.0,,"{""profile_name"": ""easy_d01"", ""map_seed"": 20280623, ""query_seed"": 20281623}"
easy_s02_q0055,n3p_k1,Easy,d20_inf,True,True,0.49460476404055953,3,21.89240982660849,22.749475650612563,-0.03767409135783739,0,0.09787727893023868,0.10153131964443851,0,0,0,0,False,3,3,1.0,,"{""profile_name"": ""easy_d01"", ""map_seed"": 20280623, ""query_seed"": 20281623}"
easy_s02_q0055,voronoi_waypoint,Easy,d20_inf,True,True,0.8229736420325935,5,25.539562816640355,22.749475650612563,0.12264402085032966,2,0.3235606234583642,0.7064681487364308,0,0,0,0,False,,,,,"{""profile_name"": ""easy_d01"", ""map_seed"": 20280623, ""query_seed"": 20281623, ""waypoint_count"": 4}"
easy_s02_q0055,bottleneck_waypoint,Easy,d20_inf,True,True,1.124946293886751,7,24.45666342174179,22.749475650612563,0.07504295032326413,0,0.3223312464492441,0.7428321171030037,0,0,0,0,False,,,,,"{""profile_name"": ""easy_d01"", ""map_seed"": 20280623, ""query_seed"": 20281623, ""waypoint_count"": 6, ""bottleneck_count"": 6}"
easy_s02_q0055,md_dqn,Easy,d20_inf,False,False,0.20300073246471584,600,10.250625000000015,22.749475650612563,,0,0.17930353781918026,0.29039575768237147,0,0,0,0,False,,,,md_dqn_not_reached,"{""profile_name"": ""easy_d01"", ""map_seed"": 20280623, ""query_seed"": 20281623, ""md_dqn_source_dir"": ""/home/ubuntu/DQN10/2_experiment"", ""md_dqn_checkpoint_path"": ""/home/ubuntu/DQN10/2_experiment/ugv_dqn/outputs/2026-05-12_train_load_external_demo_smoke/models/realmap_a/mlp-dqn.pt"", ""md_dqn_algo"": ""mlp-dqn"", ""md_dqn_device"": ""cpu"", ""md_dqn_max_steps"": 600, ""md_dqn_rollout_steps"": 600, ""md_dqn_reached"": false}"
easy_s02_q0056,vanilla_ha,Easy,d08_12,True,True,0.16293716430664062,11,8.548000295409102,,,0,0.07900806015611597,0.1014257062631525,0,0,0,0,False,,,,,"{""profile_name"": ""easy_d00"", ""map_seed"": 20280623, ""query_seed"": 20281624, ""evaluation_path_source"": ""trace_poses"", ""planner_path_pose_count"": 11, ""evaluation_path_pose_count"": 87}"
easy_s02_q0056,f_n3p_knn,Easy,d08_12,True,True,0.3163925569970161,2,13.191693676238891,8.548000295409102,0.5432490898864137,1,0.292185763831404,0.05043589306932106,0,1,0,0,True,1,2,0.5,,"{""profile_name"": ""easy_d00"", ""map_seed"": 20280623, ""query_seed"": 20281624}"
easy_s02_q0056,n3p_k1,Easy,d08_12,True,True,0.31483929487876594,4,11.856241260727412,8.548000295409102,0.38701928532864893,3,0.3461759853721624,0.05043589306932106,0,0,1,0,True,1,1,1.0,,"{""profile_name"": ""easy_d00"", ""map_seed"": 20280623, ""query_seed"": 20281624}"
easy_s02_q0056,voronoi_waypoint,Easy,d08_12,True,True,0.3475822671316564,2,8.632680691828968,8.548000295409102,0.009906456889729576,0,0.08149477617219093,0.1014257062631525,0,0,0,0,False,,,,,"{""profile_name"": ""easy_d00"", ""map_seed"": 20280623, ""query_seed"": 20281624, ""waypoint_count"": 1}"
easy_s02_q0056,bottleneck_waypoint,Easy,d08_12,True,True,0.3490667340811342,2,8.611677551340046,8.548000295409102,0.007449374558999855,0,0.1004082807701157,0.1014257062631525,0,0,0,0,False,,,,,"{""profile_name"": ""easy_d00"", ""map_seed"": 20280623, ""query_seed"": 20281624, ""waypoint_count"": 1, ""bottleneck_count"": 1}"
easy_s02_q0056,md_dqn,Easy,d08_12,False,False,0.13871214212849736,290,2.182500000000033,8.548000295409102,,1,0.7735312487307053,0.1014257062631525,0,0,0,0,False,,,,md_dqn_not_reached,"{""profile_name"": ""easy_d00"", ""map_seed"": 20280623, ""query_seed"": 20281624, ""md_dqn_source_dir"": ""/home/ubuntu/DQN10/2_experiment"", ""md_dqn_checkpoint_path"": ""/home/ubuntu/DQN10/2_experiment/ugv_dqn/outputs/2026-05-12_train_load_external_demo_smoke/models/realmap_a/mlp-dqn.pt"", ""md_dqn_algo"": ""mlp-dqn"", ""md_dqn_device"": ""cpu"", ""md_dqn_max_steps"": 600, ""md_dqn_rollout_steps"": 290, ""md_dqn_reached"": false}"
easy_s02_q0057,vanilla_ha,Easy,d12_16,True,True,0.19317960739135742,64,14.711057877481485,,,0,0.1645106394206249,0.0725377874784513,0,0,0,0,False,,,,,"{""profile_name"": ""easy_d01"", ""map_seed"": 20280623, ""query_seed"": 20281625, ""evaluation_path_source"": ""trace_poses"", ""planner_path_pose_count"": 23, ""evaluation_path_pose_count"": 150}"
easy_s02_q0057,f_n3p_knn,Easy,d12_16,True,True,0.16491595096886158,1,14.680674755919899,14.711057877481485,-0.002065325404510432,0,0.06533095491693731,0.19613322232012376,0,3,0,0,True,0,1,0.0,,"{""profile_name"": ""easy_d01"", ""map_seed"": 20280623, ""query_seed"": 20281625}"
easy_s02_q0057,n3p_k1,Easy,d12_16,True,True,0.21231804485432804,61,14.710650523306125,14.711057877481485,-2.7690338706642947e-05,0,0.1761816953106668,0.0725377874784513,0,0,1,0,True,0,0,,,"{""profile_name"": ""easy_d01"", ""map_seed"": 20280623, ""query_seed"": 20281625}"
easy_s02_q0057,voronoi_waypoint,Easy,d12_16,True,True,0.5060363640077412,3,15.406202801789917,14.711057877481485,0.04725322475771798,0,0.18521636543384937,0.07689063609328983,0,0,0,0,False,,,,,"{""profile_name"": ""easy_d01"", ""map_seed"": 20280623, ""query_seed"": 20281625, ""waypoint_count"": 2}"
easy_s02_q0057,bottleneck_waypoint,Easy,d12_16,True,True,0.5083075340371579,3,14.818266415683059,14.711057877481485,0.007287615825757765,0,0.17460862859327683,0.1531628985724549,0,0,0,0,False,,,,,"{""profile_name"": ""easy_d01"", ""map_seed"": 20280623, ""query_seed"": 20281625, ""waypoint_count"": 2, ""bottleneck_count"": 2}"
easy_s02_q0057,md_dqn,Easy,d12_16,False,False,0.17269103089347482,600,2.249999999999997,14.711057877481485,,0,0.08734630124015064,0.8566439183352061,0,0,0,0,False,,,,md_dqn_not_reached,"{""profile_name"": ""easy_d01"", ""map_seed"": 20280623, ""query_seed"": 20281625, ""md_dqn_source_dir"": ""/home/ubuntu/DQN10/2_experiment"", ""md_dqn_checkpoint_path"": ""/home/ubuntu/DQN10/2_experiment/ugv_dqn/outputs/2026-05-12_train_load_external_demo_smoke/models/realmap_a/mlp-dqn.pt"", ""md_dqn_algo"": ""mlp-dqn"", ""md_dqn_device"": ""cpu"", ""md_dqn_max_steps"": 600, ""md_dqn_rollout_steps"": 600, ""md_dqn_reached"": false}"
easy_s02_q0058,vanilla_ha,Easy,d16_20,True,True,0.15775465965270996,1,18.480530295421723,,,0,0.0,0.1682871610266472,0,0,0,0,False,,,,,"{""profile_name"": ""easy_d00"", ""map_seed"": 20280623, ""query_seed"": 20281626, ""evaluation_path_source"": ""trace_poses"", ""planner_path_pose_count"": 2, ""evaluation_path_pose_count"": 186}"
easy_s02_q0058,f_n3p_knn,Easy,d16_20,True,True,0.0007788590155541897,0,18.480530295421723,18.480530295421723,0.0,0,1.2015055919690794e-17,0.1682871610266472,0,0,0,0,False,0,0,,,"{""profile_name"": ""easy_d00"", ""map_seed"": 20280623, ""query_seed"": 20281626}"
easy_s02_q0058,n3p_k1,Easy,d16_20,True,True,0.0007815009448677301,0,18.480530295421723,18.480530295421723,0.0,0,1.2015055919690794e-17,0.1682871610266472,0,0,0,0,False,0,0,,,"{""profile_name"": ""easy_d00"", ""map_seed"": 20280623, ""query_seed"": 20281626}"
easy_s02_q0058,voronoi_waypoint,Easy,d16_20,True,True,0.657960302894935,4,19.545736059718724,18.480530295421723,0.057639350563489566,0,0.15284533701831005,0.14760728766479447,0,0,0,0,False,,,,,"{""profile_name"": ""easy_d00"", ""map_seed"": 20280623, ""query_seed"": 20281626, ""waypoint_count"": 3}"
easy_s02_q0058,bottleneck_waypoint,Easy,d16_20,True,True,0.6598562838044018,4,18.626972532576215,18.480530295421723,0.007924136094231704,0,0.09173363427094268,0.1569642376468996,0,0,0,0,False,,,,,"{""profile_name"": ""easy_d00"", ""map_seed"": 20280623, ""query_seed"": 20281626, ""waypoint_count"": 3, ""bottleneck_count"": 3}"
easy_s02_q0058,md_dqn,Easy,d16_20,False,False,0.17439104476943612,600,2.116875000000333,18.480530295421723,,0,0.08334740528117976,0.16656780499021773,0,0,0,0,False,,,,md_dqn_not_reached,"{""profile_name"": ""easy_d00"", ""map_seed"": 20280623, ""query_seed"": 20281626, ""md_dqn_source_dir"": ""/home/ubuntu/DQN10/2_experiment"", ""md_dqn_checkpoint_path"": ""/home/ubuntu/DQN10/2_experiment/ugv_dqn/outputs/2026-05-12_train_load_external_demo_smoke/models/realmap_a/mlp-dqn.pt"", ""md_dqn_algo"": ""mlp-dqn"", ""md_dqn_device"": ""cpu"", ""md_dqn_max_steps"": 600, ""md_dqn_rollout_steps"": 600, ""md_dqn_reached"": false}"
easy_s02_q0059,vanilla_ha,Easy,d20_inf,True,True,0.15520477294921875,1,22.103619613085996,,,0,0.0,0.09133906458328045,0,0,0,0,False,,,,,"{""profile_name"": ""easy_d01"", ""map_seed"": 20280623, ""query_seed"": 20281627, ""evaluation_path_source"": ""trace_poses"", ""planner_path_pose_count"": 2, ""evaluation_path_pose_count"": 223}"
easy_s02_q0059,f_n3p_knn,Easy,d20_inf,True,True,0.0009504940826445818,0,22.103619613085996,22.103619613085996,0.0,0,0.0,0.09133906458328045,0,0,0,0,False,0,0,,,"{""profile_name"": ""easy_d01"", ""map_seed"": 20280623, ""query_seed"": 20281627}"
easy_s02_q0059,n3p_k1,Easy,d20_inf,True,True,0.000834053847938776,0,22.103619613085996,22.103619613085996,0.0,0,0.0,0.09133906458328045,0,0,0,0,False,0,0,,,"{""profile_name"": ""easy_d01"", ""map_seed"": 20280623, ""query_seed"": 20281627}"
easy_s02_q0059,voronoi_waypoint,Easy,d20_inf,True,True,0.8146295060869306,19,25.263252770682158,22.103619613085996,0.1429464138862382,0,0.21722655522622686,0.07644604566352631,0,0,0,0,False,,,,,"{""profile_name"": ""easy_d01"", ""map_seed"": 20280623, ""query_seed"": 20281627, ""waypoint_count"": 4}"
easy_s02_q0059,bottleneck_waypoint,Easy,d20_inf,True,True,0.8070734872017056,5,25.121543303871896,22.103619613085996,0.13653527085668804,0,0.13356193458149043,0.15083717100353444,0,0,0,0,False,,,,,"{""profile_name"": ""easy_d01"", ""map_seed"": 20280623, ""query_seed"": 20281627, ""waypoint_count"": 4, ""bottleneck_count"": 4}"
easy_s02_q0059,md_dqn,Easy,d20_inf,False,False,0.1713195526972413,600,1.1249999999990319,22.103619613085996,,0,0.0,2.678956172870763,0,0,0,0,False,,,,md_dqn_not_reached,"{""profile_name"": ""easy_d01"", ""map_seed"": 20280623, ""query_seed"": 20281627, ""md_dqn_source_dir"": ""/home/ubuntu/DQN10/2_experiment"", ""md_dqn_checkpoint_path"": ""/home/ubuntu/DQN10/2_experiment/ugv_dqn/outputs/2026-05-12_train_load_external_demo_smoke/models/realmap_a/mlp-dqn.pt"", ""md_dqn_algo"": ""mlp-dqn"", ""md_dqn_device"": ""cpu"", ""md_dqn_max_steps"": 600, ""md_dqn_rollout_steps"": 600, ""md_dqn_reached"": false}"
easy_s03_q0060,vanilla_ha,Easy,d08_12,True,True,0.15924429893493652,1,9.060353193998562,,,0,0.0,0.31237365854693944,0,0,0,0,False,,,,,"{""profile_name"": ""easy_d00"", ""map_seed"": 20290620, ""query_seed"": 20291620, ""evaluation_path_source"": ""trace_poses"", ""planner_path_pose_count"": 2, ""evaluation_path_pose_count"": 92}"
easy_s03_q0060,f_n3p_knn,Easy,d08_12,True,True,0.0004737169947475195,0,9.060353193998564,9.060353193998562,2.220446049250313e-16,0,0.0,0.31237365854693744,0,0,0,0,False,0,0,,,"{""profile_name"": ""easy_d00"", ""map_seed"": 20290620, ""query_seed"": 20291620}"
easy_s03_q0060,n3p_k1,Easy,d08_12,True,True,0.0004282889422029257,0,9.060353193998564,9.060353193998562,2.220446049250313e-16,0,0.0,0.31237365854693744,0,0,0,0,False,0,0,,,"{""profile_name"": ""easy_d00"", ""map_seed"": 20290620, ""query_seed"": 20291620}"
easy_s03_q0060,voronoi_waypoint,Easy,d08_12,True,True,0.354011591989547,2,11.221225846662852,9.060353193998562,0.23849761774139422,2,0.35347848200948934,0.31237365854693744,0,0,0,0,False,,,,,"{""profile_name"": ""easy_d00"", ""map_seed"": 20290620, ""query_seed"": 20291620, ""waypoint_count"": 1}"
easy_s03_q0060,bottleneck_waypoint,Easy,d08_12,True,True,0.6607011409942061,4,13.02252692142415,9.060353193998562,0.43730897047700856,4,0.4745162098238454,0.26670019018837443,0,0,0,0,False,,,,,"{""profile_name"": ""easy_d00"", ""map_seed"": 20290620, ""query_seed"": 20291620, ""waypoint_count"": 3, ""bottleneck_count"": 3}"
easy_s03_q0060,md_dqn,Easy,d08_12,False,False,0.17241875641047955,600,1.125000000000008,9.060353193998562,,0,0.8153095493901608,0.4622999847186615,0,0,0,0,False,,,,md_dqn_not_reached,"{""profile_name"": ""easy_d00"", ""map_seed"": 20290620, ""query_seed"": 20291620, ""md_dqn_source_dir"": ""/home/ubuntu/DQN10/2_experiment"", ""md_dqn_checkpoint_path"": ""/home/ubuntu/DQN10/2_experiment/ugv_dqn/outputs/2026-05-12_train_load_external_demo_smoke/models/realmap_a/mlp-dqn.pt"", ""md_dqn_algo"": ""mlp-dqn"", ""md_dqn_device"": ""cpu"", ""md_dqn_max_steps"": 600, ""md_dqn_rollout_steps"": 600, ""md_dqn_reached"": false}"
easy_s03_q0061,vanilla_ha,Easy,d12_16,True,True,0.15878772735595703,1,14.091131963046836,,,0,0.0,0.5578631902304262,0,0,0,0,False,,,,,"{""profile_name"": ""easy_d01"", ""map_seed"": 20290620, ""query_seed"": 20291621, ""evaluation_path_source"": ""trace_poses"", ""planner_path_pose_count"": 2, ""evaluation_path_pose_count"": 142}"
easy_s03_q0061,f_n3p_knn,Easy,d12_16,True,True,0.0006208051927387714,0,14.091131963046836,14.091131963046836,0.0,0,1.5757754984293012e-17,0.5578631902304262,0,0,0,0,False,0,0,,,"{""profile_name"": ""easy_d01"", ""map_seed"": 20290620, ""query_seed"": 20291621}"
easy_s03_q0061,n3p_k1,Easy,d12_16,True,True,0.000571028795093298,0,14.091131963046836,14.091131963046836,0.0,0,1.5757754984293012e-17,0.5578631902304262,0,0,0,0,False,0,0,,,"{""profile_name"": ""easy_d01"", ""map_seed"": 20290620, ""query_seed"": 20291621}"
easy_s03_q0061,voronoi_waypoint,Easy,d12_16,True,True,0.6669359998777509,4,18.658810733929215,14.091131963046836,0.3241527212193349,0,0.2479988014962041,0.4299758366675499,0,0,0,0,False,,,,,"{""profile_name"": ""easy_d01"", ""map_seed"": 20290620, ""query_seed"": 20291621, ""waypoint_count"": 3}"
easy_s03_q0061,bottleneck_waypoint,Easy,d12_16,True,True,0.667340368963778,4,17.239456878953376,14.091131963046836,0.2234259762922408,0,0.320282285080764,0.6003707302965946,0,0,0,0,False,,,,,"{""profile_name"": ""easy_d01"", ""map_seed"": 20290620, ""query_seed"": 20291621, ""waypoint_count"": 3, ""bottleneck_count"": 3}"
easy_s03_q0061,md_dqn,Easy,d12_16,False,False,0.17210460174828768,600,1.1249999999999918,14.091131963046836,,0,0.8385645564237333,0.7162896396266811,0,0,0,0,False,,,,md_dqn_not_reached,"{""profile_name"": ""easy_d01"", ""map_seed"": 20290620, ""query_seed"": 20291621, ""md_dqn_source_dir"": ""/home/ubuntu/DQN10/2_experiment"", ""md_dqn_checkpoint_path"": ""/home/ubuntu/DQN10/2_experiment/ugv_dqn/outputs/2026-05-12_train_load_external_demo_smoke/models/realmap_a/mlp-dqn.pt"", ""md_dqn_algo"": ""mlp-dqn"", ""md_dqn_device"": ""cpu"", ""md_dqn_max_steps"": 600, ""md_dqn_rollout_steps"": 600, ""md_dqn_reached"": false}"
easy_s03_q0062,vanilla_ha,Easy,d16_20,True,True,0.7306678295135498,567,18.217529760199287,,,0,0.08879540538996884,0.07608101931639144,0,0,0,0,False,,,,,"{""profile_name"": ""easy_d00"", ""map_seed"": 20290620, ""query_seed"": 20291622, ""evaluation_path_source"": ""trace_poses"", ""planner_path_pose_count"": 60, ""evaluation_path_pose_count"": 185}"
easy_s03_q0062,f_n3p_knn,Easy,d16_20,True,True,0.8261454838793725,19,20.342101747141523,18.217529760199287,0.11662239693901255,3,0.16229317279018568,0.07452653292638411,0,7,1,0,True,2,4,0.5,,"{""profile_name"": ""easy_d00"", ""map_seed"": 20290620, ""query_seed"": 20291622}"
easy_s03_q0062,n3p_k1,Easy,d16_20,True,True,0.5140069599729031,167,18.40925436679773,18.217529760199287,0.01052418242880071,0,0.12252338817534554,0.07087998168297838,0,0,1,0,True,1,1,1.0,,"{""profile_name"": ""easy_d00"", ""map_seed"": 20290620, ""query_seed"": 20291622}"
easy_s03_q0062,voronoi_waypoint,Easy,d16_20,True,True,0.6677874841261655,4,18.971502364498,18.217529760199287,0.04138720310730348,0,0.09927431684969985,0.0741903940571158,0,0,0,0,False,,,,,"{""profile_name"": ""easy_d00"", ""map_seed"": 20290620, ""query_seed"": 20291622, ""waypoint_count"": 3}"
easy_s03_q0062,bottleneck_waypoint,Easy,d16_20,True,True,0.8246459481306374,5,18.640136622310735,18.217529760199287,0.023197813736236528,0,0.11596899984600985,0.07413441098269857,0,0,0,0,False,,,,,"{""profile_name"": ""easy_d00"", ""map_seed"": 20290620, ""query_seed"": 20291622, ""waypoint_count"": 4, ""bottleneck_count"": 4}"
easy_s03_q0062,md_dqn,Easy,d16_20,False,False,0.17214854853227735,600,1.1250000000000155,18.217529760199287,,0,0.8385645564237129,2.4214071556852987,0,0,0,0,False,,,,md_dqn_not_reached,"{""profile_name"": ""easy_d00"", ""map_seed"": 20290620, ""query_seed"": 20291622, ""md_dqn_source_dir"": ""/home/ubuntu/DQN10/2_experiment"", ""md_dqn_checkpoint_path"": ""/home/ubuntu/DQN10/2_experiment/ugv_dqn/outputs/2026-05-12_train_load_external_demo_smoke/models/realmap_a/mlp-dqn.pt"", ""md_dqn_algo"": ""mlp-dqn"", ""md_dqn_device"": ""cpu"", ""md_dqn_max_steps"": 600, ""md_dqn_rollout_steps"": 600, ""md_dqn_reached"": false}"
easy_s03_q0063,vanilla_ha,Easy,d20_inf,True,True,0.33919763565063477,349,23.135023512506393,,,0,0.2643323480269067,0.08385524323629123,0,0,0,0,False,,,,,"{""profile_name"": ""easy_d01"", ""map_seed"": 20290620, ""query_seed"": 20291623, ""evaluation_path_source"": ""trace_poses"", ""planner_path_pose_count"": 66, ""evaluation_path_pose_count"": 234}"
easy_s03_q0063,f_n3p_knn,Easy,d20_inf,True,True,0.347924096044153,349,23.135023512506393,23.135023512506393,0.0,0,0.2643323480269067,0.08385524323629123,0,4,1,0,True,0,0,,,"{""profile_name"": ""easy_d01"", ""map_seed"": 20290620, ""query_seed"": 20291623}"
easy_s03_q0063,n3p_k1,Easy,d20_inf,True,True,0.3479304069187492,349,23.135023512506393,23.135023512506393,0.0,0,0.2643323480269067,0.08385524323629123,0,0,1,0,True,0,0,,,"{""profile_name"": ""easy_d01"", ""map_seed"": 20290620, ""query_seed"": 20291623}"
easy_s03_q0063,voronoi_waypoint,Easy,d20_inf,True,True,0.883344957139343,107,25.642980140044692,23.135023512506393,0.10840519034625329,0,0.30782395985290995,0.06358587834555218,0,0,0,0,False,,,,,"{""profile_name"": ""easy_d01"", ""map_seed"": 20290620, ""query_seed"": 20291623, ""waypoint_count"": 4}"
easy_s03_q0063,bottleneck_waypoint,Easy,d20_inf,True,True,0.7727199639193714,5,24.62993009240292,23.135023512506393,0.06461660084712717,0,0.2504724424946446,0.1594662919597486,0,0,0,0,False,,,,,"{""profile_name"": ""easy_d01"", ""map_seed"": 20290620, ""query_seed"": 20291623, ""waypoint_count"": 4, ""bottleneck_count"": 4}"
easy_s03_q0063,md_dqn,Easy,d20_inf,False,False,1.1795118316076696,600,8.504999999999987,23.135023512506393,,3,0.21510847999587338,0.1594662919597486,0,0,0,0,False,,,,md_dqn_not_reached,"{""profile_name"": ""easy_d01"", ""map_seed"": 20290620, ""query_seed"": 20291623, ""md_dqn_source_dir"": ""/home/ubuntu/DQN10/2_experiment"", ""md_dqn_checkpoint_path"": ""/home/ubuntu/DQN10/2_experiment/ugv_dqn/outputs/2026-05-12_train_load_external_demo_smoke/models/realmap_a/mlp-dqn.pt"", ""md_dqn_algo"": ""mlp-dqn"", ""md_dqn_device"": ""cpu"", ""md_dqn_max_steps"": 600, ""md_dqn_rollout_steps"": 600, ""md_dqn_reached"": false}"
easy_s03_q0064,vanilla_ha,Easy,d08_12,True,True,0.14818739891052246,1,10.374005976477937,,,0,0.0,0.44336560372794187,0,0,0,0,False,,,,,"{""profile_name"": ""easy_d00"", ""map_seed"": 20290620, ""query_seed"": 20291624, ""evaluation_path_source"": ""trace_poses"", ""planner_path_pose_count"": 2, ""evaluation_path_pose_count"": 105}"
easy_s03_q0064,f_n3p_knn,Easy,d08_12,True,True,0.0004588558804243803,0,10.374005976477939,10.374005976477937,2.220446049250313e-16,0,5.350985083016536e-18,0.44336560372794187,0,0,0,0,False,0,0,,,"{""profile_name"": ""easy_d00"", ""map_seed"": 20290620, ""query_seed"": 20291624}"
easy_s03_q0064,n3p_k1,Easy,d08_12,True,True,0.00044709094800055027,0,10.374005976477939,10.374005976477937,2.220446049250313e-16,0,5.350985083016536e-18,0.44336560372794187,0,0,0,0,False,0,0,,,"{""profile_name"": ""easy_d00"", ""map_seed"": 20290620, ""query_seed"": 20291624}"
easy_s03_q0064,voronoi_waypoint,Easy,d08_12,True,True,0.4774940030183643,3,12.403107204381632,10.374005976477937,0.19559476180218982,2,0.3373779506603176,0.44336560372794187,0,0,0,0,False,,,,,"{""profile_name"": ""easy_d00"", ""map_seed"": 20290620, ""query_seed"": 20291624, ""waypoint_count"": 2}"
easy_s03_q0064,bottleneck_waypoint,Easy,d08_12,True,True,0.33611177699640393,2,11.962913463487693,10.374005976477937,0.15316238400213478,0,0.2172321430733645,0.44336560372794187,0,0,0,0,False,,,,,"{""profile_name"": ""easy_d00"", ""map_seed"": 20290620, ""query_seed"": 20291624, ""waypoint_count"": 1, ""bottleneck_count"": 1}"
easy_s03_q0064,md_dqn,Easy,d08_12,False,False,0.5249731305520982,600,9.13125,10.374005976477937,,0,0.2587416667311059,0.44336560372794187,0,0,0,0,False,,,,md_dqn_not_reached,"{""profile_name"": ""easy_d00"", ""map_seed"": 20290620, ""query_seed"": 20291624, ""md_dqn_source_dir"": ""/home/ubuntu/DQN10/2_experiment"", ""md_dqn_checkpoint_path"": ""/home/ubuntu/DQN10/2_experiment/ugv_dqn/outputs/2026-05-12_train_load_external_demo_smoke/models/realmap_a/mlp-dqn.pt"", ""md_dqn_algo"": ""mlp-dqn"", ""md_dqn_device"": ""cpu"", ""md_dqn_max_steps"": 600, ""md_dqn_rollout_steps"": 600, ""md_dqn_reached"": false}"
easy_s03_q0065,vanilla_ha,Easy,d12_16,True,True,0.17136693000793457,41,15.70571169680895,,,0,0.08017794298897993,0.07646474462253616,0,0,0,0,False,,,,,"{""profile_name"": ""easy_d01"", ""map_seed"": 20290621, ""query_seed"": 20291621, ""evaluation_path_source"": ""trace_poses"", ""planner_path_pose_count"": 23, ""evaluation_path_pose_count"": 159}"
easy_s03_q0065,f_n3p_knn,Easy,d12_16,True,True,0.3400925889145583,37,15.56439970051826,15.70571169680895,-0.008997490786705309,0,0.14608817688900305,0.11020676220191006,0,8,2,0,True,0,0,,,"{""profile_name"": ""easy_d01"", ""map_seed"": 20290621, ""query_seed"": 20291621}"
easy_s03_q0065,n3p_k1,Easy,d12_16,True,True,0.33957412582822144,37,15.56439970051826,15.70571169680895,-0.008997490786705309,0,0.14608817688900305,0.11020676220191006,0,0,2,0,True,0,0,,,"{""profile_name"": ""easy_d01"", ""map_seed"": 20290621, ""query_seed"": 20291621}"
easy_s03_q0065,voronoi_waypoint,Easy,d12_16,True,True,0.6279972109477967,8,18.905658773875384,15.70571169680895,0.20374416255944605,2,0.2771860018070853,0.06934626314269776,0,0,0,0,False,,,,,"{""profile_name"": ""easy_d01"", ""map_seed"": 20290621, ""query_seed"": 20291621, ""waypoint_count"": 3}"
easy_s03_q0065,bottleneck_waypoint,Easy,d12_16,True,True,0.6221466660499573,4,17.744918390749195,15.70571169680895,0.1298385411184242,0,0.2517210044032661,0.24986371463607027,0,0,0,0,False,,,,,"{""profile_name"": ""easy_d01"", ""map_seed"": 20290621, ""query_seed"": 20291621, ""waypoint_count"": 3, ""bottleneck_count"": 3}"
easy_s03_q0065,md_dqn,Easy,d12_16,False,False,0.3850807014387101,600,1.1249999999999971,15.70571169680895,,0,0.8385645564237283,0.4843886630261238,0,0,0,0,False,,,,md_dqn_not_reached,"{""profile_name"": ""easy_d01"", ""map_seed"": 20290621, ""query_seed"": 20291621, ""md_dqn_source_dir"": ""/home/ubuntu/DQN10/2_experiment"", ""md_dqn_checkpoint_path"": ""/home/ubuntu/DQN10/2_experiment/ugv_dqn/outputs/2026-05-12_train_load_external_demo_smoke/models/realmap_a/mlp-dqn.pt"", ""md_dqn_algo"": ""mlp-dqn"", ""md_dqn_device"": ""cpu"", ""md_dqn_max_steps"": 600, ""md_dqn_rollout_steps"": 600, ""md_dqn_reached"": false}"
easy_s03_q0066,vanilla_ha,Easy,d16_20,True,True,0.5981321334838867,1265,20.08755985101356,,,0,0.09506613679675209,0.07224279176126647,0,0,0,0,False,,,,,"{""profile_name"": ""easy_d00"", ""map_seed"": 20290621, ""query_seed"": 20291622, ""evaluation_path_source"": ""trace_poses"", ""planner_path_pose_count"": 11, ""evaluation_path_pose_count"": 204}"
easy_s03_q0066,f_n3p_knn,Easy,d16_20,True,True,0.45128212380222976,3,20.477075180199503,20.08755985101356,0.019390873360175087,0,0.11164955997694709,0.09804918217174341,0,1,0,0,True,2,3,0.6666666666666666,,"{""profile_name"": ""easy_d00"", ""map_seed"": 20290621, ""query_seed"": 20291622}"
easy_s03_q0066,n3p_k1,Easy,d16_20,True,True,0.30910065793432295,6,20.405577875120827,20.08755985101356,0.015831590619565628,0,0.11720291702453436,0.10391075296823038,0,0,1,0,True,1,1,1.0,,"{""profile_name"": ""easy_d00"", ""map_seed"": 20290621, ""query_seed"": 20291622}"
easy_s03_q0066,voronoi_waypoint,Easy,d16_20,True,True,0.6244535089936107,4,21.002789572818017,20.08755985101356,0.04556201592391407,0,0.23087183109771156,0.2664272675469642,0,0,0,0,False,,,,,"{""profile_name"": ""easy_d00"", ""map_seed"": 20290621, ""query_seed"": 20291622, ""waypoint_count"": 3}"
easy_s03_q0066,bottleneck_waypoint,Easy,d16_20,True,True,0.48219937505200505,3,20.237338561237923,20.08755985101356,0.007456291920733493,0,0.06794252245627325,0.26211249837473094,0,0,0,0,False,,,,,"{""profile_name"": ""easy_d00"", ""map_seed"": 20290621, ""query_seed"": 20291622, ""waypoint_count"": 2, ""bottleneck_count"": 2}"
easy_s03_q0066,md_dqn,Easy,d16_20,False,False,0.8624878695700318,551,1.0949999999999984,20.08755985101356,,2,0.8176221695878679,0.2664272675469642,0,0,0,0,False,,,,md_dqn_not_reached,"{""profile_name"": ""easy_d00"", ""map_seed"": 20290621, ""query_seed"": 20291622, ""md_dqn_source_dir"": ""/home/ubuntu/DQN10/2_experiment"", ""md_dqn_checkpoint_path"": ""/home/ubuntu/DQN10/2_experiment/ugv_dqn/outputs/2026-05-12_train_load_external_demo_smoke/models/realmap_a/mlp-dqn.pt"", ""md_dqn_algo"": ""mlp-dqn"", ""md_dqn_device"": ""cpu"", ""md_dqn_max_steps"": 600, ""md_dqn_rollout_steps"": 551, ""md_dqn_reached"": false}"
easy_s03_q0067,vanilla_ha,Easy,d20_inf,True,True,1.9767625331878662,2401,25.38487226823814,,,0,0.30935845753806046,0.0774234593001657,0,0,0,0,False,,,,,"{""profile_name"": ""easy_d01"", ""map_seed"": 20290621, ""query_seed"": 20291623, ""evaluation_path_source"": ""trace_poses"", ""planner_path_pose_count"": 74, ""evaluation_path_pose_count"": 256}"
easy_s03_q0067,f_n3p_knn,Easy,d20_inf,True,True,0.32466981280595064,2,25.37997729879099,25.38487226823814,-0.0001928301783608033,0,0.08901621157999094,0.2103842535661442,0,6,0,0,True,0,2,0.0,,"{""profile_name"": ""easy_d01"", ""map_seed"": 20290621, ""query_seed"": 20291623}"
easy_s03_q0067,n3p_k1,Easy,d20_inf,True,True,0.9072947481181473,111,25.783567769835116,25.38487226823814,0.015706027486922958,2,0.2750996583216484,0.057864134862749494,0,0,1,0,True,4,4,1.0,,"{""profile_name"": ""easy_d01"", ""map_seed"": 20290621, ""query_seed"": 20291623}"
easy_s03_q0067,voronoi_waypoint,Easy,d20_inf,True,True,0.9800907659810036,6,29.993962214567368,25.38487226823814,0.1815683725970989,1,0.31434436826940765,0.08608313084193187,0,0,0,0,False,,,,,"{""profile_name"": ""easy_d01"", ""map_seed"": 20290621, ""query_seed"": 20291623, ""waypoint_count"": 5}"
easy_s03_q0067,bottleneck_waypoint,Easy,d20_inf,True,True,0.9808512090239674,6,27.545069651150566,25.38487226823814,0.08509782362053842,1,0.219729049776022,0.2594525504427625,0,0,0,0,False,,,,,"{""profile_name"": ""easy_d01"", ""map_seed"": 20290621, ""query_seed"": 20291623, ""waypoint_count"": 5, ""bottleneck_count"": 5}"
easy_s03_q0067,md_dqn,Easy,d20_inf,False,False,0.4290043420623988,270,0.9562500000000064,25.38487226823814,,1,0.1316426486563076,0.45793200500615805,0,0,0,0,False,,,,md_dqn_not_reached,"{""profile_name"": ""easy_d01"", ""map_seed"": 20290621, ""query_seed"": 20291623, ""md_dqn_source_dir"": ""/home/ubuntu/DQN10/2_experiment"", ""md_dqn_checkpoint_path"": ""/home/ubuntu/DQN10/2_experiment/ugv_dqn/outputs/2026-05-12_train_load_external_demo_smoke/models/realmap_a/mlp-dqn.pt"", ""md_dqn_algo"": ""mlp-dqn"", ""md_dqn_device"": ""cpu"", ""md_dqn_max_steps"": 600, ""md_dqn_rollout_steps"": 270, ""md_dqn_reached"": false}"
easy_s03_q0068,vanilla_ha,Easy,d08_12,True,True,0.17014145851135254,26,8.29501892939047,,,0,0.038700342975858115,0.1435498637500332,0,0,0,0,False,,,,,"{""profile_name"": ""easy_d00"", ""map_seed"": 20290621, ""query_seed"": 20291624, ""evaluation_path_source"": ""trace_poses"", ""planner_path_pose_count"": 12, ""evaluation_path_pose_count"": 86}"
easy_s03_q0068,f_n3p_knn,Easy,d08_12,True,True,0.16746693011373281,1,8.467681599588902,8.29501892939047,0.020815223168046515,0,0.10502435118562359,0.3264796933398403,0,4,0,0,True,0,1,0.0,,"{""profile_name"": ""easy_d00"", ""map_seed"": 20290621, ""query_seed"": 20291624}"
easy_s03_q0068,n3p_k1,Easy,d08_12,True,True,0.1821796470321715,29,8.31974108417338,8.29501892939047,0.002980361466725201,0,0.11309914129922596,0.10609885881494019,0,0,1,0,True,0,0,,,"{""profile_name"": ""easy_d00"", ""map_seed"": 20290621, ""query_seed"": 20291624}"
easy_s03_q0068,voronoi_waypoint,Easy,d08_12,True,True,0.3560438761487603,2,8.355394957243453,8.29501892939047,0.007278588315098755,0,0.07987720247677062,0.2744507252672873,0,0,0,0,False,,,,,"{""profile_name"": ""easy_d00"", ""map_seed"": 20290621, ""query_seed"": 20291624, ""waypoint_count"": 1}"
easy_s03_q0068,bottleneck_waypoint,Easy,d08_12,True,True,0.3564560399390757,2,8.694726333463509,8.29501892939047,0.04818643664052624,0,0.22591912795524288,0.32470544600878726,0,0,0,0,False,,,,,"{""profile_name"": ""easy_d00"", ""map_seed"": 20290621, ""query_seed"": 20291624, ""waypoint_count"": 1, ""bottleneck_count"": 1}"
easy_s03_q0068,md_dqn,Easy,d08_12,False,False,0.6417579571716487,462,1.6743749999999902,8.29501892939047,,1,0.1225108349409614,0.327659798054203,0,0,0,0,False,,,,md_dqn_not_reached,"{""profile_name"": ""easy_d00"", ""map_seed"": 20290621, ""query_seed"": 20291624, ""md_dqn_source_dir"": ""/home/ubuntu/DQN10/2_experiment"", ""md_dqn_checkpoint_path"": ""/home/ubuntu/DQN10/2_experiment/ugv_dqn/outputs/2026-05-12_train_load_external_demo_smoke/models/realmap_a/mlp-dqn.pt"", ""md_dqn_algo"": ""mlp-dqn"", ""md_dqn_device"": ""cpu"", ""md_dqn_max_steps"": 600, ""md_dqn_rollout_steps"": 462, ""md_dqn_reached"": false}"
easy_s03_q0069,vanilla_ha,Easy,d12_16,True,True,0.18601179122924805,33,12.892498423253256,,,0,0.10857028735156356,0.0690446981636974,0,0,0,0,False,,,,,"{""profile_name"": ""easy_d01"", ""map_seed"": 20290621, ""query_seed"": 20291625, ""evaluation_path_source"": ""trace_poses"", ""planner_path_pose_count"": 14, ""evaluation_path_pose_count"": 131}"
easy_s03_q0069,f_n3p_knn,Easy,d12_16,True,True,0.15799889713525772,1,12.919152944846555,12.892498423253256,0.002067444239141736,0,0.06487161512373933,0.17287147044704132,0,0,0,0,False,1,1,1.0,,"{""profile_name"": ""easy_d01"", ""map_seed"": 20290621, ""query_seed"": 20291625}"
easy_s03_q0069,n3p_k1,Easy,d12_16,True,True,0.15944545506499708,1,12.919152944846555,12.892498423253256,0.002067444239141736,0,0.06487161512373933,0.17287147044704132,0,0,0,0,False,1,1,1.0,,"{""profile_name"": ""easy_d01"", ""map_seed"": 20290621, ""query_seed"": 20291625}"
easy_s03_q0069,voronoi_waypoint,Easy,d12_16,True,True,0.4881966570392251,3,13.222343808244473,12.892498423253256,0.02558428740206775,0,0.20365015888753332,0.31167171782415826,0,0,0,0,False,,,,,"{""profile_name"": ""easy_d01"", ""map_seed"": 20290621, ""query_seed"": 20291625, ""waypoint_count"": 2}"
easy_s03_q0069,bottleneck_waypoint,Easy,d12_16,True,True,0.4912808968219906,3,13.574178389689937,12.892498423253256,0.05287415550171293,0,0.17698683529708556,0.12895145634913918,0,0,0,0,False,,,,,"{""profile_name"": ""easy_d01"", ""map_seed"": 20290621, ""query_seed"": 20291625, ""waypoint_count"": 2, ""bottleneck_count"": 2}"
easy_s03_q0069,md_dqn,Easy,d12_16,False,False,0.3822098970413208,600,1.1249999999998037,12.892498423253256,,0,0.0,0.977635210391002,0,0,0,0,False,,,,md_dqn_not_reached,"{""profile_name"": ""easy_d01"", ""map_seed"": 20290621, ""query_seed"": 20291625, ""md_dqn_source_dir"": ""/home/ubuntu/DQN10/2_experiment"", ""md_dqn_checkpoint_path"": ""/home/ubuntu/DQN10/2_experiment/ugv_dqn/outputs/2026-05-12_train_load_external_demo_smoke/models/realmap_a/mlp-dqn.pt"", ""md_dqn_algo"": ""mlp-dqn"", ""md_dqn_device"": ""cpu"", ""md_dqn_max_steps"": 600, ""md_dqn_rollout_steps"": 600, ""md_dqn_reached"": false}"
easy_s03_q0070,vanilla_ha,Easy,d16_20,False,False,2.502103805541992,3601,,,,0,,,0,0,0,0,False,,,,timeout,"{""profile_name"": ""easy_d00"", ""map_seed"": 20290622, ""query_seed"": 20291622, ""evaluation_path_source"": ""planner_path"", ""planner_path_pose_count"": 0, ""evaluation_path_pose_count"": 0}"
easy_s03_q0070,f_n3p_knn,Easy,d16_20,True,True,0.15562050603330135,1,17.825860968094343,,,0,0.05860085867921922,0.07527075231623659,0,3,0,0,True,0,1,0.0,,"{""profile_name"": ""easy_d00"", ""map_seed"": 20290622, ""query_seed"": 20291622}"
easy_s03_q0070,n3p_k1,Easy,d16_20,False,False,3.5122043769806623,5139,,,,0,,,0,0,1,1,True,0,0,,f2_failed:prediction:goal_in_collision;goal:timeout;f3_failed:timeout,"{""profile_name"": ""easy_d00"", ""map_seed"": 20290622, ""query_seed"": 20291622}"
easy_s03_q0070,voronoi_waypoint,Easy,d16_20,True,True,0.6885017098393291,86,20.718122497451176,,,2,0.34215672613589915,0.06247274577396594,0,0,0,0,False,,,,,"{""profile_name"": ""easy_d00"", ""map_seed"": 20290622, ""query_seed"": 20291622, ""waypoint_count"": 3}"
easy_s03_q0070,bottleneck_waypoint,Easy,d16_20,True,True,0.6228182669728994,4,22.140450963164113,,,3,0.30696484366229837,0.09097582451736153,0,0,0,0,False,,,,,"{""profile_name"": ""easy_d00"", ""map_seed"": 20290622, ""query_seed"": 20291622, ""waypoint_count"": 3, ""bottleneck_count"": 3}"
easy_s03_q0070,md_dqn,Easy,d16_20,False,False,0.4060717080719769,600,1.1250000000000178,,,0,0.8385645564237135,0.5588476427680173,0,0,0,0,False,,,,md_dqn_not_reached,"{""profile_name"": ""easy_d00"", ""map_seed"": 20290622, ""query_seed"": 20291622, ""md_dqn_source_dir"": ""/home/ubuntu/DQN10/2_experiment"", ""md_dqn_checkpoint_path"": ""/home/ubuntu/DQN10/2_experiment/ugv_dqn/outputs/2026-05-12_train_load_external_demo_smoke/models/realmap_a/mlp-dqn.pt"", ""md_dqn_algo"": ""mlp-dqn"", ""md_dqn_device"": ""cpu"", ""md_dqn_max_steps"": 600, ""md_dqn_rollout_steps"": 600, ""md_dqn_reached"": false}"
easy_s03_q0071,vanilla_ha,Easy,d20_inf,False,False,2.500087261199951,3622,,,,0,,,0,0,0,0,False,,,,timeout,"{""profile_name"": ""easy_d01"", ""map_seed"": 20290622, ""query_seed"": 20291623, ""evaluation_path_source"": ""planner_path"", ""planner_path_pose_count"": 0, ""evaluation_path_pose_count"": 0}"
easy_s03_q0071,f_n3p_knn,Easy,d20_inf,True,True,0.5049271679017693,13,26.12252081062772,,,4,0.10426791162603163,0.09308320214418087,0,7,1,0,True,0,2,0.0,,"{""profile_name"": ""easy_d01"", ""map_seed"": 20290622, ""query_seed"": 20291623}"
easy_s03_q0071,n3p_k1,Easy,d20_inf,True,True,0.8611312538851053,407,24.17745144222531,,,0,0.14138585260165684,0.09814446095126328,0,0,1,0,True,2,2,1.0,,"{""profile_name"": ""easy_d01"", ""map_seed"": 20290622, ""query_seed"": 20291623}"
easy_s03_q0071,voronoi_waypoint,Easy,d20_inf,True,True,0.9775490930769593,6,28.16694078176781,,,0,0.24089555801959656,0.603522784309058,0,0,0,0,False,,,,,"{""profile_name"": ""easy_d01"", ""map_seed"": 20290622, ""query_seed"": 20291623, ""waypoint_count"": 5}"
easy_s03_q0071,bottleneck_waypoint,Easy,d20_inf,True,True,0.9776264489628375,6,26.27752144895941,,,0,0.22320832925468087,0.7554238966488569,0,0,0,0,False,,,,,"{""profile_name"": ""easy_d01"", ""map_seed"": 20290622, ""query_seed"": 20291623, ""waypoint_count"": 5, ""bottleneck_count"": 5}"
easy_s03_q0071,md_dqn,Easy,d20_inf,False,False,0.18012244766578078,600,1.1249999999999598,,,0,0.8286550898949198,0.8334386021193763,0,0,0,0,False,,,,md_dqn_not_reached,"{""profile_name"": ""easy_d01"", ""map_seed"": 20290622, ""query_seed"": 20291623, ""md_dqn_source_dir"": ""/home/ubuntu/DQN10/2_experiment"", ""md_dqn_checkpoint_path"": ""/home/ubuntu/DQN10/2_experiment/ugv_dqn/outputs/2026-05-12_train_load_external_demo_smoke/models/realmap_a/mlp-dqn.pt"", ""md_dqn_algo"": ""mlp-dqn"", ""md_dqn_device"": ""cpu"", ""md_dqn_max_steps"": 600, ""md_dqn_rollout_steps"": 600, ""md_dqn_reached"": false}"
easy_s03_q0072,vanilla_ha,Easy,d08_12,True,True,0.15708398818969727,1,8.415461959987699,,,0,0.0,0.6788951582533778,0,0,0,0,False,,,,,"{""profile_name"": ""easy_d00"", ""map_seed"": 20290622, ""query_seed"": 20291624, ""evaluation_path_source"": ""trace_poses"", ""planner_path_pose_count"": 2, ""evaluation_path_pose_count"": 86}"
easy_s03_q0072,f_n3p_knn,Easy,d08_12,True,True,0.0004892928991466761,0,8.415461959987699,8.415461959987699,0.0,0,5.277062768051675e-17,0.6788951582533778,0,0,0,0,False,0,0,,,"{""profile_name"": ""easy_d00"", ""map_seed"": 20290622, ""query_seed"": 20291624}"
easy_s03_q0072,n3p_k1,Easy,d08_12,True,True,0.0003859950229525566,0,8.415461959987699,8.415461959987699,0.0,0,5.277062768051675e-17,0.6788951582533778,0,0,0,0,False,0,0,,,"{""profile_name"": ""easy_d00"", ""map_seed"": 20290622, ""query_seed"": 20291624}"
easy_s03_q0072,voronoi_waypoint,Easy,d08_12,True,True,0.35592170082964003,2,9.381875349083744,8.415461959987699,0.11483782990060099,0,0.23720006664286758,0.6788951582533778,0,0,0,0,False,,,,,"{""profile_name"": ""easy_d00"", ""map_seed"": 20290622, ""query_seed"": 20291624, ""waypoint_count"": 1}"
easy_s03_q0072,bottleneck_waypoint,Easy,d08_12,True,True,0.20353258401155472,1,8.415461959987699,8.415461959987699,0.0,0,5.277062768051675e-17,0.6788951582533778,0,0,0,0,False,,,,,"{""profile_name"": ""easy_d00"", ""map_seed"": 20290622, ""query_seed"": 20291624, ""waypoint_count"": 0, ""bottleneck_count"": 0}"
easy_s03_q0072,md_dqn,Easy,d08_12,False,False,0.17289543407969177,600,2.2499999999999942,8.415461959987699,,0,0.6895174024722414,0.4373042348755314,0,0,0,0,False,,,,md_dqn_not_reached,"{""profile_name"": ""easy_d00"", ""map_seed"": 20290622, ""query_seed"": 20291624, ""md_dqn_source_dir"": ""/home/ubuntu/DQN10/2_experiment"", ""md_dqn_checkpoint_path"": ""/home/ubuntu/DQN10/2_experiment/ugv_dqn/outputs/2026-05-12_train_load_external_demo_smoke/models/realmap_a/mlp-dqn.pt"", ""md_dqn_algo"": ""mlp-dqn"", ""md_dqn_device"": ""cpu"", ""md_dqn_max_steps"": 600, ""md_dqn_rollout_steps"": 600, ""md_dqn_reached"": false}"
easy_s03_q0073,vanilla_ha,Easy,d12_16,True,True,0.17018508911132812,17,14.799141310436669,,,0,0.0765439317900659,0.33892791104285247,0,0,0,0,False,,,,,"{""profile_name"": ""easy_d01"", ""map_seed"": 20290622, ""query_seed"": 20291625, ""evaluation_path_source"": ""trace_poses"", ""planner_path_pose_count"": 15, ""evaluation_path_pose_count"": 151}"
easy_s03_q0073,f_n3p_knn,Easy,d12_16,True,True,0.3237819189671427,2,15.146684871961577,14.799141310436669,0.023484035609540044,0,0.16588893915427846,0.10248865970764753,0,4,0,0,True,0,2,0.0,,"{""profile_name"": ""easy_d01"", ""map_seed"": 20290622, ""query_seed"": 20291625}"
easy_s03_q0073,n3p_k1,Easy,d12_16,True,True,0.1815179369878024,17,14.799141310436665,14.799141310436669,-2.220446049250313e-16,0,0.07654393179006583,0.33892791104285325,0,0,1,0,True,0,0,,,"{""profile_name"": ""easy_d01"", ""map_seed"": 20290622, ""query_seed"": 20291625}"
easy_s03_q0073,voronoi_waypoint,Easy,d12_16,True,True,0.5113173217978328,3,15.397517913461622,14.799141310436669,0.040433197472272475,0,0.19606388740011316,0.1284611084059919,0,0,0,0,False,,,,,"{""profile_name"": ""easy_d01"", ""map_seed"": 20290622, ""query_seed"": 20291625, ""waypoint_count"": 2}"
easy_s03_q0073,bottleneck_waypoint,Easy,d12_16,True,True,0.3601288360077888,2,15.23331618611612,14.799141310436669,0.029337842417469284,0,0.15637131902606524,0.830605366701451,0,0,0,0,False,,,,,"{""profile_name"": ""easy_d01"", ""map_seed"": 20290622, ""query_seed"": 20291625, ""waypoint_count"": 1, ""bottleneck_count"": 1}"
easy_s03_q0073,md_dqn,Easy,d12_16,False,False,0.1701071427669376,600,1.124999999999648,14.799141310436669,,0,0.0,1.89692362337624,0,0,0,0,False,,,,md_dqn_not_reached,"{""profile_name"": ""easy_d01"", ""map_seed"": 20290622, ""query_seed"": 20291625, ""md_dqn_source_dir"": ""/home/ubuntu/DQN10/2_experiment"", ""md_dqn_checkpoint_path"": ""/home/ubuntu/DQN10/2_experiment/ugv_dqn/outputs/2026-05-12_train_load_external_demo_smoke/models/realmap_a/mlp-dqn.pt"", ""md_dqn_algo"": ""mlp-dqn"", ""md_dqn_device"": ""cpu"", ""md_dqn_max_steps"": 600, ""md_dqn_rollout_steps"": 600, ""md_dqn_reached"": false}"
easy_s03_q0074,vanilla_ha,Easy,d16_20,True,True,1.795349359512329,2571,19.5567039101568,,,1,0.1867280937564885,0.0912573812169497,0,0,0,0,False,,,,,"{""profile_name"": ""easy_d00"", ""map_seed"": 20290622, ""query_seed"": 20291626, ""evaluation_path_source"": ""trace_poses"", ""planner_path_pose_count"": 47, ""evaluation_path_pose_count"": 198}"
easy_s03_q0074,f_n3p_knn,Easy,d16_20,True,True,2.6053008269518614,4012,19.5567039101568,19.5567039101568,0.0,1,0.1867280937564885,0.0912573812169497,0,4,1,1,True,0,0,,,"{""profile_name"": ""easy_d00"", ""map_seed"": 20290622, ""query_seed"": 20291626}"
easy_s03_q0074,n3p_k1,Easy,d16_20,True,True,2.6008007579948753,4012,19.5567039101568,19.5567039101568,0.0,1,0.1867280937564885,0.0912573812169497,0,0,1,1,True,0,0,,,"{""profile_name"": ""easy_d00"", ""map_seed"": 20290622, ""query_seed"": 20291626}"
easy_s03_q0074,voronoi_waypoint,Easy,d16_20,True,True,0.6702099798712879,14,21.48365953493577,19.5567039101568,0.09853171749346812,1,0.2663607691534423,0.07686155617679313,0,0,0,0,False,,,,,"{""profile_name"": ""easy_d00"", ""map_seed"": 20290622, ""query_seed"": 20291626, ""waypoint_count"": 3}"
easy_s03_q0074,bottleneck_waypoint,Easy,d16_20,True,True,0.5509033200796694,67,20.861250347092113,19.5567039101568,0.06670584383382705,1,0.20687126761781446,0.09766459844399633,0,0,0,0,False,,,,,"{""profile_name"": ""easy_d00"", ""map_seed"": 20290622, ""query_seed"": 20291626, ""waypoint_count"": 2, ""bottleneck_count"": 2}"
easy_s03_q0074,md_dqn,Easy,d16_20,False,False,0.0014628611970692873,1,0.003750000000000747,19.5567039101568,,0,0.08734630124013319,0.13202418846370823,0,0,0,0,False,,,,md_dqn_not_reached,"{""profile_name"": ""easy_d00"", ""map_seed"": 20290622, ""query_seed"": 20291626, ""md_dqn_source_dir"": ""/home/ubuntu/DQN10/2_experiment"", ""md_dqn_checkpoint_path"": ""/home/ubuntu/DQN10/2_experiment/ugv_dqn/outputs/2026-05-12_train_load_external_demo_smoke/models/realmap_a/mlp-dqn.pt"", ""md_dqn_algo"": ""mlp-dqn"", ""md_dqn_device"": ""cpu"", ""md_dqn_max_steps"": 600, ""md_dqn_rollout_steps"": 1, ""md_dqn_reached"": false}"
easy_s03_q0075,vanilla_ha,Easy,d20_inf,False,False,2.5019750595092773,3361,,,,0,,,0,0,0,0,False,,,,timeout,"{""profile_name"": ""easy_d01"", ""map_seed"": 20290623, ""query_seed"": 20291623, ""evaluation_path_source"": ""planner_path"", ""planner_path_pose_count"": 0, ""evaluation_path_pose_count"": 0}"
easy_s03_q0075,f_n3p_knn,Easy,d20_inf,False,False,3.8704089848324656,5073,,,,0,,,0,8,2,1,True,0,0,,f2_failed:prediction:goal_in_collision;goal:timeout;f3_failed:timeout,"{""profile_name"": ""easy_d01"", ""map_seed"": 20290623, ""query_seed"": 20291623}"
easy_s03_q0075,n3p_k1,Easy,d20_inf,False,False,3.8804243539925665,5021,,,,0,,,0,0,2,1,True,0,0,,f2_failed:prediction:goal_in_collision;goal:timeout;f3_failed:timeout,"{""profile_name"": ""easy_d01"", ""map_seed"": 20290623, ""query_seed"": 20291623}"
easy_s03_q0075,voronoi_waypoint,Easy,d20_inf,True,True,0.8611485019791871,65,23.178353383291487,,,0,0.19612193161782912,0.08566456435019965,0,0,0,0,False,,,,,"{""profile_name"": ""easy_d01"", ""map_seed"": 20290623, ""query_seed"": 20291623, ""waypoint_count"": 4}"
easy_s03_q0075,bottleneck_waypoint,Easy,d20_inf,True,True,0.6640658220276237,4,23.33644576080954,,,1,0.14145646230568304,0.24853644557004828,0,0,0,0,False,,,,,"{""profile_name"": ""easy_d01"", ""map_seed"": 20290623, ""query_seed"": 20291623, ""waypoint_count"": 3, ""bottleneck_count"": 3}"
easy_s03_q0075,md_dqn,Easy,d20_inf,False,False,0.18288794625550508,600,3.211875,,,0,0.4913051831489617,0.19884761356190028,0,0,0,0,False,,,,md_dqn_not_reached,"{""profile_name"": ""easy_d01"", ""map_seed"": 20290623, ""query_seed"": 20291623, ""md_dqn_source_dir"": ""/home/ubuntu/DQN10/2_experiment"", ""md_dqn_checkpoint_path"": ""/home/ubuntu/DQN10/2_experiment/ugv_dqn/outputs/2026-05-12_train_load_external_demo_smoke/models/realmap_a/mlp-dqn.pt"", ""md_dqn_algo"": ""mlp-dqn"", ""md_dqn_device"": ""cpu"", ""md_dqn_max_steps"": 600, ""md_dqn_rollout_steps"": 600, ""md_dqn_reached"": false}"
easy_s03_q0076,vanilla_ha,Easy,d08_12,True,True,0.18125319480895996,37,9.052729852866875,,,0,0.2937666364995085,0.11505132286252073,0,0,0,0,False,,,,,"{""profile_name"": ""easy_d00"", ""map_seed"": 20290623, ""query_seed"": 20291624, ""evaluation_path_source"": ""trace_poses"", ""planner_path_pose_count"": 16, ""evaluation_path_pose_count"": 94}"
easy_s03_q0076,f_n3p_knn,Easy,d08_12,True,True,0.16961780190467834,1,9.909182047334825,9.052729852866875,0.09460706421021992,1,0.31646615826017416,0.09185769460922422,0,0,0,0,False,1,1,1.0,,"{""profile_name"": ""easy_d00"", ""map_seed"": 20290623, ""query_seed"": 20291624}"
easy_s03_q0076,n3p_k1,Easy,d08_12,True,True,0.16914701787754893,1,9.909182047334825,9.052729852866875,0.09460706421021992,1,0.31646615826017416,0.09185769460922422,0,0,0,0,False,1,1,1.0,,"{""profile_name"": ""easy_d00"", ""map_seed"": 20290623, ""query_seed"": 20291624}"
easy_s03_q0076,voronoi_waypoint,Easy,d08_12,True,True,0.3760590229649097,22,8.893419477471875,9.052729852866875,-0.017598048100877395,0,0.12134812883373645,0.07496985336895756,0,0,0,0,False,,,,,"{""profile_name"": ""easy_d00"", ""map_seed"": 20290623, ""query_seed"": 20291624, ""waypoint_count"": 1}"
easy_s03_q0076,bottleneck_waypoint,Easy,d08_12,True,True,0.35718240891583264,2,9.02964539273721,9.052729852866875,-0.0025499998900723186,0,0.19140164269411558,0.5137490905646993,0,0,0,0,False,,,,,"{""profile_name"": ""easy_d00"", ""map_seed"": 20290623, ""query_seed"": 20291624, ""waypoint_count"": 1, ""bottleneck_count"": 1}"
easy_s03_q0076,md_dqn,Easy,d08_12,False,False,0.17460618633776903,600,1.124999999999514,9.052729852866875,,0,0.0,1.3260668778878797,0,0,0,0,False,,,,md_dqn_not_reached,"{""profile_name"": ""easy_d00"", ""map_seed"": 20290623, ""query_seed"": 20291624, ""md_dqn_source_dir"": ""/home/ubuntu/DQN10/2_experiment"", ""md_dqn_checkpoint_path"": ""/home/ubuntu/DQN10/2_experiment/ugv_dqn/outputs/2026-05-12_train_load_external_demo_smoke/models/realmap_a/mlp-dqn.pt"", ""md_dqn_algo"": ""mlp-dqn"", ""md_dqn_device"": ""cpu"", ""md_dqn_max_steps"": 600, ""md_dqn_rollout_steps"": 600, ""md_dqn_reached"": false}"
easy_s03_q0077,vanilla_ha,Easy,d12_16,True,True,0.6350076198577881,711,16.10816626411834,,,0,0.20057850421139414,0.1170187120741576,0,0,0,0,False,,,,,"{""profile_name"": ""easy_d01"", ""map_seed"": 20290623, ""query_seed"": 20291625, ""evaluation_path_source"": ""trace_poses"", ""planner_path_pose_count"": 35, ""evaluation_path_pose_count"": 164}"
easy_s03_q0077,f_n3p_knn,Easy,d12_16,True,True,0.1647767680697143,1,15.814742171207604,16.10816626411834,-0.018215859465291806,0,0.08428630312091087,0.06296259135591104,0,1,0,0,True,0,1,0.0,,"{""profile_name"": ""easy_d01"", ""map_seed"": 20290623, ""query_seed"": 20291625}"
easy_s03_q0077,n3p_k1,Easy,d12_16,True,True,0.43420531786978245,116,15.978634977878778,16.10816626411834,-0.008041342764638415,0,0.15571570605496565,0.06438061558284247,0,0,2,0,True,0,0,,,"{""profile_name"": ""easy_d01"", ""map_seed"": 20290623, ""query_seed"": 20291625}"
easy_s03_q0077,voronoi_waypoint,Easy,d12_16,True,True,0.6755314900074154,31,18.484134138852976,16.10816626411834,0.14750082882042337,2,0.3256301382921513,0.07741863408657967,0,0,0,0,False,,,,,"{""profile_name"": ""easy_d01"", ""map_seed"": 20290623, ""query_seed"": 20291625, ""waypoint_count"": 3}"
easy_s03_q0077,bottleneck_waypoint,Easy,d12_16,True,True,0.502071657916531,3,16.894304847559653,16.10816626411834,0.048803729149013986,0,0.16808689284035672,0.1041128033961276,0,0,0,0,False,,,,,"{""profile_name"": ""easy_d01"", ""map_seed"": 20290623, ""query_seed"": 20291625, ""waypoint_count"": 2, ""bottleneck_count"": 2}"
easy_s03_q0077,md_dqn,Easy,d12_16,False,False,0.2487754742614925,211,0.7387499999999984,16.10816626411834,,1,0.2178461958863164,0.3996352259522229,0,0,0,0,False,,,,md_dqn_not_reached,"{""profile_name"": ""easy_d01"", ""map_seed"": 20290623, ""query_seed"": 20291625, ""md_dqn_source_dir"": ""/home/ubuntu/DQN10/2_experiment"", ""md_dqn_checkpoint_path"": ""/home/ubuntu/DQN10/2_experiment/ugv_dqn/outputs/2026-05-12_train_load_external_demo_smoke/models/realmap_a/mlp-dqn.pt"", ""md_dqn_algo"": ""mlp-dqn"", ""md_dqn_device"": ""cpu"", ""md_dqn_max_steps"": 600, ""md_dqn_rollout_steps"": 211, ""md_dqn_reached"": false}"
easy_s03_q0078,vanilla_ha,Easy,d16_20,True,True,0.16635489463806152,25,16.892420125924684,,,0,0.1515559554856138,0.15960756528122588,0,0,0,0,False,,,,,"{""profile_name"": ""easy_d00"", ""map_seed"": 20290623, ""query_seed"": 20291626, ""evaluation_path_source"": ""trace_poses"", ""planner_path_pose_count"": 17, ""evaluation_path_pose_count"": 172}"
easy_s03_q0078,f_n3p_knn,Easy,d16_20,True,True,0.16361804213374853,1,16.71192534975385,16.892420125924684,-0.0106849566151761,0,0.03396218035455247,0.2694701170034872,0,2,0,0,True,0,1,0.0,,"{""profile_name"": ""easy_d00"", ""map_seed"": 20290623, ""query_seed"": 20291626}"
easy_s03_q0078,n3p_k1,Easy,d16_20,True,True,0.17474133078940213,25,16.892420125924684,16.892420125924684,0.0,0,0.1515559554856138,0.15960756528122588,0,0,1,0,True,0,0,,,"{""profile_name"": ""easy_d00"", ""map_seed"": 20290623, ""query_seed"": 20291626}"
easy_s03_q0078,voronoi_waypoint,Easy,d16_20,True,True,0.649070882005617,4,19.437920867654483,16.892420125924684,0.150688931648298,0,0.2969501022316845,0.422010463205693,0,0,0,0,False,,,,,"{""profile_name"": ""easy_d00"", ""map_seed"": 20290623, ""query_seed"": 20291626, ""waypoint_count"": 3}"
easy_s03_q0078,bottleneck_waypoint,Easy,d16_20,True,True,0.503191351890564,3,18.020040559126446,16.892420125924684,0.06675304218080691,0,0.26628047385036463,0.40934361562528154,0,0,0,0,False,,,,,"{""profile_name"": ""easy_d00"", ""map_seed"": 20290623, ""query_seed"": 20291626, ""waypoint_count"": 2, ""bottleneck_count"": 2}"
easy_s03_q0078,md_dqn,Easy,d16_20,False,False,0.1716931308619678,600,1.1250000000000122,16.892420125924684,,0,0.8286550898949048,1.5737554547270176,0,0,0,0,False,,,,md_dqn_not_reached,"{""profile_name"": ""easy_d00"", ""map_seed"": 20290623, ""query_seed"": 20291626, ""md_dqn_source_dir"": ""/home/ubuntu/DQN10/2_experiment"", ""md_dqn_checkpoint_path"": ""/home/ubuntu/DQN10/2_experiment/ugv_dqn/outputs/2026-05-12_train_load_external_demo_smoke/models/realmap_a/mlp-dqn.pt"", ""md_dqn_algo"": ""mlp-dqn"", ""md_dqn_device"": ""cpu"", ""md_dqn_max_steps"": 600, ""md_dqn_rollout_steps"": 600, ""md_dqn_reached"": false}"
easy_s03_q0079,vanilla_ha,Easy,d20_inf,True,True,0.3886711597442627,489,28.509118791771495,,,1,0.22186919559520835,0.07440685044209294,0,0,0,0,False,,,,,"{""profile_name"": ""easy_d01"", ""map_seed"": 20290623, ""query_seed"": 20291627, ""evaluation_path_source"": ""trace_poses"", ""planner_path_pose_count"": 55, ""evaluation_path_pose_count"": 288}"
easy_s03_q0079,f_n3p_knn,Easy,d20_inf,True,True,0.46969512291252613,489,28.509118791771495,28.509118791771495,0.0,1,0.22186919559520835,0.07440685044209294,0,4,1,0,True,0,0,,,"{""profile_name"": ""easy_d01"", ""map_seed"": 20290623, ""query_seed"": 20291627}"
easy_s03_q0079,n3p_k1,Easy,d20_inf,True,True,0.3985983128659427,489,28.509118791771495,28.509118791771495,0.0,1,0.22186919559520835,0.07440685044209294,0,0,1,0,True,0,0,,,"{""profile_name"": ""easy_d01"", ""map_seed"": 20290623, ""query_seed"": 20291627}"
easy_s03_q0079,voronoi_waypoint,Easy,d20_inf,True,True,1.1132279518060386,195,32.135227108638944,28.509118791771495,0.1271911749834247,1,0.2589452973631213,0.07217017498242595,0,0,0,0,False,,,,,"{""profile_name"": ""easy_d01"", ""map_seed"": 20290623, ""query_seed"": 20291627, ""waypoint_count"": 5}"
easy_s03_q0079,bottleneck_waypoint,Easy,d20_inf,True,True,1.2821000749245286,12,33.096063511864465,28.509118791771495,0.16089394953227698,4,0.289473242838116,0.1104162542803826,0,0,0,0,False,,,,,"{""profile_name"": ""easy_d01"", ""map_seed"": 20290623, ""query_seed"": 20291627, ""waypoint_count"": 7, ""bottleneck_count"": 7}"
easy_s03_q0079,md_dqn,Easy,d20_inf,False,False,0.2288877845276147,66,0.2324999999999842,28.509118791771495,,0,0.05359640210490817,0.36425256466013267,0,0,0,0,False,,,,md_dqn_not_reached,"{""profile_name"": ""easy_d01"", ""map_seed"": 20290623, ""query_seed"": 20291627, ""md_dqn_source_dir"": ""/home/ubuntu/DQN10/2_experiment"", ""md_dqn_checkpoint_path"": ""/home/ubuntu/DQN10/2_experiment/ugv_dqn/outputs/2026-05-12_train_load_external_demo_smoke/models/realmap_a/mlp-dqn.pt"", ""md_dqn_algo"": ""mlp-dqn"", ""md_dqn_device"": ""cpu"", ""md_dqn_max_steps"": 600, ""md_dqn_rollout_steps"": 66, ""md_dqn_reached"": false}"
easy_s04_q0080,vanilla_ha,Easy,d08_12,True,True,0.16329002380371094,15,9.895903658529758,,,0,0.13176773421366736,0.11693330574643523,0,0,0,0,False,,,,,"{""profile_name"": ""easy_d00"", ""map_seed"": 20300620, ""query_seed"": 20301620, ""evaluation_path_source"": ""trace_poses"", ""planner_path_pose_count"": 7, ""evaluation_path_pose_count"": 102}"
easy_s04_q0080,f_n3p_knn,Easy,d08_12,True,True,0.16413148492574692,1,11.034278072896628,9.895903658529758,0.11503491279299705,3,0.09748771307563626,0.2075475135573509,0,0,0,0,False,1,1,1.0,,"{""profile_name"": ""easy_d00"", ""map_seed"": 20300620, ""query_seed"": 20301620}"
easy_s04_q0080,n3p_k1,Easy,d08_12,True,True,0.16250792611390352,1,11.034278072896628,9.895903658529758,0.11503491279299705,3,0.09748771307563626,0.2075475135573509,0,0,0,0,False,1,1,1.0,,"{""profile_name"": ""easy_d00"", ""map_seed"": 20300620, ""query_seed"": 20301620}"
easy_s04_q0080,voronoi_waypoint,Easy,d08_12,True,True,0.360643028980121,14,10.057476021711913,9.895903658529758,0.016327196460010907,0,0.2020872838514032,0.08109638092023186,0,0,0,0,False,,,,,"{""profile_name"": ""easy_d00"", ""map_seed"": 20300620, ""query_seed"": 20301620, ""waypoint_count"": 1}"
easy_s04_q0080,bottleneck_waypoint,Easy,d08_12,True,True,0.35272050299681723,2,10.1772424114174,9.895903658529758,0.028429819306611925,2,0.17553604648656904,0.2333978611977564,0,0,0,0,False,,,,,"{""profile_name"": ""easy_d00"", ""map_seed"": 20300620, ""query_seed"": 20301620, ""waypoint_count"": 1, ""bottleneck_count"": 1}"
easy_s04_q0080,md_dqn,Easy,d08_12,False,False,0.177339751040563,103,0.3262500000000079,9.895903658529758,,1,0.6729550327811438,0.3961706554899781,0,0,0,0,False,,,,md_dqn_not_reached,"{""profile_name"": ""easy_d00"", ""map_seed"": 20300620, ""query_seed"": 20301620, ""md_dqn_source_dir"": ""/home/ubuntu/DQN10/2_experiment"", ""md_dqn_checkpoint_path"": ""/home/ubuntu/DQN10/2_experiment/ugv_dqn/outputs/2026-05-12_train_load_external_demo_smoke/models/realmap_a/mlp-dqn.pt"", ""md_dqn_algo"": ""mlp-dqn"", ""md_dqn_device"": ""cpu"", ""md_dqn_max_steps"": 600, ""md_dqn_rollout_steps"": 103, ""md_dqn_reached"": false}"
easy_s04_q0081,vanilla_ha,Easy,d12_16,True,True,0.17240452766418457,33,13.31938826363154,,,0,0.14585865239183826,0.06413838779245529,0,0,0,0,False,,,,,"{""profile_name"": ""easy_d01"", ""map_seed"": 20300620, ""query_seed"": 20301621, ""evaluation_path_source"": ""trace_poses"", ""planner_path_pose_count"": 14, ""evaluation_path_pose_count"": 136}"
easy_s04_q0081,f_n3p_knn,Easy,d12_16,True,True,0.32969142706133425,7,16.008938482899946,13.31938826363154,0.20192745838126802,2,0.2332970040188326,0.20938646320508902,0,6,1,0,True,0,1,0.0,,"{""profile_name"": ""easy_d01"", ""map_seed"": 20300620, ""query_seed"": 20301621}"
easy_s04_q0081,n3p_k1,Easy,d12_16,True,True,0.16495749610476196,1,13.464290074097299,13.31938826363154,0.01087901393049795,0,0.07774163087940009,0.11357560268421141,0,0,1,0,True,0,0,,,"{""profile_name"": ""easy_d01"", ""map_seed"": 20300620, ""query_seed"": 20301621}"
easy_s04_q0081,voronoi_waypoint,Easy,d12_16,True,True,0.5036520669236779,3,14.58229877920737,13.31938826363154,0.09481745637104044,0,0.24393072229538632,1.0477700967647863,0,0,0,0,False,,,,,"{""profile_name"": ""easy_d01"", ""map_seed"": 20300620, ""query_seed"": 20301621, ""waypoint_count"": 2}"
easy_s04_q0081,bottleneck_waypoint,Easy,d12_16,True,True,0.35286202491261065,2,14.117741587563827,13.31938826363154,0.059939188507041496,0,0.1758347232865383,1.107105557477629,0,0,0,0,False,,,,,"{""profile_name"": ""easy_d01"", ""map_seed"": 20300620, ""query_seed"": 20301621, ""waypoint_count"": 1, ""bottleneck_count"": 1}"
easy_s04_q0081,md_dqn,Easy,d12_16,False,False,0.174183648545295,600,1.1250000000000975,13.31938826363154,,0,0.0,1.1397663488479228,0,0,0,0,False,,,,md_dqn_not_reached,"{""profile_name"": ""easy_d01"", ""map_seed"": 20300620, ""query_seed"": 20301621, ""md_dqn_source_dir"": ""/home/ubuntu/DQN10/2_experiment"", ""md_dqn_checkpoint_path"": ""/home/ubuntu/DQN10/2_experiment/ugv_dqn/outputs/2026-05-12_train_load_external_demo_smoke/models/realmap_a/mlp-dqn.pt"", ""md_dqn_algo"": ""mlp-dqn"", ""md_dqn_device"": ""cpu"", ""md_dqn_max_steps"": 600, ""md_dqn_rollout_steps"": 600, ""md_dqn_reached"": false}"
easy_s04_q0082,vanilla_ha,Easy,d16_20,True,True,2.2412455081939697,2837,18.296222411796215,,,0,0.2716891783268185,0.1816371631604371,0,0,0,0,False,,,,,"{""profile_name"": ""easy_d00"", ""map_seed"": 20300620, ""query_seed"": 20301622, ""evaluation_path_source"": ""trace_poses"", ""planner_path_pose_count"": 49, ""evaluation_path_pose_count"": 185}"
easy_s04_q0082,f_n3p_knn,Easy,d16_20,True,True,0.49543608096428216,3,26.665489397043505,18.296222411796215,0.457431419277639,1,0.04244642493433767,0.07476600905963138,0,5,0,0,True,1,3,0.3333333333333333,,"{""profile_name"": ""easy_d00"", ""map_seed"": 20300620, ""query_seed"": 20301622}"
easy_s04_q0082,n3p_k1,Easy,d16_20,True,True,3.2726400999817997,3960,18.296222411796215,18.296222411796215,0.0,0,0.2716891783268185,0.1816371631604371,0,0,1,1,True,1,1,1.0,,"{""profile_name"": ""easy_d00"", ""map_seed"": 20300620, ""query_seed"": 20301622}"
easy_s04_q0082,voronoi_waypoint,Easy,d16_20,True,True,0.6663402928970754,13,18.72704816647783,18.296222411796215,0.023547251721417917,0,0.17064902869096094,0.07622338680833463,0,0,0,0,False,,,,,"{""profile_name"": ""easy_d00"", ""map_seed"": 20300620, ""query_seed"": 20301622, ""waypoint_count"": 3}"
easy_s04_q0082,bottleneck_waypoint,Easy,d16_20,True,True,0.5084979871753603,3,17.958978245755937,18.296222411796215,-0.01843244788185594,0,0.06325832753954856,0.2636117232664612,0,0,0,0,False,,,,,"{""profile_name"": ""easy_d00"", ""map_seed"": 20300620, ""query_seed"": 20301622, ""waypoint_count"": 2, ""bottleneck_count"": 2}"
easy_s04_q0082,md_dqn,Easy,d16_20,False,False,0.4111711566802114,600,5.354999999999987,18.296222411796215,,2,0.39441226261976886,0.1028666134917251,0,0,0,0,False,,,,md_dqn_not_reached,"{""profile_name"": ""easy_d00"", ""map_seed"": 20300620, ""query_seed"": 20301622, ""md_dqn_source_dir"": ""/home/ubuntu/DQN10/2_experiment"", ""md_dqn_checkpoint_path"": ""/home/ubuntu/DQN10/2_experiment/ugv_dqn/outputs/2026-05-12_train_load_external_demo_smoke/models/realmap_a/mlp-dqn.pt"", ""md_dqn_algo"": ""mlp-dqn"", ""md_dqn_device"": ""cpu"", ""md_dqn_max_steps"": 600, ""md_dqn_rollout_steps"": 600, ""md_dqn_reached"": false}"
easy_s04_q0083,vanilla_ha,Easy,d20_inf,True,True,0.16075348854064941,9,20.84487227155462,,,0,0.10529118381513733,0.11285203561415968,0,0,0,0,False,,,,,"{""profile_name"": ""easy_d01"", ""map_seed"": 20300620, ""query_seed"": 20301623, ""evaluation_path_source"": ""trace_poses"", ""planner_path_pose_count"": 11, ""evaluation_path_pose_count"": 211}"
easy_s04_q0083,f_n3p_knn,Easy,d20_inf,True,True,0.3574978681281209,50,20.93074026947795,20.84487227155462,0.004119382302020913,0,0.10220245646210153,0.12896346778530832,0,5,1,0,True,0,1,0.0,,"{""profile_name"": ""easy_d01"", ""map_seed"": 20300620, ""query_seed"": 20301623}"
easy_s04_q0083,n3p_k1,Easy,d20_inf,True,True,0.1728369330521673,9,20.84487227155462,20.84487227155462,0.0,0,0.10529118381513733,0.11285203561415968,0,0,1,0,True,0,0,,,"{""profile_name"": ""easy_d01"", ""map_seed"": 20300620, ""query_seed"": 20301623}"
easy_s04_q0083,voronoi_waypoint,Easy,d20_inf,True,True,0.8170492649078369,5,22.516358840939706,20.84487227155462,0.08018694226618184,0,0.18670300499636316,0.8662151665619333,0,0,0,0,False,,,,,"{""profile_name"": ""easy_d01"", ""map_seed"": 20300620, ""query_seed"": 20301623, ""waypoint_count"": 4}"
easy_s04_q0083,bottleneck_waypoint,Easy,d20_inf,True,True,0.6657700550276786,4,22.248596421165363,20.84487227155462,0.0673414608314149,0,0.12244227920986532,1.4553004229403341,0,0,0,0,False,,,,,"{""profile_name"": ""easy_d01"", ""map_seed"": 20300620, ""query_seed"": 20301623, ""waypoint_count"": 3, ""bottleneck_count"": 3}"
easy_s04_q0083,md_dqn,Easy,d20_inf,False,False,0.17101859650574625,600,1.125000000000008,20.84487227155462,,0,0.838564556423722,1.809034746279504,0,0,0,0,False,,,,md_dqn_not_reached,"{""profile_name"": ""easy_d01"", ""map_seed"": 20300620, ""query_seed"": 20301623, ""md_dqn_source_dir"": ""/home/ubuntu/DQN10/2_experiment"", ""md_dqn_checkpoint_path"": ""/home/ubuntu/DQN10/2_experiment/ugv_dqn/outputs/2026-05-12_train_load_external_demo_smoke/models/realmap_a/mlp-dqn.pt"", ""md_dqn_algo"": ""mlp-dqn"", ""md_dqn_device"": ""cpu"", ""md_dqn_max_steps"": 600, ""md_dqn_rollout_steps"": 600, ""md_dqn_reached"": false}"
easy_s04_q0084,vanilla_ha,Easy,d08_12,True,True,0.6628024578094482,682,10.400509203317748,,,0,0.16929888649642807,0.10038326799763397,0,0,0,0,False,,,,,"{""profile_name"": ""easy_d00"", ""map_seed"": 20300620, ""query_seed"": 20301624, ""evaluation_path_source"": ""trace_poses"", ""planner_path_pose_count"": 27, ""evaluation_path_pose_count"": 106}"
easy_s04_q0084,f_n3p_knn,Easy,d08_12,True,True,0.6763535898644477,682,10.400509203317748,10.400509203317748,0.0,0,0.16929888649642807,0.10038326799763397,0,4,1,0,True,0,0,,,"{""profile_name"": ""easy_d00"", ""map_seed"": 20300620, ""query_seed"": 20301624}"
easy_s04_q0084,n3p_k1,Easy,d08_12,True,True,0.6772212160285562,682,10.400509203317748,10.400509203317748,0.0,0,0.16929888649642807,0.10038326799763397,0,0,1,0,True,0,0,,,"{""profile_name"": ""easy_d00"", ""map_seed"": 20300620, ""query_seed"": 20301624}"
easy_s04_q0084,voronoi_waypoint,Easy,d08_12,True,True,0.5047653261572123,3,13.89922049659739,10.400509203317748,0.3363980767560455,1,0.34065524484881377,0.7708542371741203,0,0,0,0,False,,,,,"{""profile_name"": ""easy_d00"", ""map_seed"": 20300620, ""query_seed"": 20301624, ""waypoint_count"": 2}"
easy_s04_q0084,bottleneck_waypoint,Easy,d08_12,True,True,0.35272567393258214,2,11.376783104603025,10.400509203317748,0.09386789456172462,0,0.18432765080848137,0.5212608560137438,0,0,0,0,False,,,,,"{""profile_name"": ""easy_d00"", ""map_seed"": 20300620, ""query_seed"": 20301624, ""waypoint_count"": 1, ""bottleneck_count"": 1}"
easy_s04_q0084,md_dqn,Easy,d08_12,False,False,0.1706356075592339,600,2.2500000000000178,10.400509203317748,,0,0.08734630124014986,0.7708542371741203,0,0,0,0,False,,,,md_dqn_not_reached,"{""profile_name"": ""easy_d00"", ""map_seed"": 20300620, ""query_seed"": 20301624, ""md_dqn_source_dir"": ""/home/ubuntu/DQN10/2_experiment"", ""md_dqn_checkpoint_path"": ""/home/ubuntu/DQN10/2_experiment/ugv_dqn/outputs/2026-05-12_train_load_external_demo_smoke/models/realmap_a/mlp-dqn.pt"", ""md_dqn_algo"": ""mlp-dqn"", ""md_dqn_device"": ""cpu"", ""md_dqn_max_steps"": 600, ""md_dqn_rollout_steps"": 600, ""md_dqn_reached"": false}"
easy_s04_q0085,vanilla_ha,Easy,d12_16,True,True,0.15871691703796387,1,12.514391715141413,,,0,0.0,0.06702128649026906,0,0,0,0,False,,,,,"{""profile_name"": ""easy_d01"", ""map_seed"": 20300621, ""query_seed"": 20301621, ""evaluation_path_source"": ""trace_poses"", ""planner_path_pose_count"": 2, ""evaluation_path_pose_count"": 127}"
easy_s04_q0085,f_n3p_knn,Easy,d12_16,True,True,0.0005865381099283695,0,12.514391715141413,12.514391715141413,0.0,0,9.980516281843018e-18,0.06702128649026906,0,0,0,0,False,0,0,,,"{""profile_name"": ""easy_d01"", ""map_seed"": 20300621, ""query_seed"": 20301621}"
easy_s04_q0085,n3p_k1,Easy,d12_16,True,True,0.000549656804651022,0,12.514391715141413,12.514391715141413,0.0,0,9.980516281843018e-18,0.06702128649026906,0,0,0,0,False,0,0,,,"{""profile_name"": ""easy_d01"", ""map_seed"": 20300621, ""query_seed"": 20301621}"
easy_s04_q0085,voronoi_waypoint,Easy,d12_16,True,True,0.5105672390200198,3,12.725842677593693,12.514391715141413,0.01689662328504893,0,0.167736054616965,0.7611604393490254,0,0,0,0,False,,,,,"{""profile_name"": ""easy_d01"", ""map_seed"": 20300621, ""query_seed"": 20301621, ""waypoint_count"": 2}"
easy_s04_q0085,bottleneck_waypoint,Easy,d12_16,True,True,0.3599599951412529,2,12.607014315058189,12.514391715141413,0.00740128661664885,0,0.06461336929695909,0.7270681721871273,0,0,0,0,False,,,,,"{""profile_name"": ""easy_d01"", ""map_seed"": 20300621, ""query_seed"": 20301621, ""waypoint_count"": 1, ""bottleneck_count"": 1}"
easy_s04_q0085,md_dqn,Easy,d12_16,False,False,0.1687806153204292,600,1.1250000000002336,12.514391715141413,,0,0.0,1.1978770600881845,0,0,0,0,False,,,,md_dqn_not_reached,"{""profile_name"": ""easy_d01"", ""map_seed"": 20300621, ""query_seed"": 20301621, ""md_dqn_source_dir"": ""/home/ubuntu/DQN10/2_experiment"", ""md_dqn_checkpoint_path"": ""/home/ubuntu/DQN10/2_experiment/ugv_dqn/outputs/2026-05-12_train_load_external_demo_smoke/models/realmap_a/mlp-dqn.pt"", ""md_dqn_algo"": ""mlp-dqn"", ""md_dqn_device"": ""cpu"", ""md_dqn_max_steps"": 600, ""md_dqn_rollout_steps"": 600, ""md_dqn_reached"": false}"
easy_s04_q0086,vanilla_ha,Easy,d16_20,True,True,0.15806245803833008,1,16.227445886522005,,,0,0.0,0.15737680399019294,0,0,0,0,False,,,,,"{""profile_name"": ""easy_d00"", ""map_seed"": 20300621, ""query_seed"": 20301622, ""evaluation_path_source"": ""trace_poses"", ""planner_path_pose_count"": 2, ""evaluation_path_pose_count"": 164}"
easy_s04_q0086,f_n3p_knn,Easy,d16_20,True,True,0.0006778009701520205,0,16.22744588652201,16.227445886522005,2.220446049250313e-16,0,0.0,0.1573768039901926,0,0,0,0,False,0,0,,,"{""profile_name"": ""easy_d00"", ""map_seed"": 20300621, ""query_seed"": 20301622}"
easy_s04_q0086,n3p_k1,Easy,d16_20,True,True,0.0007104040123522282,0,16.22744588652201,16.227445886522005,2.220446049250313e-16,0,0.0,0.1573768039901926,0,0,0,0,False,0,0,,,"{""profile_name"": ""easy_d00"", ""map_seed"": 20300621, ""query_seed"": 20301622}"
easy_s04_q0086,voronoi_waypoint,Easy,d16_20,True,True,0.6618362939916551,4,19.078148000672403,16.227445886522005,0.17567164506880895,3,0.2563830801354638,0.538251258277048,0,0,0,0,False,,,,,"{""profile_name"": ""easy_d00"", ""map_seed"": 20300621, ""query_seed"": 20301622, ""waypoint_count"": 3}"
easy_s04_q0086,bottleneck_waypoint,Easy,d16_20,True,True,0.5093726620543748,3,16.728486024432875,16.227445886522005,0.030876093589504272,0,0.08965069288322305,0.23248798197921627,0,0,0,0,False,,,,,"{""profile_name"": ""easy_d00"", ""map_seed"": 20300621, ""query_seed"": 20301622, ""waypoint_count"": 2, ""bottleneck_count"": 2}"
easy_s04_q0086,md_dqn,Easy,d16_20,False,False,0.17211384349502623,600,1.1249999999999956,16.227445886522005,,0,0.737025213955589,1.1388955738430167,0,0,0,0,False,,,,md_dqn_not_reached,"{""profile_name"": ""easy_d00"", ""map_seed"": 20300621, ""query_seed"": 20301622, ""md_dqn_source_dir"": ""/home/ubuntu/DQN10/2_experiment"", ""md_dqn_checkpoint_path"": ""/home/ubuntu/DQN10/2_experiment/ugv_dqn/outputs/2026-05-12_train_load_external_demo_smoke/models/realmap_a/mlp-dqn.pt"", ""md_dqn_algo"": ""mlp-dqn"", ""md_dqn_device"": ""cpu"", ""md_dqn_max_steps"": 600, ""md_dqn_rollout_steps"": 600, ""md_dqn_reached"": false}"
easy_s04_q0087,vanilla_ha,Easy,d20_inf,True,True,0.9018435478210449,1047,20.91413721855284,,,2,0.32400276861498756,0.06578970128806272,0,0,0,0,False,,,,,"{""profile_name"": ""easy_d01"", ""map_seed"": 20300621, ""query_seed"": 20301623, ""evaluation_path_source"": ""trace_poses"", ""planner_path_pose_count"": 63, ""evaluation_path_pose_count"": 211}"
easy_s04_q0087,f_n3p_knn,Easy,d20_inf,True,True,0.49835734302178025,8,25.079096311832686,20.91413721855284,0.19914563291595555,1,0.10395305535990874,0.07702901733791068,0,5,1,0,True,1,2,0.5,,"{""profile_name"": ""easy_d01"", ""map_seed"": 20300621, ""query_seed"": 20301623}"
easy_s04_q0087,n3p_k1,Easy,d20_inf,True,True,1.5975795770063996,941,21.386309643846282,20.91413721855284,0.02257671068900624,1,0.20533446814002804,0.07702901733791068,0,0,2,0,True,1,1,1.0,,"{""profile_name"": ""easy_d01"", ""map_seed"": 20300621, ""query_seed"": 20301623}"
easy_s04_q0087,voronoi_waypoint,Easy,d20_inf,True,True,0.8130535839591175,5,23.565768324297554,20.91413721855284,0.12678654051253258,1,0.29327271922692033,0.5435255111680379,0,0,0,0,False,,,,,"{""profile_name"": ""easy_d01"", ""map_seed"": 20300621, ""query_seed"": 20301623, ""waypoint_count"": 4}"
easy_s04_q0087,bottleneck_waypoint,Easy,d20_inf,True,True,0.6678587640635669,4,22.18447239740355,20.91413721855284,0.06074050129707498,0,0.17668538757579758,0.09835930981122043,0,0,0,0,False,,,,,"{""profile_name"": ""easy_d01"", ""map_seed"": 20300621, ""query_seed"": 20301623, ""waypoint_count"": 3, ""bottleneck_count"": 3}"
easy_s04_q0087,md_dqn,Easy,d20_inf,False,False,0.17048704554326832,600,1.1249999999999645,20.91413721855284,,0,0.8286550898949165,1.29031111736353,0,0,0,0,False,,,,md_dqn_not_reached,"{""profile_name"": ""easy_d01"", ""map_seed"": 20300621, ""query_seed"": 20301623, ""md_dqn_source_dir"": ""/home/ubuntu/DQN10/2_experiment"", ""md_dqn_checkpoint_path"": ""/home/ubuntu/DQN10/2_experiment/ugv_dqn/outputs/2026-05-12_train_load_external_demo_smoke/models/realmap_a/mlp-dqn.pt"", ""md_dqn_algo"": ""mlp-dqn"", ""md_dqn_device"": ""cpu"", ""md_dqn_max_steps"": 600, ""md_dqn_rollout_steps"": 600, ""md_dqn_reached"": false}"
easy_s04_q0088,vanilla_ha,Easy,d08_12,True,True,0.5403635501861572,517,11.69519387700984,,,0,0.3177519354343011,0.06137516815522892,0,0,0,0,False,,,,,"{""profile_name"": ""easy_d00"", ""map_seed"": 20300621, ""query_seed"": 20301624, ""evaluation_path_source"": ""trace_poses"", ""planner_path_pose_count"": 31, ""evaluation_path_pose_count"": 119}"
easy_s04_q0088,f_n3p_knn,Easy,d08_12,True,True,0.15574241895228624,1,11.44937685913836,11.69519387700984,-0.021018635557184084,0,0.08815096295773718,0.47708059415434534,0,1,0,0,True,0,1,0.0,,"{""profile_name"": ""easy_d00"", ""map_seed"": 20300621, ""query_seed"": 20301624}"
easy_s04_q0088,n3p_k1,Easy,d08_12,True,True,0.5315229520201683,517,11.69519387700984,11.69519387700984,0.0,0,0.3177519354343011,0.06137516815522892,0,0,1,0,True,0,0,,,"{""profile_name"": ""easy_d00"", ""map_seed"": 20300621, ""query_seed"": 20301624}"
easy_s04_q0088,voronoi_waypoint,Easy,d08_12,True,True,0.4675199850462377,3,13.598406224211768,11.69519387700984,0.16273457004789127,0,0.3082279452558457,0.23431977399998083,0,0,0,0,False,,,,,"{""profile_name"": ""easy_d00"", ""map_seed"": 20300621, ""query_seed"": 20301624, ""waypoint_count"": 2}"
easy_s04_q0088,bottleneck_waypoint,Easy,d08_12,True,True,0.4692842229269445,3,13.325685063887523,11.69519387700984,0.13941549015983967,0,0.27908262381857946,0.25693072788252136,0,0,0,0,False,,,,,"{""profile_name"": ""easy_d00"", ""map_seed"": 20300621, ""query_seed"": 20301624, ""waypoint_count"": 2, ""bottleneck_count"": 2}"
easy_s04_q0088,md_dqn,Easy,d08_12,False,False,0.38806614046916366,600,2.249999999999976,11.69519387700984,,0,0.08734630124015157,0.47708059415434534,0,0,0,0,False,,,,md_dqn_not_reached,"{""profile_name"": ""easy_d00"", ""map_seed"": 20300621, ""query_seed"": 20301624, ""md_dqn_source_dir"": ""/home/ubuntu/DQN10/2_experiment"", ""md_dqn_checkpoint_path"": ""/home/ubuntu/DQN10/2_experiment/ugv_dqn/outputs/2026-05-12_train_load_external_demo_smoke/models/realmap_a/mlp-dqn.pt"", ""md_dqn_algo"": ""mlp-dqn"", ""md_dqn_device"": ""cpu"", ""md_dqn_max_steps"": 600, ""md_dqn_rollout_steps"": 600, ""md_dqn_reached"": false}"
easy_s04_q0089,vanilla_ha,Easy,d12_16,True,True,0.15714764595031738,9,12.536453973286042,,,0,0.1624894436759355,0.09031691744432357,0,0,0,0,False,,,,,"{""profile_name"": ""easy_d01"", ""map_seed"": 20300621, ""query_seed"": 20301625, ""evaluation_path_source"": ""trace_poses"", ""planner_path_pose_count"": 7, ""evaluation_path_pose_count"": 128}"
easy_s04_q0089,f_n3p_knn,Easy,d12_16,True,True,0.31697615096345544,2,13.296580126070735,12.536453973286042,0.0606332663450484,1,0.11450710048229264,0.1615466673080903,0,5,0,0,True,0,2,0.0,,"{""profile_name"": ""easy_d01"", ""map_seed"": 20300621, ""query_seed"": 20301625}"
easy_s04_q0089,n3p_k1,Easy,d12_16,True,True,0.16460231808014214,7,12.870328276537524,12.536453973286042,0.026632276077664052,0,0.17426808227508553,0.09031691744432357,0,0,1,0,True,0,0,,,"{""profile_name"": ""easy_d01"", ""map_seed"": 20300621, ""query_seed"": 20301625}"
easy_s04_q0089,voronoi_waypoint,Easy,d12_16,True,True,0.5109314848668873,11,13.820534602725427,12.536453973286042,0.10242773851167453,0,0.38336296508384465,0.09031691744432357,0,0,0,0,False,,,,,"{""profile_name"": ""easy_d01"", ""map_seed"": 20300621, ""query_seed"": 20301625, ""waypoint_count"": 2}"
easy_s04_q0089,bottleneck_waypoint,Easy,d12_16,True,True,0.5052957960870117,3,13.685692267331248,12.536453973286042,0.09167171965007981,2,0.41151428333363255,0.06734062725636336,0,0,0,0,False,,,,,"{""profile_name"": ""easy_d01"", ""map_seed"": 20300621, ""query_seed"": 20301625, ""waypoint_count"": 2, ""bottleneck_count"": 2}"
easy_s04_q0089,md_dqn,Easy,d12_16,False,False,0.3275952769909054,38,0.08062499999999378,12.536453973286042,,0,0.32057536804918185,0.5049201233737264,0,0,0,0,False,,,,md_dqn_not_reached,"{""profile_name"": ""easy_d01"", ""map_seed"": 20300621, ""query_seed"": 20301625, ""md_dqn_source_dir"": ""/home/ubuntu/DQN10/2_experiment"", ""md_dqn_checkpoint_path"": ""/home/ubuntu/DQN10/2_experiment/ugv_dqn/outputs/2026-05-12_train_load_external_demo_smoke/models/realmap_a/mlp-dqn.pt"", ""md_dqn_algo"": ""mlp-dqn"", ""md_dqn_device"": ""cpu"", ""md_dqn_max_steps"": 600, ""md_dqn_rollout_steps"": 38, ""md_dqn_reached"": false}"
easy_s04_q0090,vanilla_ha,Easy,d16_20,True,True,0.17416095733642578,33,17.06670072835364,,,0,0.06914411610860177,0.0710341827568558,0,0,0,0,False,,,,,"{""profile_name"": ""easy_d00"", ""map_seed"": 20300622, ""query_seed"": 20301622, ""evaluation_path_source"": ""trace_poses"", ""planner_path_pose_count"": 19, ""evaluation_path_pose_count"": 173}"
easy_s04_q0090,f_n3p_knn,Easy,d16_20,True,True,0.17018846794962883,1,17.385631027774664,17.06670072835364,0.01868728493558036,0,0.04862901136222313,0.2150565965894935,0,2,0,0,True,0,1,0.0,,"{""profile_name"": ""easy_d00"", ""map_seed"": 20300622, ""query_seed"": 20301622}"
easy_s04_q0090,n3p_k1,Easy,d16_20,True,True,0.18935523787513375,31,17.11859002924598,17.06670072835364,0.003040382656158691,0,0.09412479227217461,0.0710341827568558,0,0,1,0,True,0,0,,,"{""profile_name"": ""easy_d00"", ""map_seed"": 20300622, ""query_seed"": 20301622}"
easy_s04_q0090,voronoi_waypoint,Easy,d16_20,True,True,0.6608747609425336,4,19.20189868447809,17.06670072835364,0.12510900554886684,0,0.2565507031397123,0.6835082515694015,0,0,0,0,False,,,,,"{""profile_name"": ""easy_d00"", ""map_seed"": 20300622, ""query_seed"": 20301622, ""waypoint_count"": 3}"
easy_s04_q0090,bottleneck_waypoint,Easy,d16_20,True,True,0.5117796349804848,3,19.453079908331173,17.06670072835364,0.13982662601055273,2,0.22213590136615854,0.7907057136732067,0,0,0,0,False,,,,,"{""profile_name"": ""easy_d00"", ""map_seed"": 20300622, ""query_seed"": 20301622, ""waypoint_count"": 2, ""bottleneck_count"": 2}"
easy_s04_q0090,md_dqn,Easy,d16_20,False,False,0.4088655640371144,600,1.1249999999995297,17.06670072835364,,0,0.0,1.002078740025327,0,0,0,0,False,,,,md_dqn_not_reached,"{""profile_name"": ""easy_d00"", ""map_seed"": 20300622, ""query_seed"": 20301622, ""md_dqn_source_dir"": ""/home/ubuntu/DQN10/2_experiment"", ""md_dqn_checkpoint_path"": ""/home/ubuntu/DQN10/2_experiment/ugv_dqn/outputs/2026-05-12_train_load_external_demo_smoke/models/realmap_a/mlp-dqn.pt"", ""md_dqn_algo"": ""mlp-dqn"", ""md_dqn_device"": ""cpu"", ""md_dqn_max_steps"": 600, ""md_dqn_rollout_steps"": 600, ""md_dqn_reached"": false}"
easy_s04_q0091,vanilla_ha,Easy,d20_inf,True,True,0.21558237075805664,129,21.042800525649167,,,0,0.13698435357824845,0.17563446680286277,0,0,0,0,False,,,,,"{""profile_name"": ""easy_d01"", ""map_seed"": 20300622, ""query_seed"": 20301623, ""evaluation_path_source"": ""trace_poses"", ""planner_path_pose_count"": 24, ""evaluation_path_pose_count"": 213}"
easy_s04_q0091,f_n3p_knn,Easy,d20_inf,True,True,0.3143959688022733,2,21.326228313643618,21.042800525649167,0.013469109667650025,0,0.07311614158916122,0.5567452685108485,0,0,0,0,False,2,2,1.0,,"{""profile_name"": ""easy_d01"", ""map_seed"": 20300622, ""query_seed"": 20301623}"
easy_s04_q0091,n3p_k1,Easy,d20_inf,True,True,0.30829173093661666,2,21.326228313643618,21.042800525649167,0.013469109667650025,0,0.07311614158916122,0.5567452685108485,0,0,0,0,False,2,2,1.0,,"{""profile_name"": ""easy_d01"", ""map_seed"": 20300622, ""query_seed"": 20301623}"
easy_s04_q0091,voronoi_waypoint,Easy,d20_inf,True,True,0.6297235500533134,5,23.194152794318814,21.042800525649167,0.1022369748763885,2,0.15529139013290474,0.3528356101424217,0,0,0,0,False,,,,,"{""profile_name"": ""easy_d01"", ""map_seed"": 20300622, ""query_seed"": 20301623, ""waypoint_count"": 4}"
easy_s04_q0091,bottleneck_waypoint,Easy,d20_inf,True,True,0.6256039459258318,4,21.254238769714455,21.042800525649167,0.010048008762311156,0,0.10418145103099927,0.5567452685108494,0,0,0,0,False,,,,,"{""profile_name"": ""easy_d01"", ""map_seed"": 20300622, ""query_seed"": 20301623, ""waypoint_count"": 3, ""bottleneck_count"": 3}"
easy_s04_q0091,md_dqn,Easy,d20_inf,False,False,0.1684959412086755,600,1.1249999999998768,21.042800525649167,,0,0.0,2.5224148191234823,0,0,0,0,False,,,,md_dqn_not_reached,"{""profile_name"": ""easy_d01"", ""map_seed"": 20300622, ""query_seed"": 20301623, ""md_dqn_source_dir"": ""/home/ubuntu/DQN10/2_experiment"", ""md_dqn_checkpoint_path"": ""/home/ubuntu/DQN10/2_experiment/ugv_dqn/outputs/2026-05-12_train_load_external_demo_smoke/models/realmap_a/mlp-dqn.pt"", ""md_dqn_algo"": ""mlp-dqn"", ""md_dqn_device"": ""cpu"", ""md_dqn_max_steps"": 600, ""md_dqn_rollout_steps"": 600, ""md_dqn_reached"": false}"
easy_s04_q0092,vanilla_ha,Easy,d08_12,True,True,0.14976096153259277,1,9.305912099305472,,,0,0.0,0.4354398694332058,0,0,0,0,False,,,,,"{""profile_name"": ""easy_d00"", ""map_seed"": 20300622, ""query_seed"": 20301624, ""evaluation_path_source"": ""trace_poses"", ""planner_path_pose_count"": 2, ""evaluation_path_pose_count"": 95}"
easy_s04_q0092,f_n3p_knn,Easy,d08_12,True,True,0.00044148415327072144,0,9.305912099305472,9.305912099305472,0.0,0,0.0,0.4354398694332058,0,0,0,0,False,0,0,,,"{""profile_name"": ""easy_d00"", ""map_seed"": 20300622, ""query_seed"": 20301624}"
easy_s04_q0092,n3p_k1,Easy,d08_12,True,True,0.0004479961935430765,0,9.305912099305472,9.305912099305472,0.0,0,0.0,0.4354398694332058,0,0,0,0,False,0,0,,,"{""profile_name"": ""easy_d00"", ""map_seed"": 20300622, ""query_seed"": 20301624}"
easy_s04_q0092,voronoi_waypoint,Easy,d08_12,True,True,0.3347702529281378,2,9.62384624380278,9.305912099305472,0.03416474829168403,0,0.1630342722586081,0.3752906837674981,0,0,0,0,False,,,,,"{""profile_name"": ""easy_d00"", ""map_seed"": 20300622, ""query_seed"": 20301624, ""waypoint_count"": 1}"
easy_s04_q0092,bottleneck_waypoint,Easy,d08_12,True,True,0.3360568361822516,2,9.371671876634244,9.305912099305472,0.00706645158766106,0,0.10585323933871248,0.4354398694332058,0,0,0,0,False,,,,,"{""profile_name"": ""easy_d00"", ""map_seed"": 20300622, ""query_seed"": 20301624, ""waypoint_count"": 1, ""bottleneck_count"": 1}"
easy_s04_q0092,md_dqn,Easy,d08_12,False,False,0.17064370308071375,600,1.1250000000003406,9.305912099305472,,0,0.0,0.4354398694332058,0,0,0,0,False,,,,md_dqn_not_reached,"{""profile_name"": ""easy_d00"", ""map_seed"": 20300622, ""query_seed"": 20301624, ""md_dqn_source_dir"": ""/home/ubuntu/DQN10/2_experiment"", ""md_dqn_checkpoint_path"": ""/home/ubuntu/DQN10/2_experiment/ugv_dqn/outputs/2026-05-12_train_load_external_demo_smoke/models/realmap_a/mlp-dqn.pt"", ""md_dqn_algo"": ""mlp-dqn"", ""md_dqn_device"": ""cpu"", ""md_dqn_max_steps"": 600, ""md_dqn_rollout_steps"": 600, ""md_dqn_reached"": false}"
easy_s04_q0093,vanilla_ha,Easy,d12_16,True,True,0.17346405982971191,41,16.00752354698423,,,0,0.15434426179143682,0.07243499798623065,0,0,0,0,False,,,,,"{""profile_name"": ""easy_d01"", ""map_seed"": 20300622, ""query_seed"": 20301625, ""evaluation_path_source"": ""trace_poses"", ""planner_path_pose_count"": 19, ""evaluation_path_pose_count"": 163}"
easy_s04_q0093,f_n3p_knn,Easy,d12_16,True,True,0.3112933561205864,2,15.893017157822632,16.00752354698423,-0.007153285692537481,0,0.04763615042467476,0.1184918602984899,0,0,0,0,False,2,2,1.0,,"{""profile_name"": ""easy_d01"", ""map_seed"": 20300622, ""query_seed"": 20301625}"
easy_s04_q0093,n3p_k1,Easy,d12_16,True,True,0.3079309151507914,2,15.893017157822632,16.00752354698423,-0.007153285692537481,0,0.04763615042467476,0.1184918602984899,0,0,0,0,False,2,2,1.0,,"{""profile_name"": ""easy_d01"", ""map_seed"": 20300622, ""query_seed"": 20301625}"
easy_s04_q0093,voronoi_waypoint,Easy,d12_16,True,True,0.6225570940878242,4,19.61720830272947,16.00752354698423,0.22549926259051434,0,0.27610117171493037,0.5612537770580733,0,0,0,0,False,,,,,"{""profile_name"": ""easy_d01"", ""map_seed"": 20300622, ""query_seed"": 20301625, ""waypoint_count"": 3}"
easy_s04_q0093,bottleneck_waypoint,Easy,d12_16,True,True,0.4827130089979619,3,18.744405775419274,16.00752354698423,0.17097474324507012,0,0.2137279899121506,0.5681746507035614,0,0,0,0,False,,,,,"{""profile_name"": ""easy_d01"", ""map_seed"": 20300622, ""query_seed"": 20301625, ""waypoint_count"": 2, ""bottleneck_count"": 2}"
easy_s04_q0093,md_dqn,Easy,d12_16,False,False,0.1708741148468107,600,1.1249999999994893,16.00752354698423,,0,0.0,1.7264200505591023,0,0,0,0,False,,,,md_dqn_not_reached,"{""profile_name"": ""easy_d01"", ""map_seed"": 20300622, ""query_seed"": 20301625, ""md_dqn_source_dir"": ""/home/ubuntu/DQN10/2_experiment"", ""md_dqn_checkpoint_path"": ""/home/ubuntu/DQN10/2_experiment/ugv_dqn/outputs/2026-05-12_train_load_external_demo_smoke/models/realmap_a/mlp-dqn.pt"", ""md_dqn_algo"": ""mlp-dqn"", ""md_dqn_device"": ""cpu"", ""md_dqn_max_steps"": 600, ""md_dqn_rollout_steps"": 600, ""md_dqn_reached"": false}"
easy_s04_q0094,vanilla_ha,Easy,d16_20,True,True,0.15578365325927734,9,17.42849671261657,,,0,0.07280969810810586,0.2761225045831718,0,0,0,0,False,,,,,"{""profile_name"": ""easy_d00"", ""map_seed"": 20300622, ""query_seed"": 20301626, ""evaluation_path_source"": ""trace_poses"", ""planner_path_pose_count"": 7, ""evaluation_path_pose_count"": 176}"
easy_s04_q0094,f_n3p_knn,Easy,d16_20,True,True,0.1503136451356113,1,17.401733687487923,17.42849671261657,-0.0015355899920659333,0,0.057617247374336884,0.19783524638937733,0,0,0,0,False,1,1,1.0,,"{""profile_name"": ""easy_d00"", ""map_seed"": 20300622, ""query_seed"": 20301626}"
easy_s04_q0094,n3p_k1,Easy,d16_20,True,True,0.14863786194473505,1,17.401733687487923,17.42849671261657,-0.0015355899920659333,0,0.057617247374336884,0.19783524638937733,0,0,0,0,False,1,1,1.0,,"{""profile_name"": ""easy_d00"", ""map_seed"": 20300622, ""query_seed"": 20301626}"
easy_s04_q0094,voronoi_waypoint,Easy,d16_20,True,True,0.616930381860584,4,19.87174524502189,17.42849671261657,0.14018699218255826,0,0.20397036166255195,0.12893923718748623,0,0,0,0,False,,,,,"{""profile_name"": ""easy_d00"", ""map_seed"": 20300622, ""query_seed"": 20301626, ""waypoint_count"": 3}"
easy_s04_q0094,bottleneck_waypoint,Easy,d16_20,True,True,0.47877336805686355,3,20.101502171204448,17.42849671261657,0.15336982315020187,1,0.18970384855254457,0.5483176563720801,0,0,0,0,False,,,,,"{""profile_name"": ""easy_d00"", ""map_seed"": 20300622, ""query_seed"": 20301626, ""waypoint_count"": 2, ""bottleneck_count"": 2}"
easy_s04_q0094,md_dqn,Easy,d16_20,False,False,0.19406983442604542,176,0.4087500000000396,17.42849671261657,,1,0.4104774775566649,0.3432117045445945,0,0,0,0,False,,,,md_dqn_not_reached,"{""profile_name"": ""easy_d00"", ""map_seed"": 20300622, ""query_seed"": 20301626, ""md_dqn_source_dir"": ""/home/ubuntu/DQN10/2_experiment"", ""md_dqn_checkpoint_path"": ""/home/ubuntu/DQN10/2_experiment/ugv_dqn/outputs/2026-05-12_train_load_external_demo_smoke/models/realmap_a/mlp-dqn.pt"", ""md_dqn_algo"": ""mlp-dqn"", ""md_dqn_device"": ""cpu"", ""md_dqn_max_steps"": 600, ""md_dqn_rollout_steps"": 176, ""md_dqn_reached"": false}"
easy_s04_q0095,vanilla_ha,Easy,d20_inf,False,False,2.500354766845703,3518,,,,0,,,0,0,0,0,False,,,,timeout,"{""profile_name"": ""easy_d01"", ""map_seed"": 20300623, ""query_seed"": 20301623, ""evaluation_path_source"": ""planner_path"", ""planner_path_pose_count"": 0, ""evaluation_path_pose_count"": 0}"
easy_s04_q0095,f_n3p_knn,Easy,d20_inf,True,True,1.0870932010002434,35,22.894495957558426,,,5,0.3828579314213911,0.1511626730728245,0,8,1,0,True,5,6,0.8333333333333334,,"{""profile_name"": ""easy_d01"", ""map_seed"": 20300623, ""query_seed"": 20301623}"
easy_s04_q0095,n3p_k1,Easy,d20_inf,True,True,1.4920642520301044,694,22.31872682932006,,,4,0.30300279939643765,0.07639013860774879,0,0,1,0,True,5,5,1.0,,"{""profile_name"": ""easy_d01"", ""map_seed"": 20300623, ""query_seed"": 20301623}"
easy_s04_q0095,voronoi_waypoint,Easy,d20_inf,True,True,0.7639685140457004,11,24.118190466175477,,,3,0.3272140618539044,0.10248690891834067,0,0,0,0,False,,,,,"{""profile_name"": ""easy_d01"", ""map_seed"": 20300623, ""query_seed"": 20301623, ""waypoint_count"": 4}"
easy_s04_q0095,bottleneck_waypoint,Easy,d20_inf,True,True,0.7681014030240476,5,23.602594543816675,,,5,0.3068349502069274,0.14377769962331055,0,0,0,0,False,,,,,"{""profile_name"": ""easy_d01"", ""map_seed"": 20300623, ""query_seed"": 20301623, ""waypoint_count"": 4, ""bottleneck_count"": 4}"
easy_s04_q0095,md_dqn,Easy,d20_inf,False,False,0.41144383139908314,513,43.59125000000004,,,1,0.1857045414098294,0.07929243452240242,0,0,0,0,False,,,,md_dqn_not_reached,"{""profile_name"": ""easy_d01"", ""map_seed"": 20300623, ""query_seed"": 20301623, ""md_dqn_source_dir"": ""/home/ubuntu/DQN10/2_experiment"", ""md_dqn_checkpoint_path"": ""/home/ubuntu/DQN10/2_experiment/ugv_dqn/outputs/2026-05-12_train_load_external_demo_smoke/models/realmap_a/mlp-dqn.pt"", ""md_dqn_algo"": ""mlp-dqn"", ""md_dqn_device"": ""cpu"", ""md_dqn_max_steps"": 600, ""md_dqn_rollout_steps"": 513, ""md_dqn_reached"": false}"
easy_s04_q0096,vanilla_ha,Easy,d08_12,True,True,0.15000057220458984,1,9.560334722173696,,,0,0.0,0.16418126546959722,0,0,0,0,False,,,,,"{""profile_name"": ""easy_d00"", ""map_seed"": 20300623, ""query_seed"": 20301624, ""evaluation_path_source"": ""trace_poses"", ""planner_path_pose_count"": 2, ""evaluation_path_pose_count"": 97}"
easy_s04_q0096,f_n3p_knn,Easy,d08_12,True,True,0.0004500271752476692,0,9.560334722173696,9.560334722173696,0.0,0,0.0,0.16418126546959722,0,0,0,0,False,0,0,,,"{""profile_name"": ""easy_d00"", ""map_seed"": 20300623, ""query_seed"": 20301624}"
easy_s04_q0096,n3p_k1,Easy,d08_12,True,True,0.00042720302008092403,0,9.560334722173696,9.560334722173696,0.0,0,0.0,0.16418126546959722,0,0,0,0,False,0,0,,,"{""profile_name"": ""easy_d00"", ""map_seed"": 20300623, ""query_seed"": 20301624}"
easy_s04_q0096,voronoi_waypoint,Easy,d08_12,True,True,0.33481776202097535,2,11.354588083160037,9.560334722173696,0.1876768348732447,2,0.3067555401211444,0.2048634000712798,0,0,0,0,False,,,,,"{""profile_name"": ""easy_d00"", ""map_seed"": 20300623, ""query_seed"": 20301624, ""waypoint_count"": 1}"
easy_s04_q0096,bottleneck_waypoint,Easy,d08_12,True,True,0.33413785393349826,2,9.647602640652522,9.560334722173696,0.009128123754539974,0,0.12158830988789271,0.44151734874089177,0,0,0,0,False,,,,,"{""profile_name"": ""easy_d00"", ""map_seed"": 20300623, ""query_seed"": 20301624, ""waypoint_count"": 1, ""bottleneck_count"": 1}"
easy_s04_q0096,md_dqn,Easy,d08_12,False,False,0.1722235567867756,600,1.3462499999999915,9.560334722173696,,0,0.7723954185951148,0.44151734874089177,0,0,0,0,False,,,,md_dqn_not_reached,"{""profile_name"": ""easy_d00"", ""map_seed"": 20300623, ""query_seed"": 20301624, ""md_dqn_source_dir"": ""/home/ubuntu/DQN10/2_experiment"", ""md_dqn_checkpoint_path"": ""/home/ubuntu/DQN10/2_experiment/ugv_dqn/outputs/2026-05-12_train_load_external_demo_smoke/models/realmap_a/mlp-dqn.pt"", ""md_dqn_algo"": ""mlp-dqn"", ""md_dqn_device"": ""cpu"", ""md_dqn_max_steps"": 600, ""md_dqn_rollout_steps"": 600, ""md_dqn_reached"": false}"
easy_s04_q0097,vanilla_ha,Easy,d12_16,True,True,0.21236395835876465,101,13.153839864313415,,,0,0.24669891820349577,0.20848842615586938,0,0,0,0,False,,,,,"{""profile_name"": ""easy_d01"", ""map_seed"": 20300623, ""query_seed"": 20301625, ""evaluation_path_source"": ""trace_poses"", ""planner_path_pose_count"": 28, ""evaluation_path_pose_count"": 133}"
easy_s04_q0097,f_n3p_knn,Easy,d12_16,True,True,0.5154267200268805,242,13.958545764441212,13.153839864313415,0.061176501191182675,1,0.3689741027409337,0.09424979652543874,0,4,1,0,True,1,1,1.0,,"{""profile_name"": ""easy_d01"", ""map_seed"": 20300623, ""query_seed"": 20301625}"
easy_s04_q0097,n3p_k1,Easy,d12_16,True,True,0.5129872029647231,242,13.958545764441212,13.153839864313415,0.061176501191182675,1,0.3689741027409337,0.09424979652543874,0,0,1,0,True,1,1,1.0,,"{""profile_name"": ""easy_d01"", ""map_seed"": 20300623, ""query_seed"": 20301625}"
easy_s04_q0097,voronoi_waypoint,Easy,d12_16,True,True,0.4782604230567813,3,14.333543271506551,13.153839864313415,0.08968509723109008,0,0.3971527746567162,0.09297222482848622,0,0,0,0,False,,,,,"{""profile_name"": ""easy_d01"", ""map_seed"": 20300623, ""query_seed"": 20301625, ""waypoint_count"": 2}"
easy_s04_q0097,bottleneck_waypoint,Easy,d12_16,True,True,0.47512250603176653,3,13.646857165510623,13.153839864313415,0.03748086538097306,0,0.19041464235664812,0.33995620451923314,0,0,0,0,False,,,,,"{""profile_name"": ""easy_d01"", ""map_seed"": 20300623, ""query_seed"": 20301625, ""waypoint_count"": 2, ""bottleneck_count"": 2}"
easy_s04_q0097,md_dqn,Easy,d12_16,False,False,0.16930291708558798,600,1.1249999999999978,13.153839864313415,,0,0.8385645564237301,0.8684020558645271,0,0,0,0,False,,,,md_dqn_not_reached,"{""profile_name"": ""easy_d01"", ""map_seed"": 20300623, ""query_seed"": 20301625, ""md_dqn_source_dir"": ""/home/ubuntu/DQN10/2_experiment"", ""md_dqn_checkpoint_path"": ""/home/ubuntu/DQN10/2_experiment/ugv_dqn/outputs/2026-05-12_train_load_external_demo_smoke/models/realmap_a/mlp-dqn.pt"", ""md_dqn_algo"": ""mlp-dqn"", ""md_dqn_device"": ""cpu"", ""md_dqn_max_steps"": 600, ""md_dqn_rollout_steps"": 600, ""md_dqn_reached"": false}"
easy_s04_q0098,vanilla_ha,Easy,d16_20,True,True,0.21262574195861816,121,20.27199285475846,,,0,0.14286081514870216,0.10960290587011634,0,0,0,0,False,,,,,"{""profile_name"": ""easy_d00"", ""map_seed"": 20300623, ""query_seed"": 20301626, ""evaluation_path_source"": ""trace_poses"", ""planner_path_pose_count"": 27, ""evaluation_path_pose_count"": 205}"
easy_s04_q0098,f_n3p_knn,Easy,d16_20,True,True,0.3131587530951947,2,20.272018416355024,20.27199285475846,1.260931608904059e-06,0,0.09658628715882511,0.3054176542485916,0,0,0,0,False,2,2,1.0,,"{""profile_name"": ""easy_d00"", ""map_seed"": 20300623, ""query_seed"": 20301626}"
easy_s04_q0098,n3p_k1,Easy,d16_20,True,True,0.31195533904246986,2,20.272018416355024,20.27199285475846,1.260931608904059e-06,0,0.09658628715882511,0.3054176542485916,0,0,0,0,False,2,2,1.0,,"{""profile_name"": ""easy_d00"", ""map_seed"": 20300623, ""query_seed"": 20301626}"
easy_s04_q0098,voronoi_waypoint,Easy,d16_20,True,True,0.7663934861775488,5,24.14312080950446,20.27199285475846,0.19095941787673465,1,0.27636064352392065,0.910231808888371,0,0,0,0,False,,,,,"{""profile_name"": ""easy_d00"", ""map_seed"": 20300623, ""query_seed"": 20301626, ""waypoint_count"": 4}"
easy_s04_q0098,bottleneck_waypoint,Easy,d16_20,True,True,0.6264933759812266,4,22.191394331170127,20.27199285475846,0.09468242664465643,0,0.17336306986793532,0.9382132405079193,0,0,0,0,False,,,,,"{""profile_name"": ""easy_d00"", ""map_seed"": 20300623, ""query_seed"": 20301626, ""waypoint_count"": 3, ""bottleneck_count"": 3}"
easy_s04_q0098,md_dqn,Easy,d16_20,False,False,0.2827106895856559,300,18.217500000000033,20.27199285475846,,0,0.19519996380557908,0.1580457990792874,0,0,0,0,False,,,,md_dqn_not_reached,"{""profile_name"": ""easy_d00"", ""map_seed"": 20300623, ""query_seed"": 20301626, ""md_dqn_source_dir"": ""/home/ubuntu/DQN10/2_experiment"", ""md_dqn_checkpoint_path"": ""/home/ubuntu/DQN10/2_experiment/ugv_dqn/outputs/2026-05-12_train_load_external_demo_smoke/models/realmap_a/mlp-dqn.pt"", ""md_dqn_algo"": ""mlp-dqn"", ""md_dqn_device"": ""cpu"", ""md_dqn_max_steps"": 600, ""md_dqn_rollout_steps"": 300, ""md_dqn_reached"": false}"
easy_s04_q0099,vanilla_ha,Easy,d20_inf,True,True,2.0690722465515137,3411,25.120806484644625,,,0,0.056962816688229605,0.05788621631450075,0,0,0,0,False,,,,,"{""profile_name"": ""easy_d01"", ""map_seed"": 20300623, ""query_seed"": 20301627, ""evaluation_path_source"": ""trace_poses"", ""planner_path_pose_count"": 68, ""evaluation_path_pose_count"": 254}"
easy_s04_q0099,f_n3p_knn,Easy,d20_inf,True,True,1.0603012170176953,712,25.32141608790903,25.120806484644625,0.007985794699188142,0,0.14545222888447631,0.0691734487721194,0,9,2,0,True,0,1,0.0,,"{""profile_name"": ""easy_d01"", ""map_seed"": 20300623, ""query_seed"": 20301627}"
easy_s04_q0099,n3p_k1,Easy,d20_inf,True,True,3.3134964909404516,5031,25.120806484644625,25.120806484644625,0.0,0,0.056962816688229605,0.05788621631450075,0,0,2,1,True,0,0,,,"{""profile_name"": ""easy_d01"", ""map_seed"": 20300623, ""query_seed"": 20301627}"
easy_s04_q0099,voronoi_waypoint,Easy,d20_inf,True,True,0.9104759090114385,6,28.993085923146392,25.120806484644625,0.15414630262243945,1,0.3353827810455964,0.06790125763402377,0,0,0,0,False,,,,,"{""profile_name"": ""easy_d01"", ""map_seed"": 20300623, ""query_seed"": 20301627, ""waypoint_count"": 5}"
easy_s04_q0099,bottleneck_waypoint,Easy,d20_inf,True,True,0.767994147958234,5,28.820461740591774,25.120806484644625,0.14727454145266416,1,0.22825458602038315,0.18877077640113527,0,0,0,0,False,,,,,"{""profile_name"": ""easy_d01"", ""map_seed"": 20300623, ""query_seed"": 20301627, ""waypoint_count"": 4, ""bottleneck_count"": 4}"
easy_s04_q0099,md_dqn,Easy,d20_inf,False,False,0.17036532424390316,600,1.1250000000000202,25.120806484644625,,0,0.8286550898948741,0.18877077640113527,0,0,0,0,False,,,,md_dqn_not_reached,"{""profile_name"": ""easy_d01"", ""map_seed"": 20300623, ""query_seed"": 20301627, ""md_dqn_source_dir"": ""/home/ubuntu/DQN10/2_experiment"", ""md_dqn_checkpoint_path"": ""/home/ubuntu/DQN10/2_experiment/ugv_dqn/outputs/2026-05-12_train_load_external_demo_smoke/models/realmap_a/mlp-dqn.pt"", ""md_dqn_algo"": ""mlp-dqn"", ""md_dqn_device"": ""cpu"", ""md_dqn_max_steps"": 600, ""md_dqn_rollout_steps"": 600, ""md_dqn_reached"": false}"
complex_s00_q0000,vanilla_ha,Complex,d08_12,True,True,0.6345067024230957,729,9.724165615469474,,,0,0.21224032493837516,0.09211451100499735,0,0,0,0,False,,,,,"{""profile_name"": ""complex_d02"", ""map_seed"": 20360620, ""query_seed"": 20361620, ""evaluation_path_source"": ""trace_poses"", ""planner_path_pose_count"": 28, ""evaluation_path_pose_count"": 100}"
complex_s00_q0000,f_n3p_knn,Complex,d08_12,True,True,0.3244363411795348,241,9.66830001847953,9.724165615469474,-0.0057450273061034896,0,0.2854359013008685,0.08783753682172046,0,4,1,0,True,0,0,,,"{""profile_name"": ""complex_d02"", ""map_seed"": 20360620, ""query_seed"": 20361620}"
complex_s00_q0000,n3p_k1,Complex,d08_12,True,True,0.3226809399202466,241,9.66830001847953,9.724165615469474,-0.0057450273061034896,0,0.2854359013008685,0.08783753682172046,0,0,1,0,True,0,0,,,"{""profile_name"": ""complex_d02"", ""map_seed"": 20360620, ""query_seed"": 20361620}"
complex_s00_q0000,voronoi_waypoint,Complex,d08_12,True,True,0.5084643671289086,51,13.5247085561852,9.724165615469474,0.39083486347350105,3,0.5434574726823197,0.09011937283692517,0,0,0,0,False,,,,,"{""profile_name"": ""complex_d02"", ""map_seed"": 20360620, ""query_seed"": 20361620, ""waypoint_count"": 2}"
complex_s00_q0000,bottleneck_waypoint,Complex,d08_12,True,True,0.47635205811820924,3,11.303043047011956,9.724165615469474,0.16236636581248254,2,0.3345711301491917,0.3104922540544357,0,0,0,0,False,,,,,"{""profile_name"": ""complex_d02"", ""map_seed"": 20360620, ""query_seed"": 20361620, ""waypoint_count"": 2, ""bottleneck_count"": 2}"
complex_s00_q0000,md_dqn,Complex,d08_12,False,False,0.3174359258264303,354,17.11187499999999,9.724165615469474,,1,0.4773083238653012,0.13816740905985814,0,0,0,0,False,,,,md_dqn_not_reached,"{""profile_name"": ""complex_d02"", ""map_seed"": 20360620, ""query_seed"": 20361620, ""md_dqn_source_dir"": ""/home/ubuntu/DQN10/2_experiment"", ""md_dqn_checkpoint_path"": ""/home/ubuntu/DQN10/2_experiment/ugv_dqn/outputs/2026-05-12_train_load_external_demo_smoke/models/realmap_a/mlp-dqn.pt"", ""md_dqn_algo"": ""mlp-dqn"", ""md_dqn_device"": ""cpu"", ""md_dqn_max_steps"": 600, ""md_dqn_rollout_steps"": 354, ""md_dqn_reached"": false}"
complex_s00_q0001,vanilla_ha,Complex,d12_16,True,True,0.22451496124267578,127,13.114624807644978,,,0,0.23607276901488228,0.098176422805349,0,0,0,0,False,,,,,"{""profile_name"": ""complex_d02"", ""map_seed"": 20360620, ""query_seed"": 20361621, ""evaluation_path_source"": ""trace_poses"", ""planner_path_pose_count"": 34, ""evaluation_path_pose_count"": 134}"
complex_s00_q0001,f_n3p_knn,Complex,d12_16,True,True,0.3065842939540744,2,13.566719906019406,13.114624807644978,0.03447259109623069,4,0.12696596558169582,0.07595167502348243,0,0,0,0,False,2,2,1.0,,"{""profile_name"": ""complex_d02"", ""map_seed"": 20360620, ""query_seed"": 20361621}"
complex_s00_q0001,n3p_k1,Complex,d12_16,True,True,0.30877697886899114,2,13.566719906019406,13.114624807644978,0.03447259109623069,4,0.12696596558169582,0.07595167502348243,0,0,0,0,False,2,2,1.0,,"{""profile_name"": ""complex_d02"", ""map_seed"": 20360620, ""query_seed"": 20361621}"
complex_s00_q0001,voronoi_waypoint,Complex,d12_16,True,True,0.5214553321711719,75,13.777758097576703,13.114624807644978,0.05056441184235494,2,0.31699238329845686,0.07572231531171758,0,0,0,0,False,,,,,"{""profile_name"": ""complex_d02"", ""map_seed"": 20360620, ""query_seed"": 20361621, ""waypoint_count"": 2}"
complex_s00_q0001,bottleneck_waypoint,Complex,d12_16,True,True,0.4756032689474523,3,13.451517539225906,13.114624807644978,0.025688324029257803,0,0.30619150168559356,0.3950266191727809,0,0,0,0,False,,,,,"{""profile_name"": ""complex_d02"", ""map_seed"": 20360620, ""query_seed"": 20361621, ""waypoint_count"": 2, ""bottleneck_count"": 2}"
complex_s00_q0001,md_dqn,Complex,d12_16,False,False,0.32637699344195426,122,0.8906250000000014,13.114624807644978,,1,0.5324543983711328,0.40994544912042985,0,0,0,0,False,,,,md_dqn_not_reached,"{""profile_name"": ""complex_d02"", ""map_seed"": 20360620, ""query_seed"": 20361621, ""md_dqn_source_dir"": ""/home/ubuntu/DQN10/2_experiment"", ""md_dqn_checkpoint_path"": ""/home/ubuntu/DQN10/2_experiment/ugv_dqn/outputs/2026-05-12_train_load_external_demo_smoke/models/realmap_a/mlp-dqn.pt"", ""md_dqn_algo"": ""mlp-dqn"", ""md_dqn_device"": ""cpu"", ""md_dqn_max_steps"": 600, ""md_dqn_rollout_steps"": 122, ""md_dqn_reached"": false}"
complex_s00_q0002,vanilla_ha,Complex,d16_20,False,False,2.5000035762786865,4323,,,,0,,,0,0,0,0,False,,,,timeout,"{""profile_name"": ""complex_d02"", ""map_seed"": 20360620, ""query_seed"": 20361622, ""evaluation_path_source"": ""planner_path"", ""planner_path_pose_count"": 0, ""evaluation_path_pose_count"": 0}"
complex_s00_q0002,f_n3p_knn,Complex,d16_20,False,False,3.5154032760765404,6382,,,,0,,,0,4,1,1,True,0,0,,f2_failed:prediction:goal_in_collision;goal:timeout;f3_failed:timeout,"{""profile_name"": ""complex_d02"", ""map_seed"": 20360620, ""query_seed"": 20361622}"
complex_s00_q0002,n3p_k1,Complex,d16_20,False,False,3.513398675015196,6373,,,,0,,,0,0,1,1,True,0,0,,f2_failed:prediction:goal_in_collision;goal:timeout;f3_failed:timeout,"{""profile_name"": ""complex_d02"", ""map_seed"": 20360620, ""query_seed"": 20361622}"
complex_s00_q0002,voronoi_waypoint,Complex,d16_20,True,True,0.6122410490643233,7,21.115004661344372,,,0,0.24954888296828392,0.13867972065166456,0,0,0,0,False,,,,,"{""profile_name"": ""complex_d02"", ""map_seed"": 20360620, ""query_seed"": 20361622, ""waypoint_count"": 3}"
complex_s00_q0002,bottleneck_waypoint,Complex,d16_20,True,True,0.7552598109468818,5,21.081204830955325,,,0,0.2304666474102294,0.13868597507843727,0,0,0,0,False,,,,,"{""profile_name"": ""complex_d02"", ""map_seed"": 20360620, ""query_seed"": 20361622, ""waypoint_count"": 4, ""bottleneck_count"": 4}"
complex_s00_q0002,md_dqn,Complex,d16_20,False,False,0.39380629430525005,518,1.0350000000000377,,,1,0.7539391927378817,0.39339204612747647,0,0,0,0,False,,,,md_dqn_not_reached,"{""profile_name"": ""complex_d02"", ""map_seed"": 20360620, ""query_seed"": 20361622, ""md_dqn_source_dir"": ""/home/ubuntu/DQN10/2_experiment"", ""md_dqn_checkpoint_path"": ""/home/ubuntu/DQN10/2_experiment/ugv_dqn/outputs/2026-05-12_train_load_external_demo_smoke/models/realmap_a/mlp-dqn.pt"", ""md_dqn_algo"": ""mlp-dqn"", ""md_dqn_device"": ""cpu"", ""md_dqn_max_steps"": 600, ""md_dqn_rollout_steps"": 518, ""md_dqn_reached"": false}"
complex_s00_q0003,vanilla_ha,Complex,d20_inf,False,False,2.5002591609954834,3126,,,,0,,,0,0,0,0,False,,,,timeout,"{""profile_name"": ""complex_d02"", ""map_seed"": 20360620, ""query_seed"": 20361623, ""evaluation_path_source"": ""planner_path"", ""planner_path_pose_count"": 0, ""evaluation_path_pose_count"": 0}"
complex_s00_q0003,f_n3p_knn,Complex,d20_inf,True,True,0.8211565611418337,13,21.602004681957496,,,0,0.20714022932923687,0.06785797499309487,0,10,1,0,True,2,4,0.5,,"{""profile_name"": ""complex_d02"", ""map_seed"": 20360620, ""query_seed"": 20361623}"
complex_s00_q0003,n3p_k1,Complex,d20_inf,True,True,1.1218267299700528,518,20.981586015609857,,,0,0.21160708938727826,0.06785797499309487,0,0,2,0,True,2,2,1.0,,"{""profile_name"": ""complex_d02"", ""map_seed"": 20360620, ""query_seed"": 20361623}"
complex_s00_q0003,voronoi_waypoint,Complex,d20_inf,True,True,0.8268293950241059,20,22.183580861903092,,,0,0.22671399091658279,0.0876161980948762,0,0,0,0,False,,,,,"{""profile_name"": ""complex_d02"", ""map_seed"": 20360620, ""query_seed"": 20361623, ""waypoint_count"": 4}"
complex_s00_q0003,bottleneck_waypoint,Complex,d20_inf,True,True,0.9532787729986012,133,22.566911420411298,,,0,0.31041212877554014,0.10130663021071917,0,0,0,0,False,,,,,"{""profile_name"": ""complex_d02"", ""map_seed"": 20360620, ""query_seed"": 20361623, ""waypoint_count"": 4, ""bottleneck_count"": 4}"
complex_s00_q0003,md_dqn,Complex,d20_inf,False,False,0.2213414553552866,600,1.1287500000000037,,,1,0.8048229221389032,0.4004893145167183,0,0,0,0,False,,,,md_dqn_not_reached,"{""profile_name"": ""complex_d02"", ""map_seed"": 20360620, ""query_seed"": 20361623, ""md_dqn_source_dir"": ""/home/ubuntu/DQN10/2_experiment"", ""md_dqn_checkpoint_path"": ""/home/ubuntu/DQN10/2_experiment/ugv_dqn/outputs/2026-05-12_train_load_external_demo_smoke/models/realmap_a/mlp-dqn.pt"", ""md_dqn_algo"": ""mlp-dqn"", ""md_dqn_device"": ""cpu"", ""md_dqn_max_steps"": 600, ""md_dqn_rollout_steps"": 600, ""md_dqn_reached"": false}"
complex_s00_q0004,vanilla_ha,Complex,d08_12,True,True,0.24532032012939453,103,10.341091658073225,,,0,0.4440947928407019,0.1156295074136442,0,0,0,0,False,,,,,"{""profile_name"": ""complex_d02"", ""map_seed"": 20360620, ""query_seed"": 20361624, ""evaluation_path_source"": ""trace_poses"", ""planner_path_pose_count"": 28, ""evaluation_path_pose_count"": 105}"
complex_s00_q0004,f_n3p_knn,Complex,d08_12,True,True,0.45537813496775925,3,11.034296516881959,10.341091658073225,0.06703401166235223,5,0.28541427853946966,0.10879197458739431,0,4,0,0,True,1,3,0.3333333333333333,,"{""profile_name"": ""complex_d02"", ""map_seed"": 20360620, ""query_seed"": 20361624}"
complex_s00_q0004,n3p_k1,Complex,d08_12,True,True,0.31224240898154676,14,10.269613636757775,10.341091658073225,-0.006912038272056886,0,0.3399029227980346,0.10373043492841227,0,0,2,0,True,0,0,,,"{""profile_name"": ""complex_d02"", ""map_seed"": 20360620, ""query_seed"": 20361624}"
complex_s00_q0004,voronoi_waypoint,Complex,d08_12,True,True,0.34811253705993295,18,10.239911060896073,10.341091658073225,-0.009784324568689051,0,0.16370987065832063,0.12780836538041707,0,0,0,0,False,,,,,"{""profile_name"": ""complex_d02"", ""map_seed"": 20360620, ""query_seed"": 20361624, ""waypoint_count"": 1}"
complex_s00_q0004,bottleneck_waypoint,Complex,d08_12,True,True,0.4749775528907776,3,10.766021463641213,10.341091658073225,0.04109138760376885,0,0.2888826288590774,0.47279378585344944,0,0,0,0,False,,,,,"{""profile_name"": ""complex_d02"", ""map_seed"": 20360620, ""query_seed"": 20361624, ""waypoint_count"": 2, ""bottleneck_count"": 2}"
complex_s00_q0004,md_dqn,Complex,d08_12,False,False,0.17078167852014303,600,1.1249999999995712,10.341091658073225,,0,0.0,0.5514883189244851,0,0,0,0,False,,,,md_dqn_not_reached,"{""profile_name"": ""complex_d02"", ""map_seed"": 20360620, ""query_seed"": 20361624, ""md_dqn_source_dir"": ""/home/ubuntu/DQN10/2_experiment"", ""md_dqn_checkpoint_path"": ""/home/ubuntu/DQN10/2_experiment/ugv_dqn/outputs/2026-05-12_train_load_external_demo_smoke/models/realmap_a/mlp-dqn.pt"", ""md_dqn_algo"": ""mlp-dqn"", ""md_dqn_device"": ""cpu"", ""md_dqn_max_steps"": 600, ""md_dqn_rollout_steps"": 600, ""md_dqn_reached"": false}"
complex_s00_q0005,vanilla_ha,Complex,d12_16,True,True,1.0598413944244385,1043,13.878684147737905,,,0,0.1475587371039805,0.07636115679497946,0,0,0,0,False,,,,,"{""profile_name"": ""complex_d02"", ""map_seed"": 20360621, ""query_seed"": 20361621, ""evaluation_path_source"": ""trace_poses"", ""planner_path_pose_count"": 46, ""evaluation_path_pose_count"": 140}"
complex_s00_q0005,f_n3p_knn,Complex,d12_16,True,True,0.4194695050828159,86,14.100768351784033,13.878684147737905,0.016001819890275826,0,0.20733215316146356,0.07631858930054713,0,8,1,0,True,0,1,0.0,,"{""profile_name"": ""complex_d02"", ""map_seed"": 20360621, ""query_seed"": 20361621}"
complex_s00_q0005,n3p_k1,Complex,d12_16,True,True,0.9769444819539785,654,13.822033468828776,13.878684147737905,-0.0040818479840081245,0,0.20722407878516508,0.10144656569207533,0,0,2,0,True,0,0,,,"{""profile_name"": ""complex_d02"", ""map_seed"": 20360621, ""query_seed"": 20361621}"
complex_s00_q0005,voronoi_waypoint,Complex,d12_16,True,True,0.5911307549104095,89,15.059691653921542,13.878684147737905,0.08509506330801031,0,0.3273990806056832,0.07193041227878105,0,0,0,0,False,,,,,"{""profile_name"": ""complex_d02"", ""map_seed"": 20360621, ""query_seed"": 20361621, ""waypoint_count"": 2}"
complex_s00_q0005,bottleneck_waypoint,Complex,d12_16,True,True,0.5138250638265163,3,14.748235974901984,13.878684147737905,0.06265376586913729,0,0.2886891928375985,0.16301883603447043,0,0,0,0,False,,,,,"{""profile_name"": ""complex_d02"", ""map_seed"": 20360621, ""query_seed"": 20361621, ""waypoint_count"": 2, ""bottleneck_count"": 2}"
complex_s00_q0005,md_dqn,Complex,d12_16,False,False,0.258123972453177,295,21.87687499999999,13.878684147737905,,1,0.2069584871308885,0.10027572598041612,0,0,0,0,False,,,,md_dqn_not_reached,"{""profile_name"": ""complex_d02"", ""map_seed"": 20360621, ""query_seed"": 20361621, ""md_dqn_source_dir"": ""/home/ubuntu/DQN10/2_experiment"", ""md_dqn_checkpoint_path"": ""/home/ubuntu/DQN10/2_experiment/ugv_dqn/outputs/2026-05-12_train_load_external_demo_smoke/models/realmap_a/mlp-dqn.pt"", ""md_dqn_algo"": ""mlp-dqn"", ""md_dqn_device"": ""cpu"", ""md_dqn_max_steps"": 600, ""md_dqn_rollout_steps"": 295, ""md_dqn_reached"": false}"
complex_s00_q0006,vanilla_ha,Complex,d16_20,True,True,0.435168981552124,355,19.669586339363914,,,0,0.423593167695349,0.06541455706251142,0,0,0,0,False,,,,,"{""profile_name"": ""complex_d02"", ""map_seed"": 20360621, ""query_seed"": 20361622, ""evaluation_path_source"": ""trace_poses"", ""planner_path_pose_count"": 63, ""evaluation_path_pose_count"": 200}"
complex_s00_q0006,f_n3p_knn,Complex,d16_20,True,True,0.643277304014191,4,22.36210321213639,19.669586339363914,0.1368873155905701,1,0.19112842660613694,0.05977378715305809,0,4,1,0,True,3,3,1.0,,"{""profile_name"": ""complex_d02"", ""map_seed"": 20360621, ""query_seed"": 20361622}"
complex_s00_q0006,n3p_k1,Complex,d16_20,True,True,0.6402991549111903,4,22.36210321213639,19.669586339363914,0.1368873155905701,1,0.19112842660613694,0.05977378715305809,0,0,1,0,True,3,3,1.0,,"{""profile_name"": ""complex_d02"", ""map_seed"": 20360621, ""query_seed"": 20361622}"
complex_s00_q0006,voronoi_waypoint,Complex,d16_20,True,True,0.7022294281050563,50,19.799222456069213,19.669586339363914,0.0065906885111184366,0,0.22523221447872843,0.1192840048038416,0,0,0,0,False,,,,,"{""profile_name"": ""complex_d02"", ""map_seed"": 20360621, ""query_seed"": 20361622, ""waypoint_count"": 3}"
complex_s00_q0006,bottleneck_waypoint,Complex,d16_20,True,True,0.6617362699471414,4,19.88454171888147,19.669586339363914,0.010928312157097775,0,0.2059369480358029,0.17075688115584042,0,0,0,0,False,,,,,"{""profile_name"": ""complex_d02"", ""map_seed"": 20360621, ""query_seed"": 20361622, ""waypoint_count"": 3, ""bottleneck_count"": 3}"
complex_s00_q0006,md_dqn,Complex,d16_20,False,False,0.17069906485266984,600,1.1250000000002993,19.669586339363914,,0,0.0,0.8245879670375085,0,0,0,0,False,,,,md_dqn_not_reached,"{""profile_name"": ""complex_d02"", ""map_seed"": 20360621, ""query_seed"": 20361622, ""md_dqn_source_dir"": ""/home/ubuntu/DQN10/2_experiment"", ""md_dqn_checkpoint_path"": ""/home/ubuntu/DQN10/2_experiment/ugv_dqn/outputs/2026-05-12_train_load_external_demo_smoke/models/realmap_a/mlp-dqn.pt"", ""md_dqn_algo"": ""mlp-dqn"", ""md_dqn_device"": ""cpu"", ""md_dqn_max_steps"": 600, ""md_dqn_rollout_steps"": 600, ""md_dqn_reached"": false}"
complex_s00_q0007,vanilla_ha,Complex,d20_inf,True,True,1.1309878826141357,1109,26.645960592051914,,,0,0.18880730073382837,0.1565578550460639,0,0,0,0,False,,,,,"{""profile_name"": ""complex_d02"", ""map_seed"": 20360621, ""query_seed"": 20361623, ""evaluation_path_source"": ""trace_poses"", ""planner_path_pose_count"": 83, ""evaluation_path_pose_count"": 269}"
complex_s00_q0007,f_n3p_knn,Complex,d20_inf,True,True,0.5870468080975115,344,26.267393448529766,26.645960592051914,-0.014207299534739537,0,0.2143704096822163,0.1096307423057088,0,4,1,0,True,1,1,1.0,,"{""profile_name"": ""complex_d02"", ""map_seed"": 20360621, ""query_seed"": 20361623}"
complex_s00_q0007,n3p_k1,Complex,d20_inf,True,True,0.5857604381162673,344,26.267393448529766,26.645960592051914,-0.014207299534739537,0,0.2143704096822163,0.1096307423057088,0,0,1,0,True,1,1,1.0,,"{""profile_name"": ""complex_d02"", ""map_seed"": 20360621, ""query_seed"": 20361623}"
complex_s00_q0007,voronoi_waypoint,Complex,d20_inf,True,True,0.9762659939005971,9,28.84645789153985,26.645960592051914,0.08258277242008338,0,0.21179398043018338,0.0887931681460774,0,0,0,0,False,,,,,"{""profile_name"": ""complex_d02"", ""map_seed"": 20360621, ""query_seed"": 20361623, ""waypoint_count"": 5}"
complex_s00_q0007,bottleneck_waypoint,Complex,d20_inf,True,True,0.8187693909276277,5,27.954745890053577,26.645960592051914,0.04911758739116556,0,0.17060653671805118,0.1565578550460639,0,0,0,0,False,,,,,"{""profile_name"": ""complex_d02"", ""map_seed"": 20360621, ""query_seed"": 20361623, ""waypoint_count"": 4, ""bottleneck_count"": 4}"
complex_s00_q0007,md_dqn,Complex,d20_inf,False,False,0.17111976398155093,600,1.1249999999999023,26.645960592051914,,0,0.0,0.4249022248839699,0,0,0,0,False,,,,md_dqn_not_reached,"{""profile_name"": ""complex_d02"", ""map_seed"": 20360621, ""query_seed"": 20361623, ""md_dqn_source_dir"": ""/home/ubuntu/DQN10/2_experiment"", ""md_dqn_checkpoint_path"": ""/home/ubuntu/DQN10/2_experiment/ugv_dqn/outputs/2026-05-12_train_load_external_demo_smoke/models/realmap_a/mlp-dqn.pt"", ""md_dqn_algo"": ""mlp-dqn"", ""md_dqn_device"": ""cpu"", ""md_dqn_max_steps"": 600, ""md_dqn_rollout_steps"": 600, ""md_dqn_reached"": false}"
complex_s00_q0008,vanilla_ha,Complex,d08_12,True,True,0.26934146881103516,186,8.976592163158896,,,1,0.22067991349937746,0.060043638913938824,0,0,0,0,False,,,,,"{""profile_name"": ""complex_d02"", ""map_seed"": 20360621, ""query_seed"": 20361624, ""evaluation_path_source"": ""trace_poses"", ""planner_path_pose_count"": 15, ""evaluation_path_pose_count"": 92}"
complex_s00_q0008,f_n3p_knn,Complex,d08_12,True,True,0.2816831429954618,186,8.976592163158896,8.976592163158896,0.0,1,0.22067991349937746,0.060043638913938824,0,4,1,0,True,0,0,,,"{""profile_name"": ""complex_d02"", ""map_seed"": 20360621, ""query_seed"": 20361624}"
complex_s00_q0008,n3p_k1,Complex,d08_12,True,True,0.27855125698260963,186,8.976592163158896,8.976592163158896,0.0,1,0.22067991349937746,0.060043638913938824,0,0,1,0,True,0,0,,,"{""profile_name"": ""complex_d02"", ""map_seed"": 20360621, ""query_seed"": 20361624}"
complex_s00_q0008,voronoi_waypoint,Complex,d08_12,True,True,0.42798321112059057,83,10.877079762651054,8.976592163158896,0.21171593461625737,1,0.2920884904846072,0.07158498505303668,0,0,0,0,False,,,,,"{""profile_name"": ""complex_d02"", ""map_seed"": 20360621, ""query_seed"": 20361624, ""waypoint_count"": 1}"
complex_s00_q0008,bottleneck_waypoint,Complex,d08_12,True,True,0.35561468196101487,4,9.602459202089005,8.976592163158896,0.06972212032743874,3,0.33561336229036587,0.07354675444442405,0,0,0,0,False,,,,,"{""profile_name"": ""complex_d02"", ""map_seed"": 20360621, ""query_seed"": 20361624, ""waypoint_count"": 1, ""bottleneck_count"": 1}"
complex_s00_q0008,md_dqn,Complex,d08_12,False,False,0.0014742910861968994,1,0.0037500000000005662,8.976592163158896,,0,0.08734630124013741,0.16123451909470488,0,0,0,0,False,,,,md_dqn_not_reached,"{""profile_name"": ""complex_d02"", ""map_seed"": 20360621, ""query_seed"": 20361624, ""md_dqn_source_dir"": ""/home/ubuntu/DQN10/2_experiment"", ""md_dqn_checkpoint_path"": ""/home/ubuntu/DQN10/2_experiment/ugv_dqn/outputs/2026-05-12_train_load_external_demo_smoke/models/realmap_a/mlp-dqn.pt"", ""md_dqn_algo"": ""mlp-dqn"", ""md_dqn_device"": ""cpu"", ""md_dqn_max_steps"": 600, ""md_dqn_rollout_steps"": 1, ""md_dqn_reached"": false}"
complex_s00_q0009,vanilla_ha,Complex,d12_16,False,False,2.500605583190918,2341,,,,0,,,0,0,0,0,False,,,,timeout,"{""profile_name"": ""complex_d02"", ""map_seed"": 20360621, ""query_seed"": 20361625, ""evaluation_path_source"": ""planner_path"", ""planner_path_pose_count"": 0, ""evaluation_path_pose_count"": 0}"
complex_s00_q0009,f_n3p_knn,Complex,d12_16,True,True,0.49373147799633443,3,15.886965027366116,,,3,0.16814575230521242,0.17261466917626445,0,6,0,0,True,1,3,0.3333333333333333,,"{""profile_name"": ""complex_d02"", ""map_seed"": 20360621, ""query_seed"": 20361625}"
complex_s00_q0009,n3p_k1,Complex,d12_16,True,True,0.39053358184173703,80,17.72268320370587,,,1,0.16385212176910932,0.1044023887574641,0,0,1,0,True,1,1,1.0,,"{""profile_name"": ""complex_d02"", ""map_seed"": 20360621, ""query_seed"": 20361625}"
complex_s00_q0009,voronoi_waypoint,Complex,d12_16,False,False,1.3586520098615438,814,10.676629360945565,,,0,0.07954234635804971,0.29197760880863566,0,0,0,0,False,,,,segment_failed:timeout,"{""profile_name"": ""complex_d02"", ""map_seed"": 20360621, ""query_seed"": 20361625, ""waypoint_count"": 2}"
complex_s00_q0009,bottleneck_waypoint,Complex,d12_16,True,True,0.8357835290953517,5,17.217571889087928,,,3,0.35090957494572533,0.2598733788993346,0,0,0,0,False,,,,,"{""profile_name"": ""complex_d02"", ""map_seed"": 20360621, ""query_seed"": 20361625, ""waypoint_count"": 4, ""bottleneck_count"": 4}"
complex_s00_q0009,md_dqn,Complex,d12_16,False,False,0.17131913849152625,600,1.1250000000000207,,,0,0.8385645564237092,1.728120549194974,0,0,0,0,False,,,,md_dqn_not_reached,"{""profile_name"": ""complex_d02"", ""map_seed"": 20360621, ""query_seed"": 20361625, ""md_dqn_source_dir"": ""/home/ubuntu/DQN10/2_experiment"", ""md_dqn_checkpoint_path"": ""/home/ubuntu/DQN10/2_experiment/ugv_dqn/outputs/2026-05-12_train_load_external_demo_smoke/models/realmap_a/mlp-dqn.pt"", ""md_dqn_algo"": ""mlp-dqn"", ""md_dqn_device"": ""cpu"", ""md_dqn_max_steps"": 600, ""md_dqn_rollout_steps"": 600, ""md_dqn_reached"": false}"
complex_s00_q0010,vanilla_ha,Complex,d16_20,False,False,2.5009381771087646,4123,,,,0,,,0,0,0,0,False,,,,timeout,"{""profile_name"": ""complex_d02"", ""map_seed"": 20360622, ""query_seed"": 20361622, ""evaluation_path_source"": ""planner_path"", ""planner_path_pose_count"": 0, ""evaluation_path_pose_count"": 0}"
complex_s00_q0010,f_n3p_knn,Complex,d16_20,False,False,3.4237605261150748,6319,,,,0,,,0,4,1,1,True,0,0,,f2_failed:prediction:goal_in_collision;goal:node_budget_exhausted;f3_failed:timeout,"{""profile_name"": ""complex_d02"", ""map_seed"": 20360622, ""query_seed"": 20361622}"
complex_s00_q0010,n3p_k1,Complex,d16_20,False,False,3.4215731560252607,6325,,,,0,,,0,0,1,1,True,0,0,,f2_failed:prediction:goal_in_collision;goal:node_budget_exhausted;f3_failed:timeout,"{""profile_name"": ""complex_d02"", ""map_seed"": 20360622, ""query_seed"": 20361622}"
complex_s00_q0010,voronoi_waypoint,Complex,d16_20,True,True,1.00291938893497,348,21.981102122076937,,,4,0.3598012534020683,0.07501329027903814,0,0,0,0,False,,,,,"{""profile_name"": ""complex_d02"", ""map_seed"": 20360622, ""query_seed"": 20361622, ""waypoint_count"": 3}"
complex_s00_q0010,bottleneck_waypoint,Complex,d16_20,True,True,0.6769337099976838,23,20.513844466967395,,,2,0.26180490435006176,0.07653201086805117,0,0,0,0,False,,,,,"{""profile_name"": ""complex_d02"", ""map_seed"": 20360622, ""query_seed"": 20361622, ""waypoint_count"": 3, ""bottleneck_count"": 3}"
complex_s00_q0010,md_dqn,Complex,d16_20,False,False,0.0014515719376504421,1,0.003750000000001571,,,0,0.087346301240114,0.11562655687972412,0,0,0,0,False,,,,md_dqn_not_reached,"{""profile_name"": ""complex_d02"", ""map_seed"": 20360622, ""query_seed"": 20361622, ""md_dqn_source_dir"": ""/home/ubuntu/DQN10/2_experiment"", ""md_dqn_checkpoint_path"": ""/home/ubuntu/DQN10/2_experiment/ugv_dqn/outputs/2026-05-12_train_load_external_demo_smoke/models/realmap_a/mlp-dqn.pt"", ""md_dqn_algo"": ""mlp-dqn"", ""md_dqn_device"": ""cpu"", ""md_dqn_max_steps"": 600, ""md_dqn_rollout_steps"": 1, ""md_dqn_reached"": false}"
complex_s00_q0011,vanilla_ha,Complex,d20_inf,True,True,0.30777549743652344,201,24.696195770048842,,,0,0.32265776563713133,0.10951741654463953,0,0,0,0,False,,,,,"{""profile_name"": ""complex_d02"", ""map_seed"": 20360622, ""query_seed"": 20361623, ""evaluation_path_source"": ""trace_poses"", ""planner_path_pose_count"": 65, ""evaluation_path_pose_count"": 250}"
complex_s00_q0011,f_n3p_knn,Complex,d20_inf,True,True,0.8757295948453248,65,26.98542923761715,24.696195770048842,0.09269579367137415,4,0.09247560844584714,0.09397908404435995,0,8,1,0,True,3,4,0.75,,"{""profile_name"": ""complex_d02"", ""map_seed"": 20360622, ""query_seed"": 20361623}"
complex_s00_q0011,n3p_k1,Complex,d20_inf,True,True,0.6636490889359266,20,25.30227228328226,24.696195770048842,0.02454129044314013,2,0.07534325347238473,0.0905313402475334,0,0,1,0,True,3,3,1.0,,"{""profile_name"": ""complex_d02"", ""map_seed"": 20360622, ""query_seed"": 20361623}"
complex_s00_q0011,voronoi_waypoint,Complex,d20_inf,True,True,0.816600909922272,5,26.438557968382298,24.696195770048842,0.07055184590197361,0,0.16837559414363187,0.16688318623753395,0,0,0,0,False,,,,,"{""profile_name"": ""complex_d02"", ""map_seed"": 20360622, ""query_seed"": 20361623, ""waypoint_count"": 4}"
complex_s00_q0011,bottleneck_waypoint,Complex,d20_inf,True,True,0.9593067448586226,6,26.501403292188062,24.696195770048842,0.07309658292912258,0,0.20936207918638233,0.3179591172130066,0,0,0,0,False,,,,,"{""profile_name"": ""complex_d02"", ""map_seed"": 20360622, ""query_seed"": 20361623, ""waypoint_count"": 5, ""bottleneck_count"": 5}"
complex_s00_q0011,md_dqn,Complex,d20_inf,False,False,0.17062503099441528,600,1.124999999999999,24.696195770048842,,0,0.8286550898948969,1.1055726804625587,0,0,0,0,False,,,,md_dqn_not_reached,"{""profile_name"": ""complex_d02"", ""map_seed"": 20360622, ""query_seed"": 20361623, ""md_dqn_source_dir"": ""/home/ubuntu/DQN10/2_experiment"", ""md_dqn_checkpoint_path"": ""/home/ubuntu/DQN10/2_experiment/ugv_dqn/outputs/2026-05-12_train_load_external_demo_smoke/models/realmap_a/mlp-dqn.pt"", ""md_dqn_algo"": ""mlp-dqn"", ""md_dqn_device"": ""cpu"", ""md_dqn_max_steps"": 600, ""md_dqn_rollout_steps"": 600, ""md_dqn_reached"": false}"
complex_s00_q0012,vanilla_ha,Complex,d08_12,True,True,0.17872166633605957,37,11.202373266044965,,,0,0.18715933080402739,0.08644805890021645,0,0,0,0,False,,,,,"{""profile_name"": ""complex_d02"", ""map_seed"": 20360622, ""query_seed"": 20361624, ""evaluation_path_source"": ""trace_poses"", ""planner_path_pose_count"": 15, ""evaluation_path_pose_count"": 115}"
complex_s00_q0012,f_n3p_knn,Complex,d08_12,True,True,0.1656265170313418,1,12.86772944003133,11.202373266044965,0.14866101445076407,0,0.22498025909061806,0.11438543389498634,0,0,0,0,False,1,1,1.0,,"{""profile_name"": ""complex_d02"", ""map_seed"": 20360622, ""query_seed"": 20361624}"
complex_s00_q0012,n3p_k1,Complex,d08_12,True,True,0.1675929739139974,1,12.86772944003133,11.202373266044965,0.14866101445076407,0,0.22498025909061806,0.11438543389498634,0,0,0,0,False,1,1,1.0,,"{""profile_name"": ""complex_d02"", ""map_seed"": 20360622, ""query_seed"": 20361624}"
complex_s00_q0012,voronoi_waypoint,Complex,d08_12,True,True,0.5081832238938659,3,12.576243907362876,11.202373266044965,0.12264103406393279,0,0.3183315011772696,0.11438543389498634,0,0,0,0,False,,,,,"{""profile_name"": ""complex_d02"", ""map_seed"": 20360622, ""query_seed"": 20361624, ""waypoint_count"": 2}"
complex_s00_q0012,bottleneck_waypoint,Complex,d08_12,True,True,0.6614950688090175,4,12.612617137011084,11.202373266044965,0.12588795583527368,1,0.3713475155633395,0.11438543389498634,0,0,0,0,False,,,,,"{""profile_name"": ""complex_d02"", ""map_seed"": 20360622, ""query_seed"": 20361624, ""waypoint_count"": 3, ""bottleneck_count"": 3}"
complex_s00_q0012,md_dqn,Complex,d08_12,False,False,0.2976026169490069,505,0.9881249999997556,11.202373266044965,,1,0.029521130212680994,0.4988438045220528,0,0,0,0,False,,,,md_dqn_not_reached,"{""profile_name"": ""complex_d02"", ""map_seed"": 20360622, ""query_seed"": 20361624, ""md_dqn_source_dir"": ""/home/ubuntu/DQN10/2_experiment"", ""md_dqn_checkpoint_path"": ""/home/ubuntu/DQN10/2_experiment/ugv_dqn/outputs/2026-05-12_train_load_external_demo_smoke/models/realmap_a/mlp-dqn.pt"", ""md_dqn_algo"": ""mlp-dqn"", ""md_dqn_device"": ""cpu"", ""md_dqn_max_steps"": 600, ""md_dqn_rollout_steps"": 505, ""md_dqn_reached"": false}"
complex_s00_q0013,vanilla_ha,Complex,d12_16,True,True,0.16152620315551758,9,15.399712573653815,,,0,0.019553899897835413,0.15038941489450386,0,0,0,0,False,,,,,"{""profile_name"": ""complex_d02"", ""map_seed"": 20360622, ""query_seed"": 20361625, ""evaluation_path_source"": ""trace_poses"", ""planner_path_pose_count"": 9, ""evaluation_path_pose_count"": 157}"
complex_s00_q0013,f_n3p_knn,Complex,d12_16,True,True,0.17359452112577856,11,15.424311847015115,15.399712573653815,0.0015973852267467947,0,0.04392050049079,0.19909724241764848,0,4,1,0,True,0,0,,,"{""profile_name"": ""complex_d02"", ""map_seed"": 20360622, ""query_seed"": 20361625}"
complex_s00_q0013,n3p_k1,Complex,d12_16,True,True,0.17366913193836808,11,15.424311847015115,15.399712573653815,0.0015973852267467947,0,0.04392050049079,0.19909724241764848,0,0,1,0,True,0,0,,,"{""profile_name"": ""complex_d02"", ""map_seed"": 20360622, ""query_seed"": 20361625}"
complex_s00_q0013,voronoi_waypoint,Complex,d12_16,True,True,0.5111147549469024,6,16.657493415842325,15.399712573653815,0.08167560505904192,0,0.242394748803725,0.3785878968900055,0,0,0,0,False,,,,,"{""profile_name"": ""complex_d02"", ""map_seed"": 20360622, ""query_seed"": 20361625, ""waypoint_count"": 2}"
complex_s00_q0013,bottleneck_waypoint,Complex,d12_16,True,True,0.6589406649582088,4,16.572973894435567,15.399712573653815,0.07618722201276618,0,0.2871993185226351,0.3918640575256106,0,0,0,0,False,,,,,"{""profile_name"": ""complex_d02"", ""map_seed"": 20360622, ""query_seed"": 20361625, ""waypoint_count"": 3, ""bottleneck_count"": 3}"
complex_s00_q0013,md_dqn,Complex,d12_16,False,False,0.17030505882576108,600,1.1249999999996678,15.399712573653815,,0,0.0,0.3088886233534912,0,0,0,0,False,,,,md_dqn_not_reached,"{""profile_name"": ""complex_d02"", ""map_seed"": 20360622, ""query_seed"": 20361625, ""md_dqn_source_dir"": ""/home/ubuntu/DQN10/2_experiment"", ""md_dqn_checkpoint_path"": ""/home/ubuntu/DQN10/2_experiment/ugv_dqn/outputs/2026-05-12_train_load_external_demo_smoke/models/realmap_a/mlp-dqn.pt"", ""md_dqn_algo"": ""mlp-dqn"", ""md_dqn_device"": ""cpu"", ""md_dqn_max_steps"": 600, ""md_dqn_rollout_steps"": 600, ""md_dqn_reached"": false}"
complex_s00_q0014,vanilla_ha,Complex,d16_20,True,True,0.500281810760498,585,20.05285410146666,,,0,0.08976278343681515,0.06137342017322345,0,0,0,0,False,,,,,"{""profile_name"": ""complex_d02"", ""map_seed"": 20360622, ""query_seed"": 20361626, ""evaluation_path_source"": ""trace_poses"", ""planner_path_pose_count"": 30, ""evaluation_path_pose_count"": 204}"
complex_s00_q0014,f_n3p_knn,Complex,d16_20,True,True,0.8347185689490288,810,20.190591688496117,20.05285410146666,0.006868727330908042,0,0.09464103293316568,0.06079842655495049,0,4,1,0,True,1,1,1.0,,"{""profile_name"": ""complex_d02"", ""map_seed"": 20360622, ""query_seed"": 20361626}"
complex_s00_q0014,n3p_k1,Complex,d16_20,True,True,0.8391230499837548,810,20.190591688496117,20.05285410146666,0.006868727330908042,0,0.09464103293316568,0.06079842655495049,0,0,1,0,True,1,1,1.0,,"{""profile_name"": ""complex_d02"", ""map_seed"": 20360622, ""query_seed"": 20361626}"
complex_s00_q0014,voronoi_waypoint,Complex,d16_20,True,True,1.4670561428647488,832,21.47872756390833,20.05285410146666,0.07110576156525172,2,0.20326244017389009,0.07182274379692744,0,0,0,0,False,,,,,"{""profile_name"": ""complex_d02"", ""map_seed"": 20360622, ""query_seed"": 20361626, ""waypoint_count"": 3}"
complex_s00_q0014,bottleneck_waypoint,Complex,d16_20,True,True,0.8214578730985522,5,20.84460364565869,20.05285410146666,0.03948313492861444,0,0.18884100486346178,0.07794354013387705,0,0,0,0,False,,,,,"{""profile_name"": ""complex_d02"", ""map_seed"": 20360622, ""query_seed"": 20361626, ""waypoint_count"": 4, ""bottleneck_count"": 4}"
complex_s00_q0014,md_dqn,Complex,d16_20,False,False,0.16969140199944377,600,1.124999999999978,20.05285410146666,,0,0.6916187246525426,1.0870839079714574,0,0,0,0,False,,,,md_dqn_not_reached,"{""profile_name"": ""complex_d02"", ""map_seed"": 20360622, ""query_seed"": 20361626, ""md_dqn_source_dir"": ""/home/ubuntu/DQN10/2_experiment"", ""md_dqn_checkpoint_path"": ""/home/ubuntu/DQN10/2_experiment/ugv_dqn/outputs/2026-05-12_train_load_external_demo_smoke/models/realmap_a/mlp-dqn.pt"", ""md_dqn_algo"": ""mlp-dqn"", ""md_dqn_device"": ""cpu"", ""md_dqn_max_steps"": 600, ""md_dqn_rollout_steps"": 600, ""md_dqn_reached"": false}"
complex_s00_q0015,vanilla_ha,Complex,d20_inf,False,False,2.5000224113464355,3173,,,,0,,,0,0,0,0,False,,,,timeout,"{""profile_name"": ""complex_d02"", ""map_seed"": 20360623, ""query_seed"": 20361623, ""evaluation_path_source"": ""planner_path"", ""planner_path_pose_count"": 0, ""evaluation_path_pose_count"": 0}"
complex_s00_q0015,f_n3p_knn,Complex,d20_inf,True,True,0.7712461471091956,114,27.430455050554546,,,0,0.09597725765612598,0.10073351385634721,0,9,1,0,True,0,3,0.0,,"{""profile_name"": ""complex_d02"", ""map_seed"": 20360623, ""query_seed"": 20361623}"
complex_s00_q0015,n3p_k1,Complex,d20_inf,False,False,3.70907464181073,4464,,,,0,,,0,0,2,1,True,0,0,,f2_failed:prediction:goal_in_collision;goal:timeout;f3_failed:timeout,"{""profile_name"": ""complex_d02"", ""map_seed"": 20360623, ""query_seed"": 20361623}"
complex_s00_q0015,voronoi_waypoint,Complex,d20_inf,True,True,0.9712809771299362,6,28.57856593009003,,,2,0.16401729227244682,0.4843212586209886,0,0,0,0,False,,,,,"{""profile_name"": ""complex_d02"", ""map_seed"": 20360623, ""query_seed"": 20361623, ""waypoint_count"": 5}"
complex_s00_q0015,bottleneck_waypoint,Complex,d20_inf,True,True,0.9714550040662289,6,28.090329378403347,,,0,0.14031676027934994,0.37009785409399953,0,0,0,0,False,,,,,"{""profile_name"": ""complex_d02"", ""map_seed"": 20360623, ""query_seed"": 20361623, ""waypoint_count"": 5, ""bottleneck_count"": 5}"
complex_s00_q0015,md_dqn,Complex,d20_inf,False,False,0.17175606545060873,600,1.124999999999139,,,0,0.0,1.1118052239940417,0,0,0,0,False,,,,md_dqn_not_reached,"{""profile_name"": ""complex_d02"", ""map_seed"": 20360623, ""query_seed"": 20361623, ""md_dqn_source_dir"": ""/home/ubuntu/DQN10/2_experiment"", ""md_dqn_checkpoint_path"": ""/home/ubuntu/DQN10/2_experiment/ugv_dqn/outputs/2026-05-12_train_load_external_demo_smoke/models/realmap_a/mlp-dqn.pt"", ""md_dqn_algo"": ""mlp-dqn"", ""md_dqn_device"": ""cpu"", ""md_dqn_max_steps"": 600, ""md_dqn_rollout_steps"": 600, ""md_dqn_reached"": false}"
complex_s00_q0016,vanilla_ha,Complex,d08_12,True,True,0.15602612495422363,1,9.078546139112802,,,0,0.0,0.7742655267286656,0,0,0,0,False,,,,,"{""profile_name"": ""complex_d02"", ""map_seed"": 20360623, ""query_seed"": 20361624, ""evaluation_path_source"": ""trace_poses"", ""planner_path_pose_count"": 2, ""evaluation_path_pose_count"": 92}"
complex_s00_q0016,f_n3p_knn,Complex,d08_12,True,True,0.0004319688305258751,0,9.078546139112802,9.078546139112802,0.0,0,0.0,0.7742655267286662,0,0,0,0,False,0,0,,,"{""profile_name"": ""complex_d02"", ""map_seed"": 20360623, ""query_seed"": 20361624}"
complex_s00_q0016,n3p_k1,Complex,d08_12,True,True,0.0004508530255407095,0,9.078546139112802,9.078546139112802,0.0,0,0.0,0.7742655267286662,0,0,0,0,False,0,0,,,"{""profile_name"": ""complex_d02"", ""map_seed"": 20360623, ""query_seed"": 20361624}"
complex_s00_q0016,voronoi_waypoint,Complex,d08_12,True,True,0.3574808540288359,2,9.594697864641288,9.078546139112802,0.05685400697637766,0,0.2234725401905378,0.7742655267286667,0,0,0,0,False,,,,,"{""profile_name"": ""complex_d02"", ""map_seed"": 20360623, ""query_seed"": 20361624, ""waypoint_count"": 1}"
complex_s00_q0016,bottleneck_waypoint,Complex,d08_12,True,True,0.36210127593949437,2,10.228050472816312,9.078546139112802,0.1266176672001631,0,0.2775628746980059,0.7742655267286667,0,0,0,0,False,,,,,"{""profile_name"": ""complex_d02"", ""map_seed"": 20360623, ""query_seed"": 20361624, ""waypoint_count"": 1, ""bottleneck_count"": 1}"
complex_s00_q0016,md_dqn,Complex,d08_12,False,False,0.1744982386007905,600,1.1249999999999645,9.078546139112802,,0,0.8286550898949163,1.2353232324562335,0,0,0,0,False,,,,md_dqn_not_reached,"{""profile_name"": ""complex_d02"", ""map_seed"": 20360623, ""query_seed"": 20361624, ""md_dqn_source_dir"": ""/home/ubuntu/DQN10/2_experiment"", ""md_dqn_checkpoint_path"": ""/home/ubuntu/DQN10/2_experiment/ugv_dqn/outputs/2026-05-12_train_load_external_demo_smoke/models/realmap_a/mlp-dqn.pt"", ""md_dqn_algo"": ""mlp-dqn"", ""md_dqn_device"": ""cpu"", ""md_dqn_max_steps"": 600, ""md_dqn_rollout_steps"": 600, ""md_dqn_reached"": false}"
complex_s00_q0017,vanilla_ha,Complex,d12_16,True,True,0.16095471382141113,1,14.22005625867915,,,0,0.0,0.1708427551030448,0,0,0,0,False,,,,,"{""profile_name"": ""complex_d02"", ""map_seed"": 20360623, ""query_seed"": 20361625, ""evaluation_path_source"": ""trace_poses"", ""planner_path_pose_count"": 2, ""evaluation_path_pose_count"": 144}"
complex_s00_q0017,f_n3p_knn,Complex,d12_16,True,True,0.0007422328926622868,0,14.22005625867915,14.22005625867915,0.0,0,0.0,0.17084275510304614,0,0,0,0,False,0,0,,,"{""profile_name"": ""complex_d02"", ""map_seed"": 20360623, ""query_seed"": 20361625}"
complex_s00_q0017,n3p_k1,Complex,d12_16,True,True,0.0005952201317995787,0,14.22005625867915,14.22005625867915,0.0,0,0.0,0.17084275510304614,0,0,0,0,False,0,0,,,"{""profile_name"": ""complex_d02"", ""map_seed"": 20360623, ""query_seed"": 20361625}"
complex_s00_q0017,voronoi_waypoint,Complex,d12_16,True,True,0.5387136649806052,31,15.759217418301866,14.22005625867915,0.10823875318237897,0,0.34325059299591776,0.07326415481518866,0,0,0,0,False,,,,,"{""profile_name"": ""complex_d02"", ""map_seed"": 20360623, ""query_seed"": 20361625, ""waypoint_count"": 2}"
complex_s00_q0017,bottleneck_waypoint,Complex,d12_16,True,True,0.478903132956475,3,14.639532051571498,14.22005625867915,0.029498884200006126,0,0.14076636095942796,0.2941816957090474,0,0,0,0,False,,,,,"{""profile_name"": ""complex_d02"", ""map_seed"": 20360623, ""query_seed"": 20361625, ""waypoint_count"": 2, ""bottleneck_count"": 2}"
complex_s00_q0017,md_dqn,Complex,d12_16,False,False,0.16921554366126657,600,1.1249999999995022,14.22005625867915,,0,0.0,0.3256078042927347,0,0,0,0,False,,,,md_dqn_not_reached,"{""profile_name"": ""complex_d02"", ""map_seed"": 20360623, ""query_seed"": 20361625, ""md_dqn_source_dir"": ""/home/ubuntu/DQN10/2_experiment"", ""md_dqn_checkpoint_path"": ""/home/ubuntu/DQN10/2_experiment/ugv_dqn/outputs/2026-05-12_train_load_external_demo_smoke/models/realmap_a/mlp-dqn.pt"", ""md_dqn_algo"": ""mlp-dqn"", ""md_dqn_device"": ""cpu"", ""md_dqn_max_steps"": 600, ""md_dqn_rollout_steps"": 600, ""md_dqn_reached"": false}"
complex_s00_q0018,vanilla_ha,Complex,d16_20,True,True,0.15505766868591309,1,16.552945357246845,,,0,0.0,0.4999570915180408,0,0,0,0,False,,,,,"{""profile_name"": ""complex_d02"", ""map_seed"": 20360623, ""query_seed"": 20361626, ""evaluation_path_source"": ""trace_poses"", ""planner_path_pose_count"": 2, ""evaluation_path_pose_count"": 167}"
complex_s00_q0018,f_n3p_knn,Complex,d16_20,True,True,0.0006881409790366888,0,16.552945357246845,16.552945357246845,0.0,0,2.6828410307996408e-17,0.4999570915180408,0,0,0,0,False,0,0,,,"{""profile_name"": ""complex_d02"", ""map_seed"": 20360623, ""query_seed"": 20361626}"
complex_s00_q0018,n3p_k1,Complex,d16_20,True,True,0.0009930478408932686,0,16.552945357246845,16.552945357246845,0.0,0,2.6828410307996408e-17,0.4999570915180408,0,0,0,0,False,0,0,,,"{""profile_name"": ""complex_d02"", ""map_seed"": 20360623, ""query_seed"": 20361626}"
complex_s00_q0018,voronoi_waypoint,Complex,d16_20,True,True,0.6228802381083369,4,17.845285641313197,16.552945357246845,0.07807313177050812,0,0.31834816153821643,1.0070497921364567,0,0,0,0,False,,,,,"{""profile_name"": ""complex_d02"", ""map_seed"": 20360623, ""query_seed"": 20361626, ""waypoint_count"": 3}"
complex_s00_q0018,bottleneck_waypoint,Complex,d16_20,True,True,0.4759528241120279,3,17.005979817092598,16.552945357246845,0.027368812623272287,0,0.11970650819853428,1.0044803470652073,0,0,0,0,False,,,,,"{""profile_name"": ""complex_d02"", ""map_seed"": 20360623, ""query_seed"": 20361626, ""waypoint_count"": 2, ""bottleneck_count"": 2}"
complex_s00_q0018,md_dqn,Complex,d16_20,False,False,0.17242600629106164,600,1.1250000000000016,16.552945357246845,,0,0.8385645564237252,0.7093799724238374,0,0,0,0,False,,,,md_dqn_not_reached,"{""profile_name"": ""complex_d02"", ""map_seed"": 20360623, ""query_seed"": 20361626, ""md_dqn_source_dir"": ""/home/ubuntu/DQN10/2_experiment"", ""md_dqn_checkpoint_path"": ""/home/ubuntu/DQN10/2_experiment/ugv_dqn/outputs/2026-05-12_train_load_external_demo_smoke/models/realmap_a/mlp-dqn.pt"", ""md_dqn_algo"": ""mlp-dqn"", ""md_dqn_device"": ""cpu"", ""md_dqn_max_steps"": 600, ""md_dqn_rollout_steps"": 600, ""md_dqn_reached"": false}"
complex_s00_q0019,vanilla_ha,Complex,d20_inf,True,True,2.301787853240967,2833,22.188234461750348,,,0,0.06639999604564246,0.08118429476971278,0,0,0,0,False,,,,,"{""profile_name"": ""complex_d02"", ""map_seed"": 20360623, ""query_seed"": 20361627, ""evaluation_path_source"": ""trace_poses"", ""planner_path_pose_count"": 70, ""evaluation_path_pose_count"": 224}"
complex_s00_q0019,f_n3p_knn,Complex,d20_inf,True,True,0.4637187561020255,3,23.37390188209455,22.188234461750348,0.05343676273063269,0,0.13430824212249215,0.23825070401130344,0,4,0,0,True,1,3,0.3333333333333333,,"{""profile_name"": ""complex_d02"", ""map_seed"": 20360623, ""query_seed"": 20361627}"
complex_s00_q0019,n3p_k1,Complex,d20_inf,True,True,0.8721425449475646,447,22.533131045039486,22.188234461750348,0.015544120190531308,0,0.13962924719839911,0.07441549730951491,0,0,2,0,True,1,1,1.0,,"{""profile_name"": ""complex_d02"", ""map_seed"": 20360623, ""query_seed"": 20361627}"
complex_s00_q0019,voronoi_waypoint,Complex,d20_inf,True,True,0.7762525570578873,5,25.17033776753098,22.188234461750348,0.13440020705213818,3,0.2958229296413011,0.3077608322426726,0,0,0,0,False,,,,,"{""profile_name"": ""complex_d02"", ""map_seed"": 20360623, ""query_seed"": 20361627, ""waypoint_count"": 4}"
complex_s00_q0019,bottleneck_waypoint,Complex,d20_inf,True,True,0.7784952649381012,11,23.455570071593797,22.188234461750348,0.05711746069873991,0,0.21025646577883034,0.22896249799135648,0,0,0,0,False,,,,,"{""profile_name"": ""complex_d02"", ""map_seed"": 20360623, ""query_seed"": 20361627, ""waypoint_count"": 4, ""bottleneck_count"": 4}"
complex_s00_q0019,md_dqn,Complex,d20_inf,False,False,0.17158992728218436,600,1.1249999999994813,22.188234461750348,,0,0.0,1.000991843733645,0,0,0,0,False,,,,md_dqn_not_reached,"{""profile_name"": ""complex_d02"", ""map_seed"": 20360623, ""query_seed"": 20361627, ""md_dqn_source_dir"": ""/home/ubuntu/DQN10/2_experiment"", ""md_dqn_checkpoint_path"": ""/home/ubuntu/DQN10/2_experiment/ugv_dqn/outputs/2026-05-12_train_load_external_demo_smoke/models/realmap_a/mlp-dqn.pt"", ""md_dqn_algo"": ""mlp-dqn"", ""md_dqn_device"": ""cpu"", ""md_dqn_max_steps"": 600, ""md_dqn_rollout_steps"": 600, ""md_dqn_reached"": false}"
complex_s01_q0020,vanilla_ha,Complex,d08_12,True,True,0.16327595710754395,31,10.717975312731328,,,0,0.2683388936709034,0.07321177594092187,0,0,0,0,False,,,,,"{""profile_name"": ""complex_d02"", ""map_seed"": 20370620, ""query_seed"": 20371620, ""evaluation_path_source"": ""trace_poses"", ""planner_path_pose_count"": 12, ""evaluation_path_pose_count"": 109}"
complex_s01_q0020,f_n3p_knn,Complex,d08_12,True,True,0.4471052410081029,3,11.225458236428318,10.717975312731328,0.04734876773733343,1,0.2152453106443281,0.11737673681272165,0,5,0,0,True,0,3,0.0,,"{""profile_name"": ""complex_d02"", ""map_seed"": 20370620, ""query_seed"": 20371620}"
complex_s01_q0020,n3p_k1,Complex,d08_12,True,True,0.1689840720500797,31,10.717975312731328,10.717975312731328,0.0,0,0.2683388936709034,0.07321177594092187,0,0,1,0,True,0,0,,,"{""profile_name"": ""complex_d02"", ""map_seed"": 20370620, ""query_seed"": 20371620}"
complex_s01_q0020,voronoi_waypoint,Complex,d08_12,True,True,0.48295077588409185,15,12.957870850406536,10.717975312731328,0.20898495026523833,1,0.5935822319021623,0.07321177594092187,0,0,0,0,False,,,,,"{""profile_name"": ""complex_d02"", ""map_seed"": 20370620, ""query_seed"": 20371620, ""waypoint_count"": 2}"
complex_s01_q0020,bottleneck_waypoint,Complex,d08_12,True,True,0.3469913930166513,17,12.464965063678237,10.717975312731328,0.16299624695643322,3,0.28152153856663104,0.18748454447524165,0,0,0,0,False,,,,,"{""profile_name"": ""complex_d02"", ""map_seed"": 20370620, ""query_seed"": 20371620, ""waypoint_count"": 1, ""bottleneck_count"": 1}"
complex_s01_q0020,md_dqn,Complex,d08_12,False,False,0.11233416339382529,34,0.07500000000000323,10.717975312731328,,0,0.1426302779844381,0.5449121000583641,0,0,0,0,False,,,,md_dqn_not_reached,"{""profile_name"": ""complex_d02"", ""map_seed"": 20370620, ""query_seed"": 20371620, ""md_dqn_source_dir"": ""/home/ubuntu/DQN10/2_experiment"", ""md_dqn_checkpoint_path"": ""/home/ubuntu/DQN10/2_experiment/ugv_dqn/outputs/2026-05-12_train_load_external_demo_smoke/models/realmap_a/mlp-dqn.pt"", ""md_dqn_algo"": ""mlp-dqn"", ""md_dqn_device"": ""cpu"", ""md_dqn_max_steps"": 600, ""md_dqn_rollout_steps"": 34, ""md_dqn_reached"": false}"
complex_s01_q0021,vanilla_ha,Complex,d12_16,True,True,0.7419559955596924,799,16.53421446611142,,,0,0.17498325187480937,0.09972305135259785,0,0,0,0,False,,,,,"{""profile_name"": ""complex_d02"", ""map_seed"": 20370620, ""query_seed"": 20371621, ""evaluation_path_source"": ""trace_poses"", ""planner_path_pose_count"": 46, ""evaluation_path_pose_count"": 168}"
complex_s01_q0021,f_n3p_knn,Complex,d12_16,True,True,1.369707527803257,1027,16.579503433855653,16.53421446611142,0.002739106102503941,0,0.2126684774792003,0.08681798094499571,0,5,1,0,True,0,1,0.0,,"{""profile_name"": ""complex_d02"", ""map_seed"": 20370620, ""query_seed"": 20371621}"
complex_s01_q0021,n3p_k1,Complex,d12_16,True,True,0.7521239528432488,799,16.53421446611142,16.53421446611142,0.0,0,0.17498325187480934,0.09972305135259785,0,0,1,0,True,0,0,,,"{""profile_name"": ""complex_d02"", ""map_seed"": 20370620, ""query_seed"": 20371621}"
complex_s01_q0021,voronoi_waypoint,Complex,d12_16,True,True,0.6170499711297452,4,17.546227772497115,16.53421446611142,0.061207220243811644,0,0.2767161023481173,0.10884714156002206,0,0,0,0,False,,,,,"{""profile_name"": ""complex_d02"", ""map_seed"": 20370620, ""query_seed"": 20371621, ""waypoint_count"": 3}"
complex_s01_q0021,bottleneck_waypoint,Complex,d12_16,True,True,0.4807609370909631,3,16.90093742157749,16.53421446611142,0.02217964187035948,0,0.16586682299315642,0.3975613201546806,0,0,0,0,False,,,,,"{""profile_name"": ""complex_d02"", ""map_seed"": 20370620, ""query_seed"": 20371621, ""waypoint_count"": 2, ""bottleneck_count"": 2}"
complex_s01_q0021,md_dqn,Complex,d12_16,False,False,0.169486653059721,600,1.1249999999999705,16.53421446611142,,0,0.41030375110348344,0.6901247835889261,0,0,0,0,False,,,,md_dqn_not_reached,"{""profile_name"": ""complex_d02"", ""map_seed"": 20370620, ""query_seed"": 20371621, ""md_dqn_source_dir"": ""/home/ubuntu/DQN10/2_experiment"", ""md_dqn_checkpoint_path"": ""/home/ubuntu/DQN10/2_experiment/ugv_dqn/outputs/2026-05-12_train_load_external_demo_smoke/models/realmap_a/mlp-dqn.pt"", ""md_dqn_algo"": ""mlp-dqn"", ""md_dqn_device"": ""cpu"", ""md_dqn_max_steps"": 600, ""md_dqn_rollout_steps"": 600, ""md_dqn_reached"": false}"
complex_s01_q0022,vanilla_ha,Complex,d16_20,False,False,2.500455379486084,2696,,,,0,,,0,0,0,0,False,,,,timeout,"{""profile_name"": ""complex_d02"", ""map_seed"": 20370620, ""query_seed"": 20371622, ""evaluation_path_source"": ""planner_path"", ""planner_path_pose_count"": 0, ""evaluation_path_pose_count"": 0}"
complex_s01_q0022,f_n3p_knn,Complex,d16_20,True,True,0.4642703931313008,3,19.458520370919096,,,3,0.2044699019829717,0.10460637178641297,0,1,0,0,True,2,3,0.6666666666666666,,"{""profile_name"": ""complex_d02"", ""map_seed"": 20370620, ""query_seed"": 20371622}"
complex_s01_q0022,n3p_k1,Complex,d16_20,True,True,0.6301881049294025,201,21.01136579925147,,,3,0.3230993452920943,0.10934489729248986,0,0,1,0,True,2,2,1.0,,"{""profile_name"": ""complex_d02"", ""map_seed"": 20370620, ""query_seed"": 20371622}"
complex_s01_q0022,voronoi_waypoint,Complex,d16_20,True,True,0.6447576889768243,34,21.615242854870612,,,1,0.3193879390005688,0.07602383013420222,0,0,0,0,False,,,,,"{""profile_name"": ""complex_d02"", ""map_seed"": 20370620, ""query_seed"": 20371622, ""waypoint_count"": 3}"
complex_s01_q0022,bottleneck_waypoint,Complex,d16_20,True,True,0.7582981640007347,5,21.701663951676146,,,1,0.21556899442510666,0.1565249486886372,0,0,0,0,False,,,,,"{""profile_name"": ""complex_d02"", ""map_seed"": 20370620, ""query_seed"": 20371622, ""waypoint_count"": 4, ""bottleneck_count"": 4}"
complex_s01_q0022,md_dqn,Complex,d16_20,False,False,0.1714410176500678,600,1.125000000000112,,,0,0.0,1.3503326840687753,0,0,0,0,False,,,,md_dqn_not_reached,"{""profile_name"": ""complex_d02"", ""map_seed"": 20370620, ""query_seed"": 20371622, ""md_dqn_source_dir"": ""/home/ubuntu/DQN10/2_experiment"", ""md_dqn_checkpoint_path"": ""/home/ubuntu/DQN10/2_experiment/ugv_dqn/outputs/2026-05-12_train_load_external_demo_smoke/models/realmap_a/mlp-dqn.pt"", ""md_dqn_algo"": ""mlp-dqn"", ""md_dqn_device"": ""cpu"", ""md_dqn_max_steps"": 600, ""md_dqn_rollout_steps"": 600, ""md_dqn_reached"": false}"
complex_s01_q0023,vanilla_ha,Complex,d20_inf,True,True,1.3348054885864258,1796,21.91731808982242,,,0,0.22959662807127065,0.07304455164569357,0,0,0,0,False,,,,,"{""profile_name"": ""complex_d02"", ""map_seed"": 20370620, ""query_seed"": 20371623, ""evaluation_path_source"": ""trace_poses"", ""planner_path_pose_count"": 58, ""evaluation_path_pose_count"": 222}"
complex_s01_q0023,f_n3p_knn,Complex,d20_inf,True,True,0.4785278469789773,19,21.98698510286933,21.91731808982242,0.003178628551239626,0,0.13226423731595022,0.09454692740783943,0,6,1,0,True,0,2,0.0,,"{""profile_name"": ""complex_d02"", ""map_seed"": 20370620, ""query_seed"": 20371623}"
complex_s01_q0023,n3p_k1,Complex,d20_inf,True,True,2.28714061784558,3097,21.91731808982242,21.91731808982242,0.0,0,0.22959662807127065,0.07304455164569357,0,0,1,1,True,0,0,,,"{""profile_name"": ""complex_d02"", ""map_seed"": 20370620, ""query_seed"": 20371623}"
complex_s01_q0023,voronoi_waypoint,Complex,d20_inf,True,True,0.8536848588846624,105,23.43007790254794,21.91731808982242,0.06902120991837912,2,0.22860373432913056,0.0811583509530498,0,0,0,0,False,,,,,"{""profile_name"": ""complex_d02"", ""map_seed"": 20370620, ""query_seed"": 20371623, ""waypoint_count"": 4}"
complex_s01_q0023,bottleneck_waypoint,Complex,d20_inf,True,True,0.8376380100380629,133,22.345755730002992,21.91731808982242,0.01954790446644661,0,0.1992161456127879,0.21582719898309455,0,0,0,0,False,,,,,"{""profile_name"": ""complex_d02"", ""map_seed"": 20370620, ""query_seed"": 20371623, ""waypoint_count"": 4, ""bottleneck_count"": 4}"
complex_s01_q0023,md_dqn,Complex,d20_inf,False,False,0.23000409360975027,375,3.7500000000000018,21.91731808982242,,1,0.3931494131819834,0.3669353488987517,0,0,0,0,False,,,,md_dqn_not_reached,"{""profile_name"": ""complex_d02"", ""map_seed"": 20370620, ""query_seed"": 20371623, ""md_dqn_source_dir"": ""/home/ubuntu/DQN10/2_experiment"", ""md_dqn_checkpoint_path"": ""/home/ubuntu/DQN10/2_experiment/ugv_dqn/outputs/2026-05-12_train_load_external_demo_smoke/models/realmap_a/mlp-dqn.pt"", ""md_dqn_algo"": ""mlp-dqn"", ""md_dqn_device"": ""cpu"", ""md_dqn_max_steps"": 600, ""md_dqn_rollout_steps"": 375, ""md_dqn_reached"": false}"
complex_s01_q0024,vanilla_ha,Complex,d08_12,True,True,0.20683836936950684,100,11.33409880686074,,,0,0.35989233494653905,0.06340093221837534,0,0,0,0,False,,,,,"{""profile_name"": ""complex_d02"", ""map_seed"": 20370620, ""query_seed"": 20371624, ""evaluation_path_source"": ""trace_poses"", ""planner_path_pose_count"": 27, ""evaluation_path_pose_count"": 116}"
complex_s01_q0024,f_n3p_knn,Complex,d08_12,True,True,0.21702965395525098,100,11.33409880686074,11.33409880686074,0.0,0,0.35989233494653905,0.06340093221837534,0,4,1,0,True,0,0,,,"{""profile_name"": ""complex_d02"", ""map_seed"": 20370620, ""query_seed"": 20371624}"
complex_s01_q0024,n3p_k1,Complex,d08_12,True,True,0.21673044678755105,100,11.33409880686074,11.33409880686074,0.0,0,0.35989233494653905,0.06340093221837534,0,0,1,0,True,0,0,,,"{""profile_name"": ""complex_d02"", ""map_seed"": 20370620, ""query_seed"": 20371624}"
complex_s01_q0024,voronoi_waypoint,Complex,d08_12,True,True,0.33909475011751056,14,11.514793744464733,11.33409880686074,0.015942594173840696,0,0.2315411707629603,0.0830611692045139,0,0,0,0,False,,,,,"{""profile_name"": ""complex_d02"", ""map_seed"": 20370620, ""query_seed"": 20371624, ""waypoint_count"": 1}"
complex_s01_q0024,bottleneck_waypoint,Complex,d08_12,True,True,0.46968066808767617,3,11.401147295831079,11.33409880686074,0.0059156435913327865,0,0.25141654806359703,0.10014614264048016,0,0,0,0,False,,,,,"{""profile_name"": ""complex_d02"", ""map_seed"": 20370620, ""query_seed"": 20371624, ""waypoint_count"": 2, ""bottleneck_count"": 2}"
complex_s01_q0024,md_dqn,Complex,d08_12,False,False,0.16879572649486363,600,1.124999999999942,11.33409880686074,,0,0.0,0.9760774866064599,0,0,0,0,False,,,,md_dqn_not_reached,"{""profile_name"": ""complex_d02"", ""map_seed"": 20370620, ""query_seed"": 20371624, ""md_dqn_source_dir"": ""/home/ubuntu/DQN10/2_experiment"", ""md_dqn_checkpoint_path"": ""/home/ubuntu/DQN10/2_experiment/ugv_dqn/outputs/2026-05-12_train_load_external_demo_smoke/models/realmap_a/mlp-dqn.pt"", ""md_dqn_algo"": ""mlp-dqn"", ""md_dqn_device"": ""cpu"", ""md_dqn_max_steps"": 600, ""md_dqn_rollout_steps"": 600, ""md_dqn_reached"": false}"
complex_s01_q0025,vanilla_ha,Complex,d12_16,False,False,2.5003821849823,3627,,,,0,,,0,0,0,0,False,,,,timeout,"{""profile_name"": ""complex_d02"", ""map_seed"": 20370621, ""query_seed"": 20371621, ""evaluation_path_source"": ""planner_path"", ""planner_path_pose_count"": 0, ""evaluation_path_pose_count"": 0}"
complex_s01_q0025,f_n3p_knn,Complex,d12_16,True,True,0.6145647901576012,4,16.262149198127013,,,0,0.1438447114866301,0.09741716544731827,0,4,0,0,True,1,4,0.25,,"{""profile_name"": ""complex_d02"", ""map_seed"": 20370621, ""query_seed"": 20371621}"
complex_s01_q0025,n3p_k1,Complex,d12_16,False,False,3.5138619381468743,5230,,,,0,,,0,0,1,1,True,0,0,,f2_failed:prediction:goal_in_collision;goal:timeout;f3_failed:timeout,"{""profile_name"": ""complex_d02"", ""map_seed"": 20370621, ""query_seed"": 20371621}"
complex_s01_q0025,voronoi_waypoint,Complex,d12_16,True,True,0.6213264300022274,4,18.319916007941025,,,2,0.32064815886662995,0.18767215899813705,0,0,0,0,False,,,,,"{""profile_name"": ""complex_d02"", ""map_seed"": 20370621, ""query_seed"": 20371621, ""waypoint_count"": 3}"
complex_s01_q0025,bottleneck_waypoint,Complex,d12_16,True,True,0.6226552019361407,4,17.20476739970792,,,2,0.31361094275285495,0.20565855173478742,0,0,0,0,False,,,,,"{""profile_name"": ""complex_d02"", ""map_seed"": 20370621, ""query_seed"": 20371621, ""waypoint_count"": 3, ""bottleneck_count"": 3}"
complex_s01_q0025,md_dqn,Complex,d12_16,False,False,0.17624341719783843,600,12.918749999999974,,,0,0.17325017492360043,0.15145983744899894,0,0,0,0,False,,,,md_dqn_not_reached,"{""profile_name"": ""complex_d02"", ""map_seed"": 20370621, ""query_seed"": 20371621, ""md_dqn_source_dir"": ""/home/ubuntu/DQN10/2_experiment"", ""md_dqn_checkpoint_path"": ""/home/ubuntu/DQN10/2_experiment/ugv_dqn/outputs/2026-05-12_train_load_external_demo_smoke/models/realmap_a/mlp-dqn.pt"", ""md_dqn_algo"": ""mlp-dqn"", ""md_dqn_device"": ""cpu"", ""md_dqn_max_steps"": 600, ""md_dqn_rollout_steps"": 600, ""md_dqn_reached"": false}"
complex_s01_q0026,vanilla_ha,Complex,d16_20,True,True,0.166914701461792,49,19.924652060563584,,,0,0.09054606773698512,0.07827972256310745,0,0,0,0,False,,,,,"{""profile_name"": ""complex_d02"", ""map_seed"": 20370621, ""query_seed"": 20371622, ""evaluation_path_source"": ""trace_poses"", ""planner_path_pose_count"": 15, ""evaluation_path_pose_count"": 202}"
complex_s01_q0026,f_n3p_knn,Complex,d16_20,True,True,0.31432537198998034,2,20.415807212287646,19.924652060563584,0.02465062628100756,0,0.06600549284896075,0.08075920769729972,0,2,0,0,True,0,2,0.0,,"{""profile_name"": ""complex_d02"", ""map_seed"": 20370621, ""query_seed"": 20371622}"
complex_s01_q0026,n3p_k1,Complex,d16_20,True,True,0.18931578402407467,53,19.914530423539908,19.924652060563584,-0.0005079956725422274,0,0.08125379696703774,0.09719045636888402,0,0,1,0,True,0,0,,,"{""profile_name"": ""complex_d02"", ""map_seed"": 20370621, ""query_seed"": 20371622}"
complex_s01_q0026,voronoi_waypoint,Complex,d16_20,True,True,0.6279117879457772,4,22.386538776672626,19.924652060563584,0.12355983475273824,0,0.2331069244712927,0.0863247938378785,0,0,0,0,False,,,,,"{""profile_name"": ""complex_d02"", ""map_seed"": 20370621, ""query_seed"": 20371622, ""waypoint_count"": 3}"
complex_s01_q0026,bottleneck_waypoint,Complex,d16_20,True,True,0.7682377381715924,5,21.182377338856885,19.924652060563584,0.06312407737260761,0,0.2096193903291663,0.5309571739830066,0,0,0,0,False,,,,,"{""profile_name"": ""complex_d02"", ""map_seed"": 20370621, ""query_seed"": 20371622, ""waypoint_count"": 4, ""bottleneck_count"": 4}"
complex_s01_q0026,md_dqn,Complex,d16_20,False,False,0.31347947428002954,520,6.412500000000015,19.924652060563584,,1,0.2755917237291057,0.10450823749880356,0,0,0,0,False,,,,md_dqn_not_reached,"{""profile_name"": ""complex_d02"", ""map_seed"": 20370621, ""query_seed"": 20371622, ""md_dqn_source_dir"": ""/home/ubuntu/DQN10/2_experiment"", ""md_dqn_checkpoint_path"": ""/home/ubuntu/DQN10/2_experiment/ugv_dqn/outputs/2026-05-12_train_load_external_demo_smoke/models/realmap_a/mlp-dqn.pt"", ""md_dqn_algo"": ""mlp-dqn"", ""md_dqn_device"": ""cpu"", ""md_dqn_max_steps"": 600, ""md_dqn_rollout_steps"": 520, ""md_dqn_reached"": false}"
complex_s01_q0027,vanilla_ha,Complex,d20_inf,True,True,2.209019422531128,3137,23.180330432103354,,,0,0.17920154714364922,0.08365440036901928,0,0,0,0,False,,,,,"{""profile_name"": ""complex_d02"", ""map_seed"": 20370621, ""query_seed"": 20371623, ""evaluation_path_source"": ""trace_poses"", ""planner_path_pose_count"": 51, ""evaluation_path_pose_count"": 235}"
complex_s01_q0027,f_n3p_knn,Complex,d20_inf,True,True,0.4655246799811721,3,23.122048400591055,23.180330432103354,-0.0025142882101275577,0,0.09411362284670612,0.13960883616244368,0,1,0,0,True,2,3,0.6666666666666666,,"{""profile_name"": ""complex_d02"", ""map_seed"": 20370621, ""query_seed"": 20371623}"
complex_s01_q0027,n3p_k1,Complex,d20_inf,True,True,0.4753622559364885,282,23.127525073399944,23.180330432103354,-0.0022780244163507213,0,0.11738169252349034,0.08399603549071322,0,0,1,0,True,1,1,1.0,,"{""profile_name"": ""complex_d02"", ""map_seed"": 20370621, ""query_seed"": 20371623}"
complex_s01_q0027,voronoi_waypoint,Complex,d20_inf,True,True,0.7650569358374923,5,24.005703874416287,23.180330432103354,0.03560662971265671,0,0.1615007423926576,0.1828310062805889,0,0,0,0,False,,,,,"{""profile_name"": ""complex_d02"", ""map_seed"": 20370621, ""query_seed"": 20371623, ""waypoint_count"": 4}"
complex_s01_q0027,bottleneck_waypoint,Complex,d20_inf,True,True,0.9097144699189812,6,24.303600778521524,23.180330432103354,0.04845790916174808,0,0.19999833726690924,0.19709891860567585,0,0,0,0,False,,,,,"{""profile_name"": ""complex_d02"", ""map_seed"": 20370621, ""query_seed"": 20371623, ""waypoint_count"": 5, ""bottleneck_count"": 5}"
complex_s01_q0027,md_dqn,Complex,d20_inf,False,False,0.16991639719344676,600,1.1250000000000169,23.180330432103354,,0,0.8385645564237139,1.3340911755934215,0,0,0,0,False,,,,md_dqn_not_reached,"{""profile_name"": ""complex_d02"", ""map_seed"": 20370621, ""query_seed"": 20371623, ""md_dqn_source_dir"": ""/home/ubuntu/DQN10/2_experiment"", ""md_dqn_checkpoint_path"": ""/home/ubuntu/DQN10/2_experiment/ugv_dqn/outputs/2026-05-12_train_load_external_demo_smoke/models/realmap_a/mlp-dqn.pt"", ""md_dqn_algo"": ""mlp-dqn"", ""md_dqn_device"": ""cpu"", ""md_dqn_max_steps"": 600, ""md_dqn_rollout_steps"": 600, ""md_dqn_reached"": false}"
complex_s01_q0028,vanilla_ha,Complex,d08_12,True,True,1.6974434852600098,1829,10.125226388128251,,,0,0.21770923498351089,0.11880151443045772,0,0,0,0,False,,,,,"{""profile_name"": ""complex_d02"", ""map_seed"": 20370621, ""query_seed"": 20371624, ""evaluation_path_source"": ""trace_poses"", ""planner_path_pose_count"": 28, ""evaluation_path_pose_count"": 104}"
complex_s01_q0028,f_n3p_knn,Complex,d08_12,True,True,2.5890996048692614,2855,10.125226388128251,10.125226388128251,0.0,0,0.21770923498351089,0.11880151443045772,0,4,1,1,True,0,0,,,"{""profile_name"": ""complex_d02"", ""map_seed"": 20370621, ""query_seed"": 20371624}"
complex_s01_q0028,n3p_k1,Complex,d08_12,True,True,2.5861980551853776,2850,10.125226388128251,10.125226388128251,0.0,0,0.21770923498351089,0.11880151443045772,0,0,1,1,True,0,0,,,"{""profile_name"": ""complex_d02"", ""map_seed"": 20370621, ""query_seed"": 20371624}"
complex_s01_q0028,voronoi_waypoint,Complex,d08_12,True,True,0.47333320905454457,3,13.485774734513674,10.125226388128251,0.331898588492366,3,0.33110571152694784,0.817290038122636,0,0,0,0,False,,,,,"{""profile_name"": ""complex_d02"", ""map_seed"": 20370621, ""query_seed"": 20371624, ""waypoint_count"": 2}"
complex_s01_q0028,bottleneck_waypoint,Complex,d08_12,True,True,0.47382259904406965,3,11.934163667970623,10.125226388128251,0.17865647744561408,1,0.33491298068868697,0.7686640661514432,0,0,0,0,False,,,,,"{""profile_name"": ""complex_d02"", ""map_seed"": 20370621, ""query_seed"": 20371624, ""waypoint_count"": 2, ""bottleneck_count"": 2}"
complex_s01_q0028,md_dqn,Complex,d08_12,False,False,0.16910552605986595,600,1.125000000000004,10.125226388128251,,0,0.8385645564237239,0.9670842550250263,0,0,0,0,False,,,,md_dqn_not_reached,"{""profile_name"": ""complex_d02"", ""map_seed"": 20370621, ""query_seed"": 20371624, ""md_dqn_source_dir"": ""/home/ubuntu/DQN10/2_experiment"", ""md_dqn_checkpoint_path"": ""/home/ubuntu/DQN10/2_experiment/ugv_dqn/outputs/2026-05-12_train_load_external_demo_smoke/models/realmap_a/mlp-dqn.pt"", ""md_dqn_algo"": ""mlp-dqn"", ""md_dqn_device"": ""cpu"", ""md_dqn_max_steps"": 600, ""md_dqn_rollout_steps"": 600, ""md_dqn_reached"": false}"
complex_s01_q0029,vanilla_ha,Complex,d12_16,True,True,0.18217849731445312,65,16.281990724681854,,,0,0.17773077822159727,0.13589288083882423,0,0,0,0,False,,,,,"{""profile_name"": ""complex_d02"", ""map_seed"": 20370621, ""query_seed"": 20371625, ""evaluation_path_source"": ""trace_poses"", ""planner_path_pose_count"": 24, ""evaluation_path_pose_count"": 165}"
complex_s01_q0029,f_n3p_knn,Complex,d12_16,True,True,0.18930930411443114,65,16.281990724681854,16.281990724681854,0.0,0,0.17773077822159727,0.13589288083882423,0,4,1,0,True,0,0,,,"{""profile_name"": ""complex_d02"", ""map_seed"": 20370621, ""query_seed"": 20371625}"
complex_s01_q0029,n3p_k1,Complex,d12_16,True,True,0.18723072903230786,65,16.281990724681854,16.281990724681854,0.0,0,0.17773077822159727,0.13589288083882423,0,0,1,0,True,0,0,,,"{""profile_name"": ""complex_d02"", ""map_seed"": 20370621, ""query_seed"": 20371625}"
complex_s01_q0029,voronoi_waypoint,Complex,d12_16,True,True,0.6202118890359998,4,18.11573332146527,16.281990724681854,0.11262397994144835,0,0.19090495062201102,0.3009819621385047,0,0,0,0,False,,,,,"{""profile_name"": ""complex_d02"", ""map_seed"": 20370621, ""query_seed"": 20371625, ""waypoint_count"": 3}"
complex_s01_q0029,bottleneck_waypoint,Complex,d12_16,True,True,0.7575215159449726,5,17.460059575315118,16.281990724681854,0.0723541040253406,0,0.24751478977243535,0.7497340498990508,0,0,0,0,False,,,,,"{""profile_name"": ""complex_d02"", ""map_seed"": 20370621, ""query_seed"": 20371625, ""waypoint_count"": 4, ""bottleneck_count"": 4}"
complex_s01_q0029,md_dqn,Complex,d12_16,False,False,0.17175827757455409,600,1.648125000000017,16.281990724681854,,0,0.8419431943903893,0.6951047025156947,0,0,0,0,False,,,,md_dqn_not_reached,"{""profile_name"": ""complex_d02"", ""map_seed"": 20370621, ""query_seed"": 20371625, ""md_dqn_source_dir"": ""/home/ubuntu/DQN10/2_experiment"", ""md_dqn_checkpoint_path"": ""/home/ubuntu/DQN10/2_experiment/ugv_dqn/outputs/2026-05-12_train_load_external_demo_smoke/models/realmap_a/mlp-dqn.pt"", ""md_dqn_algo"": ""mlp-dqn"", ""md_dqn_device"": ""cpu"", ""md_dqn_max_steps"": 600, ""md_dqn_rollout_steps"": 600, ""md_dqn_reached"": false}"
complex_s01_q0030,vanilla_ha,Complex,d16_20,True,True,0.14822053909301758,1,17.344163283364235,,,0,0.0,0.21186827481124226,0,0,0,0,False,,,,,"{""profile_name"": ""complex_d02"", ""map_seed"": 20370622, ""query_seed"": 20371622, ""evaluation_path_source"": ""trace_poses"", ""planner_path_pose_count"": 2, ""evaluation_path_pose_count"": 175}"
complex_s01_q0030,f_n3p_knn,Complex,d16_20,True,True,0.0007070889696478844,0,17.344163283364235,17.344163283364235,0.0,0,0.0,0.21186827481124226,0,0,0,0,False,0,0,,,"{""profile_name"": ""complex_d02"", ""map_seed"": 20370622, ""query_seed"": 20371622}"
complex_s01_q0030,n3p_k1,Complex,d16_20,True,True,0.0007016279269009829,0,17.344163283364235,17.344163283364235,0.0,0,0.0,0.21186827481124226,0,0,0,0,False,0,0,,,"{""profile_name"": ""complex_d02"", ""map_seed"": 20370622, ""query_seed"": 20371622}"
complex_s01_q0030,voronoi_waypoint,Complex,d16_20,True,True,0.6084488341584802,4,17.58015201922475,17.344163283364235,0.013606233521040956,0,0.16348242125695825,0.21186827481124226,0,0,0,0,False,,,,,"{""profile_name"": ""complex_d02"", ""map_seed"": 20370622, ""query_seed"": 20371622, ""waypoint_count"": 3}"
complex_s01_q0030,bottleneck_waypoint,Complex,d16_20,True,True,0.6137069039978087,4,17.785825651294516,17.344163283364235,0.02546461081543816,0,0.20812671585996428,0.21186827481124226,0,0,0,0,False,,,,,"{""profile_name"": ""complex_d02"", ""map_seed"": 20370622, ""query_seed"": 20371622, ""waypoint_count"": 3, ""bottleneck_count"": 3}"
complex_s01_q0030,md_dqn,Complex,d16_20,False,False,0.16960685490630567,600,1.1249999999999531,17.344163283364235,,0,0.0,0.21186827481124226,0,0,0,0,False,,,,md_dqn_not_reached,"{""profile_name"": ""complex_d02"", ""map_seed"": 20370622, ""query_seed"": 20371622, ""md_dqn_source_dir"": ""/home/ubuntu/DQN10/2_experiment"", ""md_dqn_checkpoint_path"": ""/home/ubuntu/DQN10/2_experiment/ugv_dqn/outputs/2026-05-12_train_load_external_demo_smoke/models/realmap_a/mlp-dqn.pt"", ""md_dqn_algo"": ""mlp-dqn"", ""md_dqn_device"": ""cpu"", ""md_dqn_max_steps"": 600, ""md_dqn_rollout_steps"": 600, ""md_dqn_reached"": false}"
complex_s01_q0031,vanilla_ha,Complex,d20_inf,True,True,0.17198681831359863,41,20.659985163193763,,,0,0.04651829028590971,0.10362406371734889,0,0,0,0,False,,,,,"{""profile_name"": ""complex_d02"", ""map_seed"": 20370622, ""query_seed"": 20371623, ""evaluation_path_source"": ""trace_poses"", ""planner_path_pose_count"": 13, ""evaluation_path_pose_count"": 209}"
complex_s01_q0031,f_n3p_knn,Complex,d20_inf,True,True,0.30862463591620326,2,21.321463392730795,20.659985163193763,0.032017362273593086,1,0.10119181157345564,0.13257357515434431,0,0,0,0,False,2,2,1.0,,"{""profile_name"": ""complex_d02"", ""map_seed"": 20370622, ""query_seed"": 20371623}"
complex_s01_q0031,n3p_k1,Complex,d20_inf,True,True,0.3058904430363327,2,21.321463392730795,20.659985163193763,0.032017362273593086,1,0.10119181157345564,0.13257357515434431,0,0,0,0,False,2,2,1.0,,"{""profile_name"": ""complex_d02"", ""map_seed"": 20370622, ""query_seed"": 20371623}"
complex_s01_q0031,voronoi_waypoint,Complex,d20_inf,True,True,0.7746205430012196,20,22.859952673790957,20.659985163193763,0.1064844671097096,1,0.32660488748665073,0.12266349701504631,0,0,0,0,False,,,,,"{""profile_name"": ""complex_d02"", ""map_seed"": 20370622, ""query_seed"": 20371623, ""waypoint_count"": 4}"
complex_s01_q0031,bottleneck_waypoint,Complex,d20_inf,True,True,0.4897903648670763,21,21.074508375121244,20.659985163193763,0.020064061452762516,0,0.20552572205643005,0.08604478251011727,0,0,0,0,False,,,,,"{""profile_name"": ""complex_d02"", ""map_seed"": 20370622, ""query_seed"": 20371623, ""waypoint_count"": 2, ""bottleneck_count"": 2}"
complex_s01_q0031,md_dqn,Complex,d20_inf,False,False,0.22249877802096307,176,9.96312500000001,20.659985163193763,,1,0.18660455472436113,0.15305437736543714,0,0,0,0,False,,,,md_dqn_not_reached,"{""profile_name"": ""complex_d02"", ""map_seed"": 20370622, ""query_seed"": 20371623, ""md_dqn_source_dir"": ""/home/ubuntu/DQN10/2_experiment"", ""md_dqn_checkpoint_path"": ""/home/ubuntu/DQN10/2_experiment/ugv_dqn/outputs/2026-05-12_train_load_external_demo_smoke/models/realmap_a/mlp-dqn.pt"", ""md_dqn_algo"": ""mlp-dqn"", ""md_dqn_device"": ""cpu"", ""md_dqn_max_steps"": 600, ""md_dqn_rollout_steps"": 176, ""md_dqn_reached"": false}"
complex_s01_q0032,vanilla_ha,Complex,d08_12,True,True,1.9188694953918457,1829,8.885429275720576,,,1,0.2909871748707952,0.05899273641282976,0,0,0,0,False,,,,,"{""profile_name"": ""complex_d02"", ""map_seed"": 20370622, ""query_seed"": 20371624, ""evaluation_path_source"": ""trace_poses"", ""planner_path_pose_count"": 29, ""evaluation_path_pose_count"": 92}"
complex_s01_q0032,f_n3p_knn,Complex,d08_12,True,True,0.2963515769224614,2,13.046837597292127,8.885429275720576,0.4683407174195393,1,0.30091163716096647,0.08991005878973013,0,1,0,0,True,1,2,0.5,,"{""profile_name"": ""complex_d02"", ""map_seed"": 20370622, ""query_seed"": 20371624}"
complex_s01_q0032,n3p_k1,Complex,d08_12,True,True,0.2983629039954394,4,11.708540417175143,8.885429275720576,0.31772366352278736,3,0.2917784542583465,0.08238217309785889,0,0,1,0,True,1,1,1.0,,"{""profile_name"": ""complex_d02"", ""map_seed"": 20370622, ""query_seed"": 20371624}"
complex_s01_q0032,voronoi_waypoint,Complex,d08_12,True,True,0.6206126189790666,270,10.100534348351747,8.885429275720576,0.13675254564812578,1,0.42860804086599275,0.06942907350122074,0,0,0,0,False,,,,,"{""profile_name"": ""complex_d02"", ""map_seed"": 20370622, ""query_seed"": 20371624, ""waypoint_count"": 1}"
complex_s01_q0032,bottleneck_waypoint,Complex,d08_12,True,True,0.48047420592047274,13,10.876874220912175,8.885429275720576,0.2241247871538654,1,0.3477694844035072,0.08991005878973013,0,0,0,0,False,,,,,"{""profile_name"": ""complex_d02"", ""map_seed"": 20370622, ""query_seed"": 20371624, ""waypoint_count"": 2, ""bottleneck_count"": 2}"
complex_s01_q0032,md_dqn,Complex,d08_12,False,False,0.1927079102024436,341,1.8168750000000002,8.885429275720576,,2,0.8152394268689725,0.08991005878973013,0,0,0,0,False,,,,md_dqn_not_reached,"{""profile_name"": ""complex_d02"", ""map_seed"": 20370622, ""query_seed"": 20371624, ""md_dqn_source_dir"": ""/home/ubuntu/DQN10/2_experiment"", ""md_dqn_checkpoint_path"": ""/home/ubuntu/DQN10/2_experiment/ugv_dqn/outputs/2026-05-12_train_load_external_demo_smoke/models/realmap_a/mlp-dqn.pt"", ""md_dqn_algo"": ""mlp-dqn"", ""md_dqn_device"": ""cpu"", ""md_dqn_max_steps"": 600, ""md_dqn_rollout_steps"": 341, ""md_dqn_reached"": false}"
complex_s01_q0033,vanilla_ha,Complex,d12_16,True,True,0.6313586235046387,766,13.169813416641455,,,0,0.17873965677618336,0.07339687132399808,0,0,0,0,False,,,,,"{""profile_name"": ""complex_d02"", ""map_seed"": 20370622, ""query_seed"": 20371625, ""evaluation_path_source"": ""trace_poses"", ""planner_path_pose_count"": 29, ""evaluation_path_pose_count"": 134}"
complex_s01_q0033,f_n3p_knn,Complex,d12_16,True,True,0.6453524089884013,766,13.169813416641455,13.169813416641455,0.0,0,0.17873965677618336,0.07339687132399808,0,4,1,0,True,0,0,,,"{""profile_name"": ""complex_d02"", ""map_seed"": 20370622, ""query_seed"": 20371625}"
complex_s01_q0033,n3p_k1,Complex,d12_16,True,True,0.6416274178773165,766,13.169813416641455,13.169813416641455,0.0,0,0.17873965677618336,0.07339687132399808,0,0,1,0,True,0,0,,,"{""profile_name"": ""complex_d02"", ""map_seed"": 20370622, ""query_seed"": 20371625}"
complex_s01_q0033,voronoi_waypoint,Complex,d12_16,True,True,0.4721916690468788,3,13.50766675381791,13.169813416641455,0.025653616075497432,0,0.1450844063313478,0.1615832699303975,0,0,0,0,False,,,,,"{""profile_name"": ""complex_d02"", ""map_seed"": 20370622, ""query_seed"": 20371625, ""waypoint_count"": 2}"
complex_s01_q0033,bottleneck_waypoint,Complex,d12_16,True,True,0.474528914084658,3,13.80730081431882,13.169813416641455,0.04840519584520697,0,0.19124184703672667,0.2399744347778635,0,0,0,0,False,,,,,"{""profile_name"": ""complex_d02"", ""map_seed"": 20370622, ""query_seed"": 20371625, ""waypoint_count"": 2, ""bottleneck_count"": 2}"
complex_s01_q0033,md_dqn,Complex,d12_16,False,False,0.1706894061062485,600,1.1249999999999971,13.169813416641455,,0,0.05805576281254261,0.39450252494833515,0,0,0,0,False,,,,md_dqn_not_reached,"{""profile_name"": ""complex_d02"", ""map_seed"": 20370622, ""query_seed"": 20371625, ""md_dqn_source_dir"": ""/home/ubuntu/DQN10/2_experiment"", ""md_dqn_checkpoint_path"": ""/home/ubuntu/DQN10/2_experiment/ugv_dqn/outputs/2026-05-12_train_load_external_demo_smoke/models/realmap_a/mlp-dqn.pt"", ""md_dqn_algo"": ""mlp-dqn"", ""md_dqn_device"": ""cpu"", ""md_dqn_max_steps"": 600, ""md_dqn_rollout_steps"": 600, ""md_dqn_reached"": false}"
complex_s01_q0034,vanilla_ha,Complex,d16_20,True,True,0.15213799476623535,9,17.906048599583098,,,0,0.07048379069403067,0.07460872118861361,0,0,0,0,False,,,,,"{""profile_name"": ""complex_d02"", ""map_seed"": 20370622, ""query_seed"": 20371626, ""evaluation_path_source"": ""trace_poses"", ""planner_path_pose_count"": 7, ""evaluation_path_pose_count"": 182}"
complex_s01_q0034,f_n3p_knn,Complex,d16_20,True,True,0.1526102910283953,1,17.897200909435664,17.906048599583098,-0.0004941173982762059,0,0.06408526527734959,0.08487996079548454,0,0,0,0,False,1,1,1.0,,"{""profile_name"": ""complex_d02"", ""map_seed"": 20370622, ""query_seed"": 20371626}"
complex_s01_q0034,n3p_k1,Complex,d16_20,True,True,0.1533138700760901,1,17.897200909435664,17.906048599583098,-0.0004941173982762059,0,0.06408526527734959,0.08487996079548454,0,0,0,0,False,1,1,1.0,,"{""profile_name"": ""complex_d02"", ""map_seed"": 20370622, ""query_seed"": 20371626}"
complex_s01_q0034,voronoi_waypoint,Complex,d16_20,True,True,0.6169960910920054,4,19.463016039745362,17.906048599583098,0.08695203922313244,0,0.3273839159080169,0.26522245599887206,0,0,0,0,False,,,,,"{""profile_name"": ""complex_d02"", ""map_seed"": 20370622, ""query_seed"": 20371626, ""waypoint_count"": 3}"
complex_s01_q0034,bottleneck_waypoint,Complex,d16_20,True,True,0.48331892397254705,7,18.568901229581716,17.906048599583098,0.037018364286917516,0,0.2422297977604384,0.231975726439424,0,0,0,0,False,,,,,"{""profile_name"": ""complex_d02"", ""map_seed"": 20370622, ""query_seed"": 20371626, ""waypoint_count"": 2, ""bottleneck_count"": 2}"
complex_s01_q0034,md_dqn,Complex,d16_20,False,False,0.21190451085567474,307,24.210625000000014,17.906048599583098,,1,0.2220277612702494,0.16639177351416956,0,0,0,0,False,,,,md_dqn_not_reached,"{""profile_name"": ""complex_d02"", ""map_seed"": 20370622, ""query_seed"": 20371626, ""md_dqn_source_dir"": ""/home/ubuntu/DQN10/2_experiment"", ""md_dqn_checkpoint_path"": ""/home/ubuntu/DQN10/2_experiment/ugv_dqn/outputs/2026-05-12_train_load_external_demo_smoke/models/realmap_a/mlp-dqn.pt"", ""md_dqn_algo"": ""mlp-dqn"", ""md_dqn_device"": ""cpu"", ""md_dqn_max_steps"": 600, ""md_dqn_rollout_steps"": 307, ""md_dqn_reached"": false}"
complex_s01_q0035,vanilla_ha,Complex,d20_inf,True,True,0.1723191738128662,49,21.33221417471238,,,0,0.10361687258383535,0.1386747246743948,0,0,0,0,False,,,,,"{""profile_name"": ""complex_d02"", ""map_seed"": 20370623, ""query_seed"": 20371623, ""evaluation_path_source"": ""trace_poses"", ""planner_path_pose_count"": 17, ""evaluation_path_pose_count"": 216}"
complex_s01_q0035,f_n3p_knn,Complex,d20_inf,True,True,0.31482014898210764,2,21.095529957103825,21.33221417471238,-0.01109515475843692,0,0.048045564146008815,0.09162785949018148,0,4,0,0,True,0,2,0.0,,"{""profile_name"": ""complex_d02"", ""map_seed"": 20370623, ""query_seed"": 20371623}"
complex_s01_q0035,n3p_k1,Complex,d20_inf,True,True,0.3397766291163862,38,21.627742250711545,21.33221417471238,0.013853605330359509,0,0.19004471984853058,0.15736253103163134,0,0,2,0,True,0,0,,,"{""profile_name"": ""complex_d02"", ""map_seed"": 20370623, ""query_seed"": 20371623}"
complex_s01_q0035,voronoi_waypoint,Complex,d20_inf,True,True,0.76677086786367,5,22.484067490704124,21.33221417471238,0.053995956845266146,2,0.2546395381179659,0.4227590067549618,0,0,0,0,False,,,,,"{""profile_name"": ""complex_d02"", ""map_seed"": 20370623, ""query_seed"": 20371623, ""waypoint_count"": 4}"
complex_s01_q0035,bottleneck_waypoint,Complex,d20_inf,True,True,0.771828155964613,5,21.804697671624545,21.33221417471238,0.022148825857573495,0,0.20666307009628768,0.4992602600343905,0,0,0,0,False,,,,,"{""profile_name"": ""complex_d02"", ""map_seed"": 20370623, ""query_seed"": 20371623, ""waypoint_count"": 4, ""bottleneck_count"": 4}"
complex_s01_q0035,md_dqn,Complex,d20_inf,True,True,0.17956970329396427,445,41.86624999999997,21.33221417471238,0.9625834269763256,0,0.21337556929724721,0.14212164876131583,0,0,0,0,False,,,,,"{""profile_name"": ""complex_d02"", ""map_seed"": 20370623, ""query_seed"": 20371623, ""md_dqn_source_dir"": ""/home/ubuntu/DQN10/2_experiment"", ""md_dqn_checkpoint_path"": ""/home/ubuntu/DQN10/2_experiment/ugv_dqn/outputs/2026-05-12_train_load_external_demo_smoke/models/realmap_a/mlp-dqn.pt"", ""md_dqn_algo"": ""mlp-dqn"", ""md_dqn_device"": ""cpu"", ""md_dqn_max_steps"": 600, ""md_dqn_rollout_steps"": 445, ""md_dqn_reached"": true}"
complex_s01_q0036,vanilla_ha,Complex,d08_12,True,True,0.14482498168945312,1,9.84123975929862,,,0,0.0,0.807064746794826,0,0,0,0,False,,,,,"{""profile_name"": ""complex_d02"", ""map_seed"": 20370623, ""query_seed"": 20371624, ""evaluation_path_source"": ""trace_poses"", ""planner_path_pose_count"": 2, ""evaluation_path_pose_count"": 100}"
complex_s01_q0036,f_n3p_knn,Complex,d08_12,True,True,0.0004478590562939644,0,9.84123975929862,9.84123975929862,0.0,0,0.0,0.807064746794826,0,0,0,0,False,0,0,,,"{""profile_name"": ""complex_d02"", ""map_seed"": 20370623, ""query_seed"": 20371624}"
complex_s01_q0036,n3p_k1,Complex,d08_12,True,True,0.0004300421569496393,0,9.84123975929862,9.84123975929862,0.0,0,0.0,0.807064746794826,0,0,0,0,False,0,0,,,"{""profile_name"": ""complex_d02"", ""map_seed"": 20370623, ""query_seed"": 20371624}"
complex_s01_q0036,voronoi_waypoint,Complex,d08_12,True,True,0.32914815400727093,2,10.01185822970322,9.84123975929862,0.017337091116329084,0,0.07918211915067742,0.8226781586561578,0,0,0,0,False,,,,,"{""profile_name"": ""complex_d02"", ""map_seed"": 20370623, ""query_seed"": 20371624, ""waypoint_count"": 1}"
complex_s01_q0036,bottleneck_waypoint,Complex,d08_12,True,True,0.3308219281025231,2,10.001690896697692,9.84123975929862,0.016303955733571796,0,0.07782154720773217,0.8225632606495337,0,0,0,0,False,,,,,"{""profile_name"": ""complex_d02"", ""map_seed"": 20370623, ""query_seed"": 20371624, ""waypoint_count"": 1, ""bottleneck_count"": 1}"
complex_s01_q0036,md_dqn,Complex,d08_12,False,False,0.16970414435490966,600,1.125000000000006,9.84123975929862,,0,0.8286550898948855,0.39243449693816623,0,0,0,0,False,,,,md_dqn_not_reached,"{""profile_name"": ""complex_d02"", ""map_seed"": 20370623, ""query_seed"": 20371624, ""md_dqn_source_dir"": ""/home/ubuntu/DQN10/2_experiment"", ""md_dqn_checkpoint_path"": ""/home/ubuntu/DQN10/2_experiment/ugv_dqn/outputs/2026-05-12_train_load_external_demo_smoke/models/realmap_a/mlp-dqn.pt"", ""md_dqn_algo"": ""mlp-dqn"", ""md_dqn_device"": ""cpu"", ""md_dqn_max_steps"": 600, ""md_dqn_rollout_steps"": 600, ""md_dqn_reached"": false}"
complex_s01_q0037,vanilla_ha,Complex,d12_16,True,True,1.2743163108825684,1223,14.862996850869015,,,0,0.3004596466067143,0.21793454823507252,0,0,0,0,False,,,,,"{""profile_name"": ""complex_d02"", ""map_seed"": 20370623, ""query_seed"": 20371625, ""evaluation_path_source"": ""trace_poses"", ""planner_path_pose_count"": 47, ""evaluation_path_pose_count"": 151}"
complex_s01_q0037,f_n3p_knn,Complex,d12_16,True,True,0.5576085140928626,101,17.663480496724315,14.862996850869015,0.18841985058292998,2,0.34040758472628235,0.06532642706647096,0,10,1,0,True,0,2,0.0,,"{""profile_name"": ""complex_d02"", ""map_seed"": 20370623, ""query_seed"": 20371625}"
complex_s01_q0037,n3p_k1,Complex,d12_16,True,True,0.32326194015331566,18,18.651285395491342,14.862996850869015,0.25488053201066463,2,0.3056603515690635,0.10735212311311393,0,0,2,0,True,0,0,,,"{""profile_name"": ""complex_d02"", ""map_seed"": 20370623, ""query_seed"": 20371625}"
complex_s01_q0037,voronoi_waypoint,Complex,d12_16,True,True,0.4765877609606832,3,17.148793579380747,14.862996850869015,0.15379110629213955,2,0.2525941245128756,0.24393669535503137,0,0,0,0,False,,,,,"{""profile_name"": ""complex_d02"", ""map_seed"": 20370623, ""query_seed"": 20371625, ""waypoint_count"": 2}"
complex_s01_q0037,bottleneck_waypoint,Complex,d12_16,True,True,0.4783725719898939,3,16.125584972089637,14.862996850869015,0.0849484214986429,0,0.15112621934548734,0.24412108416495149,0,0,0,0,False,,,,,"{""profile_name"": ""complex_d02"", ""map_seed"": 20370623, ""query_seed"": 20371625, ""waypoint_count"": 2, ""bottleneck_count"": 2}"
complex_s01_q0037,md_dqn,Complex,d12_16,False,False,0.2542188160587102,343,27.654999999999966,14.862996850869015,,1,0.3178533748378446,0.15280351840401973,0,0,0,0,False,,,,md_dqn_not_reached,"{""profile_name"": ""complex_d02"", ""map_seed"": 20370623, ""query_seed"": 20371625, ""md_dqn_source_dir"": ""/home/ubuntu/DQN10/2_experiment"", ""md_dqn_checkpoint_path"": ""/home/ubuntu/DQN10/2_experiment/ugv_dqn/outputs/2026-05-12_train_load_external_demo_smoke/models/realmap_a/mlp-dqn.pt"", ""md_dqn_algo"": ""mlp-dqn"", ""md_dqn_device"": ""cpu"", ""md_dqn_max_steps"": 600, ""md_dqn_rollout_steps"": 343, ""md_dqn_reached"": false}"
complex_s01_q0038,vanilla_ha,Complex,d16_20,True,True,0.15073132514953613,1,18.752333188166215,,,0,0.0,0.10110457379443105,0,0,0,0,False,,,,,"{""profile_name"": ""complex_d02"", ""map_seed"": 20370623, ""query_seed"": 20371626, ""evaluation_path_source"": ""trace_poses"", ""planner_path_pose_count"": 2, ""evaluation_path_pose_count"": 189}"
complex_s01_q0038,f_n3p_knn,Complex,d16_20,True,True,0.0009474058169871569,0,18.752333188166215,18.752333188166215,0.0,0,1.7761358229157924e-17,0.10110457379443105,0,0,0,0,False,0,0,,,"{""profile_name"": ""complex_d02"", ""map_seed"": 20370623, ""query_seed"": 20371626}"
complex_s01_q0038,n3p_k1,Complex,d16_20,True,True,0.0008252288680523634,0,18.752333188166215,18.752333188166215,0.0,0,1.7761358229157924e-17,0.10110457379443105,0,0,0,0,False,0,0,,,"{""profile_name"": ""complex_d02"", ""map_seed"": 20370623, ""query_seed"": 20371626}"
complex_s01_q0038,voronoi_waypoint,Complex,d16_20,True,True,0.624384026043117,16,19.15020098714702,18.752333188166215,0.021216975775146807,0,0.1102832286740628,0.10375100087966538,0,0,0,0,False,,,,,"{""profile_name"": ""complex_d02"", ""map_seed"": 20370623, ""query_seed"": 20371626, ""waypoint_count"": 3}"
complex_s01_q0038,bottleneck_waypoint,Complex,d16_20,True,True,0.6185989980585873,4,19.410762083376326,18.752333188166215,0.035111838543142815,0,0.16847230446486203,0.347713416867101,0,0,0,0,False,,,,,"{""profile_name"": ""complex_d02"", ""map_seed"": 20370623, ""query_seed"": 20371626, ""waypoint_count"": 3, ""bottleneck_count"": 3}"
complex_s01_q0038,md_dqn,Complex,d16_20,True,True,0.15886756824329495,346,26.934374999999992,18.752333188166215,0.4363212689179983,0,0.253963970052146,0.09535113147299545,0,0,0,0,False,,,,,"{""profile_name"": ""complex_d02"", ""map_seed"": 20370623, ""query_seed"": 20371626, ""md_dqn_source_dir"": ""/home/ubuntu/DQN10/2_experiment"", ""md_dqn_checkpoint_path"": ""/home/ubuntu/DQN10/2_experiment/ugv_dqn/outputs/2026-05-12_train_load_external_demo_smoke/models/realmap_a/mlp-dqn.pt"", ""md_dqn_algo"": ""mlp-dqn"", ""md_dqn_device"": ""cpu"", ""md_dqn_max_steps"": 600, ""md_dqn_rollout_steps"": 346, ""md_dqn_reached"": true}"
complex_s01_q0039,vanilla_ha,Complex,d20_inf,True,True,0.2261066436767578,177,32.0930173622089,,,0,0.33085894441767194,0.08342463606112849,0,0,0,0,False,,,,,"{""profile_name"": ""complex_d02"", ""map_seed"": 20370623, ""query_seed"": 20371627, ""evaluation_path_source"": ""trace_poses"", ""planner_path_pose_count"": 67, ""evaluation_path_pose_count"": 324}"
complex_s01_q0039,f_n3p_knn,Complex,d20_inf,True,True,0.6167131240945309,4,32.307356789575,32.0930173622089,0.006678693528471502,2,0.06316181473678162,0.13133491177239132,0,7,0,0,True,1,4,0.25,,"{""profile_name"": ""complex_d02"", ""map_seed"": 20370623, ""query_seed"": 20371627}"
complex_s01_q0039,n3p_k1,Complex,d20_inf,True,True,0.33037668000906706,12,31.428184833696967,32.0930173622089,-0.020715799982547023,0,0.07553767122683673,0.09272311345895301,0,0,1,0,True,1,1,1.0,,"{""profile_name"": ""complex_d02"", ""map_seed"": 20370623, ""query_seed"": 20371627}"
complex_s01_q0039,voronoi_waypoint,Complex,d20_inf,True,True,1.0424516240600497,7,32.532045551025796,32.0930173622089,0.013679866366628213,0,0.16688487948402966,0.21875489752631838,0,0,0,0,False,,,,,"{""profile_name"": ""complex_d02"", ""map_seed"": 20370623, ""query_seed"": 20371627, ""waypoint_count"": 6}"
complex_s01_q0039,bottleneck_waypoint,Complex,d20_inf,True,True,0.9020340009592474,6,31.768747167405884,32.0930173622089,-0.010104073142865544,0,0.13299786406123043,0.2218592413114331,0,0,0,0,False,,,,,"{""profile_name"": ""complex_d02"", ""map_seed"": 20370623, ""query_seed"": 20371627, ""waypoint_count"": 5, ""bottleneck_count"": 5}"
complex_s01_q0039,md_dqn,Complex,d20_inf,False,False,0.16953150648623705,600,1.1250000000000089,32.0930173622089,,0,0.838564556423757,1.0790130967403515,0,0,0,0,False,,,,md_dqn_not_reached,"{""profile_name"": ""complex_d02"", ""map_seed"": 20370623, ""query_seed"": 20371627, ""md_dqn_source_dir"": ""/home/ubuntu/DQN10/2_experiment"", ""md_dqn_checkpoint_path"": ""/home/ubuntu/DQN10/2_experiment/ugv_dqn/outputs/2026-05-12_train_load_external_demo_smoke/models/realmap_a/mlp-dqn.pt"", ""md_dqn_algo"": ""mlp-dqn"", ""md_dqn_device"": ""cpu"", ""md_dqn_max_steps"": 600, ""md_dqn_rollout_steps"": 600, ""md_dqn_reached"": false}"
complex_s02_q0040,vanilla_ha,Complex,d08_12,True,True,0.14813876152038574,1,10.960383204979648,,,0,0.0,0.548845023777841,0,0,0,0,False,,,,,"{""profile_name"": ""complex_d02"", ""map_seed"": 20380620, ""query_seed"": 20381620, ""evaluation_path_source"": ""trace_poses"", ""planner_path_pose_count"": 2, ""evaluation_path_pose_count"": 111}"
complex_s02_q0040,f_n3p_knn,Complex,d08_12,True,True,0.0004965479020029306,0,10.960383204979648,10.960383204979648,0.0,0,2.025883591589656e-17,0.548845023777841,0,0,0,0,False,0,0,,,"{""profile_name"": ""complex_d02"", ""map_seed"": 20380620, ""query_seed"": 20381620}"
complex_s02_q0040,n3p_k1,Complex,d08_12,True,True,0.00046928785741329193,0,10.960383204979648,10.960383204979648,0.0,0,2.025883591589656e-17,0.548845023777841,0,0,0,0,False,0,0,,,"{""profile_name"": ""complex_d02"", ""map_seed"": 20380620, ""query_seed"": 20381620}"
complex_s02_q0040,voronoi_waypoint,Complex,d08_12,True,True,0.4730573398992419,3,11.401444142531485,10.960383204979648,0.04024137927508309,0,0.23257012832650822,0.551138373666973,0,0,0,0,False,,,,,"{""profile_name"": ""complex_d02"", ""map_seed"": 20380620, ""query_seed"": 20381620, ""waypoint_count"": 2}"
complex_s02_q0040,bottleneck_waypoint,Complex,d08_12,True,True,0.4787927600555122,3,12.352641698250215,10.960383204979648,0.12702644307527677,3,0.1773848638916968,0.6620314283248632,0,0,0,0,False,,,,,"{""profile_name"": ""complex_d02"", ""map_seed"": 20380620, ""query_seed"": 20381620, ""waypoint_count"": 2, ""bottleneck_count"": 2}"
complex_s02_q0040,md_dqn,Complex,d08_12,False,False,0.2128841222729534,430,3.0956249999999845,10.960383204979648,,1,0.3911786935068551,0.5553570442264899,0,0,0,0,False,,,,md_dqn_not_reached,"{""profile_name"": ""complex_d02"", ""map_seed"": 20380620, ""query_seed"": 20381620, ""md_dqn_source_dir"": ""/home/ubuntu/DQN10/2_experiment"", ""md_dqn_checkpoint_path"": ""/home/ubuntu/DQN10/2_experiment/ugv_dqn/outputs/2026-05-12_train_load_external_demo_smoke/models/realmap_a/mlp-dqn.pt"", ""md_dqn_algo"": ""mlp-dqn"", ""md_dqn_device"": ""cpu"", ""md_dqn_max_steps"": 600, ""md_dqn_rollout_steps"": 430, ""md_dqn_reached"": false}"
complex_s02_q0041,vanilla_ha,Complex,d12_16,True,True,0.15090012550354004,1,15.294770348063416,,,0,0.0,0.278022841177867,0,0,0,0,False,,,,,"{""profile_name"": ""complex_d02"", ""map_seed"": 20380620, ""query_seed"": 20381621, ""evaluation_path_source"": ""trace_poses"", ""planner_path_pose_count"": 2, ""evaluation_path_pose_count"": 154}"
complex_s02_q0041,f_n3p_knn,Complex,d12_16,True,True,0.0006362530402839184,0,15.294770348063418,15.294770348063416,2.220446049250313e-16,0,0.0,0.278022841177869,0,0,0,0,False,0,0,,,"{""profile_name"": ""complex_d02"", ""map_seed"": 20380620, ""query_seed"": 20381621}"
complex_s02_q0041,n3p_k1,Complex,d12_16,True,True,0.0006220750510692596,0,15.294770348063418,15.294770348063416,2.220446049250313e-16,0,0.0,0.278022841177869,0,0,0,0,False,0,0,,,"{""profile_name"": ""complex_d02"", ""map_seed"": 20380620, ""query_seed"": 20381621}"
complex_s02_q0041,voronoi_waypoint,Complex,d12_16,True,True,0.6248268280178308,4,16.970201655794,15.294770348063416,0.10954275674644065,0,0.1850859297695335,0.07749787612123449,0,0,0,0,False,,,,,"{""profile_name"": ""complex_d02"", ""map_seed"": 20380620, ""query_seed"": 20381621, ""waypoint_count"": 3}"
complex_s02_q0041,bottleneck_waypoint,Complex,d12_16,True,True,0.48076861584559083,3,16.490443915534247,15.294770348063416,0.07817532007744221,0,0.17203278072184602,0.10614270589950325,0,0,0,0,False,,,,,"{""profile_name"": ""complex_d02"", ""map_seed"": 20380620, ""query_seed"": 20381621, ""waypoint_count"": 2, ""bottleneck_count"": 2}"
complex_s02_q0041,md_dqn,Complex,d12_16,False,False,0.17081170855090022,600,1.1250000000004086,15.294770348063416,,0,0.0,0.4998626796086696,0,0,0,0,False,,,,md_dqn_not_reached,"{""profile_name"": ""complex_d02"", ""map_seed"": 20380620, ""query_seed"": 20381621, ""md_dqn_source_dir"": ""/home/ubuntu/DQN10/2_experiment"", ""md_dqn_checkpoint_path"": ""/home/ubuntu/DQN10/2_experiment/ugv_dqn/outputs/2026-05-12_train_load_external_demo_smoke/models/realmap_a/mlp-dqn.pt"", ""md_dqn_algo"": ""mlp-dqn"", ""md_dqn_device"": ""cpu"", ""md_dqn_max_steps"": 600, ""md_dqn_rollout_steps"": 600, ""md_dqn_reached"": false}"
complex_s02_q0042,vanilla_ha,Complex,d16_20,True,True,0.33856701850891113,232,19.45810574293445,,,0,0.1773076742793276,0.06816400132655176,0,0,0,0,False,,,,,"{""profile_name"": ""complex_d02"", ""map_seed"": 20380620, ""query_seed"": 20381622, ""evaluation_path_source"": ""trace_poses"", ""planner_path_pose_count"": 55, ""evaluation_path_pose_count"": 198}"
complex_s02_q0042,f_n3p_knn,Complex,d16_20,True,True,0.463621144881472,3,19.43299771993926,19.45810574293445,-0.0012903631693084172,1,0.0644810007642477,0.1390309306672992,0,0,0,0,False,3,3,1.0,,"{""profile_name"": ""complex_d02"", ""map_seed"": 20380620, ""query_seed"": 20381622}"
complex_s02_q0042,n3p_k1,Complex,d16_20,True,True,0.4562983331270516,3,19.43299771993926,19.45810574293445,-0.0012903631693084172,1,0.0644810007642477,0.1390309306672992,0,0,0,0,False,3,3,1.0,,"{""profile_name"": ""complex_d02"", ""map_seed"": 20380620, ""query_seed"": 20381622}"
complex_s02_q0042,voronoi_waypoint,Complex,d16_20,True,True,0.699624682078138,98,19.56569878843923,19.45810574293445,0.005529471723826562,0,0.18663753350932893,0.18235841407751363,0,0,0,0,False,,,,,"{""profile_name"": ""complex_d02"", ""map_seed"": 20380620, ""query_seed"": 20381622, ""waypoint_count"": 3}"
complex_s02_q0042,bottleneck_waypoint,Complex,d16_20,True,True,0.7621412188746035,5,20.787732921422165,19.45810574293445,0.06833281697888416,1,0.23023470722186196,0.3218658151578906,0,0,0,0,False,,,,,"{""profile_name"": ""complex_d02"", ""map_seed"": 20380620, ""query_seed"": 20381622, ""waypoint_count"": 4, ""bottleneck_count"": 4}"
complex_s02_q0042,md_dqn,Complex,d16_20,False,False,0.16956402081996202,600,1.1250000000000084,19.45810574293445,,0,0.838564556423721,0.9370919495925274,0,0,0,0,False,,,,md_dqn_not_reached,"{""profile_name"": ""complex_d02"", ""map_seed"": 20380620, ""query_seed"": 20381622, ""md_dqn_source_dir"": ""/home/ubuntu/DQN10/2_experiment"", ""md_dqn_checkpoint_path"": ""/home/ubuntu/DQN10/2_experiment/ugv_dqn/outputs/2026-05-12_train_load_external_demo_smoke/models/realmap_a/mlp-dqn.pt"", ""md_dqn_algo"": ""mlp-dqn"", ""md_dqn_device"": ""cpu"", ""md_dqn_max_steps"": 600, ""md_dqn_rollout_steps"": 600, ""md_dqn_reached"": false}"
complex_s02_q0043,vanilla_ha,Complex,d20_inf,False,False,2.5003063678741455,3305,,,,0,,,0,0,0,0,False,,,,timeout,"{""profile_name"": ""complex_d02"", ""map_seed"": 20380620, ""query_seed"": 20381623, ""evaluation_path_source"": ""planner_path"", ""planner_path_pose_count"": 0, ""evaluation_path_pose_count"": 0}"
complex_s02_q0043,f_n3p_knn,Complex,d20_inf,True,True,0.46500762389041483,3,24.883812633852383,,,0,0.06617247087644125,0.07097098788441025,0,4,0,0,True,1,3,0.3333333333333333,,"{""profile_name"": ""complex_d02"", ""map_seed"": 20380620, ""query_seed"": 20381623}"
complex_s02_q0043,n3p_k1,Complex,d20_inf,True,True,1.432276131119579,1557,26.336359529927314,,,0,0.21534031516532604,0.09374280681187319,0,0,2,0,True,1,1,1.0,,"{""profile_name"": ""complex_d02"", ""map_seed"": 20380620, ""query_seed"": 20381623}"
complex_s02_q0043,voronoi_waypoint,Complex,d20_inf,True,True,0.9740120421629399,93,27.814692400452646,,,0,0.37883435640016977,0.07183530374506808,0,0,0,0,False,,,,,"{""profile_name"": ""complex_d02"", ""map_seed"": 20380620, ""query_seed"": 20381623, ""waypoint_count"": 5}"
complex_s02_q0043,bottleneck_waypoint,Complex,d20_inf,True,True,0.9073879420757294,6,26.672962202888726,,,0,0.25642543179067473,0.3470191603345607,0,0,0,0,False,,,,,"{""profile_name"": ""complex_d02"", ""map_seed"": 20380620, ""query_seed"": 20381623, ""waypoint_count"": 5, ""bottleneck_count"": 5}"
complex_s02_q0043,md_dqn,Complex,d20_inf,False,False,0.17091806046664715,600,1.125000000000001,,,0,0.8385645564237258,0.8292400979648074,0,0,0,0,False,,,,md_dqn_not_reached,"{""profile_name"": ""complex_d02"", ""map_seed"": 20380620, ""query_seed"": 20381623, ""md_dqn_source_dir"": ""/home/ubuntu/DQN10/2_experiment"", ""md_dqn_checkpoint_path"": ""/home/ubuntu/DQN10/2_experiment/ugv_dqn/outputs/2026-05-12_train_load_external_demo_smoke/models/realmap_a/mlp-dqn.pt"", ""md_dqn_algo"": ""mlp-dqn"", ""md_dqn_device"": ""cpu"", ""md_dqn_max_steps"": 600, ""md_dqn_rollout_steps"": 600, ""md_dqn_reached"": false}"
complex_s02_q0044,vanilla_ha,Complex,d08_12,True,True,0.9129431247711182,1149,11.738389992191113,,,0,0.37707680090464385,0.0772884427755165,0,0,0,0,False,,,,,"{""profile_name"": ""complex_d02"", ""map_seed"": 20380620, ""query_seed"": 20381624, ""evaluation_path_source"": ""trace_poses"", ""planner_path_pose_count"": 36, ""evaluation_path_pose_count"": 120}"
complex_s02_q0044,f_n3p_knn,Complex,d08_12,True,True,1.0407168839592487,1044,11.997456331169248,11.738389992191113,0.0220700061209822,0,0.2980693239804563,0.07994075107385845,0,5,1,0,True,0,1,0.0,,"{""profile_name"": ""complex_d02"", ""map_seed"": 20380620, ""query_seed"": 20381624}"
complex_s02_q0044,n3p_k1,Complex,d08_12,True,True,0.9322444240096956,1149,11.738389992191113,11.738389992191113,0.0,0,0.37707680090464385,0.0772884427755165,0,0,1,0,True,0,0,,,"{""profile_name"": ""complex_d02"", ""map_seed"": 20380620, ""query_seed"": 20381624}"
complex_s02_q0044,voronoi_waypoint,Complex,d08_12,True,True,0.7520739801693708,345,13.471378589622141,11.738389992191113,0.1476342665888497,2,0.47305532160794433,0.06795865097566967,0,0,0,0,False,,,,,"{""profile_name"": ""complex_d02"", ""map_seed"": 20380620, ""query_seed"": 20381624, ""waypoint_count"": 2}"
complex_s02_q0044,bottleneck_waypoint,Complex,d08_12,True,True,0.4791010159533471,3,12.111437057763336,11.738389992191113,0.031780087884317076,0,0.1937719483708201,0.14519341725658952,0,0,0,0,False,,,,,"{""profile_name"": ""complex_d02"", ""map_seed"": 20380620, ""query_seed"": 20381624, ""waypoint_count"": 2, ""bottleneck_count"": 2}"
complex_s02_q0044,md_dqn,Complex,d08_12,False,False,0.14250267180614173,411,1.5037500000000266,11.738389992191113,,1,0.09118163776163386,0.45553063303626673,0,0,0,0,False,,,,md_dqn_not_reached,"{""profile_name"": ""complex_d02"", ""map_seed"": 20380620, ""query_seed"": 20381624, ""md_dqn_source_dir"": ""/home/ubuntu/DQN10/2_experiment"", ""md_dqn_checkpoint_path"": ""/home/ubuntu/DQN10/2_experiment/ugv_dqn/outputs/2026-05-12_train_load_external_demo_smoke/models/realmap_a/mlp-dqn.pt"", ""md_dqn_algo"": ""mlp-dqn"", ""md_dqn_device"": ""cpu"", ""md_dqn_max_steps"": 600, ""md_dqn_rollout_steps"": 411, ""md_dqn_reached"": false}"
complex_s02_q0045,vanilla_ha,Complex,d12_16,True,True,0.1471402645111084,1,13.102671483327361,,,0,0.0,0.1742355434148939,0,0,0,0,False,,,,,"{""profile_name"": ""complex_d02"", ""map_seed"": 20380621, ""query_seed"": 20381621, ""evaluation_path_source"": ""trace_poses"", ""planner_path_pose_count"": 2, ""evaluation_path_pose_count"": 133}"
complex_s02_q0045,f_n3p_knn,Complex,d12_16,True,True,0.0005822370294481516,0,13.102671483327363,13.102671483327361,2.220446049250313e-16,0,0.0,0.17423554341489478,0,0,0,0,False,0,0,,,"{""profile_name"": ""complex_d02"", ""map_seed"": 20380621, ""query_seed"": 20381621}"
complex_s02_q0045,n3p_k1,Complex,d12_16,True,True,0.0005698560271412134,0,13.102671483327363,13.102671483327361,2.220446049250313e-16,0,0.0,0.17423554341489478,0,0,0,0,False,0,0,,,"{""profile_name"": ""complex_d02"", ""map_seed"": 20380621, ""query_seed"": 20381621}"
complex_s02_q0045,voronoi_waypoint,Complex,d12_16,True,True,0.4781542010605335,3,13.2242337708319,13.102671483327361,0.009277671935774334,0,0.1303420894597202,0.17358805461605653,0,0,0,0,False,,,,,"{""profile_name"": ""complex_d02"", ""map_seed"": 20380621, ""query_seed"": 20381621, ""waypoint_count"": 2}"
complex_s02_q0045,bottleneck_waypoint,Complex,d12_16,True,True,0.7680668169632554,5,13.584778270226645,13.102671483327361,0.03679454128974724,0,0.21729063390849576,0.1597196784678987,0,0,0,0,False,,,,,"{""profile_name"": ""complex_d02"", ""map_seed"": 20380621, ""query_seed"": 20381621, ""waypoint_count"": 4, ""bottleneck_count"": 4}"
complex_s02_q0045,md_dqn,Complex,d12_16,False,False,0.16931502614170313,600,1.1249999999999818,13.102671483327361,,0,0.8286550898949276,0.45294926556182635,0,0,0,0,False,,,,md_dqn_not_reached,"{""profile_name"": ""complex_d02"", ""map_seed"": 20380621, ""query_seed"": 20381621, ""md_dqn_source_dir"": ""/home/ubuntu/DQN10/2_experiment"", ""md_dqn_checkpoint_path"": ""/home/ubuntu/DQN10/2_experiment/ugv_dqn/outputs/2026-05-12_train_load_external_demo_smoke/models/realmap_a/mlp-dqn.pt"", ""md_dqn_algo"": ""mlp-dqn"", ""md_dqn_device"": ""cpu"", ""md_dqn_max_steps"": 600, ""md_dqn_rollout_steps"": 600, ""md_dqn_reached"": false}"
complex_s02_q0046,vanilla_ha,Complex,d16_20,True,True,1.809924602508545,2599,18.40294341185395,,,0,0.16131339396670222,0.07709724829470443,0,0,0,0,False,,,,,"{""profile_name"": ""complex_d02"", ""map_seed"": 20380621, ""query_seed"": 20381622, ""evaluation_path_source"": ""trace_poses"", ""planner_path_pose_count"": 41, ""evaluation_path_pose_count"": 186}"
complex_s02_q0046,f_n3p_knn,Complex,d16_20,True,True,0.31391446315683424,2,18.17401458072201,18.40294341185395,-0.01243979433118736,0,0.06846471804612238,0.0900809353246863,0,4,0,0,True,0,2,0.0,,"{""profile_name"": ""complex_d02"", ""map_seed"": 20380621, ""query_seed"": 20381622}"
complex_s02_q0046,n3p_k1,Complex,d16_20,True,True,0.6918789050541818,573,18.41311829630374,18.40294341185395,0.0005528944051000906,0,0.14761997385806708,0.07410965659048252,0,0,2,0,True,0,0,,,"{""profile_name"": ""complex_d02"", ""map_seed"": 20380621, ""query_seed"": 20381622}"
complex_s02_q0046,voronoi_waypoint,Complex,d16_20,True,True,0.630038475850597,10,20.00760497635738,18.40294341185395,0.08719591907617419,0,0.29085644311344516,0.1207173940313283,0,0,0,0,False,,,,,"{""profile_name"": ""complex_d02"", ""map_seed"": 20380621, ""query_seed"": 20381622, ""waypoint_count"": 3}"
complex_s02_q0046,bottleneck_waypoint,Complex,d16_20,True,True,0.4858875470235944,3,19.04824808858889,18.40294341185395,0.03506529701761063,0,0.20808535330238423,0.3260511434896082,0,0,0,0,False,,,,,"{""profile_name"": ""complex_d02"", ""map_seed"": 20380621, ""query_seed"": 20381622, ""waypoint_count"": 2, ""bottleneck_count"": 2}"
complex_s02_q0046,md_dqn,Complex,d16_20,False,False,0.1738900695927441,600,1.1250000000000082,18.40294341185395,,0,0.828655089894884,1.9992940893635205,0,0,0,0,False,,,,md_dqn_not_reached,"{""profile_name"": ""complex_d02"", ""map_seed"": 20380621, ""query_seed"": 20381622, ""md_dqn_source_dir"": ""/home/ubuntu/DQN10/2_experiment"", ""md_dqn_checkpoint_path"": ""/home/ubuntu/DQN10/2_experiment/ugv_dqn/outputs/2026-05-12_train_load_external_demo_smoke/models/realmap_a/mlp-dqn.pt"", ""md_dqn_algo"": ""mlp-dqn"", ""md_dqn_device"": ""cpu"", ""md_dqn_max_steps"": 600, ""md_dqn_rollout_steps"": 600, ""md_dqn_reached"": false}"
complex_s02_q0047,vanilla_ha,Complex,d20_inf,True,True,0.17507386207580566,57,21.32828597257468,,,0,0.11369205560649162,0.15965208879010184,0,0,0,0,False,,,,,"{""profile_name"": ""complex_d02"", ""map_seed"": 20380621, ""query_seed"": 20381623, ""evaluation_path_source"": ""trace_poses"", ""planner_path_pose_count"": 31, ""evaluation_path_pose_count"": 216}"
complex_s02_q0047,f_n3p_knn,Complex,d20_inf,True,True,0.4647580599412322,3,22.50387787908161,21.32828597257468,0.0551189114783337,0,0.09770803853877338,0.09556606065581097,0,4,0,0,True,0,3,0.0,,"{""profile_name"": ""complex_d02"", ""map_seed"": 20380621, ""query_seed"": 20381623}"
complex_s02_q0047,n3p_k1,Complex,d20_inf,True,True,0.325063152005896,32,21.24796790267784,21.32828597257468,-0.0037658004961167446,0,0.12570466888173082,0.1390538165368671,0,0,2,0,True,0,0,,,"{""profile_name"": ""complex_d02"", ""map_seed"": 20380621, ""query_seed"": 20381623}"
complex_s02_q0047,voronoi_waypoint,Complex,d20_inf,True,True,0.7647175509482622,5,23.41965689565621,21.32828597257468,0.09805621163232492,0,0.26099662031695414,0.06672899156391143,0,0,0,0,False,,,,,"{""profile_name"": ""complex_d02"", ""map_seed"": 20380621, ""query_seed"": 20381623, ""waypoint_count"": 4}"
complex_s02_q0047,bottleneck_waypoint,Complex,d20_inf,True,True,0.765444008866325,5,23.128309357642877,21.32828597257468,0.08439606386480314,0,0.20364979695318872,0.5513565784240906,0,0,0,0,False,,,,,"{""profile_name"": ""complex_d02"", ""map_seed"": 20380621, ""query_seed"": 20381623, ""waypoint_count"": 4, ""bottleneck_count"": 4}"
complex_s02_q0047,md_dqn,Complex,d20_inf,False,False,0.17026247060857713,600,1.1250000000000056,21.32828597257468,,0,0.838564556423723,1.1426738352572001,0,0,0,0,False,,,,md_dqn_not_reached,"{""profile_name"": ""complex_d02"", ""map_seed"": 20380621, ""query_seed"": 20381623, ""md_dqn_source_dir"": ""/home/ubuntu/DQN10/2_experiment"", ""md_dqn_checkpoint_path"": ""/home/ubuntu/DQN10/2_experiment/ugv_dqn/outputs/2026-05-12_train_load_external_demo_smoke/models/realmap_a/mlp-dqn.pt"", ""md_dqn_algo"": ""mlp-dqn"", ""md_dqn_device"": ""cpu"", ""md_dqn_max_steps"": 600, ""md_dqn_rollout_steps"": 600, ""md_dqn_reached"": false}"
complex_s02_q0048,vanilla_ha,Complex,d08_12,True,True,0.14670157432556152,1,8.16333265278342,,,0,0.0,0.439940691862187,0,0,0,0,False,,,,,"{""profile_name"": ""complex_d02"", ""map_seed"": 20380621, ""query_seed"": 20381624, ""evaluation_path_source"": ""trace_poses"", ""planner_path_pose_count"": 2, ""evaluation_path_pose_count"": 83}"
complex_s02_q0048,f_n3p_knn,Complex,d08_12,True,True,0.0004016929306089878,0,8.16333265278342,8.16333265278342,0.0,0,0.0,0.439940691862187,0,0,0,0,False,0,0,,,"{""profile_name"": ""complex_d02"", ""map_seed"": 20380621, ""query_seed"": 20381624}"
complex_s02_q0048,n3p_k1,Complex,d08_12,True,True,0.0003817130345851183,0,8.16333265278342,8.16333265278342,0.0,0,0.0,0.439940691862187,0,0,0,0,False,0,0,,,"{""profile_name"": ""complex_d02"", ""map_seed"": 20380621, ""query_seed"": 20381624}"
complex_s02_q0048,voronoi_waypoint,Complex,d08_12,True,True,0.3316529239527881,2,8.193510280373863,8.16333265278342,0.0036967288819416133,0,0.09168277920332918,0.5068194850457144,0,0,0,0,False,,,,,"{""profile_name"": ""complex_d02"", ""map_seed"": 20380621, ""query_seed"": 20381624, ""waypoint_count"": 1}"
complex_s02_q0048,bottleneck_waypoint,Complex,d08_12,True,True,0.33203717204742134,2,8.350492574964465,8.16333265278342,0.022926901321022264,0,0.16336302172523173,0.8646798255962795,0,0,0,0,False,,,,,"{""profile_name"": ""complex_d02"", ""map_seed"": 20380621, ""query_seed"": 20381624, ""waypoint_count"": 1, ""bottleneck_count"": 1}"
complex_s02_q0048,md_dqn,Complex,d08_12,False,False,0.17039765138179064,600,1.1250000000000022,8.16333265278342,,0,0.8385645564237266,1.1700957577776598,0,0,0,0,False,,,,md_dqn_not_reached,"{""profile_name"": ""complex_d02"", ""map_seed"": 20380621, ""query_seed"": 20381624, ""md_dqn_source_dir"": ""/home/ubuntu/DQN10/2_experiment"", ""md_dqn_checkpoint_path"": ""/home/ubuntu/DQN10/2_experiment/ugv_dqn/outputs/2026-05-12_train_load_external_demo_smoke/models/realmap_a/mlp-dqn.pt"", ""md_dqn_algo"": ""mlp-dqn"", ""md_dqn_device"": ""cpu"", ""md_dqn_max_steps"": 600, ""md_dqn_rollout_steps"": 600, ""md_dqn_reached"": false}"
complex_s02_q0049,vanilla_ha,Complex,d12_16,True,True,0.17034912109375,41,15.778103894659132,,,0,0.11788691098166476,0.08319989919426807,0,0,0,0,False,,,,,"{""profile_name"": ""complex_d02"", ""map_seed"": 20380621, ""query_seed"": 20381625, ""evaluation_path_source"": ""trace_poses"", ""planner_path_pose_count"": 20, ""evaluation_path_pose_count"": 161}"
complex_s02_q0049,f_n3p_knn,Complex,d12_16,True,True,0.16030006506480277,1,15.661545448365713,15.778103894659132,-0.007387354467406793,0,0.03843901577283757,0.13438754081205073,0,0,0,0,False,1,1,1.0,,"{""profile_name"": ""complex_d02"", ""map_seed"": 20380621, ""query_seed"": 20381625}"
complex_s02_q0049,n3p_k1,Complex,d12_16,True,True,0.15781526011414826,1,15.661545448365713,15.778103894659132,-0.007387354467406793,0,0.03843901577283757,0.13438754081205073,0,0,0,0,False,1,1,1.0,,"{""profile_name"": ""complex_d02"", ""map_seed"": 20380621, ""query_seed"": 20381625}"
complex_s02_q0049,voronoi_waypoint,Complex,d12_16,True,True,0.6324467600788921,16,18.26107226704588,15.778103894659132,0.15736798217099013,0,0.3540679929028791,0.051433183075807076,0,0,0,0,False,,,,,"{""profile_name"": ""complex_d02"", ""map_seed"": 20380621, ""query_seed"": 20381625, ""waypoint_count"": 3}"
complex_s02_q0049,bottleneck_waypoint,Complex,d12_16,True,True,0.6274447401519865,4,16.23091213950603,15.778103894659132,0.02869852092938574,2,0.14951804024828758,0.05526894639085361,0,0,0,0,False,,,,,"{""profile_name"": ""complex_d02"", ""map_seed"": 20380621, ""query_seed"": 20381625, ""waypoint_count"": 3, ""bottleneck_count"": 3}"
complex_s02_q0049,md_dqn,Complex,d12_16,False,False,0.1703696905169636,600,1.1249999999997058,15.778103894659132,,0,0.0,0.5166936139916833,0,0,0,0,False,,,,md_dqn_not_reached,"{""profile_name"": ""complex_d02"", ""map_seed"": 20380621, ""query_seed"": 20381625, ""md_dqn_source_dir"": ""/home/ubuntu/DQN10/2_experiment"", ""md_dqn_checkpoint_path"": ""/home/ubuntu/DQN10/2_experiment/ugv_dqn/outputs/2026-05-12_train_load_external_demo_smoke/models/realmap_a/mlp-dqn.pt"", ""md_dqn_algo"": ""mlp-dqn"", ""md_dqn_device"": ""cpu"", ""md_dqn_max_steps"": 600, ""md_dqn_rollout_steps"": 600, ""md_dqn_reached"": false}"
complex_s02_q0050,vanilla_ha,Complex,d16_20,True,True,0.39021801948547363,463,18.508559148308496,,,0,0.12718266781517673,0.07893038458665114,0,0,0,0,False,,,,,"{""profile_name"": ""complex_d02"", ""map_seed"": 20380622, ""query_seed"": 20381622, ""evaluation_path_source"": ""trace_poses"", ""planner_path_pose_count"": 37, ""evaluation_path_pose_count"": 188}"
complex_s02_q0050,f_n3p_knn,Complex,d16_20,True,True,0.15702356211841106,1,18.073483248638166,18.508559148308496,-0.023506740648155278,0,0.00994708256788141,0.09076754413707455,0,0,0,0,False,1,1,1.0,,"{""profile_name"": ""complex_d02"", ""map_seed"": 20380622, ""query_seed"": 20381622}"
complex_s02_q0050,n3p_k1,Complex,d16_20,True,True,0.15658580604940653,1,18.073483248638166,18.508559148308496,-0.023506740648155278,0,0.00994708256788141,0.09076754413707455,0,0,0,0,False,1,1,1.0,,"{""profile_name"": ""complex_d02"", ""map_seed"": 20380622, ""query_seed"": 20381622}"
complex_s02_q0050,voronoi_waypoint,Complex,d16_20,True,True,0.6328900498338044,4,19.382184673146636,18.508559148308496,0.047201163409739566,0,0.2504250871487885,0.14551281646657666,0,0,0,0,False,,,,,"{""profile_name"": ""complex_d02"", ""map_seed"": 20380622, ""query_seed"": 20381622, ""waypoint_count"": 3}"
complex_s02_q0050,bottleneck_waypoint,Complex,d16_20,True,True,0.6181946150027215,4,18.55882404638557,18.508559148308496,0.002715765050877561,0,0.17487598682678876,0.37495218475169634,0,0,0,0,False,,,,,"{""profile_name"": ""complex_d02"", ""map_seed"": 20380622, ""query_seed"": 20381622, ""waypoint_count"": 3, ""bottleneck_count"": 3}"
complex_s02_q0050,md_dqn,Complex,d16_20,False,False,0.19300998421385884,600,12.035624999999998,18.508559148308496,,0,0.36142327207885766,0.14886684302332942,0,0,0,0,False,,,,md_dqn_not_reached,"{""profile_name"": ""complex_d02"", ""map_seed"": 20380622, ""query_seed"": 20381622, ""md_dqn_source_dir"": ""/home/ubuntu/DQN10/2_experiment"", ""md_dqn_checkpoint_path"": ""/home/ubuntu/DQN10/2_experiment/ugv_dqn/outputs/2026-05-12_train_load_external_demo_smoke/models/realmap_a/mlp-dqn.pt"", ""md_dqn_algo"": ""mlp-dqn"", ""md_dqn_device"": ""cpu"", ""md_dqn_max_steps"": 600, ""md_dqn_rollout_steps"": 600, ""md_dqn_reached"": false}"
complex_s02_q0051,vanilla_ha,Complex,d20_inf,True,True,0.2387373447418213,161,21.125832668483433,,,0,0.15612038162406824,0.16615870295342694,0,0,0,0,False,,,,,"{""profile_name"": ""complex_d02"", ""map_seed"": 20380622, ""query_seed"": 20381623, ""evaluation_path_source"": ""trace_poses"", ""planner_path_pose_count"": 29, ""evaluation_path_pose_count"": 213}"
complex_s02_q0051,f_n3p_knn,Complex,d20_inf,True,True,0.15702316421084106,1,21.0245244870938,21.125832668483433,-0.0047954645376308,0,0.04313558038053726,0.2249076574930099,0,0,0,0,False,1,1,1.0,,"{""profile_name"": ""complex_d02"", ""map_seed"": 20380622, ""query_seed"": 20381623}"
complex_s02_q0051,n3p_k1,Complex,d20_inf,True,True,0.15701048402115703,1,21.0245244870938,21.125832668483433,-0.0047954645376308,0,0.04313558038053726,0.2249076574930099,0,0,0,0,False,1,1,1.0,,"{""profile_name"": ""complex_d02"", ""map_seed"": 20380622, ""query_seed"": 20381623}"
complex_s02_q0051,voronoi_waypoint,Complex,d20_inf,True,True,0.6250964920036495,4,22.529025662121043,21.125832668483433,0.0664207189206305,0,0.2598703251436179,0.2484155336389372,0,0,0,0,False,,,,,"{""profile_name"": ""complex_d02"", ""map_seed"": 20380622, ""query_seed"": 20381623, ""waypoint_count"": 3}"
complex_s02_q0051,bottleneck_waypoint,Complex,d20_inf,True,True,0.7667179401032627,5,22.493160188903392,21.125832668483433,0.06472301195776331,0,0.21978462639404092,0.2484155336389372,0,0,0,0,False,,,,,"{""profile_name"": ""complex_d02"", ""map_seed"": 20380622, ""query_seed"": 20381623, ""waypoint_count"": 4, ""bottleneck_count"": 4}"
complex_s02_q0051,md_dqn,Complex,d20_inf,False,False,0.17232395405881107,600,1.125000000000014,21.125832668483433,,0,0.7708121600458493,0.2484155336389372,0,0,0,0,False,,,,md_dqn_not_reached,"{""profile_name"": ""complex_d02"", ""map_seed"": 20380622, ""query_seed"": 20381623, ""md_dqn_source_dir"": ""/home/ubuntu/DQN10/2_experiment"", ""md_dqn_checkpoint_path"": ""/home/ubuntu/DQN10/2_experiment/ugv_dqn/outputs/2026-05-12_train_load_external_demo_smoke/models/realmap_a/mlp-dqn.pt"", ""md_dqn_algo"": ""mlp-dqn"", ""md_dqn_device"": ""cpu"", ""md_dqn_max_steps"": 600, ""md_dqn_rollout_steps"": 600, ""md_dqn_reached"": false}"
complex_s02_q0052,vanilla_ha,Complex,d08_12,True,True,0.17089295387268066,37,11.488432253936935,,,0,0.08344896747269784,0.14084751281333263,0,0,0,0,False,,,,,"{""profile_name"": ""complex_d02"", ""map_seed"": 20380622, ""query_seed"": 20381624, ""evaluation_path_source"": ""trace_poses"", ""planner_path_pose_count"": 18, ""evaluation_path_pose_count"": 117}"
complex_s02_q0052,f_n3p_knn,Complex,d08_12,True,True,0.15546695492230356,1,11.463892426724236,11.488432253936935,-0.0021360466485137453,0,0.021631892949795072,0.16812312015456188,0,1,0,0,True,0,1,0.0,,"{""profile_name"": ""complex_d02"", ""map_seed"": 20380622, ""query_seed"": 20381624}"
complex_s02_q0052,n3p_k1,Complex,d08_12,True,True,0.178021582076326,34,11.848534939952316,11.488432253936935,0.03134480650238225,0,0.25010561948347887,0.14084751281333263,0,0,1,0,True,0,0,,,"{""profile_name"": ""complex_d02"", ""map_seed"": 20380622, ""query_seed"": 20381624}"
complex_s02_q0052,voronoi_waypoint,Complex,d08_12,True,True,0.3344101079273969,2,11.657471579772778,11.488432253936935,0.01471387236303845,0,0.11760483780210955,0.27230611945854144,0,0,0,0,False,,,,,"{""profile_name"": ""complex_d02"", ""map_seed"": 20380622, ""query_seed"": 20381624, ""waypoint_count"": 1}"
complex_s02_q0052,bottleneck_waypoint,Complex,d08_12,True,True,0.4781823121011257,3,11.93417206225678,11.488432253936935,0.03879901090656612,0,0.17031590813644457,1.2353325535738562,0,0,0,0,False,,,,,"{""profile_name"": ""complex_d02"", ""map_seed"": 20380622, ""query_seed"": 20381624, ""waypoint_count"": 2, ""bottleneck_count"": 2}"
complex_s02_q0052,md_dqn,Complex,d08_12,False,False,0.17106696357950568,600,1.1250000000000064,11.488432253936935,,0,0.838564556423722,0.8193291150073001,0,0,0,0,False,,,,md_dqn_not_reached,"{""profile_name"": ""complex_d02"", ""map_seed"": 20380622, ""query_seed"": 20381624, ""md_dqn_source_dir"": ""/home/ubuntu/DQN10/2_experiment"", ""md_dqn_checkpoint_path"": ""/home/ubuntu/DQN10/2_experiment/ugv_dqn/outputs/2026-05-12_train_load_external_demo_smoke/models/realmap_a/mlp-dqn.pt"", ""md_dqn_algo"": ""mlp-dqn"", ""md_dqn_device"": ""cpu"", ""md_dqn_max_steps"": 600, ""md_dqn_rollout_steps"": 600, ""md_dqn_reached"": false}"
complex_s02_q0053,vanilla_ha,Complex,d12_16,True,True,1.8978595733642578,2665,13.882976680950854,,,0,0.24172033141550386,0.05653605060311506,0,0,0,0,False,,,,,"{""profile_name"": ""complex_d02"", ""map_seed"": 20380622, ""query_seed"": 20381625, ""evaluation_path_source"": ""trace_poses"", ""planner_path_pose_count"": 34, ""evaluation_path_pose_count"": 141}"
complex_s02_q0053,f_n3p_knn,Complex,d12_16,True,True,1.0111743328161538,635,14.504289936572745,13.882976680950854,0.04475360507335635,0,0.33742941838845575,0.05653605060311506,0,8,2,0,True,1,1,1.0,,"{""profile_name"": ""complex_d02"", ""map_seed"": 20380622, ""query_seed"": 20381625}"
complex_s02_q0053,n3p_k1,Complex,d12_16,True,True,1.0082312889862806,635,14.504289936572745,13.882976680950854,0.04475360507335635,0,0.33742941838845575,0.05653605060311506,0,0,2,0,True,1,1,1.0,,"{""profile_name"": ""complex_d02"", ""map_seed"": 20380622, ""query_seed"": 20381625}"
complex_s02_q0053,voronoi_waypoint,Complex,d12_16,True,True,0.5111004889477044,54,15.838604457251511,13.882976680950854,0.14086516323145726,2,0.380626403048478,0.05653605060311506,0,0,0,0,False,,,,,"{""profile_name"": ""complex_d02"", ""map_seed"": 20380622, ""query_seed"": 20381625, ""waypoint_count"": 2}"
complex_s02_q0053,bottleneck_waypoint,Complex,d12_16,True,True,0.6369385630823672,12,17.044352959660092,13.882976680950854,0.22771602599081175,1,0.29175476062988115,0.08678516968025163,0,0,0,0,False,,,,,"{""profile_name"": ""complex_d02"", ""map_seed"": 20380622, ""query_seed"": 20381625, ""waypoint_count"": 3, ""bottleneck_count"": 3}"
complex_s02_q0053,md_dqn,Complex,d12_16,False,False,0.001463199034333229,1,0.003750000000000246,13.882976680950854,,0,0.08734630124014486,0.3135512008776755,0,0,0,0,False,,,,md_dqn_not_reached,"{""profile_name"": ""complex_d02"", ""map_seed"": 20380622, ""query_seed"": 20381625, ""md_dqn_source_dir"": ""/home/ubuntu/DQN10/2_experiment"", ""md_dqn_checkpoint_path"": ""/home/ubuntu/DQN10/2_experiment/ugv_dqn/outputs/2026-05-12_train_load_external_demo_smoke/models/realmap_a/mlp-dqn.pt"", ""md_dqn_algo"": ""mlp-dqn"", ""md_dqn_device"": ""cpu"", ""md_dqn_max_steps"": 600, ""md_dqn_rollout_steps"": 1, ""md_dqn_reached"": false}"
complex_s02_q0054,vanilla_ha,Complex,d16_20,True,True,0.26064515113830566,211,17.278317745362592,,,0,0.21308322137546531,0.07187953829957194,0,0,0,0,False,,,,,"{""profile_name"": ""complex_d02"", ""map_seed"": 20380622, ""query_seed"": 20381626, ""evaluation_path_source"": ""trace_poses"", ""planner_path_pose_count"": 35, ""evaluation_path_pose_count"": 176}"
complex_s02_q0054,f_n3p_knn,Complex,d16_20,True,True,0.528699564980343,91,17.253049597885887,17.278317745362592,-0.001462419423527872,0,0.19830196158115979,0.06980021893732902,0,9,2,0,True,0,1,0.0,,"{""profile_name"": ""complex_d02"", ""map_seed"": 20380622, ""query_seed"": 20381626}"
complex_s02_q0054,n3p_k1,Complex,d16_20,True,True,0.5005435929633677,57,17.535417334179574,17.278317745362592,0.014879897025043665,0,0.20059451163122938,0.0759963249340021,0,0,2,0,True,1,1,1.0,,"{""profile_name"": ""complex_d02"", ""map_seed"": 20380622, ""query_seed"": 20381626}"
complex_s02_q0054,voronoi_waypoint,Complex,d16_20,True,True,0.6100931651890278,4,18.921719392898332,17.278317745362592,0.09511352156819886,0,0.21862593129059016,0.5112430699836804,0,0,0,0,False,,,,,"{""profile_name"": ""complex_d02"", ""map_seed"": 20380622, ""query_seed"": 20381626, ""waypoint_count"": 3}"
complex_s02_q0054,bottleneck_waypoint,Complex,d16_20,True,True,0.6164694270119071,4,18.290476587993016,17.278317745362592,0.058579709989537765,0,0.20075397086063293,0.7027508906865996,0,0,0,0,False,,,,,"{""profile_name"": ""complex_d02"", ""map_seed"": 20380622, ""query_seed"": 20381626, ""waypoint_count"": 3, ""bottleneck_count"": 3}"
complex_s02_q0054,md_dqn,Complex,d16_20,False,False,0.17187766102142632,600,1.3874999999999695,17.278317745362592,,0,0.8325436830887016,0.7045620622602788,0,0,0,0,False,,,,md_dqn_not_reached,"{""profile_name"": ""complex_d02"", ""map_seed"": 20380622, ""query_seed"": 20381626, ""md_dqn_source_dir"": ""/home/ubuntu/DQN10/2_experiment"", ""md_dqn_checkpoint_path"": ""/home/ubuntu/DQN10/2_experiment/ugv_dqn/outputs/2026-05-12_train_load_external_demo_smoke/models/realmap_a/mlp-dqn.pt"", ""md_dqn_algo"": ""mlp-dqn"", ""md_dqn_device"": ""cpu"", ""md_dqn_max_steps"": 600, ""md_dqn_rollout_steps"": 600, ""md_dqn_reached"": false}"
complex_s02_q0055,vanilla_ha,Complex,d20_inf,False,False,2.500154733657837,4318,,,,0,,,0,0,0,0,False,,,,timeout,"{""profile_name"": ""complex_d02"", ""map_seed"": 20380623, ""query_seed"": 20381623, ""evaluation_path_source"": ""planner_path"", ""planner_path_pose_count"": 0, ""evaluation_path_pose_count"": 0}"
complex_s02_q0055,f_n3p_knn,Complex,d20_inf,False,False,3.51734357397072,6130,,,,0,,,0,4,1,1,True,0,0,,f2_failed:prediction:goal_in_collision;goal:timeout;f3_failed:timeout,"{""profile_name"": ""complex_d02"", ""map_seed"": 20380623, ""query_seed"": 20381623}"
complex_s02_q0055,n3p_k1,Complex,d20_inf,False,False,3.5136119730304927,6252,,,,0,,,0,0,1,1,True,0,0,,f2_failed:prediction:goal_in_collision;goal:timeout;f3_failed:timeout,"{""profile_name"": ""complex_d02"", ""map_seed"": 20380623, ""query_seed"": 20381623}"
complex_s02_q0055,voronoi_waypoint,Complex,d20_inf,True,True,0.7606609128415585,5,22.478582566490676,,,0,0.25162127506006965,0.18365506875235205,0,0,0,0,False,,,,,"{""profile_name"": ""complex_d02"", ""map_seed"": 20380623, ""query_seed"": 20381623, ""waypoint_count"": 4}"
complex_s02_q0055,bottleneck_waypoint,Complex,d20_inf,True,True,0.76417515007779,5,22.512178253518258,,,0,0.22343515904490174,0.18365506875235205,0,0,0,0,False,,,,,"{""profile_name"": ""complex_d02"", ""map_seed"": 20380623, ""query_seed"": 20381623, ""waypoint_count"": 4, ""bottleneck_count"": 4}"
complex_s02_q0055,md_dqn,Complex,d20_inf,False,False,0.1686691918876022,600,1.1250000000000022,,,0,0.8385645564237244,0.1961635327885023,0,0,0,0,False,,,,md_dqn_not_reached,"{""profile_name"": ""complex_d02"", ""map_seed"": 20380623, ""query_seed"": 20381623, ""md_dqn_source_dir"": ""/home/ubuntu/DQN10/2_experiment"", ""md_dqn_checkpoint_path"": ""/home/ubuntu/DQN10/2_experiment/ugv_dqn/outputs/2026-05-12_train_load_external_demo_smoke/models/realmap_a/mlp-dqn.pt"", ""md_dqn_algo"": ""mlp-dqn"", ""md_dqn_device"": ""cpu"", ""md_dqn_max_steps"": 600, ""md_dqn_rollout_steps"": 600, ""md_dqn_reached"": false}"
complex_s02_q0056,vanilla_ha,Complex,d08_12,True,True,0.15392184257507324,9,11.859947175942063,,,0,0.054229971909255555,0.07620076499526462,0,0,0,0,False,,,,,"{""profile_name"": ""complex_d02"", ""map_seed"": 20380623, ""query_seed"": 20381624, ""evaluation_path_source"": ""trace_poses"", ""planner_path_pose_count"": 7, ""evaluation_path_pose_count"": 121}"
complex_s02_q0056,f_n3p_knn,Complex,d08_12,True,True,0.15765915880911052,1,11.88537669748316,11.859947175942063,0.0021441513325355377,0,0.033151197961737704,0.11809113055509268,0,0,0,0,False,1,1,1.0,,"{""profile_name"": ""complex_d02"", ""map_seed"": 20380623, ""query_seed"": 20381624}"
complex_s02_q0056,n3p_k1,Complex,d08_12,True,True,0.15650239796377718,1,11.88537669748316,11.859947175942063,0.0021441513325355377,0,0.033151197961737704,0.11809113055509268,0,0,0,0,False,1,1,1.0,,"{""profile_name"": ""complex_d02"", ""map_seed"": 20380623, ""query_seed"": 20381624}"
complex_s02_q0056,voronoi_waypoint,Complex,d08_12,True,True,0.4777607580181211,3,12.569143474066449,11.859947175942063,0.05979759332849244,0,0.21707877531238842,0.13409152467568908,0,0,0,0,False,,,,,"{""profile_name"": ""complex_d02"", ""map_seed"": 20380623, ""query_seed"": 20381624, ""waypoint_count"": 2}"
complex_s02_q0056,bottleneck_waypoint,Complex,d08_12,True,True,0.47624537302181125,3,13.154651478257016,11.859947175942063,0.10916611036356594,3,0.15134377342828245,0.18861516841946435,0,0,0,0,False,,,,,"{""profile_name"": ""complex_d02"", ""map_seed"": 20380623, ""query_seed"": 20381624, ""waypoint_count"": 2, ""bottleneck_count"": 2}"
complex_s02_q0056,md_dqn,Complex,d08_12,False,False,0.4424685728736222,600,21.553125000000016,11.859947175942063,,0,0.3609984455784974,0.0789269303387009,0,0,0,0,False,,,,md_dqn_not_reached,"{""profile_name"": ""complex_d02"", ""map_seed"": 20380623, ""query_seed"": 20381624, ""md_dqn_source_dir"": ""/home/ubuntu/DQN10/2_experiment"", ""md_dqn_checkpoint_path"": ""/home/ubuntu/DQN10/2_experiment/ugv_dqn/outputs/2026-05-12_train_load_external_demo_smoke/models/realmap_a/mlp-dqn.pt"", ""md_dqn_algo"": ""mlp-dqn"", ""md_dqn_device"": ""cpu"", ""md_dqn_max_steps"": 600, ""md_dqn_rollout_steps"": 600, ""md_dqn_reached"": false}"
complex_s02_q0057,vanilla_ha,Complex,d12_16,True,True,0.14708304405212402,1,14.920120642943873,,,0,0.0,0.3666630629672558,0,0,0,0,False,,,,,"{""profile_name"": ""complex_d02"", ""map_seed"": 20380623, ""query_seed"": 20381625, ""evaluation_path_source"": ""trace_poses"", ""planner_path_pose_count"": 2, ""evaluation_path_pose_count"": 151}"
complex_s02_q0057,f_n3p_knn,Complex,d12_16,True,True,0.0006156719755381346,0,14.920120642943873,14.920120642943873,0.0,0,2.9764451674195064e-17,0.3666630629672558,0,0,0,0,False,0,0,,,"{""profile_name"": ""complex_d02"", ""map_seed"": 20380623, ""query_seed"": 20381625}"
complex_s02_q0057,n3p_k1,Complex,d12_16,True,True,0.000617676880210638,0,14.920120642943873,14.920120642943873,0.0,0,2.9764451674195064e-17,0.3666630629672558,0,0,0,0,False,0,0,,,"{""profile_name"": ""complex_d02"", ""map_seed"": 20380623, ""query_seed"": 20381625}"
complex_s02_q0057,voronoi_waypoint,Complex,d12_16,True,True,0.47507914900779724,3,15.856922194714125,14.920120642943873,0.06278780005799023,0,0.1374955250625764,0.3161656557787458,0,0,0,0,False,,,,,"{""profile_name"": ""complex_d02"", ""map_seed"": 20380623, ""query_seed"": 20381625, ""waypoint_count"": 2}"
complex_s02_q0057,bottleneck_waypoint,Complex,d12_16,True,True,0.480189825873822,3,15.936700861546623,14.920120642943873,0.06813485245399264,0,0.1971294235163877,0.366375114617722,0,0,0,0,False,,,,,"{""profile_name"": ""complex_d02"", ""map_seed"": 20380623, ""query_seed"": 20381625, ""waypoint_count"": 2, ""bottleneck_count"": 2}"
complex_s02_q0057,md_dqn,Complex,d12_16,False,False,0.16929259966127574,600,1.125000000000022,14.920120642943873,,0,0.8385645564237095,1.8704626122408912,0,0,0,0,False,,,,md_dqn_not_reached,"{""profile_name"": ""complex_d02"", ""map_seed"": 20380623, ""query_seed"": 20381625, ""md_dqn_source_dir"": ""/home/ubuntu/DQN10/2_experiment"", ""md_dqn_checkpoint_path"": ""/home/ubuntu/DQN10/2_experiment/ugv_dqn/outputs/2026-05-12_train_load_external_demo_smoke/models/realmap_a/mlp-dqn.pt"", ""md_dqn_algo"": ""mlp-dqn"", ""md_dqn_device"": ""cpu"", ""md_dqn_max_steps"": 600, ""md_dqn_rollout_steps"": 600, ""md_dqn_reached"": false}"
complex_s02_q0058,vanilla_ha,Complex,d16_20,True,True,0.212113618850708,120,19.290030075966865,,,0,0.13933316454227343,0.09159874834081794,0,0,0,0,False,,,,,"{""profile_name"": ""complex_d02"", ""map_seed"": 20380623, ""query_seed"": 20381626, ""evaluation_path_source"": ""trace_poses"", ""planner_path_pose_count"": 38, ""evaluation_path_pose_count"": 196}"
complex_s02_q0058,f_n3p_knn,Complex,d16_20,True,True,0.3151992710772902,2,19.720820368373502,19.290030075966865,0.022332276865827838,0,0.07722953670180296,0.1944975967222341,0,1,0,0,True,1,2,0.5,,"{""profile_name"": ""complex_d02"", ""map_seed"": 20380623, ""query_seed"": 20381626}"
complex_s02_q0058,n3p_k1,Complex,d16_20,True,True,0.328239165013656,26,19.249251694077074,19.290030075966865,-0.0021139615505626486,0,0.11756059313239935,0.0734765198144317,0,0,1,0,True,1,1,1.0,,"{""profile_name"": ""complex_d02"", ""map_seed"": 20380623, ""query_seed"": 20381626}"
complex_s02_q0058,voronoi_waypoint,Complex,d16_20,True,True,0.6226275621447712,13,19.362179544736247,19.290030075966865,0.0037402465670217655,0,0.11109214858513798,0.10533204271223451,0,0,0,0,False,,,,,"{""profile_name"": ""complex_d02"", ""map_seed"": 20380623, ""query_seed"": 20381626, ""waypoint_count"": 3}"
complex_s02_q0058,bottleneck_waypoint,Complex,d16_20,True,True,0.4749820129945874,3,19.391411958207396,19.290030075966865,0.005255662217283907,0,0.07924870704836359,0.2908595394097524,0,0,0,0,False,,,,,"{""profile_name"": ""complex_d02"", ""map_seed"": 20380623, ""query_seed"": 20381626, ""waypoint_count"": 2, ""bottleneck_count"": 2}"
complex_s02_q0058,md_dqn,Complex,d16_20,False,False,0.19083273084834218,600,4.544999999999995,19.290030075966865,,0,0.3194550134033435,0.15327883932222786,0,0,0,0,False,,,,md_dqn_not_reached,"{""profile_name"": ""complex_d02"", ""map_seed"": 20380623, ""query_seed"": 20381626, ""md_dqn_source_dir"": ""/home/ubuntu/DQN10/2_experiment"", ""md_dqn_checkpoint_path"": ""/home/ubuntu/DQN10/2_experiment/ugv_dqn/outputs/2026-05-12_train_load_external_demo_smoke/models/realmap_a/mlp-dqn.pt"", ""md_dqn_algo"": ""mlp-dqn"", ""md_dqn_device"": ""cpu"", ""md_dqn_max_steps"": 600, ""md_dqn_rollout_steps"": 600, ""md_dqn_reached"": false}"
complex_s02_q0059,vanilla_ha,Complex,d20_inf,False,False,2.5011532306671143,5761,,,,0,,,0,0,0,0,False,,,,timeout,"{""profile_name"": ""complex_d02"", ""map_seed"": 20380623, ""query_seed"": 20381627, ""evaluation_path_source"": ""planner_path"", ""planner_path_pose_count"": 0, ""evaluation_path_pose_count"": 0}"
complex_s02_q0059,f_n3p_knn,Complex,d20_inf,True,True,0.9013185750227422,205,32.04247052939349,,,0,0.12240518048598478,0.10055793902501953,0,6,1,0,True,2,4,0.5,,"{""profile_name"": ""complex_d02"", ""map_seed"": 20380623, ""query_seed"": 20381627}"
complex_s02_q0059,n3p_k1,Complex,d20_inf,True,True,1.2376019009388983,979,31.563889249037988,,,0,0.1252904234825474,0.07375307760941341,0,0,2,0,True,1,1,1.0,,"{""profile_name"": ""complex_d02"", ""map_seed"": 20380623, ""query_seed"": 20381627}"
complex_s02_q0059,voronoi_waypoint,Complex,d20_inf,True,True,1.0443717581219971,7,33.2616844164564,,,0,0.14867214117555383,0.3791389048548931,0,0,0,0,False,,,,,"{""profile_name"": ""complex_d02"", ""map_seed"": 20380623, ""query_seed"": 20381627, ""waypoint_count"": 6}"
complex_s02_q0059,bottleneck_waypoint,Complex,d20_inf,True,True,1.0513375881128013,7,32.74164731872763,,,0,0.13587620425940045,0.27045690304826997,0,0,0,0,False,,,,,"{""profile_name"": ""complex_d02"", ""map_seed"": 20380623, ""query_seed"": 20381627, ""waypoint_count"": 6, ""bottleneck_count"": 6}"
complex_s02_q0059,md_dqn,Complex,d20_inf,False,False,0.16765304515138268,600,1.1250000000000646,,,0,0.8385645564236777,1.0830038441499878,0,0,0,0,False,,,,md_dqn_not_reached,"{""profile_name"": ""complex_d02"", ""map_seed"": 20380623, ""query_seed"": 20381627, ""md_dqn_source_dir"": ""/home/ubuntu/DQN10/2_experiment"", ""md_dqn_checkpoint_path"": ""/home/ubuntu/DQN10/2_experiment/ugv_dqn/outputs/2026-05-12_train_load_external_demo_smoke/models/realmap_a/mlp-dqn.pt"", ""md_dqn_algo"": ""mlp-dqn"", ""md_dqn_device"": ""cpu"", ""md_dqn_max_steps"": 600, ""md_dqn_rollout_steps"": 600, ""md_dqn_reached"": false}"
complex_s03_q0060,vanilla_ha,Complex,d08_12,True,True,0.14922738075256348,1,10.071742649611338,,,0,0.0,0.0913242914187048,0,0,0,0,False,,,,,"{""profile_name"": ""complex_d02"", ""map_seed"": 20390620, ""query_seed"": 20391620, ""evaluation_path_source"": ""trace_poses"", ""planner_path_pose_count"": 2, ""evaluation_path_pose_count"": 102}"
complex_s03_q0060,f_n3p_knn,Complex,d08_12,True,True,0.0004754969850182533,0,10.07174264961134,10.071742649611338,2.220446049250313e-16,0,4.4092589068208624e-17,0.0913242914187048,0,0,0,0,False,0,0,,,"{""profile_name"": ""complex_d02"", ""map_seed"": 20390620, ""query_seed"": 20391620}"
complex_s03_q0060,n3p_k1,Complex,d08_12,True,True,0.000452820910140872,0,10.07174264961134,10.071742649611338,2.220446049250313e-16,0,4.4092589068208624e-17,0.0913242914187048,0,0,0,0,False,0,0,,,"{""profile_name"": ""complex_d02"", ""map_seed"": 20390620, ""query_seed"": 20391620}"
complex_s03_q0060,voronoi_waypoint,Complex,d08_12,True,True,0.3364968369714916,2,10.830805781511364,10.071742649611338,0.07536562026128801,0,0.2527364979961053,0.0913242914187048,0,0,0,0,False,,,,,"{""profile_name"": ""complex_d02"", ""map_seed"": 20390620, ""query_seed"": 20391620, ""waypoint_count"": 1}"
complex_s03_q0060,bottleneck_waypoint,Complex,d08_12,True,True,0.3373302570544183,2,10.432545839294342,10.071742649611338,0.03582331302884589,0,0.15714860318144885,0.0913242914187048,0,0,0,0,False,,,,,"{""profile_name"": ""complex_d02"", ""map_seed"": 20390620, ""query_seed"": 20391620, ""waypoint_count"": 1, ""bottleneck_count"": 1}"
complex_s03_q0060,md_dqn,Complex,d08_12,False,False,0.16767528234049678,600,1.1250000000000162,10.071742649611338,,0,0.8286550898948782,0.0913242914187048,0,0,0,0,False,,,,md_dqn_not_reached,"{""profile_name"": ""complex_d02"", ""map_seed"": 20390620, ""query_seed"": 20391620, ""md_dqn_source_dir"": ""/home/ubuntu/DQN10/2_experiment"", ""md_dqn_checkpoint_path"": ""/home/ubuntu/DQN10/2_experiment/ugv_dqn/outputs/2026-05-12_train_load_external_demo_smoke/models/realmap_a/mlp-dqn.pt"", ""md_dqn_algo"": ""mlp-dqn"", ""md_dqn_device"": ""cpu"", ""md_dqn_max_steps"": 600, ""md_dqn_rollout_steps"": 600, ""md_dqn_reached"": false}"
complex_s03_q0061,vanilla_ha,Complex,d12_16,True,True,0.16443467140197754,25,13.617913773650542,,,0,0.09475791721482868,0.27698941003714694,0,0,0,0,False,,,,,"{""profile_name"": ""complex_d02"", ""map_seed"": 20390620, ""query_seed"": 20391621, ""evaluation_path_source"": ""trace_poses"", ""planner_path_pose_count"": 11, ""evaluation_path_pose_count"": 138}"
complex_s03_q0061,f_n3p_knn,Complex,d12_16,True,True,0.27654229709878564,201,13.799149353750444,13.617913773650542,0.013308615630286624,0,0.12201133062975003,0.06325305432933492,0,4,1,0,True,0,0,,,"{""profile_name"": ""complex_d02"", ""map_seed"": 20390620, ""query_seed"": 20391621}"
complex_s03_q0061,n3p_k1,Complex,d12_16,True,True,0.27558687096461654,201,13.799149353750444,13.617913773650542,0.013308615630286624,0,0.12201133062975003,0.06325305432933492,0,0,1,0,True,0,0,,,"{""profile_name"": ""complex_d02"", ""map_seed"": 20390620, ""query_seed"": 20391621}"
complex_s03_q0061,voronoi_waypoint,Complex,d12_16,True,True,0.4804152899887413,3,14.644754181557378,13.617913773650542,0.07540365029287233,0,0.2379159582164316,0.6335738547603293,0,0,0,0,False,,,,,"{""profile_name"": ""complex_d02"", ""map_seed"": 20390620, ""query_seed"": 20391621, ""waypoint_count"": 2}"
complex_s03_q0061,bottleneck_waypoint,Complex,d12_16,True,True,0.6262838719412684,4,15.430658960725596,13.617913773650542,0.13311474996871797,0,0.30956344330928837,0.6335738547603351,0,0,0,0,False,,,,,"{""profile_name"": ""complex_d02"", ""map_seed"": 20390620, ""query_seed"": 20391621, ""waypoint_count"": 3, ""bottleneck_count"": 3}"
complex_s03_q0061,md_dqn,Complex,d12_16,False,False,0.2737028314732015,504,1.8375000000000028,13.617913773650542,,1,0.14575471903095713,0.39581162719044105,0,0,0,0,False,,,,md_dqn_not_reached,"{""profile_name"": ""complex_d02"", ""map_seed"": 20390620, ""query_seed"": 20391621, ""md_dqn_source_dir"": ""/home/ubuntu/DQN10/2_experiment"", ""md_dqn_checkpoint_path"": ""/home/ubuntu/DQN10/2_experiment/ugv_dqn/outputs/2026-05-12_train_load_external_demo_smoke/models/realmap_a/mlp-dqn.pt"", ""md_dqn_algo"": ""mlp-dqn"", ""md_dqn_device"": ""cpu"", ""md_dqn_max_steps"": 600, ""md_dqn_rollout_steps"": 504, ""md_dqn_reached"": false}"
complex_s03_q0062,vanilla_ha,Complex,d16_20,False,False,2.5530221462249756,4385,,,,0,,,0,0,0,0,False,,,,timeout,"{""profile_name"": ""complex_d02"", ""map_seed"": 20390620, ""query_seed"": 20391622, ""evaluation_path_source"": ""planner_path"", ""planner_path_pose_count"": 0, ""evaluation_path_pose_count"": 0}"
complex_s03_q0062,f_n3p_knn,Complex,d16_20,False,False,3.5128978739958256,6330,,,,0,,,0,4,1,1,True,0,0,,f2_failed:prediction:goal_in_collision;goal:timeout;f3_failed:timeout,"{""profile_name"": ""complex_d02"", ""map_seed"": 20390620, ""query_seed"": 20391622}"
complex_s03_q0062,n3p_k1,Complex,d16_20,False,False,3.5136883000377566,6385,,,,0,,,0,0,1,1,True,0,0,,f2_failed:prediction:goal_in_collision;goal:timeout;f3_failed:timeout,"{""profile_name"": ""complex_d02"", ""map_seed"": 20390620, ""query_seed"": 20391622}"
complex_s03_q0062,voronoi_waypoint,Complex,d16_20,True,True,0.7624692269600928,5,22.322769401832492,,,0,0.24851576877338888,0.3044122670099896,0,0,0,0,False,,,,,"{""profile_name"": ""complex_d02"", ""map_seed"": 20390620, ""query_seed"": 20391622, ""waypoint_count"": 4}"
complex_s03_q0062,bottleneck_waypoint,Complex,d16_20,True,True,0.7640183670446277,5,22.327726765770624,,,0,0.3060084705213429,0.35305996223,0,0,0,0,False,,,,,"{""profile_name"": ""complex_d02"", ""map_seed"": 20390620, ""query_seed"": 20391622, ""waypoint_count"": 4, ""bottleneck_count"": 4}"
complex_s03_q0062,md_dqn,Complex,d16_20,False,False,0.2296764967031777,411,0.832499999999994,,,2,0.8034802085080807,0.37416162992865676,0,0,0,0,False,,,,md_dqn_not_reached,"{""profile_name"": ""complex_d02"", ""map_seed"": 20390620, ""query_seed"": 20391622, ""md_dqn_source_dir"": ""/home/ubuntu/DQN10/2_experiment"", ""md_dqn_checkpoint_path"": ""/home/ubuntu/DQN10/2_experiment/ugv_dqn/outputs/2026-05-12_train_load_external_demo_smoke/models/realmap_a/mlp-dqn.pt"", ""md_dqn_algo"": ""mlp-dqn"", ""md_dqn_device"": ""cpu"", ""md_dqn_max_steps"": 600, ""md_dqn_rollout_steps"": 411, ""md_dqn_reached"": false}"
complex_s03_q0063,vanilla_ha,Complex,d20_inf,True,True,1.9273338317871094,3553,20.408154521787523,,,0,0.08368889298492709,0.07687301308893857,0,0,0,0,False,,,,,"{""profile_name"": ""complex_d02"", ""map_seed"": 20390620, ""query_seed"": 20391623, ""evaluation_path_source"": ""trace_poses"", ""planner_path_pose_count"": 62, ""evaluation_path_pose_count"": 206}"
complex_s03_q0063,f_n3p_knn,Complex,d20_inf,True,True,0.46724353008903563,3,20.58958413269826,20.408154521787523,0.008890054743413645,0,0.09695426182696798,0.19272929894463808,0,7,0,0,True,0,3,0.0,,"{""profile_name"": ""complex_d02"", ""map_seed"": 20390620, ""query_seed"": 20391623}"
complex_s03_q0063,n3p_k1,Complex,d20_inf,True,True,1.7631133901886642,1233,20.27543938337294,20.408154521787523,-0.006503044568429539,0,0.14977917691715736,0.08511407463643994,0,0,2,0,True,1,1,1.0,,"{""profile_name"": ""complex_d02"", ""map_seed"": 20390620, ""query_seed"": 20391623}"
complex_s03_q0063,voronoi_waypoint,Complex,d20_inf,True,True,0.7632282860577106,5,24.18685775470446,20.408154521787523,0.18515653773999174,0,0.24600499086234226,0.3850858615495045,0,0,0,0,False,,,,,"{""profile_name"": ""complex_d02"", ""map_seed"": 20390620, ""query_seed"": 20391623, ""waypoint_count"": 4}"
complex_s03_q0063,bottleneck_waypoint,Complex,d20_inf,True,True,0.8310133970808238,65,23.199053030388477,20.408154521787523,0.1367540855113294,0,0.13959032920340605,0.15587259424868527,0,0,0,0,False,,,,,"{""profile_name"": ""complex_d02"", ""map_seed"": 20390620, ""query_seed"": 20391623, ""waypoint_count"": 4, ""bottleneck_count"": 4}"
complex_s03_q0063,md_dqn,Complex,d20_inf,False,False,0.17025255342014134,600,1.1250000000000213,20.408154521787523,,0,0.8286550898948738,1.7357542911333481,0,0,0,0,False,,,,md_dqn_not_reached,"{""profile_name"": ""complex_d02"", ""map_seed"": 20390620, ""query_seed"": 20391623, ""md_dqn_source_dir"": ""/home/ubuntu/DQN10/2_experiment"", ""md_dqn_checkpoint_path"": ""/home/ubuntu/DQN10/2_experiment/ugv_dqn/outputs/2026-05-12_train_load_external_demo_smoke/models/realmap_a/mlp-dqn.pt"", ""md_dqn_algo"": ""mlp-dqn"", ""md_dqn_device"": ""cpu"", ""md_dqn_max_steps"": 600, ""md_dqn_rollout_steps"": 600, ""md_dqn_reached"": false}"
complex_s03_q0064,vanilla_ha,Complex,d08_12,True,True,0.14476370811462402,1,9.14439719172347,,,0,0.0,0.35334599027692215,0,0,0,0,False,,,,,"{""profile_name"": ""complex_d02"", ""map_seed"": 20390620, ""query_seed"": 20391624, ""evaluation_path_source"": ""trace_poses"", ""planner_path_pose_count"": 2, ""evaluation_path_pose_count"": 93}"
complex_s03_q0064,f_n3p_knn,Complex,d08_12,True,True,0.00042635598219931126,0,9.14439719172347,9.14439719172347,0.0,0,4.8564077056058375e-17,0.35334599027692215,0,0,0,0,False,0,0,,,"{""profile_name"": ""complex_d02"", ""map_seed"": 20390620, ""query_seed"": 20391624}"
complex_s03_q0064,n3p_k1,Complex,d08_12,True,True,0.00039943004958331585,0,9.14439719172347,9.14439719172347,0.0,0,4.8564077056058375e-17,0.35334599027692215,0,0,0,0,False,0,0,,,"{""profile_name"": ""complex_d02"", ""map_seed"": 20390620, ""query_seed"": 20391624}"
complex_s03_q0064,voronoi_waypoint,Complex,d08_12,True,True,0.3285136609338224,2,9.777468089668846,9.14439719172347,0.06923046808578737,0,0.2751284852617127,0.4051991152991795,0,0,0,0,False,,,,,"{""profile_name"": ""complex_d02"", ""map_seed"": 20390620, ""query_seed"": 20391624, ""waypoint_count"": 1}"
complex_s03_q0064,bottleneck_waypoint,Complex,d08_12,True,True,0.3313705420587212,2,9.370696368319434,9.14439719172347,0.024747303933908782,0,0.19879815343208893,0.40519911529918395,0,0,0,0,False,,,,,"{""profile_name"": ""complex_d02"", ""map_seed"": 20390620, ""query_seed"": 20391624, ""waypoint_count"": 1, ""bottleneck_count"": 1}"
complex_s03_q0064,md_dqn,Complex,d08_12,False,False,0.16867137583903968,600,1.125000000000017,9.14439719172347,,0,0.8385645564237142,1.1868934951836465,0,0,0,0,False,,,,md_dqn_not_reached,"{""profile_name"": ""complex_d02"", ""map_seed"": 20390620, ""query_seed"": 20391624, ""md_dqn_source_dir"": ""/home/ubuntu/DQN10/2_experiment"", ""md_dqn_checkpoint_path"": ""/home/ubuntu/DQN10/2_experiment/ugv_dqn/outputs/2026-05-12_train_load_external_demo_smoke/models/realmap_a/mlp-dqn.pt"", ""md_dqn_algo"": ""mlp-dqn"", ""md_dqn_device"": ""cpu"", ""md_dqn_max_steps"": 600, ""md_dqn_rollout_steps"": 600, ""md_dqn_reached"": false}"
complex_s03_q0065,vanilla_ha,Complex,d12_16,True,True,0.5860261917114258,589,12.97928665314522,,,0,0.1894475194129476,0.08832339612530526,0,0,0,0,False,,,,,"{""profile_name"": ""complex_d02"", ""map_seed"": 20390621, ""query_seed"": 20391621, ""evaluation_path_source"": ""trace_poses"", ""planner_path_pose_count"": 41, ""evaluation_path_pose_count"": 132}"
complex_s03_q0065,f_n3p_knn,Complex,d12_16,True,True,0.6126348990947008,165,14.447736959656039,12.97928665314522,0.11313798252194207,2,0.2979121459628906,0.07716836174504982,0,7,1,0,True,1,2,0.5,,"{""profile_name"": ""complex_d02"", ""map_seed"": 20390621, ""query_seed"": 20391621}"
complex_s03_q0065,n3p_k1,Complex,d12_16,True,True,0.6037680839654058,589,12.97928665314522,12.97928665314522,0.0,0,0.18944751941294763,0.08832339612530526,0,0,1,0,True,0,0,,,"{""profile_name"": ""complex_d02"", ""map_seed"": 20390621, ""query_seed"": 20391621}"
complex_s03_q0065,voronoi_waypoint,Complex,d12_16,True,True,0.8049965780228376,391,14.718261850807812,12.97928665314522,0.1339807991097255,2,0.52145807216976,0.07528142595512377,0,0,0,0,False,,,,,"{""profile_name"": ""complex_d02"", ""map_seed"": 20390621, ""query_seed"": 20391621, ""waypoint_count"": 2}"
complex_s03_q0065,bottleneck_waypoint,Complex,d12_16,True,True,0.6282419650815427,4,14.568359832263393,12.97928665314522,0.12243147266749821,2,0.433649619391985,0.2744974561997586,0,0,0,0,False,,,,,"{""profile_name"": ""complex_d02"", ""map_seed"": 20390621, ""query_seed"": 20391621, ""waypoint_count"": 3, ""bottleneck_count"": 3}"
complex_s03_q0065,md_dqn,Complex,d12_16,False,False,0.16980996844358742,600,1.1249999999995977,12.97928665314522,,0,0.0,0.19951999651431074,0,0,0,0,False,,,,md_dqn_not_reached,"{""profile_name"": ""complex_d02"", ""map_seed"": 20390621, ""query_seed"": 20391621, ""md_dqn_source_dir"": ""/home/ubuntu/DQN10/2_experiment"", ""md_dqn_checkpoint_path"": ""/home/ubuntu/DQN10/2_experiment/ugv_dqn/outputs/2026-05-12_train_load_external_demo_smoke/models/realmap_a/mlp-dqn.pt"", ""md_dqn_algo"": ""mlp-dqn"", ""md_dqn_device"": ""cpu"", ""md_dqn_max_steps"": 600, ""md_dqn_rollout_steps"": 600, ""md_dqn_reached"": false}"
complex_s03_q0066,vanilla_ha,Complex,d16_20,True,True,0.37831568717956543,461,19.075998438306904,,,1,0.19846596459262072,0.10278105485630062,0,0,0,0,False,,,,,"{""profile_name"": ""complex_d02"", ""map_seed"": 20390621, ""query_seed"": 20391622, ""evaluation_path_source"": ""trace_poses"", ""planner_path_pose_count"": 45, ""evaluation_path_pose_count"": 194}"
complex_s03_q0066,f_n3p_knn,Complex,d16_20,True,True,0.4669267248827964,19,20.65797563459452,19.075998438306904,0.0829302435415813,4,0.28943969519799595,0.07254472256768296,0,9,1,0,True,0,2,0.0,,"{""profile_name"": ""complex_d02"", ""map_seed"": 20390621, ""query_seed"": 20391622}"
complex_s03_q0066,n3p_k1,Complex,d16_20,True,True,0.5019205731805414,43,23.55931148266686,19.075998438306904,0.23502376868289754,2,0.2699462197101985,0.0723401750757442,0,0,1,0,True,2,2,1.0,,"{""profile_name"": ""complex_d02"", ""map_seed"": 20390621, ""query_seed"": 20391622}"
complex_s03_q0066,voronoi_waypoint,Complex,d16_20,True,True,0.6187345290090889,8,21.83523510832346,19.075998438306904,0.14464441685399154,1,0.2830815705705282,0.0723583039083252,0,0,0,0,False,,,,,"{""profile_name"": ""complex_d02"", ""map_seed"": 20390621, ""query_seed"": 20391622, ""waypoint_count"": 3}"
complex_s03_q0066,bottleneck_waypoint,Complex,d16_20,True,True,0.48244061903096735,9,21.165552470304142,19.075998438306904,0.10953838346941569,1,0.15127767070633544,0.2201606112156267,0,0,0,0,False,,,,,"{""profile_name"": ""complex_d02"", ""map_seed"": 20390621, ""query_seed"": 20391622, ""waypoint_count"": 2, ""bottleneck_count"": 2}"
complex_s03_q0066,md_dqn,Complex,d16_20,False,False,0.0014439921360462904,1,0.0037499999999981975,19.075998438306904,,0,0.08734630124019259,0.26325038880300644,0,0,0,0,False,,,,md_dqn_not_reached,"{""profile_name"": ""complex_d02"", ""map_seed"": 20390621, ""query_seed"": 20391622, ""md_dqn_source_dir"": ""/home/ubuntu/DQN10/2_experiment"", ""md_dqn_checkpoint_path"": ""/home/ubuntu/DQN10/2_experiment/ugv_dqn/outputs/2026-05-12_train_load_external_demo_smoke/models/realmap_a/mlp-dqn.pt"", ""md_dqn_algo"": ""mlp-dqn"", ""md_dqn_device"": ""cpu"", ""md_dqn_max_steps"": 600, ""md_dqn_rollout_steps"": 1, ""md_dqn_reached"": false}"
complex_s03_q0067,vanilla_ha,Complex,d20_inf,True,True,0.7608754634857178,913,24.124485906987267,,,0,0.29272763850462935,0.06729072120932611,0,0,0,0,False,,,,,"{""profile_name"": ""complex_d02"", ""map_seed"": 20390621, ""query_seed"": 20391623, ""evaluation_path_source"": ""trace_poses"", ""planner_path_pose_count"": 70, ""evaluation_path_pose_count"": 243}"
complex_s03_q0067,f_n3p_knn,Complex,d20_inf,True,True,0.5444114389829338,356,24.12263589692021,24.124485906987267,-7.668598925536507e-05,0,0.35779472573920645,0.07746886393951524,0,5,1,0,True,0,1,0.0,,"{""profile_name"": ""complex_d02"", ""map_seed"": 20390621, ""query_seed"": 20391623}"
complex_s03_q0067,n3p_k1,Complex,d20_inf,True,True,0.7742898960132152,913,24.124485906987267,24.124485906987267,0.0,0,0.29272763850462935,0.06729072120932611,0,0,1,0,True,0,0,,,"{""profile_name"": ""complex_d02"", ""map_seed"": 20390621, ""query_seed"": 20391623}"
complex_s03_q0067,voronoi_waypoint,Complex,d20_inf,True,True,1.0804282140452415,391,26.42102327511773,24.124485906987267,0.09519528735181493,2,0.36957329745671585,0.07462861963575773,0,0,0,0,False,,,,,"{""profile_name"": ""complex_d02"", ""map_seed"": 20390621, ""query_seed"": 20391623, ""waypoint_count"": 4}"
complex_s03_q0067,bottleneck_waypoint,Complex,d20_inf,True,True,1.053587146103382,7,25.159196365096165,24.124485906987267,0.04289046664448137,0,0.26282376110198924,0.0738656096682202,0,0,0,0,False,,,,,"{""profile_name"": ""complex_d02"", ""map_seed"": 20390621, ""query_seed"": 20391623, ""waypoint_count"": 6, ""bottleneck_count"": 6}"
complex_s03_q0067,md_dqn,Complex,d20_inf,False,False,0.26768971630372107,512,10.32562500000002,24.124485906987267,,1,0.2547794734394145,0.1587192432264669,0,0,0,0,False,,,,md_dqn_not_reached,"{""profile_name"": ""complex_d02"", ""map_seed"": 20390621, ""query_seed"": 20391623, ""md_dqn_source_dir"": ""/home/ubuntu/DQN10/2_experiment"", ""md_dqn_checkpoint_path"": ""/home/ubuntu/DQN10/2_experiment/ugv_dqn/outputs/2026-05-12_train_load_external_demo_smoke/models/realmap_a/mlp-dqn.pt"", ""md_dqn_algo"": ""mlp-dqn"", ""md_dqn_device"": ""cpu"", ""md_dqn_max_steps"": 600, ""md_dqn_rollout_steps"": 512, ""md_dqn_reached"": false}"
complex_s03_q0068,vanilla_ha,Complex,d08_12,True,True,0.153517484664917,15,11.25185521636866,,,0,0.06744199713825656,0.10601486951321237,0,0,0,0,False,,,,,"{""profile_name"": ""complex_d02"", ""map_seed"": 20390621, ""query_seed"": 20391624, ""evaluation_path_source"": ""trace_poses"", ""planner_path_pose_count"": 11, ""evaluation_path_pose_count"": 115}"
complex_s03_q0068,f_n3p_knn,Complex,d08_12,True,True,0.16672314517199993,17,11.54637498106201,11.25185521636866,0.02617521813335255,0,0.15303770012889648,0.10601486951321237,0,4,1,0,True,0,0,,,"{""profile_name"": ""complex_d02"", ""map_seed"": 20390621, ""query_seed"": 20391624}"
complex_s03_q0068,n3p_k1,Complex,d08_12,True,True,0.16346526495181024,17,11.54637498106201,11.25185521636866,0.02617521813335255,0,0.15303770012889648,0.10601486951321237,0,0,1,0,True,0,0,,,"{""profile_name"": ""complex_d02"", ""map_seed"": 20390621, ""query_seed"": 20391624}"
complex_s03_q0068,voronoi_waypoint,Complex,d08_12,True,True,0.4820947030093521,15,11.850403317007796,11.25185521636866,0.053195503241847186,0,0.3019871183445862,0.10601486951321237,0,0,0,0,False,,,,,"{""profile_name"": ""complex_d02"", ""map_seed"": 20390621, ""query_seed"": 20391624, ""waypoint_count"": 2}"
complex_s03_q0068,bottleneck_waypoint,Complex,d08_12,True,True,0.3432899098843336,14,11.38172303879537,11.25185521636866,0.011541903084371752,0,0.13590676728330262,0.10601486951321237,0,0,0,0,False,,,,,"{""profile_name"": ""complex_d02"", ""map_seed"": 20390621, ""query_seed"": 20391624, ""waypoint_count"": 1, ""bottleneck_count"": 1}"
complex_s03_q0068,md_dqn,Complex,d08_12,False,False,0.12636838969774544,42,0.15937499999999566,11.25185521636866,,1,0.08018090397326307,0.10362081335940376,0,0,0,0,False,,,,md_dqn_not_reached,"{""profile_name"": ""complex_d02"", ""map_seed"": 20390621, ""query_seed"": 20391624, ""md_dqn_source_dir"": ""/home/ubuntu/DQN10/2_experiment"", ""md_dqn_checkpoint_path"": ""/home/ubuntu/DQN10/2_experiment/ugv_dqn/outputs/2026-05-12_train_load_external_demo_smoke/models/realmap_a/mlp-dqn.pt"", ""md_dqn_algo"": ""mlp-dqn"", ""md_dqn_device"": ""cpu"", ""md_dqn_max_steps"": 600, ""md_dqn_rollout_steps"": 42, ""md_dqn_reached"": false}"
complex_s03_q0069,vanilla_ha,Complex,d12_16,True,True,0.21509385108947754,113,12.824075855776846,,,0,0.07043124375708987,0.05846775164794549,0,0,0,0,False,,,,,"{""profile_name"": ""complex_d02"", ""map_seed"": 20390621, ""query_seed"": 20391625, ""evaluation_path_source"": ""trace_poses"", ""planner_path_pose_count"": 19, ""evaluation_path_pose_count"": 131}"
complex_s03_q0069,f_n3p_knn,Complex,d12_16,True,True,0.46411914890632033,3,13.28064674386731,12.824075855776846,0.03560263470250713,0,0.2354410020488237,0.06927366739251783,0,3,0,0,True,2,3,0.6666666666666666,,"{""profile_name"": ""complex_d02"", ""map_seed"": 20390621, ""query_seed"": 20391625}"
complex_s03_q0069,n3p_k1,Complex,d12_16,True,True,0.4624689049087465,8,13.688399772849099,12.824075855776846,0.06739853434997434,0,0.31848765154225506,0.15353517318286936,0,0,1,0,True,2,2,1.0,,"{""profile_name"": ""complex_d02"", ""map_seed"": 20390621, ""query_seed"": 20391625}"
complex_s03_q0069,voronoi_waypoint,Complex,d12_16,True,True,0.4784080379176885,3,14.227071372400301,12.824075855776846,0.1094032453021907,0,0.3560885250719472,0.17800177772507997,0,0,0,0,False,,,,,"{""profile_name"": ""complex_d02"", ""map_seed"": 20390621, ""query_seed"": 20391625, ""waypoint_count"": 2}"
complex_s03_q0069,bottleneck_waypoint,Complex,d12_16,True,True,0.6222511769738048,4,13.827099508523375,12.824075855776846,0.07821410790351013,0,0.2930165551286963,0.17800177772508263,0,0,0,0,False,,,,,"{""profile_name"": ""complex_d02"", ""map_seed"": 20390621, ""query_seed"": 20391625, ""waypoint_count"": 3, ""bottleneck_count"": 3}"
complex_s03_q0069,md_dqn,Complex,d12_16,False,False,0.16113523882813752,318,1.1643750000000204,12.824075855776846,,2,0.10598238371298521,0.2741950250744587,0,0,0,0,False,,,,md_dqn_not_reached,"{""profile_name"": ""complex_d02"", ""map_seed"": 20390621, ""query_seed"": 20391625, ""md_dqn_source_dir"": ""/home/ubuntu/DQN10/2_experiment"", ""md_dqn_checkpoint_path"": ""/home/ubuntu/DQN10/2_experiment/ugv_dqn/outputs/2026-05-12_train_load_external_demo_smoke/models/realmap_a/mlp-dqn.pt"", ""md_dqn_algo"": ""mlp-dqn"", ""md_dqn_device"": ""cpu"", ""md_dqn_max_steps"": 600, ""md_dqn_rollout_steps"": 318, ""md_dqn_reached"": false}"
complex_s03_q0070,vanilla_ha,Complex,d16_20,True,True,0.4849052429199219,666,19.632034308201327,,,0,0.2241195912593136,0.0639297188510981,0,0,0,0,False,,,,,"{""profile_name"": ""complex_d02"", ""map_seed"": 20390622, ""query_seed"": 20391622, ""evaluation_path_source"": ""trace_poses"", ""planner_path_pose_count"": 42, ""evaluation_path_pose_count"": 199}"
complex_s03_q0070,f_n3p_knn,Complex,d16_20,True,True,0.4407243370078504,176,18.98485241408425,19.632034308201327,-0.03296560529372716,0,0.10777359840337285,0.11162028394082779,0,4,1,0,True,1,1,1.0,,"{""profile_name"": ""complex_d02"", ""map_seed"": 20390622, ""query_seed"": 20391622}"
complex_s03_q0070,n3p_k1,Complex,d16_20,True,True,0.44173465413041413,176,18.98485241408425,19.632034308201327,-0.03296560529372716,0,0.10777359840337285,0.11162028394082779,0,0,1,0,True,1,1,1.0,,"{""profile_name"": ""complex_d02"", ""map_seed"": 20390622, ""query_seed"": 20391622}"
complex_s03_q0070,voronoi_waypoint,Complex,d16_20,True,True,0.6128366901539266,4,20.635162008298032,19.632034308201327,0.05109647244644666,0,0.17237084605075048,0.13282787594712508,0,0,0,0,False,,,,,"{""profile_name"": ""complex_d02"", ""map_seed"": 20390622, ""query_seed"": 20391622, ""waypoint_count"": 3}"
complex_s03_q0070,bottleneck_waypoint,Complex,d16_20,True,True,0.6201863198075444,4,20.454735328197373,19.632034308201327,0.04190605044187201,0,0.14179780186658858,0.21345927513378316,0,0,0,0,False,,,,,"{""profile_name"": ""complex_d02"", ""map_seed"": 20390622, ""query_seed"": 20391622, ""waypoint_count"": 3, ""bottleneck_count"": 3}"
complex_s03_q0070,md_dqn,Complex,d16_20,False,False,0.17385741299949586,600,2.2368749999999844,19.632034308201327,,0,0.0874940751735007,0.43621175606392604,0,0,0,0,False,,,,md_dqn_not_reached,"{""profile_name"": ""complex_d02"", ""map_seed"": 20390622, ""query_seed"": 20391622, ""md_dqn_source_dir"": ""/home/ubuntu/DQN10/2_experiment"", ""md_dqn_checkpoint_path"": ""/home/ubuntu/DQN10/2_experiment/ugv_dqn/outputs/2026-05-12_train_load_external_demo_smoke/models/realmap_a/mlp-dqn.pt"", ""md_dqn_algo"": ""mlp-dqn"", ""md_dqn_device"": ""cpu"", ""md_dqn_max_steps"": 600, ""md_dqn_rollout_steps"": 600, ""md_dqn_reached"": false}"
complex_s03_q0071,vanilla_ha,Complex,d20_inf,False,False,2.500065326690674,3580,,,,0,,,0,0,0,0,False,,,,timeout,"{""profile_name"": ""complex_d02"", ""map_seed"": 20390622, ""query_seed"": 20391623, ""evaluation_path_source"": ""planner_path"", ""planner_path_pose_count"": 0, ""evaluation_path_pose_count"": 0}"
complex_s03_q0071,f_n3p_knn,Complex,d20_inf,True,True,0.6207511199172586,9,30.99200819051042,,,2,0.16170858785755304,0.07956878916160215,0,6,1,0,True,2,3,0.6666666666666666,,"{""profile_name"": ""complex_d02"", ""map_seed"": 20390622, ""query_seed"": 20391623}"
complex_s03_q0071,n3p_k1,Complex,d20_inf,False,False,3.5135194200556725,5261,,,,0,,,0,0,1,1,True,0,0,,f2_failed:prediction:goal_in_collision;goal:timeout;f3_failed:timeout,"{""profile_name"": ""complex_d02"", ""map_seed"": 20390622, ""query_seed"": 20391623}"
complex_s03_q0071,voronoi_waypoint,Complex,d20_inf,True,True,1.1198538970202208,294,29.592802151337555,,,2,0.33524661301584413,0.07704010772596503,0,0,0,0,False,,,,,"{""profile_name"": ""complex_d02"", ""map_seed"": 20390622, ""query_seed"": 20391623, ""waypoint_count"": 5}"
complex_s03_q0071,bottleneck_waypoint,Complex,d20_inf,True,True,0.7703129588626325,5,27.252918120883365,,,0,0.22306648601292736,0.2555481739504636,0,0,0,0,False,,,,,"{""profile_name"": ""complex_d02"", ""map_seed"": 20390622, ""query_seed"": 20391623, ""waypoint_count"": 4, ""bottleneck_count"": 4}"
complex_s03_q0071,md_dqn,Complex,d20_inf,False,False,0.1703109557274729,600,1.1250000000000389,,,0,0.8286550898948615,1.1360894839702818,0,0,0,0,False,,,,md_dqn_not_reached,"{""profile_name"": ""complex_d02"", ""map_seed"": 20390622, ""query_seed"": 20391623, ""md_dqn_source_dir"": ""/home/ubuntu/DQN10/2_experiment"", ""md_dqn_checkpoint_path"": ""/home/ubuntu/DQN10/2_experiment/ugv_dqn/outputs/2026-05-12_train_load_external_demo_smoke/models/realmap_a/mlp-dqn.pt"", ""md_dqn_algo"": ""mlp-dqn"", ""md_dqn_device"": ""cpu"", ""md_dqn_max_steps"": 600, ""md_dqn_rollout_steps"": 600, ""md_dqn_reached"": false}"
complex_s03_q0072,vanilla_ha,Complex,d08_12,True,True,0.1743183135986328,37,10.094973205946243,,,0,0.2616389800449849,0.07248671961034814,0,0,0,0,False,,,,,"{""profile_name"": ""complex_d02"", ""map_seed"": 20390622, ""query_seed"": 20391624, ""evaluation_path_source"": ""trace_poses"", ""planner_path_pose_count"": 22, ""evaluation_path_pose_count"": 103}"
complex_s03_q0072,f_n3p_knn,Complex,d08_12,True,True,0.15752635803073645,1,10.985243166996202,10.094973205946243,0.08818943278874314,0,0.1736193839353364,0.1521156881924728,0,0,0,0,False,1,1,1.0,,"{""profile_name"": ""complex_d02"", ""map_seed"": 20390622, ""query_seed"": 20391624}"
complex_s03_q0072,n3p_k1,Complex,d08_12,True,True,0.15572138992138207,1,10.985243166996202,10.094973205946243,0.08818943278874314,0,0.1736193839353364,0.1521156881924728,0,0,0,0,False,1,1,1.0,,"{""profile_name"": ""complex_d02"", ""map_seed"": 20390622, ""query_seed"": 20391624}"
complex_s03_q0072,voronoi_waypoint,Complex,d08_12,True,True,0.3294692630879581,2,11.81917675498096,10.094973205946243,0.17079822936222455,0,0.25002265561377557,0.1521156881924719,0,0,0,0,False,,,,,"{""profile_name"": ""complex_d02"", ""map_seed"": 20390622, ""query_seed"": 20391624, ""waypoint_count"": 1}"
complex_s03_q0072,bottleneck_waypoint,Complex,d08_12,True,True,0.4734500120393932,3,11.549280514396685,10.094973205946243,0.14406252287958643,0,0.2979468565923717,0.15211568819247168,0,0,0,0,False,,,,,"{""profile_name"": ""complex_d02"", ""map_seed"": 20390622, ""query_seed"": 20391624, ""waypoint_count"": 2, ""bottleneck_count"": 2}"
complex_s03_q0072,md_dqn,Complex,d08_12,False,False,0.17006807192228734,600,1.1249999999999667,10.094973205946243,,0,0.8286550898949367,0.6815437278089838,0,0,0,0,False,,,,md_dqn_not_reached,"{""profile_name"": ""complex_d02"", ""map_seed"": 20390622, ""query_seed"": 20391624, ""md_dqn_source_dir"": ""/home/ubuntu/DQN10/2_experiment"", ""md_dqn_checkpoint_path"": ""/home/ubuntu/DQN10/2_experiment/ugv_dqn/outputs/2026-05-12_train_load_external_demo_smoke/models/realmap_a/mlp-dqn.pt"", ""md_dqn_algo"": ""mlp-dqn"", ""md_dqn_device"": ""cpu"", ""md_dqn_max_steps"": 600, ""md_dqn_rollout_steps"": 600, ""md_dqn_reached"": false}"
complex_s03_q0073,vanilla_ha,Complex,d12_16,True,True,0.3826737403869629,393,15.466297766030387,,,0,0.1728425700867743,0.09637859109633395,0,0,0,0,False,,,,,"{""profile_name"": ""complex_d02"", ""map_seed"": 20390622, ""query_seed"": 20391625, ""evaluation_path_source"": ""trace_poses"", ""planner_path_pose_count"": 15, ""evaluation_path_pose_count"": 157}"
complex_s03_q0073,f_n3p_knn,Complex,d12_16,True,True,0.39274742384441197,393,15.466297766030387,15.466297766030387,0.0,0,0.1728425700867743,0.09637859109633395,0,4,1,0,True,0,0,,,"{""profile_name"": ""complex_d02"", ""map_seed"": 20390622, ""query_seed"": 20391625}"
complex_s03_q0073,n3p_k1,Complex,d12_16,True,True,0.39309995993971825,393,15.466297766030387,15.466297766030387,0.0,0,0.1728425700867743,0.09637859109633395,0,0,1,0,True,0,0,,,"{""profile_name"": ""complex_d02"", ""map_seed"": 20390622, ""query_seed"": 20391625}"
complex_s03_q0073,voronoi_waypoint,Complex,d12_16,True,True,0.5125722030643374,33,15.342023503922649,15.466297766030387,-0.008035165492590535,0,0.23428702076365426,0.06268175655190034,0,0,0,0,False,,,,,"{""profile_name"": ""complex_d02"", ""map_seed"": 20390622, ""query_seed"": 20391625, ""waypoint_count"": 2}"
complex_s03_q0073,bottleneck_waypoint,Complex,d12_16,True,True,0.5233662840910256,222,15.925608523015715,15.466297766030387,0.029697524509979534,2,0.21464406459730062,0.05663386140460691,0,0,0,0,False,,,,,"{""profile_name"": ""complex_d02"", ""map_seed"": 20390622, ""query_seed"": 20391625, ""waypoint_count"": 1, ""bottleneck_count"": 1}"
complex_s03_q0073,md_dqn,Complex,d12_16,False,False,0.17058511753566563,600,1.1250000000003755,15.466297766030387,,0,0.0,0.990758921139518,0,0,0,0,False,,,,md_dqn_not_reached,"{""profile_name"": ""complex_d02"", ""map_seed"": 20390622, ""query_seed"": 20391625, ""md_dqn_source_dir"": ""/home/ubuntu/DQN10/2_experiment"", ""md_dqn_checkpoint_path"": ""/home/ubuntu/DQN10/2_experiment/ugv_dqn/outputs/2026-05-12_train_load_external_demo_smoke/models/realmap_a/mlp-dqn.pt"", ""md_dqn_algo"": ""mlp-dqn"", ""md_dqn_device"": ""cpu"", ""md_dqn_max_steps"": 600, ""md_dqn_rollout_steps"": 600, ""md_dqn_reached"": false}"
complex_s03_q0074,vanilla_ha,Complex,d16_20,True,True,1.5613253116607666,2181,20.375402227337673,,,0,0.1744244305090822,0.07544001569278957,0,0,0,0,False,,,,,"{""profile_name"": ""complex_d02"", ""map_seed"": 20390622, ""query_seed"": 20391626, ""evaluation_path_source"": ""trace_poses"", ""planner_path_pose_count"": 50, ""evaluation_path_pose_count"": 206}"
complex_s03_q0074,f_n3p_knn,Complex,d16_20,True,True,0.3561707017943263,47,20.028045060303555,20.375402227337673,-0.01704786797131641,0,0.15701527353499878,0.1758153587092499,0,5,1,0,True,0,1,0.0,,"{""profile_name"": ""complex_d02"", ""map_seed"": 20390622, ""query_seed"": 20391626}"
complex_s03_q0074,n3p_k1,Complex,d16_20,True,True,0.35729911900125444,55,20.292347761780576,20.375402227337673,-0.004076212318678274,0,0.18433975654903204,0.11839093724269778,0,0,2,0,True,0,0,,,"{""profile_name"": ""complex_d02"", ""map_seed"": 20390622, ""query_seed"": 20391626}"
complex_s03_q0074,voronoi_waypoint,Complex,d16_20,True,True,0.6692360760644078,4,21.733137190723667,20.375402227337673,0.06663598334094822,2,0.2421543349750579,0.4305023375812834,0,0,0,0,False,,,,,"{""profile_name"": ""complex_d02"", ""map_seed"": 20390622, ""query_seed"": 20391626, ""waypoint_count"": 3}"
complex_s03_q0074,bottleneck_waypoint,Complex,d16_20,True,True,0.7766249659471214,5,20.32678697152526,20.375402227337673,-0.002385977723040389,0,0.19366694008483085,0.54373107025263,0,0,0,0,False,,,,,"{""profile_name"": ""complex_d02"", ""map_seed"": 20390622, ""query_seed"": 20391626, ""waypoint_count"": 4, ""bottleneck_count"": 4}"
complex_s03_q0074,md_dqn,Complex,d16_20,False,False,0.29154096567071974,586,1.1474999999998368,20.375402227337673,,1,0.04353229796714749,0.45608875956356787,0,0,0,0,False,,,,md_dqn_not_reached,"{""profile_name"": ""complex_d02"", ""map_seed"": 20390622, ""query_seed"": 20391626, ""md_dqn_source_dir"": ""/home/ubuntu/DQN10/2_experiment"", ""md_dqn_checkpoint_path"": ""/home/ubuntu/DQN10/2_experiment/ugv_dqn/outputs/2026-05-12_train_load_external_demo_smoke/models/realmap_a/mlp-dqn.pt"", ""md_dqn_algo"": ""mlp-dqn"", ""md_dqn_device"": ""cpu"", ""md_dqn_max_steps"": 600, ""md_dqn_rollout_steps"": 586, ""md_dqn_reached"": false}"
complex_s03_q0075,vanilla_ha,Complex,d20_inf,True,True,0.5769379138946533,619,21.609026866123124,,,0,0.08722712505034132,0.07284694336807473,0,0,0,0,False,,,,,"{""profile_name"": ""complex_d02"", ""map_seed"": 20390623, ""query_seed"": 20391623, ""evaluation_path_source"": ""trace_poses"", ""planner_path_pose_count"": 49, ""evaluation_path_pose_count"": 218}"
complex_s03_q0075,f_n3p_knn,Complex,d20_inf,True,True,0.525892480975017,87,21.589719067308145,21.609026866123124,-0.0008935061691855983,0,0.06237600595169938,0.08346098503686183,0,8,2,0,True,1,1,1.0,,"{""profile_name"": ""complex_d02"", ""map_seed"": 20390623, ""query_seed"": 20391623}"
complex_s03_q0075,n3p_k1,Complex,d20_inf,True,True,0.5317547209560871,87,21.589719067308145,21.609026866123124,-0.0008935061691855983,0,0.06237600595169938,0.08346098503686183,0,0,2,0,True,1,1,1.0,,"{""profile_name"": ""complex_d02"", ""map_seed"": 20390623, ""query_seed"": 20391623}"
complex_s03_q0075,voronoi_waypoint,Complex,d20_inf,True,True,0.7695146182086319,8,23.58963049456197,21.609026866123124,0.09165630829696814,0,0.33417241933800484,0.23071534750921974,0,0,0,0,False,,,,,"{""profile_name"": ""complex_d02"", ""map_seed"": 20390623, ""query_seed"": 20391623, ""waypoint_count"": 4}"
complex_s03_q0075,bottleneck_waypoint,Complex,d20_inf,True,True,0.7652934398502111,5,23.039703574267243,21.609026866123124,0.06620736403391758,0,0.2509855168130318,0.15745914783484882,0,0,0,0,False,,,,,"{""profile_name"": ""complex_d02"", ""map_seed"": 20390623, ""query_seed"": 20391623, ""waypoint_count"": 4, ""bottleneck_count"": 4}"
complex_s03_q0075,md_dqn,Complex,d20_inf,False,False,0.17047076672315598,600,1.1250000000004818,21.609026866123124,,0,0.0,1.463962766405034,0,0,0,0,False,,,,md_dqn_not_reached,"{""profile_name"": ""complex_d02"", ""map_seed"": 20390623, ""query_seed"": 20391623, ""md_dqn_source_dir"": ""/home/ubuntu/DQN10/2_experiment"", ""md_dqn_checkpoint_path"": ""/home/ubuntu/DQN10/2_experiment/ugv_dqn/outputs/2026-05-12_train_load_external_demo_smoke/models/realmap_a/mlp-dqn.pt"", ""md_dqn_algo"": ""mlp-dqn"", ""md_dqn_device"": ""cpu"", ""md_dqn_max_steps"": 600, ""md_dqn_rollout_steps"": 600, ""md_dqn_reached"": false}"
complex_s03_q0076,vanilla_ha,Complex,d08_12,True,True,0.6515247821807861,559,8.944786013737897,,,0,0.3545419409632316,0.07900526684028863,0,0,0,0,False,,,,,"{""profile_name"": ""complex_d02"", ""map_seed"": 20390623, ""query_seed"": 20391624, ""evaluation_path_source"": ""trace_poses"", ""planner_path_pose_count"": 25, ""evaluation_path_pose_count"": 92}"
complex_s03_q0076,f_n3p_knn,Complex,d08_12,True,True,0.4521759988274425,3,9.864145215954073,8.944786013737897,0.10278157585929648,3,0.41025538073881157,0.09666904399355836,0,0,0,0,False,3,3,1.0,,"{""profile_name"": ""complex_d02"", ""map_seed"": 20390623, ""query_seed"": 20391624}"
complex_s03_q0076,n3p_k1,Complex,d08_12,True,True,0.45033095008693635,3,9.864145215954073,8.944786013737897,0.10278157585929648,3,0.41025538073881157,0.09666904399355836,0,0,0,0,False,3,3,1.0,,"{""profile_name"": ""complex_d02"", ""map_seed"": 20390623, ""query_seed"": 20391624}"
complex_s03_q0076,voronoi_waypoint,Complex,d08_12,True,True,0.34066618303768337,12,8.739755493040775,8.944786013737897,-0.02292179157581009,0,0.19692025136098384,0.08830350513544705,0,0,0,0,False,,,,,"{""profile_name"": ""complex_d02"", ""map_seed"": 20390623, ""query_seed"": 20391624, ""waypoint_count"": 1}"
complex_s03_q0076,bottleneck_waypoint,Complex,d08_12,True,True,0.36297652986831963,44,10.12814624785765,8.944786013737897,0.13229609208116133,1,0.42500222804391835,0.07195463269387681,0,0,0,0,False,,,,,"{""profile_name"": ""complex_d02"", ""map_seed"": 20390623, ""query_seed"": 20391624, ""waypoint_count"": 1, ""bottleneck_count"": 1}"
complex_s03_q0076,md_dqn,Complex,d08_12,False,False,0.23289001593366265,239,12.575624999999993,8.944786013737897,,1,0.28256012976763234,0.09783695750920274,0,0,0,0,False,,,,md_dqn_not_reached,"{""profile_name"": ""complex_d02"", ""map_seed"": 20390623, ""query_seed"": 20391624, ""md_dqn_source_dir"": ""/home/ubuntu/DQN10/2_experiment"", ""md_dqn_checkpoint_path"": ""/home/ubuntu/DQN10/2_experiment/ugv_dqn/outputs/2026-05-12_train_load_external_demo_smoke/models/realmap_a/mlp-dqn.pt"", ""md_dqn_algo"": ""mlp-dqn"", ""md_dqn_device"": ""cpu"", ""md_dqn_max_steps"": 600, ""md_dqn_rollout_steps"": 239, ""md_dqn_reached"": false}"
complex_s03_q0077,vanilla_ha,Complex,d12_16,True,True,0.47496914863586426,571,12.497281114794621,,,0,0.21604063260444945,0.09168390601772292,0,0,0,0,False,,,,,"{""profile_name"": ""complex_d02"", ""map_seed"": 20390623, ""query_seed"": 20391625, ""evaluation_path_source"": ""trace_poses"", ""planner_path_pose_count"": 25, ""evaluation_path_pose_count"": 128}"
complex_s03_q0077,f_n3p_knn,Complex,d12_16,True,True,0.5229369010776281,67,15.428218785420428,12.497281114794621,0.23452602559736646,2,0.33010571767508906,0.0758933044872121,0,8,1,0,True,0,2,0.0,,"{""profile_name"": ""complex_d02"", ""map_seed"": 20390623, ""query_seed"": 20391625}"
complex_s03_q0077,n3p_k1,Complex,d12_16,True,True,0.3465663951355964,54,13.229480606908607,12.497281114794621,0.05858870304575192,0,0.3745367031860115,0.07817834837898618,0,0,2,0,True,0,0,,,"{""profile_name"": ""complex_d02"", ""map_seed"": 20390623, ""query_seed"": 20391625}"
complex_s03_q0077,voronoi_waypoint,Complex,d12_16,True,True,0.47102568089030683,3,13.688802718300193,12.497281114794621,0.09534246629813081,0,0.2546248370163956,0.10648223444845573,0,0,0,0,False,,,,,"{""profile_name"": ""complex_d02"", ""map_seed"": 20390623, ""query_seed"": 20391625, ""waypoint_count"": 2}"
complex_s03_q0077,bottleneck_waypoint,Complex,d12_16,True,True,0.33997301617637277,14,13.190030275729029,12.497281114794621,0.05543198993213916,0,0.1734678273657545,0.12195190033368652,0,0,0,0,False,,,,,"{""profile_name"": ""complex_d02"", ""map_seed"": 20390623, ""query_seed"": 20391625, ""waypoint_count"": 1, ""bottleneck_count"": 1}"
complex_s03_q0077,md_dqn,Complex,d12_16,False,False,0.21379014453850687,242,0.5231249999999696,12.497281114794621,,1,0.03949793105300686,0.38896229638399615,0,0,0,0,False,,,,md_dqn_not_reached,"{""profile_name"": ""complex_d02"", ""map_seed"": 20390623, ""query_seed"": 20391625, ""md_dqn_source_dir"": ""/home/ubuntu/DQN10/2_experiment"", ""md_dqn_checkpoint_path"": ""/home/ubuntu/DQN10/2_experiment/ugv_dqn/outputs/2026-05-12_train_load_external_demo_smoke/models/realmap_a/mlp-dqn.pt"", ""md_dqn_algo"": ""mlp-dqn"", ""md_dqn_device"": ""cpu"", ""md_dqn_max_steps"": 600, ""md_dqn_rollout_steps"": 242, ""md_dqn_reached"": false}"
complex_s03_q0078,vanilla_ha,Complex,d16_20,True,True,1.4414138793945312,2467,19.90558070690083,,,0,0.17457373317398936,0.05692110673245265,0,0,0,0,False,,,,,"{""profile_name"": ""complex_d02"", ""map_seed"": 20390623, ""query_seed"": 20391626, ""evaluation_path_source"": ""trace_poses"", ""planner_path_pose_count"": 44, ""evaluation_path_pose_count"": 202}"
complex_s03_q0078,f_n3p_knn,Complex,d16_20,True,True,0.5083317479584366,230,19.992179334088252,19.90558070690083,0.004350469773403809,0,0.16005282810517385,0.12512275412783236,0,8,2,0,True,0,0,,,"{""profile_name"": ""complex_d02"", ""map_seed"": 20390623, ""query_seed"": 20391626}"
complex_s03_q0078,n3p_k1,Complex,d16_20,True,True,0.5079139999579638,230,19.992179334088252,19.90558070690083,0.004350469773403809,0,0.16005282810517385,0.12512275412783236,0,0,2,0,True,0,0,,,"{""profile_name"": ""complex_d02"", ""map_seed"": 20390623, ""query_seed"": 20391626}"
complex_s03_q0078,voronoi_waypoint,Complex,d16_20,True,True,0.6167298811487854,4,21.704232316734586,19.90558070690083,0.09035916290601875,0,0.205928566358524,0.3371690613123217,0,0,0,0,False,,,,,"{""profile_name"": ""complex_d02"", ""map_seed"": 20390623, ""query_seed"": 20391626, ""waypoint_count"": 3}"
complex_s03_q0078,bottleneck_waypoint,Complex,d16_20,True,True,0.6223186359275132,4,20.38362997940211,19.90558070690083,0.024015841564247742,0,0.10113231194192114,0.3373774296628862,0,0,0,0,False,,,,,"{""profile_name"": ""complex_d02"", ""map_seed"": 20390623, ""query_seed"": 20391626, ""waypoint_count"": 3, ""bottleneck_count"": 3}"
complex_s03_q0078,md_dqn,Complex,d16_20,False,False,0.377763943746686,470,24.19687500000006,19.90558070690083,,1,0.2692552000021079,0.11054809264202292,0,0,0,0,False,,,,md_dqn_not_reached,"{""profile_name"": ""complex_d02"", ""map_seed"": 20390623, ""query_seed"": 20391626, ""md_dqn_source_dir"": ""/home/ubuntu/DQN10/2_experiment"", ""md_dqn_checkpoint_path"": ""/home/ubuntu/DQN10/2_experiment/ugv_dqn/outputs/2026-05-12_train_load_external_demo_smoke/models/realmap_a/mlp-dqn.pt"", ""md_dqn_algo"": ""mlp-dqn"", ""md_dqn_device"": ""cpu"", ""md_dqn_max_steps"": 600, ""md_dqn_rollout_steps"": 470, ""md_dqn_reached"": false}"
complex_s03_q0079,vanilla_ha,Complex,d20_inf,True,True,0.729567289352417,891,28.635637691857948,,,0,0.28851824005441046,0.07792345961278646,0,0,0,0,False,,,,,"{""profile_name"": ""complex_d02"", ""map_seed"": 20390623, ""query_seed"": 20391627, ""evaluation_path_source"": ""trace_poses"", ""planner_path_pose_count"": 80, ""evaluation_path_pose_count"": 289}"
complex_s03_q0079,f_n3p_knn,Complex,d20_inf,True,True,0.4695356930606067,3,28.902454181726185,28.635637691857948,0.009317637439731241,0,0.06729453830269491,0.08223901856186822,0,4,0,0,True,2,3,0.6666666666666666,,"{""profile_name"": ""complex_d02"", ""map_seed"": 20390623, ""query_seed"": 20391627}"
complex_s03_q0079,n3p_k1,Complex,d20_inf,True,True,1.7578565520234406,2163,28.635637691857948,28.635637691857948,0.0,0,0.28851824005441046,0.07792345961278646,0,0,1,1,True,1,1,1.0,,"{""profile_name"": ""complex_d02"", ""map_seed"": 20390623, ""query_seed"": 20391627}"
complex_s03_q0079,voronoi_waypoint,Complex,d20_inf,True,True,0.9029775550588965,6,29.819119103003032,28.635637691857948,0.04132897000165592,0,0.17836997819829584,0.2509288288392193,0,0,0,0,False,,,,,"{""profile_name"": ""complex_d02"", ""map_seed"": 20390623, ""query_seed"": 20391627, ""waypoint_count"": 5}"
complex_s03_q0079,bottleneck_waypoint,Complex,d20_inf,True,True,0.9111215700395405,6,29.561312809586227,28.635637691857948,0.03232598231927897,0,0.14797301934956644,0.2509288288392195,0,0,0,0,False,,,,,"{""profile_name"": ""complex_d02"", ""map_seed"": 20390623, ""query_seed"": 20391627, ""waypoint_count"": 5, ""bottleneck_count"": 5}"
complex_s03_q0079,md_dqn,Complex,d20_inf,False,False,0.3991216095164418,600,1.1250000000000162,28.635637691857948,,0,0.8385645564237136,1.532996576833866,0,0,0,0,False,,,,md_dqn_not_reached,"{""profile_name"": ""complex_d02"", ""map_seed"": 20390623, ""query_seed"": 20391627, ""md_dqn_source_dir"": ""/home/ubuntu/DQN10/2_experiment"", ""md_dqn_checkpoint_path"": ""/home/ubuntu/DQN10/2_experiment/ugv_dqn/outputs/2026-05-12_train_load_external_demo_smoke/models/realmap_a/mlp-dqn.pt"", ""md_dqn_algo"": ""mlp-dqn"", ""md_dqn_device"": ""cpu"", ""md_dqn_max_steps"": 600, ""md_dqn_rollout_steps"": 600, ""md_dqn_reached"": false}"
complex_s04_q0080,vanilla_ha,Complex,d08_12,True,True,0.21541643142700195,92,9.870556980103771,,,1,0.17891140160757718,0.08509851526739176,0,0,0,0,False,,,,,"{""profile_name"": ""complex_d02"", ""map_seed"": 20400620, ""query_seed"": 20401620, ""evaluation_path_source"": ""trace_poses"", ""planner_path_pose_count"": 8, ""evaluation_path_pose_count"": 101}"
complex_s04_q0080,f_n3p_knn,Complex,d08_12,True,True,0.16448947601020336,1,10.29820668488029,9.870556980103771,0.043325792621281556,1,0.1753572981672279,0.1316370089461043,0,3,0,0,True,0,1,0.0,,"{""profile_name"": ""complex_d02"", ""map_seed"": 20400620, ""query_seed"": 20401620}"
complex_s04_q0080,n3p_k1,Complex,d08_12,True,True,0.16722985007800162,7,10.833487783652977,9.870556980103771,0.0975558730363646,1,0.20670782318601308,0.10457897976690977,0,0,1,0,True,0,0,,,"{""profile_name"": ""complex_d02"", ""map_seed"": 20400620, ""query_seed"": 20401620}"
complex_s04_q0080,voronoi_waypoint,Complex,d08_12,True,True,0.36380322999320924,10,12.711156212660601,9.870556980103771,0.2877851005047303,1,0.27146382354951304,0.07655665649470389,0,0,0,0,False,,,,,"{""profile_name"": ""complex_d02"", ""map_seed"": 20400620, ""query_seed"": 20401620, ""waypoint_count"": 1}"
complex_s04_q0080,bottleneck_waypoint,Complex,d08_12,True,True,0.36912147095426917,17,11.913963172934489,9.870556980103771,0.2070203532535846,1,0.25370990441485025,0.13281082085865525,0,0,0,0,False,,,,,"{""profile_name"": ""complex_d02"", ""map_seed"": 20400620, ""query_seed"": 20401620, ""waypoint_count"": 1, ""bottleneck_count"": 1}"
complex_s04_q0080,md_dqn,Complex,d08_12,False,False,0.0019792739767581224,1,0.003750000000000142,9.870556980103771,,0,0.08734630124014729,0.13281082085865525,0,0,0,0,False,,,,md_dqn_not_reached,"{""profile_name"": ""complex_d02"", ""map_seed"": 20400620, ""query_seed"": 20401620, ""md_dqn_source_dir"": ""/home/ubuntu/DQN10/2_experiment"", ""md_dqn_checkpoint_path"": ""/home/ubuntu/DQN10/2_experiment/ugv_dqn/outputs/2026-05-12_train_load_external_demo_smoke/models/realmap_a/mlp-dqn.pt"", ""md_dqn_algo"": ""mlp-dqn"", ""md_dqn_device"": ""cpu"", ""md_dqn_max_steps"": 600, ""md_dqn_rollout_steps"": 1, ""md_dqn_reached"": false}"
complex_s04_q0081,vanilla_ha,Complex,d12_16,True,True,0.17231512069702148,25,14.461843502572176,,,0,0.12122101695614994,0.05331154867635124,0,0,0,0,False,,,,,"{""profile_name"": ""complex_d02"", ""map_seed"": 20400620, ""query_seed"": 20401621, ""evaluation_path_source"": ""trace_poses"", ""planner_path_pose_count"": 15, ""evaluation_path_pose_count"": 147}"
complex_s04_q0081,f_n3p_knn,Complex,d12_16,True,True,0.16545883589424193,1,14.03233600369591,14.461843502572176,-0.02969936016800856,0,0.03438241244517492,0.05331154867635157,0,0,0,0,False,1,1,1.0,,"{""profile_name"": ""complex_d02"", ""map_seed"": 20400620, ""query_seed"": 20401621}"
complex_s04_q0081,n3p_k1,Complex,d12_16,True,True,0.1644098749384284,1,14.03233600369591,14.461843502572176,-0.02969936016800856,0,0.03438241244517492,0.05331154867635157,0,0,0,0,False,1,1,1.0,,"{""profile_name"": ""complex_d02"", ""map_seed"": 20400620, ""query_seed"": 20401621}"
complex_s04_q0081,voronoi_waypoint,Complex,d12_16,True,True,0.5022152720484883,3,14.86673934024004,14.461843502572176,0.02799752587530424,0,0.1659928344985448,0.05331154867635235,0,0,0,0,False,,,,,"{""profile_name"": ""complex_d02"", ""map_seed"": 20400620, ""query_seed"": 20401621, ""waypoint_count"": 2}"
complex_s04_q0081,bottleneck_waypoint,Complex,d12_16,True,True,0.6557479768525809,4,14.496121983929648,14.461843502572176,0.002370270522660256,0,0.11661194777429337,0.05331154867635246,0,0,0,0,False,,,,,"{""profile_name"": ""complex_d02"", ""map_seed"": 20400620, ""query_seed"": 20401621, ""waypoint_count"": 3, ""bottleneck_count"": 3}"
complex_s04_q0081,md_dqn,Complex,d12_16,False,False,0.40554129146039486,600,1.1249999999999891,14.461843502572176,,0,0.8286550898948987,0.37796161079697765,0,0,0,0,False,,,,md_dqn_not_reached,"{""profile_name"": ""complex_d02"", ""map_seed"": 20400620, ""query_seed"": 20401621, ""md_dqn_source_dir"": ""/home/ubuntu/DQN10/2_experiment"", ""md_dqn_checkpoint_path"": ""/home/ubuntu/DQN10/2_experiment/ugv_dqn/outputs/2026-05-12_train_load_external_demo_smoke/models/realmap_a/mlp-dqn.pt"", ""md_dqn_algo"": ""mlp-dqn"", ""md_dqn_device"": ""cpu"", ""md_dqn_max_steps"": 600, ""md_dqn_rollout_steps"": 600, ""md_dqn_reached"": false}"
complex_s04_q0082,vanilla_ha,Complex,d16_20,True,True,0.20900535583496094,99,17.454836015408112,,,0,0.1917508020139008,0.06185678230092395,0,0,0,0,False,,,,,"{""profile_name"": ""complex_d02"", ""map_seed"": 20400620, ""query_seed"": 20401622, ""evaluation_path_source"": ""trace_poses"", ""planner_path_pose_count"": 34, ""evaluation_path_pose_count"": 176}"
complex_s04_q0082,f_n3p_knn,Complex,d16_20,True,True,0.22692723106592894,99,17.454836015408112,17.454836015408112,0.0,0,0.1917508020139008,0.06185678230092395,0,4,1,0,True,0,0,,,"{""profile_name"": ""complex_d02"", ""map_seed"": 20400620, ""query_seed"": 20401622}"
complex_s04_q0082,n3p_k1,Complex,d16_20,True,True,0.22803463600575924,99,17.454836015408112,17.454836015408112,0.0,0,0.1917508020139008,0.06185678230092395,0,0,1,0,True,0,0,,,"{""profile_name"": ""complex_d02"", ""map_seed"": 20400620, ""query_seed"": 20401622}"
complex_s04_q0082,voronoi_waypoint,Complex,d16_20,True,True,0.9574826289899647,330,18.172937017732114,17.454836015408112,0.04114051840361621,0,0.2918230099213216,0.06560890408317377,0,0,0,0,False,,,,,"{""profile_name"": ""complex_d02"", ""map_seed"": 20400620, ""query_seed"": 20401622, ""waypoint_count"": 3}"
complex_s04_q0082,bottleneck_waypoint,Complex,d16_20,True,True,0.8175286590121686,5,18.289925796978267,17.454836015408112,0.04784288897546718,0,0.2914450362257025,0.25040698662902616,0,0,0,0,False,,,,,"{""profile_name"": ""complex_d02"", ""map_seed"": 20400620, ""query_seed"": 20401622, ""waypoint_count"": 4, ""bottleneck_count"": 4}"
complex_s04_q0082,md_dqn,Complex,d16_20,False,False,0.3603661742527038,555,1.1043750000000154,17.454836015408112,,1,0.8275145490725698,0.4889223783514165,0,0,0,0,False,,,,md_dqn_not_reached,"{""profile_name"": ""complex_d02"", ""map_seed"": 20400620, ""query_seed"": 20401622, ""md_dqn_source_dir"": ""/home/ubuntu/DQN10/2_experiment"", ""md_dqn_checkpoint_path"": ""/home/ubuntu/DQN10/2_experiment/ugv_dqn/outputs/2026-05-12_train_load_external_demo_smoke/models/realmap_a/mlp-dqn.pt"", ""md_dqn_algo"": ""mlp-dqn"", ""md_dqn_device"": ""cpu"", ""md_dqn_max_steps"": 600, ""md_dqn_rollout_steps"": 555, ""md_dqn_reached"": false}"
complex_s04_q0083,vanilla_ha,Complex,d20_inf,False,False,2.504146099090576,2897,,,,0,,,0,0,0,0,False,,,,timeout,"{""profile_name"": ""complex_d02"", ""map_seed"": 20400620, ""query_seed"": 20401623, ""evaluation_path_source"": ""planner_path"", ""planner_path_pose_count"": 0, ""evaluation_path_pose_count"": 0}"
complex_s04_q0083,f_n3p_knn,Complex,d20_inf,True,True,1.8437094211112708,1221,24.369835764128748,,,0,0.1435832807188996,0.10429004814320586,0,5,1,0,True,0,1,0.0,,"{""profile_name"": ""complex_d02"", ""map_seed"": 20400620, ""query_seed"": 20401623}"
complex_s04_q0083,n3p_k1,Complex,d20_inf,True,True,0.7497340159025043,291,24.324893137145718,,,0,0.19304364219241651,0.0830859085052773,0,0,1,0,True,2,2,1.0,,"{""profile_name"": ""complex_d02"", ""map_seed"": 20400620, ""query_seed"": 20401623}"
complex_s04_q0083,voronoi_waypoint,Complex,d20_inf,True,True,0.8197257700376213,5,24.868676427986564,,,0,0.2561090262108636,0.1894111544883611,0,0,0,0,False,,,,,"{""profile_name"": ""complex_d02"", ""map_seed"": 20400620, ""query_seed"": 20401623, ""waypoint_count"": 4}"
complex_s04_q0083,bottleneck_waypoint,Complex,d20_inf,True,True,0.8182864978443831,5,24.46190953987168,,,0,0.30468790434763027,0.1894111544883611,0,0,0,0,False,,,,,"{""profile_name"": ""complex_d02"", ""map_seed"": 20400620, ""query_seed"": 20401623, ""waypoint_count"": 4, ""bottleneck_count"": 4}"
complex_s04_q0083,md_dqn,Complex,d20_inf,False,False,0.17168827122077346,600,1.1250000000004434,,,0,0.0,0.1894111544883611,0,0,0,0,False,,,,md_dqn_not_reached,"{""profile_name"": ""complex_d02"", ""map_seed"": 20400620, ""query_seed"": 20401623, ""md_dqn_source_dir"": ""/home/ubuntu/DQN10/2_experiment"", ""md_dqn_checkpoint_path"": ""/home/ubuntu/DQN10/2_experiment/ugv_dqn/outputs/2026-05-12_train_load_external_demo_smoke/models/realmap_a/mlp-dqn.pt"", ""md_dqn_algo"": ""mlp-dqn"", ""md_dqn_device"": ""cpu"", ""md_dqn_max_steps"": 600, ""md_dqn_rollout_steps"": 600, ""md_dqn_reached"": false}"
complex_s04_q0084,vanilla_ha,Complex,d08_12,True,True,0.15641188621520996,1,8.102468759581859,,,0,0.0,1.1381169648869505,0,0,0,0,False,,,,,"{""profile_name"": ""complex_d02"", ""map_seed"": 20400620, ""query_seed"": 20401624, ""evaluation_path_source"": ""trace_poses"", ""planner_path_pose_count"": 2, ""evaluation_path_pose_count"": 83}"
complex_s04_q0084,f_n3p_knn,Complex,d08_12,True,True,0.00039760302752256393,0,8.10246875958186,8.102468759581859,2.220446049250313e-16,0,2.7404561685281973e-17,1.1381169648869518,0,0,0,0,False,0,0,,,"{""profile_name"": ""complex_d02"", ""map_seed"": 20400620, ""query_seed"": 20401624}"
complex_s04_q0084,n3p_k1,Complex,d08_12,True,True,0.000403229845687747,0,8.10246875958186,8.102468759581859,2.220446049250313e-16,0,2.7404561685281973e-17,1.1381169648869518,0,0,0,0,False,0,0,,,"{""profile_name"": ""complex_d02"", ""map_seed"": 20400620, ""query_seed"": 20401624}"
complex_s04_q0084,voronoi_waypoint,Complex,d08_12,True,True,0.35671430197544396,2,8.146593281454049,8.102468759581859,0.005445812033524788,0,0.12395481147568387,1.1395503340501945,0,0,0,0,False,,,,,"{""profile_name"": ""complex_d02"", ""map_seed"": 20400620, ""query_seed"": 20401624, ""waypoint_count"": 1}"
complex_s04_q0084,bottleneck_waypoint,Complex,d08_12,True,True,0.3593050909694284,2,8.108538463107212,8.102468759581859,0.0007491177942742233,0,0.048335787193651045,1.1339118839075213,0,0,0,0,False,,,,,"{""profile_name"": ""complex_d02"", ""map_seed"": 20400620, ""query_seed"": 20401624, ""waypoint_count"": 1, ""bottleneck_count"": 1}"
complex_s04_q0084,md_dqn,Complex,d08_12,False,False,0.3623355596791953,600,1.1249999999998084,8.102468759581859,,0,0.0,1.5170541706828888,0,0,0,0,False,,,,md_dqn_not_reached,"{""profile_name"": ""complex_d02"", ""map_seed"": 20400620, ""query_seed"": 20401624, ""md_dqn_source_dir"": ""/home/ubuntu/DQN10/2_experiment"", ""md_dqn_checkpoint_path"": ""/home/ubuntu/DQN10/2_experiment/ugv_dqn/outputs/2026-05-12_train_load_external_demo_smoke/models/realmap_a/mlp-dqn.pt"", ""md_dqn_algo"": ""mlp-dqn"", ""md_dqn_device"": ""cpu"", ""md_dqn_max_steps"": 600, ""md_dqn_rollout_steps"": 600, ""md_dqn_reached"": false}"
complex_s04_q0085,vanilla_ha,Complex,d12_16,True,True,0.258575439453125,185,15.27623753948386,,,0,0.1911461915835991,0.07515753237550549,0,0,0,0,False,,,,,"{""profile_name"": ""complex_d02"", ""map_seed"": 20400621, ""query_seed"": 20401621, ""evaluation_path_source"": ""trace_poses"", ""planner_path_pose_count"": 19, ""evaluation_path_pose_count"": 155}"
complex_s04_q0085,f_n3p_knn,Complex,d12_16,True,True,0.4030268769711256,94,15.20068989886581,15.27623753948386,-0.00494543505380729,0,0.22686636798413728,0.05660802948714033,0,4,1,0,True,1,1,1.0,,"{""profile_name"": ""complex_d02"", ""map_seed"": 20400621, ""query_seed"": 20401621}"
complex_s04_q0085,n3p_k1,Complex,d12_16,True,True,0.4011980430223048,94,15.20068989886581,15.27623753948386,-0.00494543505380729,0,0.22686636798413728,0.05660802948714033,0,0,1,0,True,1,1,1.0,,"{""profile_name"": ""complex_d02"", ""map_seed"": 20400621, ""query_seed"": 20401621}"
complex_s04_q0085,voronoi_waypoint,Complex,d12_16,True,True,1.6646750618238002,1356,15.782155592238704,15.27623753948386,0.03311797498875091,0,0.2219378408007978,0.07176800339118938,0,0,0,0,False,,,,,"{""profile_name"": ""complex_d02"", ""map_seed"": 20400621, ""query_seed"": 20401621, ""waypoint_count"": 2}"
complex_s04_q0085,bottleneck_waypoint,Complex,d12_16,True,True,0.4839172789361328,3,15.519068171822928,15.27623753948386,0.01589597122402897,0,0.16515781395109072,0.06276200711993002,0,0,0,0,False,,,,,"{""profile_name"": ""complex_d02"", ""map_seed"": 20400621, ""query_seed"": 20401621, ""waypoint_count"": 2, ""bottleneck_count"": 2}"
complex_s04_q0085,md_dqn,Complex,d12_16,False,False,0.17145809368230402,600,1.1250000000007048,15.27623753948386,,0,0.0,0.45011357257472195,0,0,0,0,False,,,,md_dqn_not_reached,"{""profile_name"": ""complex_d02"", ""map_seed"": 20400621, ""query_seed"": 20401621, ""md_dqn_source_dir"": ""/home/ubuntu/DQN10/2_experiment"", ""md_dqn_checkpoint_path"": ""/home/ubuntu/DQN10/2_experiment/ugv_dqn/outputs/2026-05-12_train_load_external_demo_smoke/models/realmap_a/mlp-dqn.pt"", ""md_dqn_algo"": ""mlp-dqn"", ""md_dqn_device"": ""cpu"", ""md_dqn_max_steps"": 600, ""md_dqn_rollout_steps"": 600, ""md_dqn_reached"": false}"
complex_s04_q0086,vanilla_ha,Complex,d16_20,False,False,2.5002591609954834,2785,,,,0,,,0,0,0,0,False,,,,timeout,"{""profile_name"": ""complex_d02"", ""map_seed"": 20400621, ""query_seed"": 20401622, ""evaluation_path_source"": ""planner_path"", ""planner_path_pose_count"": 0, ""evaluation_path_pose_count"": 0}"
complex_s04_q0086,f_n3p_knn,Complex,d16_20,False,False,3.6715889000333846,3925,,,,0,,,0,4,1,1,True,1,1,1.0,f2_failed:prediction:goal_in_collision;goal:timeout;f3_failed:timeout,"{""profile_name"": ""complex_d02"", ""map_seed"": 20400621, ""query_seed"": 20401622}"
complex_s04_q0086,n3p_k1,Complex,d16_20,False,False,3.668291273061186,3915,,,,0,,,0,0,1,1,True,1,1,1.0,f2_failed:prediction:goal_in_collision;goal:timeout;f3_failed:timeout,"{""profile_name"": ""complex_d02"", ""map_seed"": 20400621, ""query_seed"": 20401622}"
complex_s04_q0086,voronoi_waypoint,Complex,d16_20,True,True,0.6230230450164527,8,18.957840203379085,,,0,0.300655645340062,0.06162997319291874,0,0,0,0,False,,,,,"{""profile_name"": ""complex_d02"", ""map_seed"": 20400621, ""query_seed"": 20401622, ""waypoint_count"": 3}"
complex_s04_q0086,bottleneck_waypoint,Complex,d16_20,True,True,0.6205872939899564,4,18.914895607805715,,,1,0.191138926346948,0.18233222317471942,0,0,0,0,False,,,,,"{""profile_name"": ""complex_d02"", ""map_seed"": 20400621, ""query_seed"": 20401622, ""waypoint_count"": 3, ""bottleneck_count"": 3}"
complex_s04_q0086,md_dqn,Complex,d16_20,False,False,0.17060270276851952,600,1.1250000000000078,,,0,0.8286550898949565,2.7240839882720578,0,0,0,0,False,,,,md_dqn_not_reached,"{""profile_name"": ""complex_d02"", ""map_seed"": 20400621, ""query_seed"": 20401622, ""md_dqn_source_dir"": ""/home/ubuntu/DQN10/2_experiment"", ""md_dqn_checkpoint_path"": ""/home/ubuntu/DQN10/2_experiment/ugv_dqn/outputs/2026-05-12_train_load_external_demo_smoke/models/realmap_a/mlp-dqn.pt"", ""md_dqn_algo"": ""mlp-dqn"", ""md_dqn_device"": ""cpu"", ""md_dqn_max_steps"": 600, ""md_dqn_rollout_steps"": 600, ""md_dqn_reached"": false}"
complex_s04_q0087,vanilla_ha,Complex,d20_inf,False,False,2.5003116130828857,4208,,,,0,,,0,0,0,0,False,,,,timeout,"{""profile_name"": ""complex_d02"", ""map_seed"": 20400621, ""query_seed"": 20401623, ""evaluation_path_source"": ""planner_path"", ""planner_path_pose_count"": 0, ""evaluation_path_pose_count"": 0}"
complex_s04_q0087,f_n3p_knn,Complex,d20_inf,True,True,0.8341249949298799,69,27.227654321737038,,,3,0.357415113121156,0.0659940876862718,0,8,2,0,True,3,3,1.0,,"{""profile_name"": ""complex_d02"", ""map_seed"": 20400621, ""query_seed"": 20401623}"
complex_s04_q0087,n3p_k1,Complex,d20_inf,True,True,0.8222195280250162,69,27.227654321737038,,,3,0.357415113121156,0.0659940876862718,0,0,2,0,True,3,3,1.0,,"{""profile_name"": ""complex_d02"", ""map_seed"": 20400621, ""query_seed"": 20401623}"
complex_s04_q0087,voronoi_waypoint,Complex,d20_inf,True,True,0.7687921861652285,9,29.01005888257429,,,2,0.11850311251172381,0.0974742536307942,0,0,0,0,False,,,,,"{""profile_name"": ""complex_d02"", ""map_seed"": 20400621, ""query_seed"": 20401623, ""waypoint_count"": 4}"
complex_s04_q0087,bottleneck_waypoint,Complex,d20_inf,True,True,0.7731829830445349,10,29.095574112828174,,,2,0.13058547223072314,0.0974742536307942,0,0,0,0,False,,,,,"{""profile_name"": ""complex_d02"", ""map_seed"": 20400621, ""query_seed"": 20401623, ""waypoint_count"": 4, ""bottleneck_count"": 4}"
complex_s04_q0087,md_dqn,Complex,d20_inf,False,False,0.0015978210140019655,1,0.003750000000000375,,,0,0.08734630124017147,0.12121722930119005,0,0,0,0,False,,,,md_dqn_not_reached,"{""profile_name"": ""complex_d02"", ""map_seed"": 20400621, ""query_seed"": 20401623, ""md_dqn_source_dir"": ""/home/ubuntu/DQN10/2_experiment"", ""md_dqn_checkpoint_path"": ""/home/ubuntu/DQN10/2_experiment/ugv_dqn/outputs/2026-05-12_train_load_external_demo_smoke/models/realmap_a/mlp-dqn.pt"", ""md_dqn_algo"": ""mlp-dqn"", ""md_dqn_device"": ""cpu"", ""md_dqn_max_steps"": 600, ""md_dqn_rollout_steps"": 1, ""md_dqn_reached"": false}"
complex_s04_q0088,vanilla_ha,Complex,d08_12,True,True,0.14804577827453613,1,8.324061508662705,,,0,0.0,0.11256087352795152,0,0,0,0,False,,,,,"{""profile_name"": ""complex_d02"", ""map_seed"": 20400621, ""query_seed"": 20401624, ""evaluation_path_source"": ""trace_poses"", ""planner_path_pose_count"": 2, ""evaluation_path_pose_count"": 85}"
complex_s04_q0088,f_n3p_knn,Complex,d08_12,True,True,0.00048786704428493977,0,8.324061508662705,8.324061508662705,0.0,0,4.00125476056286e-17,0.11256087352795152,0,0,0,0,False,0,0,,,"{""profile_name"": ""complex_d02"", ""map_seed"": 20400621, ""query_seed"": 20401624}"
complex_s04_q0088,n3p_k1,Complex,d08_12,True,True,0.0004513449966907501,0,8.324061508662705,8.324061508662705,0.0,0,4.00125476056286e-17,0.11256087352795152,0,0,0,0,False,0,0,,,"{""profile_name"": ""complex_d02"", ""map_seed"": 20400621, ""query_seed"": 20401624}"
complex_s04_q0088,voronoi_waypoint,Complex,d08_12,True,True,0.3324805030133575,2,8.925171579698297,8.324061508662705,0.07221355469442736,0,0.2226849854486903,0.6834301258773148,0,0,0,0,False,,,,,"{""profile_name"": ""complex_d02"", ""map_seed"": 20400621, ""query_seed"": 20401624, ""waypoint_count"": 1}"
complex_s04_q0088,bottleneck_waypoint,Complex,d08_12,True,True,0.4771910379640758,3,8.974723871897847,8.324061508662705,0.07816645306597136,0,0.2579728763417694,0.6834301258773148,0,0,0,0,False,,,,,"{""profile_name"": ""complex_d02"", ""map_seed"": 20400621, ""query_seed"": 20401624, ""waypoint_count"": 2, ""bottleneck_count"": 2}"
complex_s04_q0088,md_dqn,Complex,d08_12,False,False,0.2126430117059499,437,2.064374999999996,8.324061508662705,,1,0.5966855673952957,0.4659572793740163,0,0,0,0,False,,,,md_dqn_not_reached,"{""profile_name"": ""complex_d02"", ""map_seed"": 20400621, ""query_seed"": 20401624, ""md_dqn_source_dir"": ""/home/ubuntu/DQN10/2_experiment"", ""md_dqn_checkpoint_path"": ""/home/ubuntu/DQN10/2_experiment/ugv_dqn/outputs/2026-05-12_train_load_external_demo_smoke/models/realmap_a/mlp-dqn.pt"", ""md_dqn_algo"": ""mlp-dqn"", ""md_dqn_device"": ""cpu"", ""md_dqn_max_steps"": 600, ""md_dqn_rollout_steps"": 437, ""md_dqn_reached"": false}"
complex_s04_q0089,vanilla_ha,Complex,d12_16,True,True,0.36359453201293945,341,15.19587190870289,,,0,0.1686912282069382,0.0764117360801887,0,0,0,0,False,,,,,"{""profile_name"": ""complex_d02"", ""map_seed"": 20400621, ""query_seed"": 20401625, ""evaluation_path_source"": ""trace_poses"", ""planner_path_pose_count"": 33, ""evaluation_path_pose_count"": 155}"
complex_s04_q0089,f_n3p_knn,Complex,d12_16,True,True,0.41237513814121485,104,15.949028587578773,15.19587190870289,0.049563242135815866,4,0.1577969504110311,0.0805386066213013,0,5,1,0,True,0,1,0.0,,"{""profile_name"": ""complex_d02"", ""map_seed"": 20400621, ""query_seed"": 20401625}"
complex_s04_q0089,n3p_k1,Complex,d12_16,True,True,0.5584841538220644,224,15.90530761345091,15.19587190870289,0.04668608086527226,2,0.18943150179962095,0.07231262747276002,0,0,2,0,True,0,0,,,"{""profile_name"": ""complex_d02"", ""map_seed"": 20400621, ""query_seed"": 20401625}"
complex_s04_q0089,voronoi_waypoint,Complex,d12_16,True,True,0.5166945001110435,3,15.598286942772187,15.19587190870289,0.026481865370214797,0,0.13858432076632687,0.06253551907928673,0,0,0,0,False,,,,,"{""profile_name"": ""complex_d02"", ""map_seed"": 20400621, ""query_seed"": 20401625, ""waypoint_count"": 2}"
complex_s04_q0089,bottleneck_waypoint,Complex,d12_16,True,True,0.5199125979561359,3,15.684270161008692,15.19587190870289,0.032140192760251596,0,0.169063354565779,0.06208377122370107,0,0,0,0,False,,,,,"{""profile_name"": ""complex_d02"", ""map_seed"": 20400621, ""query_seed"": 20401625, ""waypoint_count"": 2, ""bottleneck_count"": 2}"
complex_s04_q0089,md_dqn,Complex,d12_16,False,False,0.39297823514789343,600,1.1250000000003482,15.19587190870289,,0,0.0,0.7974228123054949,0,0,0,0,False,,,,md_dqn_not_reached,"{""profile_name"": ""complex_d02"", ""map_seed"": 20400621, ""query_seed"": 20401625, ""md_dqn_source_dir"": ""/home/ubuntu/DQN10/2_experiment"", ""md_dqn_checkpoint_path"": ""/home/ubuntu/DQN10/2_experiment/ugv_dqn/outputs/2026-05-12_train_load_external_demo_smoke/models/realmap_a/mlp-dqn.pt"", ""md_dqn_algo"": ""mlp-dqn"", ""md_dqn_device"": ""cpu"", ""md_dqn_max_steps"": 600, ""md_dqn_rollout_steps"": 600, ""md_dqn_reached"": false}"
complex_s04_q0090,vanilla_ha,Complex,d16_20,False,False,2.5002329349517822,2944,,,,0,,,0,0,0,0,False,,,,timeout,"{""profile_name"": ""complex_d02"", ""map_seed"": 20400622, ""query_seed"": 20401622, ""evaluation_path_source"": ""planner_path"", ""planner_path_pose_count"": 0, ""evaluation_path_pose_count"": 0}"
complex_s04_q0090,f_n3p_knn,Complex,d16_20,True,True,0.3357913140207529,2,17.41224217457111,,,0,0.09755116294299634,0.14144934707034795,0,2,0,0,True,0,2,0.0,,"{""profile_name"": ""complex_d02"", ""map_seed"": 20400622, ""query_seed"": 20401622}"
complex_s04_q0090,n3p_k1,Complex,d16_20,False,False,4.248809644952416,4708,,,,0,,,0,0,2,1,True,0,0,,f2_failed:prediction:goal_in_collision;goal:timeout;f3_failed:timeout,"{""profile_name"": ""complex_d02"", ""map_seed"": 20400622, ""query_seed"": 20401622}"
complex_s04_q0090,voronoi_waypoint,Complex,d16_20,True,True,0.640185410855338,4,18.454054005283375,,,2,0.26696441805227145,0.12574661164532208,0,0,0,0,False,,,,,"{""profile_name"": ""complex_d02"", ""map_seed"": 20400622, ""query_seed"": 20401622, ""waypoint_count"": 3}"
complex_s04_q0090,bottleneck_waypoint,Complex,d16_20,True,True,0.6241152789443731,4,18.532034850004894,,,2,0.16486859450889776,0.17444447644471905,0,0,0,0,False,,,,,"{""profile_name"": ""complex_d02"", ""map_seed"": 20400622, ""query_seed"": 20401622, ""waypoint_count"": 3, ""bottleneck_count"": 3}"
complex_s04_q0090,md_dqn,Complex,d16_20,False,False,0.532253006240353,406,5.366249999999973,,,1,0.2733468181289691,0.13002923855354653,0,0,0,0,False,,,,md_dqn_not_reached,"{""profile_name"": ""complex_d02"", ""map_seed"": 20400622, ""query_seed"": 20401622, ""md_dqn_source_dir"": ""/home/ubuntu/DQN10/2_experiment"", ""md_dqn_checkpoint_path"": ""/home/ubuntu/DQN10/2_experiment/ugv_dqn/outputs/2026-05-12_train_load_external_demo_smoke/models/realmap_a/mlp-dqn.pt"", ""md_dqn_algo"": ""mlp-dqn"", ""md_dqn_device"": ""cpu"", ""md_dqn_max_steps"": 600, ""md_dqn_rollout_steps"": 406, ""md_dqn_reached"": false}"
complex_s04_q0091,vanilla_ha,Complex,d20_inf,True,True,1.601703405380249,2281,32.80572699765463,,,0,0.24340017903925815,0.07463375585584242,0,0,0,0,False,,,,,"{""profile_name"": ""complex_d02"", ""map_seed"": 20400622, ""query_seed"": 20401623, ""evaluation_path_source"": ""trace_poses"", ""planner_path_pose_count"": 80, ""evaluation_path_pose_count"": 330}"
complex_s04_q0091,f_n3p_knn,Complex,d20_inf,True,True,0.6107961900997907,4,33.08986395160828,32.80572699765463,0.008661199734240288,0,0.10788284020409307,0.15623689342084612,0,3,0,0,True,3,4,0.75,,"{""profile_name"": ""complex_d02"", ""map_seed"": 20400622, ""query_seed"": 20401623}"
complex_s04_q0091,n3p_k1,Complex,d20_inf,True,True,0.4602931549306959,9,31.809212700106965,32.80572699765463,-0.03037622966315945,0,0.04127109833483483,0.08762273296136058,0,0,1,0,True,2,2,1.0,,"{""profile_name"": ""complex_d02"", ""map_seed"": 20400622, ""query_seed"": 20401623}"
complex_s04_q0091,voronoi_waypoint,Complex,d20_inf,True,True,1.0561466158833355,7,33.44081073712425,32.80572699765463,0.01935892899172842,0,0.19466894248520922,0.08960722621497053,0,0,0,0,False,,,,,"{""profile_name"": ""complex_d02"", ""map_seed"": 20400622, ""query_seed"": 20401623, ""waypoint_count"": 6}"
complex_s04_q0091,bottleneck_waypoint,Complex,d20_inf,True,True,0.9130610029678792,6,33.55306001947165,32.80572699765463,0.022780565779580098,0,0.1514290732907855,0.5608485591473975,0,0,0,0,False,,,,,"{""profile_name"": ""complex_d02"", ""map_seed"": 20400622, ""query_seed"": 20401623, ""waypoint_count"": 5, ""bottleneck_count"": 5}"
complex_s04_q0091,md_dqn,Complex,d20_inf,False,False,0.4273526365868747,415,1.5299999999999836,32.80572699765463,,2,0.8276658877740194,0.4839551327471433,0,0,0,0,False,,,,md_dqn_not_reached,"{""profile_name"": ""complex_d02"", ""map_seed"": 20400622, ""query_seed"": 20401623, ""md_dqn_source_dir"": ""/home/ubuntu/DQN10/2_experiment"", ""md_dqn_checkpoint_path"": ""/home/ubuntu/DQN10/2_experiment/ugv_dqn/outputs/2026-05-12_train_load_external_demo_smoke/models/realmap_a/mlp-dqn.pt"", ""md_dqn_algo"": ""mlp-dqn"", ""md_dqn_device"": ""cpu"", ""md_dqn_max_steps"": 600, ""md_dqn_rollout_steps"": 415, ""md_dqn_reached"": false}"
complex_s04_q0092,vanilla_ha,Complex,d08_12,True,True,0.153090238571167,1,11.335784048754633,,,0,0.0,0.23990287024915824,0,0,0,0,False,,,,,"{""profile_name"": ""complex_d02"", ""map_seed"": 20400622, ""query_seed"": 20401624, ""evaluation_path_source"": ""trace_poses"", ""planner_path_pose_count"": 2, ""evaluation_path_pose_count"": 115}"
complex_s04_q0092,f_n3p_knn,Complex,d08_12,True,True,0.0005111049395054579,0,11.335784048754633,11.335784048754633,0.0,0,0.0,0.23990287024916013,0,0,0,0,False,0,0,,,"{""profile_name"": ""complex_d02"", ""map_seed"": 20400622, ""query_seed"": 20401624}"
complex_s04_q0092,n3p_k1,Complex,d08_12,True,True,0.0005000371020287275,0,11.335784048754633,11.335784048754633,0.0,0,0.0,0.23990287024916013,0,0,0,0,False,0,0,,,"{""profile_name"": ""complex_d02"", ""map_seed"": 20400622, ""query_seed"": 20401624}"
complex_s04_q0092,voronoi_waypoint,Complex,d08_12,True,True,0.33599612792022526,2,11.351101622373308,11.335784048754633,0.0013512584178381193,0,0.023459403573862534,0.32601537363070865,0,0,0,0,False,,,,,"{""profile_name"": ""complex_d02"", ""map_seed"": 20400622, ""query_seed"": 20401624, ""waypoint_count"": 1}"
complex_s04_q0092,bottleneck_waypoint,Complex,d08_12,True,True,0.3322195520158857,2,11.347430005660538,11.335784048754633,0.0010273622764704893,0,0.05135514780909613,0.23960798293122032,0,0,0,0,False,,,,,"{""profile_name"": ""complex_d02"", ""map_seed"": 20400622, ""query_seed"": 20401624, ""waypoint_count"": 1, ""bottleneck_count"": 1}"
complex_s04_q0092,md_dqn,Complex,d08_12,False,False,0.39314189786091447,600,1.1250000000000124,11.335784048754633,,0,0.8286550898948792,1.9520813869305895,0,0,0,0,False,,,,md_dqn_not_reached,"{""profile_name"": ""complex_d02"", ""map_seed"": 20400622, ""query_seed"": 20401624, ""md_dqn_source_dir"": ""/home/ubuntu/DQN10/2_experiment"", ""md_dqn_checkpoint_path"": ""/home/ubuntu/DQN10/2_experiment/ugv_dqn/outputs/2026-05-12_train_load_external_demo_smoke/models/realmap_a/mlp-dqn.pt"", ""md_dqn_algo"": ""mlp-dqn"", ""md_dqn_device"": ""cpu"", ""md_dqn_max_steps"": 600, ""md_dqn_rollout_steps"": 600, ""md_dqn_reached"": false}"
complex_s04_q0093,vanilla_ha,Complex,d12_16,True,True,0.15552330017089844,1,13.446932735757997,,,0,0.0,0.46581316077049384,0,0,0,0,False,,,,,"{""profile_name"": ""complex_d02"", ""map_seed"": 20400622, ""query_seed"": 20401625, ""evaluation_path_source"": ""trace_poses"", ""planner_path_pose_count"": 2, ""evaluation_path_pose_count"": 136}"
complex_s04_q0093,f_n3p_knn,Complex,d12_16,True,True,0.0005981898866593838,0,13.446932735757997,13.446932735757997,0.0,0,3.302531652211985e-17,0.46581316077049384,0,0,0,0,False,0,0,,,"{""profile_name"": ""complex_d02"", ""map_seed"": 20400622, ""query_seed"": 20401625}"
complex_s04_q0093,n3p_k1,Complex,d12_16,True,True,0.0005860540550202131,0,13.446932735757997,13.446932735757997,0.0,0,3.302531652211985e-17,0.46581316077049384,0,0,0,0,False,0,0,,,"{""profile_name"": ""complex_d02"", ""map_seed"": 20400622, ""query_seed"": 20401625}"
complex_s04_q0093,voronoi_waypoint,Complex,d12_16,True,True,0.5058205239474773,3,13.73114403602683,13.446932735757997,0.02113577169260772,0,0.13749180701065378,0.4479452103281373,0,0,0,0,False,,,,,"{""profile_name"": ""complex_d02"", ""map_seed"": 20400622, ""query_seed"": 20401625, ""waypoint_count"": 2}"
complex_s04_q0093,bottleneck_waypoint,Complex,d12_16,True,True,0.511221586028114,3,13.630519653545685,13.446932735757997,0.01365269845512751,0,0.1589643086052399,0.5074852080733613,0,0,0,0,False,,,,,"{""profile_name"": ""complex_d02"", ""map_seed"": 20400622, ""query_seed"": 20401625, ""waypoint_count"": 2, ""bottleneck_count"": 2}"
complex_s04_q0093,md_dqn,Complex,d12_16,False,False,0.6613552337512374,474,1.7100000000000013,13.446932735757997,,2,0.7307693858950318,0.47317903857341714,0,0,0,0,False,,,,md_dqn_not_reached,"{""profile_name"": ""complex_d02"", ""map_seed"": 20400622, ""query_seed"": 20401625, ""md_dqn_source_dir"": ""/home/ubuntu/DQN10/2_experiment"", ""md_dqn_checkpoint_path"": ""/home/ubuntu/DQN10/2_experiment/ugv_dqn/outputs/2026-05-12_train_load_external_demo_smoke/models/realmap_a/mlp-dqn.pt"", ""md_dqn_algo"": ""mlp-dqn"", ""md_dqn_device"": ""cpu"", ""md_dqn_max_steps"": 600, ""md_dqn_rollout_steps"": 474, ""md_dqn_reached"": false}"
complex_s04_q0094,vanilla_ha,Complex,d16_20,True,True,0.17812895774841309,41,16.46788468897396,,,0,0.0890710228528307,0.12371617659239198,0,0,0,0,False,,,,,"{""profile_name"": ""complex_d02"", ""map_seed"": 20400622, ""query_seed"": 20401626, ""evaluation_path_source"": ""trace_poses"", ""planner_path_pose_count"": 20, ""evaluation_path_pose_count"": 167}"
complex_s04_q0094,f_n3p_knn,Complex,d16_20,True,True,0.32477430696599185,2,17.41773651354558,16.46788468897396,0.057679042725359286,0,0.11140421233613827,0.21257581245389334,0,1,0,0,True,1,2,0.5,,"{""profile_name"": ""complex_d02"", ""map_seed"": 20400622, ""query_seed"": 20401626}"
complex_s04_q0094,n3p_k1,Complex,d16_20,True,True,0.22207794501446187,64,16.6750079798264,16.46788468897396,0.01257740716335709,0,0.1366600391698818,0.08672441424965105,0,0,1,0,True,0,0,,,"{""profile_name"": ""complex_d02"", ""map_seed"": 20400622, ""query_seed"": 20401626}"
complex_s04_q0094,voronoi_waypoint,Complex,d16_20,True,True,0.6579698810819536,4,18.782218329692434,16.46788468897396,0.14053618205549068,2,0.32542040211925183,0.5025845777723169,0,0,0,0,False,,,,,"{""profile_name"": ""complex_d02"", ""map_seed"": 20400622, ""query_seed"": 20401626, ""waypoint_count"": 3}"
complex_s04_q0094,bottleneck_waypoint,Complex,d16_20,True,True,0.5096610540058464,3,17.67634531883488,16.46788468897396,0.07338286930500804,2,0.25686127092823136,0.665139773749037,0,0,0,0,False,,,,,"{""profile_name"": ""complex_d02"", ""map_seed"": 20400622, ""query_seed"": 20401626, ""waypoint_count"": 2, ""bottleneck_count"": 2}"
complex_s04_q0094,md_dqn,Complex,d16_20,False,False,0.6515181735157967,445,1.6106249999999995,16.46788468897396,,1,0.8062342486836092,0.3933827139787469,0,0,0,0,False,,,,md_dqn_not_reached,"{""profile_name"": ""complex_d02"", ""map_seed"": 20400622, ""query_seed"": 20401626, ""md_dqn_source_dir"": ""/home/ubuntu/DQN10/2_experiment"", ""md_dqn_checkpoint_path"": ""/home/ubuntu/DQN10/2_experiment/ugv_dqn/outputs/2026-05-12_train_load_external_demo_smoke/models/realmap_a/mlp-dqn.pt"", ""md_dqn_algo"": ""mlp-dqn"", ""md_dqn_device"": ""cpu"", ""md_dqn_max_steps"": 600, ""md_dqn_rollout_steps"": 445, ""md_dqn_reached"": false}"
complex_s04_q0095,vanilla_ha,Complex,d20_inf,True,True,0.31980204582214355,369,29.174244137992424,,,0,0.20691518906455572,0.05954476330389963,0,0,0,0,False,,,,,"{""profile_name"": ""complex_d02"", ""map_seed"": 20400623, ""query_seed"": 20401623, ""evaluation_path_source"": ""trace_poses"", ""planner_path_pose_count"": 68, ""evaluation_path_pose_count"": 294}"
complex_s04_q0095,f_n3p_knn,Complex,d20_inf,True,True,0.6267880368977785,4,28.828282453064684,29.174244137992424,-0.011858462666294312,0,0.08575500225308401,0.06838204667844527,0,2,0,0,True,3,4,0.75,,"{""profile_name"": ""complex_d02"", ""map_seed"": 20400623, ""query_seed"": 20401623}"
complex_s04_q0095,n3p_k1,Complex,d20_inf,True,True,0.6190358940511942,6,32.355834633729195,29.174244137992424,0.1090547703888416,2,0.28788904877121246,0.11386179919685158,0,0,2,0,True,2,2,1.0,,"{""profile_name"": ""complex_d02"", ""map_seed"": 20400623, ""query_seed"": 20401623}"
complex_s04_q0095,voronoi_waypoint,Complex,d20_inf,True,True,1.1032205901574343,249,29.123695862575282,29.174244137992424,-0.0017326335920838654,0,0.19189048966448682,0.10624204536572557,0,0,0,0,False,,,,,"{""profile_name"": ""complex_d02"", ""map_seed"": 20400623, ""query_seed"": 20401623, ""waypoint_count"": 5}"
complex_s04_q0095,bottleneck_waypoint,Complex,d20_inf,True,True,1.055906421970576,7,29.22571969219116,29.174244137992424,0.0017644177499598346,0,0.17678906534766906,0.37658190966794636,0,0,0,0,False,,,,,"{""profile_name"": ""complex_d02"", ""map_seed"": 20400623, ""query_seed"": 20401623, ""waypoint_count"": 6, ""bottleneck_count"": 6}"
complex_s04_q0095,md_dqn,Complex,d20_inf,False,False,0.3856436249334365,600,1.1250000000000029,29.174244137992424,,0,0.8385645564237235,0.650312754867787,0,0,0,0,False,,,,md_dqn_not_reached,"{""profile_name"": ""complex_d02"", ""map_seed"": 20400623, ""query_seed"": 20401623, ""md_dqn_source_dir"": ""/home/ubuntu/DQN10/2_experiment"", ""md_dqn_checkpoint_path"": ""/home/ubuntu/DQN10/2_experiment/ugv_dqn/outputs/2026-05-12_train_load_external_demo_smoke/models/realmap_a/mlp-dqn.pt"", ""md_dqn_algo"": ""mlp-dqn"", ""md_dqn_device"": ""cpu"", ""md_dqn_max_steps"": 600, ""md_dqn_rollout_steps"": 600, ""md_dqn_reached"": false}"
complex_s04_q0096,vanilla_ha,Complex,d08_12,True,True,0.14964795112609863,1,8.300602387778854,,,0,0.0,0.22474604668554665,0,0,0,0,False,,,,,"{""profile_name"": ""complex_d02"", ""map_seed"": 20400623, ""query_seed"": 20401624, ""evaluation_path_source"": ""trace_poses"", ""planner_path_pose_count"": 2, ""evaluation_path_pose_count"": 85}"
complex_s04_q0096,f_n3p_knn,Complex,d08_12,True,True,0.00044794101268053055,0,8.300602387778854,8.300602387778854,0.0,0,5.3500841156288116e-17,0.22474604668554665,0,0,0,0,False,0,0,,,"{""profile_name"": ""complex_d02"", ""map_seed"": 20400623, ""query_seed"": 20401624}"
complex_s04_q0096,n3p_k1,Complex,d08_12,True,True,0.00038786185905337334,0,8.300602387778854,8.300602387778854,0.0,0,5.3500841156288116e-17,0.22474604668554665,0,0,0,0,False,0,0,,,"{""profile_name"": ""complex_d02"", ""map_seed"": 20400623, ""query_seed"": 20401624}"
complex_s04_q0096,voronoi_waypoint,Complex,d08_12,True,True,0.33269352093338966,2,9.047496628069771,8.300602387778854,0.08998072734944929,0,0.31820586618135094,0.5777066492492873,0,0,0,0,False,,,,,"{""profile_name"": ""complex_d02"", ""map_seed"": 20400623, ""query_seed"": 20401624, ""waypoint_count"": 1}"
complex_s04_q0096,bottleneck_waypoint,Complex,d08_12,True,True,0.33570561301894486,2,8.528630076477446,8.300602387778854,0.027471221731367512,0,0.14709341876736226,0.5777066492492884,0,0,0,0,False,,,,,"{""profile_name"": ""complex_d02"", ""map_seed"": 20400623, ""query_seed"": 20401624, ""waypoint_count"": 1, ""bottleneck_count"": 1}"
complex_s04_q0096,md_dqn,Complex,d08_12,False,False,0.16889572865329683,600,1.1250000000000075,8.300602387778854,,0,0.8286550898948835,0.924527615656284,0,0,0,0,False,,,,md_dqn_not_reached,"{""profile_name"": ""complex_d02"", ""map_seed"": 20400623, ""query_seed"": 20401624, ""md_dqn_source_dir"": ""/home/ubuntu/DQN10/2_experiment"", ""md_dqn_checkpoint_path"": ""/home/ubuntu/DQN10/2_experiment/ugv_dqn/outputs/2026-05-12_train_load_external_demo_smoke/models/realmap_a/mlp-dqn.pt"", ""md_dqn_algo"": ""mlp-dqn"", ""md_dqn_device"": ""cpu"", ""md_dqn_max_steps"": 600, ""md_dqn_rollout_steps"": 600, ""md_dqn_reached"": false}"
complex_s04_q0097,vanilla_ha,Complex,d12_16,True,True,0.14662909507751465,1,14.461673485458034,,,0,0.0,0.47101854894816964,0,0,0,0,False,,,,,"{""profile_name"": ""complex_d02"", ""map_seed"": 20400623, ""query_seed"": 20401625, ""evaluation_path_source"": ""trace_poses"", ""planner_path_pose_count"": 2, ""evaluation_path_pose_count"": 146}"
complex_s04_q0097,f_n3p_knn,Complex,d12_16,True,True,0.0005953970830887556,0,14.461673485458034,14.461673485458034,0.0,0,0.0,0.47101854894816964,0,0,0,0,False,0,0,,,"{""profile_name"": ""complex_d02"", ""map_seed"": 20400623, ""query_seed"": 20401625}"
complex_s04_q0097,n3p_k1,Complex,d12_16,True,True,0.0005961470305919647,0,14.461673485458034,14.461673485458034,0.0,0,0.0,0.47101854894816964,0,0,0,0,False,0,0,,,"{""profile_name"": ""complex_d02"", ""map_seed"": 20400623, ""query_seed"": 20401625}"
complex_s04_q0097,voronoi_waypoint,Complex,d12_16,True,True,0.4722576860804111,3,15.674747810728862,14.461673485458034,0.08388201590159228,0,0.30019874887838865,0.9273175565926359,0,0,0,0,False,,,,,"{""profile_name"": ""complex_d02"", ""map_seed"": 20400623, ""query_seed"": 20401625, ""waypoint_count"": 2}"
complex_s04_q0097,bottleneck_waypoint,Complex,d12_16,True,True,0.47691429895348847,3,14.662405301576577,14.461673485458034,0.013880261943431949,0,0.08205564118446929,0.5918414685607802,0,0,0,0,False,,,,,"{""profile_name"": ""complex_d02"", ""map_seed"": 20400623, ""query_seed"": 20401625, ""waypoint_count"": 2, ""bottleneck_count"": 2}"
complex_s04_q0097,md_dqn,Complex,d12_16,False,False,0.16990879434160888,600,1.1249999999995544,14.461673485458034,,0,0.0,1.3704723068366014,0,0,0,0,False,,,,md_dqn_not_reached,"{""profile_name"": ""complex_d02"", ""map_seed"": 20400623, ""query_seed"": 20401625, ""md_dqn_source_dir"": ""/home/ubuntu/DQN10/2_experiment"", ""md_dqn_checkpoint_path"": ""/home/ubuntu/DQN10/2_experiment/ugv_dqn/outputs/2026-05-12_train_load_external_demo_smoke/models/realmap_a/mlp-dqn.pt"", ""md_dqn_algo"": ""mlp-dqn"", ""md_dqn_device"": ""cpu"", ""md_dqn_max_steps"": 600, ""md_dqn_rollout_steps"": 600, ""md_dqn_reached"": false}"
complex_s04_q0098,vanilla_ha,Complex,d16_20,True,True,0.16656756401062012,49,18.72254167663905,,,0,0.121714202895195,0.05430090234452606,0,0,0,0,False,,,,,"{""profile_name"": ""complex_d02"", ""map_seed"": 20400623, ""query_seed"": 20401626, ""evaluation_path_source"": ""trace_poses"", ""planner_path_pose_count"": 8, ""evaluation_path_pose_count"": 190}"
complex_s04_q0098,f_n3p_knn,Complex,d16_20,True,True,0.3007275548297912,2,18.38031327721734,18.72254167663905,-0.018278949799253152,0,0.09787663335312868,0.0715739330850147,0,0,0,0,False,2,2,1.0,,"{""profile_name"": ""complex_d02"", ""map_seed"": 20400623, ""query_seed"": 20401626}"
complex_s04_q0098,n3p_k1,Complex,d16_20,True,True,0.2952704799827188,2,18.38031327721734,18.72254167663905,-0.018278949799253152,0,0.09787663335312868,0.0715739330850147,0,0,0,0,False,2,2,1.0,,"{""profile_name"": ""complex_d02"", ""map_seed"": 20400623, ""query_seed"": 20401626}"
complex_s04_q0098,voronoi_waypoint,Complex,d16_20,True,True,0.6428378392010927,46,19.013363522900445,18.72254167663905,0.015533246034872716,0,0.2489529895387473,0.07486329594019181,0,0,0,0,False,,,,,"{""profile_name"": ""complex_d02"", ""map_seed"": 20400623, ""query_seed"": 20401626, ""waypoint_count"": 3}"
complex_s04_q0098,bottleneck_waypoint,Complex,d16_20,True,True,0.6176037241239101,4,19.09446295248805,18.72254167663905,0.019864892399361844,3,0.14929319143842412,0.29161391647373447,0,0,0,0,False,,,,,"{""profile_name"": ""complex_d02"", ""map_seed"": 20400623, ""query_seed"": 20401626, ""waypoint_count"": 3, ""bottleneck_count"": 3}"
complex_s04_q0098,md_dqn,Complex,d16_20,False,False,0.169582175090909,600,1.1250000000000189,18.72254167663905,,0,0.8385645564237116,0.303918255752501,0,0,0,0,False,,,,md_dqn_not_reached,"{""profile_name"": ""complex_d02"", ""map_seed"": 20400623, ""query_seed"": 20401626, ""md_dqn_source_dir"": ""/home/ubuntu/DQN10/2_experiment"", ""md_dqn_checkpoint_path"": ""/home/ubuntu/DQN10/2_experiment/ugv_dqn/outputs/2026-05-12_train_load_external_demo_smoke/models/realmap_a/mlp-dqn.pt"", ""md_dqn_algo"": ""mlp-dqn"", ""md_dqn_device"": ""cpu"", ""md_dqn_max_steps"": 600, ""md_dqn_rollout_steps"": 600, ""md_dqn_reached"": false}"
complex_s04_q0099,vanilla_ha,Complex,d20_inf,False,False,2.500429391860962,5756,,,,0,,,0,0,0,0,False,,,,timeout,"{""profile_name"": ""complex_d02"", ""map_seed"": 20400623, ""query_seed"": 20401627, ""evaluation_path_source"": ""planner_path"", ""planner_path_pose_count"": 0, ""evaluation_path_pose_count"": 0}"
complex_s04_q0099,f_n3p_knn,Complex,d20_inf,True,True,0.7732994130346924,15,30.11643467608778,,,0,0.11700139493497606,0.14733609394494385,0,8,1,0,True,2,4,0.5,,"{""profile_name"": ""complex_d02"", ""map_seed"": 20400623, ""query_seed"": 20401627}"
complex_s04_q0099,n3p_k1,Complex,d20_inf,False,False,3.4687069579958916,7929,,,,0,,,0,0,1,1,True,0,0,,f2_failed:prediction:goal_in_collision;goal:node_budget_exhausted;f3_failed:timeout,"{""profile_name"": ""complex_d02"", ""map_seed"": 20400623, ""query_seed"": 20401627}"
complex_s04_q0099,voronoi_waypoint,Complex,d20_inf,True,True,0.9964983868412673,112,33.385627848512605,,,2,0.17100908132450665,0.06790592478244073,0,0,0,0,False,,,,,"{""profile_name"": ""complex_d02"", ""map_seed"": 20400623, ""query_seed"": 20401627, ""waypoint_count"": 5}"
complex_s04_q0099,bottleneck_waypoint,Complex,d20_inf,True,True,1.0629290838260204,7,33.204283502523246,,,0,0.17683235310709827,0.16245237277319058,0,0,0,0,False,,,,,"{""profile_name"": ""complex_d02"", ""map_seed"": 20400623, ""query_seed"": 20401627, ""waypoint_count"": 6, ""bottleneck_count"": 6}"
complex_s04_q0099,md_dqn,Complex,d20_inf,False,False,0.16847417107783258,600,1.1249999999999836,,,0,0.8286550898949014,1.498859364573686,0,0,0,0,False,,,,md_dqn_not_reached,"{""profile_name"": ""complex_d02"", ""map_seed"": 20400623, ""query_seed"": 20401627, ""md_dqn_source_dir"": ""/home/ubuntu/DQN10/2_experiment"", ""md_dqn_checkpoint_path"": ""/home/ubuntu/DQN10/2_experiment/ugv_dqn/outputs/2026-05-12_train_load_external_demo_smoke/models/realmap_a/mlp-dqn.pt"", ""md_dqn_algo"": ""mlp-dqn"", ""md_dqn_device"": ""cpu"", ""md_dqn_max_steps"": 600, ""md_dqn_rollout_steps"": 600, ""md_dqn_reached"": false}"
extreme_s00_q0000,vanilla_ha,Extreme,d08_12,True,True,0.2643880844116211,155,10.17961344592847,,,0,0.3093553772927387,0.08452487425444721,0,0,0,0,False,,,,,"{""profile_name"": ""extreme_d03"", ""map_seed"": 20460620, ""query_seed"": 20461620, ""evaluation_path_source"": ""trace_poses"", ""planner_path_pose_count"": 29, ""evaluation_path_pose_count"": 103}"
extreme_s00_q0000,f_n3p_knn,Extreme,d08_12,True,True,0.30550117418169975,2,11.127418019356915,10.17961344592847,0.09310811048601608,3,0.26702413631159916,0.0924432461803042,0,4,0,0,True,0,2,0.0,,"{""profile_name"": ""extreme_d03"", ""map_seed"": 20460620, ""query_seed"": 20461620}"
extreme_s00_q0000,n3p_k1,Extreme,d08_12,True,True,0.15832376899197698,7,10.08546418903281,10.17961344592847,-0.009248804720901949,0,0.1014574699391098,0.08452487425444721,0,0,1,0,True,0,0,,,"{""profile_name"": ""extreme_d03"", ""map_seed"": 20460620, ""query_seed"": 20461620}"
extreme_s00_q0000,voronoi_waypoint,Extreme,d08_12,True,True,0.33804346388205886,11,10.372170286795498,10.17961344592847,0.018915928575268692,0,0.30399113302282116,0.08452487425444721,0,0,0,0,False,,,,,"{""profile_name"": ""extreme_d03"", ""map_seed"": 20460620, ""query_seed"": 20461620, ""waypoint_count"": 1}"
extreme_s00_q0000,bottleneck_waypoint,Extreme,d08_12,True,True,0.3377100450452417,6,10.462539827559358,10.17961344592847,0.02779343077551233,0,0.19435714189117503,0.08536825044935337,0,0,0,0,False,,,,,"{""profile_name"": ""extreme_d03"", ""map_seed"": 20460620, ""query_seed"": 20461620, ""waypoint_count"": 1, ""bottleneck_count"": 1}"
extreme_s00_q0000,md_dqn,Extreme,d08_12,False,False,0.001454253913834691,1,0.0037499999999988445,10.17961344592847,,0,0.08734630124017752,0.17411848431878074,0,0,0,0,False,,,,md_dqn_not_reached,"{""profile_name"": ""extreme_d03"", ""map_seed"": 20460620, ""query_seed"": 20461620, ""md_dqn_source_dir"": ""/home/ubuntu/DQN10/2_experiment"", ""md_dqn_checkpoint_path"": ""/home/ubuntu/DQN10/2_experiment/ugv_dqn/outputs/2026-05-12_train_load_external_demo_smoke/models/realmap_a/mlp-dqn.pt"", ""md_dqn_algo"": ""mlp-dqn"", ""md_dqn_device"": ""cpu"", ""md_dqn_max_steps"": 600, ""md_dqn_rollout_steps"": 1, ""md_dqn_reached"": false}"
extreme_s00_q0001,vanilla_ha,Extreme,d12_16,True,True,0.19216465950012207,67,15.035791157749184,,,0,0.13330867822344128,0.15733938216274623,0,0,0,0,False,,,,,"{""profile_name"": ""extreme_d04"", ""map_seed"": 20460620, ""query_seed"": 20461621, ""evaluation_path_source"": ""trace_poses"", ""planner_path_pose_count"": 27, ""evaluation_path_pose_count"": 153}"
extreme_s00_q0001,f_n3p_knn,Extreme,d12_16,True,True,0.3033665220718831,2,14.905987881906448,15.035791157749184,-0.00863295283107457,0,0.1442947214916113,0.17640522472222797,0,2,0,0,True,1,2,0.5,,"{""profile_name"": ""extreme_d04"", ""map_seed"": 20460620, ""query_seed"": 20461621}"
extreme_s00_q0001,n3p_k1,Extreme,d12_16,True,True,0.3032252420671284,2,14.820361637481538,15.035791157749184,-0.014327780826924985,0,0.12550062412436863,0.11125783772770692,0,0,1,0,True,1,1,1.0,,"{""profile_name"": ""extreme_d04"", ""map_seed"": 20460620, ""query_seed"": 20461621}"
extreme_s00_q0001,voronoi_waypoint,Extreme,d12_16,True,True,0.4725969689898193,3,16.121828045319027,15.035791157749184,0.07223011254782685,0,0.15165032481244495,0.2936244389608388,0,0,0,0,False,,,,,"{""profile_name"": ""extreme_d04"", ""map_seed"": 20460620, ""query_seed"": 20461621, ""waypoint_count"": 2}"
extreme_s00_q0001,bottleneck_waypoint,Extreme,d12_16,True,True,0.47596194315701723,3,16.476268739354925,15.035791157749184,0.09580324483712621,0,0.18134588579695368,0.1689104555591876,0,0,0,0,False,,,,,"{""profile_name"": ""extreme_d04"", ""map_seed"": 20460620, ""query_seed"": 20461621, ""waypoint_count"": 2, ""bottleneck_count"": 2}"
extreme_s00_q0001,md_dqn,Extreme,d12_16,False,False,0.15986202470958233,147,0.49687500000000917,15.035791157749184,,2,0.5653025396788417,0.25057985507597524,0,0,0,0,False,,,,md_dqn_not_reached,"{""profile_name"": ""extreme_d04"", ""map_seed"": 20460620, ""query_seed"": 20461621, ""md_dqn_source_dir"": ""/home/ubuntu/DQN10/2_experiment"", ""md_dqn_checkpoint_path"": ""/home/ubuntu/DQN10/2_experiment/ugv_dqn/outputs/2026-05-12_train_load_external_demo_smoke/models/realmap_a/mlp-dqn.pt"", ""md_dqn_algo"": ""mlp-dqn"", ""md_dqn_device"": ""cpu"", ""md_dqn_max_steps"": 600, ""md_dqn_rollout_steps"": 147, ""md_dqn_reached"": false}"
extreme_s00_q0002,vanilla_ha,Extreme,d16_20,True,True,0.9822986125946045,2177,18.992408823043597,,,0,0.1031227106965881,0.10951315490049862,0,0,0,0,False,,,,,"{""profile_name"": ""extreme_d05"", ""map_seed"": 20460620, ""query_seed"": 20461622, ""evaluation_path_source"": ""trace_poses"", ""planner_path_pose_count"": 13, ""evaluation_path_pose_count"": 192}"
extreme_s00_q0002,f_n3p_knn,Extreme,d16_20,True,True,0.9248046949505806,729,19.58256681455578,18.992408823043597,0.031073361836869262,2,0.17462157855031163,0.11014496640993554,0,8,1,0,True,0,2,0.0,,"{""profile_name"": ""extreme_d05"", ""map_seed"": 20460620, ""query_seed"": 20461622}"
extreme_s00_q0002,n3p_k1,Extreme,d16_20,True,True,1.627244831994176,4177,18.992408823043597,18.992408823043597,0.0,0,0.1031227106965881,0.10951315490049862,0,0,1,1,True,0,0,,,"{""profile_name"": ""extreme_d05"", ""map_seed"": 20460620, ""query_seed"": 20461622}"
extreme_s00_q0002,voronoi_waypoint,Extreme,d16_20,True,True,0.8074433461297303,247,21.873405599815882,18.992408823043597,0.15169201566874202,2,0.35922783299133926,0.0690478829430271,0,0,0,0,False,,,,,"{""profile_name"": ""extreme_d05"", ""map_seed"": 20460620, ""query_seed"": 20461622, ""waypoint_count"": 3}"
extreme_s00_q0002,bottleneck_waypoint,Extreme,d16_20,True,True,0.6210727109573781,4,19.62082468959857,18.992408823043597,0.03308773902299911,0,0.10009996466648782,0.1087948322358191,0,0,0,0,False,,,,,"{""profile_name"": ""extreme_d05"", ""map_seed"": 20460620, ""query_seed"": 20461622, ""waypoint_count"": 3, ""bottleneck_count"": 3}"
extreme_s00_q0002,md_dqn,Extreme,d16_20,False,False,0.3613969134166837,583,2.0006249999999755,18.992408823043597,,1,0.7012629891864232,0.3760752186611287,0,0,0,0,False,,,,md_dqn_not_reached,"{""profile_name"": ""extreme_d05"", ""map_seed"": 20460620, ""query_seed"": 20461622, ""md_dqn_source_dir"": ""/home/ubuntu/DQN10/2_experiment"", ""md_dqn_checkpoint_path"": ""/home/ubuntu/DQN10/2_experiment/ugv_dqn/outputs/2026-05-12_train_load_external_demo_smoke/models/realmap_a/mlp-dqn.pt"", ""md_dqn_algo"": ""mlp-dqn"", ""md_dqn_device"": ""cpu"", ""md_dqn_max_steps"": 600, ""md_dqn_rollout_steps"": 583, ""md_dqn_reached"": false}"
extreme_s00_q0003,vanilla_ha,Extreme,d20_inf,True,True,0.47052502632141113,873,28.37782463252002,,,0,0.15776346576678577,0.07188604538983911,0,0,0,0,False,,,,,"{""profile_name"": ""extreme_d06"", ""map_seed"": 20460620, ""query_seed"": 20461623, ""evaluation_path_source"": ""trace_poses"", ""planner_path_pose_count"": 37, ""evaluation_path_pose_count"": 286}"
extreme_s00_q0003,f_n3p_knn,Extreme,d20_inf,True,True,0.6357614619191736,36,28.293022280660782,28.37782463252002,-0.002988331662394539,0,0.12076838398808593,0.08980771667972975,0,8,1,0,True,0,3,0.0,,"{""profile_name"": ""extreme_d06"", ""map_seed"": 20460620, ""query_seed"": 20461623}"
extreme_s00_q0003,n3p_k1,Extreme,d20_inf,True,True,0.531268181046471,85,28.541296558629863,28.37782463252002,0.005760551706366801,2,0.1374636834549867,0.07188604538983911,0,0,1,0,True,2,2,1.0,,"{""profile_name"": ""extreme_d06"", ""map_seed"": 20460620, ""query_seed"": 20461623}"
extreme_s00_q0003,voronoi_waypoint,Extreme,d20_inf,True,True,0.9386265480425209,34,28.530851241496972,28.37782463252002,0.005392471444114477,0,0.2324100227524974,0.0545278080365999,0,0,0,0,False,,,,,"{""profile_name"": ""extreme_d06"", ""map_seed"": 20460620, ""query_seed"": 20461623, ""waypoint_count"": 5}"
extreme_s00_q0003,bottleneck_waypoint,Extreme,d20_inf,True,True,1.053887045942247,7,28.904588282140995,28.37782463252002,0.01856250986262431,0,0.23661471223762998,0.2508613859789943,0,0,0,0,False,,,,,"{""profile_name"": ""extreme_d06"", ""map_seed"": 20460620, ""query_seed"": 20461623, ""waypoint_count"": 6, ""bottleneck_count"": 6}"
extreme_s00_q0003,md_dqn,Extreme,d20_inf,False,False,0.19052932364866138,221,14.346250000000008,28.37782463252002,,1,0.19919807917037025,0.11621647784782796,0,0,0,0,False,,,,md_dqn_not_reached,"{""profile_name"": ""extreme_d06"", ""map_seed"": 20460620, ""query_seed"": 20461623, ""md_dqn_source_dir"": ""/home/ubuntu/DQN10/2_experiment"", ""md_dqn_checkpoint_path"": ""/home/ubuntu/DQN10/2_experiment/ugv_dqn/outputs/2026-05-12_train_load_external_demo_smoke/models/realmap_a/mlp-dqn.pt"", ""md_dqn_algo"": ""mlp-dqn"", ""md_dqn_device"": ""cpu"", ""md_dqn_max_steps"": 600, ""md_dqn_rollout_steps"": 221, ""md_dqn_reached"": false}"
extreme_s00_q0004,vanilla_ha,Extreme,d08_12,True,True,0.24409008026123047,139,11.855692447970453,,,0,0.10228693107276027,0.08174963227790422,0,0,0,0,False,,,,,"{""profile_name"": ""extreme_d07"", ""map_seed"": 20460620, ""query_seed"": 20461624, ""evaluation_path_source"": ""trace_poses"", ""planner_path_pose_count"": 18, ""evaluation_path_pose_count"": 122}"
extreme_s00_q0004,f_n3p_knn,Extreme,d08_12,True,True,0.2019448559731245,57,11.828977128583867,11.855692447970453,-0.0022533748664472775,0,0.10316117500945178,0.06379907840544058,0,4,1,0,True,0,0,,,"{""profile_name"": ""extreme_d07"", ""map_seed"": 20460620, ""query_seed"": 20461624}"
extreme_s00_q0004,n3p_k1,Extreme,d08_12,True,True,0.19841015082783997,57,11.828977128583867,11.855692447970453,-0.0022533748664472775,0,0.10316117500945178,0.06379907840544058,0,0,1,0,True,0,0,,,"{""profile_name"": ""extreme_d07"", ""map_seed"": 20460620, ""query_seed"": 20461624}"
extreme_s00_q0004,voronoi_waypoint,Extreme,d08_12,True,True,0.4687027621548623,3,12.34482715625876,11.855692447970453,0.041257371548301336,0,0.2550599839230258,0.07343105421726392,0,0,0,0,False,,,,,"{""profile_name"": ""extreme_d07"", ""map_seed"": 20460620, ""query_seed"": 20461624, ""waypoint_count"": 2}"
extreme_s00_q0004,bottleneck_waypoint,Extreme,d08_12,True,True,0.33198581519536674,2,11.845377517815246,11.855692447970453,-0.0008700402950291286,0,0.048876309832884365,0.1964546580952341,0,0,0,0,False,,,,,"{""profile_name"": ""extreme_d07"", ""map_seed"": 20460620, ""query_seed"": 20461624, ""waypoint_count"": 1, ""bottleneck_count"": 1}"
extreme_s00_q0004,md_dqn,Extreme,d08_12,False,False,0.23471499234437943,449,2.2350000000000065,11.855692447970453,,1,0.5522282346652954,0.4275528033490894,0,0,0,0,False,,,,md_dqn_not_reached,"{""profile_name"": ""extreme_d07"", ""map_seed"": 20460620, ""query_seed"": 20461624, ""md_dqn_source_dir"": ""/home/ubuntu/DQN10/2_experiment"", ""md_dqn_checkpoint_path"": ""/home/ubuntu/DQN10/2_experiment/ugv_dqn/outputs/2026-05-12_train_load_external_demo_smoke/models/realmap_a/mlp-dqn.pt"", ""md_dqn_algo"": ""mlp-dqn"", ""md_dqn_device"": ""cpu"", ""md_dqn_max_steps"": 600, ""md_dqn_rollout_steps"": 449, ""md_dqn_reached"": false}"
extreme_s00_q0005,vanilla_ha,Extreme,d12_16,True,True,0.24051356315612793,161,13.752361269342584,,,0,0.31462369198861606,0.08748157953371449,0,0,0,0,False,,,,,"{""profile_name"": ""extreme_d03"", ""map_seed"": 20460621, ""query_seed"": 20461621, ""evaluation_path_source"": ""trace_poses"", ""planner_path_pose_count"": 35, ""evaluation_path_pose_count"": 139}"
extreme_s00_q0005,f_n3p_knn,Extreme,d12_16,True,True,0.31675712997093797,14,16.225490435465762,13.752361269342584,0.1798330568610349,2,0.20732885190324993,0.06302457958023827,0,8,1,0,True,0,1,0.0,,"{""profile_name"": ""extreme_d03"", ""map_seed"": 20460621, ""query_seed"": 20461621}"
extreme_s00_q0005,n3p_k1,Extreme,d12_16,True,True,0.4410019479691982,156,14.596871002047829,13.752361269342584,0.06140834407745421,2,0.21640954835078555,0.099138371558673,0,0,2,0,True,0,0,,,"{""profile_name"": ""extreme_d03"", ""map_seed"": 20460621, ""query_seed"": 20461621}"
extreme_s00_q0005,voronoi_waypoint,Extreme,d12_16,True,True,0.4722215470392257,3,15.23541635762153,13.752361269342584,0.10784003264843278,0,0.3512962344137766,0.07974542436562093,0,0,0,0,False,,,,,"{""profile_name"": ""extreme_d03"", ""map_seed"": 20460621, ""query_seed"": 20461621, ""waypoint_count"": 2}"
extreme_s00_q0005,bottleneck_waypoint,Extreme,d12_16,True,True,0.3398562029469758,14,13.630011351684738,13.752361269342584,-0.008896648020045417,0,0.11488338615499602,0.06949622431566449,0,0,0,0,False,,,,,"{""profile_name"": ""extreme_d03"", ""map_seed"": 20460621, ""query_seed"": 20461621, ""waypoint_count"": 1, ""bottleneck_count"": 1}"
extreme_s00_q0005,md_dqn,Extreme,d12_16,False,False,0.4253188057336956,532,29.719375000000014,13.752361269342584,,1,0.21012697390086513,0.10215324983905516,0,0,0,0,False,,,,md_dqn_not_reached,"{""profile_name"": ""extreme_d03"", ""map_seed"": 20460621, ""query_seed"": 20461621, ""md_dqn_source_dir"": ""/home/ubuntu/DQN10/2_experiment"", ""md_dqn_checkpoint_path"": ""/home/ubuntu/DQN10/2_experiment/ugv_dqn/outputs/2026-05-12_train_load_external_demo_smoke/models/realmap_a/mlp-dqn.pt"", ""md_dqn_algo"": ""mlp-dqn"", ""md_dqn_device"": ""cpu"", ""md_dqn_max_steps"": 600, ""md_dqn_rollout_steps"": 532, ""md_dqn_reached"": false}"
extreme_s00_q0006,vanilla_ha,Extreme,d16_20,True,True,0.1504676342010498,9,17.67234920855257,,,0,0.08744520920039807,0.16344556870036753,0,0,0,0,False,,,,,"{""profile_name"": ""extreme_d04"", ""map_seed"": 20460621, ""query_seed"": 20461622, ""evaluation_path_source"": ""trace_poses"", ""planner_path_pose_count"": 11, ""evaluation_path_pose_count"": 179}"
extreme_s00_q0006,f_n3p_knn,Extreme,d16_20,True,True,0.1590472310781479,1,17.63118208319753,17.67234920855257,-0.0023294653624837958,0,0.02681480492567427,0.39309873934355144,0,0,0,0,False,1,1,1.0,,"{""profile_name"": ""extreme_d04"", ""map_seed"": 20460621, ""query_seed"": 20461622}"
extreme_s00_q0006,n3p_k1,Extreme,d16_20,True,True,0.15648424392566085,1,17.63118208319753,17.67234920855257,-0.0023294653624837958,0,0.02681480492567427,0.39309873934355144,0,0,0,0,False,1,1,1.0,,"{""profile_name"": ""extreme_d04"", ""map_seed"": 20460621, ""query_seed"": 20461622}"
extreme_s00_q0006,voronoi_waypoint,Extreme,d16_20,True,True,0.7092197639867663,106,19.065722800812665,17.67234920855257,0.07884484263052971,0,0.3087393327967498,0.0762717809450163,0,0,0,0,False,,,,,"{""profile_name"": ""extreme_d04"", ""map_seed"": 20460621, ""query_seed"": 20461622, ""waypoint_count"": 3}"
extreme_s00_q0006,bottleneck_waypoint,Extreme,d16_20,True,True,0.6218097028322518,4,19.081139723835182,17.67234920855257,0.07971721804822773,0,0.2118628354265181,0.25152926230369754,0,0,0,0,False,,,,,"{""profile_name"": ""extreme_d04"", ""map_seed"": 20460621, ""query_seed"": 20461622, ""waypoint_count"": 3, ""bottleneck_count"": 3}"
extreme_s00_q0006,md_dqn,Extreme,d16_20,False,False,0.16948172892443836,600,2.2500000000000475,17.67234920855257,,0,0.08734630124014885,0.5731393240435081,0,0,0,0,False,,,,md_dqn_not_reached,"{""profile_name"": ""extreme_d04"", ""map_seed"": 20460621, ""query_seed"": 20461622, ""md_dqn_source_dir"": ""/home/ubuntu/DQN10/2_experiment"", ""md_dqn_checkpoint_path"": ""/home/ubuntu/DQN10/2_experiment/ugv_dqn/outputs/2026-05-12_train_load_external_demo_smoke/models/realmap_a/mlp-dqn.pt"", ""md_dqn_algo"": ""mlp-dqn"", ""md_dqn_device"": ""cpu"", ""md_dqn_max_steps"": 600, ""md_dqn_rollout_steps"": 600, ""md_dqn_reached"": false}"
extreme_s00_q0007,vanilla_ha,Extreme,d20_inf,True,True,0.7001841068267822,809,22.858429089321632,,,0,0.20797439366109768,0.17068762820607175,0,0,0,0,False,,,,,"{""profile_name"": ""extreme_d05"", ""map_seed"": 20460621, ""query_seed"": 20461623, ""evaluation_path_source"": ""trace_poses"", ""planner_path_pose_count"": 65, ""evaluation_path_pose_count"": 231}"
extreme_s00_q0007,f_n3p_knn,Extreme,d20_inf,True,True,1.7208421370014548,1698,22.858429089321632,22.858429089321632,0.0,0,0.20797439366109777,0.17068762820607175,0,4,1,0,True,0,0,,,"{""profile_name"": ""extreme_d05"", ""map_seed"": 20460621, ""query_seed"": 20461623}"
extreme_s00_q0007,n3p_k1,Extreme,d20_inf,True,True,1.7160865950863808,1700,22.858429089321632,22.858429089321632,0.0,0,0.20797439366109777,0.17068762820607175,0,0,1,0,True,0,0,,,"{""profile_name"": ""extreme_d05"", ""map_seed"": 20460621, ""query_seed"": 20461623}"
extreme_s00_q0007,voronoi_waypoint,Extreme,d20_inf,True,True,0.7649753789883107,5,23.900243833258806,22.858429089321632,0.045576830317874295,2,0.21210050562329544,0.16237728709345478,0,0,0,0,False,,,,,"{""profile_name"": ""extreme_d05"", ""map_seed"": 20460621, ""query_seed"": 20461623, ""waypoint_count"": 4}"
extreme_s00_q0007,bottleneck_waypoint,Extreme,d20_inf,True,True,0.7635413068346679,5,23.249618933335512,22.858429089321632,0.017113592648263953,0,0.13234686341951774,0.17068762820607297,0,0,0,0,False,,,,,"{""profile_name"": ""extreme_d05"", ""map_seed"": 20460621, ""query_seed"": 20461623, ""waypoint_count"": 4, ""bottleneck_count"": 4}"
extreme_s00_q0007,md_dqn,Extreme,d20_inf,False,False,0.5956338902469724,600,2.1824999999999863,22.858429089321632,,7,0.791632771552113,0.41519390979770543,0,0,0,0,False,,,,md_dqn_not_reached,"{""profile_name"": ""extreme_d05"", ""map_seed"": 20460621, ""query_seed"": 20461623, ""md_dqn_source_dir"": ""/home/ubuntu/DQN10/2_experiment"", ""md_dqn_checkpoint_path"": ""/home/ubuntu/DQN10/2_experiment/ugv_dqn/outputs/2026-05-12_train_load_external_demo_smoke/models/realmap_a/mlp-dqn.pt"", ""md_dqn_algo"": ""mlp-dqn"", ""md_dqn_device"": ""cpu"", ""md_dqn_max_steps"": 600, ""md_dqn_rollout_steps"": 600, ""md_dqn_reached"": false}"
extreme_s00_q0008,vanilla_ha,Extreme,d08_12,True,True,0.15014147758483887,1,10.520931517693667,,,0,0.0,0.2868582583109627,0,0,0,0,False,,,,,"{""profile_name"": ""extreme_d06"", ""map_seed"": 20460621, ""query_seed"": 20461624, ""evaluation_path_source"": ""trace_poses"", ""planner_path_pose_count"": 2, ""evaluation_path_pose_count"": 107}"
extreme_s00_q0008,f_n3p_knn,Extreme,d08_12,True,True,0.0004805598873645067,0,10.520931517693668,10.520931517693667,2.220446049250313e-16,0,0.0,0.2868582583109627,0,0,0,0,False,0,0,,,"{""profile_name"": ""extreme_d06"", ""map_seed"": 20460621, ""query_seed"": 20461624}"
extreme_s00_q0008,n3p_k1,Extreme,d08_12,True,True,0.0004581448156386614,0,10.520931517693668,10.520931517693667,2.220446049250313e-16,0,0.0,0.2868582583109627,0,0,0,0,False,0,0,,,"{""profile_name"": ""extreme_d06"", ""map_seed"": 20460621, ""query_seed"": 20461624}"
extreme_s00_q0008,voronoi_waypoint,Extreme,d08_12,True,True,0.33615113515406847,2,11.400691488725652,10.520931517693667,0.08361996934895366,0,0.2856275030078125,0.0793001826086468,0,0,0,0,False,,,,,"{""profile_name"": ""extreme_d06"", ""map_seed"": 20460621, ""query_seed"": 20461624, ""waypoint_count"": 1}"
extreme_s00_q0008,bottleneck_waypoint,Extreme,d08_12,True,True,0.4792519980110228,3,10.69145387644822,10.520931517693667,0.016207914524277278,0,0.2918583195691646,0.49113832637629884,0,0,0,0,False,,,,,"{""profile_name"": ""extreme_d06"", ""map_seed"": 20460621, ""query_seed"": 20461624, ""waypoint_count"": 2, ""bottleneck_count"": 2}"
extreme_s00_q0008,md_dqn,Extreme,d08_12,False,False,0.2024464439600706,412,0.8493749999999923,10.520931517693667,,2,0.8128464187251049,0.42708629079781557,0,0,0,0,False,,,,md_dqn_not_reached,"{""profile_name"": ""extreme_d06"", ""map_seed"": 20460621, ""query_seed"": 20461624, ""md_dqn_source_dir"": ""/home/ubuntu/DQN10/2_experiment"", ""md_dqn_checkpoint_path"": ""/home/ubuntu/DQN10/2_experiment/ugv_dqn/outputs/2026-05-12_train_load_external_demo_smoke/models/realmap_a/mlp-dqn.pt"", ""md_dqn_algo"": ""mlp-dqn"", ""md_dqn_device"": ""cpu"", ""md_dqn_max_steps"": 600, ""md_dqn_rollout_steps"": 412, ""md_dqn_reached"": false}"
extreme_s00_q0009,vanilla_ha,Extreme,d12_16,True,True,0.454988956451416,493,15.027827303953789,,,0,0.3485898047256263,0.058855799761091954,0,0,0,0,False,,,,,"{""profile_name"": ""extreme_d07"", ""map_seed"": 20460621, ""query_seed"": 20461625, ""evaluation_path_source"": ""trace_poses"", ""planner_path_pose_count"": 38, ""evaluation_path_pose_count"": 154}"
extreme_s00_q0009,f_n3p_knn,Extreme,d12_16,True,True,0.6604690698441118,16,16.3483914533708,15.027827303953789,0.08787458910108548,1,0.310665770900052,0.05419344143761784,0,8,2,0,True,2,2,1.0,,"{""profile_name"": ""extreme_d07"", ""map_seed"": 20460621, ""query_seed"": 20461625}"
extreme_s00_q0009,n3p_k1,Extreme,d12_16,True,True,0.6563260550610721,16,16.3483914533708,15.027827303953789,0.08787458910108548,1,0.310665770900052,0.05419344143761784,0,0,2,0,True,2,2,1.0,,"{""profile_name"": ""extreme_d07"", ""map_seed"": 20460621, ""query_seed"": 20461625}"
extreme_s00_q0009,voronoi_waypoint,Extreme,d12_16,True,True,0.6151310079731047,116,15.920627498771308,15.027827303953789,0.05940979868610996,2,0.3840459720419473,0.058855799761091954,0,0,0,0,False,,,,,"{""profile_name"": ""extreme_d07"", ""map_seed"": 20460621, ""query_seed"": 20461625, ""waypoint_count"": 2}"
extreme_s00_q0009,bottleneck_waypoint,Extreme,d12_16,True,True,0.5296403649263084,25,15.484796516881952,15.027827303953789,0.030408202309320842,0,0.3628345448177734,0.05502647052295512,0,0,0,0,False,,,,,"{""profile_name"": ""extreme_d07"", ""map_seed"": 20460621, ""query_seed"": 20461625, ""waypoint_count"": 2, ""bottleneck_count"": 2}"
extreme_s00_q0009,md_dqn,Extreme,d12_16,False,False,0.0019160450901836157,1,0.0037499999999995124,15.027827303953789,,0,0.08734630124016196,0.2135072619782752,0,0,0,0,False,,,,md_dqn_not_reached,"{""profile_name"": ""extreme_d07"", ""map_seed"": 20460621, ""query_seed"": 20461625, ""md_dqn_source_dir"": ""/home/ubuntu/DQN10/2_experiment"", ""md_dqn_checkpoint_path"": ""/home/ubuntu/DQN10/2_experiment/ugv_dqn/outputs/2026-05-12_train_load_external_demo_smoke/models/realmap_a/mlp-dqn.pt"", ""md_dqn_algo"": ""mlp-dqn"", ""md_dqn_device"": ""cpu"", ""md_dqn_max_steps"": 600, ""md_dqn_rollout_steps"": 1, ""md_dqn_reached"": false}"
extreme_s00_q0010,vanilla_ha,Extreme,d16_20,True,True,0.5097620487213135,596,20.082039772458707,,,0,0.3495326530265955,0.07129899004438278,0,0,0,0,False,,,,,"{""profile_name"": ""extreme_d03"", ""map_seed"": 20460622, ""query_seed"": 20461622, ""evaluation_path_source"": ""trace_poses"", ""planner_path_pose_count"": 50, ""evaluation_path_pose_count"": 204}"
extreme_s00_q0010,f_n3p_knn,Extreme,d16_20,True,True,0.5737248791847378,123,19.32430551062922,20.082039772458707,-0.03773193711470846,0,0.19665563756185925,0.10879392213113237,0,4,1,0,True,2,2,1.0,,"{""profile_name"": ""extreme_d03"", ""map_seed"": 20460622, ""query_seed"": 20461622}"
extreme_s00_q0010,n3p_k1,Extreme,d16_20,True,True,0.5717344279401004,123,19.32430551062922,20.082039772458707,-0.03773193711470846,0,0.19665563756185925,0.10879392213113237,0,0,1,0,True,2,2,1.0,,"{""profile_name"": ""extreme_d03"", ""map_seed"": 20460622, ""query_seed"": 20461622}"
extreme_s00_q0010,voronoi_waypoint,Extreme,d16_20,True,True,0.6643623909913003,16,20.129011605815332,20.082039772458707,0.0023389971282221644,0,0.2412797120905349,0.07773529973726079,0,0,0,0,False,,,,,"{""profile_name"": ""extreme_d03"", ""map_seed"": 20460622, ""query_seed"": 20461622, ""waypoint_count"": 3}"
extreme_s00_q0010,bottleneck_waypoint,Extreme,d16_20,True,True,0.710520118009299,79,19.92644009667567,20.082039772458707,-0.007748200757795143,0,0.21495165929160467,0.20400016579575309,0,0,0,0,False,,,,,"{""profile_name"": ""extreme_d03"", ""map_seed"": 20460622, ""query_seed"": 20461622, ""waypoint_count"": 3, ""bottleneck_count"": 3}"
extreme_s00_q0010,md_dqn,Extreme,d16_20,False,False,0.8789040553383529,476,40.29562500000001,20.082039772458707,,1,0.2676473535638714,0.07519422482929006,0,0,0,0,False,,,,md_dqn_not_reached,"{""profile_name"": ""extreme_d03"", ""map_seed"": 20460622, ""query_seed"": 20461622, ""md_dqn_source_dir"": ""/home/ubuntu/DQN10/2_experiment"", ""md_dqn_checkpoint_path"": ""/home/ubuntu/DQN10/2_experiment/ugv_dqn/outputs/2026-05-12_train_load_external_demo_smoke/models/realmap_a/mlp-dqn.pt"", ""md_dqn_algo"": ""mlp-dqn"", ""md_dqn_device"": ""cpu"", ""md_dqn_max_steps"": 600, ""md_dqn_rollout_steps"": 476, ""md_dqn_reached"": false}"
extreme_s00_q0011,vanilla_ha,Extreme,d20_inf,False,False,2.503730058670044,3465,,,,0,,,0,0,0,0,False,,,,timeout,"{""profile_name"": ""extreme_d04"", ""map_seed"": 20460622, ""query_seed"": 20461623, ""evaluation_path_source"": ""planner_path"", ""planner_path_pose_count"": 0, ""evaluation_path_pose_count"": 0}"
extreme_s00_q0011,f_n3p_knn,Extreme,d20_inf,False,False,3.515619216952473,4756,,,,0,,,0,4,1,1,True,0,0,,f2_failed:prediction:goal_in_collision;goal:timeout;f3_failed:timeout,"{""profile_name"": ""extreme_d04"", ""map_seed"": 20460622, ""query_seed"": 20461623}"
extreme_s00_q0011,n3p_k1,Extreme,d20_inf,False,False,3.5129343590233475,4885,,,,0,,,0,0,1,1,True,0,0,,f2_failed:prediction:goal_in_collision;goal:timeout;f3_failed:timeout,"{""profile_name"": ""extreme_d04"", ""map_seed"": 20460622, ""query_seed"": 20461623}"
extreme_s00_q0011,voronoi_waypoint,Extreme,d20_inf,True,True,1.1713221760001034,128,34.86128210771751,,,0,0.21494508383490718,0.08526750710842301,0,0,0,0,False,,,,,"{""profile_name"": ""extreme_d04"", ""map_seed"": 20460622, ""query_seed"": 20461623, ""waypoint_count"": 6}"
extreme_s00_q0011,bottleneck_waypoint,Extreme,d20_inf,True,True,0.9167233989574015,10,34.154716080323986,,,0,0.1730203053911603,0.06746774821510693,0,0,0,0,False,,,,,"{""profile_name"": ""extreme_d04"", ""map_seed"": 20460622, ""query_seed"": 20461623, ""waypoint_count"": 5, ""bottleneck_count"": 5}"
extreme_s00_q0011,md_dqn,Extreme,d20_inf,False,False,0.0019693151116371155,1,0.003749999999999759,,,0,0.08734630124015622,0.11129637083070698,0,0,0,0,False,,,,md_dqn_not_reached,"{""profile_name"": ""extreme_d04"", ""map_seed"": 20460622, ""query_seed"": 20461623, ""md_dqn_source_dir"": ""/home/ubuntu/DQN10/2_experiment"", ""md_dqn_checkpoint_path"": ""/home/ubuntu/DQN10/2_experiment/ugv_dqn/outputs/2026-05-12_train_load_external_demo_smoke/models/realmap_a/mlp-dqn.pt"", ""md_dqn_algo"": ""mlp-dqn"", ""md_dqn_device"": ""cpu"", ""md_dqn_max_steps"": 600, ""md_dqn_rollout_steps"": 1, ""md_dqn_reached"": false}"
extreme_s00_q0012,vanilla_ha,Extreme,d08_12,True,True,0.8791768550872803,957,11.902105616184274,,,0,0.23493868416565233,0.09514421028477182,0,0,0,0,False,,,,,"{""profile_name"": ""extreme_d05"", ""map_seed"": 20460622, ""query_seed"": 20461624, ""evaluation_path_source"": ""trace_poses"", ""planner_path_pose_count"": 25, ""evaluation_path_pose_count"": 121}"
extreme_s00_q0012,f_n3p_knn,Extreme,d08_12,True,True,0.6732384511269629,36,13.820404789606364,11.902105616184274,0.1611730928360795,3,0.31672691055479296,0.06045625309636843,0,6,1,0,True,2,3,0.6666666666666666,,"{""profile_name"": ""extreme_d05"", ""map_seed"": 20460622, ""query_seed"": 20461624}"
extreme_s00_q0012,n3p_k1,Extreme,d08_12,True,True,0.485134846996516,3,13.608134474995952,11.902105616184274,0.14333840698673095,3,0.2637991926602657,0.08505948699913357,0,0,1,0,True,2,2,1.0,,"{""profile_name"": ""extreme_d05"", ""map_seed"": 20460622, ""query_seed"": 20461624}"
extreme_s00_q0012,voronoi_waypoint,Extreme,d08_12,True,True,0.726685306057334,243,13.862449590977715,11.902105616184274,0.16470564436327972,1,0.41137953112957104,0.07372302679908205,0,0,0,0,False,,,,,"{""profile_name"": ""extreme_d05"", ""map_seed"": 20460622, ""query_seed"": 20461624, ""waypoint_count"": 2}"
extreme_s00_q0012,bottleneck_waypoint,Extreme,d08_12,True,True,0.5095274830237031,3,13.690183246327035,11.902105616184274,0.15023204194318063,1,0.301255079148041,0.14702965375015498,0,0,0,0,False,,,,,"{""profile_name"": ""extreme_d05"", ""map_seed"": 20460622, ""query_seed"": 20461624, ""waypoint_count"": 2, ""bottleneck_count"": 2}"
extreme_s00_q0012,md_dqn,Extreme,d08_12,False,False,0.17203317652456462,600,1.1250000000000366,11.902105616184274,,0,0.828655089894863,0.2767949197532271,0,0,0,0,False,,,,md_dqn_not_reached,"{""profile_name"": ""extreme_d05"", ""map_seed"": 20460622, ""query_seed"": 20461624, ""md_dqn_source_dir"": ""/home/ubuntu/DQN10/2_experiment"", ""md_dqn_checkpoint_path"": ""/home/ubuntu/DQN10/2_experiment/ugv_dqn/outputs/2026-05-12_train_load_external_demo_smoke/models/realmap_a/mlp-dqn.pt"", ""md_dqn_algo"": ""mlp-dqn"", ""md_dqn_device"": ""cpu"", ""md_dqn_max_steps"": 600, ""md_dqn_rollout_steps"": 600, ""md_dqn_reached"": false}"
extreme_s00_q0013,vanilla_ha,Extreme,d12_16,True,True,0.27690982818603516,169,15.845513550091399,,,0,0.1864229846864016,0.0638652780657395,0,0,0,0,False,,,,,"{""profile_name"": ""extreme_d06"", ""map_seed"": 20460622, ""query_seed"": 20461625, ""evaluation_path_source"": ""trace_poses"", ""planner_path_pose_count"": 32, ""evaluation_path_pose_count"": 161}"
extreme_s00_q0013,f_n3p_knn,Extreme,d12_16,True,True,0.3346787861082703,2,15.600450751930826,15.845513550091399,-0.015465752964450963,0,0.03411350971801188,0.06005046440050943,0,1,0,0,True,1,2,0.5,,"{""profile_name"": ""extreme_d06"", ""map_seed"": 20460622, ""query_seed"": 20461625}"
extreme_s00_q0013,n3p_k1,Extreme,d12_16,True,True,0.3867814168334007,66,16.500550098976003,15.845513550091399,0.041338928322763424,1,0.0807382048967562,0.06005046440050943,0,0,1,0,True,1,1,1.0,,"{""profile_name"": ""extreme_d06"", ""map_seed"": 20460622, ""query_seed"": 20461625}"
extreme_s00_q0013,voronoi_waypoint,Extreme,d12_16,True,True,0.6649214178323746,4,17.29772749126006,15.845513550091399,0.0916482723376475,0,0.250657551414589,0.4490748309526952,0,0,0,0,False,,,,,"{""profile_name"": ""extreme_d06"", ""map_seed"": 20460622, ""query_seed"": 20461625, ""waypoint_count"": 3}"
extreme_s00_q0013,bottleneck_waypoint,Extreme,d12_16,True,True,0.6657359029632062,4,17.964148235646597,15.845513550091399,0.13370564979529975,0,0.27086910545909915,0.4490748309526952,0,0,0,0,False,,,,,"{""profile_name"": ""extreme_d06"", ""map_seed"": 20460622, ""query_seed"": 20461625, ""waypoint_count"": 3, ""bottleneck_count"": 3}"
extreme_s00_q0013,md_dqn,Extreme,d12_16,False,False,0.27543674292974174,280,21.498125000000027,15.845513550091399,,1,0.20306607980923744,0.1057363841144825,0,0,0,0,False,,,,md_dqn_not_reached,"{""profile_name"": ""extreme_d06"", ""map_seed"": 20460622, ""query_seed"": 20461625, ""md_dqn_source_dir"": ""/home/ubuntu/DQN10/2_experiment"", ""md_dqn_checkpoint_path"": ""/home/ubuntu/DQN10/2_experiment/ugv_dqn/outputs/2026-05-12_train_load_external_demo_smoke/models/realmap_a/mlp-dqn.pt"", ""md_dqn_algo"": ""mlp-dqn"", ""md_dqn_device"": ""cpu"", ""md_dqn_max_steps"": 600, ""md_dqn_rollout_steps"": 280, ""md_dqn_reached"": false}"
extreme_s00_q0014,vanilla_ha,Extreme,d16_20,False,False,2.500093460083008,3169,,,,0,,,0,0,0,0,False,,,,timeout,"{""profile_name"": ""extreme_d07"", ""map_seed"": 20460622, ""query_seed"": 20461626, ""evaluation_path_source"": ""planner_path"", ""planner_path_pose_count"": 0, ""evaluation_path_pose_count"": 0}"
extreme_s00_q0014,f_n3p_knn,Extreme,d16_20,False,False,3.512695914832875,4459,,,,0,,,0,4,1,1,True,0,0,,f2_failed:prediction:goal_in_collision;goal:timeout;f3_failed:timeout,"{""profile_name"": ""extreme_d07"", ""map_seed"": 20460622, ""query_seed"": 20461626}"
extreme_s00_q0014,n3p_k1,Extreme,d16_20,False,False,3.5105165680870414,4477,,,,0,,,0,0,1,1,True,0,0,,f2_failed:prediction:goal_in_collision;goal:timeout;f3_failed:timeout,"{""profile_name"": ""extreme_d07"", ""map_seed"": 20460622, ""query_seed"": 20461626}"
extreme_s00_q0014,voronoi_waypoint,Extreme,d16_20,True,True,0.7600059490650892,106,20.489095540070274,,,1,0.2509265487324354,0.08521012105073411,0,0,0,0,False,,,,,"{""profile_name"": ""extreme_d07"", ""map_seed"": 20460622, ""query_seed"": 20461626, ""waypoint_count"": 3}"
extreme_s00_q0014,bottleneck_waypoint,Extreme,d16_20,True,True,0.8096504609566182,5,21.131467272262114,,,3,0.21938630287040703,0.19369894292451428,0,0,0,0,False,,,,,"{""profile_name"": ""extreme_d07"", ""map_seed"": 20460622, ""query_seed"": 20461626, ""waypoint_count"": 4, ""bottleneck_count"": 4}"
extreme_s00_q0014,md_dqn,Extreme,d16_20,False,False,0.3505365129094571,362,26.154374999999987,,,2,0.28963141485319327,0.20682680021397848,0,0,0,0,False,,,,md_dqn_not_reached,"{""profile_name"": ""extreme_d07"", ""map_seed"": 20460622, ""query_seed"": 20461626, ""md_dqn_source_dir"": ""/home/ubuntu/DQN10/2_experiment"", ""md_dqn_checkpoint_path"": ""/home/ubuntu/DQN10/2_experiment/ugv_dqn/outputs/2026-05-12_train_load_external_demo_smoke/models/realmap_a/mlp-dqn.pt"", ""md_dqn_algo"": ""mlp-dqn"", ""md_dqn_device"": ""cpu"", ""md_dqn_max_steps"": 600, ""md_dqn_rollout_steps"": 362, ""md_dqn_reached"": false}"
extreme_s00_q0015,vanilla_ha,Extreme,d20_inf,False,False,2.5000672340393066,4837,,,,0,,,0,0,0,0,False,,,,timeout,"{""profile_name"": ""extreme_d03"", ""map_seed"": 20460623, ""query_seed"": 20461623, ""evaluation_path_source"": ""planner_path"", ""planner_path_pose_count"": 0, ""evaluation_path_pose_count"": 0}"
extreme_s00_q0015,f_n3p_knn,Extreme,d20_inf,True,True,0.8028281019069254,39,26.753024971246077,,,0,0.18416483504829712,0.07275623130125874,0,9,2,0,True,2,3,0.6666666666666666,,"{""profile_name"": ""extreme_d03"", ""map_seed"": 20460623, ""query_seed"": 20461623}"
extreme_s00_q0015,n3p_k1,Extreme,d20_inf,False,False,3.513725836062804,6965,,,,0,,,0,0,1,1,True,0,0,,f2_failed:prediction:goal_in_collision;goal:timeout;f3_failed:timeout,"{""profile_name"": ""extreme_d03"", ""map_seed"": 20460623, ""query_seed"": 20461623}"
extreme_s00_q0015,voronoi_waypoint,Extreme,d20_inf,True,True,0.9674918910022825,6,28.40603695764865,,,0,0.2156164063942139,0.19079107730252587,0,0,0,0,False,,,,,"{""profile_name"": ""extreme_d03"", ""map_seed"": 20460623, ""query_seed"": 20461623, ""waypoint_count"": 5}"
extreme_s00_q0015,bottleneck_waypoint,Extreme,d20_inf,True,True,0.972792878979817,6,27.45217382389563,,,0,0.1944945668132777,0.2371854775556772,0,0,0,0,False,,,,,"{""profile_name"": ""extreme_d03"", ""map_seed"": 20460623, ""query_seed"": 20461623, ""waypoint_count"": 5, ""bottleneck_count"": 5}"
extreme_s00_q0015,md_dqn,Extreme,d20_inf,False,False,0.17170711606740952,600,1.1249999999999978,,,0,0.8385645564237276,0.8364933746952214,0,0,0,0,False,,,,md_dqn_not_reached,"{""profile_name"": ""extreme_d03"", ""map_seed"": 20460623, ""query_seed"": 20461623, ""md_dqn_source_dir"": ""/home/ubuntu/DQN10/2_experiment"", ""md_dqn_checkpoint_path"": ""/home/ubuntu/DQN10/2_experiment/ugv_dqn/outputs/2026-05-12_train_load_external_demo_smoke/models/realmap_a/mlp-dqn.pt"", ""md_dqn_algo"": ""mlp-dqn"", ""md_dqn_device"": ""cpu"", ""md_dqn_max_steps"": 600, ""md_dqn_rollout_steps"": 600, ""md_dqn_reached"": false}"
extreme_s00_q0016,vanilla_ha,Extreme,d08_12,True,True,0.4390144348144531,421,8.286366654316916,,,0,0.2254644928745443,0.1276189636917583,0,0,0,0,False,,,,,"{""profile_name"": ""extreme_d04"", ""map_seed"": 20460623, ""query_seed"": 20461624, ""evaluation_path_source"": ""trace_poses"", ""planner_path_pose_count"": 11, ""evaluation_path_pose_count"": 85}"
extreme_s00_q0016,f_n3p_knn,Extreme,d08_12,True,True,0.32760277995839715,2,9.285771156863555,8.286366654316916,0.12060828880001151,3,0.29133407100532116,0.06125073691858063,0,4,0,0,True,0,2,0.0,,"{""profile_name"": ""extreme_d04"", ""map_seed"": 20460623, ""query_seed"": 20461624}"
extreme_s00_q0016,n3p_k1,Extreme,d08_12,True,True,0.22300715721212327,57,8.23525655775717,8.286366654316916,-0.006167974299462142,0,0.25325036339497387,0.10636043375234272,0,0,1,0,True,0,0,,,"{""profile_name"": ""extreme_d04"", ""map_seed"": 20460623, ""query_seed"": 20461624}"
extreme_s00_q0016,voronoi_waypoint,Extreme,d08_12,True,True,0.353459688834846,2,9.920475486704532,8.286366654316916,0.1972045047676354,0,0.35014368139024665,0.35848280376158836,0,0,0,0,False,,,,,"{""profile_name"": ""extreme_d04"", ""map_seed"": 20460623, ""query_seed"": 20461624, ""waypoint_count"": 1}"
extreme_s00_q0016,bottleneck_waypoint,Extreme,d08_12,True,True,0.35581202805042267,2,9.030781564586707,8.286366654316916,0.08983610565699207,0,0.27625591949767786,0.35848280376158836,0,0,0,0,False,,,,,"{""profile_name"": ""extreme_d04"", ""map_seed"": 20460623, ""query_seed"": 20461624, ""waypoint_count"": 1, ""bottleneck_count"": 1}"
extreme_s00_q0016,md_dqn,Extreme,d08_12,False,False,0.16971367970108986,600,1.124999999999992,8.286366654316916,,0,0.8385645564237337,0.35848280376158836,0,0,0,0,False,,,,md_dqn_not_reached,"{""profile_name"": ""extreme_d04"", ""map_seed"": 20460623, ""query_seed"": 20461624, ""md_dqn_source_dir"": ""/home/ubuntu/DQN10/2_experiment"", ""md_dqn_checkpoint_path"": ""/home/ubuntu/DQN10/2_experiment/ugv_dqn/outputs/2026-05-12_train_load_external_demo_smoke/models/realmap_a/mlp-dqn.pt"", ""md_dqn_algo"": ""mlp-dqn"", ""md_dqn_device"": ""cpu"", ""md_dqn_max_steps"": 600, ""md_dqn_rollout_steps"": 600, ""md_dqn_reached"": false}"
extreme_s00_q0017,vanilla_ha,Extreme,d12_16,True,True,0.16170215606689453,29,12.214801687915537,,,0,0.07702320457471755,0.06945831891812504,0,0,0,0,False,,,,,"{""profile_name"": ""extreme_d05"", ""map_seed"": 20460623, ""query_seed"": 20461625, ""evaluation_path_source"": ""trace_poses"", ""planner_path_pose_count"": 16, ""evaluation_path_pose_count"": 125}"
extreme_s00_q0017,f_n3p_knn,Extreme,d12_16,True,True,0.15681251185014844,1,12.381252936739138,12.214801687915537,0.013627011970916758,0,0.1076585979824844,0.10032385294364199,0,1,0,0,True,0,1,0.0,,"{""profile_name"": ""extreme_d05"", ""map_seed"": 20460623, ""query_seed"": 20461625}"
extreme_s00_q0017,n3p_k1,Extreme,d12_16,True,True,1.1709889299236238,924,12.214801687915537,12.214801687915537,0.0,0,0.07702320457471755,0.06945831891812504,0,0,1,0,True,0,0,,,"{""profile_name"": ""extreme_d05"", ""map_seed"": 20460623, ""query_seed"": 20461625}"
extreme_s00_q0017,voronoi_waypoint,Extreme,d12_16,True,True,0.4736929808277637,3,13.581050390231272,12.214801687915537,0.1118518938925881,0,0.2619957573923837,0.19669168350960975,0,0,0,0,False,,,,,"{""profile_name"": ""extreme_d05"", ""map_seed"": 20460623, ""query_seed"": 20461625, ""waypoint_count"": 2}"
extreme_s00_q0017,bottleneck_waypoint,Extreme,d12_16,True,True,0.47788616782054305,3,12.516192219630987,12.214801687915537,0.024674205886913825,0,0.15418835353383928,0.17056972031922035,0,0,0,0,False,,,,,"{""profile_name"": ""extreme_d05"", ""map_seed"": 20460623, ""query_seed"": 20461625, ""waypoint_count"": 2, ""bottleneck_count"": 2}"
extreme_s00_q0017,md_dqn,Extreme,d12_16,False,False,0.3597451220266521,600,1.1250000000003235,12.214801687915537,,0,0.0,0.6704369223812285,0,0,0,0,False,,,,md_dqn_not_reached,"{""profile_name"": ""extreme_d05"", ""map_seed"": 20460623, ""query_seed"": 20461625, ""md_dqn_source_dir"": ""/home/ubuntu/DQN10/2_experiment"", ""md_dqn_checkpoint_path"": ""/home/ubuntu/DQN10/2_experiment/ugv_dqn/outputs/2026-05-12_train_load_external_demo_smoke/models/realmap_a/mlp-dqn.pt"", ""md_dqn_algo"": ""mlp-dqn"", ""md_dqn_device"": ""cpu"", ""md_dqn_max_steps"": 600, ""md_dqn_rollout_steps"": 600, ""md_dqn_reached"": false}"
extreme_s00_q0018,vanilla_ha,Extreme,d16_20,True,True,0.501955509185791,541,20.406555306918087,,,0,0.2985734531329918,0.06668772730253159,0,0,0,0,False,,,,,"{""profile_name"": ""extreme_d06"", ""map_seed"": 20460623, ""query_seed"": 20461626, ""evaluation_path_source"": ""trace_poses"", ""planner_path_pose_count"": 60, ""evaluation_path_pose_count"": 207}"
extreme_s00_q0018,f_n3p_knn,Extreme,d16_20,True,True,0.4866262199357152,38,22.6068791157685,20.406555306918087,0.10782436211095736,3,0.2429395488891332,0.06120213631293647,0,4,1,0,True,2,2,1.0,,"{""profile_name"": ""extreme_d06"", ""map_seed"": 20460623, ""query_seed"": 20461626}"
extreme_s00_q0018,n3p_k1,Extreme,d16_20,True,True,0.4813496188726276,38,22.6068791157685,20.406555306918087,0.10782436211095736,3,0.2429395488891332,0.06120213631293647,0,0,1,0,True,2,2,1.0,,"{""profile_name"": ""extreme_d06"", ""map_seed"": 20460623, ""query_seed"": 20461626}"
extreme_s00_q0018,voronoi_waypoint,Extreme,d16_20,True,True,1.1664790369104594,611,21.936027215705263,20.406555306918087,0.0749500288404219,2,0.2246365605548011,0.05567727478020956,0,0,0,0,False,,,,,"{""profile_name"": ""extreme_d06"", ""map_seed"": 20460623, ""query_seed"": 20461626, ""waypoint_count"": 3}"
extreme_s00_q0018,bottleneck_waypoint,Extreme,d16_20,True,True,0.6291248688939959,10,20.466538826335405,20.406555306918087,0.0029394240485547396,0,0.1704022496433368,0.09582227120139741,0,0,0,0,False,,,,,"{""profile_name"": ""extreme_d06"", ""map_seed"": 20460623, ""query_seed"": 20461626, ""waypoint_count"": 3, ""bottleneck_count"": 3}"
extreme_s00_q0018,md_dqn,Extreme,d16_20,False,False,0.3350736212451011,390,29.56750000000001,20.406555306918087,,0,0.11118270197005295,0.16647262381153904,0,0,0,0,False,,,,md_dqn_not_reached,"{""profile_name"": ""extreme_d06"", ""map_seed"": 20460623, ""query_seed"": 20461626, ""md_dqn_source_dir"": ""/home/ubuntu/DQN10/2_experiment"", ""md_dqn_checkpoint_path"": ""/home/ubuntu/DQN10/2_experiment/ugv_dqn/outputs/2026-05-12_train_load_external_demo_smoke/models/realmap_a/mlp-dqn.pt"", ""md_dqn_algo"": ""mlp-dqn"", ""md_dqn_device"": ""cpu"", ""md_dqn_max_steps"": 600, ""md_dqn_rollout_steps"": 390, ""md_dqn_reached"": false}"
extreme_s00_q0019,vanilla_ha,Extreme,d20_inf,True,True,0.15038156509399414,1,24.71639132235934,,,0,0.0,0.09695163200551171,0,0,0,0,False,,,,,"{""profile_name"": ""extreme_d07"", ""map_seed"": 20460623, ""query_seed"": 20461627, ""evaluation_path_source"": ""trace_poses"", ""planner_path_pose_count"": 2, ""evaluation_path_pose_count"": 249}"
extreme_s00_q0019,f_n3p_knn,Extreme,d20_inf,True,True,0.0009361680131405592,0,24.71639132235934,24.71639132235934,0.0,0,0.0,0.09695163200551171,0,0,0,0,False,0,0,,,"{""profile_name"": ""extreme_d07"", ""map_seed"": 20460623, ""query_seed"": 20461627}"
extreme_s00_q0019,n3p_k1,Extreme,d20_inf,True,True,0.0009163960348814726,0,24.71639132235934,24.71639132235934,0.0,0,0.0,0.09695163200551171,0,0,0,0,False,0,0,,,"{""profile_name"": ""extreme_d07"", ""map_seed"": 20460623, ""query_seed"": 20461627}"
extreme_s00_q0019,voronoi_waypoint,Extreme,d20_inf,True,True,0.8247693418525159,92,26.94290070722912,24.71639132235934,0.09008230027720932,2,0.21775088487130315,0.05567727478020956,0,0,0,0,False,,,,,"{""profile_name"": ""extreme_d07"", ""map_seed"": 20460623, ""query_seed"": 20461627, ""waypoint_count"": 4}"
extreme_s00_q0019,bottleneck_waypoint,Extreme,d20_inf,True,True,0.6298916628584266,9,26.039160684434112,24.71639132235934,0.053517900118297046,0,0.13770442775938468,0.07155333786686158,0,0,0,0,False,,,,,"{""profile_name"": ""extreme_d07"", ""map_seed"": 20460623, ""query_seed"": 20461627, ""waypoint_count"": 3, ""bottleneck_count"": 3}"
extreme_s00_q0019,md_dqn,Extreme,d20_inf,False,False,0.16980252997018397,600,1.124999999999996,24.71639132235934,,0,0.8385645564237285,2.4086186740719766,0,0,0,0,False,,,,md_dqn_not_reached,"{""profile_name"": ""extreme_d07"", ""map_seed"": 20460623, ""query_seed"": 20461627, ""md_dqn_source_dir"": ""/home/ubuntu/DQN10/2_experiment"", ""md_dqn_checkpoint_path"": ""/home/ubuntu/DQN10/2_experiment/ugv_dqn/outputs/2026-05-12_train_load_external_demo_smoke/models/realmap_a/mlp-dqn.pt"", ""md_dqn_algo"": ""mlp-dqn"", ""md_dqn_device"": ""cpu"", ""md_dqn_max_steps"": 600, ""md_dqn_rollout_steps"": 600, ""md_dqn_reached"": false}"
extreme_s01_q0020,vanilla_ha,Extreme,d08_12,True,True,0.24092555046081543,161,13.32361559281097,,,1,0.16243392638568271,0.07548292220089126,0,0,0,0,False,,,,,"{""profile_name"": ""extreme_d03"", ""map_seed"": 20470620, ""query_seed"": 20471620, ""evaluation_path_source"": ""trace_poses"", ""planner_path_pose_count"": 8, ""evaluation_path_pose_count"": 135}"
extreme_s01_q0020,f_n3p_knn,Extreme,d08_12,True,True,0.298494981136173,157,13.336255302603657,13.32361559281097,0.0009486696538667516,1,0.20072980968410678,0.08957085524597075,0,4,1,0,True,0,0,,,"{""profile_name"": ""extreme_d03"", ""map_seed"": 20470620, ""query_seed"": 20471620}"
extreme_s01_q0020,n3p_k1,Extreme,d08_12,True,True,0.2964399019256234,157,13.336255302603657,13.32361559281097,0.0009486696538667516,1,0.20072980968410678,0.08957085524597075,0,0,1,0,True,0,0,,,"{""profile_name"": ""extreme_d03"", ""map_seed"": 20470620, ""query_seed"": 20471620}"
extreme_s01_q0020,voronoi_waypoint,Extreme,d08_12,True,True,0.5685744609218091,123,13.937509802592308,13.32361559281097,0.04607564707229894,1,0.41174491133374236,0.0842099213132863,0,0,0,0,False,,,,,"{""profile_name"": ""extreme_d03"", ""map_seed"": 20470620, ""query_seed"": 20471620, ""waypoint_count"": 2}"
extreme_s01_q0020,bottleneck_waypoint,Extreme,d08_12,True,True,0.4877058770507574,7,13.11078588651663,13.32361559281097,-0.015973870216518082,3,0.2587491305965027,0.12398927030649398,0,0,0,0,False,,,,,"{""profile_name"": ""extreme_d03"", ""map_seed"": 20470620, ""query_seed"": 20471620, ""waypoint_count"": 2, ""bottleneck_count"": 2}"
extreme_s01_q0020,md_dqn,Extreme,d08_12,False,False,0.0014767700340598822,1,0.0037500000000014445,13.32361559281097,,0,0.08734630124011696,0.15335315218991363,0,0,0,0,False,,,,md_dqn_not_reached,"{""profile_name"": ""extreme_d03"", ""map_seed"": 20470620, ""query_seed"": 20471620, ""md_dqn_source_dir"": ""/home/ubuntu/DQN10/2_experiment"", ""md_dqn_checkpoint_path"": ""/home/ubuntu/DQN10/2_experiment/ugv_dqn/outputs/2026-05-12_train_load_external_demo_smoke/models/realmap_a/mlp-dqn.pt"", ""md_dqn_algo"": ""mlp-dqn"", ""md_dqn_device"": ""cpu"", ""md_dqn_max_steps"": 600, ""md_dqn_rollout_steps"": 1, ""md_dqn_reached"": false}"
extreme_s01_q0021,vanilla_ha,Extreme,d12_16,True,True,0.8854665756225586,1171,14.091662001925332,,,0,0.12268671427566397,0.08585459884087909,0,0,0,0,False,,,,,"{""profile_name"": ""extreme_d04"", ""map_seed"": 20470620, ""query_seed"": 20471621, ""evaluation_path_source"": ""trace_poses"", ""planner_path_pose_count"": 24, ""evaluation_path_pose_count"": 144}"
extreme_s01_q0021,f_n3p_knn,Extreme,d12_16,True,True,0.15741095296107233,1,14.17689610205906,14.091662001925332,0.006048548433966294,0,0.05686934216754837,0.11209898614859137,0,0,0,0,False,1,1,1.0,,"{""profile_name"": ""extreme_d04"", ""map_seed"": 20470620, ""query_seed"": 20471621}"
extreme_s01_q0021,n3p_k1,Extreme,d12_16,True,True,0.15636092494241893,1,14.17689610205906,14.091662001925332,0.006048548433966294,0,0.05686934216754837,0.11209898614859137,0,0,0,0,False,1,1,1.0,,"{""profile_name"": ""extreme_d04"", ""map_seed"": 20470620, ""query_seed"": 20471621}"
extreme_s01_q0021,voronoi_waypoint,Extreme,d12_16,True,True,0.5669423120561987,109,14.785002375091477,14.091662001925332,0.04920217168644925,2,0.27440707476987597,0.06176021832452627,0,0,0,0,False,,,,,"{""profile_name"": ""extreme_d04"", ""map_seed"": 20470620, ""query_seed"": 20471621, ""waypoint_count"": 2}"
extreme_s01_q0021,bottleneck_waypoint,Extreme,d12_16,True,True,0.47813038900494576,3,14.41821158695321,14.091662001925332,0.023173248477238673,0,0.22454847775822434,0.1262388159072939,0,0,0,0,False,,,,,"{""profile_name"": ""extreme_d04"", ""map_seed"": 20470620, ""query_seed"": 20471621, ""waypoint_count"": 2, ""bottleneck_count"": 2}"
extreme_s01_q0021,md_dqn,Extreme,d12_16,False,False,0.16827279748395085,600,1.1249999999999352,14.091662001925332,,0,0.0,0.1262388159072939,0,0,0,0,False,,,,md_dqn_not_reached,"{""profile_name"": ""extreme_d04"", ""map_seed"": 20470620, ""query_seed"": 20471621, ""md_dqn_source_dir"": ""/home/ubuntu/DQN10/2_experiment"", ""md_dqn_checkpoint_path"": ""/home/ubuntu/DQN10/2_experiment/ugv_dqn/outputs/2026-05-12_train_load_external_demo_smoke/models/realmap_a/mlp-dqn.pt"", ""md_dqn_algo"": ""mlp-dqn"", ""md_dqn_device"": ""cpu"", ""md_dqn_max_steps"": 600, ""md_dqn_rollout_steps"": 600, ""md_dqn_reached"": false}"
extreme_s01_q0022,vanilla_ha,Extreme,d16_20,True,True,0.2070000171661377,81,17.031539253831397,,,0,0.1352114211660753,0.1985499267289177,0,0,0,0,False,,,,,"{""profile_name"": ""extreme_d05"", ""map_seed"": 20470620, ""query_seed"": 20471622, ""evaluation_path_source"": ""trace_poses"", ""planner_path_pose_count"": 26, ""evaluation_path_pose_count"": 173}"
extreme_s01_q0022,f_n3p_knn,Extreme,d16_20,True,True,0.30985241918824613,2,16.58522053238124,17.031539253831397,-0.026205424817944967,0,0.0681783235435839,0.087887560416684,0,0,0,0,False,2,2,1.0,,"{""profile_name"": ""extreme_d05"", ""map_seed"": 20470620, ""query_seed"": 20471622}"
extreme_s01_q0022,n3p_k1,Extreme,d16_20,True,True,0.3069934828672558,2,16.58522053238124,17.031539253831397,-0.026205424817944967,0,0.0681783235435839,0.087887560416684,0,0,0,0,False,2,2,1.0,,"{""profile_name"": ""extreme_d05"", ""map_seed"": 20470620, ""query_seed"": 20471622}"
extreme_s01_q0022,voronoi_waypoint,Extreme,d16_20,True,True,0.4783029928803444,3,16.987959858628336,17.031539253831397,-0.0025587467200450797,0,0.1509605284527658,0.6844218794985901,0,0,0,0,False,,,,,"{""profile_name"": ""extreme_d05"", ""map_seed"": 20470620, ""query_seed"": 20471622, ""waypoint_count"": 2}"
extreme_s01_q0022,bottleneck_waypoint,Extreme,d16_20,True,True,0.4745883399154991,3,16.919551434642248,17.031539253831397,-0.006575319912083488,0,0.1746096544743033,0.8285366665409462,0,0,0,0,False,,,,,"{""profile_name"": ""extreme_d05"", ""map_seed"": 20470620, ""query_seed"": 20471622, ""waypoint_count"": 2, ""bottleneck_count"": 2}"
extreme_s01_q0022,md_dqn,Extreme,d16_20,True,True,0.07748369150795043,226,19.983124999999973,17.031539253831397,0.17330117390913968,0,0.18726484358637138,0.23146007836221028,0,0,0,0,False,,,,,"{""profile_name"": ""extreme_d05"", ""map_seed"": 20470620, ""query_seed"": 20471622, ""md_dqn_source_dir"": ""/home/ubuntu/DQN10/2_experiment"", ""md_dqn_checkpoint_path"": ""/home/ubuntu/DQN10/2_experiment/ugv_dqn/outputs/2026-05-12_train_load_external_demo_smoke/models/realmap_a/mlp-dqn.pt"", ""md_dqn_algo"": ""mlp-dqn"", ""md_dqn_device"": ""cpu"", ""md_dqn_max_steps"": 600, ""md_dqn_rollout_steps"": 226, ""md_dqn_reached"": true}"
extreme_s01_q0023,vanilla_ha,Extreme,d20_inf,True,True,0.8611235618591309,1257,22.171800109446277,,,0,0.22483153375617632,0.08710142391899645,0,0,0,0,False,,,,,"{""profile_name"": ""extreme_d06"", ""map_seed"": 20470620, ""query_seed"": 20471623, ""evaluation_path_source"": ""trace_poses"", ""planner_path_pose_count"": 62, ""evaluation_path_pose_count"": 224}"
extreme_s01_q0023,f_n3p_knn,Extreme,d20_inf,True,True,1.4782825149595737,1341,21.638244003401066,22.171800109446277,-0.024064627292841645,0,0.24486834398567386,0.07224651566976092,0,5,1,0,True,0,1,0.0,,"{""profile_name"": ""extreme_d06"", ""map_seed"": 20470620, ""query_seed"": 20471623}"
extreme_s01_q0023,n3p_k1,Extreme,d20_inf,True,True,0.36770543293096125,78,21.79152094059733,22.171800109446277,-0.017151479220080534,0,0.24023978946397267,0.08725825271925092,0,0,2,0,True,0,0,,,"{""profile_name"": ""extreme_d06"", ""map_seed"": 20470620, ""query_seed"": 20471623}"
extreme_s01_q0023,voronoi_waypoint,Extreme,d20_inf,True,True,0.987315075006336,291,22.726519490899545,22.171800109446277,0.025019140471906454,1,0.28953591092516423,0.06266036657698204,0,0,0,0,False,,,,,"{""profile_name"": ""extreme_d06"", ""map_seed"": 20470620, ""query_seed"": 20471623, ""waypoint_count"": 4}"
extreme_s01_q0023,bottleneck_waypoint,Extreme,d20_inf,True,True,0.7572970811743289,5,22.282465544037503,22.171800109446277,0.0049912697230243275,0,0.20173670746617137,0.11218497544501838,0,0,0,0,False,,,,,"{""profile_name"": ""extreme_d06"", ""map_seed"": 20470620, ""query_seed"": 20471623, ""waypoint_count"": 4, ""bottleneck_count"": 4}"
extreme_s01_q0023,md_dqn,Extreme,d20_inf,False,False,0.22420709347352386,308,16.79,22.171800109446277,,1,0.29794733457363776,0.1615592189295364,0,0,0,0,False,,,,md_dqn_not_reached,"{""profile_name"": ""extreme_d06"", ""map_seed"": 20470620, ""query_seed"": 20471623, ""md_dqn_source_dir"": ""/home/ubuntu/DQN10/2_experiment"", ""md_dqn_checkpoint_path"": ""/home/ubuntu/DQN10/2_experiment/ugv_dqn/outputs/2026-05-12_train_load_external_demo_smoke/models/realmap_a/mlp-dqn.pt"", ""md_dqn_algo"": ""mlp-dqn"", ""md_dqn_device"": ""cpu"", ""md_dqn_max_steps"": 600, ""md_dqn_rollout_steps"": 308, ""md_dqn_reached"": false}"
extreme_s01_q0024,vanilla_ha,Extreme,d08_12,True,True,0.14948105812072754,13,8.839676873750866,,,0,0.2083162694340689,0.10550175480007873,0,0,0,0,False,,,,,"{""profile_name"": ""extreme_d07"", ""map_seed"": 20470620, ""query_seed"": 20471624, ""evaluation_path_source"": ""trace_poses"", ""planner_path_pose_count"": 8, ""evaluation_path_pose_count"": 91}"
extreme_s01_q0024,f_n3p_knn,Extreme,d08_12,True,True,0.15303392801433802,1,8.619933911073778,8.839676873750866,-0.024858709861851125,0,0.15540881898824577,0.09231808247370576,0,0,0,0,False,1,1,1.0,,"{""profile_name"": ""extreme_d07"", ""map_seed"": 20470620, ""query_seed"": 20471624}"
extreme_s01_q0024,n3p_k1,Extreme,d08_12,True,True,0.14884111494757235,1,8.619933911073778,8.839676873750866,-0.024858709861851125,0,0.15540881898824577,0.09231808247370576,0,0,0,0,False,1,1,1.0,,"{""profile_name"": ""extreme_d07"", ""map_seed"": 20470620, ""query_seed"": 20471624}"
extreme_s01_q0024,voronoi_waypoint,Extreme,d08_12,True,True,0.3355562330689281,10,8.841649383572035,8.839676873750866,0.0002231427516345974,0,0.24648036364608664,0.06124729545886065,0,0,0,0,False,,,,,"{""profile_name"": ""extreme_d07"", ""map_seed"": 20470620, ""query_seed"": 20471624, ""waypoint_count"": 1}"
extreme_s01_q0024,bottleneck_waypoint,Extreme,d08_12,True,True,0.4689869440626353,3,10.154341622301438,8.839676873750866,0.14872316797624419,0,0.4305960098478478,0.31350347593376715,0,0,0,0,False,,,,,"{""profile_name"": ""extreme_d07"", ""map_seed"": 20470620, ""query_seed"": 20471624, ""waypoint_count"": 2, ""bottleneck_count"": 2}"
extreme_s01_q0024,md_dqn,Extreme,d08_12,False,False,0.33054099418222904,360,0.7331250000001924,8.839676873750866,,1,0.008345615830624606,0.3991574890769205,0,0,0,0,False,,,,md_dqn_not_reached,"{""profile_name"": ""extreme_d07"", ""map_seed"": 20470620, ""query_seed"": 20471624, ""md_dqn_source_dir"": ""/home/ubuntu/DQN10/2_experiment"", ""md_dqn_checkpoint_path"": ""/home/ubuntu/DQN10/2_experiment/ugv_dqn/outputs/2026-05-12_train_load_external_demo_smoke/models/realmap_a/mlp-dqn.pt"", ""md_dqn_algo"": ""mlp-dqn"", ""md_dqn_device"": ""cpu"", ""md_dqn_max_steps"": 600, ""md_dqn_rollout_steps"": 360, ""md_dqn_reached"": false}"
extreme_s01_q0025,vanilla_ha,Extreme,d12_16,True,True,0.21276378631591797,91,14.695990045731788,,,0,0.21260467901017024,0.06418037974582191,0,0,0,0,False,,,,,"{""profile_name"": ""extreme_d03"", ""map_seed"": 20470621, ""query_seed"": 20471621, ""evaluation_path_source"": ""trace_poses"", ""planner_path_pose_count"": 27, ""evaluation_path_pose_count"": 149}"
extreme_s01_q0025,f_n3p_knn,Extreme,d12_16,True,True,0.3079899020958692,2,14.463265816374523,14.695990045731788,-0.015835900040287232,0,0.07075755222396293,0.2089976831251511,0,1,0,0,True,1,2,0.5,,"{""profile_name"": ""extreme_d03"", ""map_seed"": 20470621, ""query_seed"": 20471621}"
extreme_s01_q0025,n3p_k1,Extreme,d12_16,True,True,0.312694899039343,14,14.426225504469514,14.695990045731788,-0.018356336689315023,0,0.055552220232496084,0.08565694339663621,0,0,1,0,True,1,1,1.0,,"{""profile_name"": ""extreme_d03"", ""map_seed"": 20470621, ""query_seed"": 20471621}"
extreme_s01_q0025,voronoi_waypoint,Extreme,d12_16,True,True,0.6096292219590396,4,18.356069041721266,14.695990045731788,0.2490529038601581,1,0.28642574961019773,0.45944418448410096,0,0,0,0,False,,,,,"{""profile_name"": ""extreme_d03"", ""map_seed"": 20470621, ""query_seed"": 20471621, ""waypoint_count"": 3}"
extreme_s01_q0025,bottleneck_waypoint,Extreme,d12_16,True,True,0.6147021490614861,4,19.05770649395404,14.695990045731788,0.2967963665359885,3,0.3615351673343443,0.09203460847187372,0,0,0,0,False,,,,,"{""profile_name"": ""extreme_d03"", ""map_seed"": 20470621, ""query_seed"": 20471621, ""waypoint_count"": 3, ""bottleneck_count"": 3}"
extreme_s01_q0025,md_dqn,Extreme,d12_16,False,False,0.17010325589217246,600,1.1250000000000353,14.695990045731788,,0,0.7403545638223212,0.46382571297036435,0,0,0,0,False,,,,md_dqn_not_reached,"{""profile_name"": ""extreme_d03"", ""map_seed"": 20470621, ""query_seed"": 20471621, ""md_dqn_source_dir"": ""/home/ubuntu/DQN10/2_experiment"", ""md_dqn_checkpoint_path"": ""/home/ubuntu/DQN10/2_experiment/ugv_dqn/outputs/2026-05-12_train_load_external_demo_smoke/models/realmap_a/mlp-dqn.pt"", ""md_dqn_algo"": ""mlp-dqn"", ""md_dqn_device"": ""cpu"", ""md_dqn_max_steps"": 600, ""md_dqn_rollout_steps"": 600, ""md_dqn_reached"": false}"
extreme_s01_q0026,vanilla_ha,Extreme,d16_20,True,True,0.29804158210754395,256,20.758941182683873,,,0,0.20341195051281719,0.11380147833987553,0,0,0,0,False,,,,,"{""profile_name"": ""extreme_d04"", ""map_seed"": 20470621, ""query_seed"": 20471622, ""evaluation_path_source"": ""trace_poses"", ""planner_path_pose_count"": 51, ""evaluation_path_pose_count"": 210}"
extreme_s01_q0026,f_n3p_knn,Extreme,d16_20,True,True,1.3186781390104443,1149,20.647979613820606,20.758941182683873,-0.005345242220534119,2,0.2573700180738888,0.09667451178473652,0,4,1,0,True,2,2,1.0,,"{""profile_name"": ""extreme_d04"", ""map_seed"": 20470621, ""query_seed"": 20471622}"
extreme_s01_q0026,n3p_k1,Extreme,d16_20,True,True,1.3189922629389912,1149,20.647979613820606,20.758941182683873,-0.005345242220534119,2,0.2573700180738888,0.09667451178473652,0,0,1,0,True,2,2,1.0,,"{""profile_name"": ""extreme_d04"", ""map_seed"": 20470621, ""query_seed"": 20471622}"
extreme_s01_q0026,voronoi_waypoint,Extreme,d16_20,True,True,0.6254644088912755,10,20.44229400262271,20.758941182683873,-0.015253532310467555,0,0.24132299930264545,0.18624179384241912,0,0,0,0,False,,,,,"{""profile_name"": ""extreme_d04"", ""map_seed"": 20470621, ""query_seed"": 20471622, ""waypoint_count"": 3}"
extreme_s01_q0026,bottleneck_waypoint,Extreme,d16_20,True,True,0.6224002810195088,4,20.13371598290069,20.758941182683873,-0.030118356918161004,0,0.16636355747204584,0.13687746614679241,0,0,0,0,False,,,,,"{""profile_name"": ""extreme_d04"", ""map_seed"": 20470621, ""query_seed"": 20471622, ""waypoint_count"": 3, ""bottleneck_count"": 3}"
extreme_s01_q0026,md_dqn,Extreme,d16_20,False,False,0.1699732644483447,600,1.1250000000007143,20.758941182683873,,0,0.0,0.7544502125522208,0,0,0,0,False,,,,md_dqn_not_reached,"{""profile_name"": ""extreme_d04"", ""map_seed"": 20470621, ""query_seed"": 20471622, ""md_dqn_source_dir"": ""/home/ubuntu/DQN10/2_experiment"", ""md_dqn_checkpoint_path"": ""/home/ubuntu/DQN10/2_experiment/ugv_dqn/outputs/2026-05-12_train_load_external_demo_smoke/models/realmap_a/mlp-dqn.pt"", ""md_dqn_algo"": ""mlp-dqn"", ""md_dqn_device"": ""cpu"", ""md_dqn_max_steps"": 600, ""md_dqn_rollout_steps"": 600, ""md_dqn_reached"": false}"
extreme_s01_q0027,vanilla_ha,Extreme,d20_inf,False,False,2.500209093093872,5096,,,,0,,,0,0,0,0,False,,,,timeout,"{""profile_name"": ""extreme_d05"", ""map_seed"": 20470621, ""query_seed"": 20471623, ""evaluation_path_source"": ""planner_path"", ""planner_path_pose_count"": 0, ""evaluation_path_pose_count"": 0}"
extreme_s01_q0027,f_n3p_knn,Extreme,d20_inf,False,False,4.46208803798072,8429,,,,0,,,0,4,1,1,True,0,0,,f2_failed:prediction:timeout;goal:node_budget_exhausted;f3_failed:timeout,"{""profile_name"": ""extreme_d05"", ""map_seed"": 20470621, ""query_seed"": 20471623}"
extreme_s01_q0027,n3p_k1,Extreme,d20_inf,False,False,4.390082502970472,8429,,,,0,,,0,0,1,1,True,0,0,,f2_failed:prediction:timeout;goal:node_budget_exhausted;f3_failed:timeout,"{""profile_name"": ""extreme_d05"", ""map_seed"": 20470621, ""query_seed"": 20471623}"
extreme_s01_q0027,voronoi_waypoint,Extreme,d20_inf,True,True,0.7564466309268028,5,23.797795470215785,,,0,0.17810301797176334,0.13289291041348572,0,0,0,0,False,,,,,"{""profile_name"": ""extreme_d05"", ""map_seed"": 20470621, ""query_seed"": 20471623, ""waypoint_count"": 4}"
extreme_s01_q0027,bottleneck_waypoint,Extreme,d20_inf,True,True,0.759474819060415,5,23.841611112057322,,,0,0.23517762257780828,0.1328929104134864,0,0,0,0,False,,,,,"{""profile_name"": ""extreme_d05"", ""map_seed"": 20470621, ""query_seed"": 20471623, ""waypoint_count"": 4, ""bottleneck_count"": 4}"
extreme_s01_q0027,md_dqn,Extreme,d20_inf,False,False,0.16767354775220156,600,1.1250000000000138,,,0,0.8293604507221545,0.6734391359214611,0,0,0,0,False,,,,md_dqn_not_reached,"{""profile_name"": ""extreme_d05"", ""map_seed"": 20470621, ""query_seed"": 20471623, ""md_dqn_source_dir"": ""/home/ubuntu/DQN10/2_experiment"", ""md_dqn_checkpoint_path"": ""/home/ubuntu/DQN10/2_experiment/ugv_dqn/outputs/2026-05-12_train_load_external_demo_smoke/models/realmap_a/mlp-dqn.pt"", ""md_dqn_algo"": ""mlp-dqn"", ""md_dqn_device"": ""cpu"", ""md_dqn_max_steps"": 600, ""md_dqn_rollout_steps"": 600, ""md_dqn_reached"": false}"
extreme_s01_q0028,vanilla_ha,Extreme,d08_12,False,False,2.5003466606140137,3053,,,,0,,,0,0,0,0,False,,,,timeout,"{""profile_name"": ""extreme_d06"", ""map_seed"": 20470621, ""query_seed"": 20471624, ""evaluation_path_source"": ""planner_path"", ""planner_path_pose_count"": 0, ""evaluation_path_pose_count"": 0}"
extreme_s01_q0028,f_n3p_knn,Extreme,d08_12,False,False,3.512405327986926,4339,,,,0,,,0,4,1,1,True,0,0,,f2_failed:prediction:goal_in_collision;goal:timeout;f3_failed:timeout,"{""profile_name"": ""extreme_d06"", ""map_seed"": 20470621, ""query_seed"": 20471624}"
extreme_s01_q0028,n3p_k1,Extreme,d08_12,False,False,3.515127161052078,4276,,,,0,,,0,0,1,1,True,0,0,,f2_failed:prediction:goal_in_collision;goal:timeout;f3_failed:timeout,"{""profile_name"": ""extreme_d06"", ""map_seed"": 20470621, ""query_seed"": 20471624}"
extreme_s01_q0028,voronoi_waypoint,Extreme,d08_12,True,True,0.47570956707932055,6,11.388415448390752,,,0,0.23441422845477136,0.1479382145699466,0,0,0,0,False,,,,,"{""profile_name"": ""extreme_d06"", ""map_seed"": 20470621, ""query_seed"": 20471624, ""waypoint_count"": 2}"
extreme_s01_q0028,bottleneck_waypoint,Extreme,d08_12,True,True,0.34462332003749907,14,11.406489268089109,,,0,0.27619587615160035,0.11334162738682685,0,0,0,0,False,,,,,"{""profile_name"": ""extreme_d06"", ""map_seed"": 20470621, ""query_seed"": 20471624, ""waypoint_count"": 1, ""bottleneck_count"": 1}"
extreme_s01_q0028,md_dqn,Extreme,d08_12,False,False,0.18936327588744462,262,3.271874999999999,,,1,0.6271771733753656,0.11123395575824402,0,0,0,0,False,,,,md_dqn_not_reached,"{""profile_name"": ""extreme_d06"", ""map_seed"": 20470621, ""query_seed"": 20471624, ""md_dqn_source_dir"": ""/home/ubuntu/DQN10/2_experiment"", ""md_dqn_checkpoint_path"": ""/home/ubuntu/DQN10/2_experiment/ugv_dqn/outputs/2026-05-12_train_load_external_demo_smoke/models/realmap_a/mlp-dqn.pt"", ""md_dqn_algo"": ""mlp-dqn"", ""md_dqn_device"": ""cpu"", ""md_dqn_max_steps"": 600, ""md_dqn_rollout_steps"": 262, ""md_dqn_reached"": false}"
extreme_s01_q0029,vanilla_ha,Extreme,d12_16,False,False,2.5003087520599365,3237,,,,0,,,0,0,0,0,False,,,,timeout,"{""profile_name"": ""extreme_d07"", ""map_seed"": 20470621, ""query_seed"": 20471625, ""evaluation_path_source"": ""planner_path"", ""planner_path_pose_count"": 0, ""evaluation_path_pose_count"": 0}"
extreme_s01_q0029,f_n3p_knn,Extreme,d12_16,False,False,3.5133126450236887,4579,,,,0,,,0,4,1,1,True,0,0,,f2_failed:prediction:goal_in_collision;goal:timeout;f3_failed:timeout,"{""profile_name"": ""extreme_d07"", ""map_seed"": 20470621, ""query_seed"": 20471625}"
extreme_s01_q0029,n3p_k1,Extreme,d12_16,False,False,3.5123193110339344,4581,,,,0,,,0,0,1,1,True,0,0,,f2_failed:prediction:goal_in_collision;goal:timeout;f3_failed:timeout,"{""profile_name"": ""extreme_d07"", ""map_seed"": 20470621, ""query_seed"": 20471625}"
extreme_s01_q0029,voronoi_waypoint,Extreme,d12_16,True,True,0.47543069114908576,3,14.67170960632474,,,0,0.19774852802059278,0.07146519885819957,0,0,0,0,False,,,,,"{""profile_name"": ""extreme_d07"", ""map_seed"": 20470621, ""query_seed"": 20471625, ""waypoint_count"": 2}"
extreme_s01_q0029,bottleneck_waypoint,Extreme,d12_16,True,True,0.47716434695757926,3,14.926327982490061,,,0,0.2031279529105227,0.07163335027118145,0,0,0,0,False,,,,,"{""profile_name"": ""extreme_d07"", ""map_seed"": 20470621, ""query_seed"": 20471625, ""waypoint_count"": 2, ""bottleneck_count"": 2}"
extreme_s01_q0029,md_dqn,Extreme,d12_16,False,False,0.16904978826642036,600,1.125000000000824,,,0,0.0,0.22776099467304123,0,0,0,0,False,,,,md_dqn_not_reached,"{""profile_name"": ""extreme_d07"", ""map_seed"": 20470621, ""query_seed"": 20471625, ""md_dqn_source_dir"": ""/home/ubuntu/DQN10/2_experiment"", ""md_dqn_checkpoint_path"": ""/home/ubuntu/DQN10/2_experiment/ugv_dqn/outputs/2026-05-12_train_load_external_demo_smoke/models/realmap_a/mlp-dqn.pt"", ""md_dqn_algo"": ""mlp-dqn"", ""md_dqn_device"": ""cpu"", ""md_dqn_max_steps"": 600, ""md_dqn_rollout_steps"": 600, ""md_dqn_reached"": false}"
extreme_s01_q0030,vanilla_ha,Extreme,d16_20,False,False,2.5005993843078613,4243,,,,0,,,0,0,0,0,False,,,,timeout,"{""profile_name"": ""extreme_d03"", ""map_seed"": 20470622, ""query_seed"": 20471622, ""evaluation_path_source"": ""planner_path"", ""planner_path_pose_count"": 0, ""evaluation_path_pose_count"": 0}"
extreme_s01_q0030,f_n3p_knn,Extreme,d16_20,True,True,0.3132429930847138,2,19.26450850007244,,,0,0.12307210910187845,0.3767862403919202,0,1,0,0,True,1,2,0.5,,"{""profile_name"": ""extreme_d03"", ""map_seed"": 20470622, ""query_seed"": 20471622}"
extreme_s01_q0030,n3p_k1,Extreme,d16_20,False,False,3.5117582199163735,6424,,,,0,,,0,0,1,1,True,0,0,,f2_failed:prediction:goal_in_collision;goal:timeout;f3_failed:timeout,"{""profile_name"": ""extreme_d03"", ""map_seed"": 20470622, ""query_seed"": 20471622}"
extreme_s01_q0030,voronoi_waypoint,Extreme,d16_20,True,True,0.6236532940529287,4,20.150258265822103,,,0,0.24901691986408345,0.4070213936739474,0,0,0,0,False,,,,,"{""profile_name"": ""extreme_d03"", ""map_seed"": 20470622, ""query_seed"": 20471622, ""waypoint_count"": 3}"
extreme_s01_q0030,bottleneck_waypoint,Extreme,d16_20,True,True,0.6225780139211565,4,19.365541552632802,,,0,0.23935086664162084,0.4070213936739474,0,0,0,0,False,,,,,"{""profile_name"": ""extreme_d03"", ""map_seed"": 20470622, ""query_seed"": 20471622, ""waypoint_count"": 3, ""bottleneck_count"": 3}"
extreme_s01_q0030,md_dqn,Extreme,d16_20,False,False,0.17004586337134242,600,1.125000000000114,,,0,0.0,0.4070213936739474,0,0,0,0,False,,,,md_dqn_not_reached,"{""profile_name"": ""extreme_d03"", ""map_seed"": 20470622, ""query_seed"": 20471622, ""md_dqn_source_dir"": ""/home/ubuntu/DQN10/2_experiment"", ""md_dqn_checkpoint_path"": ""/home/ubuntu/DQN10/2_experiment/ugv_dqn/outputs/2026-05-12_train_load_external_demo_smoke/models/realmap_a/mlp-dqn.pt"", ""md_dqn_algo"": ""mlp-dqn"", ""md_dqn_device"": ""cpu"", ""md_dqn_max_steps"": 600, ""md_dqn_rollout_steps"": 600, ""md_dqn_reached"": false}"
extreme_s01_q0031,vanilla_ha,Extreme,d20_inf,True,True,0.23564720153808594,233,26.432625101809787,,,0,0.21128888270578103,0.07853197752434327,0,0,0,0,False,,,,,"{""profile_name"": ""extreme_d04"", ""map_seed"": 20470622, ""query_seed"": 20471623, ""evaluation_path_source"": ""trace_poses"", ""planner_path_pose_count"": 48, ""evaluation_path_pose_count"": 267}"
extreme_s01_q0031,f_n3p_knn,Extreme,d20_inf,True,True,0.38127001211978495,170,26.566565370244266,26.432625101809787,0.0050672329334897626,0,0.14020538405150682,0.14544970917358901,0,4,1,0,True,1,1,1.0,,"{""profile_name"": ""extreme_d04"", ""map_seed"": 20470622, ""query_seed"": 20471623}"
extreme_s01_q0031,n3p_k1,Extreme,d20_inf,True,True,0.3773449519649148,170,26.566565370244266,26.432625101809787,0.0050672329334897626,0,0.14020538405150682,0.14544970917358901,0,0,1,0,True,1,1,1.0,,"{""profile_name"": ""extreme_d04"", ""map_seed"": 20470622, ""query_seed"": 20471623}"
extreme_s01_q0031,voronoi_waypoint,Extreme,d20_inf,True,True,0.7972545349039137,59,27.821912915878087,26.432625101809787,0.05255958531236371,0,0.23555231885104225,0.12348270817017548,0,0,0,0,False,,,,,"{""profile_name"": ""extreme_d04"", ""map_seed"": 20470622, ""query_seed"": 20471623, ""waypoint_count"": 4}"
extreme_s01_q0031,bottleneck_waypoint,Extreme,d20_inf,True,True,0.6179434608202428,4,27.133259449491256,26.432625101809787,0.026506423216871466,0,0.1255815361585109,0.08953116508194481,0,0,0,0,False,,,,,"{""profile_name"": ""extreme_d04"", ""map_seed"": 20470622, ""query_seed"": 20471623, ""waypoint_count"": 3, ""bottleneck_count"": 3}"
extreme_s01_q0031,md_dqn,Extreme,d20_inf,False,False,0.1700402379501611,600,1.1250000000000038,26.432625101809787,,0,0.8385645564237224,1.1354056324922264,0,0,0,0,False,,,,md_dqn_not_reached,"{""profile_name"": ""extreme_d04"", ""map_seed"": 20470622, ""query_seed"": 20471623, ""md_dqn_source_dir"": ""/home/ubuntu/DQN10/2_experiment"", ""md_dqn_checkpoint_path"": ""/home/ubuntu/DQN10/2_experiment/ugv_dqn/outputs/2026-05-12_train_load_external_demo_smoke/models/realmap_a/mlp-dqn.pt"", ""md_dqn_algo"": ""mlp-dqn"", ""md_dqn_device"": ""cpu"", ""md_dqn_max_steps"": 600, ""md_dqn_rollout_steps"": 600, ""md_dqn_reached"": false}"
extreme_s01_q0032,vanilla_ha,Extreme,d08_12,True,True,0.2694578170776367,206,9.598452410826702,,,0,0.10294730537350334,0.08816737649914341,0,0,0,0,False,,,,,"{""profile_name"": ""extreme_d05"", ""map_seed"": 20470622, ""query_seed"": 20471624, ""evaluation_path_source"": ""trace_poses"", ""planner_path_pose_count"": 15, ""evaluation_path_pose_count"": 98}"
extreme_s01_q0032,f_n3p_knn,Extreme,d08_12,True,True,0.15497767296619713,1,10.167819451647103,9.598452410826702,0.05931862934259868,0,0.16339704890821777,0.12566840213224306,0,2,0,0,True,0,1,0.0,,"{""profile_name"": ""extreme_d05"", ""map_seed"": 20470622, ""query_seed"": 20471624}"
extreme_s01_q0032,n3p_k1,Extreme,d08_12,True,True,0.27825747802853584,206,9.598452410826702,9.598452410826702,0.0,0,0.10294730537350334,0.08816737649914341,0,0,1,0,True,0,0,,,"{""profile_name"": ""extreme_d05"", ""map_seed"": 20470622, ""query_seed"": 20471624}"
extreme_s01_q0032,voronoi_waypoint,Extreme,d08_12,True,True,0.3297787718474865,2,10.9769292470026,9.598452410826702,0.14361448879207095,2,0.30290336806665286,0.29688055185753615,0,0,0,0,False,,,,,"{""profile_name"": ""extreme_d05"", ""map_seed"": 20470622, ""query_seed"": 20471624, ""waypoint_count"": 1}"
extreme_s01_q0032,bottleneck_waypoint,Extreme,d08_12,True,True,0.4757917979732156,3,10.803864939497341,9.598452410826702,0.1255840501236405,0,0.30764476894385284,0.29688055185753615,0,0,0,0,False,,,,,"{""profile_name"": ""extreme_d05"", ""map_seed"": 20470622, ""query_seed"": 20471624, ""waypoint_count"": 2, ""bottleneck_count"": 2}"
extreme_s01_q0032,md_dqn,Extreme,d08_12,False,False,0.16824060771614313,600,1.1249999999999862,9.598452410826702,,0,0.8385645564237346,0.915109489784796,0,0,0,0,False,,,,md_dqn_not_reached,"{""profile_name"": ""extreme_d05"", ""map_seed"": 20470622, ""query_seed"": 20471624, ""md_dqn_source_dir"": ""/home/ubuntu/DQN10/2_experiment"", ""md_dqn_checkpoint_path"": ""/home/ubuntu/DQN10/2_experiment/ugv_dqn/outputs/2026-05-12_train_load_external_demo_smoke/models/realmap_a/mlp-dqn.pt"", ""md_dqn_algo"": ""mlp-dqn"", ""md_dqn_device"": ""cpu"", ""md_dqn_max_steps"": 600, ""md_dqn_rollout_steps"": 600, ""md_dqn_reached"": false}"
extreme_s01_q0033,vanilla_ha,Extreme,d12_16,True,True,0.17464447021484375,49,13.518796795916527,,,0,0.13793468823368357,0.06992440529067312,0,0,0,0,False,,,,,"{""profile_name"": ""extreme_d06"", ""map_seed"": 20470622, ""query_seed"": 20471625, ""evaluation_path_source"": ""trace_poses"", ""planner_path_pose_count"": 23, ""evaluation_path_pose_count"": 138}"
extreme_s01_q0033,f_n3p_knn,Extreme,d12_16,True,True,0.15763282706029713,1,13.746715844545736,13.518796795916527,0.016859418191569775,0,0.08537171074950776,0.08616157946551894,0,1,0,0,True,0,1,0.0,,"{""profile_name"": ""extreme_d06"", ""map_seed"": 20470622, ""query_seed"": 20471625}"
extreme_s01_q0033,n3p_k1,Extreme,d12_16,True,True,0.1868521780706942,47,13.629932654322317,13.518796795916527,0.008220839478803255,0,0.19603141148554368,0.0703518565361615,0,0,1,0,True,0,0,,,"{""profile_name"": ""extreme_d06"", ""map_seed"": 20470622, ""query_seed"": 20471625}"
extreme_s01_q0033,voronoi_waypoint,Extreme,d12_16,True,True,0.474612093064934,3,14.230616493233823,13.518796795916527,0.05265407181298176,0,0.1570555097466197,0.43950638382472484,0,0,0,0,False,,,,,"{""profile_name"": ""extreme_d06"", ""map_seed"": 20470622, ""query_seed"": 20471625, ""waypoint_count"": 2}"
extreme_s01_q0033,bottleneck_waypoint,Extreme,d12_16,True,True,0.4758544750511646,3,14.118736697576418,13.518796795916527,0.04437820249218549,0,0.13455651471589458,0.43950638382472484,0,0,0,0,False,,,,,"{""profile_name"": ""extreme_d06"", ""map_seed"": 20470622, ""query_seed"": 20471625, ""waypoint_count"": 2, ""bottleneck_count"": 2}"
extreme_s01_q0033,md_dqn,Extreme,d12_16,False,False,0.1676731980405748,600,1.1249999999999951,13.518796795916527,,0,0.8385645564237345,0.43950638382472484,0,0,0,0,False,,,,md_dqn_not_reached,"{""profile_name"": ""extreme_d06"", ""map_seed"": 20470622, ""query_seed"": 20471625, ""md_dqn_source_dir"": ""/home/ubuntu/DQN10/2_experiment"", ""md_dqn_checkpoint_path"": ""/home/ubuntu/DQN10/2_experiment/ugv_dqn/outputs/2026-05-12_train_load_external_demo_smoke/models/realmap_a/mlp-dqn.pt"", ""md_dqn_algo"": ""mlp-dqn"", ""md_dqn_device"": ""cpu"", ""md_dqn_max_steps"": 600, ""md_dqn_rollout_steps"": 600, ""md_dqn_reached"": false}"
extreme_s01_q0034,vanilla_ha,Extreme,d16_20,True,True,0.2888364791870117,241,17.078476589132322,,,0,0.18916039031359624,0.07442597628938741,0,0,0,0,False,,,,,"{""profile_name"": ""extreme_d07"", ""map_seed"": 20470622, ""query_seed"": 20471626, ""evaluation_path_source"": ""trace_poses"", ""planner_path_pose_count"": 48, ""evaluation_path_pose_count"": 173}"
extreme_s01_q0034,f_n3p_knn,Extreme,d16_20,True,True,0.2982853080611676,241,17.078476589132322,17.078476589132322,0.0,0,0.18916039031359624,0.07442597628938741,0,4,1,0,True,0,0,,,"{""profile_name"": ""extreme_d07"", ""map_seed"": 20470622, ""query_seed"": 20471626}"
extreme_s01_q0034,n3p_k1,Extreme,d16_20,True,True,0.2971062739379704,241,17.078476589132322,17.078476589132322,0.0,0,0.18916039031359624,0.07442597628938741,0,0,1,0,True,0,0,,,"{""profile_name"": ""extreme_d07"", ""map_seed"": 20470622, ""query_seed"": 20471626}"
extreme_s01_q0034,voronoi_waypoint,Extreme,d16_20,True,True,0.6108600499574095,4,18.635441927853865,17.078476589132322,0.09116535251816882,0,0.2382420635179757,0.06309571830756466,0,0,0,0,False,,,,,"{""profile_name"": ""extreme_d07"", ""map_seed"": 20470622, ""query_seed"": 20471626, ""waypoint_count"": 3}"
extreme_s01_q0034,bottleneck_waypoint,Extreme,d16_20,True,True,0.612615805817768,4,17.8239634528388,17.078476589132322,0.04365066519931049,0,0.3816576508588023,0.0893941707129643,0,0,0,0,False,,,,,"{""profile_name"": ""extreme_d07"", ""map_seed"": 20470622, ""query_seed"": 20471626, ""waypoint_count"": 3, ""bottleneck_count"": 3}"
extreme_s01_q0034,md_dqn,Extreme,d16_20,False,False,0.1699405014514923,600,1.1249999999999867,17.078476589132322,,0,0.164840683701087,0.7442464007430811,0,0,0,0,False,,,,md_dqn_not_reached,"{""profile_name"": ""extreme_d07"", ""map_seed"": 20470622, ""query_seed"": 20471626, ""md_dqn_source_dir"": ""/home/ubuntu/DQN10/2_experiment"", ""md_dqn_checkpoint_path"": ""/home/ubuntu/DQN10/2_experiment/ugv_dqn/outputs/2026-05-12_train_load_external_demo_smoke/models/realmap_a/mlp-dqn.pt"", ""md_dqn_algo"": ""mlp-dqn"", ""md_dqn_device"": ""cpu"", ""md_dqn_max_steps"": 600, ""md_dqn_rollout_steps"": 600, ""md_dqn_reached"": false}"
extreme_s01_q0035,vanilla_ha,Extreme,d20_inf,False,False,2.5021464824676514,4041,,,,0,,,0,0,0,0,False,,,,timeout,"{""profile_name"": ""extreme_d03"", ""map_seed"": 20470623, ""query_seed"": 20471623, ""evaluation_path_source"": ""planner_path"", ""planner_path_pose_count"": 0, ""evaluation_path_pose_count"": 0}"
extreme_s01_q0035,f_n3p_knn,Extreme,d20_inf,False,False,3.826088950969279,5614,,,,0,,,0,8,2,1,True,1,1,1.0,f2_failed:prediction:goal_in_collision;goal:timeout;f3_failed:timeout,"{""profile_name"": ""extreme_d03"", ""map_seed"": 20470623, ""query_seed"": 20471623}"
extreme_s01_q0035,n3p_k1,Extreme,d20_inf,False,False,3.8211026799399406,5617,,,,0,,,0,0,2,1,True,1,1,1.0,f2_failed:prediction:goal_in_collision;goal:timeout;f3_failed:timeout,"{""profile_name"": ""extreme_d03"", ""map_seed"": 20470623, ""query_seed"": 20471623}"
extreme_s01_q0035,voronoi_waypoint,Extreme,d20_inf,True,True,0.7610226350370795,5,23.247282974412244,,,0,0.2992344567771555,0.43583705306113574,0,0,0,0,False,,,,,"{""profile_name"": ""extreme_d03"", ""map_seed"": 20470623, ""query_seed"": 20471623, ""waypoint_count"": 4}"
extreme_s01_q0035,bottleneck_waypoint,Extreme,d20_inf,True,True,0.9044483758043498,6,23.159258283910393,,,0,0.30431717443521844,0.41568119072624166,0,0,0,0,False,,,,,"{""profile_name"": ""extreme_d03"", ""map_seed"": 20470623, ""query_seed"": 20471623, ""waypoint_count"": 5, ""bottleneck_count"": 5}"
extreme_s01_q0035,md_dqn,Extreme,d20_inf,False,False,0.16859455360099673,600,1.1249999999998468,,,0,0.0,1.7479523351278017,0,0,0,0,False,,,,md_dqn_not_reached,"{""profile_name"": ""extreme_d03"", ""map_seed"": 20470623, ""query_seed"": 20471623, ""md_dqn_source_dir"": ""/home/ubuntu/DQN10/2_experiment"", ""md_dqn_checkpoint_path"": ""/home/ubuntu/DQN10/2_experiment/ugv_dqn/outputs/2026-05-12_train_load_external_demo_smoke/models/realmap_a/mlp-dqn.pt"", ""md_dqn_algo"": ""mlp-dqn"", ""md_dqn_device"": ""cpu"", ""md_dqn_max_steps"": 600, ""md_dqn_rollout_steps"": 600, ""md_dqn_reached"": false}"
extreme_s01_q0036,vanilla_ha,Extreme,d08_12,True,True,0.19373726844787598,73,11.19241317456404,,,0,0.20919144732406803,0.31840015467720073,0,0,0,0,False,,,,,"{""profile_name"": ""extreme_d04"", ""map_seed"": 20470623, ""query_seed"": 20471624, ""evaluation_path_source"": ""trace_poses"", ""planner_path_pose_count"": 16, ""evaluation_path_pose_count"": 115}"
extreme_s01_q0036,f_n3p_knn,Extreme,d08_12,True,True,0.15979927382431924,1,11.193065705882816,11.19241317456404,5.830121785166398e-05,0,0.08162909034844795,0.14025366652142712,0,1,0,0,True,0,1,0.0,,"{""profile_name"": ""extreme_d04"", ""map_seed"": 20470623, ""query_seed"": 20471624}"
extreme_s01_q0036,n3p_k1,Extreme,d08_12,True,True,0.17778732697479427,29,11.240172365923474,11.19241317456404,0.0042671040297164176,0,0.12019504936800397,0.10802021166297571,0,0,1,0,True,0,0,,,"{""profile_name"": ""extreme_d04"", ""map_seed"": 20470623, ""query_seed"": 20471624}"
extreme_s01_q0036,voronoi_waypoint,Extreme,d08_12,True,True,0.47671971493400633,3,12.843120768282164,11.19241317456404,0.14748451187180378,0,0.39400008860810115,0.09158709741577664,0,0,0,0,False,,,,,"{""profile_name"": ""extreme_d04"", ""map_seed"": 20470623, ""query_seed"": 20471624, ""waypoint_count"": 2}"
extreme_s01_q0036,bottleneck_waypoint,Extreme,d08_12,True,True,0.6207492391113192,4,12.658963010738908,11.19241317456404,0.13103070922254378,0,0.31113429603841963,0.9944448031735731,0,0,0,0,False,,,,,"{""profile_name"": ""extreme_d04"", ""map_seed"": 20470623, ""query_seed"": 20471624, ""waypoint_count"": 3, ""bottleneck_count"": 3}"
extreme_s01_q0036,md_dqn,Extreme,d08_12,False,False,0.1690399742219597,600,2.250000000000016,11.19241317456404,,0,0.08734630124015008,1.1945068966344514,0,0,0,0,False,,,,md_dqn_not_reached,"{""profile_name"": ""extreme_d04"", ""map_seed"": 20470623, ""query_seed"": 20471624, ""md_dqn_source_dir"": ""/home/ubuntu/DQN10/2_experiment"", ""md_dqn_checkpoint_path"": ""/home/ubuntu/DQN10/2_experiment/ugv_dqn/outputs/2026-05-12_train_load_external_demo_smoke/models/realmap_a/mlp-dqn.pt"", ""md_dqn_algo"": ""mlp-dqn"", ""md_dqn_device"": ""cpu"", ""md_dqn_max_steps"": 600, ""md_dqn_rollout_steps"": 600, ""md_dqn_reached"": false}"
extreme_s01_q0037,vanilla_ha,Extreme,d12_16,True,True,0.3529531955718994,285,15.449152286000684,,,0,0.341262014188199,0.07425815772886057,0,0,0,0,False,,,,,"{""profile_name"": ""extreme_d05"", ""map_seed"": 20470623, ""query_seed"": 20471625, ""evaluation_path_source"": ""trace_poses"", ""planner_path_pose_count"": 47, ""evaluation_path_pose_count"": 157}"
extreme_s01_q0037,f_n3p_knn,Extreme,d12_16,True,True,0.3481767999473959,72,15.417442544397426,15.449152286000684,-0.0020525230780455983,0,0.23337817320357493,0.06454953712514466,0,4,1,0,True,1,1,1.0,,"{""profile_name"": ""extreme_d05"", ""map_seed"": 20470623, ""query_seed"": 20471625}"
extreme_s01_q0037,n3p_k1,Extreme,d12_16,True,True,0.348894109018147,72,15.417442544397426,15.449152286000684,-0.0020525230780455983,0,0.23337817320357493,0.06454953712514466,0,0,1,0,True,1,1,1.0,,"{""profile_name"": ""extreme_d05"", ""map_seed"": 20470623, ""query_seed"": 20471625}"
extreme_s01_q0037,voronoi_waypoint,Extreme,d12_16,True,True,0.7335000101011246,112,16.541294997065304,15.449152286000684,0.07069272739671728,0,0.30051122735839636,0.0682234873783426,0,0,0,0,False,,,,,"{""profile_name"": ""extreme_d05"", ""map_seed"": 20470623, ""query_seed"": 20471625, ""waypoint_count"": 3}"
extreme_s01_q0037,bottleneck_waypoint,Extreme,d12_16,True,True,0.6187905189581215,4,16.03375725890301,15.449152286000684,0.03784058581855443,0,0.1526794134619106,0.06521670000875501,0,0,0,0,False,,,,,"{""profile_name"": ""extreme_d05"", ""map_seed"": 20470623, ""query_seed"": 20471625, ""waypoint_count"": 3, ""bottleneck_count"": 3}"
extreme_s01_q0037,md_dqn,Extreme,d12_16,False,False,0.16969037661328912,600,1.1249999999999916,15.449152286000684,,0,0.8385645564237335,0.5051031080568946,0,0,0,0,False,,,,md_dqn_not_reached,"{""profile_name"": ""extreme_d05"", ""map_seed"": 20470623, ""query_seed"": 20471625, ""md_dqn_source_dir"": ""/home/ubuntu/DQN10/2_experiment"", ""md_dqn_checkpoint_path"": ""/home/ubuntu/DQN10/2_experiment/ugv_dqn/outputs/2026-05-12_train_load_external_demo_smoke/models/realmap_a/mlp-dqn.pt"", ""md_dqn_algo"": ""mlp-dqn"", ""md_dqn_device"": ""cpu"", ""md_dqn_max_steps"": 600, ""md_dqn_rollout_steps"": 600, ""md_dqn_reached"": false}"
extreme_s01_q0038,vanilla_ha,Extreme,d16_20,True,True,0.21037745475769043,177,19.693739123441155,,,0,0.1526853362996631,0.06437758527283033,0,0,0,0,False,,,,,"{""profile_name"": ""extreme_d06"", ""map_seed"": 20470623, ""query_seed"": 20471626, ""evaluation_path_source"": ""trace_poses"", ""planner_path_pose_count"": 29, ""evaluation_path_pose_count"": 199}"
extreme_s01_q0038,f_n3p_knn,Extreme,d16_20,True,True,0.48602000693790615,63,20.074462576110854,19.693739123441155,0.01933220757537768,0,0.21879642525722007,0.07311289708414193,0,9,1,0,True,0,2,0.0,,"{""profile_name"": ""extreme_d06"", ""map_seed"": 20470623, ""query_seed"": 20471626}"
extreme_s01_q0038,n3p_k1,Extreme,d16_20,True,True,0.21779741090722382,177,19.693739123441155,19.693739123441155,0.0,0,0.15268533629966313,0.06437758527283033,0,0,1,0,True,0,0,,,"{""profile_name"": ""extreme_d06"", ""map_seed"": 20470623, ""query_seed"": 20471626}"
extreme_s01_q0038,voronoi_waypoint,Extreme,d16_20,True,True,0.6061488720588386,4,22.40455079359528,19.693739123441155,0.1376483994818174,2,0.3571916105221454,0.07001391742765173,0,0,0,0,False,,,,,"{""profile_name"": ""extreme_d06"", ""map_seed"": 20470623, ""query_seed"": 20471626, ""waypoint_count"": 3}"
extreme_s01_q0038,bottleneck_waypoint,Extreme,d16_20,True,True,0.6125259378459305,4,21.871238008469756,19.693739123441155,0.11056807807699442,0,0.21764957237835336,0.4408684832154375,0,0,0,0,False,,,,,"{""profile_name"": ""extreme_d06"", ""map_seed"": 20470623, ""query_seed"": 20471626, ""waypoint_count"": 3, ""bottleneck_count"": 3}"
extreme_s01_q0038,md_dqn,Extreme,d16_20,False,False,0.16898756544105709,600,1.1249999999999754,19.693739123441155,,0,0.828655089894907,0.4408684832154375,0,0,0,0,False,,,,md_dqn_not_reached,"{""profile_name"": ""extreme_d06"", ""map_seed"": 20470623, ""query_seed"": 20471626, ""md_dqn_source_dir"": ""/home/ubuntu/DQN10/2_experiment"", ""md_dqn_checkpoint_path"": ""/home/ubuntu/DQN10/2_experiment/ugv_dqn/outputs/2026-05-12_train_load_external_demo_smoke/models/realmap_a/mlp-dqn.pt"", ""md_dqn_algo"": ""mlp-dqn"", ""md_dqn_device"": ""cpu"", ""md_dqn_max_steps"": 600, ""md_dqn_rollout_steps"": 600, ""md_dqn_reached"": false}"
extreme_s01_q0039,vanilla_ha,Extreme,d20_inf,False,False,2.5007638931274414,5145,,,,0,,,0,0,0,0,False,,,,timeout,"{""profile_name"": ""extreme_d07"", ""map_seed"": 20470623, ""query_seed"": 20471627, ""evaluation_path_source"": ""planner_path"", ""planner_path_pose_count"": 0, ""evaluation_path_pose_count"": 0}"
extreme_s01_q0039,f_n3p_knn,Extreme,d20_inf,True,True,0.9396071860101074,22,32.24514071146935,,,0,0.1468095264654884,0.07577003101087831,0,8,1,0,True,2,5,0.4,,"{""profile_name"": ""extreme_d07"", ""map_seed"": 20470623, ""query_seed"": 20471627}"
extreme_s01_q0039,n3p_k1,Extreme,d20_inf,False,False,3.8218654869124293,7119,,,,0,,,0,0,1,1,True,2,2,1.0,f2_failed:prediction:goal_in_collision;goal:timeout;f3_failed:timeout,"{""profile_name"": ""extreme_d07"", ""map_seed"": 20470623, ""query_seed"": 20471627}"
extreme_s01_q0039,voronoi_waypoint,Extreme,d20_inf,True,True,1.0503059888724238,7,33.68165031324217,,,0,0.26235253722089763,0.07059100034771959,0,0,0,0,False,,,,,"{""profile_name"": ""extreme_d07"", ""map_seed"": 20470623, ""query_seed"": 20471627, ""waypoint_count"": 6}"
extreme_s01_q0039,bottleneck_waypoint,Extreme,d20_inf,True,True,0.9094364850316197,6,34.072935444116915,,,2,0.23166115813465943,0.1635807699285038,0,0,0,0,False,,,,,"{""profile_name"": ""extreme_d07"", ""map_seed"": 20470623, ""query_seed"": 20471627, ""waypoint_count"": 5, ""bottleneck_count"": 5}"
extreme_s01_q0039,md_dqn,Extreme,d20_inf,False,False,0.1688399282284081,600,1.124999999999999,,,0,0.8385645564237262,0.6381558253606872,0,0,0,0,False,,,,md_dqn_not_reached,"{""profile_name"": ""extreme_d07"", ""map_seed"": 20470623, ""query_seed"": 20471627, ""md_dqn_source_dir"": ""/home/ubuntu/DQN10/2_experiment"", ""md_dqn_checkpoint_path"": ""/home/ubuntu/DQN10/2_experiment/ugv_dqn/outputs/2026-05-12_train_load_external_demo_smoke/models/realmap_a/mlp-dqn.pt"", ""md_dqn_algo"": ""mlp-dqn"", ""md_dqn_device"": ""cpu"", ""md_dqn_max_steps"": 600, ""md_dqn_rollout_steps"": 600, ""md_dqn_reached"": false}"
extreme_s02_q0040,vanilla_ha,Extreme,d08_12,True,True,0.15201902389526367,8,9.584056777232984,,,0,0.14050219934419594,0.14247938201767119,0,0,0,0,False,,,,,"{""profile_name"": ""extreme_d03"", ""map_seed"": 20480620, ""query_seed"": 20481620, ""evaluation_path_source"": ""trace_poses"", ""planner_path_pose_count"": 8, ""evaluation_path_pose_count"": 98}"
extreme_s02_q0040,f_n3p_knn,Extreme,d08_12,True,True,0.16052386187948287,7,9.656567987976018,9.584056777232984,0.007565816066040565,0,0.1502056781422847,0.14247938201767119,0,4,1,0,True,0,0,,,"{""profile_name"": ""extreme_d03"", ""map_seed"": 20480620, ""query_seed"": 20481620}"
extreme_s02_q0040,n3p_k1,Extreme,d08_12,True,True,0.15952539700083435,7,9.656567987976018,9.584056777232984,0.007565816066040565,0,0.1502056781422847,0.14247938201767119,0,0,1,0,True,0,0,,,"{""profile_name"": ""extreme_d03"", ""map_seed"": 20480620, ""query_seed"": 20481620}"
extreme_s02_q0040,voronoi_waypoint,Extreme,d08_12,True,True,0.33321624621748924,2,10.113861454544221,9.584056777232984,0.05527979326768939,0,0.26900951631650283,0.13416479954694904,0,0,0,0,False,,,,,"{""profile_name"": ""extreme_d03"", ""map_seed"": 20480620, ""query_seed"": 20481620, ""waypoint_count"": 1}"
extreme_s02_q0040,bottleneck_waypoint,Extreme,d08_12,True,True,0.34178604395128787,10,9.722538011871984,9.584056777232984,0.014449125026884557,0,0.20851767144860936,0.14247938201767119,0,0,0,0,False,,,,,"{""profile_name"": ""extreme_d03"", ""map_seed"": 20480620, ""query_seed"": 20481620, ""waypoint_count"": 1, ""bottleneck_count"": 1}"
extreme_s02_q0040,md_dqn,Extreme,d08_12,False,False,0.1878495931159705,155,2.2256250000000044,9.584056777232984,,1,0.6638241345071393,0.19633235247184588,0,0,0,0,False,,,,md_dqn_not_reached,"{""profile_name"": ""extreme_d03"", ""map_seed"": 20480620, ""query_seed"": 20481620, ""md_dqn_source_dir"": ""/home/ubuntu/DQN10/2_experiment"", ""md_dqn_checkpoint_path"": ""/home/ubuntu/DQN10/2_experiment/ugv_dqn/outputs/2026-05-12_train_load_external_demo_smoke/models/realmap_a/mlp-dqn.pt"", ""md_dqn_algo"": ""mlp-dqn"", ""md_dqn_device"": ""cpu"", ""md_dqn_max_steps"": 600, ""md_dqn_rollout_steps"": 155, ""md_dqn_reached"": false}"
extreme_s02_q0041,vanilla_ha,Extreme,d12_16,True,True,0.8095190525054932,759,13.188829270914313,,,0,0.21811486109629105,0.07762201063994156,0,0,0,0,False,,,,,"{""profile_name"": ""extreme_d04"", ""map_seed"": 20480620, ""query_seed"": 20481621, ""evaluation_path_source"": ""trace_poses"", ""planner_path_pose_count"": 41, ""evaluation_path_pose_count"": 134}"
extreme_s02_q0041,f_n3p_knn,Extreme,d12_16,True,True,0.3992980669718236,104,12.998308121629536,13.188829270914313,-0.014445645278382546,0,0.11230456352071418,0.07154948691637397,0,4,1,0,True,1,1,1.0,,"{""profile_name"": ""extreme_d04"", ""map_seed"": 20480620, ""query_seed"": 20481621}"
extreme_s02_q0041,n3p_k1,Extreme,d12_16,True,True,0.3985781199298799,104,12.998308121629536,13.188829270914313,-0.014445645278382546,0,0.11230456352071418,0.07154948691637397,0,0,1,0,True,1,1,1.0,,"{""profile_name"": ""extreme_d04"", ""map_seed"": 20480620, ""query_seed"": 20481621}"
extreme_s02_q0041,voronoi_waypoint,Extreme,d12_16,True,True,0.47581539396196604,9,13.075781407030059,13.188829270914313,-0.008571485881128327,0,0.16918414817868063,0.11570671781725861,0,0,0,0,False,,,,,"{""profile_name"": ""extreme_d04"", ""map_seed"": 20480620, ""query_seed"": 20481621, ""waypoint_count"": 2}"
extreme_s02_q0041,bottleneck_waypoint,Extreme,d12_16,True,True,0.47272339602932334,3,13.143181246269327,13.188829270914313,-0.003461112711926284,0,0.1740165503659072,0.11614625597726635,0,0,0,0,False,,,,,"{""profile_name"": ""extreme_d04"", ""map_seed"": 20480620, ""query_seed"": 20481621, ""waypoint_count"": 2, ""bottleneck_count"": 2}"
extreme_s02_q0041,md_dqn,Extreme,d12_16,False,False,0.1754302978515625,420,0.8400000000000138,13.188829270914313,,2,0.814196292355429,0.3968746510817177,0,0,0,0,False,,,,md_dqn_not_reached,"{""profile_name"": ""extreme_d04"", ""map_seed"": 20480620, ""query_seed"": 20481621, ""md_dqn_source_dir"": ""/home/ubuntu/DQN10/2_experiment"", ""md_dqn_checkpoint_path"": ""/home/ubuntu/DQN10/2_experiment/ugv_dqn/outputs/2026-05-12_train_load_external_demo_smoke/models/realmap_a/mlp-dqn.pt"", ""md_dqn_algo"": ""mlp-dqn"", ""md_dqn_device"": ""cpu"", ""md_dqn_max_steps"": 600, ""md_dqn_rollout_steps"": 420, ""md_dqn_reached"": false}"
extreme_s02_q0042,vanilla_ha,Extreme,d16_20,True,True,0.15605878829956055,17,18.872442063411132,,,0,0.08371351182364375,0.08316021395885986,0,0,0,0,False,,,,,"{""profile_name"": ""extreme_d05"", ""map_seed"": 20480620, ""query_seed"": 20481622, ""evaluation_path_source"": ""trace_poses"", ""planner_path_pose_count"": 11, ""evaluation_path_pose_count"": 192}"
extreme_s02_q0042,f_n3p_knn,Extreme,d16_20,True,True,0.15485025406815112,1,18.86696266297434,18.872442063411132,-0.0002903387075386954,0,0.06584070814679321,0.10410344885448397,0,0,0,0,False,1,1,1.0,,"{""profile_name"": ""extreme_d05"", ""map_seed"": 20480620, ""query_seed"": 20481622}"
extreme_s02_q0042,n3p_k1,Extreme,d16_20,True,True,0.15414640912786126,1,18.86696266297434,18.872442063411132,-0.0002903387075386954,0,0.06584070814679321,0.10410344885448397,0,0,0,0,False,1,1,1.0,,"{""profile_name"": ""extreme_d05"", ""map_seed"": 20480620, ""query_seed"": 20481622}"
extreme_s02_q0042,voronoi_waypoint,Extreme,d16_20,True,True,0.6365208069328219,22,20.2841017079642,18.872442063411132,0.07480005183271521,0,0.16290374982791164,0.06149203530024033,0,0,0,0,False,,,,,"{""profile_name"": ""extreme_d05"", ""map_seed"": 20480620, ""query_seed"": 20481622, ""waypoint_count"": 3}"
extreme_s02_q0042,bottleneck_waypoint,Extreme,d16_20,True,True,0.7674649639520794,5,20.175617591783062,18.872442063411132,0.0690517699825639,0,0.2458149334871362,0.14037276708968383,0,0,0,0,False,,,,,"{""profile_name"": ""extreme_d05"", ""map_seed"": 20480620, ""query_seed"": 20481622, ""waypoint_count"": 4, ""bottleneck_count"": 4}"
extreme_s02_q0042,md_dqn,Extreme,d16_20,False,False,0.16941383806988597,600,1.1249999999999947,18.872442063411132,,0,0.8385645564237304,0.46897048297492716,0,0,0,0,False,,,,md_dqn_not_reached,"{""profile_name"": ""extreme_d05"", ""map_seed"": 20480620, ""query_seed"": 20481622, ""md_dqn_source_dir"": ""/home/ubuntu/DQN10/2_experiment"", ""md_dqn_checkpoint_path"": ""/home/ubuntu/DQN10/2_experiment/ugv_dqn/outputs/2026-05-12_train_load_external_demo_smoke/models/realmap_a/mlp-dqn.pt"", ""md_dqn_algo"": ""mlp-dqn"", ""md_dqn_device"": ""cpu"", ""md_dqn_max_steps"": 600, ""md_dqn_rollout_steps"": 600, ""md_dqn_reached"": false}"
extreme_s02_q0043,vanilla_ha,Extreme,d20_inf,True,True,0.310882568359375,301,23.325988233273392,,,0,0.2010483868073984,0.07103194058785067,0,0,0,0,False,,,,,"{""profile_name"": ""extreme_d06"", ""map_seed"": 20480620, ""query_seed"": 20481623, ""evaluation_path_source"": ""trace_poses"", ""planner_path_pose_count"": 64, ""evaluation_path_pose_count"": 236}"
extreme_s02_q0043,f_n3p_knn,Extreme,d20_inf,True,True,0.45359825901687145,3,23.446798465516355,23.325988233273392,0.005179211745920176,0,0.0809282714613847,0.0811092529325349,0,5,0,0,True,1,3,0.3333333333333333,,"{""profile_name"": ""extreme_d06"", ""map_seed"": 20480620, ""query_seed"": 20481623}"
extreme_s02_q0043,n3p_k1,Extreme,d20_inf,True,True,0.4793209289200604,45,23.197497283334275,23.325988233273392,-0.005508489014661833,0,0.10017266847939593,0.06478137650761362,0,0,1,0,True,2,2,1.0,,"{""profile_name"": ""extreme_d06"", ""map_seed"": 20480620, ""query_seed"": 20481623}"
extreme_s02_q0043,voronoi_waypoint,Extreme,d20_inf,True,True,0.7545225669164211,8,23.69319618336103,23.325988233273392,0.015742439137641062,0,0.15498020191513404,0.17968116134907264,0,0,0,0,False,,,,,"{""profile_name"": ""extreme_d06"", ""map_seed"": 20480620, ""query_seed"": 20481623, ""waypoint_count"": 4}"
extreme_s02_q0043,bottleneck_waypoint,Extreme,d20_inf,True,True,0.899274499155581,6,23.76554534915495,23.325988233273392,0.018844094041621462,0,0.1583066103582847,0.30866157883042644,0,0,0,0,False,,,,,"{""profile_name"": ""extreme_d06"", ""map_seed"": 20480620, ""query_seed"": 20481623, ""waypoint_count"": 5, ""bottleneck_count"": 5}"
extreme_s02_q0043,md_dqn,Extreme,d20_inf,False,False,0.17133008688688278,600,1.1249999999999976,23.325988233273392,,0,0.82865508989489,0.6700349766595106,0,0,0,0,False,,,,md_dqn_not_reached,"{""profile_name"": ""extreme_d06"", ""map_seed"": 20480620, ""query_seed"": 20481623, ""md_dqn_source_dir"": ""/home/ubuntu/DQN10/2_experiment"", ""md_dqn_checkpoint_path"": ""/home/ubuntu/DQN10/2_experiment/ugv_dqn/outputs/2026-05-12_train_load_external_demo_smoke/models/realmap_a/mlp-dqn.pt"", ""md_dqn_algo"": ""mlp-dqn"", ""md_dqn_device"": ""cpu"", ""md_dqn_max_steps"": 600, ""md_dqn_rollout_steps"": 600, ""md_dqn_reached"": false}"
extreme_s02_q0044,vanilla_ha,Extreme,d08_12,True,True,0.3193538188934326,223,11.895710534134325,,,0,0.3944821620161824,0.05844109125363467,0,0,0,0,False,,,,,"{""profile_name"": ""extreme_d07"", ""map_seed"": 20480620, ""query_seed"": 20481624, ""evaluation_path_source"": ""trace_poses"", ""planner_path_pose_count"": 33, ""evaluation_path_pose_count"": 121}"
extreme_s02_q0044,f_n3p_knn,Extreme,d08_12,True,True,0.3104442229960114,2,11.892682846162094,11.895710534134325,-0.0002545193045462302,0,0.1432825292511756,0.15402340142810556,0,7,0,0,True,0,2,0.0,,"{""profile_name"": ""extreme_d07"", ""map_seed"": 20480620, ""query_seed"": 20481624}"
extreme_s02_q0044,n3p_k1,Extreme,d08_12,True,True,1.3305348679423332,1111,11.895710534134325,11.895710534134325,0.0,0,0.3944821620161824,0.05844109125363467,0,0,1,0,True,0,0,,,"{""profile_name"": ""extreme_d07"", ""map_seed"": 20480620, ""query_seed"": 20481624}"
extreme_s02_q0044,voronoi_waypoint,Extreme,d08_12,True,True,0.49412274011410773,25,12.579539741932882,11.895710534134325,0.05748536044453445,2,0.4836868804572145,0.07128609987410184,0,0,0,0,False,,,,,"{""profile_name"": ""extreme_d07"", ""map_seed"": 20480620, ""query_seed"": 20481624, ""waypoint_count"": 2}"
extreme_s02_q0044,bottleneck_waypoint,Extreme,d08_12,True,True,0.4767892339732498,3,12.715547445327664,11.895710534134325,0.0689187004711358,0,0.2994553908357135,0.18836216719578258,0,0,0,0,False,,,,,"{""profile_name"": ""extreme_d07"", ""map_seed"": 20480620, ""query_seed"": 20481624, ""waypoint_count"": 2, ""bottleneck_count"": 2}"
extreme_s02_q0044,md_dqn,Extreme,d08_12,False,False,0.17030996968969703,600,1.125000000000004,11.895710534134325,,0,0.26176619490281644,0.26927804097614405,0,0,0,0,False,,,,md_dqn_not_reached,"{""profile_name"": ""extreme_d07"", ""map_seed"": 20480620, ""query_seed"": 20481624, ""md_dqn_source_dir"": ""/home/ubuntu/DQN10/2_experiment"", ""md_dqn_checkpoint_path"": ""/home/ubuntu/DQN10/2_experiment/ugv_dqn/outputs/2026-05-12_train_load_external_demo_smoke/models/realmap_a/mlp-dqn.pt"", ""md_dqn_algo"": ""mlp-dqn"", ""md_dqn_device"": ""cpu"", ""md_dqn_max_steps"": 600, ""md_dqn_rollout_steps"": 600, ""md_dqn_reached"": false}"
extreme_s02_q0045,vanilla_ha,Extreme,d12_16,False,False,2.5002589225769043,3740,,,,0,,,0,0,0,0,False,,,,timeout,"{""profile_name"": ""extreme_d03"", ""map_seed"": 20480621, ""query_seed"": 20481621, ""evaluation_path_source"": ""planner_path"", ""planner_path_pose_count"": 0, ""evaluation_path_pose_count"": 0}"
extreme_s02_q0045,f_n3p_knn,Extreme,d12_16,True,True,0.3102579729165882,2,15.673001492026952,,,0,0.15718116669367532,0.14295488234130582,0,0,0,0,False,2,2,1.0,,"{""profile_name"": ""extreme_d03"", ""map_seed"": 20480621, ""query_seed"": 20481621}"
extreme_s02_q0045,n3p_k1,Extreme,d12_16,True,True,0.31040178914554417,2,15.673001492026952,,,0,0.15718116669367532,0.14295488234130582,0,0,0,0,False,2,2,1.0,,"{""profile_name"": ""extreme_d03"", ""map_seed"": 20480621, ""query_seed"": 20481621}"
extreme_s02_q0045,voronoi_waypoint,Extreme,d12_16,True,True,0.4921216769143939,25,17.292357898086017,,,0,0.22415711135083768,0.07342377369514774,0,0,0,0,False,,,,,"{""profile_name"": ""extreme_d03"", ""map_seed"": 20480621, ""query_seed"": 20481621, ""waypoint_count"": 2}"
extreme_s02_q0045,bottleneck_waypoint,Extreme,d12_16,True,True,0.6157706188969314,4,16.504873843657574,,,0,0.23258361661037094,0.6968844752072867,0,0,0,0,False,,,,,"{""profile_name"": ""extreme_d03"", ""map_seed"": 20480621, ""query_seed"": 20481621, ""waypoint_count"": 3, ""bottleneck_count"": 3}"
extreme_s02_q0045,md_dqn,Extreme,d12_16,False,False,0.16956516192294657,600,1.124999999999996,,,0,0.8286550898948931,1.2604417192319441,0,0,0,0,False,,,,md_dqn_not_reached,"{""profile_name"": ""extreme_d03"", ""map_seed"": 20480621, ""query_seed"": 20481621, ""md_dqn_source_dir"": ""/home/ubuntu/DQN10/2_experiment"", ""md_dqn_checkpoint_path"": ""/home/ubuntu/DQN10/2_experiment/ugv_dqn/outputs/2026-05-12_train_load_external_demo_smoke/models/realmap_a/mlp-dqn.pt"", ""md_dqn_algo"": ""mlp-dqn"", ""md_dqn_device"": ""cpu"", ""md_dqn_max_steps"": 600, ""md_dqn_rollout_steps"": 600, ""md_dqn_reached"": false}"
extreme_s02_q0046,vanilla_ha,Extreme,d16_20,True,True,0.2964479923248291,353,20.57090039618981,,,0,0.17276676574425195,0.03742612570805792,0,0,0,0,False,,,,,"{""profile_name"": ""extreme_d04"", ""map_seed"": 20480621, ""query_seed"": 20481622, ""evaluation_path_source"": ""trace_poses"", ""planner_path_pose_count"": 31, ""evaluation_path_pose_count"": 209}"
extreme_s02_q0046,f_n3p_knn,Extreme,d16_20,True,True,0.6148775480687618,4,20.31517710115978,20.57090039618981,-0.012431312684659912,0,0.13281524673453524,0.20588000901261472,0,2,0,0,True,2,4,0.5,,"{""profile_name"": ""extreme_d04"", ""map_seed"": 20480621, ""query_seed"": 20481622}"
extreme_s02_q0046,n3p_k1,Extreme,d16_20,True,True,0.38207569206133485,245,20.296217638679018,20.57090039618981,-0.013352976885818268,0,0.11351743648743252,0.09253244828808649,0,0,1,0,True,0,0,,,"{""profile_name"": ""extreme_d04"", ""map_seed"": 20480621, ""query_seed"": 20481622}"
extreme_s02_q0046,voronoi_waypoint,Extreme,d16_20,True,True,0.6214276959653944,4,20.378685579126586,20.57090039618981,-0.009344015738797062,0,0.12467165894112406,0.2754711444428348,0,0,0,0,False,,,,,"{""profile_name"": ""extreme_d04"", ""map_seed"": 20480621, ""query_seed"": 20481622, ""waypoint_count"": 3}"
extreme_s02_q0046,bottleneck_waypoint,Extreme,d16_20,True,True,0.48042530100792646,3,20.130410670719456,20.57090039618981,-0.021413244777167995,0,0.07632658256304005,0.3205356999772735,0,0,0,0,False,,,,,"{""profile_name"": ""extreme_d04"", ""map_seed"": 20480621, ""query_seed"": 20481622, ""waypoint_count"": 2, ""bottleneck_count"": 2}"
extreme_s02_q0046,md_dqn,Extreme,d16_20,False,False,0.1695816391147673,600,1.1249999999999567,20.57090039618981,,0,0.828655089894921,0.5467185400328314,0,0,0,0,False,,,,md_dqn_not_reached,"{""profile_name"": ""extreme_d04"", ""map_seed"": 20480621, ""query_seed"": 20481622, ""md_dqn_source_dir"": ""/home/ubuntu/DQN10/2_experiment"", ""md_dqn_checkpoint_path"": ""/home/ubuntu/DQN10/2_experiment/ugv_dqn/outputs/2026-05-12_train_load_external_demo_smoke/models/realmap_a/mlp-dqn.pt"", ""md_dqn_algo"": ""mlp-dqn"", ""md_dqn_device"": ""cpu"", ""md_dqn_max_steps"": 600, ""md_dqn_rollout_steps"": 600, ""md_dqn_reached"": false}"
extreme_s02_q0047,vanilla_ha,Extreme,d20_inf,True,True,0.40105581283569336,689,23.55274229377235,,,0,0.15248710696702036,0.08127772617048745,0,0,0,0,False,,,,,"{""profile_name"": ""extreme_d05"", ""map_seed"": 20480621, ""query_seed"": 20481623, ""evaluation_path_source"": ""trace_poses"", ""planner_path_pose_count"": 31, ""evaluation_path_pose_count"": 238}"
extreme_s02_q0047,f_n3p_knn,Extreme,d20_inf,True,True,0.6350482678972185,24,23.690333242306597,23.55274229377235,0.005841822867931112,2,0.13114477966876306,0.06322745856140921,0,7,1,0,True,1,3,0.3333333333333333,,"{""profile_name"": ""extreme_d05"", ""map_seed"": 20480621, ""query_seed"": 20481623}"
extreme_s02_q0047,n3p_k1,Extreme,d20_inf,True,True,0.7073252669069916,632,23.080892711683248,23.55274229377235,-0.020033742831460644,0,0.13566777967139285,0.08373660589813892,0,0,1,0,True,1,1,1.0,,"{""profile_name"": ""extreme_d05"", ""map_seed"": 20480621, ""query_seed"": 20481623}"
extreme_s02_q0047,voronoi_waypoint,Extreme,d20_inf,True,True,0.8050327480304986,39,27.06314244648169,23.55274229377235,0.14904422206655465,2,0.30480407510857166,0.09098967091820587,0,0,0,0,False,,,,,"{""profile_name"": ""extreme_d05"", ""map_seed"": 20480621, ""query_seed"": 20481623, ""waypoint_count"": 4}"
extreme_s02_q0047,bottleneck_waypoint,Extreme,d20_inf,True,True,0.9316119959112257,34,24.508744269406808,23.55274229377235,0.04058983721344567,0,0.2882318953567867,0.220247242655493,0,0,0,0,False,,,,,"{""profile_name"": ""extreme_d05"", ""map_seed"": 20480621, ""query_seed"": 20481623, ""waypoint_count"": 5, ""bottleneck_count"": 5}"
extreme_s02_q0047,md_dqn,Extreme,d20_inf,False,False,0.17018347303383052,600,1.1250000000000269,23.55274229377235,,0,0.8286550898949274,0.220247242655493,0,0,0,0,False,,,,md_dqn_not_reached,"{""profile_name"": ""extreme_d05"", ""map_seed"": 20480621, ""query_seed"": 20481623, ""md_dqn_source_dir"": ""/home/ubuntu/DQN10/2_experiment"", ""md_dqn_checkpoint_path"": ""/home/ubuntu/DQN10/2_experiment/ugv_dqn/outputs/2026-05-12_train_load_external_demo_smoke/models/realmap_a/mlp-dqn.pt"", ""md_dqn_algo"": ""mlp-dqn"", ""md_dqn_device"": ""cpu"", ""md_dqn_max_steps"": 600, ""md_dqn_rollout_steps"": 600, ""md_dqn_reached"": false}"
extreme_s02_q0048,vanilla_ha,Extreme,d08_12,True,True,0.3593142032623291,346,9.889044791748988,,,1,0.3098130456319123,0.07300320700616636,0,0,0,0,False,,,,,"{""profile_name"": ""extreme_d06"", ""map_seed"": 20480621, ""query_seed"": 20481624, ""evaluation_path_source"": ""trace_poses"", ""planner_path_pose_count"": 16, ""evaluation_path_pose_count"": 101}"
extreme_s02_q0048,f_n3p_knn,Extreme,d08_12,True,True,1.3771370120812207,1134,10.371882137672607,9.889044791748988,0.048825478708163894,1,0.29685920041478336,0.07275908045385804,0,5,1,0,True,0,1,0.0,,"{""profile_name"": ""extreme_d06"", ""map_seed"": 20480621, ""query_seed"": 20481624}"
extreme_s02_q0048,n3p_k1,Extreme,d08_12,True,True,0.33377746888436377,67,10.320174689144944,9.889044791748988,0.04359671803243037,1,0.3174391623193117,0.08019906665341003,0,0,2,0,True,0,0,,,"{""profile_name"": ""extreme_d06"", ""map_seed"": 20480621, ""query_seed"": 20481624}"
extreme_s02_q0048,voronoi_waypoint,Extreme,d08_12,True,True,0.38117225584574044,52,12.31258627237681,9.889044791748988,0.24507336468431462,3,0.40370835573533265,0.13353819470443495,0,0,0,0,False,,,,,"{""profile_name"": ""extreme_d06"", ""map_seed"": 20480621, ""query_seed"": 20481624, ""waypoint_count"": 1}"
extreme_s02_q0048,bottleneck_waypoint,Extreme,d08_12,True,True,0.4791748868301511,6,12.731409376900526,9.889044791748988,0.28742559519227684,3,0.2909554054639722,0.07310258127419533,0,0,0,0,False,,,,,"{""profile_name"": ""extreme_d06"", ""map_seed"": 20480621, ""query_seed"": 20481624, ""waypoint_count"": 2, ""bottleneck_count"": 2}"
extreme_s02_q0048,md_dqn,Extreme,d08_12,False,False,0.001471279887482524,1,0.003750000000000489,9.889044791748988,,0,0.08734630124013922,0.13353819470443495,0,0,0,0,False,,,,md_dqn_not_reached,"{""profile_name"": ""extreme_d06"", ""map_seed"": 20480621, ""query_seed"": 20481624, ""md_dqn_source_dir"": ""/home/ubuntu/DQN10/2_experiment"", ""md_dqn_checkpoint_path"": ""/home/ubuntu/DQN10/2_experiment/ugv_dqn/outputs/2026-05-12_train_load_external_demo_smoke/models/realmap_a/mlp-dqn.pt"", ""md_dqn_algo"": ""mlp-dqn"", ""md_dqn_device"": ""cpu"", ""md_dqn_max_steps"": 600, ""md_dqn_rollout_steps"": 1, ""md_dqn_reached"": false}"
extreme_s02_q0049,vanilla_ha,Extreme,d12_16,True,True,0.18443083763122559,49,13.828727272481432,,,0,0.1500279252402915,0.14176921481257576,0,0,0,0,False,,,,,"{""profile_name"": ""extreme_d07"", ""map_seed"": 20480621, ""query_seed"": 20481625, ""evaluation_path_source"": ""trace_poses"", ""planner_path_pose_count"": 17, ""evaluation_path_pose_count"": 141}"
extreme_s02_q0049,f_n3p_knn,Extreme,d12_16,True,True,0.19106788211502135,49,13.828727272481432,13.828727272481432,0.0,0,0.1500279252402915,0.14176921481257576,0,4,1,0,True,0,0,,,"{""profile_name"": ""extreme_d07"", ""map_seed"": 20480621, ""query_seed"": 20481625}"
extreme_s02_q0049,n3p_k1,Extreme,d12_16,True,True,0.1916377111338079,49,13.828727272481432,13.828727272481432,0.0,0,0.1500279252402915,0.14176921481257576,0,0,1,0,True,0,0,,,"{""profile_name"": ""extreme_d07"", ""map_seed"": 20480621, ""query_seed"": 20481625}"
extreme_s02_q0049,voronoi_waypoint,Extreme,d12_16,True,True,0.4692965850699693,3,14.47233282227394,13.828727272481432,0.046541199136471034,0,0.16904963300019965,0.2970639737746571,0,0,0,0,False,,,,,"{""profile_name"": ""extreme_d07"", ""map_seed"": 20480621, ""query_seed"": 20481625, ""waypoint_count"": 2}"
extreme_s02_q0049,bottleneck_waypoint,Extreme,d12_16,True,True,0.47184100397862494,3,14.855416913724024,13.828727272481432,0.07424324892759016,0,0.2901128903662307,0.295810647788745,0,0,0,0,False,,,,,"{""profile_name"": ""extreme_d07"", ""map_seed"": 20480621, ""query_seed"": 20481625, ""waypoint_count"": 2, ""bottleneck_count"": 2}"
extreme_s02_q0049,md_dqn,Extreme,d12_16,False,False,0.16834875824861228,600,1.1250000000000147,13.828727272481432,,0,0.8286550898948776,0.5895710216485108,0,0,0,0,False,,,,md_dqn_not_reached,"{""profile_name"": ""extreme_d07"", ""map_seed"": 20480621, ""query_seed"": 20481625, ""md_dqn_source_dir"": ""/home/ubuntu/DQN10/2_experiment"", ""md_dqn_checkpoint_path"": ""/home/ubuntu/DQN10/2_experiment/ugv_dqn/outputs/2026-05-12_train_load_external_demo_smoke/models/realmap_a/mlp-dqn.pt"", ""md_dqn_algo"": ""mlp-dqn"", ""md_dqn_device"": ""cpu"", ""md_dqn_max_steps"": 600, ""md_dqn_rollout_steps"": 600, ""md_dqn_reached"": false}"
extreme_s02_q0050,vanilla_ha,Extreme,d16_20,True,True,0.24633312225341797,190,19.23395250059188,,,0,0.24858137621569698,0.13348661825765284,0,0,0,0,False,,,,,"{""profile_name"": ""extreme_d03"", ""map_seed"": 20480622, ""query_seed"": 20481622, ""evaluation_path_source"": ""trace_poses"", ""planner_path_pose_count"": 40, ""evaluation_path_pose_count"": 195}"
extreme_s02_q0050,f_n3p_knn,Extreme,d16_20,True,True,0.16014749696478248,1,19.11491096839324,19.23395250059188,-0.006189135186591366,0,0.04842263296499872,0.3235377637861848,0,0,0,0,False,1,1,1.0,,"{""profile_name"": ""extreme_d03"", ""map_seed"": 20480622, ""query_seed"": 20481622}"
extreme_s02_q0050,n3p_k1,Extreme,d16_20,True,True,0.15779063408263028,1,19.11491096839324,19.23395250059188,-0.006189135186591366,0,0.04842263296499872,0.3235377637861848,0,0,0,0,False,1,1,1.0,,"{""profile_name"": ""extreme_d03"", ""map_seed"": 20480622, ""query_seed"": 20481622}"
extreme_s02_q0050,voronoi_waypoint,Extreme,d16_20,True,True,0.7655001098755747,5,21.414303689419484,19.23395250059188,0.11335949741793883,2,0.27946708449949775,0.1107023381193446,0,0,0,0,False,,,,,"{""profile_name"": ""extreme_d03"", ""map_seed"": 20480622, ""query_seed"": 20481622, ""waypoint_count"": 4}"
extreme_s02_q0050,bottleneck_waypoint,Extreme,d16_20,True,True,0.7724081252235919,5,20.245501504637705,19.23395250059188,0.05259184268104522,2,0.2012947217580954,0.4086480509771814,0,0,0,0,False,,,,,"{""profile_name"": ""extreme_d03"", ""map_seed"": 20480622, ""query_seed"": 20481622, ""waypoint_count"": 4, ""bottleneck_count"": 4}"
extreme_s02_q0050,md_dqn,Extreme,d16_20,False,False,0.16947607463225722,600,1.1250000000000122,19.23395250059188,,0,0.8382082551150334,0.9351753387295925,0,0,0,0,False,,,,md_dqn_not_reached,"{""profile_name"": ""extreme_d03"", ""map_seed"": 20480622, ""query_seed"": 20481622, ""md_dqn_source_dir"": ""/home/ubuntu/DQN10/2_experiment"", ""md_dqn_checkpoint_path"": ""/home/ubuntu/DQN10/2_experiment/ugv_dqn/outputs/2026-05-12_train_load_external_demo_smoke/models/realmap_a/mlp-dqn.pt"", ""md_dqn_algo"": ""mlp-dqn"", ""md_dqn_device"": ""cpu"", ""md_dqn_max_steps"": 600, ""md_dqn_rollout_steps"": 600, ""md_dqn_reached"": false}"
extreme_s02_q0051,vanilla_ha,Extreme,d20_inf,True,True,1.2173759937286377,2521,22.20608019285316,,,0,0.15270787570082175,0.06331088627973819,0,0,0,0,False,,,,,"{""profile_name"": ""extreme_d04"", ""map_seed"": 20480622, ""query_seed"": 20481623, ""evaluation_path_source"": ""trace_poses"", ""planner_path_pose_count"": 47, ""evaluation_path_pose_count"": 225}"
extreme_s02_q0051,f_n3p_knn,Extreme,d20_inf,True,True,1.987471329048276,4521,22.20608019285316,22.20608019285316,0.0,0,0.15270787570082175,0.06331088627973819,0,4,1,1,True,0,0,,,"{""profile_name"": ""extreme_d04"", ""map_seed"": 20480622, ""query_seed"": 20481623}"
extreme_s02_q0051,n3p_k1,Extreme,d20_inf,True,True,2.051982843084261,4521,22.20608019285316,22.20608019285316,0.0,0,0.15270787570082175,0.06331088627973819,0,0,1,1,True,0,0,,,"{""profile_name"": ""extreme_d04"", ""map_seed"": 20480622, ""query_seed"": 20481623}"
extreme_s02_q0051,voronoi_waypoint,Extreme,d20_inf,True,True,0.7734620340634137,35,24.757670431148984,22.20608019285316,0.11490502673754333,0,0.3053695851667521,0.0739770800965549,0,0,0,0,False,,,,,"{""profile_name"": ""extreme_d04"", ""map_seed"": 20480622, ""query_seed"": 20481623, ""waypoint_count"": 4}"
extreme_s02_q0051,bottleneck_waypoint,Extreme,d20_inf,True,True,0.7542278300970793,5,23.24757730757077,22.20608019285316,0.04690143896052423,0,0.1827749382158267,0.05642468856835137,0,0,0,0,False,,,,,"{""profile_name"": ""extreme_d04"", ""map_seed"": 20480622, ""query_seed"": 20481623, ""waypoint_count"": 4, ""bottleneck_count"": 4}"
extreme_s02_q0051,md_dqn,Extreme,d20_inf,False,False,0.16930282721295953,600,1.1249999999999827,22.20608019285316,,0,0.8286550898949032,1.0527219431020423,0,0,0,0,False,,,,md_dqn_not_reached,"{""profile_name"": ""extreme_d04"", ""map_seed"": 20480622, ""query_seed"": 20481623, ""md_dqn_source_dir"": ""/home/ubuntu/DQN10/2_experiment"", ""md_dqn_checkpoint_path"": ""/home/ubuntu/DQN10/2_experiment/ugv_dqn/outputs/2026-05-12_train_load_external_demo_smoke/models/realmap_a/mlp-dqn.pt"", ""md_dqn_algo"": ""mlp-dqn"", ""md_dqn_device"": ""cpu"", ""md_dqn_max_steps"": 600, ""md_dqn_rollout_steps"": 600, ""md_dqn_reached"": false}"
extreme_s02_q0052,vanilla_ha,Extreme,d08_12,True,True,0.19566965103149414,67,8.876443372366476,,,0,0.15471960897398004,0.0778585338004002,0,0,0,0,False,,,,,"{""profile_name"": ""extreme_d05"", ""map_seed"": 20480622, ""query_seed"": 20481624, ""evaluation_path_source"": ""trace_poses"", ""planner_path_pose_count"": 19, ""evaluation_path_pose_count"": 91}"
extreme_s02_q0052,f_n3p_knn,Extreme,d08_12,True,True,0.4587268978357315,11,15.62503291471823,8.876443372366476,0.7602808083427866,1,0.36067870634065796,0.1020593474862852,0,6,1,0,True,0,2,0.0,,"{""profile_name"": ""extreme_d05"", ""map_seed"": 20480622, ""query_seed"": 20481624}"
extreme_s02_q0052,n3p_k1,Extreme,d08_12,True,True,0.21948995790444314,83,8.885769490926451,8.876443372366476,0.0010506593878589765,0,0.16936489415695707,0.12758376450505904,0,0,1,0,True,0,0,,,"{""profile_name"": ""extreme_d05"", ""map_seed"": 20480622, ""query_seed"": 20481624}"
extreme_s02_q0052,voronoi_waypoint,Extreme,d08_12,True,True,0.32786405296064913,2,8.9109341420465,8.876443372366476,0.003885651970405135,0,0.06579267858382355,0.30999193516528556,0,0,0,0,False,,,,,"{""profile_name"": ""extreme_d05"", ""map_seed"": 20480622, ""query_seed"": 20481624, ""waypoint_count"": 1}"
extreme_s02_q0052,bottleneck_waypoint,Extreme,d08_12,True,True,0.3297669009771198,2,8.904256549359747,8.876443372366476,0.003133369506964634,0,0.0666057934867385,0.3484110265937448,0,0,0,0,False,,,,,"{""profile_name"": ""extreme_d05"", ""map_seed"": 20480622, ""query_seed"": 20481624, ""waypoint_count"": 1, ""bottleneck_count"": 1}"
extreme_s02_q0052,md_dqn,Extreme,d08_12,False,False,0.16939186421222985,600,1.1250000000000089,8.876443372366476,,0,0.8286550898948843,0.23448196919678965,0,0,0,0,False,,,,md_dqn_not_reached,"{""profile_name"": ""extreme_d05"", ""map_seed"": 20480622, ""query_seed"": 20481624, ""md_dqn_source_dir"": ""/home/ubuntu/DQN10/2_experiment"", ""md_dqn_checkpoint_path"": ""/home/ubuntu/DQN10/2_experiment/ugv_dqn/outputs/2026-05-12_train_load_external_demo_smoke/models/realmap_a/mlp-dqn.pt"", ""md_dqn_algo"": ""mlp-dqn"", ""md_dqn_device"": ""cpu"", ""md_dqn_max_steps"": 600, ""md_dqn_rollout_steps"": 600, ""md_dqn_reached"": false}"
extreme_s02_q0053,vanilla_ha,Extreme,d12_16,True,True,0.14856457710266113,1,13.408206442324792,,,0,0.0,0.3565174650658607,0,0,0,0,False,,,,,"{""profile_name"": ""extreme_d06"", ""map_seed"": 20480622, ""query_seed"": 20481625, ""evaluation_path_source"": ""trace_poses"", ""planner_path_pose_count"": 2, ""evaluation_path_pose_count"": 136}"
extreme_s02_q0053,f_n3p_knn,Extreme,d12_16,True,True,0.0005657309666275978,0,13.408206442324792,13.408206442324792,0.0,0,0.0,0.3565174650658607,0,0,0,0,False,0,0,,,"{""profile_name"": ""extreme_d06"", ""map_seed"": 20480622, ""query_seed"": 20481625}"
extreme_s02_q0053,n3p_k1,Extreme,d12_16,True,True,0.000553361140191555,0,13.408206442324792,13.408206442324792,0.0,0,0.0,0.3565174650658607,0,0,0,0,False,0,0,,,"{""profile_name"": ""extreme_d06"", ""map_seed"": 20480622, ""query_seed"": 20481625}"
extreme_s02_q0053,voronoi_waypoint,Extreme,d12_16,True,True,0.48009549197740853,3,15.231995511327085,13.408206442324792,0.13602036013148333,2,0.2468143227412903,0.5753298652632308,0,0,0,0,False,,,,,"{""profile_name"": ""extreme_d06"", ""map_seed"": 20480622, ""query_seed"": 20481625, ""waypoint_count"": 2}"
extreme_s02_q0053,bottleneck_waypoint,Extreme,d12_16,True,True,0.4796331408433616,3,14.875765853240924,13.408206442324792,0.10945232811180361,1,0.25035408841319107,0.7472715824203262,0,0,0,0,False,,,,,"{""profile_name"": ""extreme_d06"", ""map_seed"": 20480622, ""query_seed"": 20481625, ""waypoint_count"": 2, ""bottleneck_count"": 2}"
extreme_s02_q0053,md_dqn,Extreme,d12_16,False,False,0.17033359431661665,600,1.1249999999999996,13.408206442324792,,0,0.8286550898948915,1.0710026255751517,0,0,0,0,False,,,,md_dqn_not_reached,"{""profile_name"": ""extreme_d06"", ""map_seed"": 20480622, ""query_seed"": 20481625, ""md_dqn_source_dir"": ""/home/ubuntu/DQN10/2_experiment"", ""md_dqn_checkpoint_path"": ""/home/ubuntu/DQN10/2_experiment/ugv_dqn/outputs/2026-05-12_train_load_external_demo_smoke/models/realmap_a/mlp-dqn.pt"", ""md_dqn_algo"": ""mlp-dqn"", ""md_dqn_device"": ""cpu"", ""md_dqn_max_steps"": 600, ""md_dqn_rollout_steps"": 600, ""md_dqn_reached"": false}"
extreme_s02_q0054,vanilla_ha,Extreme,d16_20,False,False,2.5000948905944824,4176,,,,0,,,0,0,0,0,False,,,,timeout,"{""profile_name"": ""extreme_d07"", ""map_seed"": 20480622, ""query_seed"": 20481626, ""evaluation_path_source"": ""planner_path"", ""planner_path_pose_count"": 0, ""evaluation_path_pose_count"": 0}"
extreme_s02_q0054,f_n3p_knn,Extreme,d16_20,True,True,0.3097510519437492,2,18.922938262397437,,,0,0.13646065070937582,0.0507833597024866,0,0,0,0,False,2,2,1.0,,"{""profile_name"": ""extreme_d07"", ""map_seed"": 20480622, ""query_seed"": 20481626}"
extreme_s02_q0054,n3p_k1,Extreme,d16_20,True,True,0.31134320003911853,2,18.922938262397437,,,0,0.13646065070937582,0.0507833597024866,0,0,0,0,False,2,2,1.0,,"{""profile_name"": ""extreme_d07"", ""map_seed"": 20480622, ""query_seed"": 20481626}"
extreme_s02_q0054,voronoi_waypoint,Extreme,d16_20,True,True,0.622921935049817,4,19.085068641660946,,,0,0.20081795707562164,0.09955454586826418,0,0,0,0,False,,,,,"{""profile_name"": ""extreme_d07"", ""map_seed"": 20480622, ""query_seed"": 20481626, ""waypoint_count"": 3}"
extreme_s02_q0054,bottleneck_waypoint,Extreme,d16_20,True,True,0.6490670540370047,37,18.997352537658713,,,0,0.17698861961700244,0.16167090770900072,0,0,0,0,False,,,,,"{""profile_name"": ""extreme_d07"", ""map_seed"": 20480622, ""query_seed"": 20481626, ""waypoint_count"": 3, ""bottleneck_count"": 3}"
extreme_s02_q0054,md_dqn,Extreme,d16_20,False,False,0.24088510498404503,560,1.0987500000000052,,,2,0.8154673548975242,0.41312800571872166,0,0,0,0,False,,,,md_dqn_not_reached,"{""profile_name"": ""extreme_d07"", ""map_seed"": 20480622, ""query_seed"": 20481626, ""md_dqn_source_dir"": ""/home/ubuntu/DQN10/2_experiment"", ""md_dqn_checkpoint_path"": ""/home/ubuntu/DQN10/2_experiment/ugv_dqn/outputs/2026-05-12_train_load_external_demo_smoke/models/realmap_a/mlp-dqn.pt"", ""md_dqn_algo"": ""mlp-dqn"", ""md_dqn_device"": ""cpu"", ""md_dqn_max_steps"": 600, ""md_dqn_rollout_steps"": 560, ""md_dqn_reached"": false}"
extreme_s02_q0055,vanilla_ha,Extreme,d20_inf,False,False,2.5000927448272705,4698,,,,0,,,0,0,0,0,False,,,,timeout,"{""profile_name"": ""extreme_d03"", ""map_seed"": 20480623, ""query_seed"": 20481623, ""evaluation_path_source"": ""planner_path"", ""planner_path_pose_count"": 0, ""evaluation_path_pose_count"": 0}"
extreme_s02_q0055,f_n3p_knn,Extreme,d20_inf,True,True,0.7148776969406754,411,22.749857615511207,,,0,0.20452552748121702,0.06043611498442192,0,4,1,0,True,2,2,1.0,,"{""profile_name"": ""extreme_d03"", ""map_seed"": 20480623, ""query_seed"": 20481623}"
extreme_s02_q0055,n3p_k1,Extreme,d20_inf,True,True,0.7221845560707152,411,22.749857615511207,,,0,0.20452552748121702,0.06043611498442192,0,0,1,0,True,2,2,1.0,,"{""profile_name"": ""extreme_d03"", ""map_seed"": 20480623, ""query_seed"": 20481623}"
extreme_s02_q0055,voronoi_waypoint,Extreme,d20_inf,True,True,0.7601691097952425,11,24.359041064177138,,,0,0.24149855448836993,0.07305904937390673,0,0,0,0,False,,,,,"{""profile_name"": ""extreme_d03"", ""map_seed"": 20480623, ""query_seed"": 20481623, ""waypoint_count"": 4}"
extreme_s02_q0055,bottleneck_waypoint,Extreme,d20_inf,True,True,0.6172085129655898,4,24.3204602294052,,,0,0.1507728171938975,0.07415248898553584,0,0,0,0,False,,,,,"{""profile_name"": ""extreme_d03"", ""map_seed"": 20480623, ""query_seed"": 20481623, ""waypoint_count"": 3, ""bottleneck_count"": 3}"
extreme_s02_q0055,md_dqn,Extreme,d20_inf,False,False,0.2073865116108209,148,1.1568750000000112,,,1,0.44115963588603924,0.13446811954690174,0,0,0,0,False,,,,md_dqn_not_reached,"{""profile_name"": ""extreme_d03"", ""map_seed"": 20480623, ""query_seed"": 20481623, ""md_dqn_source_dir"": ""/home/ubuntu/DQN10/2_experiment"", ""md_dqn_checkpoint_path"": ""/home/ubuntu/DQN10/2_experiment/ugv_dqn/outputs/2026-05-12_train_load_external_demo_smoke/models/realmap_a/mlp-dqn.pt"", ""md_dqn_algo"": ""mlp-dqn"", ""md_dqn_device"": ""cpu"", ""md_dqn_max_steps"": 600, ""md_dqn_rollout_steps"": 148, ""md_dqn_reached"": false}"
extreme_s02_q0056,vanilla_ha,Extreme,d08_12,True,True,0.1998004913330078,73,11.503534352853649,,,0,0.1919082635301685,0.053098095286207014,0,0,0,0,False,,,,,"{""profile_name"": ""extreme_d04"", ""map_seed"": 20480623, ""query_seed"": 20481624, ""evaluation_path_source"": ""trace_poses"", ""planner_path_pose_count"": 26, ""evaluation_path_pose_count"": 118}"
extreme_s02_q0056,f_n3p_knn,Extreme,d08_12,True,True,0.3191135551314801,22,11.937369857146841,11.503534352853649,0.03771323586177422,4,0.17315034811054358,0.053098095286207014,0,4,1,0,True,1,1,1.0,,"{""profile_name"": ""extreme_d04"", ""map_seed"": 20480623, ""query_seed"": 20481624}"
extreme_s02_q0056,n3p_k1,Extreme,d08_12,True,True,0.3161208969540894,22,11.937369857146841,11.503534352853649,0.03771323586177422,4,0.17315034811054358,0.053098095286207014,0,0,1,0,True,1,1,1.0,,"{""profile_name"": ""extreme_d04"", ""map_seed"": 20480623, ""query_seed"": 20481624}"
extreme_s02_q0056,voronoi_waypoint,Extreme,d08_12,True,True,0.4741928889416158,3,12.137256335030214,11.503534352853649,0.055089328439251295,0,0.44261083727860284,0.2009416582636403,0,0,0,0,False,,,,,"{""profile_name"": ""extreme_d04"", ""map_seed"": 20480623, ""query_seed"": 20481624, ""waypoint_count"": 2}"
extreme_s02_q0056,bottleneck_waypoint,Extreme,d08_12,True,True,0.47417447599582374,3,13.035214554487144,11.503534352853649,0.13314866150276128,3,0.31061772898586365,0.6165446815963218,0,0,0,0,False,,,,,"{""profile_name"": ""extreme_d04"", ""map_seed"": 20480623, ""query_seed"": 20481624, ""waypoint_count"": 2, ""bottleneck_count"": 2}"
extreme_s02_q0056,md_dqn,Extreme,d08_12,False,False,0.18346499651670456,155,0.34687500000001675,11.503534352853649,,1,0.09358440859948171,0.480060879119275,0,0,0,0,False,,,,md_dqn_not_reached,"{""profile_name"": ""extreme_d04"", ""map_seed"": 20480623, ""query_seed"": 20481624, ""md_dqn_source_dir"": ""/home/ubuntu/DQN10/2_experiment"", ""md_dqn_checkpoint_path"": ""/home/ubuntu/DQN10/2_experiment/ugv_dqn/outputs/2026-05-12_train_load_external_demo_smoke/models/realmap_a/mlp-dqn.pt"", ""md_dqn_algo"": ""mlp-dqn"", ""md_dqn_device"": ""cpu"", ""md_dqn_max_steps"": 600, ""md_dqn_rollout_steps"": 155, ""md_dqn_reached"": false}"
extreme_s02_q0057,vanilla_ha,Extreme,d12_16,True,True,0.3111391067504883,246,16.05295446506023,,,0,0.4485155686245184,0.0655993692977348,0,0,0,0,False,,,,,"{""profile_name"": ""extreme_d05"", ""map_seed"": 20480623, ""query_seed"": 20481625, ""evaluation_path_source"": ""trace_poses"", ""planner_path_pose_count"": 38, ""evaluation_path_pose_count"": 163}"
extreme_s02_q0057,f_n3p_knn,Extreme,d12_16,True,True,0.31966810394078493,14,15.705029280599359,16.05295446506023,-0.021673591937119152,0,0.09883290067068327,0.08080581902662765,0,4,1,0,True,1,1,1.0,,"{""profile_name"": ""extreme_d05"", ""map_seed"": 20480623, ""query_seed"": 20481625}"
extreme_s02_q0057,n3p_k1,Extreme,d12_16,True,True,0.31934383581392467,14,15.705029280599359,16.05295446506023,-0.021673591937119152,0,0.09883290067068327,0.08080581902662765,0,0,1,0,True,1,1,1.0,,"{""profile_name"": ""extreme_d05"", ""map_seed"": 20480623, ""query_seed"": 20481625}"
extreme_s02_q0057,voronoi_waypoint,Extreme,d12_16,True,True,0.4798040180467069,3,16.66097981401294,16.05295446506023,0.03787622710050664,0,0.10680549722098977,0.37548471314459686,0,0,0,0,False,,,,,"{""profile_name"": ""extreme_d05"", ""map_seed"": 20480623, ""query_seed"": 20481625, ""waypoint_count"": 2}"
extreme_s02_q0057,bottleneck_waypoint,Extreme,d12_16,True,True,0.4809748800471425,3,16.53240069293461,16.05295446506023,0.029866541322216333,0,0.11520765325688573,0.6523885719344888,0,0,0,0,False,,,,,"{""profile_name"": ""extreme_d05"", ""map_seed"": 20480623, ""query_seed"": 20481625, ""waypoint_count"": 2, ""bottleneck_count"": 2}"
extreme_s02_q0057,md_dqn,Extreme,d12_16,False,False,0.1696753220167011,600,1.1249999999999831,16.05295446506023,,0,0.7124881219734032,1.1689250171925363,0,0,0,0,False,,,,md_dqn_not_reached,"{""profile_name"": ""extreme_d05"", ""map_seed"": 20480623, ""query_seed"": 20481625, ""md_dqn_source_dir"": ""/home/ubuntu/DQN10/2_experiment"", ""md_dqn_checkpoint_path"": ""/home/ubuntu/DQN10/2_experiment/ugv_dqn/outputs/2026-05-12_train_load_external_demo_smoke/models/realmap_a/mlp-dqn.pt"", ""md_dqn_algo"": ""mlp-dqn"", ""md_dqn_device"": ""cpu"", ""md_dqn_max_steps"": 600, ""md_dqn_rollout_steps"": 600, ""md_dqn_reached"": false}"
extreme_s02_q0058,vanilla_ha,Extreme,d16_20,True,True,0.2038865089416504,121,18.127746409124136,,,0,0.10370515625959767,0.17749364843587145,0,0,0,0,False,,,,,"{""profile_name"": ""extreme_d06"", ""map_seed"": 20480623, ""query_seed"": 20481626, ""evaluation_path_source"": ""trace_poses"", ""planner_path_pose_count"": 9, ""evaluation_path_pose_count"": 183}"
extreme_s02_q0058,f_n3p_knn,Extreme,d16_20,True,True,0.4549288689158857,3,18.892229031227462,18.127746409124136,0.04217196141482549,0,0.10525059392315618,0.13061423027188468,0,2,0,0,True,1,3,0.3333333333333333,,"{""profile_name"": ""extreme_d06"", ""map_seed"": 20480623, ""query_seed"": 20481626}"
extreme_s02_q0058,n3p_k1,Extreme,d16_20,True,True,0.21688845800235868,121,18.127746409124136,18.127746409124136,0.0,0,0.10370515625959767,0.17749364843587145,0,0,1,0,True,0,0,,,"{""profile_name"": ""extreme_d06"", ""map_seed"": 20480623, ""query_seed"": 20481626}"
extreme_s02_q0058,voronoi_waypoint,Extreme,d16_20,True,True,0.6094463979825377,4,19.100629695268612,18.127746409124136,0.05366818710872967,0,0.23296229816059985,0.2328250787977495,0,0,0,0,False,,,,,"{""profile_name"": ""extreme_d06"", ""map_seed"": 20480623, ""query_seed"": 20481626, ""waypoint_count"": 3}"
extreme_s02_q0058,bottleneck_waypoint,Extreme,d16_20,True,True,0.7535581451375037,5,18.772848732728125,18.127746409124136,0.035586460062089875,0,0.23097621641479077,0.23282507879774805,0,0,0,0,False,,,,,"{""profile_name"": ""extreme_d06"", ""map_seed"": 20480623, ""query_seed"": 20481626, ""waypoint_count"": 4, ""bottleneck_count"": 4}"
extreme_s02_q0058,md_dqn,Extreme,d16_20,False,False,0.16831777477636933,600,1.1249999999999765,18.127746409124136,,0,0.8286550898949071,1.002783721820596,0,0,0,0,False,,,,md_dqn_not_reached,"{""profile_name"": ""extreme_d06"", ""map_seed"": 20480623, ""query_seed"": 20481626, ""md_dqn_source_dir"": ""/home/ubuntu/DQN10/2_experiment"", ""md_dqn_checkpoint_path"": ""/home/ubuntu/DQN10/2_experiment/ugv_dqn/outputs/2026-05-12_train_load_external_demo_smoke/models/realmap_a/mlp-dqn.pt"", ""md_dqn_algo"": ""mlp-dqn"", ""md_dqn_device"": ""cpu"", ""md_dqn_max_steps"": 600, ""md_dqn_rollout_steps"": 600, ""md_dqn_reached"": false}"
extreme_s02_q0059,vanilla_ha,Extreme,d20_inf,True,True,0.17575788497924805,65,23.24688045717059,,,0,0.07598196615145954,0.07840251957636934,0,0,0,0,False,,,,,"{""profile_name"": ""extreme_d07"", ""map_seed"": 20480623, ""query_seed"": 20481627, ""evaluation_path_source"": ""trace_poses"", ""planner_path_pose_count"": 24, ""evaluation_path_pose_count"": 235}"
extreme_s02_q0059,f_n3p_knn,Extreme,d20_inf,True,True,0.6639175501186401,86,26.436384970558297,23.24688045717059,0.13720139866783243,2,0.1573968729444636,0.07840251957636934,0,9,2,0,True,1,2,0.5,,"{""profile_name"": ""extreme_d07"", ""map_seed"": 20480623, ""query_seed"": 20481627}"
extreme_s02_q0059,n3p_k1,Extreme,d20_inf,True,True,0.349745332961902,68,23.34661036181458,23.24688045717059,0.004290033874770005,0,0.0913617639714268,0.07840251957636934,0,0,2,0,True,0,0,,,"{""profile_name"": ""extreme_d07"", ""map_seed"": 20480623, ""query_seed"": 20481627}"
extreme_s02_q0059,voronoi_waypoint,Extreme,d20_inf,True,True,0.7679356189910322,5,25.534041973677006,23.24688045717059,0.09838573914122462,0,0.3017011558098387,0.3636033014420922,0,0,0,0,False,,,,,"{""profile_name"": ""extreme_d07"", ""map_seed"": 20480623, ""query_seed"": 20481627, ""waypoint_count"": 4}"
extreme_s02_q0059,bottleneck_waypoint,Extreme,d20_inf,True,True,0.9014482910279185,6,24.529064775817762,23.24688045717059,0.05515511300578302,0,0.2579502539353021,0.5402124715205685,0,0,0,0,False,,,,,"{""profile_name"": ""extreme_d07"", ""map_seed"": 20480623, ""query_seed"": 20481627, ""waypoint_count"": 5, ""bottleneck_count"": 5}"
extreme_s02_q0059,md_dqn,Extreme,d20_inf,False,False,0.16852413560263813,600,1.1250000000000426,23.24688045717059,,0,0.8385645564237038,0.5980264047625239,0,0,0,0,False,,,,md_dqn_not_reached,"{""profile_name"": ""extreme_d07"", ""map_seed"": 20480623, ""query_seed"": 20481627, ""md_dqn_source_dir"": ""/home/ubuntu/DQN10/2_experiment"", ""md_dqn_checkpoint_path"": ""/home/ubuntu/DQN10/2_experiment/ugv_dqn/outputs/2026-05-12_train_load_external_demo_smoke/models/realmap_a/mlp-dqn.pt"", ""md_dqn_algo"": ""mlp-dqn"", ""md_dqn_device"": ""cpu"", ""md_dqn_max_steps"": 600, ""md_dqn_rollout_steps"": 600, ""md_dqn_reached"": false}"
extreme_s03_q0060,vanilla_ha,Extreme,d08_12,True,True,0.5452487468719482,623,12.533996246158088,,,1,0.49209108158348314,0.06994393782730779,0,0,0,0,False,,,,,"{""profile_name"": ""extreme_d03"", ""map_seed"": 20490620, ""query_seed"": 20491620, ""evaluation_path_source"": ""trace_poses"", ""planner_path_pose_count"": 37, ""evaluation_path_pose_count"": 128}"
extreme_s03_q0060,f_n3p_knn,Extreme,d08_12,True,True,0.7095319188665599,394,13.841529070653948,12.533996246158088,0.10431890985260539,2,0.37831763335477986,0.05239419555904312,0,7,1,0,True,0,1,0.0,,"{""profile_name"": ""extreme_d03"", ""map_seed"": 20490620, ""query_seed"": 20491620}"
extreme_s03_q0060,n3p_k1,Extreme,d08_12,True,True,0.7369018699973822,438,12.714757849117765,12.533996246158088,0.014421705528680384,1,0.38188836967965756,0.05239419555904312,0,0,2,0,True,0,0,,,"{""profile_name"": ""extreme_d03"", ""map_seed"": 20490620, ""query_seed"": 20491620}"
extreme_s03_q0060,voronoi_waypoint,Extreme,d08_12,True,True,0.7123599429614842,365,15.95898127050226,12.533996246158088,0.27325562869814934,3,0.5586398645885922,0.06915750857923342,0,0,0,0,False,,,,,"{""profile_name"": ""extreme_d03"", ""map_seed"": 20490620, ""query_seed"": 20491620, ""waypoint_count"": 2}"
extreme_s03_q0060,bottleneck_waypoint,Extreme,d08_12,True,True,0.5640083041507751,327,12.615363393850753,12.533996246158088,0.006491716296596728,1,0.4922703299691692,0.06799568291234082,0,0,0,0,False,,,,,"{""profile_name"": ""extreme_d03"", ""map_seed"": 20490620, ""query_seed"": 20491620, ""waypoint_count"": 1, ""bottleneck_count"": 1}"
extreme_s03_q0060,md_dqn,Extreme,d08_12,False,False,0.0014469609595835209,1,0.003750000000000673,12.533996246158088,,0,0.08734630124013493,0.08800861347732858,0,0,0,0,False,,,,md_dqn_not_reached,"{""profile_name"": ""extreme_d03"", ""map_seed"": 20490620, ""query_seed"": 20491620, ""md_dqn_source_dir"": ""/home/ubuntu/DQN10/2_experiment"", ""md_dqn_checkpoint_path"": ""/home/ubuntu/DQN10/2_experiment/ugv_dqn/outputs/2026-05-12_train_load_external_demo_smoke/models/realmap_a/mlp-dqn.pt"", ""md_dqn_algo"": ""mlp-dqn"", ""md_dqn_device"": ""cpu"", ""md_dqn_max_steps"": 600, ""md_dqn_rollout_steps"": 1, ""md_dqn_reached"": false}"
extreme_s03_q0061,vanilla_ha,Extreme,d12_16,True,True,2.1708600521087646,3130,14.922908086218811,,,0,0.14571648976100005,0.14525995470011144,0,0,0,0,False,,,,,"{""profile_name"": ""extreme_d04"", ""map_seed"": 20490620, ""query_seed"": 20491621, ""evaluation_path_source"": ""trace_poses"", ""planner_path_pose_count"": 23, ""evaluation_path_pose_count"": 151}"
extreme_s03_q0061,f_n3p_knn,Extreme,d12_16,True,True,0.3039698980282992,2,14.71020626523204,14.922908086218811,-0.014253376068381729,0,0.14040254900571675,0.0820327605097031,0,4,1,0,True,1,1,1.0,,"{""profile_name"": ""extreme_d04"", ""map_seed"": 20490620, ""query_seed"": 20491621}"
extreme_s03_q0061,n3p_k1,Extreme,d12_16,True,True,0.3023068089969456,2,14.71020626523204,14.922908086218811,-0.014253376068381729,0,0.14040254900571675,0.0820327605097031,0,0,1,0,True,1,1,1.0,,"{""profile_name"": ""extreme_d04"", ""map_seed"": 20490620, ""query_seed"": 20491621}"
extreme_s03_q0061,voronoi_waypoint,Extreme,d12_16,True,True,0.46957573597319424,3,15.190885079151071,14.922908086218811,0.017957424342761596,0,0.1780182489533415,0.13241828868330374,0,0,0,0,False,,,,,"{""profile_name"": ""extreme_d04"", ""map_seed"": 20490620, ""query_seed"": 20491621, ""waypoint_count"": 2}"
extreme_s03_q0061,bottleneck_waypoint,Extreme,d12_16,True,True,1.007590384921059,211,18.228170721762005,14.922908086218811,0.2214891773404124,3,0.33702759987167463,0.051025433151251964,0,0,0,0,False,,,,,"{""profile_name"": ""extreme_d04"", ""map_seed"": 20490620, ""query_seed"": 20491621, ""waypoint_count"": 4, ""bottleneck_count"": 4}"
extreme_s03_q0061,md_dqn,Extreme,d12_16,False,False,0.16998686245642602,600,2.2500000000000275,14.922908086218811,,0,0.24558269109370315,0.49163840602028597,0,0,0,0,False,,,,md_dqn_not_reached,"{""profile_name"": ""extreme_d04"", ""map_seed"": 20490620, ""query_seed"": 20491621, ""md_dqn_source_dir"": ""/home/ubuntu/DQN10/2_experiment"", ""md_dqn_checkpoint_path"": ""/home/ubuntu/DQN10/2_experiment/ugv_dqn/outputs/2026-05-12_train_load_external_demo_smoke/models/realmap_a/mlp-dqn.pt"", ""md_dqn_algo"": ""mlp-dqn"", ""md_dqn_device"": ""cpu"", ""md_dqn_max_steps"": 600, ""md_dqn_rollout_steps"": 600, ""md_dqn_reached"": false}"
extreme_s03_q0062,vanilla_ha,Extreme,d16_20,True,True,0.24007129669189453,153,17.268241537407846,,,0,0.17764623014049225,0.1879098586243142,0,0,0,0,False,,,,,"{""profile_name"": ""extreme_d05"", ""map_seed"": 20490620, ""query_seed"": 20491622, ""evaluation_path_source"": ""trace_poses"", ""planner_path_pose_count"": 27, ""evaluation_path_pose_count"": 176}"
extreme_s03_q0062,f_n3p_knn,Extreme,d16_20,True,True,0.3552549718879163,44,16.98171727206055,17.268241537407846,-0.01659255603569154,0,0.14785584361210785,0.11784572680156447,0,4,1,0,True,1,1,1.0,,"{""profile_name"": ""extreme_d05"", ""map_seed"": 20490620, ""query_seed"": 20491622}"
extreme_s03_q0062,n3p_k1,Extreme,d16_20,True,True,0.36267642700113356,44,16.98171727206055,17.268241537407846,-0.01659255603569154,0,0.14785584361210785,0.11784572680156447,0,0,1,0,True,1,1,1.0,,"{""profile_name"": ""extreme_d05"", ""map_seed"": 20490620, ""query_seed"": 20491622}"
extreme_s03_q0062,voronoi_waypoint,Extreme,d16_20,True,True,0.6688489390071481,12,17.36131861814445,17.268241537407846,0.005390072899720044,0,0.13629130824142593,0.1245011563117776,0,0,0,0,False,,,,,"{""profile_name"": ""extreme_d05"", ""map_seed"": 20490620, ""query_seed"": 20491622, ""waypoint_count"": 3}"
extreme_s03_q0062,bottleneck_waypoint,Extreme,d16_20,True,True,0.511362035991624,3,17.55820513126587,17.268241537407846,0.016791726779468608,0,0.17816155274726098,0.4273288813065219,0,0,0,0,False,,,,,"{""profile_name"": ""extreme_d05"", ""map_seed"": 20490620, ""query_seed"": 20491622, ""waypoint_count"": 2, ""bottleneck_count"": 2}"
extreme_s03_q0062,md_dqn,Extreme,d16_20,False,False,0.17132854787632823,600,1.1250000000000224,17.268241537407846,,0,0.12430892026324443,0.43282565482920754,0,0,0,0,False,,,,md_dqn_not_reached,"{""profile_name"": ""extreme_d05"", ""map_seed"": 20490620, ""query_seed"": 20491622, ""md_dqn_source_dir"": ""/home/ubuntu/DQN10/2_experiment"", ""md_dqn_checkpoint_path"": ""/home/ubuntu/DQN10/2_experiment/ugv_dqn/outputs/2026-05-12_train_load_external_demo_smoke/models/realmap_a/mlp-dqn.pt"", ""md_dqn_algo"": ""mlp-dqn"", ""md_dqn_device"": ""cpu"", ""md_dqn_max_steps"": 600, ""md_dqn_rollout_steps"": 600, ""md_dqn_reached"": false}"
extreme_s03_q0063,vanilla_ha,Extreme,d20_inf,True,True,0.18829679489135742,49,26.992277452299295,,,0,0.06708208657494763,0.08245301456791321,0,0,0,0,False,,,,,"{""profile_name"": ""extreme_d06"", ""map_seed"": 20490620, ""query_seed"": 20491623, ""evaluation_path_source"": ""trace_poses"", ""planner_path_pose_count"": 22, ""evaluation_path_pose_count"": 273}"
extreme_s03_q0063,f_n3p_knn,Extreme,d20_inf,True,True,0.5900966469198465,123,25.983470417499703,26.992277452299295,-0.037373913208411325,0,0.0552213982717118,0.08829601029937362,0,8,1,0,True,1,2,0.5,,"{""profile_name"": ""extreme_d06"", ""map_seed"": 20490620, ""query_seed"": 20491623}"
extreme_s03_q0063,n3p_k1,Extreme,d20_inf,True,True,0.4841131560970098,202,26.285726588860527,26.992277452299295,-0.026176037375407968,0,0.07925724798569593,0.07446323468087046,0,0,1,0,True,1,1,1.0,,"{""profile_name"": ""extreme_d06"", ""map_seed"": 20490620, ""query_seed"": 20491623}"
extreme_s03_q0063,voronoi_waypoint,Extreme,d20_inf,True,True,0.9709679149091244,6,29.161997274046723,26.992277452299295,0.08038298456222348,1,0.28194764448616616,0.3613718988741348,0,0,0,0,False,,,,,"{""profile_name"": ""extreme_d06"", ""map_seed"": 20490620, ""query_seed"": 20491623, ""waypoint_count"": 5}"
extreme_s03_q0063,bottleneck_waypoint,Extreme,d20_inf,True,True,0.6693385092075914,4,26.711315854998656,26.992277452299295,-0.010408962259563115,0,0.1026946664389755,0.3312127582447736,0,0,0,0,False,,,,,"{""profile_name"": ""extreme_d06"", ""map_seed"": 20490620, ""query_seed"": 20491623, ""waypoint_count"": 3, ""bottleneck_count"": 3}"
extreme_s03_q0063,md_dqn,Extreme,d20_inf,False,False,0.1719612895976752,600,1.1249999999999898,26.992277452299295,,0,0.8385645564237887,1.2568274819691507,0,0,0,0,False,,,,md_dqn_not_reached,"{""profile_name"": ""extreme_d06"", ""map_seed"": 20490620, ""query_seed"": 20491623, ""md_dqn_source_dir"": ""/home/ubuntu/DQN10/2_experiment"", ""md_dqn_checkpoint_path"": ""/home/ubuntu/DQN10/2_experiment/ugv_dqn/outputs/2026-05-12_train_load_external_demo_smoke/models/realmap_a/mlp-dqn.pt"", ""md_dqn_algo"": ""mlp-dqn"", ""md_dqn_device"": ""cpu"", ""md_dqn_max_steps"": 600, ""md_dqn_rollout_steps"": 600, ""md_dqn_reached"": false}"
extreme_s03_q0064,vanilla_ha,Extreme,d08_12,True,True,0.22502779960632324,103,10.343640837646745,,,0,0.25251726659831236,0.05695488184178388,0,0,0,0,False,,,,,"{""profile_name"": ""extreme_d07"", ""map_seed"": 20490620, ""query_seed"": 20491624, ""evaluation_path_source"": ""trace_poses"", ""planner_path_pose_count"": 29, ""evaluation_path_pose_count"": 105}"
extreme_s03_q0064,f_n3p_knn,Extreme,d08_12,True,True,0.6500874699559063,4,12.742257209662286,10.343640837646745,0.23189285181727604,1,0.3956127642257659,0.2056436299448865,0,1,0,0,True,3,4,0.75,,"{""profile_name"": ""extreme_d07"", ""map_seed"": 20490620, ""query_seed"": 20491624}"
extreme_s03_q0064,n3p_k1,Extreme,d08_12,True,True,0.37893797596916556,72,10.53903710297477,10.343640837646745,0.018890472745037634,3,0.23479855159581667,0.08757581818419646,0,0,2,0,True,0,0,,,"{""profile_name"": ""extreme_d07"", ""map_seed"": 20490620, ""query_seed"": 20491624}"
extreme_s03_q0064,voronoi_waypoint,Extreme,d08_12,True,True,0.36001953296363354,6,10.488418390947285,10.343640837646745,0.013996769181467084,0,0.21346185556021832,0.07804683076963714,0,0,0,0,False,,,,,"{""profile_name"": ""extreme_d07"", ""map_seed"": 20490620, ""query_seed"": 20491624, ""waypoint_count"": 1}"
extreme_s03_q0064,bottleneck_waypoint,Extreme,d08_12,True,True,0.5113291160669178,3,11.74713615382773,10.343640837646745,0.13568677975291044,1,0.3540972610863617,0.634249464476786,0,0,0,0,False,,,,,"{""profile_name"": ""extreme_d07"", ""map_seed"": 20490620, ""query_seed"": 20491624, ""waypoint_count"": 2, ""bottleneck_count"": 2}"
extreme_s03_q0064,md_dqn,Extreme,d08_12,False,False,0.1498345611616969,225,0.5006249999997534,10.343640837646745,,2,0.07299282087167054,0.45831493054774963,0,0,0,0,False,,,,md_dqn_not_reached,"{""profile_name"": ""extreme_d07"", ""map_seed"": 20490620, ""query_seed"": 20491624, ""md_dqn_source_dir"": ""/home/ubuntu/DQN10/2_experiment"", ""md_dqn_checkpoint_path"": ""/home/ubuntu/DQN10/2_experiment/ugv_dqn/outputs/2026-05-12_train_load_external_demo_smoke/models/realmap_a/mlp-dqn.pt"", ""md_dqn_algo"": ""mlp-dqn"", ""md_dqn_device"": ""cpu"", ""md_dqn_max_steps"": 600, ""md_dqn_rollout_steps"": 225, ""md_dqn_reached"": false}"
extreme_s03_q0065,vanilla_ha,Extreme,d12_16,True,True,0.745283842086792,671,13.49849960319884,,,0,0.47567687113915447,0.06779387991170982,0,0,0,0,False,,,,,"{""profile_name"": ""extreme_d03"", ""map_seed"": 20490621, ""query_seed"": 20491621, ""evaluation_path_source"": ""trace_poses"", ""planner_path_pose_count"": 42, ""evaluation_path_pose_count"": 137}"
extreme_s03_q0065,f_n3p_knn,Extreme,d12_16,True,True,0.3092907010577619,2,14.412265168705957,13.49849960319884,0.0676938617156071,3,0.15807713980219876,0.30631650830992885,0,1,0,0,True,1,2,0.5,,"{""profile_name"": ""extreme_d03"", ""map_seed"": 20490621, ""query_seed"": 20491621}"
extreme_s03_q0065,n3p_k1,Extreme,d12_16,True,True,0.41063764691352844,110,13.374660699650946,13.49849960319884,-0.009174271747842688,0,0.20437808509473696,0.08627787389901775,0,0,1,0,True,1,1,1.0,,"{""profile_name"": ""extreme_d03"", ""map_seed"": 20490621, ""query_seed"": 20491621}"
extreme_s03_q0065,voronoi_waypoint,Extreme,d12_16,True,True,0.47640495491214097,3,14.060878496987831,13.49849960319884,0.04166232620814547,0,0.18108547565903838,0.06869007753129452,0,0,0,0,False,,,,,"{""profile_name"": ""extreme_d03"", ""map_seed"": 20490621, ""query_seed"": 20491621, ""waypoint_count"": 2}"
extreme_s03_q0065,bottleneck_waypoint,Extreme,d12_16,True,True,0.9176791862118989,475,13.735978245047093,13.49849960319884,0.017592965798360005,0,0.2655116281071647,0.08781827079084148,0,0,0,0,False,,,,,"{""profile_name"": ""extreme_d03"", ""map_seed"": 20490621, ""query_seed"": 20491621, ""waypoint_count"": 2, ""bottleneck_count"": 2}"
extreme_s03_q0065,md_dqn,Extreme,d12_16,False,False,0.16940050851553679,600,1.1249999999999853,13.49849960319884,,0,0.8385645564237372,1.4973901905387677,0,0,0,0,False,,,,md_dqn_not_reached,"{""profile_name"": ""extreme_d03"", ""map_seed"": 20490621, ""query_seed"": 20491621, ""md_dqn_source_dir"": ""/home/ubuntu/DQN10/2_experiment"", ""md_dqn_checkpoint_path"": ""/home/ubuntu/DQN10/2_experiment/ugv_dqn/outputs/2026-05-12_train_load_external_demo_smoke/models/realmap_a/mlp-dqn.pt"", ""md_dqn_algo"": ""mlp-dqn"", ""md_dqn_device"": ""cpu"", ""md_dqn_max_steps"": 600, ""md_dqn_rollout_steps"": 600, ""md_dqn_reached"": false}"
extreme_s03_q0066,vanilla_ha,Extreme,d16_20,True,True,0.14936280250549316,1,19.1449732305898,,,0,0.0,0.2906002787906914,0,0,0,0,False,,,,,"{""profile_name"": ""extreme_d04"", ""map_seed"": 20490621, ""query_seed"": 20491622, ""evaluation_path_source"": ""trace_poses"", ""planner_path_pose_count"": 2, ""evaluation_path_pose_count"": 193}"
extreme_s03_q0066,f_n3p_knn,Extreme,d16_20,True,True,0.0007525109685957432,0,19.1449732305898,19.1449732305898,0.0,0,1.1598062961521878e-17,0.2906002787906914,0,0,0,0,False,0,0,,,"{""profile_name"": ""extreme_d04"", ""map_seed"": 20490621, ""query_seed"": 20491622}"
extreme_s03_q0066,n3p_k1,Extreme,d16_20,True,True,0.0007443029899150133,0,19.1449732305898,19.1449732305898,0.0,0,1.1598062961521878e-17,0.2906002787906914,0,0,0,0,False,0,0,,,"{""profile_name"": ""extreme_d04"", ""map_seed"": 20490621, ""query_seed"": 20491622}"
extreme_s03_q0066,voronoi_waypoint,Extreme,d16_20,True,True,0.6194929399061948,4,19.83869981493273,19.1449732305898,0.036235442901246584,0,0.21933733073459954,0.39372524543389553,0,0,0,0,False,,,,,"{""profile_name"": ""extreme_d04"", ""map_seed"": 20490621, ""query_seed"": 20491622, ""waypoint_count"": 3}"
extreme_s03_q0066,bottleneck_waypoint,Extreme,d16_20,True,True,0.48908041906543076,3,19.65652277692702,19.1449732305898,0.02671978383964846,0,0.1207993920819852,0.7010200215040643,0,0,0,0,False,,,,,"{""profile_name"": ""extreme_d04"", ""map_seed"": 20490621, ""query_seed"": 20491622, ""waypoint_count"": 2, ""bottleneck_count"": 2}"
extreme_s03_q0066,md_dqn,Extreme,d16_20,False,False,0.17053037998266518,600,1.1249999999999958,19.1449732305898,,0,0.8385645564237288,1.032192925817074,0,0,0,0,False,,,,md_dqn_not_reached,"{""profile_name"": ""extreme_d04"", ""map_seed"": 20490621, ""query_seed"": 20491622, ""md_dqn_source_dir"": ""/home/ubuntu/DQN10/2_experiment"", ""md_dqn_checkpoint_path"": ""/home/ubuntu/DQN10/2_experiment/ugv_dqn/outputs/2026-05-12_train_load_external_demo_smoke/models/realmap_a/mlp-dqn.pt"", ""md_dqn_algo"": ""mlp-dqn"", ""md_dqn_device"": ""cpu"", ""md_dqn_max_steps"": 600, ""md_dqn_rollout_steps"": 600, ""md_dqn_reached"": false}"
extreme_s03_q0067,vanilla_ha,Extreme,d20_inf,False,False,2.5002224445343018,2968,,,,0,,,0,0,0,0,False,,,,timeout,"{""profile_name"": ""extreme_d05"", ""map_seed"": 20490621, ""query_seed"": 20491623, ""evaluation_path_source"": ""planner_path"", ""planner_path_pose_count"": 0, ""evaluation_path_pose_count"": 0}"
extreme_s03_q0067,f_n3p_knn,Extreme,d20_inf,True,True,0.9743572392035276,6,26.333035828177398,,,0,0.14691331845972544,0.09428658420452152,0,8,0,0,True,3,6,0.5,,"{""profile_name"": ""extreme_d05"", ""map_seed"": 20490621, ""query_seed"": 20491623}"
extreme_s03_q0067,n3p_k1,Extreme,d20_inf,True,True,0.618594644125551,203,26.275310759805546,,,0,0.27798112030563754,0.07330533370537617,0,0,3,0,True,0,0,,,"{""profile_name"": ""extreme_d05"", ""map_seed"": 20490621, ""query_seed"": 20491623}"
extreme_s03_q0067,voronoi_waypoint,Extreme,d20_inf,True,True,0.825339978095144,5,27.18615191041661,,,0,0.1501230887347524,0.06707377515700064,0,0,0,0,False,,,,,"{""profile_name"": ""extreme_d05"", ""map_seed"": 20490621, ""query_seed"": 20491623, ""waypoint_count"": 4}"
extreme_s03_q0067,bottleneck_waypoint,Extreme,d20_inf,True,True,0.676032257033512,4,26.21749469227035,,,0,0.12221507048131888,0.07072018017639103,0,0,0,0,False,,,,,"{""profile_name"": ""extreme_d05"", ""map_seed"": 20490621, ""query_seed"": 20491623, ""waypoint_count"": 3, ""bottleneck_count"": 3}"
extreme_s03_q0067,md_dqn,Extreme,d20_inf,False,False,0.23765265895053744,94,0.2943749999999907,,,1,0.2443118072841659,0.42386859743029137,0,0,0,0,False,,,,md_dqn_not_reached,"{""profile_name"": ""extreme_d05"", ""map_seed"": 20490621, ""query_seed"": 20491623, ""md_dqn_source_dir"": ""/home/ubuntu/DQN10/2_experiment"", ""md_dqn_checkpoint_path"": ""/home/ubuntu/DQN10/2_experiment/ugv_dqn/outputs/2026-05-12_train_load_external_demo_smoke/models/realmap_a/mlp-dqn.pt"", ""md_dqn_algo"": ""mlp-dqn"", ""md_dqn_device"": ""cpu"", ""md_dqn_max_steps"": 600, ""md_dqn_rollout_steps"": 94, ""md_dqn_reached"": false}"
extreme_s03_q0068,vanilla_ha,Extreme,d08_12,True,True,0.28046298027038574,205,9.760100684181719,,,1,0.2128035388317885,0.08877603197823303,0,0,0,0,False,,,,,"{""profile_name"": ""extreme_d06"", ""map_seed"": 20490621, ""query_seed"": 20491624, ""evaluation_path_source"": ""trace_poses"", ""planner_path_pose_count"": 18, ""evaluation_path_pose_count"": 100}"
extreme_s03_q0068,f_n3p_knn,Extreme,d08_12,True,True,0.15995721402578056,1,9.932584551145549,9.760100684181719,0.01767234504490056,1,0.20114382117529167,0.1796495904289157,0,1,0,0,True,0,1,0.0,,"{""profile_name"": ""extreme_d06"", ""map_seed"": 20490621, ""query_seed"": 20491624}"
extreme_s03_q0068,n3p_k1,Extreme,d08_12,True,True,0.16154776304028928,3,9.679322327474903,9.760100684181719,-0.00827638559484678,2,0.15500744222337007,0.06568537550224918,0,0,1,0,True,0,0,,,"{""profile_name"": ""extreme_d06"", ""map_seed"": 20490621, ""query_seed"": 20491624}"
extreme_s03_q0068,voronoi_waypoint,Extreme,d08_12,True,True,0.5141243739053607,9,14.185020390408697,9.760100684181719,0.45336824377216556,5,0.45142886696804285,0.28147822112837895,0,0,0,0,False,,,,,"{""profile_name"": ""extreme_d06"", ""map_seed"": 20490621, ""query_seed"": 20491624, ""waypoint_count"": 2}"
extreme_s03_q0068,bottleneck_waypoint,Extreme,d08_12,True,True,0.5085009769536555,8,13.357670156126122,9.760100684181719,0.3685996270279277,1,0.3362782170793433,0.07732218353460563,0,0,0,0,False,,,,,"{""profile_name"": ""extreme_d06"", ""map_seed"": 20490621, ""query_seed"": 20491624, ""waypoint_count"": 2, ""bottleneck_count"": 2}"
extreme_s03_q0068,md_dqn,Extreme,d08_12,False,False,0.0014681031461805105,1,0.0037500000000000072,9.760100684181719,,0,0.08734630124015043,0.3543078038233205,0,0,0,0,False,,,,md_dqn_not_reached,"{""profile_name"": ""extreme_d06"", ""map_seed"": 20490621, ""query_seed"": 20491624, ""md_dqn_source_dir"": ""/home/ubuntu/DQN10/2_experiment"", ""md_dqn_checkpoint_path"": ""/home/ubuntu/DQN10/2_experiment/ugv_dqn/outputs/2026-05-12_train_load_external_demo_smoke/models/realmap_a/mlp-dqn.pt"", ""md_dqn_algo"": ""mlp-dqn"", ""md_dqn_device"": ""cpu"", ""md_dqn_max_steps"": 600, ""md_dqn_rollout_steps"": 1, ""md_dqn_reached"": false}"
extreme_s03_q0069,vanilla_ha,Extreme,d12_16,True,True,0.23860907554626465,115,16.253157797453785,,,0,0.22190779179466957,0.09535829629012738,0,0,0,0,False,,,,,"{""profile_name"": ""extreme_d07"", ""map_seed"": 20490621, ""query_seed"": 20491625, ""evaluation_path_source"": ""trace_poses"", ""planner_path_pose_count"": 34, ""evaluation_path_pose_count"": 164}"
extreme_s03_q0069,f_n3p_knn,Extreme,d12_16,True,True,1.3575455218087882,86,32.04060211077368,16.253157797453785,0.9713462768320107,3,0.29802103526895984,0.05851586996877056,0,17,3,0,True,2,5,0.4,,"{""profile_name"": ""extreme_d07"", ""map_seed"": 20490621, ""query_seed"": 20491625}"
extreme_s03_q0069,n3p_k1,Extreme,d12_16,True,True,0.6810198980383575,32,22.64483713816366,16.253157797453785,0.3932576930811065,1,0.29855566270236605,0.09862674408355587,0,0,2,0,True,2,2,1.0,,"{""profile_name"": ""extreme_d07"", ""map_seed"": 20490621, ""query_seed"": 20491625}"
extreme_s03_q0069,voronoi_waypoint,Extreme,d12_16,False,False,1.360362677834928,850,10.22296400157314,16.253157797453785,,0,0.06434394675355043,0.6217950256793323,0,0,0,0,False,,,,segment_failed:timeout,"{""profile_name"": ""extreme_d07"", ""map_seed"": 20490621, ""query_seed"": 20491625, ""waypoint_count"": 2}"
extreme_s03_q0069,bottleneck_waypoint,Extreme,d12_16,True,True,1.2430091791320592,769,16.154293574009806,16.253157797453785,-0.006082770171558116,0,0.27927837818268764,0.05979830033865913,0,0,0,0,False,,,,,"{""profile_name"": ""extreme_d07"", ""map_seed"": 20490621, ""query_seed"": 20491625, ""waypoint_count"": 2, ""bottleneck_count"": 2}"
extreme_s03_q0069,md_dqn,Extreme,d12_16,False,False,0.1703879781998694,600,1.1249999999995421,16.253157797453785,,0,0.0,0.9006948092068683,0,0,0,0,False,,,,md_dqn_not_reached,"{""profile_name"": ""extreme_d07"", ""map_seed"": 20490621, ""query_seed"": 20491625, ""md_dqn_source_dir"": ""/home/ubuntu/DQN10/2_experiment"", ""md_dqn_checkpoint_path"": ""/home/ubuntu/DQN10/2_experiment/ugv_dqn/outputs/2026-05-12_train_load_external_demo_smoke/models/realmap_a/mlp-dqn.pt"", ""md_dqn_algo"": ""mlp-dqn"", ""md_dqn_device"": ""cpu"", ""md_dqn_max_steps"": 600, ""md_dqn_rollout_steps"": 600, ""md_dqn_reached"": false}"
extreme_s03_q0070,vanilla_ha,Extreme,d16_20,True,True,0.16768646240234375,25,19.304146165620658,,,0,0.11341068640050726,0.07338535281873548,0,0,0,0,False,,,,,"{""profile_name"": ""extreme_d03"", ""map_seed"": 20490622, ""query_seed"": 20491622, ""evaluation_path_source"": ""trace_poses"", ""planner_path_pose_count"": 15, ""evaluation_path_pose_count"": 195}"
extreme_s03_q0070,f_n3p_knn,Extreme,d16_20,True,True,0.513288700953126,24,19.486993908521537,19.304146165620658,0.009471941485115654,0,0.09462420062179552,0.07465649303357336,0,4,1,0,True,2,2,1.0,,"{""profile_name"": ""extreme_d03"", ""map_seed"": 20490622, ""query_seed"": 20491622}"
extreme_s03_q0070,n3p_k1,Extreme,d16_20,True,True,0.5089133330620825,24,19.486993908521537,19.304146165620658,0.009471941485115654,0,0.09462420062179552,0.07465649303357336,0,0,1,0,True,2,2,1.0,,"{""profile_name"": ""extreme_d03"", ""map_seed"": 20490622, ""query_seed"": 20491622}"
extreme_s03_q0070,voronoi_waypoint,Extreme,d16_20,True,True,0.666288138832897,4,19.828684631197444,19.304146165620658,0.02717232148350357,0,0.15773005480279323,0.17307032740448824,0,0,0,0,False,,,,,"{""profile_name"": ""extreme_d03"", ""map_seed"": 20490622, ""query_seed"": 20491622, ""waypoint_count"": 3}"
extreme_s03_q0070,bottleneck_waypoint,Extreme,d16_20,True,True,0.6693819451611489,4,19.31089623765025,19.304146165620658,0.0003496695462041899,0,0.13290625771205403,0.1673353534159676,0,0,0,0,False,,,,,"{""profile_name"": ""extreme_d03"", ""map_seed"": 20490622, ""query_seed"": 20491622, ""waypoint_count"": 3, ""bottleneck_count"": 3}"
extreme_s03_q0070,md_dqn,Extreme,d16_20,False,False,0.1717072690371424,600,1.1249999999999865,19.304146165620658,,0,0.8385645564237355,1.4806604978470623,0,0,0,0,False,,,,md_dqn_not_reached,"{""profile_name"": ""extreme_d03"", ""map_seed"": 20490622, ""query_seed"": 20491622, ""md_dqn_source_dir"": ""/home/ubuntu/DQN10/2_experiment"", ""md_dqn_checkpoint_path"": ""/home/ubuntu/DQN10/2_experiment/ugv_dqn/outputs/2026-05-12_train_load_external_demo_smoke/models/realmap_a/mlp-dqn.pt"", ""md_dqn_algo"": ""mlp-dqn"", ""md_dqn_device"": ""cpu"", ""md_dqn_max_steps"": 600, ""md_dqn_rollout_steps"": 600, ""md_dqn_reached"": false}"
extreme_s03_q0071,vanilla_ha,Extreme,d20_inf,True,True,0.2724175453186035,305,21.855392394766234,,,0,0.1836582609711701,0.07120041792231224,0,0,0,0,False,,,,,"{""profile_name"": ""extreme_d04"", ""map_seed"": 20490622, ""query_seed"": 20491623, ""evaluation_path_source"": ""trace_poses"", ""planner_path_pose_count"": 32, ""evaluation_path_pose_count"": 222}"
extreme_s03_q0071,f_n3p_knn,Extreme,d20_inf,True,True,0.36577113904058933,50,22.376174577273492,21.855392394766234,0.023828544146019093,0,0.12123716216646507,0.10649354913749143,0,4,1,0,True,1,1,1.0,,"{""profile_name"": ""extreme_d04"", ""map_seed"": 20490622, ""query_seed"": 20491623}"
extreme_s03_q0071,n3p_k1,Extreme,d20_inf,True,True,0.36451453901827335,50,22.376174577273492,21.855392394766234,0.023828544146019093,0,0.12123716216646507,0.10649354913749143,0,0,1,0,True,1,1,1.0,,"{""profile_name"": ""extreme_d04"", ""map_seed"": 20490622, ""query_seed"": 20491623}"
extreme_s03_q0071,voronoi_waypoint,Extreme,d20_inf,True,True,0.8646187488920987,55,22.86834116850179,21.855392394766234,0.046347773375056356,0,0.2599860493056099,0.0968141559014074,0,0,0,0,False,,,,,"{""profile_name"": ""extreme_d04"", ""map_seed"": 20490622, ""query_seed"": 20491623, ""waypoint_count"": 4}"
extreme_s03_q0071,bottleneck_waypoint,Extreme,d20_inf,True,True,0.6672417018562555,4,22.95002025184963,21.855392394766234,0.050085024204165274,0,0.1623955355050534,0.1370211709245217,0,0,0,0,False,,,,,"{""profile_name"": ""extreme_d04"", ""map_seed"": 20490622, ""query_seed"": 20491623, ""waypoint_count"": 3, ""bottleneck_count"": 3}"
extreme_s03_q0071,md_dqn,Extreme,d20_inf,False,False,0.17115498636849225,600,1.1249999999999971,21.855392394766234,,0,0.8385645564237282,0.1370211709245217,0,0,0,0,False,,,,md_dqn_not_reached,"{""profile_name"": ""extreme_d04"", ""map_seed"": 20490622, ""query_seed"": 20491623, ""md_dqn_source_dir"": ""/home/ubuntu/DQN10/2_experiment"", ""md_dqn_checkpoint_path"": ""/home/ubuntu/DQN10/2_experiment/ugv_dqn/outputs/2026-05-12_train_load_external_demo_smoke/models/realmap_a/mlp-dqn.pt"", ""md_dqn_algo"": ""mlp-dqn"", ""md_dqn_device"": ""cpu"", ""md_dqn_max_steps"": 600, ""md_dqn_rollout_steps"": 600, ""md_dqn_reached"": false}"
extreme_s03_q0072,vanilla_ha,Extreme,d08_12,True,True,0.175689697265625,25,10.000019053245707,,,0,0.10212817508507954,0.2040624454770732,0,0,0,0,False,,,,,"{""profile_name"": ""extreme_d05"", ""map_seed"": 20490622, ""query_seed"": 20491624, ""evaluation_path_source"": ""trace_poses"", ""planner_path_pose_count"": 26, ""evaluation_path_pose_count"": 103}"
extreme_s03_q0072,f_n3p_knn,Extreme,d08_12,True,True,0.18606781587004662,25,10.000019053245707,10.000019053245707,0.0,0,0.10212817508507954,0.2040624454770732,0,4,1,0,True,0,0,,,"{""profile_name"": ""extreme_d05"", ""map_seed"": 20490622, ""query_seed"": 20491624}"
extreme_s03_q0072,n3p_k1,Extreme,d08_12,True,True,0.1858203278388828,25,10.000019053245707,10.000019053245707,0.0,0,0.10212817508507954,0.2040624454770732,0,0,1,0,True,0,0,,,"{""profile_name"": ""extreme_d05"", ""map_seed"": 20490622, ""query_seed"": 20491624}"
extreme_s03_q0072,voronoi_waypoint,Extreme,d08_12,True,True,0.3645547218620777,8,10.066686536842873,10.000019053245707,0.006666735657421485,0,0.2584267208588721,0.15428016830167124,0,0,0,0,False,,,,,"{""profile_name"": ""extreme_d05"", ""map_seed"": 20490622, ""query_seed"": 20491624, ""waypoint_count"": 1}"
extreme_s03_q0072,bottleneck_waypoint,Extreme,d08_12,True,True,0.36218692804686725,2,10.116672594927955,10.000019053245707,0.011665331941981272,0,0.21607805388300155,0.42929309585113673,0,0,0,0,False,,,,,"{""profile_name"": ""extreme_d05"", ""map_seed"": 20490622, ""query_seed"": 20491624, ""waypoint_count"": 1, ""bottleneck_count"": 1}"
extreme_s03_q0072,md_dqn,Extreme,d08_12,False,False,0.1690204048063606,600,1.1249999999999956,10.000019053245707,,0,0.8385645564237288,0.9384681889412194,0,0,0,0,False,,,,md_dqn_not_reached,"{""profile_name"": ""extreme_d05"", ""map_seed"": 20490622, ""query_seed"": 20491624, ""md_dqn_source_dir"": ""/home/ubuntu/DQN10/2_experiment"", ""md_dqn_checkpoint_path"": ""/home/ubuntu/DQN10/2_experiment/ugv_dqn/outputs/2026-05-12_train_load_external_demo_smoke/models/realmap_a/mlp-dqn.pt"", ""md_dqn_algo"": ""mlp-dqn"", ""md_dqn_device"": ""cpu"", ""md_dqn_max_steps"": 600, ""md_dqn_rollout_steps"": 600, ""md_dqn_reached"": false}"
extreme_s03_q0073,vanilla_ha,Extreme,d12_16,True,True,0.1576387882232666,1,15.373353570382752,,,0,0.0,0.11817274563167501,0,0,0,0,False,,,,,"{""profile_name"": ""extreme_d06"", ""map_seed"": 20490622, ""query_seed"": 20491625, ""evaluation_path_source"": ""trace_poses"", ""planner_path_pose_count"": 2, ""evaluation_path_pose_count"": 155}"
extreme_s03_q0073,f_n3p_knn,Extreme,d12_16,True,True,0.0006205039098858833,0,15.373353570382752,15.373353570382752,0.0,0,9.027170125424345e-18,0.11817274563167501,0,0,0,0,False,0,0,,,"{""profile_name"": ""extreme_d06"", ""map_seed"": 20490622, ""query_seed"": 20491625}"
extreme_s03_q0073,n3p_k1,Extreme,d12_16,True,True,0.0006375941447913647,0,15.373353570382752,15.373353570382752,0.0,0,9.027170125424345e-18,0.11817274563167501,0,0,0,0,False,0,0,,,"{""profile_name"": ""extreme_d06"", ""map_seed"": 20490622, ""query_seed"": 20491625}"
extreme_s03_q0073,voronoi_waypoint,Extreme,d12_16,True,True,0.5152014079503715,3,16.661100413965816,15.373353570382752,0.08376486221353474,0,0.28977890906057685,0.10666136377790614,0,0,0,0,False,,,,,"{""profile_name"": ""extreme_d06"", ""map_seed"": 20490622, ""query_seed"": 20491625, ""waypoint_count"": 2}"
extreme_s03_q0073,bottleneck_waypoint,Extreme,d12_16,True,True,0.6696311221458018,4,16.054262927660467,15.373353570382752,0.04429153041724798,0,0.20387897633673038,0.0868628451392085,0,0,0,0,False,,,,,"{""profile_name"": ""extreme_d06"", ""map_seed"": 20490622, ""query_seed"": 20491625, ""waypoint_count"": 3, ""bottleneck_count"": 3}"
extreme_s03_q0073,md_dqn,Extreme,d12_16,False,False,0.17111032037064433,600,2.2499999999999996,15.373353570382752,,0,0.08734630124015075,0.43836238345004275,0,0,0,0,False,,,,md_dqn_not_reached,"{""profile_name"": ""extreme_d06"", ""map_seed"": 20490622, ""query_seed"": 20491625, ""md_dqn_source_dir"": ""/home/ubuntu/DQN10/2_experiment"", ""md_dqn_checkpoint_path"": ""/home/ubuntu/DQN10/2_experiment/ugv_dqn/outputs/2026-05-12_train_load_external_demo_smoke/models/realmap_a/mlp-dqn.pt"", ""md_dqn_algo"": ""mlp-dqn"", ""md_dqn_device"": ""cpu"", ""md_dqn_max_steps"": 600, ""md_dqn_rollout_steps"": 600, ""md_dqn_reached"": false}"
extreme_s03_q0074,vanilla_ha,Extreme,d16_20,False,False,2.5004003047943115,4149,,,,0,,,0,0,0,0,False,,,,timeout,"{""profile_name"": ""extreme_d07"", ""map_seed"": 20490622, ""query_seed"": 20491626, ""evaluation_path_source"": ""planner_path"", ""planner_path_pose_count"": 0, ""evaluation_path_pose_count"": 0}"
extreme_s03_q0074,f_n3p_knn,Extreme,d16_20,False,False,3.671061512082815,5336,,,,0,,,0,5,1,1,True,0,1,0.0,f2_failed:prediction:goal_in_collision;goal:timeout;f3_failed:timeout,"{""profile_name"": ""extreme_d07"", ""map_seed"": 20490622, ""query_seed"": 20491626}"
extreme_s03_q0074,n3p_k1,Extreme,d16_20,False,False,4.125467585865408,6138,,,,0,,,0,0,2,1,True,0,0,,f2_failed:prediction:goal_in_collision;goal:timeout;f3_failed:timeout,"{""profile_name"": ""extreme_d07"", ""map_seed"": 20490622, ""query_seed"": 20491626}"
extreme_s03_q0074,voronoi_waypoint,Extreme,d16_20,True,True,0.7014463788364083,100,20.692185275320195,,,3,0.29843784209292346,0.06802161930965045,0,0,0,0,False,,,,,"{""profile_name"": ""extreme_d07"", ""map_seed"": 20490622, ""query_seed"": 20491626, ""waypoint_count"": 3}"
extreme_s03_q0074,bottleneck_waypoint,Extreme,d16_20,True,True,0.7789904968813062,7,20.136556312275427,,,1,0.2787166330339075,0.06657973237646964,0,0,0,0,False,,,,,"{""profile_name"": ""extreme_d07"", ""map_seed"": 20490622, ""query_seed"": 20491626, ""waypoint_count"": 4, ""bottleneck_count"": 4}"
extreme_s03_q0074,md_dqn,Extreme,d16_20,False,False,0.31947709899395704,600,9.15375,,,1,0.2542987755214606,0.16612324281152369,0,0,0,0,False,,,,md_dqn_not_reached,"{""profile_name"": ""extreme_d07"", ""map_seed"": 20490622, ""query_seed"": 20491626, ""md_dqn_source_dir"": ""/home/ubuntu/DQN10/2_experiment"", ""md_dqn_checkpoint_path"": ""/home/ubuntu/DQN10/2_experiment/ugv_dqn/outputs/2026-05-12_train_load_external_demo_smoke/models/realmap_a/mlp-dqn.pt"", ""md_dqn_algo"": ""mlp-dqn"", ""md_dqn_device"": ""cpu"", ""md_dqn_max_steps"": 600, ""md_dqn_rollout_steps"": 600, ""md_dqn_reached"": false}"
extreme_s03_q0075,vanilla_ha,Extreme,d20_inf,True,True,0.30031919479370117,239,20.580233764372654,,,0,0.2092249538336222,0.10396665711477382,0,0,0,0,False,,,,,"{""profile_name"": ""extreme_d03"", ""map_seed"": 20490623, ""query_seed"": 20491623, ""evaluation_path_source"": ""trace_poses"", ""planner_path_pose_count"": 43, ""evaluation_path_pose_count"": 208}"
extreme_s03_q0075,f_n3p_knn,Extreme,d20_inf,True,True,0.4881565391551703,188,20.48408476079242,20.580233764372654,-0.004671910177554972,0,0.16604184981151945,0.08968883421085672,0,8,1,0,True,0,1,0.0,,"{""profile_name"": ""extreme_d03"", ""map_seed"": 20490623, ""query_seed"": 20491623}"
extreme_s03_q0075,n3p_k1,Extreme,d20_inf,True,True,0.16759732412174344,16,20.12945715339332,20.580233764372654,-0.021903376615657888,0,0.09546477541507103,0.18875090325258492,0,0,1,0,True,0,0,,,"{""profile_name"": ""extreme_d03"", ""map_seed"": 20490623, ""query_seed"": 20491623}"
extreme_s03_q0075,voronoi_waypoint,Extreme,d20_inf,True,True,0.6345065550412983,19,21.420473574291076,20.580233764372654,0.04082751534984985,0,0.1901334246508233,0.18950458480795773,0,0,0,0,False,,,,,"{""profile_name"": ""extreme_d03"", ""map_seed"": 20490623, ""query_seed"": 20491623, ""waypoint_count"": 3}"
extreme_s03_q0075,bottleneck_waypoint,Extreme,d20_inf,True,True,0.6352649452164769,19,21.19526192901057,20.580233764372654,0.029884411016876777,0,0.21034476122188714,0.189628072807011,0,0,0,0,False,,,,,"{""profile_name"": ""extreme_d03"", ""map_seed"": 20490623, ""query_seed"": 20491623, ""waypoint_count"": 3, ""bottleneck_count"": 3}"
extreme_s03_q0075,md_dqn,Extreme,d20_inf,False,False,0.2597760802600533,531,1.0406249999999728,20.580233764372654,,1,0.174727435024608,0.4660143756905213,0,0,0,0,False,,,,md_dqn_not_reached,"{""profile_name"": ""extreme_d03"", ""map_seed"": 20490623, ""query_seed"": 20491623, ""md_dqn_source_dir"": ""/home/ubuntu/DQN10/2_experiment"", ""md_dqn_checkpoint_path"": ""/home/ubuntu/DQN10/2_experiment/ugv_dqn/outputs/2026-05-12_train_load_external_demo_smoke/models/realmap_a/mlp-dqn.pt"", ""md_dqn_algo"": ""mlp-dqn"", ""md_dqn_device"": ""cpu"", ""md_dqn_max_steps"": 600, ""md_dqn_rollout_steps"": 531, ""md_dqn_reached"": false}"
extreme_s03_q0076,vanilla_ha,Extreme,d08_12,False,False,2.5001327991485596,2514,,,,0,,,0,0,0,0,False,,,,timeout,"{""profile_name"": ""extreme_d04"", ""map_seed"": 20490623, ""query_seed"": 20491624, ""evaluation_path_source"": ""planner_path"", ""planner_path_pose_count"": 0, ""evaluation_path_pose_count"": 0}"
extreme_s03_q0076,f_n3p_knn,Extreme,d08_12,True,True,0.3125615520402789,8,10.342153958807774,,,2,0.40193868255783394,0.053339526945095916,0,4,1,0,True,1,1,1.0,,"{""profile_name"": ""extreme_d04"", ""map_seed"": 20490623, ""query_seed"": 20491624}"
extreme_s03_q0076,n3p_k1,Extreme,d08_12,True,True,0.31095367297530174,8,10.342153958807774,,,2,0.40193868255783394,0.053339526945095916,0,0,1,0,True,1,1,1.0,,"{""profile_name"": ""extreme_d04"", ""map_seed"": 20490623, ""query_seed"": 20491624}"
extreme_s03_q0076,voronoi_waypoint,Extreme,d08_12,True,True,0.47025896003469825,3,14.026836117274849,,,3,0.5217447212466204,0.0948137973294978,0,0,0,0,False,,,,,"{""profile_name"": ""extreme_d04"", ""map_seed"": 20490623, ""query_seed"": 20491624, ""waypoint_count"": 2}"
extreme_s03_q0076,bottleneck_waypoint,Extreme,d08_12,True,True,0.642241942929104,169,12.72943332230262,,,3,0.5107956561630378,0.06989094756092595,0,0,0,0,False,,,,,"{""profile_name"": ""extreme_d04"", ""map_seed"": 20490623, ""query_seed"": 20491624, ""waypoint_count"": 2, ""bottleneck_count"": 2}"
extreme_s03_q0076,md_dqn,Extreme,d08_12,False,False,0.16948745772242546,600,1.1250000000000082,,,0,0.8385645564237204,1.5095389457652382,0,0,0,0,False,,,,md_dqn_not_reached,"{""profile_name"": ""extreme_d04"", ""map_seed"": 20490623, ""query_seed"": 20491624, ""md_dqn_source_dir"": ""/home/ubuntu/DQN10/2_experiment"", ""md_dqn_checkpoint_path"": ""/home/ubuntu/DQN10/2_experiment/ugv_dqn/outputs/2026-05-12_train_load_external_demo_smoke/models/realmap_a/mlp-dqn.pt"", ""md_dqn_algo"": ""mlp-dqn"", ""md_dqn_device"": ""cpu"", ""md_dqn_max_steps"": 600, ""md_dqn_rollout_steps"": 600, ""md_dqn_reached"": false}"
extreme_s03_q0077,vanilla_ha,Extreme,d12_16,True,True,0.2012488842010498,145,15.976665656328313,,,1,0.12948179686067954,0.06577274793007848,0,0,0,0,False,,,,,"{""profile_name"": ""extreme_d05"", ""map_seed"": 20490623, ""query_seed"": 20491625, ""evaluation_path_source"": ""trace_poses"", ""planner_path_pose_count"": 13, ""evaluation_path_pose_count"": 162}"
extreme_s03_q0077,f_n3p_knn,Extreme,d12_16,True,True,0.6136280950158834,4,16.702840803353187,15.976665656328313,0.04545223406720278,1,0.151098772141278,0.0657727479300747,0,1,0,0,True,3,4,0.75,,"{""profile_name"": ""extreme_d05"", ""map_seed"": 20490623, ""query_seed"": 20491625}"
extreme_s03_q0077,n3p_k1,Extreme,d12_16,True,True,0.3114449221175164,18,15.93282444974192,15.976665656328313,-0.0027440773644172856,1,0.17117234333236991,0.06577274793007493,0,0,1,0,True,1,1,1.0,,"{""profile_name"": ""extreme_d05"", ""map_seed"": 20490623, ""query_seed"": 20491625}"
extreme_s03_q0077,voronoi_waypoint,Extreme,d12_16,True,True,0.7213607910089195,127,17.36154239785907,15.976665656328313,0.08668121191997336,1,0.40697711094411265,0.0657727479300747,0,0,0,0,False,,,,,"{""profile_name"": ""extreme_d05"", ""map_seed"": 20490623, ""query_seed"": 20491625, ""waypoint_count"": 3}"
extreme_s03_q0077,bottleneck_waypoint,Extreme,d12_16,True,True,0.6331235538236797,6,17.82569754987716,15.976665656328313,0.1157332783525109,3,0.24898126376834648,0.06577274793007437,0,0,0,0,False,,,,,"{""profile_name"": ""extreme_d05"", ""map_seed"": 20490623, ""query_seed"": 20491625, ""waypoint_count"": 3, ""bottleneck_count"": 3}"
extreme_s03_q0077,md_dqn,Extreme,d12_16,False,False,0.001460314029827714,1,0.003749999999999081,15.976665656328313,,0,0.08734630124017201,0.25570143080854946,0,0,0,0,False,,,,md_dqn_not_reached,"{""profile_name"": ""extreme_d05"", ""map_seed"": 20490623, ""query_seed"": 20491625, ""md_dqn_source_dir"": ""/home/ubuntu/DQN10/2_experiment"", ""md_dqn_checkpoint_path"": ""/home/ubuntu/DQN10/2_experiment/ugv_dqn/outputs/2026-05-12_train_load_external_demo_smoke/models/realmap_a/mlp-dqn.pt"", ""md_dqn_algo"": ""mlp-dqn"", ""md_dqn_device"": ""cpu"", ""md_dqn_max_steps"": 600, ""md_dqn_rollout_steps"": 1, ""md_dqn_reached"": false}"
extreme_s03_q0078,vanilla_ha,Extreme,d16_20,False,False,2.500458240509033,3333,,,,0,,,0,0,0,0,False,,,,timeout,"{""profile_name"": ""extreme_d06"", ""map_seed"": 20490623, ""query_seed"": 20491626, ""evaluation_path_source"": ""planner_path"", ""planner_path_pose_count"": 0, ""evaluation_path_pose_count"": 0}"
extreme_s03_q0078,f_n3p_knn,Extreme,d16_20,False,False,3.513470627134666,4942,,,,0,,,0,4,1,1,True,0,0,,f2_failed:prediction:goal_in_collision;goal:timeout;f3_failed:timeout,"{""profile_name"": ""extreme_d06"", ""map_seed"": 20490623, ""query_seed"": 20491626}"
extreme_s03_q0078,n3p_k1,Extreme,d16_20,False,False,3.511434532003477,4947,,,,0,,,0,0,1,1,True,0,0,,f2_failed:prediction:goal_in_collision;goal:timeout;f3_failed:timeout,"{""profile_name"": ""extreme_d06"", ""map_seed"": 20490623, ""query_seed"": 20491626}"
extreme_s03_q0078,voronoi_waypoint,Extreme,d16_20,True,True,0.6321731398347765,14,21.780631848974135,,,3,0.3451488988416914,0.08728202621687697,0,0,0,0,False,,,,,"{""profile_name"": ""extreme_d06"", ""map_seed"": 20490623, ""query_seed"": 20491626, ""waypoint_count"": 3}"
extreme_s03_q0078,bottleneck_waypoint,Extreme,d16_20,True,True,0.908178135054186,6,22.10984278515521,,,1,0.4104523756955932,0.09811681456548449,0,0,0,0,False,,,,,"{""profile_name"": ""extreme_d06"", ""map_seed"": 20490623, ""query_seed"": 20491626, ""waypoint_count"": 5, ""bottleneck_count"": 5}"
extreme_s03_q0078,md_dqn,Extreme,d16_20,False,False,0.2402860512956977,600,15.721875000000013,,,0,0.24763382144882823,0.12112954853730429,0,0,0,0,False,,,,md_dqn_not_reached,"{""profile_name"": ""extreme_d06"", ""map_seed"": 20490623, ""query_seed"": 20491626, ""md_dqn_source_dir"": ""/home/ubuntu/DQN10/2_experiment"", ""md_dqn_checkpoint_path"": ""/home/ubuntu/DQN10/2_experiment/ugv_dqn/outputs/2026-05-12_train_load_external_demo_smoke/models/realmap_a/mlp-dqn.pt"", ""md_dqn_algo"": ""mlp-dqn"", ""md_dqn_device"": ""cpu"", ""md_dqn_max_steps"": 600, ""md_dqn_rollout_steps"": 600, ""md_dqn_reached"": false}"
extreme_s03_q0079,vanilla_ha,Extreme,d20_inf,True,True,1.3416109085083008,2461,25.7644712510199,,,0,0.2525934181372384,0.06646185573966312,0,0,0,0,False,,,,,"{""profile_name"": ""extreme_d07"", ""map_seed"": 20490623, ""query_seed"": 20491627, ""evaluation_path_source"": ""trace_poses"", ""planner_path_pose_count"": 70, ""evaluation_path_pose_count"": 260}"
extreme_s03_q0079,f_n3p_knn,Extreme,d20_inf,True,True,0.5141195750329643,103,27.35430888401268,25.7644712510199,0.061706588794437245,0,0.140543336879011,0.10738526329306541,0,4,1,0,True,2,2,1.0,,"{""profile_name"": ""extreme_d07"", ""map_seed"": 20490623, ""query_seed"": 20491627}"
extreme_s03_q0079,n3p_k1,Extreme,d20_inf,True,True,0.5140961890574545,103,27.35430888401268,25.7644712510199,0.061706588794437245,0,0.140543336879011,0.10738526329306541,0,0,1,0,True,2,2,1.0,,"{""profile_name"": ""extreme_d07"", ""map_seed"": 20490623, ""query_seed"": 20491627}"
extreme_s03_q0079,voronoi_waypoint,Extreme,d20_inf,True,True,0.9034247749950737,6,27.147840947740807,25.7644712510199,0.05369292011634608,0,0.23306063479336803,0.11451429956341797,0,0,0,0,False,,,,,"{""profile_name"": ""extreme_d07"", ""map_seed"": 20490623, ""query_seed"": 20491627, ""waypoint_count"": 5}"
extreme_s03_q0079,bottleneck_waypoint,Extreme,d20_inf,True,True,0.6251659169793129,4,27.446220604525347,25.7644712510199,0.06527397116441414,0,0.1595233488451856,0.3557887277186267,0,0,0,0,False,,,,,"{""profile_name"": ""extreme_d07"", ""map_seed"": 20490623, ""query_seed"": 20491627, ""waypoint_count"": 3, ""bottleneck_count"": 3}"
extreme_s03_q0079,md_dqn,Extreme,d20_inf,False,False,0.1709457952529192,600,1.1250000000003115,25.7644712510199,,0,0.14281595344036924,0.1920570426362953,0,0,0,0,False,,,,md_dqn_not_reached,"{""profile_name"": ""extreme_d07"", ""map_seed"": 20490623, ""query_seed"": 20491627, ""md_dqn_source_dir"": ""/home/ubuntu/DQN10/2_experiment"", ""md_dqn_checkpoint_path"": ""/home/ubuntu/DQN10/2_experiment/ugv_dqn/outputs/2026-05-12_train_load_external_demo_smoke/models/realmap_a/mlp-dqn.pt"", ""md_dqn_algo"": ""mlp-dqn"", ""md_dqn_device"": ""cpu"", ""md_dqn_max_steps"": 600, ""md_dqn_rollout_steps"": 600, ""md_dqn_reached"": false}"
extreme_s04_q0080,vanilla_ha,Extreme,d08_12,True,True,0.18613862991333008,78,11.778396685628744,,,0,0.085456150381415,0.07927042026413544,0,0,0,0,False,,,,,"{""profile_name"": ""extreme_d03"", ""map_seed"": 20500620, ""query_seed"": 20501620, ""evaluation_path_source"": ""trace_poses"", ""planner_path_pose_count"": 13, ""evaluation_path_pose_count"": 120}"
extreme_s04_q0080,f_n3p_knn,Extreme,d08_12,True,True,0.30293146916665137,2,11.884942272565963,11.778396685628744,0.00904584807091946,0,0.11570454785058215,0.059074048887730546,0,3,0,0,True,0,2,0.0,,"{""profile_name"": ""extreme_d03"", ""map_seed"": 20500620, ""query_seed"": 20501620}"
extreme_s04_q0080,n3p_k1,Extreme,d08_12,True,True,0.3271463189739734,301,12.441886420788943,11.778396685628744,0.05633107398817261,0,0.22678402876033915,0.1438471460973757,0,0,1,0,True,0,0,,,"{""profile_name"": ""extreme_d03"", ""map_seed"": 20500620, ""query_seed"": 20501620}"
extreme_s04_q0080,voronoi_waypoint,Extreme,d08_12,True,True,0.6362234340049326,189,12.153134671697726,11.778396685628744,0.031815704299228864,0,0.4343346438109235,0.07475123281962848,0,0,0,0,False,,,,,"{""profile_name"": ""extreme_d03"", ""map_seed"": 20500620, ""query_seed"": 20501620, ""waypoint_count"": 2}"
extreme_s04_q0080,bottleneck_waypoint,Extreme,d08_12,True,True,0.47207284113392234,3,12.079800617314055,11.778396685628744,0.02558955516017436,0,0.2637047070007646,0.26020196853453026,0,0,0,0,False,,,,,"{""profile_name"": ""extreme_d03"", ""map_seed"": 20500620, ""query_seed"": 20501620, ""waypoint_count"": 2, ""bottleneck_count"": 2}"
extreme_s04_q0080,md_dqn,Extreme,d08_12,False,False,0.2951690424233675,356,1.2768750000000135,11.778396685628744,,1,0.10518055357900898,0.4165077383566461,0,0,0,0,False,,,,md_dqn_not_reached,"{""profile_name"": ""extreme_d03"", ""map_seed"": 20500620, ""query_seed"": 20501620, ""md_dqn_source_dir"": ""/home/ubuntu/DQN10/2_experiment"", ""md_dqn_checkpoint_path"": ""/home/ubuntu/DQN10/2_experiment/ugv_dqn/outputs/2026-05-12_train_load_external_demo_smoke/models/realmap_a/mlp-dqn.pt"", ""md_dqn_algo"": ""mlp-dqn"", ""md_dqn_device"": ""cpu"", ""md_dqn_max_steps"": 600, ""md_dqn_rollout_steps"": 356, ""md_dqn_reached"": false}"
extreme_s04_q0081,vanilla_ha,Extreme,d12_16,True,True,0.23230361938476562,113,15.536045031075169,,,0,0.09708435050889813,0.09610707730967327,0,0,0,0,False,,,,,"{""profile_name"": ""extreme_d04"", ""map_seed"": 20500620, ""query_seed"": 20501621, ""evaluation_path_source"": ""trace_poses"", ""planner_path_pose_count"": 19, ""evaluation_path_pose_count"": 158}"
extreme_s04_q0081,f_n3p_knn,Extreme,d12_16,True,True,0.4655477099586278,15,16.60726050945864,15.536045031075169,0.0689503329992176,3,0.1915174738417231,0.06030269178960651,0,4,1,0,True,2,2,1.0,,"{""profile_name"": ""extreme_d04"", ""map_seed"": 20500620, ""query_seed"": 20501621}"
extreme_s04_q0081,n3p_k1,Extreme,d12_16,True,True,0.4640561838168651,15,16.60726050945864,15.536045031075169,0.0689503329992176,3,0.1915174738417231,0.06030269178960651,0,0,1,0,True,2,2,1.0,,"{""profile_name"": ""extreme_d04"", ""map_seed"": 20500620, ""query_seed"": 20501621}"
extreme_s04_q0081,voronoi_waypoint,Extreme,d12_16,True,True,0.6239413048606366,4,18.202203043314714,15.536045031075169,0.17161111511370497,0,0.23963183021195747,0.3093819906824713,0,0,0,0,False,,,,,"{""profile_name"": ""extreme_d04"", ""map_seed"": 20500620, ""query_seed"": 20501621, ""waypoint_count"": 3}"
extreme_s04_q0081,bottleneck_waypoint,Extreme,d12_16,True,True,0.6176955900155008,4,17.658755054890502,15.536045031075169,0.13663129963703713,0,0.13479679765873734,0.4529880212402393,0,0,0,0,False,,,,,"{""profile_name"": ""extreme_d04"", ""map_seed"": 20500620, ""query_seed"": 20501621, ""waypoint_count"": 3, ""bottleneck_count"": 3}"
extreme_s04_q0081,md_dqn,Extreme,d12_16,False,False,0.18246305384673178,600,3.3356250000000096,15.536045031075169,,0,0.36944151485178517,0.16383205855120342,0,0,0,0,False,,,,md_dqn_not_reached,"{""profile_name"": ""extreme_d04"", ""map_seed"": 20500620, ""query_seed"": 20501621, ""md_dqn_source_dir"": ""/home/ubuntu/DQN10/2_experiment"", ""md_dqn_checkpoint_path"": ""/home/ubuntu/DQN10/2_experiment/ugv_dqn/outputs/2026-05-12_train_load_external_demo_smoke/models/realmap_a/mlp-dqn.pt"", ""md_dqn_algo"": ""mlp-dqn"", ""md_dqn_device"": ""cpu"", ""md_dqn_max_steps"": 600, ""md_dqn_rollout_steps"": 600, ""md_dqn_reached"": false}"
extreme_s04_q0082,vanilla_ha,Extreme,d16_20,True,True,1.2611408233642578,1745,18.981273781965555,,,0,0.2626230400553213,0.09987437265053922,0,0,0,0,False,,,,,"{""profile_name"": ""extreme_d05"", ""map_seed"": 20500620, ""query_seed"": 20501622, ""evaluation_path_source"": ""trace_poses"", ""planner_path_pose_count"": 50, ""evaluation_path_pose_count"": 192}"
extreme_s04_q0082,f_n3p_knn,Extreme,d16_20,True,True,2.132801746018231,3098,18.981273781965555,18.981273781965555,0.0,0,0.2626230400553213,0.09987437265053922,0,4,1,1,True,0,0,,,"{""profile_name"": ""extreme_d05"", ""map_seed"": 20500620, ""query_seed"": 20501622}"
extreme_s04_q0082,n3p_k1,Extreme,d16_20,True,True,2.1314738001674414,3102,18.981273781965555,18.981273781965555,0.0,0,0.2626230400553213,0.09987437265053922,0,0,1,1,True,0,0,,,"{""profile_name"": ""extreme_d05"", ""map_seed"": 20500620, ""query_seed"": 20501622}"
extreme_s04_q0082,voronoi_waypoint,Extreme,d16_20,True,True,0.6358224470168352,22,21.141478385299077,18.981273781965555,0.1138071463563195,0,0.21466391515915326,0.08441791048983105,0,0,0,0,False,,,,,"{""profile_name"": ""extreme_d05"", ""map_seed"": 20500620, ""query_seed"": 20501622, ""waypoint_count"": 3}"
extreme_s04_q0082,bottleneck_waypoint,Extreme,d16_20,True,True,0.7619556211866438,5,19.748193612829166,18.981273781965555,0.04040402344295124,1,0.192415606057118,0.3759924139259614,0,0,0,0,False,,,,,"{""profile_name"": ""extreme_d05"", ""map_seed"": 20500620, ""query_seed"": 20501622, ""waypoint_count"": 4, ""bottleneck_count"": 4}"
extreme_s04_q0082,md_dqn,Extreme,d16_20,False,False,0.16386769129894674,443,1.6312499999999892,18.981273781965555,,1,0.09287970794416431,0.4466545545100462,0,0,0,0,False,,,,md_dqn_not_reached,"{""profile_name"": ""extreme_d05"", ""map_seed"": 20500620, ""query_seed"": 20501622, ""md_dqn_source_dir"": ""/home/ubuntu/DQN10/2_experiment"", ""md_dqn_checkpoint_path"": ""/home/ubuntu/DQN10/2_experiment/ugv_dqn/outputs/2026-05-12_train_load_external_demo_smoke/models/realmap_a/mlp-dqn.pt"", ""md_dqn_algo"": ""mlp-dqn"", ""md_dqn_device"": ""cpu"", ""md_dqn_max_steps"": 600, ""md_dqn_rollout_steps"": 443, ""md_dqn_reached"": false}"
extreme_s04_q0083,vanilla_ha,Extreme,d20_inf,False,False,2.500183582305908,3454,,,,0,,,0,0,0,0,False,,,,timeout,"{""profile_name"": ""extreme_d06"", ""map_seed"": 20500620, ""query_seed"": 20501623, ""evaluation_path_source"": ""planner_path"", ""planner_path_pose_count"": 0, ""evaluation_path_pose_count"": 0}"
extreme_s04_q0083,f_n3p_knn,Extreme,d20_inf,False,False,4.6679323830176145,6236,,,,0,,,0,4,1,1,True,1,1,1.0,f2_failed:prediction:timeout;goal:timeout;f3_failed:timeout,"{""profile_name"": ""extreme_d06"", ""map_seed"": 20500620, ""query_seed"": 20501623}"
extreme_s04_q0083,n3p_k1,Extreme,d20_inf,False,False,4.665847514057532,6355,,,,0,,,0,0,1,1,True,1,1,1.0,f2_failed:prediction:timeout;goal:timeout;f3_failed:timeout,"{""profile_name"": ""extreme_d06"", ""map_seed"": 20500620, ""query_seed"": 20501623}"
extreme_s04_q0083,voronoi_waypoint,Extreme,d20_inf,True,True,0.7498362089972943,5,25.1723580415072,,,0,0.1935787505014586,0.16592562854424986,0,0,0,0,False,,,,,"{""profile_name"": ""extreme_d06"", ""map_seed"": 20500620, ""query_seed"": 20501623, ""waypoint_count"": 4}"
extreme_s04_q0083,bottleneck_waypoint,Extreme,d20_inf,True,True,0.9149616749491543,38,26.011586697717675,,,2,0.19592046374945163,0.16279856139429572,0,0,0,0,False,,,,,"{""profile_name"": ""extreme_d06"", ""map_seed"": 20500620, ""query_seed"": 20501623, ""waypoint_count"": 5, ""bottleneck_count"": 5}"
extreme_s04_q0083,md_dqn,Extreme,d20_inf,False,False,0.17052610707469285,600,1.1249999999999503,,,0,0.8286550898949259,0.550596587641188,0,0,0,0,False,,,,md_dqn_not_reached,"{""profile_name"": ""extreme_d06"", ""map_seed"": 20500620, ""query_seed"": 20501623, ""md_dqn_source_dir"": ""/home/ubuntu/DQN10/2_experiment"", ""md_dqn_checkpoint_path"": ""/home/ubuntu/DQN10/2_experiment/ugv_dqn/outputs/2026-05-12_train_load_external_demo_smoke/models/realmap_a/mlp-dqn.pt"", ""md_dqn_algo"": ""mlp-dqn"", ""md_dqn_device"": ""cpu"", ""md_dqn_max_steps"": 600, ""md_dqn_rollout_steps"": 600, ""md_dqn_reached"": false}"
extreme_s04_q0084,vanilla_ha,Extreme,d08_12,True,True,0.7629313468933105,661,12.178445359153226,,,2,0.260350909764727,0.07276123378346067,0,0,0,0,False,,,,,"{""profile_name"": ""extreme_d07"", ""map_seed"": 20500620, ""query_seed"": 20501624, ""evaluation_path_source"": ""trace_poses"", ""planner_path_pose_count"": 41, ""evaluation_path_pose_count"": 125}"
extreme_s04_q0084,f_n3p_knn,Extreme,d08_12,True,True,0.9234247219283134,663,12.178445359153226,12.178445359153226,0.0,2,0.260350909764727,0.07276123378346067,0,0,0,1,True,2,2,1.0,,"{""profile_name"": ""extreme_d07"", ""map_seed"": 20500620, ""query_seed"": 20501624}"
extreme_s04_q0084,n3p_k1,Extreme,d08_12,True,True,0.9223203351721168,663,12.178445359153226,12.178445359153226,0.0,2,0.260350909764727,0.07276123378346067,0,0,0,1,True,2,2,1.0,,"{""profile_name"": ""extreme_d07"", ""map_seed"": 20500620, ""query_seed"": 20501624}"
extreme_s04_q0084,voronoi_waypoint,Extreme,d08_12,True,True,0.5937322450336069,144,13.924431777938711,12.178445359153226,0.14336693783933718,4,0.3649039553890719,0.07457477796600764,0,0,0,0,False,,,,,"{""profile_name"": ""extreme_d07"", ""map_seed"": 20500620, ""query_seed"": 20501624, ""waypoint_count"": 2}"
extreme_s04_q0084,bottleneck_waypoint,Extreme,d08_12,True,True,0.6012134451884776,142,13.400125856531332,12.178445359153226,0.10031497956838153,4,0.3867240810608353,0.0962292410326605,0,0,0,0,False,,,,,"{""profile_name"": ""extreme_d07"", ""map_seed"": 20500620, ""query_seed"": 20501624, ""waypoint_count"": 2, ""bottleneck_count"": 2}"
extreme_s04_q0084,md_dqn,Extreme,d08_12,False,False,0.001458511920645833,1,0.003749999999998273,12.178445359153226,,0,0.08734630124019083,0.20082226255551416,0,0,0,0,False,,,,md_dqn_not_reached,"{""profile_name"": ""extreme_d07"", ""map_seed"": 20500620, ""query_seed"": 20501624, ""md_dqn_source_dir"": ""/home/ubuntu/DQN10/2_experiment"", ""md_dqn_checkpoint_path"": ""/home/ubuntu/DQN10/2_experiment/ugv_dqn/outputs/2026-05-12_train_load_external_demo_smoke/models/realmap_a/mlp-dqn.pt"", ""md_dqn_algo"": ""mlp-dqn"", ""md_dqn_device"": ""cpu"", ""md_dqn_max_steps"": 600, ""md_dqn_rollout_steps"": 1, ""md_dqn_reached"": false}"
extreme_s04_q0085,vanilla_ha,Extreme,d12_16,True,True,1.5557713508605957,1997,13.464911010320955,,,0,0.3098744257519541,0.07779164938814775,0,0,0,0,False,,,,,"{""profile_name"": ""extreme_d03"", ""map_seed"": 20500621, ""query_seed"": 20501621, ""evaluation_path_source"": ""trace_poses"", ""planner_path_pose_count"": 42, ""evaluation_path_pose_count"": 137}"
extreme_s04_q0085,f_n3p_knn,Extreme,d12_16,True,True,0.1566566820256412,1,13.090950708862572,13.464911010320955,-0.02777295009018188,0,0.02711570095870573,0.08532454300049341,0,2,0,0,True,0,1,0.0,,"{""profile_name"": ""extreme_d03"", ""map_seed"": 20500621, ""query_seed"": 20501621}"
extreme_s04_q0085,n3p_k1,Extreme,d12_16,True,True,2.4304174850694835,3301,13.464911010320955,13.464911010320955,0.0,0,0.3098744257519541,0.07779164938814775,0,0,1,1,True,0,0,,,"{""profile_name"": ""extreme_d03"", ""map_seed"": 20500621, ""query_seed"": 20501621}"
extreme_s04_q0085,voronoi_waypoint,Extreme,d12_16,True,True,0.47268210677430034,3,14.87575068058363,13.464911010320955,0.10477898213967074,0,0.21052938110786773,0.21857564769994609,0,0,0,0,False,,,,,"{""profile_name"": ""extreme_d03"", ""map_seed"": 20500621, ""query_seed"": 20501621, ""waypoint_count"": 2}"
extreme_s04_q0085,bottleneck_waypoint,Extreme,d12_16,True,True,0.47591879195533693,3,14.73756302222698,13.464911010320955,0.09451618439442533,0,0.26356819946657384,0.2690537169329966,0,0,0,0,False,,,,,"{""profile_name"": ""extreme_d03"", ""map_seed"": 20500621, ""query_seed"": 20501621, ""waypoint_count"": 2, ""bottleneck_count"": 2}"
extreme_s04_q0085,md_dqn,Extreme,d12_16,False,False,0.16902744909748435,600,1.1250000000000038,13.464911010320955,,0,0.8385645564237231,2.2736736646968905,0,0,0,0,False,,,,md_dqn_not_reached,"{""profile_name"": ""extreme_d03"", ""map_seed"": 20500621, ""query_seed"": 20501621, ""md_dqn_source_dir"": ""/home/ubuntu/DQN10/2_experiment"", ""md_dqn_checkpoint_path"": ""/home/ubuntu/DQN10/2_experiment/ugv_dqn/outputs/2026-05-12_train_load_external_demo_smoke/models/realmap_a/mlp-dqn.pt"", ""md_dqn_algo"": ""mlp-dqn"", ""md_dqn_device"": ""cpu"", ""md_dqn_max_steps"": 600, ""md_dqn_rollout_steps"": 600, ""md_dqn_reached"": false}"
extreme_s04_q0086,vanilla_ha,Extreme,d16_20,True,True,0.2558739185333252,169,16.65568661520449,,,0,0.19311903900116056,0.058604957189266504,0,0,0,0,False,,,,,"{""profile_name"": ""extreme_d04"", ""map_seed"": 20500621, ""query_seed"": 20501622, ""evaluation_path_source"": ""trace_poses"", ""planner_path_pose_count"": 46, ""evaluation_path_pose_count"": 169}"
extreme_s04_q0086,f_n3p_knn,Extreme,d16_20,True,True,0.3857276060152799,96,16.691653871778065,16.65568661520449,0.002159458052046981,0,0.31877284437681264,0.058604957189266504,0,8,2,0,True,0,0,,,"{""profile_name"": ""extreme_d04"", ""map_seed"": 20500621, ""query_seed"": 20501622}"
extreme_s04_q0086,n3p_k1,Extreme,d16_20,True,True,0.3847405470442027,96,16.691653871778065,16.65568661520449,0.002159458052046981,0,0.31877284437681264,0.058604957189266504,0,0,2,0,True,0,0,,,"{""profile_name"": ""extreme_d04"", ""map_seed"": 20500621, ""query_seed"": 20501622}"
extreme_s04_q0086,voronoi_waypoint,Extreme,d16_20,True,True,0.6242921880912036,4,20.81719341741308,16.65568661520449,0.2498550133868196,4,0.3350284996622906,0.06689215491851552,0,0,0,0,False,,,,,"{""profile_name"": ""extreme_d04"", ""map_seed"": 20500621, ""query_seed"": 20501622, ""waypoint_count"": 3}"
extreme_s04_q0086,bottleneck_waypoint,Extreme,d16_20,True,True,0.6248038930352777,4,18.989241939930334,16.65568661520449,0.14010562149960304,4,0.4016352881668382,0.3082397608040853,0,0,0,0,False,,,,,"{""profile_name"": ""extreme_d04"", ""map_seed"": 20500621, ""query_seed"": 20501622, ""waypoint_count"": 3, ""bottleneck_count"": 3}"
extreme_s04_q0086,md_dqn,Extreme,d16_20,False,False,0.3613519149366766,600,27.826250000000048,16.65568661520449,,0,0.288328584881678,0.119995022803006,0,0,0,0,False,,,,md_dqn_not_reached,"{""profile_name"": ""extreme_d04"", ""map_seed"": 20500621, ""query_seed"": 20501622, ""md_dqn_source_dir"": ""/home/ubuntu/DQN10/2_experiment"", ""md_dqn_checkpoint_path"": ""/home/ubuntu/DQN10/2_experiment/ugv_dqn/outputs/2026-05-12_train_load_external_demo_smoke/models/realmap_a/mlp-dqn.pt"", ""md_dqn_algo"": ""mlp-dqn"", ""md_dqn_device"": ""cpu"", ""md_dqn_max_steps"": 600, ""md_dqn_rollout_steps"": 600, ""md_dqn_reached"": false}"
extreme_s04_q0087,vanilla_ha,Extreme,d20_inf,True,True,0.32629871368408203,281,25.856064126710447,,,0,0.2955052925482777,0.0697751817478448,0,0,0,0,False,,,,,"{""profile_name"": ""extreme_d05"", ""map_seed"": 20500621, ""query_seed"": 20501623, ""evaluation_path_source"": ""trace_poses"", ""planner_path_pose_count"": 71, ""evaluation_path_pose_count"": 262}"
extreme_s04_q0087,f_n3p_knn,Extreme,d20_inf,True,True,0.8066453039646149,45,28.18484260475769,25.856064126710447,0.09006701354988955,1,0.09250480737651832,0.08251519688576914,0,9,1,0,True,2,4,0.5,,"{""profile_name"": ""extreme_d05"", ""map_seed"": 20500621, ""query_seed"": 20501623}"
extreme_s04_q0087,n3p_k1,Extreme,d20_inf,True,True,0.7769925128668547,22,26.447932263093175,25.856064126710447,0.02289088290786312,2,0.14706040887211455,0.060866870913903026,0,0,2,0,True,3,3,1.0,,"{""profile_name"": ""extreme_d05"", ""map_seed"": 20500621, ""query_seed"": 20501623}"
extreme_s04_q0087,voronoi_waypoint,Extreme,d20_inf,True,True,0.9492302988655865,6,28.86902050875352,25.856064126710447,0.11652803641257048,2,0.2854459821132301,0.06121662563541097,0,0,0,0,False,,,,,"{""profile_name"": ""extreme_d05"", ""map_seed"": 20500621, ""query_seed"": 20501623, ""waypoint_count"": 5}"
extreme_s04_q0087,bottleneck_waypoint,Extreme,d20_inf,True,True,0.823120477842167,5,26.369034310847688,25.856064126710447,0.019839453585177358,0,0.21450275644679764,0.12452387553687172,0,0,0,0,False,,,,,"{""profile_name"": ""extreme_d05"", ""map_seed"": 20500621, ""query_seed"": 20501623, ""waypoint_count"": 4, ""bottleneck_count"": 4}"
extreme_s04_q0087,md_dqn,Extreme,d20_inf,False,False,0.17003380716778338,600,1.1250000000011888,25.856064126710447,,0,0.0,0.8767492616771209,0,0,0,0,False,,,,md_dqn_not_reached,"{""profile_name"": ""extreme_d05"", ""map_seed"": 20500621, ""query_seed"": 20501623, ""md_dqn_source_dir"": ""/home/ubuntu/DQN10/2_experiment"", ""md_dqn_checkpoint_path"": ""/home/ubuntu/DQN10/2_experiment/ugv_dqn/outputs/2026-05-12_train_load_external_demo_smoke/models/realmap_a/mlp-dqn.pt"", ""md_dqn_algo"": ""mlp-dqn"", ""md_dqn_device"": ""cpu"", ""md_dqn_max_steps"": 600, ""md_dqn_rollout_steps"": 600, ""md_dqn_reached"": false}"
extreme_s04_q0088,vanilla_ha,Extreme,d08_12,True,True,0.1537778377532959,1,10.655045753069292,,,0,0.0,0.5509262177723955,0,0,0,0,False,,,,,"{""profile_name"": ""extreme_d06"", ""map_seed"": 20500621, ""query_seed"": 20501624, ""evaluation_path_source"": ""trace_poses"", ""planner_path_pose_count"": 2, ""evaluation_path_pose_count"": 108}"
extreme_s04_q0088,f_n3p_knn,Extreme,d08_12,True,True,0.0004718499258160591,0,10.655045753069293,10.655045753069292,2.220446049250313e-16,0,0.0,0.5509262177723949,0,0,0,0,False,0,0,,,"{""profile_name"": ""extreme_d06"", ""map_seed"": 20500621, ""query_seed"": 20501624}"
extreme_s04_q0088,n3p_k1,Extreme,d08_12,True,True,0.000466272933408618,0,10.655045753069293,10.655045753069292,2.220446049250313e-16,0,0.0,0.5509262177723949,0,0,0,0,False,0,0,,,"{""profile_name"": ""extreme_d06"", ""map_seed"": 20500621, ""query_seed"": 20501624}"
extreme_s04_q0088,voronoi_waypoint,Extreme,d08_12,True,True,0.3349163378588855,2,10.666873647656757,10.655045753069292,0.0011100745000609535,0,0.017908356877468713,0.45971387416208565,0,0,0,0,False,,,,,"{""profile_name"": ""extreme_d06"", ""map_seed"": 20500621, ""query_seed"": 20501624, ""waypoint_count"": 1}"
extreme_s04_q0088,bottleneck_waypoint,Extreme,d08_12,True,True,0.4775533708743751,3,11.021076176058788,10.655045753069292,0.034352778155275265,0,0.22540826539689604,0.9198787096737222,0,0,0,0,False,,,,,"{""profile_name"": ""extreme_d06"", ""map_seed"": 20500621, ""query_seed"": 20501624, ""waypoint_count"": 2, ""bottleneck_count"": 2}"
extreme_s04_q0088,md_dqn,Extreme,d08_12,False,False,0.30595714249648154,598,1.1999999999999917,10.655045753069292,,1,0.829939714432131,0.470019853276746,0,0,0,0,False,,,,md_dqn_not_reached,"{""profile_name"": ""extreme_d06"", ""map_seed"": 20500621, ""query_seed"": 20501624, ""md_dqn_source_dir"": ""/home/ubuntu/DQN10/2_experiment"", ""md_dqn_checkpoint_path"": ""/home/ubuntu/DQN10/2_experiment/ugv_dqn/outputs/2026-05-12_train_load_external_demo_smoke/models/realmap_a/mlp-dqn.pt"", ""md_dqn_algo"": ""mlp-dqn"", ""md_dqn_device"": ""cpu"", ""md_dqn_max_steps"": 600, ""md_dqn_rollout_steps"": 598, ""md_dqn_reached"": false}"
extreme_s04_q0089,vanilla_ha,Extreme,d12_16,True,True,0.14457321166992188,1,12.614673994994874,,,0,0.0,0.1487212427960406,0,0,0,0,False,,,,,"{""profile_name"": ""extreme_d07"", ""map_seed"": 20500621, ""query_seed"": 20501625, ""evaluation_path_source"": ""trace_poses"", ""planner_path_pose_count"": 2, ""evaluation_path_pose_count"": 128}"
extreme_s04_q0089,f_n3p_knn,Extreme,d12_16,True,True,0.0005544249434024096,0,12.614673994994877,12.614673994994874,2.220446049250313e-16,0,1.760208825159746e-17,0.1487212427960406,0,0,0,0,False,0,0,,,"{""profile_name"": ""extreme_d07"", ""map_seed"": 20500621, ""query_seed"": 20501625}"
extreme_s04_q0089,n3p_k1,Extreme,d12_16,True,True,0.000527992146089673,0,12.614673994994877,12.614673994994874,2.220446049250313e-16,0,1.760208825159746e-17,0.1487212427960406,0,0,0,0,False,0,0,,,"{""profile_name"": ""extreme_d07"", ""map_seed"": 20500621, ""query_seed"": 20501625}"
extreme_s04_q0089,voronoi_waypoint,Extreme,d12_16,True,True,0.4727893047966063,3,13.15541536232663,12.614673994994874,0.0428660596021988,0,0.22359935804644845,0.2597424325247981,0,0,0,0,False,,,,,"{""profile_name"": ""extreme_d07"", ""map_seed"": 20500621, ""query_seed"": 20501625, ""waypoint_count"": 2}"
extreme_s04_q0089,bottleneck_waypoint,Extreme,d12_16,True,True,0.47400930896401405,3,12.936429470105127,12.614673994994874,0.025506443942817425,0,0.15903055597500954,0.35411478755348247,0,0,0,0,False,,,,,"{""profile_name"": ""extreme_d07"", ""map_seed"": 20500621, ""query_seed"": 20501625, ""waypoint_count"": 2, ""bottleneck_count"": 2}"
extreme_s04_q0089,md_dqn,Extreme,d12_16,False,False,0.17002474167384207,600,1.1249999999999818,12.614673994994874,,0,0.8385645564237397,1.168734064105788,0,0,0,0,False,,,,md_dqn_not_reached,"{""profile_name"": ""extreme_d07"", ""map_seed"": 20500621, ""query_seed"": 20501625, ""md_dqn_source_dir"": ""/home/ubuntu/DQN10/2_experiment"", ""md_dqn_checkpoint_path"": ""/home/ubuntu/DQN10/2_experiment/ugv_dqn/outputs/2026-05-12_train_load_external_demo_smoke/models/realmap_a/mlp-dqn.pt"", ""md_dqn_algo"": ""mlp-dqn"", ""md_dqn_device"": ""cpu"", ""md_dqn_max_steps"": 600, ""md_dqn_rollout_steps"": 600, ""md_dqn_reached"": false}"
extreme_s04_q0090,vanilla_ha,Extreme,d16_20,True,True,2.1313657760620117,2571,19.156659809617572,,,0,0.24243438914579182,0.061547451433430544,0,0,0,0,False,,,,,"{""profile_name"": ""extreme_d03"", ""map_seed"": 20500622, ""query_seed"": 20501622, ""evaluation_path_source"": ""trace_poses"", ""planner_path_pose_count"": 57, ""evaluation_path_pose_count"": 194}"
extreme_s04_q0090,f_n3p_knn,Extreme,d16_20,True,True,0.45793864014558494,3,20.498801099018827,19.156659809617572,0.07006134173387757,0,0.16611400548249874,0.051129892954392187,0,1,0,0,True,2,3,0.6666666666666666,,"{""profile_name"": ""extreme_d03"", ""map_seed"": 20500622, ""query_seed"": 20501622}"
extreme_s04_q0090,n3p_k1,Extreme,d16_20,True,True,3.1559935950208455,3595,19.156659809617572,19.156659809617572,0.0,0,0.24243438914579182,0.061547451433430544,0,0,1,1,True,1,1,1.0,,"{""profile_name"": ""extreme_d03"", ""map_seed"": 20500622, ""query_seed"": 20501622}"
extreme_s04_q0090,voronoi_waypoint,Extreme,d16_20,True,True,0.6181447110138834,4,22.030533446180744,19.156659809617572,0.15001955795656752,0,0.2967934164534721,0.10491489864983905,0,0,0,0,False,,,,,"{""profile_name"": ""extreme_d03"", ""map_seed"": 20500622, ""query_seed"": 20501622, ""waypoint_count"": 3}"
extreme_s04_q0090,bottleneck_waypoint,Extreme,d16_20,True,True,0.4867607469204813,3,20.982153081041794,19.156659809617572,0.09529287932062847,0,0.14145732782753606,0.129745418609983,0,0,0,0,False,,,,,"{""profile_name"": ""extreme_d03"", ""map_seed"": 20500622, ""query_seed"": 20501622, ""waypoint_count"": 2, ""bottleneck_count"": 2}"
extreme_s04_q0090,md_dqn,Extreme,d16_20,False,False,0.30204882635734975,479,2.4093749999999874,19.156659809617572,,2,0.6451115890317789,0.22934719856706287,0,0,0,0,False,,,,md_dqn_not_reached,"{""profile_name"": ""extreme_d03"", ""map_seed"": 20500622, ""query_seed"": 20501622, ""md_dqn_source_dir"": ""/home/ubuntu/DQN10/2_experiment"", ""md_dqn_checkpoint_path"": ""/home/ubuntu/DQN10/2_experiment/ugv_dqn/outputs/2026-05-12_train_load_external_demo_smoke/models/realmap_a/mlp-dqn.pt"", ""md_dqn_algo"": ""mlp-dqn"", ""md_dqn_device"": ""cpu"", ""md_dqn_max_steps"": 600, ""md_dqn_rollout_steps"": 479, ""md_dqn_reached"": false}"
extreme_s04_q0091,vanilla_ha,Extreme,d20_inf,True,True,0.5996153354644775,857,26.605204605904994,,,0,0.29326251758755667,0.07184086093292408,0,0,0,0,False,,,,,"{""profile_name"": ""extreme_d04"", ""map_seed"": 20500622, ""query_seed"": 20501623, ""evaluation_path_source"": ""trace_poses"", ""planner_path_pose_count"": 76, ""evaluation_path_pose_count"": 269}"
extreme_s04_q0091,f_n3p_knn,Extreme,d20_inf,True,True,0.802465652115643,507,26.66148041202809,26.605204605904994,0.002115217941628167,0,0.39837015409828275,0.06574193010542295,0,8,1,0,True,1,2,0.5,,"{""profile_name"": ""extreme_d04"", ""map_seed"": 20500622, ""query_seed"": 20501623}"
extreme_s04_q0091,n3p_k1,Extreme,d20_inf,True,True,0.6160641140304506,247,26.54162078772866,26.605204605904994,-0.0023899014917637684,0,0.11144010841454492,0.05768503942244774,0,0,2,0,True,1,1,1.0,,"{""profile_name"": ""extreme_d04"", ""map_seed"": 20500622, ""query_seed"": 20501623}"
extreme_s04_q0091,voronoi_waypoint,Extreme,d20_inf,True,True,0.9814581021200866,104,28.12761660335399,26.605204605904994,0.05722233750877059,0,0.32996384110821947,0.07433068853487856,0,0,0,0,False,,,,,"{""profile_name"": ""extreme_d04"", ""map_seed"": 20500622, ""query_seed"": 20501623, ""waypoint_count"": 5}"
extreme_s04_q0091,bottleneck_waypoint,Extreme,d20_inf,True,True,1.1121223280206323,7,27.756436579070602,26.605204605904994,0.04327093101588453,2,0.3320663515167711,0.1293034395013909,0,0,0,0,False,,,,,"{""profile_name"": ""extreme_d04"", ""map_seed"": 20500622, ""query_seed"": 20501623, ""waypoint_count"": 6, ""bottleneck_count"": 6}"
extreme_s04_q0091,md_dqn,Extreme,d20_inf,False,False,0.46320035331882536,285,1.8750000000000024,26.605204605904994,,6,0.5335244914546788,0.07485448419451068,0,0,0,0,False,,,,md_dqn_not_reached,"{""profile_name"": ""extreme_d04"", ""map_seed"": 20500622, ""query_seed"": 20501623, ""md_dqn_source_dir"": ""/home/ubuntu/DQN10/2_experiment"", ""md_dqn_checkpoint_path"": ""/home/ubuntu/DQN10/2_experiment/ugv_dqn/outputs/2026-05-12_train_load_external_demo_smoke/models/realmap_a/mlp-dqn.pt"", ""md_dqn_algo"": ""mlp-dqn"", ""md_dqn_device"": ""cpu"", ""md_dqn_max_steps"": 600, ""md_dqn_rollout_steps"": 285, ""md_dqn_reached"": false}"
extreme_s04_q0092,vanilla_ha,Extreme,d08_12,True,True,0.7330327033996582,649,8.59623517614656,,,0,0.32615145134857765,0.2173902506485027,0,0,0,0,False,,,,,"{""profile_name"": ""extreme_d05"", ""map_seed"": 20500622, ""query_seed"": 20501624, ""evaluation_path_source"": ""trace_poses"", ""planner_path_pose_count"": 23, ""evaluation_path_pose_count"": 89}"
extreme_s04_q0092,f_n3p_knn,Extreme,d08_12,True,True,0.32591152796521783,2,8.527686728480658,8.59623517614656,-0.007974240613625283,2,0.19531628853408756,0.2553404500997649,0,0,0,0,False,2,2,1.0,,"{""profile_name"": ""extreme_d05"", ""map_seed"": 20500622, ""query_seed"": 20501624}"
extreme_s04_q0092,n3p_k1,Extreme,d08_12,True,True,0.32416398893110454,2,8.527686728480658,8.59623517614656,-0.007974240613625283,2,0.19531628853408756,0.2553404500997649,0,0,0,0,False,2,2,1.0,,"{""profile_name"": ""extreme_d05"", ""map_seed"": 20500622, ""query_seed"": 20501624}"
extreme_s04_q0092,voronoi_waypoint,Extreme,d08_12,True,True,0.35445599001832306,2,9.249651791502533,8.59623517614656,0.07601195197277977,0,0.3975478287352697,0.3281599922386831,0,0,0,0,False,,,,,"{""profile_name"": ""extreme_d05"", ""map_seed"": 20500622, ""query_seed"": 20501624, ""waypoint_count"": 1}"
extreme_s04_q0092,bottleneck_waypoint,Extreme,d08_12,True,True,0.5278594889678061,245,8.941878612355376,8.59623517614656,0.040208699404587156,0,0.4146375788795644,0.09326192246971265,0,0,0,0,False,,,,,"{""profile_name"": ""extreme_d05"", ""map_seed"": 20500622, ""query_seed"": 20501624, ""waypoint_count"": 1, ""bottleneck_count"": 1}"
extreme_s04_q0092,md_dqn,Extreme,d08_12,False,False,0.16980460286140442,600,1.1249999999999978,8.59623517614656,,0,0.8286550898948915,0.25011913790870444,0,0,0,0,False,,,,md_dqn_not_reached,"{""profile_name"": ""extreme_d05"", ""map_seed"": 20500622, ""query_seed"": 20501624, ""md_dqn_source_dir"": ""/home/ubuntu/DQN10/2_experiment"", ""md_dqn_checkpoint_path"": ""/home/ubuntu/DQN10/2_experiment/ugv_dqn/outputs/2026-05-12_train_load_external_demo_smoke/models/realmap_a/mlp-dqn.pt"", ""md_dqn_algo"": ""mlp-dqn"", ""md_dqn_device"": ""cpu"", ""md_dqn_max_steps"": 600, ""md_dqn_rollout_steps"": 600, ""md_dqn_reached"": false}"
extreme_s04_q0093,vanilla_ha,Extreme,d12_16,True,True,0.16025781631469727,9,14.817302159200938,,,0,0.13848055846920945,0.393783292667679,0,0,0,0,False,,,,,"{""profile_name"": ""extreme_d06"", ""map_seed"": 20500622, ""query_seed"": 20501625, ""evaluation_path_source"": ""trace_poses"", ""planner_path_pose_count"": 11, ""evaluation_path_pose_count"": 150}"
extreme_s04_q0093,f_n3p_knn,Extreme,d12_16,True,True,0.16784615605138242,1,14.6955836206981,14.817302159200938,-0.008214622148827289,0,0.07920282142940814,0.13071119057937908,0,3,0,0,True,0,1,0.0,,"{""profile_name"": ""extreme_d06"", ""map_seed"": 20500622, ""query_seed"": 20501625}"
extreme_s04_q0093,n3p_k1,Extreme,d12_16,True,True,0.17216236190870404,7,14.743674968507513,14.817302159200938,-0.004969001097659742,0,0.171676234667535,0.25220619331858163,0,0,1,0,True,0,0,,,"{""profile_name"": ""extreme_d06"", ""map_seed"": 20500622, ""query_seed"": 20501625}"
extreme_s04_q0093,voronoi_waypoint,Extreme,d12_16,True,True,0.5157753461971879,12,14.644912257120767,14.817302159200938,-0.011634365030014915,0,0.16891302622911972,0.1832908781860383,0,0,0,0,False,,,,,"{""profile_name"": ""extreme_d06"", ""map_seed"": 20500622, ""query_seed"": 20501625, ""waypoint_count"": 2}"
extreme_s04_q0093,bottleneck_waypoint,Extreme,d12_16,True,True,0.6625174540095031,4,14.927117164908239,14.817302159200938,0.0074112685647778065,0,0.23404242264579564,0.3093467980443194,0,0,0,0,False,,,,,"{""profile_name"": ""extreme_d06"", ""map_seed"": 20500622, ""query_seed"": 20501625, ""waypoint_count"": 3, ""bottleneck_count"": 3}"
extreme_s04_q0093,md_dqn,Extreme,d12_16,False,False,0.32073133275844157,564,1.1043750000003236,14.817302159200938,,1,0.036923707909930374,0.4285320765703513,0,0,0,0,False,,,,md_dqn_not_reached,"{""profile_name"": ""extreme_d06"", ""map_seed"": 20500622, ""query_seed"": 20501625, ""md_dqn_source_dir"": ""/home/ubuntu/DQN10/2_experiment"", ""md_dqn_checkpoint_path"": ""/home/ubuntu/DQN10/2_experiment/ugv_dqn/outputs/2026-05-12_train_load_external_demo_smoke/models/realmap_a/mlp-dqn.pt"", ""md_dqn_algo"": ""mlp-dqn"", ""md_dqn_device"": ""cpu"", ""md_dqn_max_steps"": 600, ""md_dqn_rollout_steps"": 564, ""md_dqn_reached"": false}"
extreme_s04_q0094,vanilla_ha,Extreme,d16_20,True,True,1.519334316253662,2153,18.479761573911635,,,0,0.10138911767615631,0.150835795894657,0,0,0,0,False,,,,,"{""profile_name"": ""extreme_d07"", ""map_seed"": 20500622, ""query_seed"": 20501626, ""evaluation_path_source"": ""trace_poses"", ""planner_path_pose_count"": 22, ""evaluation_path_pose_count"": 187}"
extreme_s04_q0094,f_n3p_knn,Extreme,d16_20,True,True,0.4980712719261646,17,20.900269533110134,18.479761573911635,0.1309815578257023,4,0.13949707090409016,0.08282180484327295,0,9,1,0,True,0,2,0.0,,"{""profile_name"": ""extreme_d07"", ""map_seed"": 20500622, ""query_seed"": 20501626}"
extreme_s04_q0094,n3p_k1,Extreme,d16_20,True,True,2.391676078783348,3482,18.479761573911635,18.479761573911635,0.0,0,0.10138911767615631,0.150835795894657,0,0,1,1,True,0,0,,,"{""profile_name"": ""extreme_d07"", ""map_seed"": 20500622, ""query_seed"": 20501626}"
extreme_s04_q0094,voronoi_waypoint,Extreme,d16_20,True,True,0.6677343440242112,7,18.821261502061237,18.479761573911635,0.018479671763282246,0,0.14629931418610811,0.09131579741151152,0,0,0,0,False,,,,,"{""profile_name"": ""extreme_d07"", ""map_seed"": 20500622, ""query_seed"": 20501626, ""waypoint_count"": 3}"
extreme_s04_q0094,bottleneck_waypoint,Extreme,d16_20,True,True,0.6660278169438243,4,18.766428557851846,18.479761573911635,0.015512482820390305,0,0.16586802554481117,0.23773585643129214,0,0,0,0,False,,,,,"{""profile_name"": ""extreme_d07"", ""map_seed"": 20500622, ""query_seed"": 20501626, ""waypoint_count"": 3, ""bottleneck_count"": 3}"
extreme_s04_q0094,md_dqn,Extreme,d16_20,False,False,0.4431786588393152,588,2.9943749999994207,18.479761573911635,,1,0.33080269048966204,0.13833556073224573,0,0,0,0,False,,,,md_dqn_not_reached,"{""profile_name"": ""extreme_d07"", ""map_seed"": 20500622, ""query_seed"": 20501626, ""md_dqn_source_dir"": ""/home/ubuntu/DQN10/2_experiment"", ""md_dqn_checkpoint_path"": ""/home/ubuntu/DQN10/2_experiment/ugv_dqn/outputs/2026-05-12_train_load_external_demo_smoke/models/realmap_a/mlp-dqn.pt"", ""md_dqn_algo"": ""mlp-dqn"", ""md_dqn_device"": ""cpu"", ""md_dqn_max_steps"": 600, ""md_dqn_rollout_steps"": 588, ""md_dqn_reached"": false}"
extreme_s04_q0095,vanilla_ha,Extreme,d20_inf,True,True,0.21746444702148438,145,25.455020617997718,,,0,0.13375938682050068,0.08758889588330065,0,0,0,0,False,,,,,"{""profile_name"": ""extreme_d03"", ""map_seed"": 20500623, ""query_seed"": 20501623, ""evaluation_path_source"": ""trace_poses"", ""planner_path_pose_count"": 35, ""evaluation_path_pose_count"": 257}"
extreme_s04_q0095,f_n3p_knn,Extreme,d20_inf,True,True,0.35916328709572554,37,25.221876749498158,25.455020617997718,-0.00915905243206594,0,0.07652536436434924,0.1465618608897552,0,4,1,0,True,1,1,1.0,,"{""profile_name"": ""extreme_d03"", ""map_seed"": 20500623, ""query_seed"": 20501623}"
extreme_s04_q0095,n3p_k1,Extreme,d20_inf,True,True,0.3585932720452547,37,25.221876749498158,25.455020617997718,-0.00915905243206594,0,0.07652536436434924,0.1465618608897552,0,0,1,0,True,1,1,1.0,,"{""profile_name"": ""extreme_d03"", ""map_seed"": 20500623, ""query_seed"": 20501623}"
extreme_s04_q0095,voronoi_waypoint,Extreme,d20_inf,True,True,0.9742165321949869,6,28.89223431517831,25.455020617997718,0.13503087460673058,2,0.2558788410920111,0.44804733587681356,0,0,0,0,False,,,,,"{""profile_name"": ""extreme_d03"", ""map_seed"": 20500623, ""query_seed"": 20501623, ""waypoint_count"": 5}"
extreme_s04_q0095,bottleneck_waypoint,Extreme,d20_inf,True,True,0.8267383398488164,5,28.000361870789757,25.455020617997718,0.0999936826211949,0,0.17959954100210593,0.19392849619687058,0,0,0,0,False,,,,,"{""profile_name"": ""extreme_d03"", ""map_seed"": 20500623, ""query_seed"": 20501623, ""waypoint_count"": 4, ""bottleneck_count"": 4}"
extreme_s04_q0095,md_dqn,Extreme,d20_inf,False,False,0.17445558891631663,600,1.1250000000001859,25.455020617997718,,0,0.0,1.3372837368778794,0,0,0,0,False,,,,md_dqn_not_reached,"{""profile_name"": ""extreme_d03"", ""map_seed"": 20500623, ""query_seed"": 20501623, ""md_dqn_source_dir"": ""/home/ubuntu/DQN10/2_experiment"", ""md_dqn_checkpoint_path"": ""/home/ubuntu/DQN10/2_experiment/ugv_dqn/outputs/2026-05-12_train_load_external_demo_smoke/models/realmap_a/mlp-dqn.pt"", ""md_dqn_algo"": ""mlp-dqn"", ""md_dqn_device"": ""cpu"", ""md_dqn_max_steps"": 600, ""md_dqn_rollout_steps"": 600, ""md_dqn_reached"": false}"
extreme_s04_q0096,vanilla_ha,Extreme,d08_12,True,True,0.5701155662536621,613,9.275070373430044,,,0,0.3184037155817614,0.06234437124077097,0,0,0,0,False,,,,,"{""profile_name"": ""extreme_d04"", ""map_seed"": 20500623, ""query_seed"": 20501624, ""evaluation_path_source"": ""trace_poses"", ""planner_path_pose_count"": 20, ""evaluation_path_pose_count"": 95}"
extreme_s04_q0096,f_n3p_knn,Extreme,d08_12,True,True,0.6522586708888412,12,12.056474619472727,9.275070373430044,0.29987958409571425,6,0.43933134771263344,0.07345004160273194,0,7,1,0,True,2,3,0.6666666666666666,,"{""profile_name"": ""extreme_d04"", ""map_seed"": 20500623, ""query_seed"": 20501624}"
extreme_s04_q0096,n3p_k1,Extreme,d08_12,True,True,0.6530382840428501,12,10.50046970266847,9.275070373430044,0.13211752363074059,7,0.3524597077587577,0.07269580650257601,0,0,2,0,True,2,2,1.0,,"{""profile_name"": ""extreme_d04"", ""map_seed"": 20500623, ""query_seed"": 20501624}"
extreme_s04_q0096,voronoi_waypoint,Extreme,d08_12,True,True,0.44169976003468037,100,10.639125384678673,9.275070373430044,0.1470668098817005,2,0.258652798765335,0.05866590659184023,0,0,0,0,False,,,,,"{""profile_name"": ""extreme_d04"", ""map_seed"": 20500623, ""query_seed"": 20501624, ""waypoint_count"": 1}"
extreme_s04_q0096,bottleneck_waypoint,Extreme,d08_12,True,True,0.5069731890689582,3,10.121197271954163,9.275070373430044,0.09122592761646175,2,0.42354057925547584,0.06296938791913143,0,0,0,0,False,,,,,"{""profile_name"": ""extreme_d04"", ""map_seed"": 20500623, ""query_seed"": 20501624, ""waypoint_count"": 2, ""bottleneck_count"": 2}"
extreme_s04_q0096,md_dqn,Extreme,d08_12,False,False,0.2297054873779416,208,11.659999999999991,9.275070373430044,,1,0.3822912853273667,0.10124300424694976,0,0,0,0,False,,,,md_dqn_not_reached,"{""profile_name"": ""extreme_d04"", ""map_seed"": 20500623, ""query_seed"": 20501624, ""md_dqn_source_dir"": ""/home/ubuntu/DQN10/2_experiment"", ""md_dqn_checkpoint_path"": ""/home/ubuntu/DQN10/2_experiment/ugv_dqn/outputs/2026-05-12_train_load_external_demo_smoke/models/realmap_a/mlp-dqn.pt"", ""md_dqn_algo"": ""mlp-dqn"", ""md_dqn_device"": ""cpu"", ""md_dqn_max_steps"": 600, ""md_dqn_rollout_steps"": 208, ""md_dqn_reached"": false}"
extreme_s04_q0097,vanilla_ha,Extreme,d12_16,True,True,1.4921529293060303,1553,12.494206373433853,,,0,0.14889383898528435,0.08768388040092434,0,0,0,0,False,,,,,"{""profile_name"": ""extreme_d05"", ""map_seed"": 20500623, ""query_seed"": 20501625, ""evaluation_path_source"": ""trace_poses"", ""planner_path_pose_count"": 36, ""evaluation_path_pose_count"": 128}"
extreme_s04_q0097,f_n3p_knn,Extreme,d12_16,True,True,1.043802218977362,257,25.394812471615445,12.494206373433853,1.032527053948129,1,0.36564798374714363,0.08076493768761395,0,14,2,0,True,1,3,0.3333333333333333,,"{""profile_name"": ""extreme_d05"", ""map_seed"": 20500623, ""query_seed"": 20501625}"
extreme_s04_q0097,n3p_k1,Extreme,d12_16,True,True,0.346169576048851,32,13.801645929983067,12.494206373433853,0.10464366582972362,3,0.3478193453494677,0.066488744138537,0,0,2,0,True,0,0,,,"{""profile_name"": ""extreme_d05"", ""map_seed"": 20500623, ""query_seed"": 20501625}"
extreme_s04_q0097,voronoi_waypoint,Extreme,d12_16,True,True,0.5159564840141684,12,13.510614947647962,12.494206373433853,0.08135039104006436,0,0.36942695695880273,0.06704669751057402,0,0,0,0,False,,,,,"{""profile_name"": ""extreme_d05"", ""map_seed"": 20500623, ""query_seed"": 20501625, ""waypoint_count"": 2}"
extreme_s04_q0097,bottleneck_waypoint,Extreme,d12_16,True,True,0.5196541531477123,12,12.818321830526415,12.494206373433853,0.025941260085292184,0,0.28780992918453535,0.06759717008297961,0,0,0,0,False,,,,,"{""profile_name"": ""extreme_d05"", ""map_seed"": 20500623, ""query_seed"": 20501625, ""waypoint_count"": 2, ""bottleneck_count"": 2}"
extreme_s04_q0097,md_dqn,Extreme,d12_16,False,False,0.307845005299896,392,24.159374999999976,12.494206373433853,,1,0.26105450370947925,0.08235935665025129,0,0,0,0,False,,,,md_dqn_not_reached,"{""profile_name"": ""extreme_d05"", ""map_seed"": 20500623, ""query_seed"": 20501625, ""md_dqn_source_dir"": ""/home/ubuntu/DQN10/2_experiment"", ""md_dqn_checkpoint_path"": ""/home/ubuntu/DQN10/2_experiment/ugv_dqn/outputs/2026-05-12_train_load_external_demo_smoke/models/realmap_a/mlp-dqn.pt"", ""md_dqn_algo"": ""mlp-dqn"", ""md_dqn_device"": ""cpu"", ""md_dqn_max_steps"": 600, ""md_dqn_rollout_steps"": 392, ""md_dqn_reached"": false}"
extreme_s04_q0098,vanilla_ha,Extreme,d16_20,True,True,2.424988031387329,2770,18.6461168683283,,,0,0.14518455633447674,0.07824515214492545,0,0,0,0,False,,,,,"{""profile_name"": ""extreme_d06"", ""map_seed"": 20500623, ""query_seed"": 20501626, ""evaluation_path_source"": ""trace_poses"", ""planner_path_pose_count"": 53, ""evaluation_path_pose_count"": 189}"
extreme_s04_q0098,f_n3p_knn,Extreme,d16_20,True,True,0.3353496170602739,2,18.89877970310953,18.6461168683283,0.01355042642741311,0,0.07528822789895404,0.11918065079388407,0,1,0,0,True,1,2,0.5,,"{""profile_name"": ""extreme_d06"", ""map_seed"": 20500623, ""query_seed"": 20501626}"
extreme_s04_q0098,n3p_k1,Extreme,d16_20,True,True,0.5035317540168762,7,19.308488574923338,18.6461168683283,0.03552330553715022,0,0.13863486961246194,0.1270358492635203,0,0,1,0,True,2,2,1.0,,"{""profile_name"": ""extreme_d06"", ""map_seed"": 20500623, ""query_seed"": 20501626}"
extreme_s04_q0098,voronoi_waypoint,Extreme,d16_20,True,True,0.6697948779910803,4,19.65838408805521,18.6461168683283,0.05428836614482013,0,0.18731522590099095,0.6721330228746905,0,0,0,0,False,,,,,"{""profile_name"": ""extreme_d06"", ""map_seed"": 20500623, ""query_seed"": 20501626, ""waypoint_count"": 3}"
extreme_s04_q0098,bottleneck_waypoint,Extreme,d16_20,True,True,0.5178651199676096,3,19.016576248204707,18.6461168683283,0.019867910433708502,0,0.14845160579961938,0.8699776112599349,0,0,0,0,False,,,,,"{""profile_name"": ""extreme_d06"", ""map_seed"": 20500623, ""query_seed"": 20501626, ""waypoint_count"": 2, ""bottleneck_count"": 2}"
extreme_s04_q0098,md_dqn,Extreme,d16_20,False,False,0.16903760796412826,600,1.1250000000000102,18.6461168683283,,0,0.6009522240624836,0.9884225457122722,0,0,0,0,False,,,,md_dqn_not_reached,"{""profile_name"": ""extreme_d06"", ""map_seed"": 20500623, ""query_seed"": 20501626, ""md_dqn_source_dir"": ""/home/ubuntu/DQN10/2_experiment"", ""md_dqn_checkpoint_path"": ""/home/ubuntu/DQN10/2_experiment/ugv_dqn/outputs/2026-05-12_train_load_external_demo_smoke/models/realmap_a/mlp-dqn.pt"", ""md_dqn_algo"": ""mlp-dqn"", ""md_dqn_device"": ""cpu"", ""md_dqn_max_steps"": 600, ""md_dqn_rollout_steps"": 600, ""md_dqn_reached"": false}"
extreme_s04_q0099,vanilla_ha,Extreme,d20_inf,False,False,2.500120162963867,5608,,,,0,,,0,0,0,0,False,,,,timeout,"{""profile_name"": ""extreme_d07"", ""map_seed"": 20500623, ""query_seed"": 20501627, ""evaluation_path_source"": ""planner_path"", ""planner_path_pose_count"": 0, ""evaluation_path_pose_count"": 0}"
extreme_s04_q0099,f_n3p_knn,Extreme,d20_inf,False,False,3.676155366934836,7457,,,,0,,,0,6,1,1,True,0,1,0.0,f2_failed:prediction:goal_in_collision;goal:timeout;f3_failed:timeout,"{""profile_name"": ""extreme_d07"", ""map_seed"": 20500623, ""query_seed"": 20501627}"
extreme_s04_q0099,n3p_k1,Extreme,d20_inf,True,True,0.42355238809250295,100,23.403115392148784,,,0,0.13645949454525635,0.07356873903176775,0,0,2,0,True,0,0,,,"{""profile_name"": ""extreme_d07"", ""map_seed"": 20500623, ""query_seed"": 20501627}"
extreme_s04_q0099,voronoi_waypoint,Extreme,d20_inf,True,True,0.8202252148184925,5,25.5568501846413,,,0,0.24064654427960508,0.28565275496144815,0,0,0,0,False,,,,,"{""profile_name"": ""extreme_d07"", ""map_seed"": 20500623, ""query_seed"": 20501627, ""waypoint_count"": 4}"
extreme_s04_q0099,bottleneck_waypoint,Extreme,d20_inf,True,True,0.8217665757983923,5,25.295488454107545,,,0,0.25858510111659433,0.33597488828782374,0,0,0,0,False,,,,,"{""profile_name"": ""extreme_d07"", ""map_seed"": 20500623, ""query_seed"": 20501627, ""waypoint_count"": 4, ""bottleneck_count"": 4}"
extreme_s04_q0099,md_dqn,Extreme,d20_inf,False,False,0.1909364820457995,600,14.323124999999957,,,0,0.19770797725105058,0.10547876815545199,0,0,0,0,False,,,,md_dqn_not_reached,"{""profile_name"": ""extreme_d07"", ""map_seed"": 20500623, ""query_seed"": 20501627, ""md_dqn_source_dir"": ""/home/ubuntu/DQN10/2_experiment"", ""md_dqn_checkpoint_path"": ""/home/ubuntu/DQN10/2_experiment/ugv_dqn/outputs/2026-05-12_train_load_external_demo_smoke/models/realmap_a/mlp-dqn.pt"", ""md_dqn_algo"": ""mlp-dqn"", ""md_dqn_device"": ""cpu"", ""md_dqn_max_steps"": 600, ""md_dqn_rollout_steps"": 600, ""md_dqn_reached"": false}"
