query_id,method,difficulty_bucket,distance_bin_key,success,feasible,total_time_s,total_expansions,path_length_m,reference_path_length_m,path_inflation_ratio,direction_switches,mean_abs_curvature,min_clearance_m,collision_violation_count,fallback_f1_count,fallback_f2_count,fallback_f3_count,fallback_triggered,subgoal_reachable_count,subgoal_attempt_count,subgoal_reachability_rate,failure_reason,metadata
easy_s00_q0000,vanilla_ha,Easy,d08_12,True,True,0.1656816005706787,31,11.576111126078334,,,0,0.19227656650761007,0.25159669996508516,0,0,0,0,False,,,,,"{""profile_name"": ""easy_d00"", ""map_seed"": 20260620, ""query_seed"": 20261620, ""evaluation_path_source"": ""trace_poses"", ""planner_path_pose_count"": 19, ""evaluation_path_pose_count"": 118}"
easy_s00_q0000,f_n3p_knn,Easy,d08_12,True,True,0.010808763094246387,0,12.079222788455109,11.576111126078334,0.04346119840223195,0,0.13711760087083463,0.5566764354918532,0,1,0,0,True,0,1,0.0,,"{""profile_name"": ""easy_d00"", ""map_seed"": 20260620, ""query_seed"": 20261620}"
easy_s00_q0000,n3p_k1,Easy,d08_12,True,True,1.1745881100650877,964,11.576111126078334,11.576111126078334,0.0,0,0.19227656650761007,0.25159669996508516,0,0,1,0,True,0,0,,,"{""profile_name"": ""easy_d00"", ""map_seed"": 20260620, ""query_seed"": 20261620}"
easy_s00_q0000,voronoi_waypoint,Easy,d08_12,True,True,0.32866479898802936,2,12.117986323136629,11.576111126078334,0.04680977844429757,0,0.1448594879192679,0.8347427224643271,0,0,0,0,False,,,,,"{""profile_name"": ""easy_d00"", ""map_seed"": 20260620, ""query_seed"": 20261620, ""waypoint_count"": 1}"
easy_s00_q0000,bottleneck_waypoint,Easy,d08_12,True,True,0.3302678170148283,2,11.941244331718208,11.576111126078334,0.031541957541968646,0,0.13424551495701673,0.8347427224643271,0,0,0,0,False,,,,,"{""profile_name"": ""easy_d00"", ""map_seed"": 20260620, ""query_seed"": 20261620, ""waypoint_count"": 1, ""bottleneck_count"": 1}"
easy_s00_q0000,md_dqn,Easy,d08_12,False,False,0.16937190969474614,600,1.1250000000002907,11.576111126078334,,0,0.0,0.8347427224643271,0,0,0,0,False,,,,md_dqn_not_reached,"{""profile_name"": ""easy_d00"", ""map_seed"": 20260620, ""query_seed"": 20261620, ""md_dqn_source_dir"": ""/home/ubuntu/DQN10/2_experiment"", ""md_dqn_checkpoint_path"": ""/home/ubuntu/DQN10/2_experiment/ugv_dqn/outputs/2026-05-12_train_load_external_demo_smoke/models/realmap_a/mlp-dqn.pt"", ""md_dqn_algo"": ""mlp-dqn"", ""md_dqn_device"": ""cpu"", ""md_dqn_max_steps"": 600, ""md_dqn_rollout_steps"": 600, ""md_dqn_reached"": false}"
easy_s00_q0001,vanilla_ha,Easy,d12_16,True,True,0.1522369384765625,1,15.061540425866143,,,0,0.0,0.861672769705859,0,0,0,0,False,,,,,"{""profile_name"": ""easy_d01"", ""map_seed"": 20260620, ""query_seed"": 20261621, ""evaluation_path_source"": ""trace_poses"", ""planner_path_pose_count"": 2, ""evaluation_path_pose_count"": 152}"
easy_s00_q0001,f_n3p_knn,Easy,d12_16,True,True,0.0006423101294785738,0,15.061540425866143,15.061540425866143,0.0,0,0.0,0.861672769705859,0,0,0,0,False,0,0,,,"{""profile_name"": ""easy_d01"", ""map_seed"": 20260620, ""query_seed"": 20261621}"
easy_s00_q0001,n3p_k1,Easy,d12_16,True,True,0.0006094020791351795,0,15.061540425866143,15.061540425866143,0.0,0,0.0,0.861672769705859,0,0,0,0,False,0,0,,,"{""profile_name"": ""easy_d01"", ""map_seed"": 20260620, ""query_seed"": 20261621}"
easy_s00_q0001,voronoi_waypoint,Easy,d12_16,True,True,0.622787554981187,4,18.885563699584154,15.061540425866143,0.25389323838023703,1,0.34044084586578904,1.0544116690825727,0,0,0,0,False,,,,,"{""profile_name"": ""easy_d01"", ""map_seed"": 20260620, ""query_seed"": 20261621, ""waypoint_count"": 3}"
easy_s00_q0001,bottleneck_waypoint,Easy,d12_16,True,True,0.47887941100634634,3,17.343526703937304,15.061540425866143,0.15151081586264303,3,0.17839915668652795,1.1632628596288197,0,0,0,0,False,,,,,"{""profile_name"": ""easy_d01"", ""map_seed"": 20260620, ""query_seed"": 20261621, ""waypoint_count"": 2, ""bottleneck_count"": 2}"
easy_s00_q0001,md_dqn,Easy,d12_16,False,False,0.1677306320052594,600,1.1250000000008145,15.061540425866143,,0,0.0,1.2655902293161432,0,0,0,0,False,,,,md_dqn_not_reached,"{""profile_name"": ""easy_d01"", ""map_seed"": 20260620, ""query_seed"": 20261621, ""md_dqn_source_dir"": ""/home/ubuntu/DQN10/2_experiment"", ""md_dqn_checkpoint_path"": ""/home/ubuntu/DQN10/2_experiment/ugv_dqn/outputs/2026-05-12_train_load_external_demo_smoke/models/realmap_a/mlp-dqn.pt"", ""md_dqn_algo"": ""mlp-dqn"", ""md_dqn_device"": ""cpu"", ""md_dqn_max_steps"": 600, ""md_dqn_rollout_steps"": 600, ""md_dqn_reached"": false}"
easy_s00_q0002,vanilla_ha,Easy,d16_20,True,True,0.2861440181732178,187,19.524800568278042,,,0,0.2513550096521252,0.07723088464342776,0,0,0,0,False,,,,,"{""profile_name"": ""easy_d00"", ""map_seed"": 20260620, ""query_seed"": 20261622, ""evaluation_path_source"": ""trace_poses"", ""planner_path_pose_count"": 62, ""evaluation_path_pose_count"": 198}"
easy_s00_q0002,f_n3p_knn,Easy,d16_20,True,True,0.025633263867348433,0,21.64760139269577,19.524800568278042,0.10872330383064921,3,0.17025773309529538,0.1878965829005328,0,3,0,0,True,1,3,0.3333333333333333,,"{""profile_name"": ""easy_d00"", ""map_seed"": 20260620, ""query_seed"": 20261622}"
easy_s00_q0002,n3p_k1,Easy,d16_20,True,True,0.3458045080769807,62,20.721622266501136,19.524800568278042,0.06129751205590139,2,0.2131065848918852,0.11263683484992837,0,0,2,0,True,1,1,1.0,,"{""profile_name"": ""easy_d00"", ""map_seed"": 20260620, ""query_seed"": 20261622}"
easy_s00_q0002,voronoi_waypoint,Easy,d16_20,True,True,0.6129117170348763,4,21.533059156963482,19.524800568278042,0.10285680417900189,0,0.15036783485557825,0.4530459992906408,0,0,0,0,False,,,,,"{""profile_name"": ""easy_d00"", ""map_seed"": 20260620, ""query_seed"": 20261622, ""waypoint_count"": 3}"
easy_s00_q0002,bottleneck_waypoint,Easy,d16_20,True,True,0.6146423320751637,4,21.792039014852975,19.524800568278042,0.11612095286947599,0,0.23220718193561637,0.48799185294755754,0,0,0,0,False,,,,,"{""profile_name"": ""easy_d00"", ""map_seed"": 20260620, ""query_seed"": 20261622, ""waypoint_count"": 3, ""bottleneck_count"": 3}"
easy_s00_q0002,md_dqn,Easy,d16_20,False,False,0.16821883176453412,600,1.1249999999999767,19.524800568278042,,0,0.0,1.1919298495999673,0,0,0,0,False,,,,md_dqn_not_reached,"{""profile_name"": ""easy_d00"", ""map_seed"": 20260620, ""query_seed"": 20261622, ""md_dqn_source_dir"": ""/home/ubuntu/DQN10/2_experiment"", ""md_dqn_checkpoint_path"": ""/home/ubuntu/DQN10/2_experiment/ugv_dqn/outputs/2026-05-12_train_load_external_demo_smoke/models/realmap_a/mlp-dqn.pt"", ""md_dqn_algo"": ""mlp-dqn"", ""md_dqn_device"": ""cpu"", ""md_dqn_max_steps"": 600, ""md_dqn_rollout_steps"": 600, ""md_dqn_reached"": false}"
easy_s00_q0003,vanilla_ha,Easy,d20_inf,True,True,0.3872497081756592,313,26.935870314189383,,,0,0.2356017364419748,0.18108113998712927,0,0,0,0,False,,,,,"{""profile_name"": ""easy_d01"", ""map_seed"": 20260620, ""query_seed"": 20261623, ""evaluation_path_source"": ""trace_poses"", ""planner_path_pose_count"": 56, ""evaluation_path_pose_count"": 272}"
easy_s00_q0003,f_n3p_knn,Easy,d20_inf,True,True,0.026953900000080466,0,27.313411588313738,26.935870314189383,0.014016301300852074,2,0.13862378579322207,0.0824388507286975,0,2,0,0,True,3,4,0.75,,"{""profile_name"": ""easy_d01"", ""map_seed"": 20260620, ""query_seed"": 20261623}"
easy_s00_q0003,n3p_k1,Easy,d20_inf,True,True,0.22378559899516404,105,27.423246567902723,26.935870314189383,0.018093948627923018,2,0.11035273777551644,0.08354764833603445,0,0,1,0,True,2,2,1.0,,"{""profile_name"": ""easy_d01"", ""map_seed"": 20260620, ""query_seed"": 20261623}"
easy_s00_q0003,voronoi_waypoint,Easy,d20_inf,True,True,0.7733763959258795,5,26.568551395677385,26.935870314189383,-0.013636794142066422,0,0.14160964582407773,0.5657970511535388,0,0,0,0,False,,,,,"{""profile_name"": ""easy_d01"", ""map_seed"": 20260620, ""query_seed"": 20261623, ""waypoint_count"": 4}"
easy_s00_q0003,bottleneck_waypoint,Easy,d20_inf,True,True,1.3508220401126891,9,26.59930770388145,26.935870314189383,-0.012494959560695462,0,0.23839037826832818,0.7338239617748519,0,0,0,0,False,,,,,"{""profile_name"": ""easy_d01"", ""map_seed"": 20260620, ""query_seed"": 20261623, ""waypoint_count"": 8, ""bottleneck_count"": 8}"
easy_s00_q0003,md_dqn,Easy,d20_inf,False,False,0.16555562638677657,600,1.125000000000007,26.935870314189383,,0,0.8385645564237216,1.7538879981728472,0,0,0,0,False,,,,md_dqn_not_reached,"{""profile_name"": ""easy_d01"", ""map_seed"": 20260620, ""query_seed"": 20261623, ""md_dqn_source_dir"": ""/home/ubuntu/DQN10/2_experiment"", ""md_dqn_checkpoint_path"": ""/home/ubuntu/DQN10/2_experiment/ugv_dqn/outputs/2026-05-12_train_load_external_demo_smoke/models/realmap_a/mlp-dqn.pt"", ""md_dqn_algo"": ""mlp-dqn"", ""md_dqn_device"": ""cpu"", ""md_dqn_max_steps"": 600, ""md_dqn_rollout_steps"": 600, ""md_dqn_reached"": false}"
easy_s00_q0004,vanilla_ha,Easy,d08_12,True,True,0.29696130752563477,249,9.002376017285822,,,0,0.26659628473545904,0.1133120197909987,0,0,0,0,False,,,,,"{""profile_name"": ""easy_d00"", ""map_seed"": 20260620, ""query_seed"": 20261624, ""evaluation_path_source"": ""trace_poses"", ""planner_path_pose_count"": 17, ""evaluation_path_pose_count"": 93}"
easy_s00_q0004,f_n3p_knn,Easy,d08_12,True,True,0.010655838064849377,0,9.283760827629063,9.002376017285822,0.03125672709104155,0,0.17562520672560353,0.13835665966578092,0,5,0,0,True,0,1,0.0,,"{""profile_name"": ""easy_d00"", ""map_seed"": 20260620, ""query_seed"": 20261624}"
easy_s00_q0004,n3p_k1,Easy,d08_12,True,True,0.3024699978996068,249,9.002376017285822,9.002376017285822,0.0,0,0.266596284735459,0.1133120197909987,0,0,1,0,True,0,0,,,"{""profile_name"": ""easy_d00"", ""map_seed"": 20260620, ""query_seed"": 20261624}"
easy_s00_q0004,voronoi_waypoint,Easy,d08_12,True,True,0.40896946494467556,107,8.981734965537177,9.002376017285822,-0.002292844878842182,0,0.24439928424774016,0.09418966106065096,0,0,0,0,False,,,,,"{""profile_name"": ""easy_d00"", ""map_seed"": 20260620, ""query_seed"": 20261624, ""waypoint_count"": 1}"
easy_s00_q0004,bottleneck_waypoint,Easy,d08_12,True,True,0.471495479112491,3,9.2566134675196,9.002376017285822,0.02824114986372539,0,0.3098350013226951,0.24891509088408093,0,0,0,0,False,,,,,"{""profile_name"": ""easy_d00"", ""map_seed"": 20260620, ""query_seed"": 20261624, ""waypoint_count"": 2, ""bottleneck_count"": 2}"
easy_s00_q0004,md_dqn,Easy,d08_12,False,False,0.1665637174155563,600,1.1250000000010283,9.002376017285822,,0,0.0,0.4504839145752433,0,0,0,0,False,,,,md_dqn_not_reached,"{""profile_name"": ""easy_d00"", ""map_seed"": 20260620, ""query_seed"": 20261624, ""md_dqn_source_dir"": ""/home/ubuntu/DQN10/2_experiment"", ""md_dqn_checkpoint_path"": ""/home/ubuntu/DQN10/2_experiment/ugv_dqn/outputs/2026-05-12_train_load_external_demo_smoke/models/realmap_a/mlp-dqn.pt"", ""md_dqn_algo"": ""mlp-dqn"", ""md_dqn_device"": ""cpu"", ""md_dqn_max_steps"": 600, ""md_dqn_rollout_steps"": 600, ""md_dqn_reached"": false}"
easy_s00_q0005,vanilla_ha,Easy,d12_16,True,True,0.15037751197814941,1,14.90536816049842,,,0,0.0,0.45534326306370865,0,0,0,0,False,,,,,"{""profile_name"": ""easy_d01"", ""map_seed"": 20260621, ""query_seed"": 20261621, ""evaluation_path_source"": ""trace_poses"", ""planner_path_pose_count"": 2, ""evaluation_path_pose_count"": 151}"
easy_s00_q0005,f_n3p_knn,Easy,d12_16,True,True,0.0006172610446810722,0,14.90536816049842,14.90536816049842,0.0,0,1.4896955414592445e-17,0.45534326306370865,0,0,0,0,False,0,0,,,"{""profile_name"": ""easy_d01"", ""map_seed"": 20260621, ""query_seed"": 20261621}"
easy_s00_q0005,n3p_k1,Easy,d12_16,True,True,0.0006076500285416842,0,14.90536816049842,14.90536816049842,0.0,0,1.4896955414592445e-17,0.45534326306370865,0,0,0,0,False,0,0,,,"{""profile_name"": ""easy_d01"", ""map_seed"": 20260621, ""query_seed"": 20261621}"
easy_s00_q0005,voronoi_waypoint,Easy,d12_16,True,True,0.6245913880411536,4,18.444766381156494,14.90536816049842,0.23745795357393717,0,0.38107009166674144,0.6372798438149812,0,0,0,0,False,,,,,"{""profile_name"": ""easy_d01"", ""map_seed"": 20260621, ""query_seed"": 20261621, ""waypoint_count"": 3}"
easy_s00_q0005,bottleneck_waypoint,Easy,d12_16,True,True,0.4797676808666438,3,15.64881513606729,14.90536816049842,0.04987780023703969,0,0.20946797714991738,0.6372798438149812,0,0,0,0,False,,,,,"{""profile_name"": ""easy_d01"", ""map_seed"": 20260621, ""query_seed"": 20261621, ""waypoint_count"": 2, ""bottleneck_count"": 2}"
easy_s00_q0005,md_dqn,Easy,d12_16,False,False,0.16791441198438406,600,1.1249999999999818,14.90536816049842,,0,0.8385645564237414,0.6372798438149812,0,0,0,0,False,,,,md_dqn_not_reached,"{""profile_name"": ""easy_d01"", ""map_seed"": 20260621, ""query_seed"": 20261621, ""md_dqn_source_dir"": ""/home/ubuntu/DQN10/2_experiment"", ""md_dqn_checkpoint_path"": ""/home/ubuntu/DQN10/2_experiment/ugv_dqn/outputs/2026-05-12_train_load_external_demo_smoke/models/realmap_a/mlp-dqn.pt"", ""md_dqn_algo"": ""mlp-dqn"", ""md_dqn_device"": ""cpu"", ""md_dqn_max_steps"": 600, ""md_dqn_rollout_steps"": 600, ""md_dqn_reached"": false}"
easy_s00_q0006,vanilla_ha,Easy,d16_20,True,True,0.6537778377532959,1257,20.174836576698183,,,0,0.11667841377291203,0.06151067239716668,0,0,0,0,False,,,,,"{""profile_name"": ""easy_d00"", ""map_seed"": 20260621, ""query_seed"": 20261622, ""evaluation_path_source"": ""trace_poses"", ""planner_path_pose_count"": 27, ""evaluation_path_pose_count"": 204}"
easy_s00_q0006,f_n3p_knn,Easy,d16_20,True,True,0.02834987104870379,0,21.232459089342655,20.174836576698183,0.05242285401538371,2,0.19629054034290938,0.06399428571226529,0,1,0,0,True,2,3,0.6666666666666666,,"{""profile_name"": ""easy_d00"", ""map_seed"": 20260621, ""query_seed"": 20261622}"
easy_s00_q0006,n3p_k1,Easy,d16_20,True,True,0.6625674699898809,1257,20.174836576698183,20.174836576698183,0.0,0,0.11667841377291203,0.06151067239716668,0,0,1,0,True,0,0,,,"{""profile_name"": ""easy_d00"", ""map_seed"": 20260621, ""query_seed"": 20261622}"
easy_s00_q0006,voronoi_waypoint,Easy,d16_20,True,True,0.6221537049859762,4,21.64584933801491,20.174836576698183,0.07291324297594248,0,0.13926940542696423,0.3016319759554673,0,0,0,0,False,,,,,"{""profile_name"": ""easy_d00"", ""map_seed"": 20260621, ""query_seed"": 20261622, ""waypoint_count"": 3}"
easy_s00_q0006,bottleneck_waypoint,Easy,d16_20,True,True,0.6218083419371396,4,21.027556457113022,20.174836576698183,0.04226650744718907,0,0.13088039291958506,0.49042136628649113,0,0,0,0,False,,,,,"{""profile_name"": ""easy_d00"", ""map_seed"": 20260621, ""query_seed"": 20261622, ""waypoint_count"": 3, ""bottleneck_count"": 3}"
easy_s00_q0006,md_dqn,Easy,d16_20,False,False,0.16626807465218008,600,1.1250000000002855,20.174836576698183,,0,0.0,0.33295351604290924,0,0,0,0,False,,,,md_dqn_not_reached,"{""profile_name"": ""easy_d00"", ""map_seed"": 20260621, ""query_seed"": 20261622, ""md_dqn_source_dir"": ""/home/ubuntu/DQN10/2_experiment"", ""md_dqn_checkpoint_path"": ""/home/ubuntu/DQN10/2_experiment/ugv_dqn/outputs/2026-05-12_train_load_external_demo_smoke/models/realmap_a/mlp-dqn.pt"", ""md_dqn_algo"": ""mlp-dqn"", ""md_dqn_device"": ""cpu"", ""md_dqn_max_steps"": 600, ""md_dqn_rollout_steps"": 600, ""md_dqn_reached"": false}"
easy_s00_q0007,vanilla_ha,Easy,d20_inf,False,False,2.5005128383636475,2635,,,,0,,,0,0,0,0,False,,,,timeout,"{""profile_name"": ""easy_d01"", ""map_seed"": 20260621, ""query_seed"": 20261623, ""evaluation_path_source"": ""planner_path"", ""planner_path_pose_count"": 0, ""evaluation_path_pose_count"": 0}"
easy_s00_q0007,f_n3p_knn,Easy,d20_inf,True,True,0.09598008589819074,0,39.78281137479086,,,5,0.2642942981541475,0.062210636948868414,0,31,0,0,True,6,12,0.5,,"{""profile_name"": ""easy_d01"", ""map_seed"": 20260621, ""query_seed"": 20261623}"
easy_s00_q0007,n3p_k1,Easy,d20_inf,False,False,3.6881410400383174,3758,,,,0,,,0,0,2,1,True,1,1,1.0,f2_failed:prediction:goal_in_collision;goal:timeout;f3_failed:timeout,"{""profile_name"": ""easy_d01"", ""map_seed"": 20260621, ""query_seed"": 20261623}"
easy_s00_q0007,voronoi_waypoint,Easy,d20_inf,True,True,0.9369498370215297,30,29.798028675961636,,,3,0.296773423826623,0.062210636948868414,0,0,0,0,False,,,,,"{""profile_name"": ""easy_d01"", ""map_seed"": 20260621, ""query_seed"": 20261623, ""waypoint_count"": 5}"
easy_s00_q0007,bottleneck_waypoint,Easy,d20_inf,True,True,1.0656865590717643,11,26.749176071178383,,,0,0.20733782247499688,0.05492041169288864,0,0,0,0,False,,,,,"{""profile_name"": ""easy_d01"", ""map_seed"": 20260621, ""query_seed"": 20261623, ""waypoint_count"": 6, ""bottleneck_count"": 6}"
easy_s00_q0007,md_dqn,Easy,d20_inf,False,False,0.16631763940677047,600,1.12499999999999,,,0,0.8385645564237341,0.1140080804209831,0,0,0,0,False,,,,md_dqn_not_reached,"{""profile_name"": ""easy_d01"", ""map_seed"": 20260621, ""query_seed"": 20261623, ""md_dqn_source_dir"": ""/home/ubuntu/DQN10/2_experiment"", ""md_dqn_checkpoint_path"": ""/home/ubuntu/DQN10/2_experiment/ugv_dqn/outputs/2026-05-12_train_load_external_demo_smoke/models/realmap_a/mlp-dqn.pt"", ""md_dqn_algo"": ""mlp-dqn"", ""md_dqn_device"": ""cpu"", ""md_dqn_max_steps"": 600, ""md_dqn_rollout_steps"": 600, ""md_dqn_reached"": false}"
easy_s00_q0008,vanilla_ha,Easy,d08_12,True,True,0.23366665840148926,121,12.04952251218758,,,0,0.20902748413023015,0.11934593393800441,0,0,0,0,False,,,,,"{""profile_name"": ""easy_d00"", ""map_seed"": 20260621, ""query_seed"": 20261624, ""evaluation_path_source"": ""trace_poses"", ""planner_path_pose_count"": 25, ""evaluation_path_pose_count"": 123}"
easy_s00_q0008,f_n3p_knn,Easy,d08_12,True,True,0.010355002013966441,0,12.395799306181308,12.04952251218758,0.028737802153030012,0,0.12102050208691777,0.11320801101669864,0,0,0,0,False,1,1,1.0,,"{""profile_name"": ""easy_d00"", ""map_seed"": 20260621, ""query_seed"": 20261624}"
easy_s00_q0008,n3p_k1,Easy,d08_12,True,True,0.008796893991529942,0,12.395799306181308,12.04952251218758,0.028737802153030012,0,0.12102050208691777,0.11320801101669864,0,0,0,0,False,1,1,1.0,,"{""profile_name"": ""easy_d00"", ""map_seed"": 20260621, ""query_seed"": 20261624}"
easy_s00_q0008,voronoi_waypoint,Easy,d08_12,True,True,0.47595113702118397,3,13.221608172898858,12.04952251218758,0.09727237403189726,0,0.2901865871306098,0.11934593393800441,0,0,0,0,False,,,,,"{""profile_name"": ""easy_d00"", ""map_seed"": 20260621, ""query_seed"": 20261624, ""waypoint_count"": 2}"
easy_s00_q0008,bottleneck_waypoint,Easy,d08_12,True,True,0.47615756490267813,3,13.509725239845825,12.04952251218758,0.12118345155845889,0,0.273798680013333,0.11934593393800441,0,0,0,0,False,,,,,"{""profile_name"": ""easy_d00"", ""map_seed"": 20260621, ""query_seed"": 20261624, ""waypoint_count"": 2, ""bottleneck_count"": 2}"
easy_s00_q0008,md_dqn,Easy,d08_12,False,False,0.16745756100863218,600,1.1249999999999802,12.04952251218758,,0,0.838564556423741,1.4352188976298959,0,0,0,0,False,,,,md_dqn_not_reached,"{""profile_name"": ""easy_d00"", ""map_seed"": 20260621, ""query_seed"": 20261624, ""md_dqn_source_dir"": ""/home/ubuntu/DQN10/2_experiment"", ""md_dqn_checkpoint_path"": ""/home/ubuntu/DQN10/2_experiment/ugv_dqn/outputs/2026-05-12_train_load_external_demo_smoke/models/realmap_a/mlp-dqn.pt"", ""md_dqn_algo"": ""mlp-dqn"", ""md_dqn_device"": ""cpu"", ""md_dqn_max_steps"": 600, ""md_dqn_rollout_steps"": 600, ""md_dqn_reached"": false}"
easy_s00_q0009,vanilla_ha,Easy,d12_16,True,True,0.14622926712036133,1,14.605478424207812,,,0,0.0,0.13149439785136574,0,0,0,0,False,,,,,"{""profile_name"": ""easy_d01"", ""map_seed"": 20260621, ""query_seed"": 20261625, ""evaluation_path_source"": ""trace_poses"", ""planner_path_pose_count"": 2, ""evaluation_path_pose_count"": 148}"
easy_s00_q0009,f_n3p_knn,Easy,d12_16,True,True,0.000614785123616457,0,14.605478424207815,14.605478424207812,2.220446049250313e-16,0,0.0,0.1314943978513654,0,0,0,0,False,0,0,,,"{""profile_name"": ""easy_d01"", ""map_seed"": 20260621, ""query_seed"": 20261625}"
easy_s00_q0009,n3p_k1,Easy,d12_16,True,True,0.0005897351074963808,0,14.605478424207815,14.605478424207812,2.220446049250313e-16,0,0.0,0.1314943978513654,0,0,0,0,False,0,0,,,"{""profile_name"": ""easy_d01"", ""map_seed"": 20260621, ""query_seed"": 20261625}"
easy_s00_q0009,voronoi_waypoint,Easy,d12_16,True,True,0.4746473040431738,3,15.814562603393892,14.605478424207812,0.08278292186458525,0,0.313138371065221,0.13345284962279136,0,0,0,0,False,,,,,"{""profile_name"": ""easy_d01"", ""map_seed"": 20260621, ""query_seed"": 20261625, ""waypoint_count"": 2}"
easy_s00_q0009,bottleneck_waypoint,Easy,d12_16,True,True,0.4744286830537021,3,15.114320163459679,14.605478424207812,0.03483910108747201,0,0.13634444889097186,0.13345284962279136,0,0,0,0,False,,,,,"{""profile_name"": ""easy_d01"", ""map_seed"": 20260621, ""query_seed"": 20261625, ""waypoint_count"": 2, ""bottleneck_count"": 2}"
easy_s00_q0009,md_dqn,Easy,d12_16,False,False,0.16727308044210076,600,1.1249999999997327,14.605478424207812,,0,0.0,0.13345284962279136,0,0,0,0,False,,,,md_dqn_not_reached,"{""profile_name"": ""easy_d01"", ""map_seed"": 20260621, ""query_seed"": 20261625, ""md_dqn_source_dir"": ""/home/ubuntu/DQN10/2_experiment"", ""md_dqn_checkpoint_path"": ""/home/ubuntu/DQN10/2_experiment/ugv_dqn/outputs/2026-05-12_train_load_external_demo_smoke/models/realmap_a/mlp-dqn.pt"", ""md_dqn_algo"": ""mlp-dqn"", ""md_dqn_device"": ""cpu"", ""md_dqn_max_steps"": 600, ""md_dqn_rollout_steps"": 600, ""md_dqn_reached"": false}"
easy_s00_q0010,vanilla_ha,Easy,d16_20,True,True,0.14813661575317383,1,17.314156057977527,,,0,0.0,0.46641652717473003,0,0,0,0,False,,,,,"{""profile_name"": ""easy_d00"", ""map_seed"": 20260622, ""query_seed"": 20261622, ""evaluation_path_source"": ""trace_poses"", ""planner_path_pose_count"": 2, ""evaluation_path_pose_count"": 175}"
easy_s00_q0010,f_n3p_knn,Easy,d16_20,True,True,0.0006871570367366076,0,17.314156057977527,17.314156057977527,0.0,0,9.618340803682606e-18,0.46641652717473003,0,0,0,0,False,0,0,,,"{""profile_name"": ""easy_d00"", ""map_seed"": 20260622, ""query_seed"": 20261622}"
easy_s00_q0010,n3p_k1,Easy,d16_20,True,True,0.0006785059813410044,0,17.314156057977527,17.314156057977527,0.0,0,9.618340803682606e-18,0.46641652717473003,0,0,0,0,False,0,0,,,"{""profile_name"": ""easy_d00"", ""map_seed"": 20260622, ""query_seed"": 20261622}"
easy_s00_q0010,voronoi_waypoint,Easy,d16_20,True,True,0.6126418691128492,4,21.076064550020373,17.314156057977527,0.21727356964127287,2,0.2272352641685402,0.46641652717472926,0,0,0,0,False,,,,,"{""profile_name"": ""easy_d00"", ""map_seed"": 20260622, ""query_seed"": 20261622, ""waypoint_count"": 3}"
easy_s00_q0010,bottleneck_waypoint,Easy,d16_20,True,True,0.6184467449784279,4,21.846013716733527,17.314156057977527,0.26174291392435145,3,0.2409222966573965,0.2681675500215527,0,0,0,0,False,,,,,"{""profile_name"": ""easy_d00"", ""map_seed"": 20260622, ""query_seed"": 20261622, ""waypoint_count"": 3, ""bottleneck_count"": 3}"
easy_s00_q0010,md_dqn,Easy,d16_20,False,False,0.16610822919756174,600,2.2499999999999964,17.314156057977527,,0,0.0873463012401508,1.1962751758184282,0,0,0,0,False,,,,md_dqn_not_reached,"{""profile_name"": ""easy_d00"", ""map_seed"": 20260622, ""query_seed"": 20261622, ""md_dqn_source_dir"": ""/home/ubuntu/DQN10/2_experiment"", ""md_dqn_checkpoint_path"": ""/home/ubuntu/DQN10/2_experiment/ugv_dqn/outputs/2026-05-12_train_load_external_demo_smoke/models/realmap_a/mlp-dqn.pt"", ""md_dqn_algo"": ""mlp-dqn"", ""md_dqn_device"": ""cpu"", ""md_dqn_max_steps"": 600, ""md_dqn_rollout_steps"": 600, ""md_dqn_reached"": false}"
easy_s00_q0011,vanilla_ha,Easy,d20_inf,True,True,0.19599008560180664,97,25.726393994525765,,,0,0.04586575565503991,0.1347643055261416,0,0,0,0,False,,,,,"{""profile_name"": ""easy_d01"", ""map_seed"": 20260622, ""query_seed"": 20261623, ""evaluation_path_source"": ""trace_poses"", ""planner_path_pose_count"": 45, ""evaluation_path_pose_count"": 259}"
easy_s00_q0011,f_n3p_knn,Easy,d20_inf,True,True,0.010740253143012524,0,24.76198450205313,25.726393994525765,-0.03748716173272659,0,0.0197247250407692,0.1347643055261416,0,0,0,0,False,1,1,1.0,,"{""profile_name"": ""easy_d01"", ""map_seed"": 20260622, ""query_seed"": 20261623}"
easy_s00_q0011,n3p_k1,Easy,d20_inf,True,True,0.008583325892686844,0,24.76198450205313,25.726393994525765,-0.03748716173272659,0,0.0197247250407692,0.1347643055261416,0,0,0,0,False,1,1,1.0,,"{""profile_name"": ""easy_d01"", ""map_seed"": 20260622, ""query_seed"": 20261623}"
easy_s00_q0011,voronoi_waypoint,Easy,d20_inf,True,True,0.9206936159171164,6,28.860905614503242,25.726393994525765,0.12184030224540843,3,0.26224028657783616,0.1347643055261416,0,0,0,0,False,,,,,"{""profile_name"": ""easy_d01"", ""map_seed"": 20260622, ""query_seed"": 20261623, ""waypoint_count"": 5}"
easy_s00_q0011,bottleneck_waypoint,Easy,d20_inf,True,True,0.7753961039707065,5,26.752536353131536,25.726393994525765,0.03988675439022349,2,0.17259870963068016,0.1347643055261416,0,0,0,0,False,,,,,"{""profile_name"": ""easy_d01"", ""map_seed"": 20260622, ""query_seed"": 20261623, ""waypoint_count"": 4, ""bottleneck_count"": 4}"
easy_s00_q0011,md_dqn,Easy,d20_inf,False,False,0.16629901831038296,600,1.1249999999999898,25.726393994525765,,0,0.8385645564237336,0.1347643055261416,0,0,0,0,False,,,,md_dqn_not_reached,"{""profile_name"": ""easy_d01"", ""map_seed"": 20260622, ""query_seed"": 20261623, ""md_dqn_source_dir"": ""/home/ubuntu/DQN10/2_experiment"", ""md_dqn_checkpoint_path"": ""/home/ubuntu/DQN10/2_experiment/ugv_dqn/outputs/2026-05-12_train_load_external_demo_smoke/models/realmap_a/mlp-dqn.pt"", ""md_dqn_algo"": ""mlp-dqn"", ""md_dqn_device"": ""cpu"", ""md_dqn_max_steps"": 600, ""md_dqn_rollout_steps"": 600, ""md_dqn_reached"": false}"
easy_s00_q0012,vanilla_ha,Easy,d08_12,True,True,0.14602303504943848,1,9.90050503762308,,,0,0.0,0.2883443625036989,0,0,0,0,False,,,,,"{""profile_name"": ""easy_d00"", ""map_seed"": 20260622, ""query_seed"": 20261624, ""evaluation_path_source"": ""trace_poses"", ""planner_path_pose_count"": 2, ""evaluation_path_pose_count"": 101}"
easy_s00_q0012,f_n3p_knn,Easy,d08_12,True,True,0.0004621839616447687,0,9.900505037623082,9.90050503762308,2.220446049250313e-16,0,0.0,0.2883443625036989,0,0,0,0,False,0,0,,,"{""profile_name"": ""easy_d00"", ""map_seed"": 20260622, ""query_seed"": 20261624}"
easy_s00_q0012,n3p_k1,Easy,d08_12,True,True,0.0004412939306348562,0,9.900505037623082,9.90050503762308,2.220446049250313e-16,0,0.0,0.2883443625036989,0,0,0,0,False,0,0,,,"{""profile_name"": ""easy_d00"", ""map_seed"": 20260622, ""query_seed"": 20261624}"
easy_s00_q0012,voronoi_waypoint,Easy,d08_12,True,True,0.3760277160909027,74,11.081928571167165,9.90050503762308,0.11932962298938654,0,0.2740117978412647,0.20078584351822704,0,0,0,0,False,,,,,"{""profile_name"": ""easy_d00"", ""map_seed"": 20260622, ""query_seed"": 20261624, ""waypoint_count"": 1}"
easy_s00_q0012,bottleneck_waypoint,Easy,d08_12,True,True,0.3302643538918346,2,11.011727765043611,9.90050503762308,0.1122389941924935,0,0.2211178830965691,0.20217828848727892,0,0,0,0,False,,,,,"{""profile_name"": ""easy_d00"", ""map_seed"": 20260622, ""query_seed"": 20261624, ""waypoint_count"": 1, ""bottleneck_count"": 1}"
easy_s00_q0012,md_dqn,Easy,d08_12,False,False,0.16695148637518287,600,2.2499999999999805,9.90050503762308,,0,0.08734630124015143,0.28473684722209514,0,0,0,0,False,,,,md_dqn_not_reached,"{""profile_name"": ""easy_d00"", ""map_seed"": 20260622, ""query_seed"": 20261624, ""md_dqn_source_dir"": ""/home/ubuntu/DQN10/2_experiment"", ""md_dqn_checkpoint_path"": ""/home/ubuntu/DQN10/2_experiment/ugv_dqn/outputs/2026-05-12_train_load_external_demo_smoke/models/realmap_a/mlp-dqn.pt"", ""md_dqn_algo"": ""mlp-dqn"", ""md_dqn_device"": ""cpu"", ""md_dqn_max_steps"": 600, ""md_dqn_rollout_steps"": 600, ""md_dqn_reached"": false}"
easy_s00_q0013,vanilla_ha,Easy,d12_16,True,True,0.15124726295471191,1,13.452509059651288,,,0,0.0,0.3858084384481699,0,0,0,0,False,,,,,"{""profile_name"": ""easy_d01"", ""map_seed"": 20260622, ""query_seed"": 20261625, ""evaluation_path_source"": ""trace_poses"", ""planner_path_pose_count"": 2, ""evaluation_path_pose_count"": 136}"
easy_s00_q0013,f_n3p_knn,Easy,d12_16,True,True,0.0005703209899365902,0,13.452509059651288,13.452509059651288,0.0,0,3.301162689286258e-17,0.3858084384481699,0,0,0,0,False,0,0,,,"{""profile_name"": ""easy_d01"", ""map_seed"": 20260622, ""query_seed"": 20261625}"
easy_s00_q0013,n3p_k1,Easy,d12_16,True,True,0.0005518158432096243,0,13.452509059651288,13.452509059651288,0.0,0,3.301162689286258e-17,0.3858084384481699,0,0,0,0,False,0,0,,,"{""profile_name"": ""easy_d01"", ""map_seed"": 20260622, ""query_seed"": 20261625}"
easy_s00_q0013,voronoi_waypoint,Easy,d12_16,True,True,0.4824153680820018,3,15.370546885064446,13.452509059651288,0.1425784451739205,2,0.35069686791813115,0.5723225497230298,0,0,0,0,False,,,,,"{""profile_name"": ""easy_d01"", ""map_seed"": 20260622, ""query_seed"": 20261625, ""waypoint_count"": 2}"
easy_s00_q0013,bottleneck_waypoint,Easy,d12_16,True,True,0.4863257179968059,3,13.880911043418825,13.452509059651288,0.03184550791736407,0,0.1736491167488817,0.5200635329292899,0,0,0,0,False,,,,,"{""profile_name"": ""easy_d01"", ""map_seed"": 20260622, ""query_seed"": 20261625, ""waypoint_count"": 2, ""bottleneck_count"": 2}"
easy_s00_q0013,md_dqn,Easy,d12_16,False,False,0.16816623881459236,600,1.1250000000008213,13.452509059651288,,0,0.0,0.38580721084650904,0,0,0,0,False,,,,md_dqn_not_reached,"{""profile_name"": ""easy_d01"", ""map_seed"": 20260622, ""query_seed"": 20261625, ""md_dqn_source_dir"": ""/home/ubuntu/DQN10/2_experiment"", ""md_dqn_checkpoint_path"": ""/home/ubuntu/DQN10/2_experiment/ugv_dqn/outputs/2026-05-12_train_load_external_demo_smoke/models/realmap_a/mlp-dqn.pt"", ""md_dqn_algo"": ""mlp-dqn"", ""md_dqn_device"": ""cpu"", ""md_dqn_max_steps"": 600, ""md_dqn_rollout_steps"": 600, ""md_dqn_reached"": false}"
easy_s00_q0014,vanilla_ha,Easy,d16_20,True,True,1.148268222808838,1157,19.308173494297126,,,0,0.21275631592014954,0.1304580877238991,0,0,0,0,False,,,,,"{""profile_name"": ""easy_d00"", ""map_seed"": 20260622, ""query_seed"": 20261626, ""evaluation_path_source"": ""trace_poses"", ""planner_path_pose_count"": 59, ""evaluation_path_pose_count"": 195}"
easy_s00_q0014,f_n3p_knn,Easy,d16_20,True,True,0.018353050807490945,0,19.047045684221036,19.308173494297126,-0.013524210881636023,0,0.06878683849951482,0.0879984896665319,0,21,0,0,True,0,2,0.0,,"{""profile_name"": ""easy_d00"", ""map_seed"": 20260622, ""query_seed"": 20261626}"
easy_s00_q0014,n3p_k1,Easy,d16_20,True,True,1.9398998690303415,2235,19.308173494297126,19.308173494297126,0.0,0,0.21275631592014954,0.1304580877238991,0,0,1,1,True,0,0,,,"{""profile_name"": ""easy_d00"", ""map_seed"": 20260622, ""query_seed"": 20261626}"
easy_s00_q0014,voronoi_waypoint,Easy,d16_20,True,True,0.6209717900492251,4,21.876183003753713,19.308173494297126,0.13300116192839662,2,0.17302350056833904,0.6589654660349402,0,0,0,0,False,,,,,"{""profile_name"": ""easy_d00"", ""map_seed"": 20260622, ""query_seed"": 20261626, ""waypoint_count"": 3}"
easy_s00_q0014,bottleneck_waypoint,Easy,d16_20,True,True,0.6202433651778847,4,19.94589326975702,19.308173494297126,0.03302848794311131,0,0.14503454800808913,0.6589654660349402,0,0,0,0,False,,,,,"{""profile_name"": ""easy_d00"", ""map_seed"": 20260622, ""query_seed"": 20261626, ""waypoint_count"": 3, ""bottleneck_count"": 3}"
easy_s00_q0014,md_dqn,Easy,d16_20,False,False,0.16644712747074664,600,1.1250000000000004,19.308173494297126,,0,0.8286550898948881,2.9570429389505373,0,0,0,0,False,,,,md_dqn_not_reached,"{""profile_name"": ""easy_d00"", ""map_seed"": 20260622, ""query_seed"": 20261626, ""md_dqn_source_dir"": ""/home/ubuntu/DQN10/2_experiment"", ""md_dqn_checkpoint_path"": ""/home/ubuntu/DQN10/2_experiment/ugv_dqn/outputs/2026-05-12_train_load_external_demo_smoke/models/realmap_a/mlp-dqn.pt"", ""md_dqn_algo"": ""mlp-dqn"", ""md_dqn_device"": ""cpu"", ""md_dqn_max_steps"": 600, ""md_dqn_rollout_steps"": 600, ""md_dqn_reached"": false}"
easy_s00_q0015,vanilla_ha,Easy,d20_inf,True,True,0.27306270599365234,297,25.176965423031245,,,0,0.1265013384745998,0.11843854091412964,0,0,0,0,False,,,,,"{""profile_name"": ""easy_d01"", ""map_seed"": 20260623, ""query_seed"": 20261623, ""evaluation_path_source"": ""trace_poses"", ""planner_path_pose_count"": 48, ""evaluation_path_pose_count"": 255}"
easy_s00_q0015,f_n3p_knn,Easy,d20_inf,True,True,0.04153251904062927,0,25.199028341448347,25.176965423031245,0.0008763136480665068,0,0.08138667607349158,0.07928221295845073,0,29,0,0,True,1,4,0.25,,"{""profile_name"": ""easy_d01"", ""map_seed"": 20260623, ""query_seed"": 20261623}"
easy_s00_q0015,n3p_k1,Easy,d20_inf,True,True,0.2133931629359722,121,24.951546913176564,25.176965423031245,-0.008953362967582756,0,0.15849897239409289,0.11787169363919725,0,0,1,0,True,1,1,1.0,,"{""profile_name"": ""easy_d01"", ""map_seed"": 20260623, ""query_seed"": 20261623}"
easy_s00_q0015,voronoi_waypoint,Easy,d20_inf,True,True,0.775521231116727,9,26.51601186926487,25.176965423031245,0.05318537892611541,0,0.22813925269682797,0.08028334376936308,0,0,0,0,False,,,,,"{""profile_name"": ""easy_d01"", ""map_seed"": 20260623, ""query_seed"": 20261623, ""waypoint_count"": 4}"
easy_s00_q0015,bottleneck_waypoint,Easy,d20_inf,True,True,0.925375283928588,24,26.57160042692076,25.176965423031245,0.055393292259667604,0,0.3398076297782983,0.08097955856576822,0,0,0,0,False,,,,,"{""profile_name"": ""easy_d01"", ""map_seed"": 20260623, ""query_seed"": 20261623, ""waypoint_count"": 5, ""bottleneck_count"": 5}"
easy_s00_q0015,md_dqn,Easy,d20_inf,False,False,0.18426879728212953,600,3.7500000000000036,25.176965423031245,,0,0.4259392714572863,0.22184037199140227,0,0,0,0,False,,,,md_dqn_not_reached,"{""profile_name"": ""easy_d01"", ""map_seed"": 20260623, ""query_seed"": 20261623, ""md_dqn_source_dir"": ""/home/ubuntu/DQN10/2_experiment"", ""md_dqn_checkpoint_path"": ""/home/ubuntu/DQN10/2_experiment/ugv_dqn/outputs/2026-05-12_train_load_external_demo_smoke/models/realmap_a/mlp-dqn.pt"", ""md_dqn_algo"": ""mlp-dqn"", ""md_dqn_device"": ""cpu"", ""md_dqn_max_steps"": 600, ""md_dqn_rollout_steps"": 600, ""md_dqn_reached"": false}"
easy_s00_q0016,vanilla_ha,Easy,d08_12,True,True,0.1853799819946289,64,12.498256849789906,,,0,0.10794592054369667,0.159113882054725,0,0,0,0,False,,,,,"{""profile_name"": ""easy_d00"", ""map_seed"": 20260623, ""query_seed"": 20261624, ""evaluation_path_source"": ""trace_poses"", ""planner_path_pose_count"": 17, ""evaluation_path_pose_count"": 127}"
easy_s00_q0016,f_n3p_knn,Easy,d08_12,True,True,0.011670604115352035,0,12.368910798641714,12.498256849789906,-0.010349127298529326,0,0.09422055620114403,0.11167691203412833,0,8,0,0,True,0,1,0.0,,"{""profile_name"": ""easy_d00"", ""map_seed"": 20260623, ""query_seed"": 20261624}"
easy_s00_q0016,n3p_k1,Easy,d08_12,True,True,0.19556664605624974,64,12.498256849789906,12.498256849789906,0.0,0,0.10794592054369667,0.159113882054725,0,0,1,0,True,0,0,,,"{""profile_name"": ""easy_d00"", ""map_seed"": 20260623, ""query_seed"": 20261624}"
easy_s00_q0016,voronoi_waypoint,Easy,d08_12,True,True,0.4831602678168565,11,13.401360501790238,12.498256849789906,0.07225836873527802,0,0.2518158303466362,0.19271828579311223,0,0,0,0,False,,,,,"{""profile_name"": ""easy_d00"", ""map_seed"": 20260623, ""query_seed"": 20261624, ""waypoint_count"": 2}"
easy_s00_q0016,bottleneck_waypoint,Easy,d08_12,True,True,0.48134877695702016,3,12.855587704855674,12.498256849789906,0.028590455401928727,0,0.2330182634286102,0.40075938358452223,0,0,0,0,False,,,,,"{""profile_name"": ""easy_d00"", ""map_seed"": 20260623, ""query_seed"": 20261624, ""waypoint_count"": 2, ""bottleneck_count"": 2}"
easy_s00_q0016,md_dqn,Easy,d08_12,False,False,0.16692078858613968,600,1.1249999999999982,12.498256849789906,,0,0.8286550898948917,0.491887083852129,0,0,0,0,False,,,,md_dqn_not_reached,"{""profile_name"": ""easy_d00"", ""map_seed"": 20260623, ""query_seed"": 20261624, ""md_dqn_source_dir"": ""/home/ubuntu/DQN10/2_experiment"", ""md_dqn_checkpoint_path"": ""/home/ubuntu/DQN10/2_experiment/ugv_dqn/outputs/2026-05-12_train_load_external_demo_smoke/models/realmap_a/mlp-dqn.pt"", ""md_dqn_algo"": ""mlp-dqn"", ""md_dqn_device"": ""cpu"", ""md_dqn_max_steps"": 600, ""md_dqn_rollout_steps"": 600, ""md_dqn_reached"": false}"
easy_s00_q0017,vanilla_ha,Easy,d12_16,False,False,2.500044584274292,2655,,,,0,,,0,0,0,0,False,,,,timeout,"{""profile_name"": ""easy_d01"", ""map_seed"": 20260623, ""query_seed"": 20261625, ""evaluation_path_source"": ""planner_path"", ""planner_path_pose_count"": 0, ""evaluation_path_pose_count"": 0}"
easy_s00_q0017,f_n3p_knn,Easy,d12_16,True,True,0.031797522911801934,0,14.616196580739903,,,1,0.13808434388692375,0.09171600919970091,0,7,0,0,True,1,3,0.3333333333333333,,"{""profile_name"": ""easy_d01"", ""map_seed"": 20260623, ""query_seed"": 20261625}"
easy_s00_q0017,n3p_k1,Easy,d12_16,True,True,0.6904660558793694,499,17.97748823276998,,,1,0.2599482284181121,0.08121037153098165,0,0,2,0,True,0,0,,,"{""profile_name"": ""easy_d01"", ""map_seed"": 20260623, ""query_seed"": 20261625}"
easy_s00_q0017,voronoi_waypoint,Easy,d12_16,True,True,0.6272332409862429,4,19.909172363995395,,,3,0.3872037160351454,0.07479617915009595,0,0,0,0,False,,,,,"{""profile_name"": ""easy_d01"", ""map_seed"": 20260623, ""query_seed"": 20261625, ""waypoint_count"": 3}"
easy_s00_q0017,bottleneck_waypoint,Easy,d12_16,False,False,1.486116664018482,907,11.986984289421237,,,0,0.3539567264947701,0.6610579856402732,0,0,0,0,False,,,,segment_failed:timeout,"{""profile_name"": ""easy_d01"", ""map_seed"": 20260623, ""query_seed"": 20261625, ""waypoint_count"": 3, ""bottleneck_count"": 3}"
easy_s00_q0017,md_dqn,Easy,d12_16,False,False,0.16718791611492634,600,2.2500000000000164,,,0,0.08734630124014993,0.6924444440704038,0,0,0,0,False,,,,md_dqn_not_reached,"{""profile_name"": ""easy_d01"", ""map_seed"": 20260623, ""query_seed"": 20261625, ""md_dqn_source_dir"": ""/home/ubuntu/DQN10/2_experiment"", ""md_dqn_checkpoint_path"": ""/home/ubuntu/DQN10/2_experiment/ugv_dqn/outputs/2026-05-12_train_load_external_demo_smoke/models/realmap_a/mlp-dqn.pt"", ""md_dqn_algo"": ""mlp-dqn"", ""md_dqn_device"": ""cpu"", ""md_dqn_max_steps"": 600, ""md_dqn_rollout_steps"": 600, ""md_dqn_reached"": false}"
easy_s00_q0018,vanilla_ha,Easy,d16_20,False,False,2.500149726867676,3632,,,,0,,,0,0,0,0,False,,,,timeout,"{""profile_name"": ""easy_d00"", ""map_seed"": 20260623, ""query_seed"": 20261626, ""evaluation_path_source"": ""planner_path"", ""planner_path_pose_count"": 0, ""evaluation_path_pose_count"": 0}"
easy_s00_q0018,f_n3p_knn,Easy,d16_20,True,True,0.03624432091601193,0,19.382283877258427,,,0,0.06648335743261596,0.06874925005687049,0,2,0,0,True,3,4,0.75,,"{""profile_name"": ""easy_d00"", ""map_seed"": 20260623, ""query_seed"": 20261626}"
easy_s00_q0018,n3p_k1,Easy,d16_20,True,True,1.1798484800383449,1026,19.415631798971063,,,0,0.1002010652970352,0.06874925005687049,0,0,1,0,True,3,3,1.0,,"{""profile_name"": ""easy_d00"", ""map_seed"": 20260623, ""query_seed"": 20261626}"
easy_s00_q0018,voronoi_waypoint,Easy,d16_20,True,True,0.7584713560063392,5,24.574834648836138,,,3,0.20891613249714977,0.14079504910226737,0,0,0,0,False,,,,,"{""profile_name"": ""easy_d00"", ""map_seed"": 20260623, ""query_seed"": 20261626, ""waypoint_count"": 4}"
easy_s00_q0018,bottleneck_waypoint,Easy,d16_20,True,True,0.6200734309386462,4,21.07365717878682,,,0,0.1683316579333688,0.12854260976759246,0,0,0,0,False,,,,,"{""profile_name"": ""easy_d00"", ""map_seed"": 20260623, ""query_seed"": 20261626, ""waypoint_count"": 3, ""bottleneck_count"": 3}"
easy_s00_q0018,md_dqn,Easy,d16_20,False,False,0.1667791260406375,600,1.125000000000002,,,0,0.8385645564237252,1.3398801280522417,0,0,0,0,False,,,,md_dqn_not_reached,"{""profile_name"": ""easy_d00"", ""map_seed"": 20260623, ""query_seed"": 20261626, ""md_dqn_source_dir"": ""/home/ubuntu/DQN10/2_experiment"", ""md_dqn_checkpoint_path"": ""/home/ubuntu/DQN10/2_experiment/ugv_dqn/outputs/2026-05-12_train_load_external_demo_smoke/models/realmap_a/mlp-dqn.pt"", ""md_dqn_algo"": ""mlp-dqn"", ""md_dqn_device"": ""cpu"", ""md_dqn_max_steps"": 600, ""md_dqn_rollout_steps"": 600, ""md_dqn_reached"": false}"
easy_s00_q0019,vanilla_ha,Easy,d20_inf,True,True,0.21169114112854004,105,26.783189352567955,,,0,0.0885010587025375,0.07076261955971164,0,0,0,0,False,,,,,"{""profile_name"": ""easy_d01"", ""map_seed"": 20260623, ""query_seed"": 20261627, ""evaluation_path_source"": ""trace_poses"", ""planner_path_pose_count"": 25, ""evaluation_path_pose_count"": 269}"
easy_s00_q0019,f_n3p_knn,Easy,d20_inf,True,True,0.008880550041794777,0,26.42818725899614,26.783189352567955,-0.013254660932969786,0,0.03391578537664791,0.18283423995754733,0,1,0,0,True,0,1,0.0,,"{""profile_name"": ""easy_d01"", ""map_seed"": 20260623, ""query_seed"": 20261627}"
easy_s00_q0019,n3p_k1,Easy,d20_inf,True,True,0.5803769300691783,507,27.5431994046682,26.783189352567955,0.0283763834880022,0,0.1271421735803887,0.0804633713512437,0,0,1,0,True,2,2,1.0,,"{""profile_name"": ""easy_d01"", ""map_seed"": 20260623, ""query_seed"": 20261627}"
easy_s00_q0019,voronoi_waypoint,Easy,d20_inf,True,True,0.9208247340284288,9,28.448892248260723,26.783189352567955,0.062192103926303366,2,0.2406689994867271,0.09604129626182112,0,0,0,0,False,,,,,"{""profile_name"": ""easy_d01"", ""map_seed"": 20260623, ""query_seed"": 20261627, ""waypoint_count"": 5}"
easy_s00_q0019,bottleneck_waypoint,Easy,d20_inf,True,True,0.9231283979024738,6,27.790042662315606,26.783189352567955,0.03759273387846607,0,0.22307828332206556,0.415651461550663,0,0,0,0,False,,,,,"{""profile_name"": ""easy_d01"", ""map_seed"": 20260623, ""query_seed"": 20261627, ""waypoint_count"": 5, ""bottleneck_count"": 5}"
easy_s00_q0019,md_dqn,Easy,d20_inf,False,False,0.16744642611593008,600,1.124999999999277,26.783189352567955,,0,0.0,2.07481987362343,0,0,0,0,False,,,,md_dqn_not_reached,"{""profile_name"": ""easy_d01"", ""map_seed"": 20260623, ""query_seed"": 20261627, ""md_dqn_source_dir"": ""/home/ubuntu/DQN10/2_experiment"", ""md_dqn_checkpoint_path"": ""/home/ubuntu/DQN10/2_experiment/ugv_dqn/outputs/2026-05-12_train_load_external_demo_smoke/models/realmap_a/mlp-dqn.pt"", ""md_dqn_algo"": ""mlp-dqn"", ""md_dqn_device"": ""cpu"", ""md_dqn_max_steps"": 600, ""md_dqn_rollout_steps"": 600, ""md_dqn_reached"": false}"
easy_s01_q0020,vanilla_ha,Easy,d08_12,True,True,0.15025901794433594,1,9.329523031752476,,,0,0.0,1.039512147651977,0,0,0,0,False,,,,,"{""profile_name"": ""easy_d00"", ""map_seed"": 20270620, ""query_seed"": 20271620, ""evaluation_path_source"": ""trace_poses"", ""planner_path_pose_count"": 2, ""evaluation_path_pose_count"": 95}"
easy_s01_q0020,f_n3p_knn,Easy,d08_12,True,True,0.00043574394658207893,0,9.32952303175248,9.329523031752476,4.440892098500626e-16,0,2.3800209739481375e-17,1.0395121476519762,0,0,0,0,False,0,0,,,"{""profile_name"": ""easy_d00"", ""map_seed"": 20270620, ""query_seed"": 20271620}"
easy_s01_q0020,n3p_k1,Easy,d08_12,True,True,0.0004180478863418102,0,9.32952303175248,9.329523031752476,4.440892098500626e-16,0,2.3800209739481375e-17,1.0395121476519762,0,0,0,0,False,0,0,,,"{""profile_name"": ""easy_d00"", ""map_seed"": 20270620, ""query_seed"": 20271620}"
easy_s01_q0020,voronoi_waypoint,Easy,d08_12,True,True,0.3339763730764389,2,11.79287922679097,9.329523031752476,0.2640388138444598,0,0.26682985454403046,1.5565111068607436,0,0,0,0,False,,,,,"{""profile_name"": ""easy_d00"", ""map_seed"": 20270620, ""query_seed"": 20271620, ""waypoint_count"": 1}"
easy_s01_q0020,bottleneck_waypoint,Easy,d08_12,True,True,0.48056386690586805,3,13.566066861837992,9.329523031752476,0.45410079547118243,2,0.43745868021132556,1.5586390530681118,0,0,0,0,False,,,,,"{""profile_name"": ""easy_d00"", ""map_seed"": 20270620, ""query_seed"": 20271620, ""waypoint_count"": 2, ""bottleneck_count"": 2}"
easy_s01_q0020,md_dqn,Easy,d08_12,False,False,0.16783581371419132,600,1.1249999999996323,9.329523031752476,,0,0.0,1.4677144185754945,0,0,0,0,False,,,,md_dqn_not_reached,"{""profile_name"": ""easy_d00"", ""map_seed"": 20270620, ""query_seed"": 20271620, ""md_dqn_source_dir"": ""/home/ubuntu/DQN10/2_experiment"", ""md_dqn_checkpoint_path"": ""/home/ubuntu/DQN10/2_experiment/ugv_dqn/outputs/2026-05-12_train_load_external_demo_smoke/models/realmap_a/mlp-dqn.pt"", ""md_dqn_algo"": ""mlp-dqn"", ""md_dqn_device"": ""cpu"", ""md_dqn_max_steps"": 600, ""md_dqn_rollout_steps"": 600, ""md_dqn_reached"": false}"
easy_s01_q0021,vanilla_ha,Easy,d12_16,True,True,0.1705789566040039,36,13.315984218231037,,,0,0.13517588865384828,0.08950079353378326,0,0,0,0,False,,,,,"{""profile_name"": ""easy_d01"", ""map_seed"": 20270620, ""query_seed"": 20271621, ""evaluation_path_source"": ""trace_poses"", ""planner_path_pose_count"": 20, ""evaluation_path_pose_count"": 135}"
easy_s01_q0021,f_n3p_knn,Easy,d12_16,True,True,0.011199987959116697,0,13.422613953870318,13.315984218231037,0.008007649595535904,0,0.09347066536778872,0.07629770804570157,0,3,0,0,True,0,1,0.0,,"{""profile_name"": ""easy_d01"", ""map_seed"": 20270620, ""query_seed"": 20271621}"
easy_s01_q0021,n3p_k1,Easy,d12_16,True,True,0.17833272786810994,36,13.315984218231037,13.315984218231037,0.0,0,0.1351758886538483,0.08950079353378326,0,0,1,0,True,0,0,,,"{""profile_name"": ""easy_d01"", ""map_seed"": 20270620, ""query_seed"": 20271621}"
easy_s01_q0021,voronoi_waypoint,Easy,d12_16,True,True,0.4837004889268428,3,14.540227814376,13.315984218231037,0.0919378977987102,0,0.30495643240509374,0.20518830025915824,0,0,0,0,False,,,,,"{""profile_name"": ""easy_d01"", ""map_seed"": 20270620, ""query_seed"": 20271621, ""waypoint_count"": 2}"
easy_s01_q0021,bottleneck_waypoint,Easy,d12_16,True,True,0.4823548970744014,3,13.959069605614342,13.315984218231037,0.04829424373324587,0,0.2396389608273427,0.4427770480854136,0,0,0,0,False,,,,,"{""profile_name"": ""easy_d01"", ""map_seed"": 20270620, ""query_seed"": 20271621, ""waypoint_count"": 2, ""bottleneck_count"": 2}"
easy_s01_q0021,md_dqn,Easy,d12_16,False,False,0.30004744441248477,583,1.164375000000762,13.315984218231037,,1,0.07284143783538377,0.476865261996242,0,0,0,0,False,,,,md_dqn_not_reached,"{""profile_name"": ""easy_d01"", ""map_seed"": 20270620, ""query_seed"": 20271621, ""md_dqn_source_dir"": ""/home/ubuntu/DQN10/2_experiment"", ""md_dqn_checkpoint_path"": ""/home/ubuntu/DQN10/2_experiment/ugv_dqn/outputs/2026-05-12_train_load_external_demo_smoke/models/realmap_a/mlp-dqn.pt"", ""md_dqn_algo"": ""mlp-dqn"", ""md_dqn_device"": ""cpu"", ""md_dqn_max_steps"": 600, ""md_dqn_rollout_steps"": 583, ""md_dqn_reached"": false}"
easy_s01_q0022,vanilla_ha,Easy,d16_20,True,True,0.1956479549407959,81,18.15478218287994,,,0,0.08136356455352291,0.24624253408142438,0,0,0,0,False,,,,,"{""profile_name"": ""easy_d00"", ""map_seed"": 20270620, ""query_seed"": 20271622, ""evaluation_path_source"": ""trace_poses"", ""planner_path_pose_count"": 31, ""evaluation_path_pose_count"": 184}"
easy_s01_q0022,f_n3p_knn,Easy,d16_20,True,True,0.017993772868067026,0,17.90058053770405,18.15478218287994,-0.014001911045542714,0,0.04366189726238114,0.12090473895665887,0,1,0,0,True,1,2,0.5,,"{""profile_name"": ""easy_d00"", ""map_seed"": 20270620, ""query_seed"": 20271622}"
easy_s01_q0022,n3p_k1,Easy,d16_20,True,True,0.32251702598296106,23,17.9141894505395,18.15478218287994,-0.013252306192212071,0,0.0700394474970657,0.060781787275806076,0,0,2,0,True,0,0,,,"{""profile_name"": ""easy_d00"", ""map_seed"": 20270620, ""query_seed"": 20271622}"
easy_s01_q0022,voronoi_waypoint,Easy,d16_20,True,True,0.6253040430601686,4,20.42226935372187,18.15478218287994,0.12489751449511632,0,0.2960680282560358,0.24624253408142438,0,0,0,0,False,,,,,"{""profile_name"": ""easy_d00"", ""map_seed"": 20270620, ""query_seed"": 20271622, ""waypoint_count"": 3}"
easy_s01_q0022,bottleneck_waypoint,Easy,d16_20,True,True,0.6258020929526538,4,19.260246686285377,18.15478218287994,0.060891091519010176,0,0.19989256776124248,0.24624253408142438,0,0,0,0,False,,,,,"{""profile_name"": ""easy_d00"", ""map_seed"": 20270620, ""query_seed"": 20271622, ""waypoint_count"": 3, ""bottleneck_count"": 3}"
easy_s01_q0022,md_dqn,Easy,d16_20,False,False,0.16549992794170976,600,2.250000000000008,18.15478218287994,,0,0.0873463012401503,0.24624253408142438,0,0,0,0,False,,,,md_dqn_not_reached,"{""profile_name"": ""easy_d00"", ""map_seed"": 20270620, ""query_seed"": 20271622, ""md_dqn_source_dir"": ""/home/ubuntu/DQN10/2_experiment"", ""md_dqn_checkpoint_path"": ""/home/ubuntu/DQN10/2_experiment/ugv_dqn/outputs/2026-05-12_train_load_external_demo_smoke/models/realmap_a/mlp-dqn.pt"", ""md_dqn_algo"": ""mlp-dqn"", ""md_dqn_device"": ""cpu"", ""md_dqn_max_steps"": 600, ""md_dqn_rollout_steps"": 600, ""md_dqn_reached"": false}"
easy_s01_q0023,vanilla_ha,Easy,d20_inf,False,False,2.5011963844299316,3325,,,,0,,,0,0,0,0,False,,,,timeout,"{""profile_name"": ""easy_d01"", ""map_seed"": 20270620, ""query_seed"": 20271623, ""evaluation_path_source"": ""planner_path"", ""planner_path_pose_count"": 0, ""evaluation_path_pose_count"": 0}"
easy_s01_q0023,f_n3p_knn,Easy,d20_inf,True,True,0.033918836852535605,0,27.030993619431534,,,1,0.10691773200575465,0.1302017051509271,0,3,0,0,True,2,4,0.5,,"{""profile_name"": ""easy_d01"", ""map_seed"": 20270620, ""query_seed"": 20271623}"
easy_s01_q0023,n3p_k1,Easy,d20_inf,False,False,3.6840553148649633,4752,,,,0,,,0,0,2,1,True,0,0,,f2_failed:prediction:goal_in_collision;goal:timeout;f3_failed:timeout,"{""profile_name"": ""easy_d01"", ""map_seed"": 20270620, ""query_seed"": 20271623}"
easy_s01_q0023,voronoi_waypoint,Easy,d20_inf,True,True,0.9185737930238247,6,28.91795196443622,,,1,0.2849036658419796,0.212671036626225,0,0,0,0,False,,,,,"{""profile_name"": ""easy_d01"", ""map_seed"": 20270620, ""query_seed"": 20271623, ""waypoint_count"": 5}"
easy_s01_q0023,bottleneck_waypoint,Easy,d20_inf,True,True,0.7783330800011754,5,26.929448924628822,,,1,0.2608767932090876,0.21267103662622644,0,0,0,0,False,,,,,"{""profile_name"": ""easy_d01"", ""map_seed"": 20270620, ""query_seed"": 20271623, ""waypoint_count"": 4, ""bottleneck_count"": 4}"
easy_s01_q0023,md_dqn,Easy,d20_inf,False,False,0.167142670834437,600,2.250000000000006,,,0,0.08734630124015029,1.9002456402716903,0,0,0,0,False,,,,md_dqn_not_reached,"{""profile_name"": ""easy_d01"", ""map_seed"": 20270620, ""query_seed"": 20271623, ""md_dqn_source_dir"": ""/home/ubuntu/DQN10/2_experiment"", ""md_dqn_checkpoint_path"": ""/home/ubuntu/DQN10/2_experiment/ugv_dqn/outputs/2026-05-12_train_load_external_demo_smoke/models/realmap_a/mlp-dqn.pt"", ""md_dqn_algo"": ""mlp-dqn"", ""md_dqn_device"": ""cpu"", ""md_dqn_max_steps"": 600, ""md_dqn_rollout_steps"": 600, ""md_dqn_reached"": false}"
easy_s01_q0024,vanilla_ha,Easy,d08_12,True,True,0.8320443630218506,1116,10.726471110540526,,,0,0.1671769341535635,0.1460514855626912,0,0,0,0,False,,,,,"{""profile_name"": ""easy_d00"", ""map_seed"": 20270620, ""query_seed"": 20271624, ""evaluation_path_source"": ""trace_poses"", ""planner_path_pose_count"": 17, ""evaluation_path_pose_count"": 110}"
easy_s01_q0024,f_n3p_knn,Easy,d08_12,True,True,0.011044817976653576,0,10.58591921748817,10.726471110540526,-0.013103274283211452,0,0.06546901896159085,0.10888364940948014,0,3,0,0,True,0,1,0.0,,"{""profile_name"": ""easy_d00"", ""map_seed"": 20270620, ""query_seed"": 20271624}"
easy_s01_q0024,n3p_k1,Easy,d08_12,True,True,1.8393213290255517,2272,10.726471110540526,10.726471110540526,0.0,0,0.1671769341535635,0.1460514855626912,0,0,1,0,True,0,0,,,"{""profile_name"": ""easy_d00"", ""map_seed"": 20270620, ""query_seed"": 20271624}"
easy_s01_q0024,voronoi_waypoint,Easy,d08_12,True,True,0.3360394318588078,2,11.97981579954577,10.726471110540526,0.1168459483169284,0,0.19822012265980363,1.0473624752230652,0,0,0,0,False,,,,,"{""profile_name"": ""easy_d00"", ""map_seed"": 20270620, ""query_seed"": 20271624, ""waypoint_count"": 1}"
easy_s01_q0024,bottleneck_waypoint,Easy,d08_12,True,True,0.3381416609045118,2,11.433340009157833,10.726471110540526,0.06589948281524682,0,0.21108239995778666,1.0171096501116275,0,0,0,0,False,,,,,"{""profile_name"": ""easy_d00"", ""map_seed"": 20270620, ""query_seed"": 20271624, ""waypoint_count"": 1, ""bottleneck_count"": 1}"
easy_s01_q0024,md_dqn,Easy,d08_12,False,False,0.16612716275267303,600,1.1249999999999718,10.726471110540526,,0,0.11625320302850889,1.7237893309492822,0,0,0,0,False,,,,md_dqn_not_reached,"{""profile_name"": ""easy_d00"", ""map_seed"": 20270620, ""query_seed"": 20271624, ""md_dqn_source_dir"": ""/home/ubuntu/DQN10/2_experiment"", ""md_dqn_checkpoint_path"": ""/home/ubuntu/DQN10/2_experiment/ugv_dqn/outputs/2026-05-12_train_load_external_demo_smoke/models/realmap_a/mlp-dqn.pt"", ""md_dqn_algo"": ""mlp-dqn"", ""md_dqn_device"": ""cpu"", ""md_dqn_max_steps"": 600, ""md_dqn_rollout_steps"": 600, ""md_dqn_reached"": false}"
easy_s01_q0025,vanilla_ha,Easy,d12_16,True,True,0.15663909912109375,17,12.240133949021715,,,0,0.13367754600193438,0.06945771916205201,0,0,0,0,False,,,,,"{""profile_name"": ""easy_d01"", ""map_seed"": 20270621, ""query_seed"": 20271621, ""evaluation_path_source"": ""trace_poses"", ""planner_path_pose_count"": 11, ""evaluation_path_pose_count"": 125}"
easy_s01_q0025,f_n3p_knn,Easy,d12_16,True,True,0.007556247059255838,0,12.25704382170423,12.240133949021715,0.0013815104273320333,0,0.09279551334904793,0.20922100881243644,0,6,0,0,True,0,1,0.0,,"{""profile_name"": ""easy_d01"", ""map_seed"": 20270621, ""query_seed"": 20271621}"
easy_s01_q0025,n3p_k1,Easy,d12_16,True,True,0.330305899027735,187,12.446495704571364,12.240133949021715,0.01685943604940232,2,0.152428117985898,0.07400480870611748,0,0,1,0,True,0,0,,,"{""profile_name"": ""easy_d01"", ""map_seed"": 20270621, ""query_seed"": 20271621}"
easy_s01_q0025,voronoi_waypoint,Easy,d12_16,True,True,0.48183294595219195,3,14.54347448536213,12.240133949021715,0.1881793570179442,2,0.3115833132768898,0.7007060367834506,0,0,0,0,False,,,,,"{""profile_name"": ""easy_d01"", ""map_seed"": 20270621, ""query_seed"": 20271621, ""waypoint_count"": 2}"
easy_s01_q0025,bottleneck_waypoint,Easy,d12_16,True,True,0.3380079760681838,2,12.847564410998759,12.240133949021715,0.04962612864425342,0,0.2081457012944652,0.5821324768161438,0,0,0,0,False,,,,,"{""profile_name"": ""easy_d01"", ""map_seed"": 20270621, ""query_seed"": 20271621, ""waypoint_count"": 1, ""bottleneck_count"": 1}"
easy_s01_q0025,md_dqn,Easy,d12_16,False,False,0.16558363987132907,600,1.1249999999999936,12.240133949021715,,0,0.8385645564237321,0.6001899663409751,0,0,0,0,False,,,,md_dqn_not_reached,"{""profile_name"": ""easy_d01"", ""map_seed"": 20270621, ""query_seed"": 20271621, ""md_dqn_source_dir"": ""/home/ubuntu/DQN10/2_experiment"", ""md_dqn_checkpoint_path"": ""/home/ubuntu/DQN10/2_experiment/ugv_dqn/outputs/2026-05-12_train_load_external_demo_smoke/models/realmap_a/mlp-dqn.pt"", ""md_dqn_algo"": ""mlp-dqn"", ""md_dqn_device"": ""cpu"", ""md_dqn_max_steps"": 600, ""md_dqn_rollout_steps"": 600, ""md_dqn_reached"": false}"
easy_s01_q0026,vanilla_ha,Easy,d16_20,True,True,0.2512812614440918,145,17.233042834253148,,,0,0.17763298966032756,0.057414340250322105,0,0,0,0,False,,,,,"{""profile_name"": ""easy_d00"", ""map_seed"": 20270621, ""query_seed"": 20271622, ""evaluation_path_source"": ""trace_poses"", ""planner_path_pose_count"": 25, ""evaluation_path_pose_count"": 175}"
easy_s01_q0026,f_n3p_knn,Easy,d16_20,True,True,0.026729047996923327,0,17.614225467028735,17.233042834253148,0.02211928772195315,0,0.12018619924211799,0.09217987877965494,0,3,0,0,True,2,3,0.6666666666666666,,"{""profile_name"": ""easy_d00"", ""map_seed"": 20270621, ""query_seed"": 20271622}"
easy_s01_q0026,n3p_k1,Easy,d16_20,True,True,0.22092001605778933,87,17.15141783141309,17.233042834253148,-0.004736540355938401,0,0.0833692049553084,0.06798770483222061,0,0,1,0,True,1,1,1.0,,"{""profile_name"": ""easy_d00"", ""map_seed"": 20270621, ""query_seed"": 20271622}"
easy_s01_q0026,voronoi_waypoint,Easy,d16_20,True,True,0.6191257850732654,4,17.878982173727554,17.233042834253148,0.037482605114316225,0,0.14382991639677514,0.22367729131781078,0,0,0,0,False,,,,,"{""profile_name"": ""easy_d00"", ""map_seed"": 20270621, ""query_seed"": 20271622, ""waypoint_count"": 3}"
easy_s01_q0026,bottleneck_waypoint,Easy,d16_20,True,True,0.6205059189815074,4,18.080607567050794,17.233042834253148,0.049182535025851015,0,0.14012866195144505,0.7057382894078419,0,0,0,0,False,,,,,"{""profile_name"": ""easy_d00"", ""map_seed"": 20270621, ""query_seed"": 20271622, ""waypoint_count"": 3, ""bottleneck_count"": 3}"
easy_s01_q0026,md_dqn,Easy,d16_20,False,False,0.16708464943803847,600,1.1250000000001936,17.233042834253148,,0,0.0,0.8300070849989065,0,0,0,0,False,,,,md_dqn_not_reached,"{""profile_name"": ""easy_d00"", ""map_seed"": 20270621, ""query_seed"": 20271622, ""md_dqn_source_dir"": ""/home/ubuntu/DQN10/2_experiment"", ""md_dqn_checkpoint_path"": ""/home/ubuntu/DQN10/2_experiment/ugv_dqn/outputs/2026-05-12_train_load_external_demo_smoke/models/realmap_a/mlp-dqn.pt"", ""md_dqn_algo"": ""mlp-dqn"", ""md_dqn_device"": ""cpu"", ""md_dqn_max_steps"": 600, ""md_dqn_rollout_steps"": 600, ""md_dqn_reached"": false}"
easy_s01_q0027,vanilla_ha,Easy,d20_inf,True,True,0.15289831161499023,1,25.0,,,0,0.0,0.46214866651724384,0,0,0,0,False,,,,,"{""profile_name"": ""easy_d01"", ""map_seed"": 20270621, ""query_seed"": 20271623, ""evaluation_path_source"": ""trace_poses"", ""planner_path_pose_count"": 2, ""evaluation_path_pose_count"": 251}"
easy_s01_q0027,f_n3p_knn,Easy,d20_inf,True,True,0.0009558300953358412,0,25.000000000000004,25.0,2.220446049250313e-16,0,0.0,0.46214866651724196,0,0,0,0,False,0,0,,,"{""profile_name"": ""easy_d01"", ""map_seed"": 20270621, ""query_seed"": 20271623}"
easy_s01_q0027,n3p_k1,Easy,d20_inf,True,True,0.0009316939394921064,0,25.000000000000004,25.0,2.220446049250313e-16,0,0.0,0.46214866651724196,0,0,0,0,False,0,0,,,"{""profile_name"": ""easy_d01"", ""map_seed"": 20270621, ""query_seed"": 20271623}"
easy_s01_q0027,voronoi_waypoint,Easy,d20_inf,True,True,0.7720562920439988,5,25.596797788366096,25.0,0.023871911534643964,0,0.14064782433649023,0.4621486665172463,0,0,0,0,False,,,,,"{""profile_name"": ""easy_d01"", ""map_seed"": 20270621, ""query_seed"": 20271623, ""waypoint_count"": 4}"
easy_s01_q0027,bottleneck_waypoint,Easy,d20_inf,True,True,0.6306476187892258,4,25.20701604344692,25.0,0.008280641737876904,0,0.05065549484761594,0.46214866651724595,0,0,0,0,False,,,,,"{""profile_name"": ""easy_d01"", ""map_seed"": 20270621, ""query_seed"": 20271623, ""waypoint_count"": 3, ""bottleneck_count"": 3}"
easy_s01_q0027,md_dqn,Easy,d20_inf,False,False,0.16845814930275083,600,1.1249999999999902,25.0,,0,0.8286550898948973,1.6475948208586524,0,0,0,0,False,,,,md_dqn_not_reached,"{""profile_name"": ""easy_d01"", ""map_seed"": 20270621, ""query_seed"": 20271623, ""md_dqn_source_dir"": ""/home/ubuntu/DQN10/2_experiment"", ""md_dqn_checkpoint_path"": ""/home/ubuntu/DQN10/2_experiment/ugv_dqn/outputs/2026-05-12_train_load_external_demo_smoke/models/realmap_a/mlp-dqn.pt"", ""md_dqn_algo"": ""mlp-dqn"", ""md_dqn_device"": ""cpu"", ""md_dqn_max_steps"": 600, ""md_dqn_rollout_steps"": 600, ""md_dqn_reached"": false}"
easy_s01_q0028,vanilla_ha,Easy,d08_12,True,True,0.18747949600219727,61,11.482770772151245,,,0,0.1308351499942803,0.15894298404928298,0,0,0,0,False,,,,,"{""profile_name"": ""easy_d00"", ""map_seed"": 20270621, ""query_seed"": 20271624, ""evaluation_path_source"": ""trace_poses"", ""planner_path_pose_count"": 20, ""evaluation_path_pose_count"": 118}"
easy_s01_q0028,f_n3p_knn,Easy,d08_12,True,True,0.019606323912739754,0,11.048724732801205,11.482770772151245,-0.03779976522763273,0,0.11662892976648905,0.4016397013032027,0,1,0,0,True,1,2,0.5,,"{""profile_name"": ""easy_d00"", ""map_seed"": 20270621, ""query_seed"": 20271624}"
easy_s01_q0028,n3p_k1,Easy,d08_12,True,True,0.5218305729795247,367,11.039825615291562,11.482770772151245,-0.03857476262906345,0,0.34282319995432003,0.07734189211632336,0,0,1,0,True,0,0,,,"{""profile_name"": ""easy_d00"", ""map_seed"": 20270621, ""query_seed"": 20271624}"
easy_s01_q0028,voronoi_waypoint,Easy,d08_12,True,True,0.3543854879681021,2,11.110483299608688,11.482770772151245,-0.032421397233275084,0,0.10517261100572643,0.36410744994274125,0,0,0,0,False,,,,,"{""profile_name"": ""easy_d00"", ""map_seed"": 20270621, ""query_seed"": 20271624, ""waypoint_count"": 1}"
easy_s01_q0028,bottleneck_waypoint,Easy,d08_12,True,True,0.355370509903878,2,11.196306610392755,11.482770772151245,-0.024947303002271992,0,0.13184997619523814,0.5349565874838329,0,0,0,0,False,,,,,"{""profile_name"": ""easy_d00"", ""map_seed"": 20270621, ""query_seed"": 20271624, ""waypoint_count"": 1, ""bottleneck_count"": 1}"
easy_s01_q0028,md_dqn,Easy,d08_12,False,False,0.4022610925603658,600,1.1249999999999964,11.482770772151245,,0,0.6929332420330763,1.7775165342428787,0,0,0,0,False,,,,md_dqn_not_reached,"{""profile_name"": ""easy_d00"", ""map_seed"": 20270621, ""query_seed"": 20271624, ""md_dqn_source_dir"": ""/home/ubuntu/DQN10/2_experiment"", ""md_dqn_checkpoint_path"": ""/home/ubuntu/DQN10/2_experiment/ugv_dqn/outputs/2026-05-12_train_load_external_demo_smoke/models/realmap_a/mlp-dqn.pt"", ""md_dqn_algo"": ""mlp-dqn"", ""md_dqn_device"": ""cpu"", ""md_dqn_max_steps"": 600, ""md_dqn_rollout_steps"": 600, ""md_dqn_reached"": false}"
easy_s01_q0029,vanilla_ha,Easy,d12_16,True,True,0.2333071231842041,96,14.608018354461,,,0,0.11121291746433443,0.18376782481071063,0,0,0,0,False,,,,,"{""profile_name"": ""easy_d01"", ""map_seed"": 20270621, ""query_seed"": 20271625, ""evaluation_path_source"": ""trace_poses"", ""planner_path_pose_count"": 30, ""evaluation_path_pose_count"": 149}"
easy_s01_q0029,f_n3p_knn,Easy,d12_16,True,True,0.018834084039554,0,15.109661006441822,14.608018354461,0.03434022601892672,2,0.15736914061847995,0.2753635841505244,0,4,0,0,True,1,2,0.5,,"{""profile_name"": ""easy_d01"", ""map_seed"": 20270621, ""query_seed"": 20271625}"
easy_s01_q0029,n3p_k1,Easy,d12_16,True,True,0.1734961501788348,11,14.774184563836943,14.608018354461,0.011375000040659167,0,0.09199380153120176,0.07078716061391388,0,0,1,0,True,1,1,1.0,,"{""profile_name"": ""easy_d01"", ""map_seed"": 20270621, ""query_seed"": 20271625}"
easy_s01_q0029,voronoi_waypoint,Easy,d12_16,True,True,0.5082513629458845,3,15.71688995840623,14.608018354461,0.07590842077540261,0,0.1746905982796271,0.2991198185825549,0,0,0,0,False,,,,,"{""profile_name"": ""easy_d01"", ""map_seed"": 20270621, ""query_seed"": 20271625, ""waypoint_count"": 2}"
easy_s01_q0029,bottleneck_waypoint,Easy,d12_16,True,True,0.49169942317530513,3,15.277381338155733,14.608018354461,0.0458216143663539,0,0.11247405502468265,0.3005563051047534,0,0,0,0,False,,,,,"{""profile_name"": ""easy_d01"", ""map_seed"": 20270621, ""query_seed"": 20271625, ""waypoint_count"": 2, ""bottleneck_count"": 2}"
easy_s01_q0029,md_dqn,Easy,d12_16,False,False,0.1675956193357706,600,1.1249999999998128,14.608018354461,,0,0.0,1.9479175376955067,0,0,0,0,False,,,,md_dqn_not_reached,"{""profile_name"": ""easy_d01"", ""map_seed"": 20270621, ""query_seed"": 20271625, ""md_dqn_source_dir"": ""/home/ubuntu/DQN10/2_experiment"", ""md_dqn_checkpoint_path"": ""/home/ubuntu/DQN10/2_experiment/ugv_dqn/outputs/2026-05-12_train_load_external_demo_smoke/models/realmap_a/mlp-dqn.pt"", ""md_dqn_algo"": ""mlp-dqn"", ""md_dqn_device"": ""cpu"", ""md_dqn_max_steps"": 600, ""md_dqn_rollout_steps"": 600, ""md_dqn_reached"": false}"
easy_s01_q0030,vanilla_ha,Easy,d16_20,True,True,0.28006815910339355,241,18.13488025588164,,,0,0.20084080928093287,0.11512428997645507,0,0,0,0,False,,,,,"{""profile_name"": ""easy_d00"", ""map_seed"": 20270622, ""query_seed"": 20271622, ""evaluation_path_source"": ""trace_poses"", ""planner_path_pose_count"": 26, ""evaluation_path_pose_count"": 184}"
easy_s01_q0030,f_n3p_knn,Easy,d16_20,True,True,0.0286621970590204,0,18.88550220338724,18.13488025588164,0.0413910616951636,2,0.13026447158114518,0.1313082490193942,0,8,0,0,True,0,3,0.0,,"{""profile_name"": ""easy_d00"", ""map_seed"": 20270622, ""query_seed"": 20271622}"
easy_s01_q0030,n3p_k1,Easy,d16_20,True,True,0.302605661097914,241,18.13488025588164,18.13488025588164,0.0,0,0.20084080928093287,0.11512428997645507,0,0,1,0,True,0,0,,,"{""profile_name"": ""easy_d00"", ""map_seed"": 20270622, ""query_seed"": 20271622}"
easy_s01_q0030,voronoi_waypoint,Easy,d16_20,True,True,0.6665629709605128,4,18.71372011055096,18.13488025588164,0.03191859259625307,0,0.11011993558067339,0.37591118409376556,0,0,0,0,False,,,,,"{""profile_name"": ""easy_d00"", ""map_seed"": 20270622, ""query_seed"": 20271622, ""waypoint_count"": 3}"
easy_s01_q0030,bottleneck_waypoint,Easy,d16_20,True,True,0.5139854410663247,3,18.581220254903464,18.13488025588164,0.02461223855487349,0,0.09666233697198966,0.370564837054599,0,0,0,0,False,,,,,"{""profile_name"": ""easy_d00"", ""map_seed"": 20270622, ""query_seed"": 20271622, ""waypoint_count"": 2, ""bottleneck_count"": 2}"
easy_s01_q0030,md_dqn,Easy,d16_20,False,False,0.17022586497478187,600,1.1249999999997455,18.13488025588164,,0,0.0,1.0590070204220203,0,0,0,0,False,,,,md_dqn_not_reached,"{""profile_name"": ""easy_d00"", ""map_seed"": 20270622, ""query_seed"": 20271622, ""md_dqn_source_dir"": ""/home/ubuntu/DQN10/2_experiment"", ""md_dqn_checkpoint_path"": ""/home/ubuntu/DQN10/2_experiment/ugv_dqn/outputs/2026-05-12_train_load_external_demo_smoke/models/realmap_a/mlp-dqn.pt"", ""md_dqn_algo"": ""mlp-dqn"", ""md_dqn_device"": ""cpu"", ""md_dqn_max_steps"": 600, ""md_dqn_rollout_steps"": 600, ""md_dqn_reached"": false}"
easy_s01_q0031,vanilla_ha,Easy,d20_inf,True,True,0.26842236518859863,209,22.064081275066094,,,0,0.312019163107534,0.08113244563586286,0,0,0,0,False,,,,,"{""profile_name"": ""easy_d01"", ""map_seed"": 20270622, ""query_seed"": 20271623, ""evaluation_path_source"": ""trace_poses"", ""planner_path_pose_count"": 59, ""evaluation_path_pose_count"": 223}"
easy_s01_q0031,f_n3p_knn,Easy,d20_inf,True,True,0.018212435068562627,0,21.970438934854123,22.064081275066094,-0.0042441078350174966,0,0.06123232549848468,0.2920544264721574,0,2,0,0,True,1,2,0.5,,"{""profile_name"": ""easy_d01"", ""map_seed"": 20270622, ""query_seed"": 20271623}"
easy_s01_q0031,n3p_k1,Easy,d20_inf,True,True,1.5351463749539107,1289,22.0321833622331,22.064081275066094,-0.001445694132256592,0,0.1574841851438243,0.13336364027183234,0,0,2,0,True,1,1,1.0,,"{""profile_name"": ""easy_d01"", ""map_seed"": 20270622, ""query_seed"": 20271623}"
easy_s01_q0031,voronoi_waypoint,Easy,d20_inf,True,True,0.7679970609024167,5,23.826938941098234,22.064081275066094,0.07989717061205215,0,0.19105050823147124,0.902943800359028,0,0,0,0,False,,,,,"{""profile_name"": ""easy_d01"", ""map_seed"": 20270622, ""query_seed"": 20271623, ""waypoint_count"": 4}"
easy_s01_q0031,bottleneck_waypoint,Easy,d20_inf,True,True,0.47764987288974226,3,22.684668778652117,22.064081275066094,0.028126596156411443,0,0.11655087093414536,0.902943800359028,0,0,0,0,False,,,,,"{""profile_name"": ""easy_d01"", ""map_seed"": 20270622, ""query_seed"": 20271623, ""waypoint_count"": 2, ""bottleneck_count"": 2}"
easy_s01_q0031,md_dqn,Easy,d20_inf,False,False,0.1675316949840635,600,1.1249999999999598,22.064081275066094,,0,0.8286550898949203,1.2784639900817178,0,0,0,0,False,,,,md_dqn_not_reached,"{""profile_name"": ""easy_d01"", ""map_seed"": 20270622, ""query_seed"": 20271623, ""md_dqn_source_dir"": ""/home/ubuntu/DQN10/2_experiment"", ""md_dqn_checkpoint_path"": ""/home/ubuntu/DQN10/2_experiment/ugv_dqn/outputs/2026-05-12_train_load_external_demo_smoke/models/realmap_a/mlp-dqn.pt"", ""md_dqn_algo"": ""mlp-dqn"", ""md_dqn_device"": ""cpu"", ""md_dqn_max_steps"": 600, ""md_dqn_rollout_steps"": 600, ""md_dqn_reached"": false}"
easy_s01_q0032,vanilla_ha,Easy,d08_12,True,True,0.15193653106689453,1,11.859595271340421,,,0,0.0,0.19644832028198422,0,0,0,0,False,,,,,"{""profile_name"": ""easy_d00"", ""map_seed"": 20270622, ""query_seed"": 20271624, ""evaluation_path_source"": ""trace_poses"", ""planner_path_pose_count"": 2, ""evaluation_path_pose_count"": 120}"
easy_s01_q0032,f_n3p_knn,Easy,d08_12,True,True,0.0005056092049926519,0,11.859595271340421,11.859595271340421,0.0,0,0.0,0.19644832028198422,0,0,0,0,False,0,0,,,"{""profile_name"": ""easy_d00"", ""map_seed"": 20270622, ""query_seed"": 20271624}"
easy_s01_q0032,n3p_k1,Easy,d08_12,True,True,0.0004836791194975376,0,11.859595271340421,11.859595271340421,0.0,0,0.0,0.19644832028198422,0,0,0,0,False,0,0,,,"{""profile_name"": ""easy_d00"", ""map_seed"": 20270622, ""query_seed"": 20271624}"
easy_s01_q0032,voronoi_waypoint,Easy,d08_12,True,True,0.4814092409797013,3,12.128285193942293,11.859595271340421,0.022655909957667975,0,0.19492214220500587,0.35789747578939446,0,0,0,0,False,,,,,"{""profile_name"": ""easy_d00"", ""map_seed"": 20270622, ""query_seed"": 20271624, ""waypoint_count"": 2}"
easy_s01_q0032,bottleneck_waypoint,Easy,d08_12,True,True,0.4828663691878319,3,12.33602146818799,11.859595271340421,0.040172213802176504,0,0.255216186602579,0.4511545759612845,0,0,0,0,False,,,,,"{""profile_name"": ""easy_d00"", ""map_seed"": 20270622, ""query_seed"": 20271624, ""waypoint_count"": 2, ""bottleneck_count"": 2}"
easy_s01_q0032,md_dqn,Easy,d08_12,False,False,0.22775289928540587,600,1.2074999999999871,11.859595271340421,,1,0.8300593999480336,0.4519331492477019,0,0,0,0,False,,,,md_dqn_not_reached,"{""profile_name"": ""easy_d00"", ""map_seed"": 20270622, ""query_seed"": 20271624, ""md_dqn_source_dir"": ""/home/ubuntu/DQN10/2_experiment"", ""md_dqn_checkpoint_path"": ""/home/ubuntu/DQN10/2_experiment/ugv_dqn/outputs/2026-05-12_train_load_external_demo_smoke/models/realmap_a/mlp-dqn.pt"", ""md_dqn_algo"": ""mlp-dqn"", ""md_dqn_device"": ""cpu"", ""md_dqn_max_steps"": 600, ""md_dqn_rollout_steps"": 600, ""md_dqn_reached"": false}"
easy_s01_q0033,vanilla_ha,Easy,d12_16,True,True,0.6556165218353271,823,14.078152886804856,,,0,0.19015164748335087,0.11422976825076014,0,0,0,0,False,,,,,"{""profile_name"": ""easy_d01"", ""map_seed"": 20270622, ""query_seed"": 20271625, ""evaluation_path_source"": ""trace_poses"", ""planner_path_pose_count"": 25, ""evaluation_path_pose_count"": 144}"
easy_s01_q0033,f_n3p_knn,Easy,d12_16,True,True,0.018979612039402127,0,13.763354072708553,14.078152886804856,-0.022360803766476867,0,0.13570257528202914,0.21102047634005017,0,8,0,0,True,0,2,0.0,,"{""profile_name"": ""easy_d01"", ""map_seed"": 20270622, ""query_seed"": 20271625}"
easy_s01_q0033,n3p_k1,Easy,d12_16,True,True,0.16245974088087678,7,13.754114414948383,14.078152886804856,-0.023017115559256895,0,0.10054186409273716,0.2830543617971193,0,0,1,0,True,0,0,,,"{""profile_name"": ""easy_d01"", ""map_seed"": 20270622, ""query_seed"": 20271625}"
easy_s01_q0033,voronoi_waypoint,Easy,d12_16,True,True,0.6299196521285921,4,17.63229738106207,14.078152886804856,0.25245815433560437,2,0.27538004061335536,0.37921536854695725,0,0,0,0,False,,,,,"{""profile_name"": ""easy_d01"", ""map_seed"": 20270622, ""query_seed"": 20271625, ""waypoint_count"": 3}"
easy_s01_q0033,bottleneck_waypoint,Easy,d12_16,True,True,0.48350282409228384,3,15.811804785619804,14.078152886804856,0.1231448409996927,0,0.19868653175170367,0.37921536854695725,0,0,0,0,False,,,,,"{""profile_name"": ""easy_d01"", ""map_seed"": 20270622, ""query_seed"": 20271625, ""waypoint_count"": 2, ""bottleneck_count"": 2}"
easy_s01_q0033,md_dqn,Easy,d12_16,False,False,0.16558153508231044,600,1.1250000000000064,14.078152886804856,,0,0.8385645564237204,0.5913114409871576,0,0,0,0,False,,,,md_dqn_not_reached,"{""profile_name"": ""easy_d01"", ""map_seed"": 20270622, ""query_seed"": 20271625, ""md_dqn_source_dir"": ""/home/ubuntu/DQN10/2_experiment"", ""md_dqn_checkpoint_path"": ""/home/ubuntu/DQN10/2_experiment/ugv_dqn/outputs/2026-05-12_train_load_external_demo_smoke/models/realmap_a/mlp-dqn.pt"", ""md_dqn_algo"": ""mlp-dqn"", ""md_dqn_device"": ""cpu"", ""md_dqn_max_steps"": 600, ""md_dqn_rollout_steps"": 600, ""md_dqn_reached"": false}"
easy_s01_q0034,vanilla_ha,Easy,d16_20,True,True,0.17606067657470703,57,16.722375614936542,,,0,0.15149186366617734,0.10375489578104702,0,0,0,0,False,,,,,"{""profile_name"": ""easy_d00"", ""map_seed"": 20270622, ""query_seed"": 20271626, ""evaluation_path_source"": ""trace_poses"", ""planner_path_pose_count"": 16, ""evaluation_path_pose_count"": 170}"
easy_s01_q0034,f_n3p_knn,Easy,d16_20,True,True,0.17894112109206617,16,17.15873530310183,16.722375614936542,0.026094359929071942,0,0.1611921424518094,0.10478044741337511,0,19,1,0,True,1,1,1.0,,"{""profile_name"": ""easy_d00"", ""map_seed"": 20270622, ""query_seed"": 20271626}"
easy_s01_q0034,n3p_k1,Easy,d16_20,True,True,0.17167544597759843,16,17.15873530310183,16.722375614936542,0.026094359929071942,0,0.1611921424518094,0.10478044741337511,0,0,1,0,True,1,1,1.0,,"{""profile_name"": ""easy_d00"", ""map_seed"": 20270622, ""query_seed"": 20271626}"
easy_s01_q0034,voronoi_waypoint,Easy,d16_20,True,True,0.6537207539658993,40,19.49601762726263,16.722375614936542,0.16586411381936994,0,0.20906714017162414,0.057001446716905546,0,0,0,0,False,,,,,"{""profile_name"": ""easy_d00"", ""map_seed"": 20270622, ""query_seed"": 20271626, ""waypoint_count"": 3}"
easy_s01_q0034,bottleneck_waypoint,Easy,d16_20,True,True,0.6250910279341042,4,19.19404367711265,16.722375614936542,0.14780603659975178,0,0.16087582793001418,0.588183488809688,0,0,0,0,False,,,,,"{""profile_name"": ""easy_d00"", ""map_seed"": 20270622, ""query_seed"": 20271626, ""waypoint_count"": 3, ""bottleneck_count"": 3}"
easy_s01_q0034,md_dqn,Easy,d16_20,False,False,0.1677861122880131,600,1.1250000000000193,16.722375614936542,,0,0.838564556423712,2.097078049605015,0,0,0,0,False,,,,md_dqn_not_reached,"{""profile_name"": ""easy_d00"", ""map_seed"": 20270622, ""query_seed"": 20271626, ""md_dqn_source_dir"": ""/home/ubuntu/DQN10/2_experiment"", ""md_dqn_checkpoint_path"": ""/home/ubuntu/DQN10/2_experiment/ugv_dqn/outputs/2026-05-12_train_load_external_demo_smoke/models/realmap_a/mlp-dqn.pt"", ""md_dqn_algo"": ""mlp-dqn"", ""md_dqn_device"": ""cpu"", ""md_dqn_max_steps"": 600, ""md_dqn_rollout_steps"": 600, ""md_dqn_reached"": false}"
easy_s01_q0035,vanilla_ha,Easy,d20_inf,True,True,0.31578516960144043,281,32.60994745310098,,,1,0.14935423299042028,0.08023113837204598,0,0,0,0,False,,,,,"{""profile_name"": ""easy_d01"", ""map_seed"": 20270623, ""query_seed"": 20271623, ""evaluation_path_source"": ""trace_poses"", ""planner_path_pose_count"": 49, ""evaluation_path_pose_count"": 329}"
easy_s01_q0035,f_n3p_knn,Easy,d20_inf,True,True,0.06592842796817422,0,31.22459608446913,32.60994745310098,-0.04248247779682057,1,0.17053860741099952,0.07427761964751767,0,36,0,0,True,2,7,0.2857142857142857,,"{""profile_name"": ""easy_d01"", ""map_seed"": 20270623, ""query_seed"": 20271623}"
easy_s01_q0035,n3p_k1,Easy,d20_inf,True,True,0.5152818281203508,440,32.2925363091623,32.60994745310098,-0.009733568089772993,1,0.22791264523566857,0.07051465020876901,0,0,2,0,True,0,0,,,"{""profile_name"": ""easy_d01"", ""map_seed"": 20270623, ""query_seed"": 20271623}"
easy_s01_q0035,voronoi_waypoint,Easy,d20_inf,True,True,1.0828354910481721,37,32.72111091874534,32.60994745310098,0.0034088820843465317,1,0.22158842027184975,0.06849615764913874,0,0,0,0,False,,,,,"{""profile_name"": ""easy_d01"", ""map_seed"": 20270623, ""query_seed"": 20271623, ""waypoint_count"": 6}"
easy_s01_q0035,bottleneck_waypoint,Easy,d20_inf,True,True,1.065002281917259,11,33.687317591462005,32.60994745310098,0.033038082625262755,3,0.20371108553203368,0.09788708200917373,0,0,0,0,False,,,,,"{""profile_name"": ""easy_d01"", ""map_seed"": 20270623, ""query_seed"": 20271623, ""waypoint_count"": 6, ""bottleneck_count"": 6}"
easy_s01_q0035,md_dqn,Easy,d20_inf,False,False,0.0014687320217490196,1,0.0037499999999998208,32.60994745310098,,0,0.08734630124012517,0.16742015528341647,0,0,0,0,False,,,,md_dqn_not_reached,"{""profile_name"": ""easy_d01"", ""map_seed"": 20270623, ""query_seed"": 20271623, ""md_dqn_source_dir"": ""/home/ubuntu/DQN10/2_experiment"", ""md_dqn_checkpoint_path"": ""/home/ubuntu/DQN10/2_experiment/ugv_dqn/outputs/2026-05-12_train_load_external_demo_smoke/models/realmap_a/mlp-dqn.pt"", ""md_dqn_algo"": ""mlp-dqn"", ""md_dqn_device"": ""cpu"", ""md_dqn_max_steps"": 600, ""md_dqn_rollout_steps"": 1, ""md_dqn_reached"": false}"
easy_s01_q0036,vanilla_ha,Easy,d08_12,True,True,0.2770388126373291,157,9.854056582419938,,,0,0.3893098740835293,0.07756920071605389,0,0,0,0,False,,,,,"{""profile_name"": ""easy_d00"", ""map_seed"": 20270623, ""query_seed"": 20271624, ""evaluation_path_source"": ""trace_poses"", ""planner_path_pose_count"": 30, ""evaluation_path_pose_count"": 101}"
easy_s01_q0036,f_n3p_knn,Easy,d08_12,True,True,0.2440164741128683,85,9.854672866916538,9.854056582419938,6.254119726678553e-05,0,0.34775798571209304,0.08367282603149806,0,19,1,0,True,0,0,,,"{""profile_name"": ""easy_d00"", ""map_seed"": 20270623, ""query_seed"": 20271624}"
easy_s01_q0036,n3p_k1,Easy,d08_12,True,True,0.2403432009741664,85,9.854672866916538,9.854056582419938,6.254119726678553e-05,0,0.34775798571209304,0.08367282603149806,0,0,1,0,True,0,0,,,"{""profile_name"": ""easy_d00"", ""map_seed"": 20270623, ""query_seed"": 20271624}"
easy_s01_q0036,voronoi_waypoint,Easy,d08_12,True,True,0.5214808008167893,45,10.540910306935857,9.854056582419938,0.06970263655084907,2,0.3736779785600096,0.06517133534453334,0,0,0,0,False,,,,,"{""profile_name"": ""easy_d00"", ""map_seed"": 20270623, ""query_seed"": 20271624, ""waypoint_count"": 2}"
easy_s01_q0036,bottleneck_waypoint,Easy,d08_12,True,True,0.34170586499385536,8,10.55939586610467,9.854056582419938,0.07157857048873528,0,0.2650862527427682,0.07642791110790426,0,0,0,0,False,,,,,"{""profile_name"": ""easy_d00"", ""map_seed"": 20270623, ""query_seed"": 20271624, ""waypoint_count"": 1, ""bottleneck_count"": 1}"
easy_s01_q0036,md_dqn,Easy,d08_12,False,False,0.16496509383432567,600,1.1249999999999936,9.854056582419938,,0,0.8286550898948948,0.9334937798863692,0,0,0,0,False,,,,md_dqn_not_reached,"{""profile_name"": ""easy_d00"", ""map_seed"": 20270623, ""query_seed"": 20271624, ""md_dqn_source_dir"": ""/home/ubuntu/DQN10/2_experiment"", ""md_dqn_checkpoint_path"": ""/home/ubuntu/DQN10/2_experiment/ugv_dqn/outputs/2026-05-12_train_load_external_demo_smoke/models/realmap_a/mlp-dqn.pt"", ""md_dqn_algo"": ""mlp-dqn"", ""md_dqn_device"": ""cpu"", ""md_dqn_max_steps"": 600, ""md_dqn_rollout_steps"": 600, ""md_dqn_reached"": false}"
easy_s01_q0037,vanilla_ha,Easy,d12_16,True,True,0.25216245651245117,161,13.096883164801975,,,0,0.22921519210519284,0.24616471122392947,0,0,0,0,False,,,,,"{""profile_name"": ""easy_d01"", ""map_seed"": 20270623, ""query_seed"": 20271625, ""evaluation_path_source"": ""trace_poses"", ""planner_path_pose_count"": 26, ""evaluation_path_pose_count"": 133}"
easy_s01_q0037,f_n3p_knn,Easy,d12_16,True,True,0.011172451078891754,0,13.173770831413172,13.096883164801975,0.00587068431807003,0,0.08258191965362906,0.29125853870569873,0,8,0,0,True,0,1,0.0,,"{""profile_name"": ""easy_d01"", ""map_seed"": 20270623, ""query_seed"": 20271625}"
easy_s01_q0037,n3p_k1,Easy,d12_16,True,True,0.26209845184348524,161,13.096883164801975,13.096883164801975,0.0,0,0.22921519210519287,0.24616471122392947,0,0,1,0,True,0,0,,,"{""profile_name"": ""easy_d01"", ""map_seed"": 20270623, ""query_seed"": 20271625}"
easy_s01_q0037,voronoi_waypoint,Easy,d12_16,True,True,0.4778622461017221,3,13.930036752062284,13.096883164801975,0.06361464607849743,0,0.2491828947153978,0.5261245581863672,0,0,0,0,False,,,,,"{""profile_name"": ""easy_d01"", ""map_seed"": 20270623, ""query_seed"": 20271625, ""waypoint_count"": 2}"
easy_s01_q0037,bottleneck_waypoint,Easy,d12_16,True,True,0.35572016309015453,2,13.244254032045315,13.096883164801975,0.01125236175576494,0,0.08305987203246003,0.5261245581863672,0,0,0,0,False,,,,,"{""profile_name"": ""easy_d01"", ""map_seed"": 20270623, ""query_seed"": 20271625, ""waypoint_count"": 1, ""bottleneck_count"": 1}"
easy_s01_q0037,md_dqn,Easy,d12_16,False,False,0.3988971265498549,600,1.125000000000012,13.096883164801975,,0,0.82865508989488,0.5261245581863672,0,0,0,0,False,,,,md_dqn_not_reached,"{""profile_name"": ""easy_d01"", ""map_seed"": 20270623, ""query_seed"": 20271625, ""md_dqn_source_dir"": ""/home/ubuntu/DQN10/2_experiment"", ""md_dqn_checkpoint_path"": ""/home/ubuntu/DQN10/2_experiment/ugv_dqn/outputs/2026-05-12_train_load_external_demo_smoke/models/realmap_a/mlp-dqn.pt"", ""md_dqn_algo"": ""mlp-dqn"", ""md_dqn_device"": ""cpu"", ""md_dqn_max_steps"": 600, ""md_dqn_rollout_steps"": 600, ""md_dqn_reached"": false}"
easy_s01_q0038,vanilla_ha,Easy,d16_20,True,True,0.15289068222045898,9,18.60434469381685,,,0,0.03544507981891854,0.08986592075221023,0,0,0,0,False,,,,,"{""profile_name"": ""easy_d00"", ""map_seed"": 20270623, ""query_seed"": 20271626, ""evaluation_path_source"": ""trace_poses"", ""planner_path_pose_count"": 9, ""evaluation_path_pose_count"": 188}"
easy_s01_q0038,f_n3p_knn,Easy,d16_20,True,True,0.00942667480558157,0,18.580537534901197,18.60434469381685,-0.0012796558711130057,0,0.033693472888174786,0.08511471425693895,0,0,0,0,False,1,1,1.0,,"{""profile_name"": ""easy_d00"", ""map_seed"": 20270623, ""query_seed"": 20271626}"
easy_s01_q0038,n3p_k1,Easy,d16_20,True,True,0.006810319842770696,0,18.580537534901197,18.60434469381685,-0.0012796558711130057,0,0.033693472888174786,0.08511471425693895,0,0,0,0,False,1,1,1.0,,"{""profile_name"": ""easy_d00"", ""map_seed"": 20270623, ""query_seed"": 20271626}"
easy_s01_q0038,voronoi_waypoint,Easy,d16_20,True,True,0.6305854809470475,16,23.034643131316727,18.60434469381685,0.23813246370200214,2,0.3445998801807721,0.07772301172603491,0,0,0,0,False,,,,,"{""profile_name"": ""easy_d00"", ""map_seed"": 20270623, ""query_seed"": 20271626, ""waypoint_count"": 3}"
easy_s01_q0038,bottleneck_waypoint,Easy,d16_20,True,True,0.7860699431039393,23,22.48191555804268,18.60434469381685,0.20842286724103443,5,0.34892498318275267,0.1379753726103552,0,0,0,0,False,,,,,"{""profile_name"": ""easy_d00"", ""map_seed"": 20270623, ""query_seed"": 20271626, ""waypoint_count"": 4, ""bottleneck_count"": 4}"
easy_s01_q0038,md_dqn,Easy,d16_20,False,False,0.93613610859029,585,36.195000000000014,18.60434469381685,,1,0.2227562914009453,0.14632363992127317,0,0,0,0,False,,,,md_dqn_not_reached,"{""profile_name"": ""easy_d00"", ""map_seed"": 20270623, ""query_seed"": 20271626, ""md_dqn_source_dir"": ""/home/ubuntu/DQN10/2_experiment"", ""md_dqn_checkpoint_path"": ""/home/ubuntu/DQN10/2_experiment/ugv_dqn/outputs/2026-05-12_train_load_external_demo_smoke/models/realmap_a/mlp-dqn.pt"", ""md_dqn_algo"": ""mlp-dqn"", ""md_dqn_device"": ""cpu"", ""md_dqn_max_steps"": 600, ""md_dqn_rollout_steps"": 585, ""md_dqn_reached"": false}"
easy_s01_q0039,vanilla_ha,Easy,d20_inf,False,False,2.5024428367614746,5289,,,,0,,,0,0,0,0,False,,,,timeout,"{""profile_name"": ""easy_d01"", ""map_seed"": 20270623, ""query_seed"": 20271627, ""evaluation_path_source"": ""planner_path"", ""planner_path_pose_count"": 0, ""evaluation_path_pose_count"": 0}"
easy_s01_q0039,f_n3p_knn,Easy,d20_inf,True,True,0.03954038885422051,0,34.32574490048135,,,3,0.11084842146852056,0.11075319720234533,0,3,0,0,True,1,4,0.25,,"{""profile_name"": ""easy_d01"", ""map_seed"": 20270623, ""query_seed"": 20271627}"
easy_s01_q0039,n3p_k1,Easy,d20_inf,True,True,0.8827762200962752,626,35.272947858171044,,,2,0.13606093528510643,0.07259391524047787,0,0,2,0,True,2,2,1.0,,"{""profile_name"": ""easy_d01"", ""map_seed"": 20270623, ""query_seed"": 20271627}"
easy_s01_q0039,voronoi_waypoint,Easy,d20_inf,True,True,1.057761874049902,11,35.668329036364035,,,0,0.2676055578811419,0.07131355810145912,0,0,0,0,False,,,,,"{""profile_name"": ""easy_d01"", ""map_seed"": 20270623, ""query_seed"": 20271627, ""waypoint_count"": 6}"
easy_s01_q0039,bottleneck_waypoint,Easy,d20_inf,True,True,1.2039020890370011,11,35.13189381099604,,,0,0.30133329718494567,0.07131355810145912,0,0,0,0,False,,,,,"{""profile_name"": ""easy_d01"", ""map_seed"": 20270623, ""query_seed"": 20271627, ""waypoint_count"": 7, ""bottleneck_count"": 7}"
easy_s01_q0039,md_dqn,Easy,d20_inf,False,False,0.43512578355148435,431,27.033125,,,2,0.11810114310355319,0.076544538174519,0,0,0,0,False,,,,md_dqn_not_reached,"{""profile_name"": ""easy_d01"", ""map_seed"": 20270623, ""query_seed"": 20271627, ""md_dqn_source_dir"": ""/home/ubuntu/DQN10/2_experiment"", ""md_dqn_checkpoint_path"": ""/home/ubuntu/DQN10/2_experiment/ugv_dqn/outputs/2026-05-12_train_load_external_demo_smoke/models/realmap_a/mlp-dqn.pt"", ""md_dqn_algo"": ""mlp-dqn"", ""md_dqn_device"": ""cpu"", ""md_dqn_max_steps"": 600, ""md_dqn_rollout_steps"": 431, ""md_dqn_reached"": false}"
easy_s02_q0040,vanilla_ha,Easy,d08_12,True,True,0.15106415748596191,8,9.719366791435954,,,0,0.06734425348425047,0.1959317312648321,0,0,0,0,False,,,,,"{""profile_name"": ""easy_d00"", ""map_seed"": 20280620, ""query_seed"": 20281620, ""evaluation_path_source"": ""trace_poses"", ""planner_path_pose_count"": 7, ""evaluation_path_pose_count"": 100}"
easy_s02_q0040,f_n3p_knn,Easy,d08_12,True,True,0.0110849819611758,0,9.933454457040433,9.719366791435954,0.022026914941940312,0,0.12622416587032298,0.2126802778377993,0,6,0,0,True,0,1,0.0,,"{""profile_name"": ""easy_d00"", ""map_seed"": 20280620, ""query_seed"": 20281620}"
easy_s02_q0040,n3p_k1,Easy,d08_12,True,True,0.1568700009956956,7,9.818626977863627,9.719366791435954,0.010212618636343151,0,0.140486112535148,0.1939045119622793,0,0,1,0,True,0,0,,,"{""profile_name"": ""easy_d00"", ""map_seed"": 20280620, ""query_seed"": 20281620}"
easy_s02_q0040,voronoi_waypoint,Easy,d08_12,True,True,0.4876839639618993,15,15.382504801478015,9.719366791435954,0.5826653249707618,4,0.42743756168505254,0.19161721767491646,0,0,0,0,False,,,,,"{""profile_name"": ""easy_d00"", ""map_seed"": 20280620, ""query_seed"": 20281620, ""waypoint_count"": 2}"
easy_s02_q0040,bottleneck_waypoint,Easy,d08_12,True,True,0.47860591509379447,3,15.895561834587426,9.719366791435954,0.6354524091624483,1,0.4083641833554342,0.2982126816652866,0,0,0,0,False,,,,,"{""profile_name"": ""easy_d00"", ""map_seed"": 20280620, ""query_seed"": 20281620, ""waypoint_count"": 2, ""bottleneck_count"": 2}"
easy_s02_q0040,md_dqn,Easy,d08_12,False,False,0.27695233142003417,537,5.353125000000346,9.719366791435954,,2,0.3115675547937019,0.2072215543737691,0,0,0,0,False,,,,md_dqn_not_reached,"{""profile_name"": ""easy_d00"", ""map_seed"": 20280620, ""query_seed"": 20281620, ""md_dqn_source_dir"": ""/home/ubuntu/DQN10/2_experiment"", ""md_dqn_checkpoint_path"": ""/home/ubuntu/DQN10/2_experiment/ugv_dqn/outputs/2026-05-12_train_load_external_demo_smoke/models/realmap_a/mlp-dqn.pt"", ""md_dqn_algo"": ""mlp-dqn"", ""md_dqn_device"": ""cpu"", ""md_dqn_max_steps"": 600, ""md_dqn_rollout_steps"": 537, ""md_dqn_reached"": false}"
easy_s02_q0041,vanilla_ha,Easy,d12_16,True,True,0.17545390129089355,49,13.045341094113928,,,0,0.20370933968192698,0.09280436358235711,0,0,0,0,False,,,,,"{""profile_name"": ""easy_d01"", ""map_seed"": 20280620, ""query_seed"": 20281621, ""evaluation_path_source"": ""trace_poses"", ""planner_path_pose_count"": 15, ""evaluation_path_pose_count"": 132}"
easy_s02_q0041,f_n3p_knn,Easy,d12_16,True,True,0.010994927957654,0,12.828615340350852,13.045341094113928,-0.016613268461095454,0,0.06690577366744302,0.1308864294510026,0,5,0,0,True,0,1,0.0,,"{""profile_name"": ""easy_d01"", ""map_seed"": 20280620, ""query_seed"": 20281621}"
easy_s02_q0041,n3p_k1,Easy,d12_16,True,True,0.2176862438209355,93,12.771745016318956,13.045341094113928,-0.02097270403442486,0,0.1406070504951473,0.1308864294510026,0,0,1,0,True,0,0,,,"{""profile_name"": ""easy_d01"", ""map_seed"": 20280620, ""query_seed"": 20281621}"
easy_s02_q0041,voronoi_waypoint,Easy,d12_16,True,True,0.4729582949075848,3,13.394824449198934,13.045341094113928,0.026789897831241305,0,0.30592330585441235,0.1308864294510026,0,0,0,0,False,,,,,"{""profile_name"": ""easy_d01"", ""map_seed"": 20280620, ""query_seed"": 20281621, ""waypoint_count"": 2}"
easy_s02_q0041,bottleneck_waypoint,Easy,d12_16,True,True,0.4728352299425751,3,12.875780203490264,13.045341094113928,-0.012997811969835738,0,0.08090589595496592,0.1308864294510026,0,0,0,0,False,,,,,"{""profile_name"": ""easy_d01"", ""map_seed"": 20280620, ""query_seed"": 20281621, ""waypoint_count"": 2, ""bottleneck_count"": 2}"
easy_s02_q0041,md_dqn,Easy,d12_16,False,False,0.16762596694752574,600,1.124999999999064,13.045341094113928,,0,0.0,1.021024487043428,0,0,0,0,False,,,,md_dqn_not_reached,"{""profile_name"": ""easy_d01"", ""map_seed"": 20280620, ""query_seed"": 20281621, ""md_dqn_source_dir"": ""/home/ubuntu/DQN10/2_experiment"", ""md_dqn_checkpoint_path"": ""/home/ubuntu/DQN10/2_experiment/ugv_dqn/outputs/2026-05-12_train_load_external_demo_smoke/models/realmap_a/mlp-dqn.pt"", ""md_dqn_algo"": ""mlp-dqn"", ""md_dqn_device"": ""cpu"", ""md_dqn_max_steps"": 600, ""md_dqn_rollout_steps"": 600, ""md_dqn_reached"": false}"
easy_s02_q0042,vanilla_ha,Easy,d16_20,True,True,0.151641845703125,1,16.983815825661793,,,0,0.0,0.5885881192363516,0,0,0,0,False,,,,,"{""profile_name"": ""easy_d00"", ""map_seed"": 20280620, ""query_seed"": 20281622, ""evaluation_path_source"": ""trace_poses"", ""planner_path_pose_count"": 2, ""evaluation_path_pose_count"": 171}"
easy_s02_q0042,f_n3p_knn,Easy,d16_20,True,True,0.0006905170157551765,0,16.983815825661793,16.983815825661793,0.0,0,3.268473457383055e-18,0.5885881192363516,0,0,0,0,False,0,0,,,"{""profile_name"": ""easy_d00"", ""map_seed"": 20280620, ""query_seed"": 20281622}"
easy_s02_q0042,n3p_k1,Easy,d16_20,True,True,0.0006602269131690264,0,16.983815825661793,16.983815825661793,0.0,0,3.268473457383055e-18,0.5885881192363516,0,0,0,0,False,0,0,,,"{""profile_name"": ""easy_d00"", ""map_seed"": 20280620, ""query_seed"": 20281622}"
easy_s02_q0042,voronoi_waypoint,Easy,d16_20,True,True,0.6248381799086928,4,18.50097118486686,16.983815825661793,0.08932947547115488,0,0.23320788050431654,0.666346919520393,0,0,0,0,False,,,,,"{""profile_name"": ""easy_d00"", ""map_seed"": 20280620, ""query_seed"": 20281622, ""waypoint_count"": 3}"
easy_s02_q0042,bottleneck_waypoint,Easy,d16_20,True,True,0.6267575239762664,4,19.790456964068774,16.983815825661793,0.16525386092366068,1,0.2878676430092924,0.6979663662432418,0,0,0,0,False,,,,,"{""profile_name"": ""easy_d00"", ""map_seed"": 20280620, ""query_seed"": 20281622, ""waypoint_count"": 3, ""bottleneck_count"": 3}"
easy_s02_q0042,md_dqn,Easy,d16_20,False,False,0.16634317743591964,600,1.1250000000000049,16.983815825661793,,0,0.2924028973547799,0.7434716439379014,0,0,0,0,False,,,,md_dqn_not_reached,"{""profile_name"": ""easy_d00"", ""map_seed"": 20280620, ""query_seed"": 20281622, ""md_dqn_source_dir"": ""/home/ubuntu/DQN10/2_experiment"", ""md_dqn_checkpoint_path"": ""/home/ubuntu/DQN10/2_experiment/ugv_dqn/outputs/2026-05-12_train_load_external_demo_smoke/models/realmap_a/mlp-dqn.pt"", ""md_dqn_algo"": ""mlp-dqn"", ""md_dqn_device"": ""cpu"", ""md_dqn_max_steps"": 600, ""md_dqn_rollout_steps"": 600, ""md_dqn_reached"": false}"
easy_s02_q0043,vanilla_ha,Easy,d20_inf,True,True,0.2859358787536621,401,23.28156050763635,,,0,0.14558951476529974,0.0670950342090244,0,0,0,0,False,,,,,"{""profile_name"": ""easy_d01"", ""map_seed"": 20280620, ""query_seed"": 20281623, ""evaluation_path_source"": ""trace_poses"", ""planner_path_pose_count"": 25, ""evaluation_path_pose_count"": 235}"
easy_s02_q0043,f_n3p_knn,Easy,d20_inf,True,True,0.02137126587331295,0,22.4592412566426,23.28156050763635,-0.03532062426502858,0,0.05759718109291984,0.17538790457476716,0,0,0,0,False,2,2,1.0,,"{""profile_name"": ""easy_d01"", ""map_seed"": 20280620, ""query_seed"": 20281623}"
easy_s02_q0043,n3p_k1,Easy,d20_inf,True,True,0.018756916979327798,0,22.4592412566426,23.28156050763635,-0.03532062426502858,0,0.05759718109291984,0.17538790457476716,0,0,0,0,False,2,2,1.0,,"{""profile_name"": ""easy_d01"", ""map_seed"": 20280620, ""query_seed"": 20281623}"
easy_s02_q0043,voronoi_waypoint,Easy,d20_inf,True,True,0.7692398768849671,5,23.59250822843483,23.28156050763635,0.013355965580420959,0,0.1521293686631087,0.6633069079909764,0,0,0,0,False,,,,,"{""profile_name"": ""easy_d01"", ""map_seed"": 20280620, ""query_seed"": 20281623, ""waypoint_count"": 4}"
easy_s02_q0043,bottleneck_waypoint,Easy,d20_inf,True,True,0.6238024509511888,4,22.6957166047593,23.28156050763635,-0.025163429345077315,0,0.10648252089145537,0.6673692884680753,0,0,0,0,False,,,,,"{""profile_name"": ""easy_d01"", ""map_seed"": 20280620, ""query_seed"": 20281623, ""waypoint_count"": 3, ""bottleneck_count"": 3}"
easy_s02_q0043,md_dqn,Easy,d20_inf,False,False,0.1658885006327182,600,1.1249999999999885,23.28156050763635,,0,0.8385645564237346,0.740006559307071,0,0,0,0,False,,,,md_dqn_not_reached,"{""profile_name"": ""easy_d01"", ""map_seed"": 20280620, ""query_seed"": 20281623, ""md_dqn_source_dir"": ""/home/ubuntu/DQN10/2_experiment"", ""md_dqn_checkpoint_path"": ""/home/ubuntu/DQN10/2_experiment/ugv_dqn/outputs/2026-05-12_train_load_external_demo_smoke/models/realmap_a/mlp-dqn.pt"", ""md_dqn_algo"": ""mlp-dqn"", ""md_dqn_device"": ""cpu"", ""md_dqn_max_steps"": 600, ""md_dqn_rollout_steps"": 600, ""md_dqn_reached"": false}"
easy_s02_q0044,vanilla_ha,Easy,d08_12,True,True,0.14947247505187988,1,10.830050784737804,,,0,0.0,0.6820275189920313,0,0,0,0,False,,,,,"{""profile_name"": ""easy_d00"", ""map_seed"": 20280620, ""query_seed"": 20281624, ""evaluation_path_source"": ""trace_poses"", ""planner_path_pose_count"": 2, ""evaluation_path_pose_count"": 110}"
easy_s02_q0044,f_n3p_knn,Easy,d08_12,True,True,0.00048240204341709614,0,10.830050784737809,10.830050784737804,4.440892098500626e-16,0,1.0251318730561558e-17,0.6820275189920313,0,0,0,0,False,0,0,,,"{""profile_name"": ""easy_d00"", ""map_seed"": 20280620, ""query_seed"": 20281624}"
easy_s02_q0044,n3p_k1,Easy,d08_12,True,True,0.0004593809135258198,0,10.830050784737809,10.830050784737804,4.440892098500626e-16,0,1.0251318730561558e-17,0.6820275189920313,0,0,0,0,False,0,0,,,"{""profile_name"": ""easy_d00"", ""map_seed"": 20280620, ""query_seed"": 20281624}"
easy_s02_q0044,voronoi_waypoint,Easy,d08_12,True,True,0.3389423619955778,2,10.845201299936944,10.830050784737804,0.001398932978272871,0,0.05682621878599726,0.6855619142856324,0,0,0,0,False,,,,,"{""profile_name"": ""easy_d00"", ""map_seed"": 20280620, ""query_seed"": 20281624, ""waypoint_count"": 1}"
easy_s02_q0044,bottleneck_waypoint,Easy,d08_12,True,True,0.33809735998511314,2,10.925298876617456,10.830050784737804,0.00879479642088854,0,0.1108778251894702,0.6857006242576738,0,0,0,0,False,,,,,"{""profile_name"": ""easy_d00"", ""map_seed"": 20280620, ""query_seed"": 20281624, ""waypoint_count"": 1, ""bottleneck_count"": 1}"
easy_s02_q0044,md_dqn,Easy,d08_12,False,False,0.1661398452706635,600,1.1249999999999154,10.830050784737804,,0,0.0,3.763844544744559,0,0,0,0,False,,,,md_dqn_not_reached,"{""profile_name"": ""easy_d00"", ""map_seed"": 20280620, ""query_seed"": 20281624, ""md_dqn_source_dir"": ""/home/ubuntu/DQN10/2_experiment"", ""md_dqn_checkpoint_path"": ""/home/ubuntu/DQN10/2_experiment/ugv_dqn/outputs/2026-05-12_train_load_external_demo_smoke/models/realmap_a/mlp-dqn.pt"", ""md_dqn_algo"": ""mlp-dqn"", ""md_dqn_device"": ""cpu"", ""md_dqn_max_steps"": 600, ""md_dqn_rollout_steps"": 600, ""md_dqn_reached"": false}"
easy_s02_q0045,vanilla_ha,Easy,d12_16,True,True,0.932246208190918,1141,13.39119162167384,,,0,0.2054851421662119,0.07996818698857255,0,0,0,0,False,,,,,"{""profile_name"": ""easy_d01"", ""map_seed"": 20280621, ""query_seed"": 20281621, ""evaluation_path_source"": ""trace_poses"", ""planner_path_pose_count"": 30, ""evaluation_path_pose_count"": 136}"
easy_s02_q0045,f_n3p_knn,Easy,d12_16,True,True,0.010640250984579325,0,13.106058024395006,13.39119162167384,-0.021292623191004223,0,0.03853698927758004,0.19130211925041307,0,9,0,0,True,0,1,0.0,,"{""profile_name"": ""easy_d01"", ""map_seed"": 20280621, ""query_seed"": 20281621}"
easy_s02_q0045,n3p_k1,Easy,d12_16,True,True,0.9374193099793047,1141,13.39119162167384,13.39119162167384,0.0,0,0.2054851421662119,0.07996818698857255,0,0,1,0,True,0,0,,,"{""profile_name"": ""easy_d01"", ""map_seed"": 20280621, ""query_seed"": 20281621}"
easy_s02_q0045,voronoi_waypoint,Easy,d12_16,True,True,0.4708704650402069,3,15.288286598793672,13.39119162167384,0.14166737589277378,0,0.21414291877874414,0.347082600743434,0,0,0,0,False,,,,,"{""profile_name"": ""easy_d01"", ""map_seed"": 20280621, ""query_seed"": 20281621, ""waypoint_count"": 2}"
easy_s02_q0045,bottleneck_waypoint,Easy,d12_16,True,True,0.33186554396525025,2,14.992036463050086,13.39119162167384,0.11954461459466037,0,0.15394436274792517,0.34708260074343456,0,0,0,0,False,,,,,"{""profile_name"": ""easy_d01"", ""map_seed"": 20280621, ""query_seed"": 20281621, ""waypoint_count"": 1, ""bottleneck_count"": 1}"
easy_s02_q0045,md_dqn,Easy,d12_16,False,False,0.16863850853405893,600,1.1249999999998106,13.39119162167384,,0,0.0,1.835796289764858,0,0,0,0,False,,,,md_dqn_not_reached,"{""profile_name"": ""easy_d01"", ""map_seed"": 20280621, ""query_seed"": 20281621, ""md_dqn_source_dir"": ""/home/ubuntu/DQN10/2_experiment"", ""md_dqn_checkpoint_path"": ""/home/ubuntu/DQN10/2_experiment/ugv_dqn/outputs/2026-05-12_train_load_external_demo_smoke/models/realmap_a/mlp-dqn.pt"", ""md_dqn_algo"": ""mlp-dqn"", ""md_dqn_device"": ""cpu"", ""md_dqn_max_steps"": 600, ""md_dqn_rollout_steps"": 600, ""md_dqn_reached"": false}"
easy_s02_q0046,vanilla_ha,Easy,d16_20,True,True,0.24467253684997559,171,18.74765890031978,,,0,0.2363469443520609,0.08912958616225064,0,0,0,0,False,,,,,"{""profile_name"": ""easy_d00"", ""map_seed"": 20280621, ""query_seed"": 20281622, ""evaluation_path_source"": ""trace_poses"", ""planner_path_pose_count"": 44, ""evaluation_path_pose_count"": 190}"
easy_s02_q0046,f_n3p_knn,Easy,d16_20,True,True,0.18144170986488461,4,23.57664772233445,18.74765890031978,0.25757823137758806,3,0.24002676697260492,0.11328742661078228,0,20,1,0,True,2,3,0.6666666666666666,,"{""profile_name"": ""easy_d00"", ""map_seed"": 20280621, ""query_seed"": 20281622}"
easy_s02_q0046,n3p_k1,Easy,d16_20,True,True,0.17721856106072664,11,23.270307689541088,18.74765890031978,0.24123805608305382,2,0.23828584521843582,0.08459368418803015,0,0,1,0,True,2,2,1.0,,"{""profile_name"": ""easy_d00"", ""map_seed"": 20280621, ""query_seed"": 20281622}"
easy_s02_q0046,voronoi_waypoint,Easy,d16_20,True,True,0.6155507490038872,4,19.753203892575943,18.74765890031978,0.05363576314261875,0,0.2133861767091744,0.2863457153130917,0,0,0,0,False,,,,,"{""profile_name"": ""easy_d00"", ""map_seed"": 20280621, ""query_seed"": 20281622, ""waypoint_count"": 3}"
easy_s02_q0046,bottleneck_waypoint,Easy,d16_20,True,True,0.6180651560425758,4,19.432827555716464,18.74765890031978,0.03654689148334134,0,0.10376890848416596,0.2863457153130917,0,0,0,0,False,,,,,"{""profile_name"": ""easy_d00"", ""map_seed"": 20280621, ""query_seed"": 20281622, ""waypoint_count"": 3, ""bottleneck_count"": 3}"
easy_s02_q0046,md_dqn,Easy,d16_20,False,False,0.1670803918968886,600,1.1250000000000333,18.74765890031978,,0,0.8286550898948651,0.2863457153130917,0,0,0,0,False,,,,md_dqn_not_reached,"{""profile_name"": ""easy_d00"", ""map_seed"": 20280621, ""query_seed"": 20281622, ""md_dqn_source_dir"": ""/home/ubuntu/DQN10/2_experiment"", ""md_dqn_checkpoint_path"": ""/home/ubuntu/DQN10/2_experiment/ugv_dqn/outputs/2026-05-12_train_load_external_demo_smoke/models/realmap_a/mlp-dqn.pt"", ""md_dqn_algo"": ""mlp-dqn"", ""md_dqn_device"": ""cpu"", ""md_dqn_max_steps"": 600, ""md_dqn_rollout_steps"": 600, ""md_dqn_reached"": false}"
easy_s02_q0047,vanilla_ha,Easy,d20_inf,True,True,1.6931562423706055,2721,22.835220099517116,,,0,0.12230088059879621,0.13660451187022105,0,0,0,0,False,,,,,"{""profile_name"": ""easy_d01"", ""map_seed"": 20280621, ""query_seed"": 20281623, ""evaluation_path_source"": ""trace_poses"", ""planner_path_pose_count"": 41, ""evaluation_path_pose_count"": 230}"
easy_s02_q0047,f_n3p_knn,Easy,d20_inf,True,True,0.039875403977930546,0,23.159224658094097,22.835220099517116,0.014188808216647475,0,0.11844720480646181,0.13081825897189114,0,24,0,0,True,2,4,0.5,,"{""profile_name"": ""easy_d01"", ""map_seed"": 20280621, ""query_seed"": 20281623}"
easy_s02_q0047,n3p_k1,Easy,d20_inf,True,True,0.18004672904498875,16,22.97416917260106,22.835220099517116,0.00608485806041692,0,0.14699308662636282,0.1591528822980357,0,0,1,0,True,2,2,1.0,,"{""profile_name"": ""easy_d01"", ""map_seed"": 20280621, ""query_seed"": 20281623}"
easy_s02_q0047,voronoi_waypoint,Easy,d20_inf,True,True,0.7643727930262685,5,24.59356959180447,22.835220099517116,0.0770016441542658,0,0.26859774349412424,0.8761452807309649,0,0,0,0,False,,,,,"{""profile_name"": ""easy_d01"", ""map_seed"": 20280621, ""query_seed"": 20281623, ""waypoint_count"": 4}"
easy_s02_q0047,bottleneck_waypoint,Easy,d20_inf,True,True,0.9129444900900126,6,24.60527171278114,22.835220099517116,0.07751410345729282,0,0.3004415168332264,0.8761452807309644,0,0,0,0,False,,,,,"{""profile_name"": ""easy_d01"", ""map_seed"": 20280621, ""query_seed"": 20281623, ""waypoint_count"": 5, ""bottleneck_count"": 5}"
easy_s02_q0047,md_dqn,Easy,d20_inf,False,False,0.1672579103615135,600,1.1250000000000042,22.835220099517116,,0,0.8385645564237239,2.0169763730925943,0,0,0,0,False,,,,md_dqn_not_reached,"{""profile_name"": ""easy_d01"", ""map_seed"": 20280621, ""query_seed"": 20281623, ""md_dqn_source_dir"": ""/home/ubuntu/DQN10/2_experiment"", ""md_dqn_checkpoint_path"": ""/home/ubuntu/DQN10/2_experiment/ugv_dqn/outputs/2026-05-12_train_load_external_demo_smoke/models/realmap_a/mlp-dqn.pt"", ""md_dqn_algo"": ""mlp-dqn"", ""md_dqn_device"": ""cpu"", ""md_dqn_max_steps"": 600, ""md_dqn_rollout_steps"": 600, ""md_dqn_reached"": false}"
easy_s02_q0048,vanilla_ha,Easy,d08_12,True,True,0.15025901794433594,1,10.581587782558909,,,0,0.0,0.6686200358331817,0,0,0,0,False,,,,,"{""profile_name"": ""easy_d00"", ""map_seed"": 20280621, ""query_seed"": 20281624, ""evaluation_path_source"": ""trace_poses"", ""planner_path_pose_count"": 2, ""evaluation_path_pose_count"": 107}"
easy_s02_q0048,f_n3p_knn,Easy,d08_12,True,True,0.0004697891417890787,0,10.58158778255891,10.581587782558909,2.220446049250313e-16,0,4.1968107147590124e-17,0.6686200358331817,0,0,0,0,False,0,0,,,"{""profile_name"": ""easy_d00"", ""map_seed"": 20280621, ""query_seed"": 20281624}"
easy_s02_q0048,n3p_k1,Easy,d08_12,True,True,0.0004617120139300823,0,10.58158778255891,10.581587782558909,2.220446049250313e-16,0,4.1968107147590124e-17,0.6686200358331817,0,0,0,0,False,0,0,,,"{""profile_name"": ""easy_d00"", ""map_seed"": 20280621, ""query_seed"": 20281624}"
easy_s02_q0048,voronoi_waypoint,Easy,d08_12,True,True,0.33534399699419737,2,10.710985108026671,10.581587782558909,0.01222853584232797,0,0.08985034636002777,0.6813774310301854,0,0,0,0,False,,,,,"{""profile_name"": ""easy_d00"", ""map_seed"": 20280621, ""query_seed"": 20281624, ""waypoint_count"": 1}"
easy_s02_q0048,bottleneck_waypoint,Easy,d08_12,True,True,0.3396564070135355,2,10.593753535554269,10.581587782558909,0.001149709594188808,0,0.05075125199951726,0.8219502341146683,0,0,0,0,False,,,,,"{""profile_name"": ""easy_d00"", ""map_seed"": 20280621, ""query_seed"": 20281624, ""waypoint_count"": 1, ""bottleneck_count"": 1}"
easy_s02_q0048,md_dqn,Easy,d08_12,False,False,0.2045575047377497,266,17.244999999999965,10.581587782558909,,1,0.30213567043929135,0.20957196877017126,0,0,0,0,False,,,,md_dqn_not_reached,"{""profile_name"": ""easy_d00"", ""map_seed"": 20280621, ""query_seed"": 20281624, ""md_dqn_source_dir"": ""/home/ubuntu/DQN10/2_experiment"", ""md_dqn_checkpoint_path"": ""/home/ubuntu/DQN10/2_experiment/ugv_dqn/outputs/2026-05-12_train_load_external_demo_smoke/models/realmap_a/mlp-dqn.pt"", ""md_dqn_algo"": ""mlp-dqn"", ""md_dqn_device"": ""cpu"", ""md_dqn_max_steps"": 600, ""md_dqn_rollout_steps"": 266, ""md_dqn_reached"": false}"
easy_s02_q0049,vanilla_ha,Easy,d12_16,True,True,1.2316575050354004,1675,15.257780372510299,,,0,0.1542798410008561,0.07289431281474579,0,0,0,0,False,,,,,"{""profile_name"": ""easy_d01"", ""map_seed"": 20280621, ""query_seed"": 20281625, ""evaluation_path_source"": ""trace_poses"", ""planner_path_pose_count"": 41, ""evaluation_path_pose_count"": 155}"
easy_s02_q0049,f_n3p_knn,Easy,d12_16,True,True,0.030012229923158884,0,19.987240424063085,15.257780372510299,0.30997038468804927,1,0.23936289057263288,0.07505653193069828,0,1,0,0,True,3,4,0.75,,"{""profile_name"": ""easy_d01"", ""map_seed"": 20280621, ""query_seed"": 20281625}"
easy_s02_q0049,n3p_k1,Easy,d12_16,True,True,0.18150285305455327,19,15.438215548801587,15.257780372510299,0.011825781462707186,0,0.2807516008141675,0.16907500090222105,0,0,1,0,True,2,2,1.0,,"{""profile_name"": ""easy_d01"", ""map_seed"": 20280621, ""query_seed"": 20281625}"
easy_s02_q0049,voronoi_waypoint,Easy,d12_16,True,True,0.6223486261442304,4,18.728008604782843,15.257780372510299,0.22743991246097628,3,0.31994693461273477,0.06467564741647003,0,0,0,0,False,,,,,"{""profile_name"": ""easy_d01"", ""map_seed"": 20280621, ""query_seed"": 20281625, ""waypoint_count"": 3}"
easy_s02_q0049,bottleneck_waypoint,Easy,d12_16,True,True,0.48282114206813276,3,15.869016757858283,15.257780372510299,0.040060635978824255,0,0.22912473426581006,0.249993890862223,0,0,0,0,False,,,,,"{""profile_name"": ""easy_d01"", ""map_seed"": 20280621, ""query_seed"": 20281625, ""waypoint_count"": 2, ""bottleneck_count"": 2}"
easy_s02_q0049,md_dqn,Easy,d12_16,False,False,0.3012647300492972,569,1.12875000000029,15.257780372510299,,1,0.08078743508846059,0.4540957332034161,0,0,0,0,False,,,,md_dqn_not_reached,"{""profile_name"": ""easy_d01"", ""map_seed"": 20280621, ""query_seed"": 20281625, ""md_dqn_source_dir"": ""/home/ubuntu/DQN10/2_experiment"", ""md_dqn_checkpoint_path"": ""/home/ubuntu/DQN10/2_experiment/ugv_dqn/outputs/2026-05-12_train_load_external_demo_smoke/models/realmap_a/mlp-dqn.pt"", ""md_dqn_algo"": ""mlp-dqn"", ""md_dqn_device"": ""cpu"", ""md_dqn_max_steps"": 600, ""md_dqn_rollout_steps"": 569, ""md_dqn_reached"": false}"
easy_s02_q0050,vanilla_ha,Easy,d16_20,True,True,0.15253543853759766,1,18.61236148370217,,,0,0.0,0.5064580241632148,0,0,0,0,False,,,,,"{""profile_name"": ""easy_d00"", ""map_seed"": 20280622, ""query_seed"": 20281622, ""evaluation_path_source"": ""trace_poses"", ""planner_path_pose_count"": 2, ""evaluation_path_pose_count"": 188}"
easy_s02_q0050,f_n3p_knn,Easy,d16_20,True,True,0.0007444401271641254,0,18.61236148370217,18.61236148370217,0.0,0,0.0,0.5064580241632148,0,0,0,0,False,0,0,,,"{""profile_name"": ""easy_d00"", ""map_seed"": 20280622, ""query_seed"": 20281622}"
easy_s02_q0050,n3p_k1,Easy,d16_20,True,True,0.0007223079446703196,0,18.61236148370217,18.61236148370217,0.0,0,0.0,0.5064580241632148,0,0,0,0,False,0,0,,,"{""profile_name"": ""easy_d00"", ""map_seed"": 20280622, ""query_seed"": 20281622}"
easy_s02_q0050,voronoi_waypoint,Easy,d16_20,True,True,0.6179262378718704,4,21.55245817399645,18.61236148370217,0.15796473181916015,0,0.21077053256747644,1.8680545183947763,0,0,0,0,False,,,,,"{""profile_name"": ""easy_d00"", ""map_seed"": 20280622, ""query_seed"": 20281622, ""waypoint_count"": 3}"
easy_s02_q0050,bottleneck_waypoint,Easy,d16_20,True,True,0.6154466790612787,4,19.968378071847496,18.61236148370217,0.07285569804415815,0,0.19264717805262796,1.8945758094457057,0,0,0,0,False,,,,,"{""profile_name"": ""easy_d00"", ""map_seed"": 20280622, ""query_seed"": 20281622, ""waypoint_count"": 3, ""bottleneck_count"": 3}"
easy_s02_q0050,md_dqn,Easy,d16_20,False,False,0.16598692280240357,600,1.1250000000000024,18.61236148370217,,0,0.8385645564237262,1.9577813229842072,0,0,0,0,False,,,,md_dqn_not_reached,"{""profile_name"": ""easy_d00"", ""map_seed"": 20280622, ""query_seed"": 20281622, ""md_dqn_source_dir"": ""/home/ubuntu/DQN10/2_experiment"", ""md_dqn_checkpoint_path"": ""/home/ubuntu/DQN10/2_experiment/ugv_dqn/outputs/2026-05-12_train_load_external_demo_smoke/models/realmap_a/mlp-dqn.pt"", ""md_dqn_algo"": ""mlp-dqn"", ""md_dqn_device"": ""cpu"", ""md_dqn_max_steps"": 600, ""md_dqn_rollout_steps"": 600, ""md_dqn_reached"": false}"
easy_s02_q0051,vanilla_ha,Easy,d20_inf,True,True,0.15451836585998535,17,22.671577874636675,,,0,0.061055451171425884,0.160270505844488,0,0,0,0,False,,,,,"{""profile_name"": ""easy_d01"", ""map_seed"": 20280622, ""query_seed"": 20281623, ""evaluation_path_source"": ""trace_poses"", ""planner_path_pose_count"": 13, ""evaluation_path_pose_count"": 229}"
easy_s02_q0051,f_n3p_knn,Easy,d20_inf,True,True,0.011657987954095006,0,22.538934574348833,22.671577874636675,-0.005850642642576509,0,0.03640063631377764,0.4001222144226517,0,6,0,0,True,0,1,0.0,,"{""profile_name"": ""easy_d01"", ""map_seed"": 20280622, ""query_seed"": 20281623}"
easy_s02_q0051,n3p_k1,Easy,d20_inf,True,True,0.506919926032424,385,22.233682075192753,22.671577874636675,-0.019314747383939568,0,0.11269107727191346,0.1321319484649075,0,0,1,0,True,0,0,,,"{""profile_name"": ""easy_d01"", ""map_seed"": 20280622, ""query_seed"": 20281623}"
easy_s02_q0051,voronoi_waypoint,Easy,d20_inf,True,True,0.7656844300217927,5,23.851509731121862,22.671577874636675,0.05204454065833719,0,0.15749768186271235,0.8800181604793049,0,0,0,0,False,,,,,"{""profile_name"": ""easy_d01"", ""map_seed"": 20280622, ""query_seed"": 20281623, ""waypoint_count"": 4}"
easy_s02_q0051,bottleneck_waypoint,Easy,d20_inf,True,True,0.6223609608132392,4,23.442607172234457,22.671577874636675,0.03400862974166219,0,0.12001551890026271,0.8800181604793049,0,0,0,0,False,,,,,"{""profile_name"": ""easy_d01"", ""map_seed"": 20280622, ""query_seed"": 20281623, ""waypoint_count"": 3, ""bottleneck_count"": 3}"
easy_s02_q0051,md_dqn,Easy,d20_inf,False,False,0.16621390567161143,600,1.1250000000000142,22.671577874636675,,0,0.8385645564237165,0.8197307664304418,0,0,0,0,False,,,,md_dqn_not_reached,"{""profile_name"": ""easy_d01"", ""map_seed"": 20280622, ""query_seed"": 20281623, ""md_dqn_source_dir"": ""/home/ubuntu/DQN10/2_experiment"", ""md_dqn_checkpoint_path"": ""/home/ubuntu/DQN10/2_experiment/ugv_dqn/outputs/2026-05-12_train_load_external_demo_smoke/models/realmap_a/mlp-dqn.pt"", ""md_dqn_algo"": ""mlp-dqn"", ""md_dqn_device"": ""cpu"", ""md_dqn_max_steps"": 600, ""md_dqn_rollout_steps"": 600, ""md_dqn_reached"": false}"
easy_s02_q0052,vanilla_ha,Easy,d08_12,True,True,0.452913761138916,396,11.482486842374838,,,0,0.17990014949082236,0.09928925670049138,0,0,0,0,False,,,,,"{""profile_name"": ""easy_d00"", ""map_seed"": 20280622, ""query_seed"": 20281624, ""evaluation_path_source"": ""trace_poses"", ""planner_path_pose_count"": 21, ""evaluation_path_pose_count"": 118}"
easy_s02_q0052,f_n3p_knn,Easy,d08_12,True,True,0.17734606703743339,13,11.643512194054857,11.482486842374838,0.014023560739975904,0,0.2120674448526295,0.0593517312467724,0,19,1,0,True,1,1,1.0,,"{""profile_name"": ""easy_d00"", ""map_seed"": 20280622, ""query_seed"": 20281624}"
easy_s02_q0052,n3p_k1,Easy,d08_12,True,True,0.1743186318781227,13,11.643512194054857,11.482486842374838,0.014023560739975904,0,0.2120674448526295,0.0593517312467724,0,0,1,0,True,1,1,1.0,,"{""profile_name"": ""easy_d00"", ""map_seed"": 20280622, ""query_seed"": 20281624}"
easy_s02_q0052,voronoi_waypoint,Easy,d08_12,True,True,0.4750768579542637,3,14.713398466901591,11.482486842374838,0.28137734176218987,0,0.3102447036326495,0.1006888529739356,0,0,0,0,False,,,,,"{""profile_name"": ""easy_d00"", ""map_seed"": 20280622, ""query_seed"": 20281624, ""waypoint_count"": 2}"
easy_s02_q0052,bottleneck_waypoint,Easy,d08_12,True,True,0.6175590290222317,4,15.433119805361795,11.482486842374838,0.3440572601753469,1,0.38145352330981347,0.8325242358907476,0,0,0,0,False,,,,,"{""profile_name"": ""easy_d00"", ""map_seed"": 20280622, ""query_seed"": 20281624, ""waypoint_count"": 3, ""bottleneck_count"": 3}"
easy_s02_q0052,md_dqn,Easy,d08_12,False,False,0.17719512479379773,328,0.6393750000000136,11.482486842374838,,1,0.3752071210083667,0.4894900259013859,0,0,0,0,False,,,,md_dqn_not_reached,"{""profile_name"": ""easy_d00"", ""map_seed"": 20280622, ""query_seed"": 20281624, ""md_dqn_source_dir"": ""/home/ubuntu/DQN10/2_experiment"", ""md_dqn_checkpoint_path"": ""/home/ubuntu/DQN10/2_experiment/ugv_dqn/outputs/2026-05-12_train_load_external_demo_smoke/models/realmap_a/mlp-dqn.pt"", ""md_dqn_algo"": ""mlp-dqn"", ""md_dqn_device"": ""cpu"", ""md_dqn_max_steps"": 600, ""md_dqn_rollout_steps"": 328, ""md_dqn_reached"": false}"
easy_s02_q0053,vanilla_ha,Easy,d12_16,True,True,0.16166400909423828,17,16.144796194165703,,,0,0.14297478191258522,0.2837328834450592,0,0,0,0,False,,,,,"{""profile_name"": ""easy_d01"", ""map_seed"": 20280622, ""query_seed"": 20281625, ""evaluation_path_source"": ""trace_poses"", ""planner_path_pose_count"": 12, ""evaluation_path_pose_count"": 165}"
easy_s02_q0053,f_n3p_knn,Easy,d12_16,True,True,0.010726475855335593,0,15.859901063617846,16.144796194165703,-0.01764625128255326,0,0.03308593296473472,0.11348725903844592,0,4,0,0,True,0,1,0.0,,"{""profile_name"": ""easy_d01"", ""map_seed"": 20280622, ""query_seed"": 20281625}"
easy_s02_q0053,n3p_k1,Easy,d12_16,True,True,0.16836158698424697,17,16.144796194165703,16.144796194165703,0.0,0,0.14297478191258522,0.2837328834450592,0,0,1,0,True,0,0,,,"{""profile_name"": ""easy_d01"", ""map_seed"": 20280622, ""query_seed"": 20281625}"
easy_s02_q0053,voronoi_waypoint,Easy,d12_16,True,True,0.6220646479632705,4,17.02239356301102,16.144796194165703,0.05435790940256369,0,0.18920154608849277,0.4431555134945546,0,0,0,0,False,,,,,"{""profile_name"": ""easy_d01"", ""map_seed"": 20280622, ""query_seed"": 20281625, ""waypoint_count"": 3}"
easy_s02_q0053,bottleneck_waypoint,Easy,d12_16,True,True,0.4793873708695173,3,16.813227311741702,16.144796194165703,0.041402264205574246,0,0.15771126376696654,0.44374724580691194,0,0,0,0,False,,,,,"{""profile_name"": ""easy_d01"", ""map_seed"": 20280622, ""query_seed"": 20281625, ""waypoint_count"": 2, ""bottleneck_count"": 2}"
easy_s02_q0053,md_dqn,Easy,d12_16,False,False,0.1680957858916372,600,2.2500000000000457,16.144796194165703,,0,0.08734630124014875,0.2970709706946708,0,0,0,0,False,,,,md_dqn_not_reached,"{""profile_name"": ""easy_d01"", ""map_seed"": 20280622, ""query_seed"": 20281625, ""md_dqn_source_dir"": ""/home/ubuntu/DQN10/2_experiment"", ""md_dqn_checkpoint_path"": ""/home/ubuntu/DQN10/2_experiment/ugv_dqn/outputs/2026-05-12_train_load_external_demo_smoke/models/realmap_a/mlp-dqn.pt"", ""md_dqn_algo"": ""mlp-dqn"", ""md_dqn_device"": ""cpu"", ""md_dqn_max_steps"": 600, ""md_dqn_rollout_steps"": 600, ""md_dqn_reached"": false}"
easy_s02_q0054,vanilla_ha,Easy,d16_20,True,True,0.17342638969421387,49,18.24152663855045,,,0,0.2111461586859622,0.21688680660403759,0,0,0,0,False,,,,,"{""profile_name"": ""easy_d00"", ""map_seed"": 20280622, ""query_seed"": 20281626, ""evaluation_path_source"": ""trace_poses"", ""planner_path_pose_count"": 26, ""evaluation_path_pose_count"": 184}"
easy_s02_q0054,f_n3p_knn,Easy,d16_20,True,True,0.010992306051775813,0,18.0469307468139,18.24152663855045,-0.01066774155433381,0,0.035723719618311355,0.288543398166918,0,1,0,0,True,0,1,0.0,,"{""profile_name"": ""easy_d00"", ""map_seed"": 20280622, ""query_seed"": 20281626}"
easy_s02_q0054,n3p_k1,Easy,d16_20,True,True,0.18038885900750756,49,18.24152663855045,18.24152663855045,0.0,0,0.2111461586859622,0.21688680660403759,0,0,1,0,True,0,0,,,"{""profile_name"": ""easy_d00"", ""map_seed"": 20280622, ""query_seed"": 20281626}"
easy_s02_q0054,voronoi_waypoint,Easy,d16_20,True,True,0.6197605109773576,4,21.07300912653037,18.24152663855045,0.15522179388188095,0,0.17440309957663794,0.6497614537199792,0,0,0,0,False,,,,,"{""profile_name"": ""easy_d00"", ""map_seed"": 20280622, ""query_seed"": 20281626, ""waypoint_count"": 3}"
easy_s02_q0054,bottleneck_waypoint,Easy,d16_20,True,True,0.6255730430129915,4,21.06077692191799,18.24152663855045,0.15455122475382743,0,0.1528964177846459,0.6497614537199792,0,0,0,0,False,,,,,"{""profile_name"": ""easy_d00"", ""map_seed"": 20280622, ""query_seed"": 20281626, ""waypoint_count"": 3, ""bottleneck_count"": 3}"
easy_s02_q0054,md_dqn,Easy,d16_20,False,False,0.1668288845103234,600,1.125000000000009,18.24152663855045,,0,0.838564556423719,2.830494906488054,0,0,0,0,False,,,,md_dqn_not_reached,"{""profile_name"": ""easy_d00"", ""map_seed"": 20280622, ""query_seed"": 20281626, ""md_dqn_source_dir"": ""/home/ubuntu/DQN10/2_experiment"", ""md_dqn_checkpoint_path"": ""/home/ubuntu/DQN10/2_experiment/ugv_dqn/outputs/2026-05-12_train_load_external_demo_smoke/models/realmap_a/mlp-dqn.pt"", ""md_dqn_algo"": ""mlp-dqn"", ""md_dqn_device"": ""cpu"", ""md_dqn_max_steps"": 600, ""md_dqn_rollout_steps"": 600, ""md_dqn_reached"": false}"
easy_s02_q0055,vanilla_ha,Easy,d20_inf,True,True,0.2264101505279541,97,22.749475650612563,,,0,0.06950877330002281,0.07503790648558795,0,0,0,0,False,,,,,"{""profile_name"": ""easy_d01"", ""map_seed"": 20280623, ""query_seed"": 20281623, ""evaluation_path_source"": ""trace_poses"", ""planner_path_pose_count"": 22, ""evaluation_path_pose_count"": 230}"
easy_s02_q0055,f_n3p_knn,Easy,d20_inf,True,True,0.029830521903932095,0,21.89240982660849,22.749475650612563,-0.03767409135783739,0,0.0978772789302387,0.10153131964443662,0,0,0,0,False,3,3,1.0,,"{""profile_name"": ""easy_d01"", ""map_seed"": 20280623, ""query_seed"": 20281623}"
easy_s02_q0055,n3p_k1,Easy,d20_inf,True,True,0.025968099012970924,0,21.89240982660849,22.749475650612563,-0.03767409135783739,0,0.0978772789302387,0.10153131964443662,0,0,0,0,False,3,3,1.0,,"{""profile_name"": ""easy_d01"", ""map_seed"": 20280623, ""query_seed"": 20281623}"
easy_s02_q0055,voronoi_waypoint,Easy,d20_inf,True,True,0.7681453011464328,5,25.539562816640355,22.749475650612563,0.12264402085032966,2,0.3235606234583642,0.7064681487364308,0,0,0,0,False,,,,,"{""profile_name"": ""easy_d01"", ""map_seed"": 20280623, ""query_seed"": 20281623, ""waypoint_count"": 4}"
easy_s02_q0055,bottleneck_waypoint,Easy,d20_inf,True,True,1.053643113002181,7,24.866011546197658,22.749475650612563,0.09303668920070707,0,0.31727662445834975,0.7428321171030037,0,0,0,0,False,,,,,"{""profile_name"": ""easy_d01"", ""map_seed"": 20280623, ""query_seed"": 20281623, ""waypoint_count"": 6, ""bottleneck_count"": 6}"
easy_s02_q0055,md_dqn,Easy,d20_inf,False,False,0.1969171934761107,600,10.250625000000015,22.749475650612563,,0,0.17930353781918026,0.29039575768237147,0,0,0,0,False,,,,md_dqn_not_reached,"{""profile_name"": ""easy_d01"", ""map_seed"": 20280623, ""query_seed"": 20281623, ""md_dqn_source_dir"": ""/home/ubuntu/DQN10/2_experiment"", ""md_dqn_checkpoint_path"": ""/home/ubuntu/DQN10/2_experiment/ugv_dqn/outputs/2026-05-12_train_load_external_demo_smoke/models/realmap_a/mlp-dqn.pt"", ""md_dqn_algo"": ""mlp-dqn"", ""md_dqn_device"": ""cpu"", ""md_dqn_max_steps"": 600, ""md_dqn_rollout_steps"": 600, ""md_dqn_reached"": false}"
easy_s02_q0056,vanilla_ha,Easy,d08_12,True,True,0.15273141860961914,11,8.548000295409102,,,0,0.07900806015611597,0.1014257062631525,0,0,0,0,False,,,,,"{""profile_name"": ""easy_d00"", ""map_seed"": 20280623, ""query_seed"": 20281624, ""evaluation_path_source"": ""trace_poses"", ""planner_path_pose_count"": 11, ""evaluation_path_pose_count"": 87}"
easy_s02_q0056,f_n3p_knn,Easy,d08_12,True,True,0.014076226856559515,0,13.150707935127492,8.548000295409102,0.5384543145360419,1,0.29260397991456627,0.05221995364311549,0,1,0,0,True,1,2,0.5,,"{""profile_name"": ""easy_d00"", ""map_seed"": 20280623, ""query_seed"": 20281624}"
easy_s02_q0056,n3p_k1,Easy,d08_12,True,True,0.15306050493381917,3,11.85404931843302,8.548000295409102,0.38676285783465736,3,0.3456937185473684,0.05221995364311549,0,0,1,0,True,1,1,1.0,,"{""profile_name"": ""easy_d00"", ""map_seed"": 20280623, ""query_seed"": 20281624}"
easy_s02_q0056,voronoi_waypoint,Easy,d08_12,True,True,0.326165365986526,2,8.632680691828968,8.548000295409102,0.009906456889729576,0,0.08149477617219093,0.1014257062631525,0,0,0,0,False,,,,,"{""profile_name"": ""easy_d00"", ""map_seed"": 20280623, ""query_seed"": 20281624, ""waypoint_count"": 1}"
easy_s02_q0056,bottleneck_waypoint,Easy,d08_12,True,True,0.33142885006964207,2,8.611677551340046,8.548000295409102,0.007449374558999855,0,0.1004082807701157,0.1014257062631525,0,0,0,0,False,,,,,"{""profile_name"": ""easy_d00"", ""map_seed"": 20280623, ""query_seed"": 20281624, ""waypoint_count"": 1, ""bottleneck_count"": 1}"
easy_s02_q0056,md_dqn,Easy,d08_12,False,False,0.13505487982183695,290,2.182500000000033,8.548000295409102,,1,0.7735312487307053,0.1014257062631525,0,0,0,0,False,,,,md_dqn_not_reached,"{""profile_name"": ""easy_d00"", ""map_seed"": 20280623, ""query_seed"": 20281624, ""md_dqn_source_dir"": ""/home/ubuntu/DQN10/2_experiment"", ""md_dqn_checkpoint_path"": ""/home/ubuntu/DQN10/2_experiment/ugv_dqn/outputs/2026-05-12_train_load_external_demo_smoke/models/realmap_a/mlp-dqn.pt"", ""md_dqn_algo"": ""mlp-dqn"", ""md_dqn_device"": ""cpu"", ""md_dqn_max_steps"": 600, ""md_dqn_rollout_steps"": 290, ""md_dqn_reached"": false}"
easy_s02_q0057,vanilla_ha,Easy,d12_16,True,True,0.18536949157714844,64,14.711057877481485,,,0,0.1645106394206249,0.0725377874784513,0,0,0,0,False,,,,,"{""profile_name"": ""easy_d01"", ""map_seed"": 20280623, ""query_seed"": 20281625, ""evaluation_path_source"": ""trace_poses"", ""planner_path_pose_count"": 23, ""evaluation_path_pose_count"": 150}"
easy_s02_q0057,f_n3p_knn,Easy,d12_16,True,True,0.010823933873325586,0,14.663675353097043,14.711057877481485,-0.0032208781162482714,0,0.06178094895204554,0.19613322232012376,0,3,0,0,True,0,1,0.0,,"{""profile_name"": ""easy_d01"", ""map_seed"": 20280623, ""query_seed"": 20281625}"
easy_s02_q0057,n3p_k1,Easy,d12_16,True,True,0.1976081298198551,61,14.710650523306125,14.711057877481485,-2.7690338706642947e-05,0,0.1761816953106668,0.0725377874784513,0,0,1,0,True,0,0,,,"{""profile_name"": ""easy_d01"", ""map_seed"": 20280623, ""query_seed"": 20281625}"
easy_s02_q0057,voronoi_waypoint,Easy,d12_16,True,True,0.4770124931819737,3,15.281883152196654,14.711057877481485,0.03880246270996879,0,0.14599222765994815,0.07689063609328983,0,0,0,0,False,,,,,"{""profile_name"": ""easy_d01"", ""map_seed"": 20280623, ""query_seed"": 20281625, ""waypoint_count"": 2}"
easy_s02_q0057,bottleneck_waypoint,Easy,d12_16,True,True,0.4790205378085375,3,14.8887199206827,14.711057877481485,0.012076768692016682,0,0.19997023325595153,0.22623595971716393,0,0,0,0,False,,,,,"{""profile_name"": ""easy_d01"", ""map_seed"": 20280623, ""query_seed"": 20281625, ""waypoint_count"": 2, ""bottleneck_count"": 2}"
easy_s02_q0057,md_dqn,Easy,d12_16,False,False,0.16712611936964095,600,2.249999999999997,14.711057877481485,,0,0.08734630124015064,0.8566439183352061,0,0,0,0,False,,,,md_dqn_not_reached,"{""profile_name"": ""easy_d01"", ""map_seed"": 20280623, ""query_seed"": 20281625, ""md_dqn_source_dir"": ""/home/ubuntu/DQN10/2_experiment"", ""md_dqn_checkpoint_path"": ""/home/ubuntu/DQN10/2_experiment/ugv_dqn/outputs/2026-05-12_train_load_external_demo_smoke/models/realmap_a/mlp-dqn.pt"", ""md_dqn_algo"": ""mlp-dqn"", ""md_dqn_device"": ""cpu"", ""md_dqn_max_steps"": 600, ""md_dqn_rollout_steps"": 600, ""md_dqn_reached"": false}"
easy_s02_q0058,vanilla_ha,Easy,d16_20,True,True,0.15122270584106445,1,18.480530295421723,,,0,0.0,0.1682871610266472,0,0,0,0,False,,,,,"{""profile_name"": ""easy_d00"", ""map_seed"": 20280623, ""query_seed"": 20281626, ""evaluation_path_source"": ""trace_poses"", ""planner_path_pose_count"": 2, ""evaluation_path_pose_count"": 186}"
easy_s02_q0058,f_n3p_knn,Easy,d16_20,True,True,0.0008981828577816486,0,18.480530295421723,18.480530295421723,0.0,0,1.2015055919690794e-17,0.1682871610266472,0,0,0,0,False,0,0,,,"{""profile_name"": ""easy_d00"", ""map_seed"": 20280623, ""query_seed"": 20281626}"
easy_s02_q0058,n3p_k1,Easy,d16_20,True,True,0.0007490301504731178,0,18.480530295421723,18.480530295421723,0.0,0,1.2015055919690794e-17,0.1682871610266472,0,0,0,0,False,0,0,,,"{""profile_name"": ""easy_d00"", ""map_seed"": 20280623, ""query_seed"": 20281626}"
easy_s02_q0058,voronoi_waypoint,Easy,d16_20,True,True,0.6186799048446119,4,19.58970881920027,18.480530295421723,0.06001876061171951,0,0.1819961234683968,0.12425358840958978,0,0,0,0,False,,,,,"{""profile_name"": ""easy_d00"", ""map_seed"": 20280623, ""query_seed"": 20281626, ""waypoint_count"": 3}"
easy_s02_q0058,bottleneck_waypoint,Easy,d16_20,True,True,0.6227167539764196,4,18.631195561166333,18.480530295421723,0.008152648400026496,0,0.11146277501346567,0.17087715834923367,0,0,0,0,False,,,,,"{""profile_name"": ""easy_d00"", ""map_seed"": 20280623, ""query_seed"": 20281626, ""waypoint_count"": 3, ""bottleneck_count"": 3}"
easy_s02_q0058,md_dqn,Easy,d16_20,False,False,0.17047392530366778,600,2.116875000000333,18.480530295421723,,0,0.08334740528117976,0.16656780499021773,0,0,0,0,False,,,,md_dqn_not_reached,"{""profile_name"": ""easy_d00"", ""map_seed"": 20280623, ""query_seed"": 20281626, ""md_dqn_source_dir"": ""/home/ubuntu/DQN10/2_experiment"", ""md_dqn_checkpoint_path"": ""/home/ubuntu/DQN10/2_experiment/ugv_dqn/outputs/2026-05-12_train_load_external_demo_smoke/models/realmap_a/mlp-dqn.pt"", ""md_dqn_algo"": ""mlp-dqn"", ""md_dqn_device"": ""cpu"", ""md_dqn_max_steps"": 600, ""md_dqn_rollout_steps"": 600, ""md_dqn_reached"": false}"
easy_s02_q0059,vanilla_ha,Easy,d20_inf,True,True,0.15077900886535645,1,22.103619613085996,,,0,0.0,0.09133906458328045,0,0,0,0,False,,,,,"{""profile_name"": ""easy_d01"", ""map_seed"": 20280623, ""query_seed"": 20281627, ""evaluation_path_source"": ""trace_poses"", ""planner_path_pose_count"": 2, ""evaluation_path_pose_count"": 223}"
easy_s02_q0059,f_n3p_knn,Easy,d20_inf,True,True,0.0008455051574856043,0,22.103619613085996,22.103619613085996,0.0,0,0.0,0.09133906458328045,0,0,0,0,False,0,0,,,"{""profile_name"": ""easy_d01"", ""map_seed"": 20280623, ""query_seed"": 20281627}"
easy_s02_q0059,n3p_k1,Easy,d20_inf,True,True,0.0008389400318264961,0,22.103619613085996,22.103619613085996,0.0,0,0.0,0.09133906458328045,0,0,0,0,False,0,0,,,"{""profile_name"": ""easy_d01"", ""map_seed"": 20280623, ""query_seed"": 20281627}"
easy_s02_q0059,voronoi_waypoint,Easy,d20_inf,True,True,0.768889918923378,19,25.263252770682158,22.103619613085996,0.1429464138862382,0,0.21722655522622686,0.07644604566352631,0,0,0,0,False,,,,,"{""profile_name"": ""easy_d01"", ""map_seed"": 20280623, ""query_seed"": 20281627, ""waypoint_count"": 4}"
easy_s02_q0059,bottleneck_waypoint,Easy,d20_inf,True,True,0.7657934119924903,5,25.121543303871896,22.103619613085996,0.13653527085668804,0,0.13356193458149043,0.15083717100353444,0,0,0,0,False,,,,,"{""profile_name"": ""easy_d01"", ""map_seed"": 20280623, ""query_seed"": 20281627, ""waypoint_count"": 4, ""bottleneck_count"": 4}"
easy_s02_q0059,md_dqn,Easy,d20_inf,False,False,0.16668138676322997,600,1.1249999999990319,22.103619613085996,,0,0.0,2.678956172870763,0,0,0,0,False,,,,md_dqn_not_reached,"{""profile_name"": ""easy_d01"", ""map_seed"": 20280623, ""query_seed"": 20281627, ""md_dqn_source_dir"": ""/home/ubuntu/DQN10/2_experiment"", ""md_dqn_checkpoint_path"": ""/home/ubuntu/DQN10/2_experiment/ugv_dqn/outputs/2026-05-12_train_load_external_demo_smoke/models/realmap_a/mlp-dqn.pt"", ""md_dqn_algo"": ""mlp-dqn"", ""md_dqn_device"": ""cpu"", ""md_dqn_max_steps"": 600, ""md_dqn_rollout_steps"": 600, ""md_dqn_reached"": false}"
easy_s03_q0060,vanilla_ha,Easy,d08_12,True,True,0.150618314743042,1,9.060353193998562,,,0,0.0,0.31237365854693944,0,0,0,0,False,,,,,"{""profile_name"": ""easy_d00"", ""map_seed"": 20290620, ""query_seed"": 20291620, ""evaluation_path_source"": ""trace_poses"", ""planner_path_pose_count"": 2, ""evaluation_path_pose_count"": 92}"
easy_s03_q0060,f_n3p_knn,Easy,d08_12,True,True,0.00042468192987143993,0,9.060353193998564,9.060353193998562,2.220446049250313e-16,0,0.0,0.31237365854693744,0,0,0,0,False,0,0,,,"{""profile_name"": ""easy_d00"", ""map_seed"": 20290620, ""query_seed"": 20291620}"
easy_s03_q0060,n3p_k1,Easy,d08_12,True,True,0.00040434696711599827,0,9.060353193998564,9.060353193998562,2.220446049250313e-16,0,0.0,0.31237365854693744,0,0,0,0,False,0,0,,,"{""profile_name"": ""easy_d00"", ""map_seed"": 20290620, ""query_seed"": 20291620}"
easy_s03_q0060,voronoi_waypoint,Easy,d08_12,True,True,0.3387954789213836,2,11.221225846662852,9.060353193998562,0.23849761774139422,2,0.35347848200948934,0.31237365854693744,0,0,0,0,False,,,,,"{""profile_name"": ""easy_d00"", ""map_seed"": 20290620, ""query_seed"": 20291620, ""waypoint_count"": 1}"
easy_s03_q0060,bottleneck_waypoint,Easy,d08_12,True,True,0.625366052845493,4,13.02252692142415,9.060353193998562,0.43730897047700856,4,0.4745162098238454,0.26670019018837443,0,0,0,0,False,,,,,"{""profile_name"": ""easy_d00"", ""map_seed"": 20290620, ""query_seed"": 20291620, ""waypoint_count"": 3, ""bottleneck_count"": 3}"
easy_s03_q0060,md_dqn,Easy,d08_12,False,False,0.16895939130336046,600,1.125000000000008,9.060353193998562,,0,0.8153095493901608,0.4622999847186615,0,0,0,0,False,,,,md_dqn_not_reached,"{""profile_name"": ""easy_d00"", ""map_seed"": 20290620, ""query_seed"": 20291620, ""md_dqn_source_dir"": ""/home/ubuntu/DQN10/2_experiment"", ""md_dqn_checkpoint_path"": ""/home/ubuntu/DQN10/2_experiment/ugv_dqn/outputs/2026-05-12_train_load_external_demo_smoke/models/realmap_a/mlp-dqn.pt"", ""md_dqn_algo"": ""mlp-dqn"", ""md_dqn_device"": ""cpu"", ""md_dqn_max_steps"": 600, ""md_dqn_rollout_steps"": 600, ""md_dqn_reached"": false}"
easy_s03_q0061,vanilla_ha,Easy,d12_16,True,True,0.15189313888549805,1,14.091131963046836,,,0,0.0,0.5578631902304262,0,0,0,0,False,,,,,"{""profile_name"": ""easy_d01"", ""map_seed"": 20290620, ""query_seed"": 20291621, ""evaluation_path_source"": ""trace_poses"", ""planner_path_pose_count"": 2, ""evaluation_path_pose_count"": 142}"
easy_s03_q0061,f_n3p_knn,Easy,d12_16,True,True,0.0006054181139916182,0,14.091131963046836,14.091131963046836,0.0,0,1.5757754984293012e-17,0.5578631902304262,0,0,0,0,False,0,0,,,"{""profile_name"": ""easy_d01"", ""map_seed"": 20290620, ""query_seed"": 20291621}"
easy_s03_q0061,n3p_k1,Easy,d12_16,True,True,0.0005708648823201656,0,14.091131963046836,14.091131963046836,0.0,0,1.5757754984293012e-17,0.5578631902304262,0,0,0,0,False,0,0,,,"{""profile_name"": ""easy_d01"", ""map_seed"": 20290620, ""query_seed"": 20291621}"
easy_s03_q0061,voronoi_waypoint,Easy,d12_16,True,True,0.6271634299773723,4,18.698506539866074,14.091131963046836,0.3269697983740274,0,0.24747231494093977,0.4231370558427767,0,0,0,0,False,,,,,"{""profile_name"": ""easy_d01"", ""map_seed"": 20290620, ""query_seed"": 20291621, ""waypoint_count"": 3}"
easy_s03_q0061,bottleneck_waypoint,Easy,d12_16,True,True,0.6236742751207203,4,17.118444937206526,14.091131963046836,0.21483816787030596,0,0.3059681269383374,0.6102253245175417,0,0,0,0,False,,,,,"{""profile_name"": ""easy_d01"", ""map_seed"": 20290620, ""query_seed"": 20291621, ""waypoint_count"": 3, ""bottleneck_count"": 3}"
easy_s03_q0061,md_dqn,Easy,d12_16,False,False,0.17317258194088936,600,1.1249999999999918,14.091131963046836,,0,0.8385645564237333,0.7162896396266811,0,0,0,0,False,,,,md_dqn_not_reached,"{""profile_name"": ""easy_d01"", ""map_seed"": 20290620, ""query_seed"": 20291621, ""md_dqn_source_dir"": ""/home/ubuntu/DQN10/2_experiment"", ""md_dqn_checkpoint_path"": ""/home/ubuntu/DQN10/2_experiment/ugv_dqn/outputs/2026-05-12_train_load_external_demo_smoke/models/realmap_a/mlp-dqn.pt"", ""md_dqn_algo"": ""mlp-dqn"", ""md_dqn_device"": ""cpu"", ""md_dqn_max_steps"": 600, ""md_dqn_rollout_steps"": 600, ""md_dqn_reached"": false}"
easy_s03_q0062,vanilla_ha,Easy,d16_20,True,True,0.6938645839691162,567,18.217529760199287,,,0,0.08879540538996884,0.07608101931639144,0,0,0,0,False,,,,,"{""profile_name"": ""easy_d00"", ""map_seed"": 20290620, ""query_seed"": 20291622, ""evaluation_path_source"": ""trace_poses"", ""planner_path_pose_count"": 60, ""evaluation_path_pose_count"": 185}"
easy_s03_q0062,f_n3p_knn,Easy,d16_20,True,True,0.19466712302528322,15,20.273525584495463,18.217529760199287,0.11285810158455223,3,0.1627545034826422,0.07452653292638511,0,22,1,0,True,2,4,0.5,,"{""profile_name"": ""easy_d00"", ""map_seed"": 20290620, ""query_seed"": 20291622}"
easy_s03_q0062,n3p_k1,Easy,d16_20,True,True,0.3372491030022502,166,18.40899610489257,18.217529760199287,0.010510005868720418,0,0.12242859754778614,0.07087998168297904,0,0,1,0,True,1,1,1.0,,"{""profile_name"": ""easy_d00"", ""map_seed"": 20290620, ""query_seed"": 20291622}"
easy_s03_q0062,voronoi_waypoint,Easy,d16_20,True,True,0.6212384609971195,4,18.866729637007364,18.217529760199287,0.035635999246528716,0,0.10289137252897332,0.0741903940571158,0,0,0,0,False,,,,,"{""profile_name"": ""easy_d00"", ""map_seed"": 20290620, ""query_seed"": 20291622, ""waypoint_count"": 3}"
easy_s03_q0062,bottleneck_waypoint,Easy,d16_20,True,True,0.9095771079882979,6,19.061604778731446,18.217529760199287,0.04633312142990165,0,0.1760737648070743,0.07413441098269269,0,0,0,0,False,,,,,"{""profile_name"": ""easy_d00"", ""map_seed"": 20290620, ""query_seed"": 20291622, ""waypoint_count"": 5, ""bottleneck_count"": 5}"
easy_s03_q0062,md_dqn,Easy,d16_20,False,False,0.16706739692017436,600,1.1250000000000155,18.217529760199287,,0,0.8385645564237129,2.4214071556852987,0,0,0,0,False,,,,md_dqn_not_reached,"{""profile_name"": ""easy_d00"", ""map_seed"": 20290620, ""query_seed"": 20291622, ""md_dqn_source_dir"": ""/home/ubuntu/DQN10/2_experiment"", ""md_dqn_checkpoint_path"": ""/home/ubuntu/DQN10/2_experiment/ugv_dqn/outputs/2026-05-12_train_load_external_demo_smoke/models/realmap_a/mlp-dqn.pt"", ""md_dqn_algo"": ""mlp-dqn"", ""md_dqn_device"": ""cpu"", ""md_dqn_max_steps"": 600, ""md_dqn_rollout_steps"": 600, ""md_dqn_reached"": false}"
easy_s03_q0063,vanilla_ha,Easy,d20_inf,True,True,0.31763625144958496,349,23.135023512506393,,,0,0.2643323480269067,0.08385524323629123,0,0,0,0,False,,,,,"{""profile_name"": ""easy_d01"", ""map_seed"": 20290620, ""query_seed"": 20291623, ""evaluation_path_source"": ""trace_poses"", ""planner_path_pose_count"": 66, ""evaluation_path_pose_count"": 234}"
easy_s03_q0063,f_n3p_knn,Easy,d20_inf,True,True,0.029650184093043208,0,23.15649197976569,23.135023512506393,0.0009279639265415973,0,0.09141006293933711,0.1594662919597486,0,12,0,0,True,1,3,0.3333333333333333,,"{""profile_name"": ""easy_d01"", ""map_seed"": 20290620, ""query_seed"": 20291623}"
easy_s03_q0063,n3p_k1,Easy,d20_inf,True,True,0.3254440708551556,349,23.135023512506393,23.135023512506393,0.0,0,0.2643323480269067,0.08385524323629123,0,0,1,0,True,0,0,,,"{""profile_name"": ""easy_d01"", ""map_seed"": 20290620, ""query_seed"": 20291623}"
easy_s03_q0063,voronoi_waypoint,Easy,d20_inf,True,True,0.859184498898685,107,25.669068017012325,23.135023512506393,0.10953282598291159,0,0.3084057223116105,0.06358587834555218,0,0,0,0,False,,,,,"{""profile_name"": ""easy_d01"", ""map_seed"": 20290620, ""query_seed"": 20291623, ""waypoint_count"": 4}"
easy_s03_q0063,bottleneck_waypoint,Easy,d20_inf,True,True,0.7702389140613377,5,24.771905640355588,23.135023512506393,0.07075342400081519,0,0.24190404602781446,0.1594662919597486,0,0,0,0,False,,,,,"{""profile_name"": ""easy_d01"", ""map_seed"": 20290620, ""query_seed"": 20291623, ""waypoint_count"": 4, ""bottleneck_count"": 4}"
easy_s03_q0063,md_dqn,Easy,d20_inf,False,False,0.5402539134956896,600,8.504999999999987,23.135023512506393,,3,0.21510847999587338,0.1594662919597486,0,0,0,0,False,,,,md_dqn_not_reached,"{""profile_name"": ""easy_d01"", ""map_seed"": 20290620, ""query_seed"": 20291623, ""md_dqn_source_dir"": ""/home/ubuntu/DQN10/2_experiment"", ""md_dqn_checkpoint_path"": ""/home/ubuntu/DQN10/2_experiment/ugv_dqn/outputs/2026-05-12_train_load_external_demo_smoke/models/realmap_a/mlp-dqn.pt"", ""md_dqn_algo"": ""mlp-dqn"", ""md_dqn_device"": ""cpu"", ""md_dqn_max_steps"": 600, ""md_dqn_rollout_steps"": 600, ""md_dqn_reached"": false}"
easy_s03_q0064,vanilla_ha,Easy,d08_12,True,True,0.14950203895568848,1,10.374005976477937,,,0,0.0,0.44336560372794187,0,0,0,0,False,,,,,"{""profile_name"": ""easy_d00"", ""map_seed"": 20290620, ""query_seed"": 20291624, ""evaluation_path_source"": ""trace_poses"", ""planner_path_pose_count"": 2, ""evaluation_path_pose_count"": 105}"
easy_s03_q0064,f_n3p_knn,Easy,d08_12,True,True,0.00046680192463099957,0,10.374005976477939,10.374005976477937,2.220446049250313e-16,0,5.350985083016536e-18,0.44336560372794187,0,0,0,0,False,0,0,,,"{""profile_name"": ""easy_d00"", ""map_seed"": 20290620, ""query_seed"": 20291624}"
easy_s03_q0064,n3p_k1,Easy,d08_12,True,True,0.0004340400919318199,0,10.374005976477939,10.374005976477937,2.220446049250313e-16,0,5.350985083016536e-18,0.44336560372794187,0,0,0,0,False,0,0,,,"{""profile_name"": ""easy_d00"", ""map_seed"": 20290620, ""query_seed"": 20291624}"
easy_s03_q0064,voronoi_waypoint,Easy,d08_12,True,True,0.47648723889142275,3,12.403107204381632,10.374005976477937,0.19559476180218982,2,0.3373779506603176,0.44336560372794187,0,0,0,0,False,,,,,"{""profile_name"": ""easy_d00"", ""map_seed"": 20290620, ""query_seed"": 20291624, ""waypoint_count"": 2}"
easy_s03_q0064,bottleneck_waypoint,Easy,d08_12,True,True,0.3346435991115868,2,11.962913463487693,10.374005976477937,0.15316238400213478,0,0.2172321430733645,0.44336560372794187,0,0,0,0,False,,,,,"{""profile_name"": ""easy_d00"", ""map_seed"": 20290620, ""query_seed"": 20291624, ""waypoint_count"": 1, ""bottleneck_count"": 1}"
easy_s03_q0064,md_dqn,Easy,d08_12,False,False,0.21800822694785893,600,9.13125,10.374005976477937,,0,0.2587416667311059,0.44336560372794187,0,0,0,0,False,,,,md_dqn_not_reached,"{""profile_name"": ""easy_d00"", ""map_seed"": 20290620, ""query_seed"": 20291624, ""md_dqn_source_dir"": ""/home/ubuntu/DQN10/2_experiment"", ""md_dqn_checkpoint_path"": ""/home/ubuntu/DQN10/2_experiment/ugv_dqn/outputs/2026-05-12_train_load_external_demo_smoke/models/realmap_a/mlp-dqn.pt"", ""md_dqn_algo"": ""mlp-dqn"", ""md_dqn_device"": ""cpu"", ""md_dqn_max_steps"": 600, ""md_dqn_rollout_steps"": 600, ""md_dqn_reached"": false}"
easy_s03_q0065,vanilla_ha,Easy,d12_16,True,True,0.1705634593963623,41,15.70571169680895,,,0,0.08017794298897993,0.07646474462253616,0,0,0,0,False,,,,,"{""profile_name"": ""easy_d01"", ""map_seed"": 20290621, ""query_seed"": 20291621, ""evaluation_path_source"": ""trace_poses"", ""planner_path_pose_count"": 23, ""evaluation_path_pose_count"": 159}"
easy_s03_q0065,f_n3p_knn,Easy,d12_16,True,True,0.028791879070922732,0,15.628758254318994,15.70571169680895,-0.004899710626013243,0,0.13198225186607107,0.07399890197720682,0,20,0,0,True,1,3,0.3333333333333333,,"{""profile_name"": ""easy_d01"", ""map_seed"": 20290621, ""query_seed"": 20291621}"
easy_s03_q0065,n3p_k1,Easy,d12_16,True,True,0.33983098482713103,37,15.56439970051826,15.70571169680895,-0.008997490786705309,0,0.14608817688900305,0.11020676220191006,0,0,2,0,True,0,0,,,"{""profile_name"": ""easy_d01"", ""map_seed"": 20290621, ""query_seed"": 20291621}"
easy_s03_q0065,voronoi_waypoint,Easy,d12_16,True,True,0.6237938350532204,4,18.906080711996182,15.70571169680895,0.20377102782534062,1,0.29389561836598777,0.07708126516022329,0,0,0,0,False,,,,,"{""profile_name"": ""easy_d01"", ""map_seed"": 20290621, ""query_seed"": 20291621, ""waypoint_count"": 3}"
easy_s03_q0065,bottleneck_waypoint,Easy,d12_16,True,True,0.6232073679566383,4,17.744918390749195,15.70571169680895,0.1298385411184242,0,0.2517210044032661,0.24986371463607027,0,0,0,0,False,,,,,"{""profile_name"": ""easy_d01"", ""map_seed"": 20290621, ""query_seed"": 20291621, ""waypoint_count"": 3, ""bottleneck_count"": 3}"
easy_s03_q0065,md_dqn,Easy,d12_16,False,False,0.16844589682295918,600,1.1249999999999971,15.70571169680895,,0,0.8385645564237283,0.4843886630261238,0,0,0,0,False,,,,md_dqn_not_reached,"{""profile_name"": ""easy_d01"", ""map_seed"": 20290621, ""query_seed"": 20291621, ""md_dqn_source_dir"": ""/home/ubuntu/DQN10/2_experiment"", ""md_dqn_checkpoint_path"": ""/home/ubuntu/DQN10/2_experiment/ugv_dqn/outputs/2026-05-12_train_load_external_demo_smoke/models/realmap_a/mlp-dqn.pt"", ""md_dqn_algo"": ""mlp-dqn"", ""md_dqn_device"": ""cpu"", ""md_dqn_max_steps"": 600, ""md_dqn_rollout_steps"": 600, ""md_dqn_reached"": false}"
easy_s03_q0066,vanilla_ha,Easy,d16_20,True,True,0.5887658596038818,1265,20.08755985101356,,,0,0.09506613679675209,0.07224279176126647,0,0,0,0,False,,,,,"{""profile_name"": ""easy_d00"", ""map_seed"": 20290621, ""query_seed"": 20291622, ""evaluation_path_source"": ""trace_poses"", ""planner_path_pose_count"": 11, ""evaluation_path_pose_count"": 204}"
easy_s03_q0066,f_n3p_knn,Easy,d16_20,True,True,0.02257680892944336,0,20.4372599677204,20.08755985101356,0.017408790281174813,0,0.09500808088177805,0.08961778979962909,0,1,0,0,True,2,3,0.6666666666666666,,"{""profile_name"": ""easy_d00"", ""map_seed"": 20290621, ""query_seed"": 20291622}"
easy_s03_q0066,n3p_k1,Easy,d16_20,True,True,0.16372149204835296,5,20.37150809016553,20.08755985101356,0.014135526726888337,0,0.11013653002326357,0.1039107529682245,0,0,1,0,True,1,1,1.0,,"{""profile_name"": ""easy_d00"", ""map_seed"": 20290621, ""query_seed"": 20291622}"
easy_s03_q0066,voronoi_waypoint,Easy,d16_20,True,True,0.620158638805151,4,20.873221052453875,20.08755985101356,0.03911182877698671,0,0.18530487567232767,0.2664272675469642,0,0,0,0,False,,,,,"{""profile_name"": ""easy_d00"", ""map_seed"": 20290621, ""query_seed"": 20291622, ""waypoint_count"": 3}"
easy_s03_q0066,bottleneck_waypoint,Easy,d16_20,True,True,0.4803064570296556,3,20.237338561237923,20.08755985101356,0.007456291920733493,0,0.06794252245627325,0.26211249837473094,0,0,0,0,False,,,,,"{""profile_name"": ""easy_d00"", ""map_seed"": 20290621, ""query_seed"": 20291622, ""waypoint_count"": 2, ""bottleneck_count"": 2}"
easy_s03_q0066,md_dqn,Easy,d16_20,False,False,0.3646700158715248,551,1.0949999999999984,20.08755985101356,,2,0.8176221695878679,0.2664272675469642,0,0,0,0,False,,,,md_dqn_not_reached,"{""profile_name"": ""easy_d00"", ""map_seed"": 20290621, ""query_seed"": 20291622, ""md_dqn_source_dir"": ""/home/ubuntu/DQN10/2_experiment"", ""md_dqn_checkpoint_path"": ""/home/ubuntu/DQN10/2_experiment/ugv_dqn/outputs/2026-05-12_train_load_external_demo_smoke/models/realmap_a/mlp-dqn.pt"", ""md_dqn_algo"": ""mlp-dqn"", ""md_dqn_device"": ""cpu"", ""md_dqn_max_steps"": 600, ""md_dqn_rollout_steps"": 551, ""md_dqn_reached"": false}"
easy_s03_q0067,vanilla_ha,Easy,d20_inf,True,True,1.8766083717346191,2401,25.38487226823814,,,0,0.30935845753806046,0.0774234593001657,0,0,0,0,False,,,,,"{""profile_name"": ""easy_d01"", ""map_seed"": 20290621, ""query_seed"": 20291623, ""evaluation_path_source"": ""trace_poses"", ""planner_path_pose_count"": 74, ""evaluation_path_pose_count"": 256}"
easy_s03_q0067,f_n3p_knn,Easy,d20_inf,True,True,0.016327101970091462,0,25.33929991483333,25.38487226823814,-0.0017952563606881133,0,0.08171565554962425,0.2103842535661431,0,6,0,0,True,0,2,0.0,,"{""profile_name"": ""easy_d01"", ""map_seed"": 20290621, ""query_seed"": 20291623}"
easy_s03_q0067,n3p_k1,Easy,d20_inf,True,True,0.270425793947652,107,25.54886230926132,25.38487226823814,0.006460148362785523,2,0.2819358310538733,0.057864134862752326,0,0,1,0,True,4,4,1.0,,"{""profile_name"": ""easy_d01"", ""map_seed"": 20290621, ""query_seed"": 20291623}"
easy_s03_q0067,voronoi_waypoint,Easy,d20_inf,True,True,0.9317023670300841,28,31.08326700504302,25.38487226823814,0.22447994524419101,3,0.3229834490075595,0.15936421775964071,0,0,0,0,False,,,,,"{""profile_name"": ""easy_d01"", ""map_seed"": 20290621, ""query_seed"": 20291623, ""waypoint_count"": 5}"
easy_s03_q0067,bottleneck_waypoint,Easy,d20_inf,True,True,0.9148407799657434,6,27.613278293450364,25.38487226823814,0.08778480355012186,1,0.22303606461703349,0.25165458662243045,0,0,0,0,False,,,,,"{""profile_name"": ""easy_d01"", ""map_seed"": 20290621, ""query_seed"": 20291623, ""waypoint_count"": 5, ""bottleneck_count"": 5}"
easy_s03_q0067,md_dqn,Easy,d20_inf,False,False,0.18169303191825747,270,0.9562500000000064,25.38487226823814,,1,0.1316426486563076,0.45793200500615805,0,0,0,0,False,,,,md_dqn_not_reached,"{""profile_name"": ""easy_d01"", ""map_seed"": 20290621, ""query_seed"": 20291623, ""md_dqn_source_dir"": ""/home/ubuntu/DQN10/2_experiment"", ""md_dqn_checkpoint_path"": ""/home/ubuntu/DQN10/2_experiment/ugv_dqn/outputs/2026-05-12_train_load_external_demo_smoke/models/realmap_a/mlp-dqn.pt"", ""md_dqn_algo"": ""mlp-dqn"", ""md_dqn_device"": ""cpu"", ""md_dqn_max_steps"": 600, ""md_dqn_rollout_steps"": 270, ""md_dqn_reached"": false}"
easy_s03_q0068,vanilla_ha,Easy,d08_12,True,True,0.16313862800598145,26,8.29501892939047,,,0,0.038700342975858115,0.1435498637500332,0,0,0,0,False,,,,,"{""profile_name"": ""easy_d00"", ""map_seed"": 20290621, ""query_seed"": 20291624, ""evaluation_path_source"": ""trace_poses"", ""planner_path_pose_count"": 12, ""evaluation_path_pose_count"": 86}"
easy_s03_q0068,f_n3p_knn,Easy,d08_12,True,True,0.011390938889235258,0,8.463124826901362,8.29501892939047,0.020265884736593964,0,0.1020739683971984,0.3180307556089851,0,4,0,0,True,0,1,0.0,,"{""profile_name"": ""easy_d00"", ""map_seed"": 20290621, ""query_seed"": 20291624}"
easy_s03_q0068,n3p_k1,Easy,d08_12,True,True,0.1712908528279513,29,8.31974108417338,8.29501892939047,0.002980361466725201,0,0.11309914129922596,0.10609885881494019,0,0,1,0,True,0,0,,,"{""profile_name"": ""easy_d00"", ""map_seed"": 20290621, ""query_seed"": 20291624}"
easy_s03_q0068,voronoi_waypoint,Easy,d08_12,True,True,0.334270111983642,2,8.3898006793088,8.29501892939047,0.011426345222975476,0,0.1386229250376092,0.22608305579681387,0,0,0,0,False,,,,,"{""profile_name"": ""easy_d00"", ""map_seed"": 20290621, ""query_seed"": 20291624, ""waypoint_count"": 1}"
easy_s03_q0068,bottleneck_waypoint,Easy,d08_12,True,True,0.33561228099279106,2,8.694726333463509,8.29501892939047,0.04818643664052624,0,0.22591912795524288,0.32470544600878726,0,0,0,0,False,,,,,"{""profile_name"": ""easy_d00"", ""map_seed"": 20290621, ""query_seed"": 20291624, ""waypoint_count"": 1, ""bottleneck_count"": 1}"
easy_s03_q0068,md_dqn,Easy,d08_12,False,False,0.27288523595780134,462,1.6743749999999902,8.29501892939047,,1,0.1225108349409614,0.327659798054203,0,0,0,0,False,,,,md_dqn_not_reached,"{""profile_name"": ""easy_d00"", ""map_seed"": 20290621, ""query_seed"": 20291624, ""md_dqn_source_dir"": ""/home/ubuntu/DQN10/2_experiment"", ""md_dqn_checkpoint_path"": ""/home/ubuntu/DQN10/2_experiment/ugv_dqn/outputs/2026-05-12_train_load_external_demo_smoke/models/realmap_a/mlp-dqn.pt"", ""md_dqn_algo"": ""mlp-dqn"", ""md_dqn_device"": ""cpu"", ""md_dqn_max_steps"": 600, ""md_dqn_rollout_steps"": 462, ""md_dqn_reached"": false}"
easy_s03_q0069,vanilla_ha,Easy,d12_16,True,True,0.17604970932006836,33,12.892498423253256,,,0,0.10857028735156356,0.0690446981636974,0,0,0,0,False,,,,,"{""profile_name"": ""easy_d01"", ""map_seed"": 20290621, ""query_seed"": 20291625, ""evaluation_path_source"": ""trace_poses"", ""planner_path_pose_count"": 14, ""evaluation_path_pose_count"": 131}"
easy_s03_q0069,f_n3p_knn,Easy,d12_16,True,True,0.010621021967381239,0,12.906708054554914,12.892498423253256,0.0011021627333325235,0,0.0607631179290005,0.17287147044704132,0,0,0,0,False,1,1,1.0,,"{""profile_name"": ""easy_d01"", ""map_seed"": 20290621, ""query_seed"": 20291625}"
easy_s03_q0069,n3p_k1,Easy,d12_16,True,True,0.009706403128802776,0,12.906708054554914,12.892498423253256,0.0011021627333325235,0,0.0607631179290005,0.17287147044704132,0,0,0,0,False,1,1,1.0,,"{""profile_name"": ""easy_d01"", ""map_seed"": 20290621, ""query_seed"": 20291625}"
easy_s03_q0069,voronoi_waypoint,Easy,d12_16,True,True,0.483009320916608,3,13.250230938324442,12.892498423253256,0.02774733828363085,0,0.2053566240320938,0.3486067222859115,0,0,0,0,False,,,,,"{""profile_name"": ""easy_d01"", ""map_seed"": 20290621, ""query_seed"": 20291625, ""waypoint_count"": 2}"
easy_s03_q0069,bottleneck_waypoint,Easy,d12_16,True,True,0.4827307560481131,3,13.588593330223214,12.892498423253256,0.05399224293985272,0,0.17679908556876697,0.11878770845664588,0,0,0,0,False,,,,,"{""profile_name"": ""easy_d01"", ""map_seed"": 20290621, ""query_seed"": 20291625, ""waypoint_count"": 2, ""bottleneck_count"": 2}"
easy_s03_q0069,md_dqn,Easy,d12_16,False,False,0.1672562484163791,600,1.1249999999998037,12.892498423253256,,0,0.0,0.977635210391002,0,0,0,0,False,,,,md_dqn_not_reached,"{""profile_name"": ""easy_d01"", ""map_seed"": 20290621, ""query_seed"": 20291625, ""md_dqn_source_dir"": ""/home/ubuntu/DQN10/2_experiment"", ""md_dqn_checkpoint_path"": ""/home/ubuntu/DQN10/2_experiment/ugv_dqn/outputs/2026-05-12_train_load_external_demo_smoke/models/realmap_a/mlp-dqn.pt"", ""md_dqn_algo"": ""mlp-dqn"", ""md_dqn_device"": ""cpu"", ""md_dqn_max_steps"": 600, ""md_dqn_rollout_steps"": 600, ""md_dqn_reached"": false}"
easy_s03_q0070,vanilla_ha,Easy,d16_20,False,False,2.5001821517944336,3496,,,,0,,,0,0,0,0,False,,,,timeout,"{""profile_name"": ""easy_d00"", ""map_seed"": 20290622, ""query_seed"": 20291622, ""evaluation_path_source"": ""planner_path"", ""planner_path_pose_count"": 0, ""evaluation_path_pose_count"": 0}"
easy_s03_q0070,f_n3p_knn,Easy,d16_20,True,True,0.009789624018594623,0,17.822824672581174,,,0,0.058610841918551246,0.07527075231623104,0,3,0,0,True,0,1,0.0,,"{""profile_name"": ""easy_d00"", ""map_seed"": 20290622, ""query_seed"": 20291622}"
easy_s03_q0070,n3p_k1,Easy,d16_20,False,False,3.511092185974121,5165,,,,0,,,0,0,1,1,True,0,0,,f2_failed:prediction:goal_in_collision;goal:timeout;f3_failed:timeout,"{""profile_name"": ""easy_d00"", ""map_seed"": 20290622, ""query_seed"": 20291622}"
easy_s03_q0070,voronoi_waypoint,Easy,d16_20,True,True,0.7019083069171757,106,20.937983900024182,,,2,0.3651963007490579,0.06743578875261658,0,0,0,0,False,,,,,"{""profile_name"": ""easy_d00"", ""map_seed"": 20290622, ""query_seed"": 20291622, ""waypoint_count"": 3}"
easy_s03_q0070,bottleneck_waypoint,Easy,d16_20,True,True,0.6196917288471013,4,22.022666699306715,,,3,0.28029681874125284,0.16339518920449103,0,0,0,0,False,,,,,"{""profile_name"": ""easy_d00"", ""map_seed"": 20290622, ""query_seed"": 20291622, ""waypoint_count"": 3, ""bottleneck_count"": 3}"
easy_s03_q0070,md_dqn,Easy,d16_20,False,False,0.16620474704541266,600,1.1250000000000178,,,0,0.8385645564237135,0.5588476427680173,0,0,0,0,False,,,,md_dqn_not_reached,"{""profile_name"": ""easy_d00"", ""map_seed"": 20290622, ""query_seed"": 20291622, ""md_dqn_source_dir"": ""/home/ubuntu/DQN10/2_experiment"", ""md_dqn_checkpoint_path"": ""/home/ubuntu/DQN10/2_experiment/ugv_dqn/outputs/2026-05-12_train_load_external_demo_smoke/models/realmap_a/mlp-dqn.pt"", ""md_dqn_algo"": ""mlp-dqn"", ""md_dqn_device"": ""cpu"", ""md_dqn_max_steps"": 600, ""md_dqn_rollout_steps"": 600, ""md_dqn_reached"": false}"
easy_s03_q0071,vanilla_ha,Easy,d20_inf,False,False,2.50040340423584,3828,,,,0,,,0,0,0,0,False,,,,timeout,"{""profile_name"": ""easy_d01"", ""map_seed"": 20290622, ""query_seed"": 20291623, ""evaluation_path_source"": ""planner_path"", ""planner_path_pose_count"": 0, ""evaluation_path_pose_count"": 0}"
easy_s03_q0071,f_n3p_knn,Easy,d20_inf,True,True,0.027670576004311442,0,25.79205242998216,,,4,0.14688125270749572,0.10428907551324751,0,8,0,0,True,1,3,0.3333333333333333,,"{""profile_name"": ""easy_d01"", ""map_seed"": 20290622, ""query_seed"": 20291623}"
easy_s03_q0071,n3p_k1,Easy,d20_inf,True,True,0.516809516120702,405,24.15287685247622,,,0,0.13361381122847502,0.09814446095126328,0,0,1,0,True,2,2,1.0,,"{""profile_name"": ""easy_d01"", ""map_seed"": 20290622, ""query_seed"": 20291623}"
easy_s03_q0071,voronoi_waypoint,Easy,d20_inf,True,True,0.9108174769207835,6,28.16694078176781,,,0,0.24089555801959656,0.603522784309058,0,0,0,0,False,,,,,"{""profile_name"": ""easy_d01"", ""map_seed"": 20290622, ""query_seed"": 20291623, ""waypoint_count"": 5}"
easy_s03_q0071,bottleneck_waypoint,Easy,d20_inf,True,True,0.9152334758546203,6,26.27752144895941,,,0,0.22320832925468087,0.7554238966488569,0,0,0,0,False,,,,,"{""profile_name"": ""easy_d01"", ""map_seed"": 20290622, ""query_seed"": 20291623, ""waypoint_count"": 5, ""bottleneck_count"": 5}"
easy_s03_q0071,md_dqn,Easy,d20_inf,False,False,0.16742251301184297,600,1.1249999999999598,,,0,0.8286550898949198,0.8334386021193763,0,0,0,0,False,,,,md_dqn_not_reached,"{""profile_name"": ""easy_d01"", ""map_seed"": 20290622, ""query_seed"": 20291623, ""md_dqn_source_dir"": ""/home/ubuntu/DQN10/2_experiment"", ""md_dqn_checkpoint_path"": ""/home/ubuntu/DQN10/2_experiment/ugv_dqn/outputs/2026-05-12_train_load_external_demo_smoke/models/realmap_a/mlp-dqn.pt"", ""md_dqn_algo"": ""mlp-dqn"", ""md_dqn_device"": ""cpu"", ""md_dqn_max_steps"": 600, ""md_dqn_rollout_steps"": 600, ""md_dqn_reached"": false}"
easy_s03_q0072,vanilla_ha,Easy,d08_12,True,True,0.15081381797790527,1,8.415461959987699,,,0,0.0,0.6788951582533778,0,0,0,0,False,,,,,"{""profile_name"": ""easy_d00"", ""map_seed"": 20290622, ""query_seed"": 20291624, ""evaluation_path_source"": ""trace_poses"", ""planner_path_pose_count"": 2, ""evaluation_path_pose_count"": 86}"
easy_s03_q0072,f_n3p_knn,Easy,d08_12,True,True,0.0004039728082716465,0,8.415461959987699,8.415461959987699,0.0,0,5.277062768051675e-17,0.6788951582533778,0,0,0,0,False,0,0,,,"{""profile_name"": ""easy_d00"", ""map_seed"": 20290622, ""query_seed"": 20291624}"
easy_s03_q0072,n3p_k1,Easy,d08_12,True,True,0.00037915795110166073,0,8.415461959987699,8.415461959987699,0.0,0,5.277062768051675e-17,0.6788951582533778,0,0,0,0,False,0,0,,,"{""profile_name"": ""easy_d00"", ""map_seed"": 20290622, ""query_seed"": 20291624}"
easy_s03_q0072,voronoi_waypoint,Easy,d08_12,True,True,0.33435167209245265,2,9.381875349083744,8.415461959987699,0.11483782990060099,0,0.23720006664286758,0.6788951582533778,0,0,0,0,False,,,,,"{""profile_name"": ""easy_d00"", ""map_seed"": 20290622, ""query_seed"": 20291624, ""waypoint_count"": 1}"
easy_s03_q0072,bottleneck_waypoint,Easy,d08_12,True,True,0.19221795117482543,1,8.415461959987699,8.415461959987699,0.0,0,5.277062768051675e-17,0.6788951582533778,0,0,0,0,False,,,,,"{""profile_name"": ""easy_d00"", ""map_seed"": 20290622, ""query_seed"": 20291624, ""waypoint_count"": 0, ""bottleneck_count"": 0}"
easy_s03_q0072,md_dqn,Easy,d08_12,False,False,0.16862213122658432,600,2.2499999999999942,8.415461959987699,,0,0.6895174024722414,0.4373042348755314,0,0,0,0,False,,,,md_dqn_not_reached,"{""profile_name"": ""easy_d00"", ""map_seed"": 20290622, ""query_seed"": 20291624, ""md_dqn_source_dir"": ""/home/ubuntu/DQN10/2_experiment"", ""md_dqn_checkpoint_path"": ""/home/ubuntu/DQN10/2_experiment/ugv_dqn/outputs/2026-05-12_train_load_external_demo_smoke/models/realmap_a/mlp-dqn.pt"", ""md_dqn_algo"": ""mlp-dqn"", ""md_dqn_device"": ""cpu"", ""md_dqn_max_steps"": 600, ""md_dqn_rollout_steps"": 600, ""md_dqn_reached"": false}"
easy_s03_q0073,vanilla_ha,Easy,d12_16,True,True,0.16351079940795898,17,14.799141310436669,,,0,0.0765439317900659,0.33892791104285247,0,0,0,0,False,,,,,"{""profile_name"": ""easy_d01"", ""map_seed"": 20290622, ""query_seed"": 20291625, ""evaluation_path_source"": ""trace_poses"", ""planner_path_pose_count"": 15, ""evaluation_path_pose_count"": 151}"
easy_s03_q0073,f_n3p_knn,Easy,d12_16,True,True,0.012855254812166095,0,15.02078336486451,14.799141310436669,0.014976683429026583,0,0.16727939043387835,0.34567923662361744,0,4,0,0,True,0,2,0.0,,"{""profile_name"": ""easy_d01"", ""map_seed"": 20290622, ""query_seed"": 20291625}"
easy_s03_q0073,n3p_k1,Easy,d12_16,True,True,0.17052685911767185,17,14.799141310436665,14.799141310436669,-2.220446049250313e-16,0,0.07654393179006583,0.33892791104285325,0,0,1,0,True,0,0,,,"{""profile_name"": ""easy_d01"", ""map_seed"": 20290622, ""query_seed"": 20291625}"
easy_s03_q0073,voronoi_waypoint,Easy,d12_16,True,True,0.48180359206162393,3,15.397517913461622,14.799141310436669,0.040433197472272475,0,0.19606388740011316,0.1284611084059919,0,0,0,0,False,,,,,"{""profile_name"": ""easy_d01"", ""map_seed"": 20290622, ""query_seed"": 20291625, ""waypoint_count"": 2}"
easy_s03_q0073,bottleneck_waypoint,Easy,d12_16,True,True,0.340617704205215,2,15.23331618611612,14.799141310436669,0.029337842417469284,0,0.15637131902606524,0.830605366701451,0,0,0,0,False,,,,,"{""profile_name"": ""easy_d01"", ""map_seed"": 20290622, ""query_seed"": 20291625, ""waypoint_count"": 1, ""bottleneck_count"": 1}"
easy_s03_q0073,md_dqn,Easy,d12_16,False,False,0.16583600314334035,600,1.124999999999648,14.799141310436669,,0,0.0,1.89692362337624,0,0,0,0,False,,,,md_dqn_not_reached,"{""profile_name"": ""easy_d01"", ""map_seed"": 20290622, ""query_seed"": 20291625, ""md_dqn_source_dir"": ""/home/ubuntu/DQN10/2_experiment"", ""md_dqn_checkpoint_path"": ""/home/ubuntu/DQN10/2_experiment/ugv_dqn/outputs/2026-05-12_train_load_external_demo_smoke/models/realmap_a/mlp-dqn.pt"", ""md_dqn_algo"": ""mlp-dqn"", ""md_dqn_device"": ""cpu"", ""md_dqn_max_steps"": 600, ""md_dqn_rollout_steps"": 600, ""md_dqn_reached"": false}"
easy_s03_q0074,vanilla_ha,Easy,d16_20,True,True,1.6304233074188232,2571,19.5567039101568,,,1,0.1867280937564885,0.0912573812169497,0,0,0,0,False,,,,,"{""profile_name"": ""easy_d00"", ""map_seed"": 20290622, ""query_seed"": 20291626, ""evaluation_path_source"": ""trace_poses"", ""planner_path_pose_count"": 47, ""evaluation_path_pose_count"": 198}"
easy_s03_q0074,f_n3p_knn,Easy,d16_20,True,True,2.5020759240724146,4134,19.5567039101568,19.5567039101568,0.0,1,0.1867280937564885,0.0912573812169497,0,19,1,1,True,0,0,,,"{""profile_name"": ""easy_d00"", ""map_seed"": 20290622, ""query_seed"": 20291626}"
easy_s03_q0074,n3p_k1,Easy,d16_20,True,True,2.5743823261000216,4132,19.5567039101568,19.5567039101568,0.0,1,0.1867280937564885,0.0912573812169497,0,0,1,1,True,0,0,,,"{""profile_name"": ""easy_d00"", ""map_seed"": 20290622, ""query_seed"": 20291626}"
easy_s03_q0074,voronoi_waypoint,Easy,d16_20,True,True,0.626623370917514,11,21.562414096146817,19.5567039101568,0.10255870289820934,1,0.25988009991043876,0.07686155617679313,0,0,0,0,False,,,,,"{""profile_name"": ""easy_d00"", ""map_seed"": 20290622, ""query_seed"": 20291626, ""waypoint_count"": 3}"
easy_s03_q0074,bottleneck_waypoint,Easy,d16_20,True,True,0.5165886199101806,67,20.861250347092113,19.5567039101568,0.06670584383382705,1,0.20687126761781446,0.09766459844399633,0,0,0,0,False,,,,,"{""profile_name"": ""easy_d00"", ""map_seed"": 20290622, ""query_seed"": 20291626, ""waypoint_count"": 2, ""bottleneck_count"": 2}"
easy_s03_q0074,md_dqn,Easy,d16_20,False,False,0.0014771639835089445,1,0.003750000000000747,19.5567039101568,,0,0.08734630124013319,0.13202418846370823,0,0,0,0,False,,,,md_dqn_not_reached,"{""profile_name"": ""easy_d00"", ""map_seed"": 20290622, ""query_seed"": 20291626, ""md_dqn_source_dir"": ""/home/ubuntu/DQN10/2_experiment"", ""md_dqn_checkpoint_path"": ""/home/ubuntu/DQN10/2_experiment/ugv_dqn/outputs/2026-05-12_train_load_external_demo_smoke/models/realmap_a/mlp-dqn.pt"", ""md_dqn_algo"": ""mlp-dqn"", ""md_dqn_device"": ""cpu"", ""md_dqn_max_steps"": 600, ""md_dqn_rollout_steps"": 1, ""md_dqn_reached"": false}"
easy_s03_q0075,vanilla_ha,Easy,d20_inf,False,False,2.500523090362549,3585,,,,0,,,0,0,0,0,False,,,,timeout,"{""profile_name"": ""easy_d01"", ""map_seed"": 20290623, ""query_seed"": 20291623, ""evaluation_path_source"": ""planner_path"", ""planner_path_pose_count"": 0, ""evaluation_path_pose_count"": 0}"
easy_s03_q0075,f_n3p_knn,Easy,d20_inf,True,True,0.023119386052712798,0,22.43502968817336,,,0,0.07494209448578179,0.23904547633542195,0,24,0,0,True,0,2,0.0,,"{""profile_name"": ""easy_d01"", ""map_seed"": 20290623, ""query_seed"": 20291623}"
easy_s03_q0075,n3p_k1,Easy,d20_inf,True,True,3.827797758858651,5375,21.870724285750104,,,0,0.06753246694764305,0.05237601474799003,0,0,2,1,True,0,0,,,"{""profile_name"": ""easy_d01"", ""map_seed"": 20290623, ""query_seed"": 20291623}"
easy_s03_q0075,voronoi_waypoint,Easy,d20_inf,True,True,0.8043042810168117,65,23.184647907679757,,,0,0.19650150120555884,0.08566456435019965,0,0,0,0,False,,,,,"{""profile_name"": ""easy_d01"", ""map_seed"": 20290623, ""query_seed"": 20291623, ""waypoint_count"": 4}"
easy_s03_q0075,bottleneck_waypoint,Easy,d20_inf,True,True,0.6196780018508434,4,23.33644576080954,,,1,0.14145646230568304,0.24853644557004828,0,0,0,0,False,,,,,"{""profile_name"": ""easy_d01"", ""map_seed"": 20290623, ""query_seed"": 20291623, ""waypoint_count"": 3, ""bottleneck_count"": 3}"
easy_s03_q0075,md_dqn,Easy,d20_inf,False,False,0.17834273166954517,600,3.211875,,,0,0.4913051831489617,0.19884761356190028,0,0,0,0,False,,,,md_dqn_not_reached,"{""profile_name"": ""easy_d01"", ""map_seed"": 20290623, ""query_seed"": 20291623, ""md_dqn_source_dir"": ""/home/ubuntu/DQN10/2_experiment"", ""md_dqn_checkpoint_path"": ""/home/ubuntu/DQN10/2_experiment/ugv_dqn/outputs/2026-05-12_train_load_external_demo_smoke/models/realmap_a/mlp-dqn.pt"", ""md_dqn_algo"": ""mlp-dqn"", ""md_dqn_device"": ""cpu"", ""md_dqn_max_steps"": 600, ""md_dqn_rollout_steps"": 600, ""md_dqn_reached"": false}"
easy_s03_q0076,vanilla_ha,Easy,d08_12,True,True,0.17230725288391113,37,9.052729852866875,,,0,0.2937666364995085,0.11505132286252073,0,0,0,0,False,,,,,"{""profile_name"": ""easy_d00"", ""map_seed"": 20290623, ""query_seed"": 20291624, ""evaluation_path_source"": ""trace_poses"", ""planner_path_pose_count"": 16, ""evaluation_path_pose_count"": 94}"
easy_s03_q0076,f_n3p_knn,Easy,d08_12,True,True,0.010305877076461911,0,9.879595919576573,9.052729852866875,0.09133886464620855,1,0.3131967279350213,0.21636891491235577,0,0,0,0,False,1,1,1.0,,"{""profile_name"": ""easy_d00"", ""map_seed"": 20290623, ""query_seed"": 20291624}"
easy_s03_q0076,n3p_k1,Easy,d08_12,True,True,0.009406374068930745,0,9.879595919576573,9.052729852866875,0.09133886464620855,1,0.3131967279350213,0.21636891491235577,0,0,0,0,False,1,1,1.0,,"{""profile_name"": ""easy_d00"", ""map_seed"": 20290623, ""query_seed"": 20291624}"
easy_s03_q0076,voronoi_waypoint,Easy,d08_12,True,True,0.34354827483184636,12,8.91161276696942,9.052729852866875,-0.015588346078035942,0,0.121431272520337,0.07194031772398113,0,0,0,0,False,,,,,"{""profile_name"": ""easy_d00"", ""map_seed"": 20290623, ""query_seed"": 20291624, ""waypoint_count"": 1}"
easy_s03_q0076,bottleneck_waypoint,Easy,d08_12,True,True,0.3379444391466677,2,9.02964539273721,9.052729852866875,-0.0025499998900723186,0,0.19140164269411558,0.5137490905646993,0,0,0,0,False,,,,,"{""profile_name"": ""easy_d00"", ""map_seed"": 20290623, ""query_seed"": 20291624, ""waypoint_count"": 1, ""bottleneck_count"": 1}"
easy_s03_q0076,md_dqn,Easy,d08_12,False,False,0.1663244655355811,600,1.124999999999514,9.052729852866875,,0,0.0,1.3260668778878797,0,0,0,0,False,,,,md_dqn_not_reached,"{""profile_name"": ""easy_d00"", ""map_seed"": 20290623, ""query_seed"": 20291624, ""md_dqn_source_dir"": ""/home/ubuntu/DQN10/2_experiment"", ""md_dqn_checkpoint_path"": ""/home/ubuntu/DQN10/2_experiment/ugv_dqn/outputs/2026-05-12_train_load_external_demo_smoke/models/realmap_a/mlp-dqn.pt"", ""md_dqn_algo"": ""mlp-dqn"", ""md_dqn_device"": ""cpu"", ""md_dqn_max_steps"": 600, ""md_dqn_rollout_steps"": 600, ""md_dqn_reached"": false}"
easy_s03_q0077,vanilla_ha,Easy,d12_16,True,True,0.6005005836486816,711,16.10816626411834,,,0,0.20057850421139414,0.1170187120741576,0,0,0,0,False,,,,,"{""profile_name"": ""easy_d01"", ""map_seed"": 20290623, ""query_seed"": 20291625, ""evaluation_path_source"": ""trace_poses"", ""planner_path_pose_count"": 35, ""evaluation_path_pose_count"": 164}"
easy_s03_q0077,f_n3p_knn,Easy,d12_16,True,True,0.010749147040769458,0,15.789891000422339,16.10816626411834,-0.019758627920607674,0,0.0654774532115677,0.06296259135591104,0,1,0,0,True,0,1,0.0,,"{""profile_name"": ""easy_d01"", ""map_seed"": 20290623, ""query_seed"": 20291625}"
easy_s03_q0077,n3p_k1,Easy,d12_16,True,True,0.40744880493730307,116,15.978634977878778,16.10816626411834,-0.008041342764638415,0,0.15571570605496565,0.06438061558284247,0,0,2,0,True,0,0,,,"{""profile_name"": ""easy_d01"", ""map_seed"": 20290623, ""query_seed"": 20291625}"
easy_s03_q0077,voronoi_waypoint,Easy,d12_16,True,True,0.6308455159887671,31,18.45762488275017,16.10816626411834,0.1458551259099774,2,0.3225389724633234,0.07480196513174064,0,0,0,0,False,,,,,"{""profile_name"": ""easy_d01"", ""map_seed"": 20290623, ""query_seed"": 20291625, ""waypoint_count"": 3}"
easy_s03_q0077,bottleneck_waypoint,Easy,d12_16,True,True,0.47423430997878313,3,16.894304847559653,16.10816626411834,0.048803729149013986,0,0.16808689284035672,0.1041128033961276,0,0,0,0,False,,,,,"{""profile_name"": ""easy_d01"", ""map_seed"": 20290623, ""query_seed"": 20291625, ""waypoint_count"": 2, ""bottleneck_count"": 2}"
easy_s03_q0077,md_dqn,Easy,d12_16,False,False,0.24449356505647302,211,0.7387499999999984,16.10816626411834,,1,0.2178461958863164,0.3996352259522229,0,0,0,0,False,,,,md_dqn_not_reached,"{""profile_name"": ""easy_d01"", ""map_seed"": 20290623, ""query_seed"": 20291625, ""md_dqn_source_dir"": ""/home/ubuntu/DQN10/2_experiment"", ""md_dqn_checkpoint_path"": ""/home/ubuntu/DQN10/2_experiment/ugv_dqn/outputs/2026-05-12_train_load_external_demo_smoke/models/realmap_a/mlp-dqn.pt"", ""md_dqn_algo"": ""mlp-dqn"", ""md_dqn_device"": ""cpu"", ""md_dqn_max_steps"": 600, ""md_dqn_rollout_steps"": 211, ""md_dqn_reached"": false}"
easy_s03_q0078,vanilla_ha,Easy,d16_20,True,True,0.15798163414001465,25,16.892420125924684,,,0,0.1515559554856138,0.15960756528122588,0,0,0,0,False,,,,,"{""profile_name"": ""easy_d00"", ""map_seed"": 20290623, ""query_seed"": 20291626, ""evaluation_path_source"": ""trace_poses"", ""planner_path_pose_count"": 17, ""evaluation_path_pose_count"": 172}"
easy_s03_q0078,f_n3p_knn,Easy,d16_20,True,True,0.010548369958996773,0,16.707403684976907,16.892420125924684,-0.010952630799410112,0,0.032664149645035695,0.2523491903752416,0,2,0,0,True,0,1,0.0,,"{""profile_name"": ""easy_d00"", ""map_seed"": 20290623, ""query_seed"": 20291626}"
easy_s03_q0078,n3p_k1,Easy,d16_20,True,True,0.16333364602178335,25,16.892420125924684,16.892420125924684,0.0,0,0.1515559554856138,0.15960756528122588,0,0,1,0,True,0,0,,,"{""profile_name"": ""easy_d00"", ""map_seed"": 20290623, ""query_seed"": 20291626}"
easy_s03_q0078,voronoi_waypoint,Easy,d16_20,True,True,0.6113270570058376,4,19.437920867654483,16.892420125924684,0.150688931648298,0,0.2969501022316845,0.422010463205693,0,0,0,0,False,,,,,"{""profile_name"": ""easy_d00"", ""map_seed"": 20290623, ""query_seed"": 20291626, ""waypoint_count"": 3}"
easy_s03_q0078,bottleneck_waypoint,Easy,d16_20,True,True,0.6121475780382752,4,18.224059537729367,16.892420125924684,0.07883058803167131,0,0.2235073448729234,0.6266877545586476,0,0,0,0,False,,,,,"{""profile_name"": ""easy_d00"", ""map_seed"": 20290623, ""query_seed"": 20291626, ""waypoint_count"": 3, ""bottleneck_count"": 3}"
easy_s03_q0078,md_dqn,Easy,d16_20,False,False,0.16623361664824188,600,1.1250000000000122,16.892420125924684,,0,0.8286550898949048,1.5737554547270176,0,0,0,0,False,,,,md_dqn_not_reached,"{""profile_name"": ""easy_d00"", ""map_seed"": 20290623, ""query_seed"": 20291626, ""md_dqn_source_dir"": ""/home/ubuntu/DQN10/2_experiment"", ""md_dqn_checkpoint_path"": ""/home/ubuntu/DQN10/2_experiment/ugv_dqn/outputs/2026-05-12_train_load_external_demo_smoke/models/realmap_a/mlp-dqn.pt"", ""md_dqn_algo"": ""mlp-dqn"", ""md_dqn_device"": ""cpu"", ""md_dqn_max_steps"": 600, ""md_dqn_rollout_steps"": 600, ""md_dqn_reached"": false}"
easy_s03_q0079,vanilla_ha,Easy,d20_inf,True,True,0.36679506301879883,489,28.509118791771495,,,1,0.22186919559520835,0.07440685044209294,0,0,0,0,False,,,,,"{""profile_name"": ""easy_d01"", ""map_seed"": 20290623, ""query_seed"": 20291627, ""evaluation_path_source"": ""trace_poses"", ""planner_path_pose_count"": 55, ""evaluation_path_pose_count"": 288}"
easy_s03_q0079,f_n3p_knn,Easy,d20_inf,True,True,0.20788437803275883,5,29.286839033410377,28.509118791771495,0.02727970118330525,1,0.25563210927725166,0.05706194972084788,0,29,1,0,True,3,6,0.5,,"{""profile_name"": ""easy_d01"", ""map_seed"": 20290623, ""query_seed"": 20291627}"
easy_s03_q0079,n3p_k1,Easy,d20_inf,True,True,0.37129764817655087,489,28.509118791771495,28.509118791771495,0.0,1,0.22186919559520835,0.07440685044209294,0,0,1,0,True,0,0,,,"{""profile_name"": ""easy_d01"", ""map_seed"": 20290623, ""query_seed"": 20291627}"
easy_s03_q0079,voronoi_waypoint,Easy,d20_inf,True,True,1.0696095018647611,213,32.37226324744946,28.509118791771495,0.1355055722309093,3,0.30154175096763824,0.07073905666052549,0,0,0,0,False,,,,,"{""profile_name"": ""easy_d01"", ""map_seed"": 20290623, ""query_seed"": 20291627, ""waypoint_count"": 5}"
easy_s03_q0079,bottleneck_waypoint,Easy,d20_inf,True,True,1.199243274051696,12,33.096063511864465,28.509118791771495,0.16089394953227698,4,0.289473242838116,0.1104162542803826,0,0,0,0,False,,,,,"{""profile_name"": ""easy_d01"", ""map_seed"": 20290623, ""query_seed"": 20291627, ""waypoint_count"": 7, ""bottleneck_count"": 7}"
easy_s03_q0079,md_dqn,Easy,d20_inf,False,False,0.14542921539396048,66,0.2324999999999842,28.509118791771495,,0,0.05359640210490817,0.36425256466013267,0,0,0,0,False,,,,md_dqn_not_reached,"{""profile_name"": ""easy_d01"", ""map_seed"": 20290623, ""query_seed"": 20291627, ""md_dqn_source_dir"": ""/home/ubuntu/DQN10/2_experiment"", ""md_dqn_checkpoint_path"": ""/home/ubuntu/DQN10/2_experiment/ugv_dqn/outputs/2026-05-12_train_load_external_demo_smoke/models/realmap_a/mlp-dqn.pt"", ""md_dqn_algo"": ""mlp-dqn"", ""md_dqn_device"": ""cpu"", ""md_dqn_max_steps"": 600, ""md_dqn_rollout_steps"": 66, ""md_dqn_reached"": false}"
easy_s04_q0080,vanilla_ha,Easy,d08_12,True,True,0.1550312042236328,15,9.895903658529758,,,0,0.13176773421366736,0.11693330574643523,0,0,0,0,False,,,,,"{""profile_name"": ""easy_d00"", ""map_seed"": 20300620, ""query_seed"": 20301620, ""evaluation_path_source"": ""trace_poses"", ""planner_path_pose_count"": 7, ""evaluation_path_pose_count"": 102}"
easy_s04_q0080,f_n3p_knn,Easy,d08_12,True,True,0.010099569102749228,0,10.414969610648162,9.895903658529758,0.052452607667718754,3,0.13436617778298773,0.20754751355734802,0,0,0,0,False,1,1,1.0,,"{""profile_name"": ""easy_d00"", ""map_seed"": 20300620, ""query_seed"": 20301620}"
easy_s04_q0080,n3p_k1,Easy,d08_12,True,True,0.007019235985353589,0,10.414969610648162,9.895903658529758,0.052452607667718754,3,0.13436617778298773,0.20754751355734802,0,0,0,0,False,1,1,1.0,,"{""profile_name"": ""easy_d00"", ""map_seed"": 20300620, ""query_seed"": 20301620}"
easy_s04_q0080,voronoi_waypoint,Easy,d08_12,True,True,0.33669786690734327,14,10.101603685688437,9.895903658529758,0.020786381340866855,0,0.20926845769228117,0.08109638092023186,0,0,0,0,False,,,,,"{""profile_name"": ""easy_d00"", ""map_seed"": 20300620, ""query_seed"": 20301620, ""waypoint_count"": 1}"
easy_s04_q0080,bottleneck_waypoint,Easy,d08_12,True,True,0.33330680802464485,2,10.668815589046671,9.895903658529758,0.07810422950618601,2,0.2068396206073747,0.23157074506868036,0,0,0,0,False,,,,,"{""profile_name"": ""easy_d00"", ""map_seed"": 20300620, ""query_seed"": 20301620, ""waypoint_count"": 1, ""bottleneck_count"": 1}"
easy_s04_q0080,md_dqn,Easy,d08_12,False,False,0.17386263725347817,103,0.3262500000000079,9.895903658529758,,1,0.6729550327811438,0.3961706554899781,0,0,0,0,False,,,,md_dqn_not_reached,"{""profile_name"": ""easy_d00"", ""map_seed"": 20300620, ""query_seed"": 20301620, ""md_dqn_source_dir"": ""/home/ubuntu/DQN10/2_experiment"", ""md_dqn_checkpoint_path"": ""/home/ubuntu/DQN10/2_experiment/ugv_dqn/outputs/2026-05-12_train_load_external_demo_smoke/models/realmap_a/mlp-dqn.pt"", ""md_dqn_algo"": ""mlp-dqn"", ""md_dqn_device"": ""cpu"", ""md_dqn_max_steps"": 600, ""md_dqn_rollout_steps"": 103, ""md_dqn_reached"": false}"
easy_s04_q0081,vanilla_ha,Easy,d12_16,True,True,0.1634366512298584,33,13.31938826363154,,,0,0.14585865239183826,0.06413838779245529,0,0,0,0,False,,,,,"{""profile_name"": ""easy_d01"", ""map_seed"": 20300620, ""query_seed"": 20301621, ""evaluation_path_source"": ""trace_poses"", ""planner_path_pose_count"": 14, ""evaluation_path_pose_count"": 136}"
easy_s04_q0081,f_n3p_knn,Easy,d12_16,True,True,0.020730258896946907,0,13.910348073877945,13.31938826363154,0.04436838979009372,0,0.13605885370262122,0.1072748380493721,0,9,0,0,True,0,2,0.0,,"{""profile_name"": ""easy_d01"", ""map_seed"": 20300620, ""query_seed"": 20301621}"
easy_s04_q0081,n3p_k1,Easy,d12_16,True,True,0.1539515049662441,1,13.464290074097299,13.31938826363154,0.01087901393049795,0,0.07774163087940009,0.11357560268421141,0,0,1,0,True,0,0,,,"{""profile_name"": ""easy_d01"", ""map_seed"": 20300620, ""query_seed"": 20301621}"
easy_s04_q0081,voronoi_waypoint,Easy,d12_16,True,True,0.4732857879716903,3,14.58229877920737,13.31938826363154,0.09481745637104044,0,0.24393072229538632,1.0477700967647863,0,0,0,0,False,,,,,"{""profile_name"": ""easy_d01"", ""map_seed"": 20300620, ""query_seed"": 20301621, ""waypoint_count"": 2}"
easy_s04_q0081,bottleneck_waypoint,Easy,d12_16,True,True,0.33070327597670257,2,14.117741587563827,13.31938826363154,0.059939188507041496,0,0.1758347232865383,1.107105557477629,0,0,0,0,False,,,,,"{""profile_name"": ""easy_d01"", ""map_seed"": 20300620, ""query_seed"": 20301621, ""waypoint_count"": 1, ""bottleneck_count"": 1}"
easy_s04_q0081,md_dqn,Easy,d12_16,False,False,0.16599521646276116,600,1.1250000000000975,13.31938826363154,,0,0.0,1.1397663488479228,0,0,0,0,False,,,,md_dqn_not_reached,"{""profile_name"": ""easy_d01"", ""map_seed"": 20300620, ""query_seed"": 20301621, ""md_dqn_source_dir"": ""/home/ubuntu/DQN10/2_experiment"", ""md_dqn_checkpoint_path"": ""/home/ubuntu/DQN10/2_experiment/ugv_dqn/outputs/2026-05-12_train_load_external_demo_smoke/models/realmap_a/mlp-dqn.pt"", ""md_dqn_algo"": ""mlp-dqn"", ""md_dqn_device"": ""cpu"", ""md_dqn_max_steps"": 600, ""md_dqn_rollout_steps"": 600, ""md_dqn_reached"": false}"
easy_s04_q0082,vanilla_ha,Easy,d16_20,True,True,2.1078808307647705,2837,18.296222411796215,,,0,0.2716891783268185,0.1816371631604371,0,0,0,0,False,,,,,"{""profile_name"": ""easy_d00"", ""map_seed"": 20300620, ""query_seed"": 20301622, ""evaluation_path_source"": ""trace_poses"", ""planner_path_pose_count"": 49, ""evaluation_path_pose_count"": 185}"
easy_s04_q0082,f_n3p_knn,Easy,d16_20,True,True,0.029665275011211634,0,26.65182190164318,18.296222411796215,0.4566844074031271,1,0.041242754885726325,0.07439391213357094,0,5,0,0,True,1,3,0.3333333333333333,,"{""profile_name"": ""easy_d00"", ""map_seed"": 20300620, ""query_seed"": 20301622}"
easy_s04_q0082,n3p_k1,Easy,d16_20,True,True,2.983861596090719,4038,18.296222411796215,18.296222411796215,0.0,0,0.2716891783268185,0.1816371631604371,0,0,1,1,True,1,1,1.0,,"{""profile_name"": ""easy_d00"", ""map_seed"": 20300620, ""query_seed"": 20301622}"
easy_s04_q0082,voronoi_waypoint,Easy,d16_20,True,True,0.6261517289094627,13,18.73245479020833,18.296222411796215,0.023842756640893192,0,0.17251730061983708,0.0755934036610233,0,0,0,0,False,,,,,"{""profile_name"": ""easy_d00"", ""map_seed"": 20300620, ""query_seed"": 20301622, ""waypoint_count"": 3}"
easy_s04_q0082,bottleneck_waypoint,Easy,d16_20,True,True,0.47799102193675935,3,17.919746552341845,18.296222411796215,-0.02057669889340885,0,0.05404451582537854,0.2793230987495092,0,0,0,0,False,,,,,"{""profile_name"": ""easy_d00"", ""map_seed"": 20300620, ""query_seed"": 20301622, ""waypoint_count"": 2, ""bottleneck_count"": 2}"
easy_s04_q0082,md_dqn,Easy,d16_20,False,False,0.4023871752433479,600,5.354999999999987,18.296222411796215,,2,0.39441226261976886,0.1028666134917251,0,0,0,0,False,,,,md_dqn_not_reached,"{""profile_name"": ""easy_d00"", ""map_seed"": 20300620, ""query_seed"": 20301622, ""md_dqn_source_dir"": ""/home/ubuntu/DQN10/2_experiment"", ""md_dqn_checkpoint_path"": ""/home/ubuntu/DQN10/2_experiment/ugv_dqn/outputs/2026-05-12_train_load_external_demo_smoke/models/realmap_a/mlp-dqn.pt"", ""md_dqn_algo"": ""mlp-dqn"", ""md_dqn_device"": ""cpu"", ""md_dqn_max_steps"": 600, ""md_dqn_rollout_steps"": 600, ""md_dqn_reached"": false}"
easy_s04_q0083,vanilla_ha,Easy,d20_inf,True,True,0.15432286262512207,9,20.84487227155462,,,0,0.10529118381513733,0.11285203561415968,0,0,0,0,False,,,,,"{""profile_name"": ""easy_d01"", ""map_seed"": 20300620, ""query_seed"": 20301623, ""evaluation_path_source"": ""trace_poses"", ""planner_path_pose_count"": 11, ""evaluation_path_pose_count"": 211}"
easy_s04_q0083,f_n3p_knn,Easy,d20_inf,True,True,0.02132461592555046,0,20.865642163997776,20.84487227155462,0.0009964029605256108,0,0.0704416159023892,0.08804426229353668,0,13,0,0,True,0,2,0.0,,"{""profile_name"": ""easy_d01"", ""map_seed"": 20300620, ""query_seed"": 20301623}"
easy_s04_q0083,n3p_k1,Easy,d20_inf,True,True,0.16084365593269467,9,20.84487227155462,20.84487227155462,0.0,0,0.10529118381513733,0.11285203561415968,0,0,1,0,True,0,0,,,"{""profile_name"": ""easy_d01"", ""map_seed"": 20300620, ""query_seed"": 20301623}"
easy_s04_q0083,voronoi_waypoint,Easy,d20_inf,True,True,0.7720354541670531,5,22.516358840939706,20.84487227155462,0.08018694226618184,0,0.18670300499636316,0.8662151665619333,0,0,0,0,False,,,,,"{""profile_name"": ""easy_d01"", ""map_seed"": 20300620, ""query_seed"": 20301623, ""waypoint_count"": 4}"
easy_s04_q0083,bottleneck_waypoint,Easy,d20_inf,True,True,0.6274926010519266,4,22.14641344223694,20.84487227155462,0.06243939294645773,0,0.10676500109645544,1.4673206652277377,0,0,0,0,False,,,,,"{""profile_name"": ""easy_d01"", ""map_seed"": 20300620, ""query_seed"": 20301623, ""waypoint_count"": 3, ""bottleneck_count"": 3}"
easy_s04_q0083,md_dqn,Easy,d20_inf,False,False,0.16603570198640227,600,1.125000000000008,20.84487227155462,,0,0.838564556423722,1.809034746279504,0,0,0,0,False,,,,md_dqn_not_reached,"{""profile_name"": ""easy_d01"", ""map_seed"": 20300620, ""query_seed"": 20301623, ""md_dqn_source_dir"": ""/home/ubuntu/DQN10/2_experiment"", ""md_dqn_checkpoint_path"": ""/home/ubuntu/DQN10/2_experiment/ugv_dqn/outputs/2026-05-12_train_load_external_demo_smoke/models/realmap_a/mlp-dqn.pt"", ""md_dqn_algo"": ""mlp-dqn"", ""md_dqn_device"": ""cpu"", ""md_dqn_max_steps"": 600, ""md_dqn_rollout_steps"": 600, ""md_dqn_reached"": false}"
easy_s04_q0084,vanilla_ha,Easy,d08_12,True,True,0.6303541660308838,682,10.400509203317748,,,0,0.16929888649642807,0.10038326799763397,0,0,0,0,False,,,,,"{""profile_name"": ""easy_d00"", ""map_seed"": 20300620, ""query_seed"": 20301624, ""evaluation_path_source"": ""trace_poses"", ""planner_path_pose_count"": 27, ""evaluation_path_pose_count"": 106}"
easy_s04_q0084,f_n3p_knn,Easy,d08_12,True,True,0.010142462095245719,0,10.366281580047891,10.400509203317748,-0.003290956490758945,0,0.041421355611828,0.09905289718610222,0,6,0,0,True,0,1,0.0,,"{""profile_name"": ""easy_d00"", ""map_seed"": 20300620, ""query_seed"": 20301624}"
easy_s04_q0084,n3p_k1,Easy,d08_12,True,True,0.6370504929218441,682,10.400509203317748,10.400509203317748,0.0,0,0.16929888649642807,0.10038326799763397,0,0,1,0,True,0,0,,,"{""profile_name"": ""easy_d00"", ""map_seed"": 20300620, ""query_seed"": 20301624}"
easy_s04_q0084,voronoi_waypoint,Easy,d08_12,True,True,0.47480173595249653,3,13.89922049659739,10.400509203317748,0.3363980767560455,1,0.34065524484881377,0.7708542371741203,0,0,0,0,False,,,,,"{""profile_name"": ""easy_d00"", ""map_seed"": 20300620, ""query_seed"": 20301624, ""waypoint_count"": 2}"
easy_s04_q0084,bottleneck_waypoint,Easy,d08_12,True,True,0.33415255998261273,2,11.376783104603025,10.400509203317748,0.09386789456172462,0,0.18432765080848137,0.5212608560137438,0,0,0,0,False,,,,,"{""profile_name"": ""easy_d00"", ""map_seed"": 20300620, ""query_seed"": 20301624, ""waypoint_count"": 1, ""bottleneck_count"": 1}"
easy_s04_q0084,md_dqn,Easy,d08_12,False,False,0.1667511712294072,600,2.2500000000000178,10.400509203317748,,0,0.08734630124014986,0.7708542371741203,0,0,0,0,False,,,,md_dqn_not_reached,"{""profile_name"": ""easy_d00"", ""map_seed"": 20300620, ""query_seed"": 20301624, ""md_dqn_source_dir"": ""/home/ubuntu/DQN10/2_experiment"", ""md_dqn_checkpoint_path"": ""/home/ubuntu/DQN10/2_experiment/ugv_dqn/outputs/2026-05-12_train_load_external_demo_smoke/models/realmap_a/mlp-dqn.pt"", ""md_dqn_algo"": ""mlp-dqn"", ""md_dqn_device"": ""cpu"", ""md_dqn_max_steps"": 600, ""md_dqn_rollout_steps"": 600, ""md_dqn_reached"": false}"
easy_s04_q0085,vanilla_ha,Easy,d12_16,True,True,0.1510770320892334,1,12.514391715141413,,,0,0.0,0.06702128649026906,0,0,0,0,False,,,,,"{""profile_name"": ""easy_d01"", ""map_seed"": 20300621, ""query_seed"": 20301621, ""evaluation_path_source"": ""trace_poses"", ""planner_path_pose_count"": 2, ""evaluation_path_pose_count"": 127}"
easy_s04_q0085,f_n3p_knn,Easy,d12_16,True,True,0.0005701140034943819,0,12.514391715141413,12.514391715141413,0.0,0,9.980516281843018e-18,0.06702128649026906,0,0,0,0,False,0,0,,,"{""profile_name"": ""easy_d01"", ""map_seed"": 20300621, ""query_seed"": 20301621}"
easy_s04_q0085,n3p_k1,Easy,d12_16,True,True,0.0005563569720834494,0,12.514391715141413,12.514391715141413,0.0,0,9.980516281843018e-18,0.06702128649026906,0,0,0,0,False,0,0,,,"{""profile_name"": ""easy_d01"", ""map_seed"": 20300621, ""query_seed"": 20301621}"
easy_s04_q0085,voronoi_waypoint,Easy,d12_16,True,True,0.47822429495863616,3,12.725842677593693,12.514391715141413,0.01689662328504893,0,0.167736054616965,0.7611604393490254,0,0,0,0,False,,,,,"{""profile_name"": ""easy_d01"", ""map_seed"": 20300621, ""query_seed"": 20301621, ""waypoint_count"": 2}"
easy_s04_q0085,bottleneck_waypoint,Easy,d12_16,True,True,0.33564736088737845,2,12.666262898912054,12.514391715141413,0.012135722392874193,0,0.10201534014752461,0.7595563275213819,0,0,0,0,False,,,,,"{""profile_name"": ""easy_d01"", ""map_seed"": 20300621, ""query_seed"": 20301621, ""waypoint_count"": 1, ""bottleneck_count"": 1}"
easy_s04_q0085,md_dqn,Easy,d12_16,False,False,0.16648243344388902,600,1.1250000000002336,12.514391715141413,,0,0.0,1.1978770600881845,0,0,0,0,False,,,,md_dqn_not_reached,"{""profile_name"": ""easy_d01"", ""map_seed"": 20300621, ""query_seed"": 20301621, ""md_dqn_source_dir"": ""/home/ubuntu/DQN10/2_experiment"", ""md_dqn_checkpoint_path"": ""/home/ubuntu/DQN10/2_experiment/ugv_dqn/outputs/2026-05-12_train_load_external_demo_smoke/models/realmap_a/mlp-dqn.pt"", ""md_dqn_algo"": ""mlp-dqn"", ""md_dqn_device"": ""cpu"", ""md_dqn_max_steps"": 600, ""md_dqn_rollout_steps"": 600, ""md_dqn_reached"": false}"
easy_s04_q0086,vanilla_ha,Easy,d16_20,True,True,0.1543271541595459,1,16.227445886522005,,,0,0.0,0.15737680399019294,0,0,0,0,False,,,,,"{""profile_name"": ""easy_d00"", ""map_seed"": 20300621, ""query_seed"": 20301622, ""evaluation_path_source"": ""trace_poses"", ""planner_path_pose_count"": 2, ""evaluation_path_pose_count"": 164}"
easy_s04_q0086,f_n3p_knn,Easy,d16_20,True,True,0.0006615649908781052,0,16.22744588652201,16.227445886522005,2.220446049250313e-16,0,0.0,0.1573768039901926,0,0,0,0,False,0,0,,,"{""profile_name"": ""easy_d00"", ""map_seed"": 20300621, ""query_seed"": 20301622}"
easy_s04_q0086,n3p_k1,Easy,d16_20,True,True,0.0006467381026595831,0,16.22744588652201,16.227445886522005,2.220446049250313e-16,0,0.0,0.1573768039901926,0,0,0,0,False,0,0,,,"{""profile_name"": ""easy_d00"", ""map_seed"": 20300621, ""query_seed"": 20301622}"
easy_s04_q0086,voronoi_waypoint,Easy,d16_20,True,True,0.6266048438847065,4,19.171779723208232,16.227445886522005,0.1814416056153172,3,0.250384836534235,0.5382512582770507,0,0,0,0,False,,,,,"{""profile_name"": ""easy_d00"", ""map_seed"": 20300621, ""query_seed"": 20301622, ""waypoint_count"": 3}"
easy_s04_q0086,bottleneck_waypoint,Easy,d16_20,True,True,0.48166906693950295,3,16.728486024432875,16.227445886522005,0.030876093589504272,0,0.08965069288322305,0.23248798197921627,0,0,0,0,False,,,,,"{""profile_name"": ""easy_d00"", ""map_seed"": 20300621, ""query_seed"": 20301622, ""waypoint_count"": 2, ""bottleneck_count"": 2}"
easy_s04_q0086,md_dqn,Easy,d16_20,False,False,0.1679905755445361,600,1.1249999999999956,16.227445886522005,,0,0.737025213955589,1.1388955738430167,0,0,0,0,False,,,,md_dqn_not_reached,"{""profile_name"": ""easy_d00"", ""map_seed"": 20300621, ""query_seed"": 20301622, ""md_dqn_source_dir"": ""/home/ubuntu/DQN10/2_experiment"", ""md_dqn_checkpoint_path"": ""/home/ubuntu/DQN10/2_experiment/ugv_dqn/outputs/2026-05-12_train_load_external_demo_smoke/models/realmap_a/mlp-dqn.pt"", ""md_dqn_algo"": ""mlp-dqn"", ""md_dqn_device"": ""cpu"", ""md_dqn_max_steps"": 600, ""md_dqn_rollout_steps"": 600, ""md_dqn_reached"": false}"
easy_s04_q0087,vanilla_ha,Easy,d20_inf,True,True,0.8586413860321045,1047,20.91413721855284,,,2,0.32400276861498756,0.06578970128806272,0,0,0,0,False,,,,,"{""profile_name"": ""easy_d01"", ""map_seed"": 20300621, ""query_seed"": 20301623, ""evaluation_path_source"": ""trace_poses"", ""planner_path_pose_count"": 63, ""evaluation_path_pose_count"": 211}"
easy_s04_q0087,f_n3p_knn,Easy,d20_inf,True,True,0.03659104206599295,0,21.66083768930108,20.91413721855284,0.035703144860589564,2,0.18842307215997703,0.09832176878400878,0,13,0,0,True,3,4,0.75,,"{""profile_name"": ""easy_d01"", ""map_seed"": 20300621, ""query_seed"": 20301623}"
easy_s04_q0087,n3p_k1,Easy,d20_inf,True,True,1.4101011981256306,994,21.386091338470166,20.91413721855284,0.022566272516308272,1,0.2053365641573684,0.0770290173379089,0,0,2,0,True,1,1,1.0,,"{""profile_name"": ""easy_d01"", ""map_seed"": 20300621, ""query_seed"": 20301623}"
easy_s04_q0087,voronoi_waypoint,Easy,d20_inf,True,True,0.7632235470227897,5,23.547149127178297,20.91413721855284,0.1258962720341017,1,0.29506985941337294,0.5435255111680379,0,0,0,0,False,,,,,"{""profile_name"": ""easy_d01"", ""map_seed"": 20300621, ""query_seed"": 20301623, ""waypoint_count"": 4}"
easy_s04_q0087,bottleneck_waypoint,Easy,d20_inf,True,True,0.48112941696308553,3,22.404727028660297,20.91413721855284,0.07127187674685254,2,0.21180045048415022,0.07169350998638202,0,0,0,0,False,,,,,"{""profile_name"": ""easy_d01"", ""map_seed"": 20300621, ""query_seed"": 20301623, ""waypoint_count"": 2, ""bottleneck_count"": 2}"
easy_s04_q0087,md_dqn,Easy,d20_inf,False,False,0.1659089436288923,600,1.1249999999999645,20.91413721855284,,0,0.8286550898949165,1.29031111736353,0,0,0,0,False,,,,md_dqn_not_reached,"{""profile_name"": ""easy_d01"", ""map_seed"": 20300621, ""query_seed"": 20301623, ""md_dqn_source_dir"": ""/home/ubuntu/DQN10/2_experiment"", ""md_dqn_checkpoint_path"": ""/home/ubuntu/DQN10/2_experiment/ugv_dqn/outputs/2026-05-12_train_load_external_demo_smoke/models/realmap_a/mlp-dqn.pt"", ""md_dqn_algo"": ""mlp-dqn"", ""md_dqn_device"": ""cpu"", ""md_dqn_max_steps"": 600, ""md_dqn_rollout_steps"": 600, ""md_dqn_reached"": false}"
easy_s04_q0088,vanilla_ha,Easy,d08_12,True,True,0.5220394134521484,517,11.69519387700984,,,0,0.3177519354343011,0.06137516815522892,0,0,0,0,False,,,,,"{""profile_name"": ""easy_d00"", ""map_seed"": 20300621, ""query_seed"": 20301624, ""evaluation_path_source"": ""trace_poses"", ""planner_path_pose_count"": 31, ""evaluation_path_pose_count"": 119}"
easy_s04_q0088,f_n3p_knn,Easy,d08_12,True,True,0.01073675905354321,0,11.44525271426893,11.69519387700984,-0.0213712714273373,0,0.0881827269869545,0.47708059415434534,0,1,0,0,True,0,1,0.0,,"{""profile_name"": ""easy_d00"", ""map_seed"": 20300621, ""query_seed"": 20301624}"
easy_s04_q0088,n3p_k1,Easy,d08_12,True,True,0.5275423391722143,517,11.69519387700984,11.69519387700984,0.0,0,0.3177519354343011,0.06137516815522892,0,0,1,0,True,0,0,,,"{""profile_name"": ""easy_d00"", ""map_seed"": 20300621, ""query_seed"": 20301624}"
easy_s04_q0088,voronoi_waypoint,Easy,d08_12,True,True,0.4699333477765322,3,13.591191457941633,11.69519387700984,0.16211766994807197,0,0.3026871022489965,0.223616714870301,0,0,0,0,False,,,,,"{""profile_name"": ""easy_d00"", ""map_seed"": 20300621, ""query_seed"": 20301624, ""waypoint_count"": 2}"
easy_s04_q0088,bottleneck_waypoint,Easy,d08_12,True,True,0.4713966711424291,3,13.17589289736667,11.69519387700984,0.12660747961327568,0,0.2727015770668979,0.25742190444766,0,0,0,0,False,,,,,"{""profile_name"": ""easy_d00"", ""map_seed"": 20300621, ""query_seed"": 20301624, ""waypoint_count"": 2, ""bottleneck_count"": 2}"
easy_s04_q0088,md_dqn,Easy,d08_12,False,False,0.168482786975801,600,2.249999999999976,11.69519387700984,,0,0.08734630124015157,0.47708059415434534,0,0,0,0,False,,,,md_dqn_not_reached,"{""profile_name"": ""easy_d00"", ""map_seed"": 20300621, ""query_seed"": 20301624, ""md_dqn_source_dir"": ""/home/ubuntu/DQN10/2_experiment"", ""md_dqn_checkpoint_path"": ""/home/ubuntu/DQN10/2_experiment/ugv_dqn/outputs/2026-05-12_train_load_external_demo_smoke/models/realmap_a/mlp-dqn.pt"", ""md_dqn_algo"": ""mlp-dqn"", ""md_dqn_device"": ""cpu"", ""md_dqn_max_steps"": 600, ""md_dqn_rollout_steps"": 600, ""md_dqn_reached"": false}"
easy_s04_q0089,vanilla_ha,Easy,d12_16,True,True,0.1527388095855713,9,12.536453973286042,,,0,0.1624894436759355,0.09031691744432357,0,0,0,0,False,,,,,"{""profile_name"": ""easy_d01"", ""map_seed"": 20300621, ""query_seed"": 20301625, ""evaluation_path_source"": ""trace_poses"", ""planner_path_pose_count"": 7, ""evaluation_path_pose_count"": 128}"
easy_s04_q0089,f_n3p_knn,Easy,d12_16,True,True,0.01698463107459247,0,12.862125991536557,12.536453973286042,0.025978001350660307,1,0.1438244924686864,0.15350075252575301,0,5,0,0,True,0,2,0.0,,"{""profile_name"": ""easy_d01"", ""map_seed"": 20300621, ""query_seed"": 20301625}"
easy_s04_q0089,n3p_k1,Easy,d12_16,True,True,0.15496133104898036,7,12.870328276537524,12.536453973286042,0.026632276077664052,0,0.17426808227508553,0.09031691744432357,0,0,1,0,True,0,0,,,"{""profile_name"": ""easy_d01"", ""map_seed"": 20300621, ""query_seed"": 20301625}"
easy_s04_q0089,voronoi_waypoint,Easy,d12_16,True,True,0.4811595599167049,11,13.820534602725427,12.536453973286042,0.10242773851167453,0,0.38336296508384465,0.09031691744432357,0,0,0,0,False,,,,,"{""profile_name"": ""easy_d01"", ""map_seed"": 20300621, ""query_seed"": 20301625, ""waypoint_count"": 2}"
easy_s04_q0089,bottleneck_waypoint,Easy,d12_16,True,True,0.47222926607355475,3,13.685692267331248,12.536453973286042,0.09167171965007981,2,0.41151428333363255,0.06734062725636336,0,0,0,0,False,,,,,"{""profile_name"": ""easy_d01"", ""map_seed"": 20300621, ""query_seed"": 20301625, ""waypoint_count"": 2, ""bottleneck_count"": 2}"
easy_s04_q0089,md_dqn,Easy,d12_16,False,False,0.14902754873037338,38,0.08062499999999378,12.536453973286042,,0,0.32057536804918185,0.5049201233737264,0,0,0,0,False,,,,md_dqn_not_reached,"{""profile_name"": ""easy_d01"", ""map_seed"": 20300621, ""query_seed"": 20301625, ""md_dqn_source_dir"": ""/home/ubuntu/DQN10/2_experiment"", ""md_dqn_checkpoint_path"": ""/home/ubuntu/DQN10/2_experiment/ugv_dqn/outputs/2026-05-12_train_load_external_demo_smoke/models/realmap_a/mlp-dqn.pt"", ""md_dqn_algo"": ""mlp-dqn"", ""md_dqn_device"": ""cpu"", ""md_dqn_max_steps"": 600, ""md_dqn_rollout_steps"": 38, ""md_dqn_reached"": false}"
easy_s04_q0090,vanilla_ha,Easy,d16_20,True,True,0.16409754753112793,33,17.06670072835364,,,0,0.06914411610860177,0.0710341827568558,0,0,0,0,False,,,,,"{""profile_name"": ""easy_d00"", ""map_seed"": 20300622, ""query_seed"": 20301622, ""evaluation_path_source"": ""trace_poses"", ""planner_path_pose_count"": 19, ""evaluation_path_pose_count"": 173}"
easy_s04_q0090,f_n3p_knn,Easy,d16_20,True,True,0.011541903018951416,0,17.382858033925874,17.06670072835364,0.01852480515153032,0,0.04801203617899561,0.21505659658948806,0,2,0,0,True,0,1,0.0,,"{""profile_name"": ""easy_d00"", ""map_seed"": 20300622, ""query_seed"": 20301622}"
easy_s04_q0090,n3p_k1,Easy,d16_20,True,True,0.17970174993388355,31,17.11859002924598,17.06670072835364,0.003040382656158691,0,0.09412479227217461,0.0710341827568558,0,0,1,0,True,0,0,,,"{""profile_name"": ""easy_d00"", ""map_seed"": 20300622, ""query_seed"": 20301622}"
easy_s04_q0090,voronoi_waypoint,Easy,d16_20,True,True,0.6229215417988598,4,19.20189868447809,17.06670072835364,0.12510900554886684,0,0.2565507031397123,0.6835082515694015,0,0,0,0,False,,,,,"{""profile_name"": ""easy_d00"", ""map_seed"": 20300622, ""query_seed"": 20301622, ""waypoint_count"": 3}"
easy_s04_q0090,bottleneck_waypoint,Easy,d16_20,True,True,0.48175974702462554,3,19.453079908331173,17.06670072835364,0.13982662601055273,2,0.22213590136615854,0.7907057136732067,0,0,0,0,False,,,,,"{""profile_name"": ""easy_d00"", ""map_seed"": 20300622, ""query_seed"": 20301622, ""waypoint_count"": 2, ""bottleneck_count"": 2}"
easy_s04_q0090,md_dqn,Easy,d16_20,False,False,0.16558806644752622,600,1.1249999999995297,17.06670072835364,,0,0.0,1.002078740025327,0,0,0,0,False,,,,md_dqn_not_reached,"{""profile_name"": ""easy_d00"", ""map_seed"": 20300622, ""query_seed"": 20301622, ""md_dqn_source_dir"": ""/home/ubuntu/DQN10/2_experiment"", ""md_dqn_checkpoint_path"": ""/home/ubuntu/DQN10/2_experiment/ugv_dqn/outputs/2026-05-12_train_load_external_demo_smoke/models/realmap_a/mlp-dqn.pt"", ""md_dqn_algo"": ""mlp-dqn"", ""md_dqn_device"": ""cpu"", ""md_dqn_max_steps"": 600, ""md_dqn_rollout_steps"": 600, ""md_dqn_reached"": false}"
easy_s04_q0091,vanilla_ha,Easy,d20_inf,True,True,0.21598601341247559,129,21.042800525649167,,,0,0.13698435357824845,0.17563446680286277,0,0,0,0,False,,,,,"{""profile_name"": ""easy_d01"", ""map_seed"": 20300622, ""query_seed"": 20301623, ""evaluation_path_source"": ""trace_poses"", ""planner_path_pose_count"": 24, ""evaluation_path_pose_count"": 213}"
easy_s04_q0091,f_n3p_knn,Easy,d20_inf,True,True,0.017264727037400007,0,21.316009087057328,21.042800525649167,0.01298346962302599,0,0.0731511946056507,0.5567452685108494,0,0,0,0,False,2,2,1.0,,"{""profile_name"": ""easy_d01"", ""map_seed"": 20300622, ""query_seed"": 20301623}"
easy_s04_q0091,n3p_k1,Easy,d20_inf,True,True,0.01214670087210834,0,21.316009087057328,21.042800525649167,0.01298346962302599,0,0.0731511946056507,0.5567452685108494,0,0,0,0,False,2,2,1.0,,"{""profile_name"": ""easy_d01"", ""map_seed"": 20300622, ""query_seed"": 20301623}"
easy_s04_q0091,voronoi_waypoint,Easy,d20_inf,True,True,0.6259393440559506,5,23.262298406748506,21.042800525649167,0.10547540373221631,2,0.1577689675361391,0.3528356101424217,0,0,0,0,False,,,,,"{""profile_name"": ""easy_d01"", ""map_seed"": 20300622, ""query_seed"": 20301623, ""waypoint_count"": 4}"
easy_s04_q0091,bottleneck_waypoint,Easy,d20_inf,True,True,0.62306271889247,4,21.240793197501983,21.042800525649167,0.009409045702423624,0,0.08365787131006346,0.5567452685108476,0,0,0,0,False,,,,,"{""profile_name"": ""easy_d01"", ""map_seed"": 20300622, ""query_seed"": 20301623, ""waypoint_count"": 3, ""bottleneck_count"": 3}"
easy_s04_q0091,md_dqn,Easy,d20_inf,False,False,0.1665073400363326,600,1.1249999999998768,21.042800525649167,,0,0.0,2.5224148191234823,0,0,0,0,False,,,,md_dqn_not_reached,"{""profile_name"": ""easy_d01"", ""map_seed"": 20300622, ""query_seed"": 20301623, ""md_dqn_source_dir"": ""/home/ubuntu/DQN10/2_experiment"", ""md_dqn_checkpoint_path"": ""/home/ubuntu/DQN10/2_experiment/ugv_dqn/outputs/2026-05-12_train_load_external_demo_smoke/models/realmap_a/mlp-dqn.pt"", ""md_dqn_algo"": ""mlp-dqn"", ""md_dqn_device"": ""cpu"", ""md_dqn_max_steps"": 600, ""md_dqn_rollout_steps"": 600, ""md_dqn_reached"": false}"
easy_s04_q0092,vanilla_ha,Easy,d08_12,True,True,0.14953851699829102,1,9.305912099305472,,,0,0.0,0.4354398694332058,0,0,0,0,False,,,,,"{""profile_name"": ""easy_d00"", ""map_seed"": 20300622, ""query_seed"": 20301624, ""evaluation_path_source"": ""trace_poses"", ""planner_path_pose_count"": 2, ""evaluation_path_pose_count"": 95}"
easy_s04_q0092,f_n3p_knn,Easy,d08_12,True,True,0.00043244403786957264,0,9.305912099305472,9.305912099305472,0.0,0,0.0,0.4354398694332058,0,0,0,0,False,0,0,,,"{""profile_name"": ""easy_d00"", ""map_seed"": 20300622, ""query_seed"": 20301624}"
easy_s04_q0092,n3p_k1,Easy,d08_12,True,True,0.0004134450573474169,0,9.305912099305472,9.305912099305472,0.0,0,0.0,0.4354398694332058,0,0,0,0,False,0,0,,,"{""profile_name"": ""easy_d00"", ""map_seed"": 20300622, ""query_seed"": 20301624}"
easy_s04_q0092,voronoi_waypoint,Easy,d08_12,True,True,0.33271922008134425,2,9.62384624380278,9.305912099305472,0.03416474829168403,0,0.1630342722586081,0.3752906837674981,0,0,0,0,False,,,,,"{""profile_name"": ""easy_d00"", ""map_seed"": 20300622, ""query_seed"": 20301624, ""waypoint_count"": 1}"
easy_s04_q0092,bottleneck_waypoint,Easy,d08_12,True,True,0.33613696694374084,2,9.371671876634244,9.305912099305472,0.00706645158766106,0,0.10585323933871248,0.4354398694332058,0,0,0,0,False,,,,,"{""profile_name"": ""easy_d00"", ""map_seed"": 20300622, ""query_seed"": 20301624, ""waypoint_count"": 1, ""bottleneck_count"": 1}"
easy_s04_q0092,md_dqn,Easy,d08_12,False,False,0.1671595845837146,600,1.1250000000003406,9.305912099305472,,0,0.0,0.4354398694332058,0,0,0,0,False,,,,md_dqn_not_reached,"{""profile_name"": ""easy_d00"", ""map_seed"": 20300622, ""query_seed"": 20301624, ""md_dqn_source_dir"": ""/home/ubuntu/DQN10/2_experiment"", ""md_dqn_checkpoint_path"": ""/home/ubuntu/DQN10/2_experiment/ugv_dqn/outputs/2026-05-12_train_load_external_demo_smoke/models/realmap_a/mlp-dqn.pt"", ""md_dqn_algo"": ""mlp-dqn"", ""md_dqn_device"": ""cpu"", ""md_dqn_max_steps"": 600, ""md_dqn_rollout_steps"": 600, ""md_dqn_reached"": false}"
easy_s04_q0093,vanilla_ha,Easy,d12_16,True,True,0.176177978515625,41,16.00752354698423,,,0,0.15434426179143682,0.07243499798623065,0,0,0,0,False,,,,,"{""profile_name"": ""easy_d01"", ""map_seed"": 20300622, ""query_seed"": 20301625, ""evaluation_path_source"": ""trace_poses"", ""planner_path_pose_count"": 19, ""evaluation_path_pose_count"": 163}"
easy_s04_q0093,f_n3p_knn,Easy,d12_16,True,True,0.01771679101511836,0,15.884681676359907,16.00752354698423,-0.007674008428834478,0,0.04199693217678455,0.07542045154762167,0,0,0,0,False,2,2,1.0,,"{""profile_name"": ""easy_d01"", ""map_seed"": 20300622, ""query_seed"": 20301625}"
easy_s04_q0093,n3p_k1,Easy,d12_16,True,True,0.013902921928092837,0,15.884681676359907,16.00752354698423,-0.007674008428834478,0,0.04199693217678455,0.07542045154762167,0,0,0,0,False,2,2,1.0,,"{""profile_name"": ""easy_d01"", ""map_seed"": 20300622, ""query_seed"": 20301625}"
easy_s04_q0093,voronoi_waypoint,Easy,d12_16,True,True,0.6190056009218097,4,19.61720830272947,16.00752354698423,0.22549926259051434,0,0.27610117171493037,0.5612537770580733,0,0,0,0,False,,,,,"{""profile_name"": ""easy_d01"", ""map_seed"": 20300622, ""query_seed"": 20301625, ""waypoint_count"": 3}"
easy_s04_q0093,bottleneck_waypoint,Easy,d12_16,True,True,0.48059140192344785,3,18.744405775419274,16.00752354698423,0.17097474324507012,0,0.2137279899121506,0.5681746507035614,0,0,0,0,False,,,,,"{""profile_name"": ""easy_d01"", ""map_seed"": 20300622, ""query_seed"": 20301625, ""waypoint_count"": 2, ""bottleneck_count"": 2}"
easy_s04_q0093,md_dqn,Easy,d12_16,False,False,0.16473521618172526,600,1.1249999999994893,16.00752354698423,,0,0.0,1.7264200505591023,0,0,0,0,False,,,,md_dqn_not_reached,"{""profile_name"": ""easy_d01"", ""map_seed"": 20300622, ""query_seed"": 20301625, ""md_dqn_source_dir"": ""/home/ubuntu/DQN10/2_experiment"", ""md_dqn_checkpoint_path"": ""/home/ubuntu/DQN10/2_experiment/ugv_dqn/outputs/2026-05-12_train_load_external_demo_smoke/models/realmap_a/mlp-dqn.pt"", ""md_dqn_algo"": ""mlp-dqn"", ""md_dqn_device"": ""cpu"", ""md_dqn_max_steps"": 600, ""md_dqn_rollout_steps"": 600, ""md_dqn_reached"": false}"
easy_s04_q0094,vanilla_ha,Easy,d16_20,True,True,0.15380239486694336,9,17.42849671261657,,,0,0.07280969810810586,0.2761225045831718,0,0,0,0,False,,,,,"{""profile_name"": ""easy_d00"", ""map_seed"": 20300622, ""query_seed"": 20301626, ""evaluation_path_source"": ""trace_poses"", ""planner_path_pose_count"": 7, ""evaluation_path_pose_count"": 176}"
easy_s04_q0094,f_n3p_knn,Easy,d16_20,True,True,0.009843904990702868,0,17.393272760076837,17.42849671261657,-0.00202105512142281,0,0.04445655535208571,0.17371747972163776,0,0,0,0,False,1,1,1.0,,"{""profile_name"": ""easy_d00"", ""map_seed"": 20300622, ""query_seed"": 20301626}"
easy_s04_q0094,n3p_k1,Easy,d16_20,True,True,0.006470483960583806,0,17.393272760076837,17.42849671261657,-0.00202105512142281,0,0.04445655535208571,0.17371747972163776,0,0,0,0,False,1,1,1.0,,"{""profile_name"": ""easy_d00"", ""map_seed"": 20300622, ""query_seed"": 20301626}"
easy_s04_q0094,voronoi_waypoint,Easy,d16_20,True,True,0.6196004140656441,4,19.92939870410221,17.42849671261657,0.1434949917209567,0,0.23348746306134965,0.12893923718748623,0,0,0,0,False,,,,,"{""profile_name"": ""easy_d00"", ""map_seed"": 20300622, ""query_seed"": 20301626, ""waypoint_count"": 3}"
easy_s04_q0094,bottleneck_waypoint,Easy,d16_20,True,True,0.4778143619187176,3,20.101502171204448,17.42849671261657,0.15336982315020187,1,0.18970384855254457,0.5483176563720801,0,0,0,0,False,,,,,"{""profile_name"": ""easy_d00"", ""map_seed"": 20300622, ""query_seed"": 20301626, ""waypoint_count"": 2, ""bottleneck_count"": 2}"
easy_s04_q0094,md_dqn,Easy,d16_20,False,False,0.19108222285285592,176,0.4087500000000396,17.42849671261657,,1,0.4104774775566649,0.3432117045445945,0,0,0,0,False,,,,md_dqn_not_reached,"{""profile_name"": ""easy_d00"", ""map_seed"": 20300622, ""query_seed"": 20301626, ""md_dqn_source_dir"": ""/home/ubuntu/DQN10/2_experiment"", ""md_dqn_checkpoint_path"": ""/home/ubuntu/DQN10/2_experiment/ugv_dqn/outputs/2026-05-12_train_load_external_demo_smoke/models/realmap_a/mlp-dqn.pt"", ""md_dqn_algo"": ""mlp-dqn"", ""md_dqn_device"": ""cpu"", ""md_dqn_max_steps"": 600, ""md_dqn_rollout_steps"": 176, ""md_dqn_reached"": false}"
easy_s04_q0095,vanilla_ha,Easy,d20_inf,False,False,2.500502109527588,3521,,,,0,,,0,0,0,0,False,,,,timeout,"{""profile_name"": ""easy_d01"", ""map_seed"": 20300623, ""query_seed"": 20301623, ""evaluation_path_source"": ""planner_path"", ""planner_path_pose_count"": 0, ""evaluation_path_pose_count"": 0}"
easy_s04_q0095,f_n3p_knn,Easy,d20_inf,True,True,0.22805957589298487,29,22.20923938855944,,,5,0.39667162555001256,0.12857215736203076,0,23,1,0,True,5,6,0.8333333333333334,,"{""profile_name"": ""easy_d01"", ""map_seed"": 20300623, ""query_seed"": 20301623}"
easy_s04_q0095,n3p_k1,Easy,d20_inf,True,True,0.7727191580925137,689,21.640922015565543,,,4,0.31845150383774035,0.07639013860774635,0,0,1,0,True,5,5,1.0,,"{""profile_name"": ""easy_d01"", ""map_seed"": 20300623, ""query_seed"": 20301623}"
easy_s04_q0095,voronoi_waypoint,Easy,d20_inf,True,True,0.7636412540450692,11,24.118190466175477,,,3,0.3272140618539044,0.10248690891834067,0,0,0,0,False,,,,,"{""profile_name"": ""easy_d01"", ""map_seed"": 20300623, ""query_seed"": 20301623, ""waypoint_count"": 4}"
easy_s04_q0095,bottleneck_waypoint,Easy,d20_inf,True,True,0.7632199879735708,5,23.602594543816675,,,5,0.3068349502069274,0.14377769962331055,0,0,0,0,False,,,,,"{""profile_name"": ""easy_d01"", ""map_seed"": 20300623, ""query_seed"": 20301623, ""waypoint_count"": 4, ""bottleneck_count"": 4}"
easy_s04_q0095,md_dqn,Easy,d20_inf,False,False,0.4064063315745443,513,43.59125000000004,,,1,0.1857045414098294,0.07929243452240242,0,0,0,0,False,,,,md_dqn_not_reached,"{""profile_name"": ""easy_d01"", ""map_seed"": 20300623, ""query_seed"": 20301623, ""md_dqn_source_dir"": ""/home/ubuntu/DQN10/2_experiment"", ""md_dqn_checkpoint_path"": ""/home/ubuntu/DQN10/2_experiment/ugv_dqn/outputs/2026-05-12_train_load_external_demo_smoke/models/realmap_a/mlp-dqn.pt"", ""md_dqn_algo"": ""mlp-dqn"", ""md_dqn_device"": ""cpu"", ""md_dqn_max_steps"": 600, ""md_dqn_rollout_steps"": 513, ""md_dqn_reached"": false}"
easy_s04_q0096,vanilla_ha,Easy,d08_12,True,True,0.15054082870483398,1,9.560334722173696,,,0,0.0,0.16418126546959722,0,0,0,0,False,,,,,"{""profile_name"": ""easy_d00"", ""map_seed"": 20300623, ""query_seed"": 20301624, ""evaluation_path_source"": ""trace_poses"", ""planner_path_pose_count"": 2, ""evaluation_path_pose_count"": 97}"
easy_s04_q0096,f_n3p_knn,Easy,d08_12,True,True,0.00046653207391500473,0,9.560334722173696,9.560334722173696,0.0,0,0.0,0.16418126546959722,0,0,0,0,False,0,0,,,"{""profile_name"": ""easy_d00"", ""map_seed"": 20300623, ""query_seed"": 20301624}"
easy_s04_q0096,n3p_k1,Easy,d08_12,True,True,0.00046145892702043056,0,9.560334722173696,9.560334722173696,0.0,0,0.0,0.16418126546959722,0,0,0,0,False,0,0,,,"{""profile_name"": ""easy_d00"", ""map_seed"": 20300623, ""query_seed"": 20301624}"
easy_s04_q0096,voronoi_waypoint,Easy,d08_12,True,True,0.336828252999112,5,10.812933673193214,9.560334722173696,0.13102040748785826,0,0.25337425842058053,0.11795317645492309,0,0,0,0,False,,,,,"{""profile_name"": ""easy_d00"", ""map_seed"": 20300623, ""query_seed"": 20301624, ""waypoint_count"": 1}"
easy_s04_q0096,bottleneck_waypoint,Easy,d08_12,True,True,0.335255844052881,2,9.592988777198126,9.560334722173696,0.003415576543433607,0,0.06738288443850649,0.38638170430469676,0,0,0,0,False,,,,,"{""profile_name"": ""easy_d00"", ""map_seed"": 20300623, ""query_seed"": 20301624, ""waypoint_count"": 1, ""bottleneck_count"": 1}"
easy_s04_q0096,md_dqn,Easy,d08_12,False,False,0.1702315399888903,600,1.3462499999999915,9.560334722173696,,0,0.7723954185951148,0.44151734874089177,0,0,0,0,False,,,,md_dqn_not_reached,"{""profile_name"": ""easy_d00"", ""map_seed"": 20300623, ""query_seed"": 20301624, ""md_dqn_source_dir"": ""/home/ubuntu/DQN10/2_experiment"", ""md_dqn_checkpoint_path"": ""/home/ubuntu/DQN10/2_experiment/ugv_dqn/outputs/2026-05-12_train_load_external_demo_smoke/models/realmap_a/mlp-dqn.pt"", ""md_dqn_algo"": ""mlp-dqn"", ""md_dqn_device"": ""cpu"", ""md_dqn_max_steps"": 600, ""md_dqn_rollout_steps"": 600, ""md_dqn_reached"": false}"
easy_s04_q0097,vanilla_ha,Easy,d12_16,True,True,0.21444392204284668,101,13.153839864313415,,,0,0.24669891820349577,0.20848842615586938,0,0,0,0,False,,,,,"{""profile_name"": ""easy_d01"", ""map_seed"": 20300623, ""query_seed"": 20301625, ""evaluation_path_source"": ""trace_poses"", ""planner_path_pose_count"": 28, ""evaluation_path_pose_count"": 133}"
easy_s04_q0097,f_n3p_knn,Easy,d12_16,True,True,0.02195595996454358,0,13.985420329212486,13.153839864313415,0.06321959773549946,3,0.24228859911749048,0.10915686275841563,0,13,0,0,True,0,2,0.0,,"{""profile_name"": ""easy_d01"", ""map_seed"": 20300623, ""query_seed"": 20301625}"
easy_s04_q0097,n3p_k1,Easy,d12_16,True,True,0.3724381912034005,241,13.897638360059412,13.153839864313415,0.05654611150953226,1,0.35439109863324414,0.09424979652543874,0,0,1,0,True,1,1,1.0,,"{""profile_name"": ""easy_d01"", ""map_seed"": 20300623, ""query_seed"": 20301625}"
easy_s04_q0097,voronoi_waypoint,Easy,d12_16,True,True,0.473237716127187,3,14.254956186478001,13.153839864313415,0.08371063761783604,0,0.3614620379271892,0.06108507452480699,0,0,0,0,False,,,,,"{""profile_name"": ""easy_d01"", ""map_seed"": 20300623, ""query_seed"": 20301625, ""waypoint_count"": 2}"
easy_s04_q0097,bottleneck_waypoint,Easy,d12_16,True,True,0.47248444706201553,3,13.614962521405285,13.153839864313415,0.03505612519602774,0,0.19171153459892296,0.34028558820869415,0,0,0,0,False,,,,,"{""profile_name"": ""easy_d01"", ""map_seed"": 20300623, ""query_seed"": 20301625, ""waypoint_count"": 2, ""bottleneck_count"": 2}"
easy_s04_q0097,md_dqn,Easy,d12_16,False,False,0.1663041478022933,600,1.1249999999999978,13.153839864313415,,0,0.8385645564237301,0.8684020558645271,0,0,0,0,False,,,,md_dqn_not_reached,"{""profile_name"": ""easy_d01"", ""map_seed"": 20300623, ""query_seed"": 20301625, ""md_dqn_source_dir"": ""/home/ubuntu/DQN10/2_experiment"", ""md_dqn_checkpoint_path"": ""/home/ubuntu/DQN10/2_experiment/ugv_dqn/outputs/2026-05-12_train_load_external_demo_smoke/models/realmap_a/mlp-dqn.pt"", ""md_dqn_algo"": ""mlp-dqn"", ""md_dqn_device"": ""cpu"", ""md_dqn_max_steps"": 600, ""md_dqn_rollout_steps"": 600, ""md_dqn_reached"": false}"
easy_s04_q0098,vanilla_ha,Easy,d16_20,True,True,0.21309924125671387,121,20.27199285475846,,,0,0.14286081514870216,0.10960290587011634,0,0,0,0,False,,,,,"{""profile_name"": ""easy_d00"", ""map_seed"": 20300623, ""query_seed"": 20301626, ""evaluation_path_source"": ""trace_poses"", ""planner_path_pose_count"": 27, ""evaluation_path_pose_count"": 205}"
easy_s04_q0098,f_n3p_knn,Easy,d16_20,True,True,0.019134575966745615,0,20.247920331020083,20.27199285475846,-0.001187476924979558,0,0.09356621781963274,0.3491042079194535,0,0,0,0,False,2,2,1.0,,"{""profile_name"": ""easy_d00"", ""map_seed"": 20300623, ""query_seed"": 20301626}"
easy_s04_q0098,n3p_k1,Easy,d16_20,True,True,0.016041737981140614,0,20.247920331020083,20.27199285475846,-0.001187476924979558,0,0.09356621781963274,0.3491042079194535,0,0,0,0,False,2,2,1.0,,"{""profile_name"": ""easy_d00"", ""map_seed"": 20300623, ""query_seed"": 20301626}"
easy_s04_q0098,voronoi_waypoint,Easy,d16_20,True,True,0.7715829280205071,5,24.26276757063703,20.27199285475846,0.1968614898629375,1,0.29589845294589245,0.9390305854238756,0,0,0,0,False,,,,,"{""profile_name"": ""easy_d00"", ""map_seed"": 20300623, ""query_seed"": 20301626, ""waypoint_count"": 4}"
easy_s04_q0098,bottleneck_waypoint,Easy,d16_20,True,True,0.6285792430862784,4,22.191394331170127,20.27199285475846,0.09468242664465643,0,0.17336306986793532,0.9382132405079193,0,0,0,0,False,,,,,"{""profile_name"": ""easy_d00"", ""map_seed"": 20300623, ""query_seed"": 20301626, ""waypoint_count"": 3, ""bottleneck_count"": 3}"
easy_s04_q0098,md_dqn,Easy,d16_20,False,False,0.27806952595710754,300,18.217500000000033,20.27199285475846,,0,0.19519996380557908,0.1580457990792874,0,0,0,0,False,,,,md_dqn_not_reached,"{""profile_name"": ""easy_d00"", ""map_seed"": 20300623, ""query_seed"": 20301626, ""md_dqn_source_dir"": ""/home/ubuntu/DQN10/2_experiment"", ""md_dqn_checkpoint_path"": ""/home/ubuntu/DQN10/2_experiment/ugv_dqn/outputs/2026-05-12_train_load_external_demo_smoke/models/realmap_a/mlp-dqn.pt"", ""md_dqn_algo"": ""mlp-dqn"", ""md_dqn_device"": ""cpu"", ""md_dqn_max_steps"": 600, ""md_dqn_rollout_steps"": 300, ""md_dqn_reached"": false}"
easy_s04_q0099,vanilla_ha,Easy,d20_inf,True,True,2.0736842155456543,3411,25.120806484644625,,,0,0.056962816688229605,0.05788621631450075,0,0,0,0,False,,,,,"{""profile_name"": ""easy_d01"", ""map_seed"": 20300623, ""query_seed"": 20301627, ""evaluation_path_source"": ""trace_poses"", ""planner_path_pose_count"": 68, ""evaluation_path_pose_count"": 254}"
easy_s04_q0099,f_n3p_knn,Easy,d20_inf,True,True,0.03587183705531061,0,25.459265567610654,25.120806484644625,0.013473257045824472,0,0.06439136231660611,0.06051956614104198,0,12,0,0,True,2,4,0.5,,"{""profile_name"": ""easy_d01"", ""map_seed"": 20300623, ""query_seed"": 20301627}"
easy_s04_q0099,n3p_k1,Easy,d20_inf,True,True,3.22455571917817,5037,25.120806484644625,25.120806484644625,0.0,0,0.056962816688229605,0.05788621631450075,0,0,2,1,True,0,0,,,"{""profile_name"": ""easy_d01"", ""map_seed"": 20300623, ""query_seed"": 20301627}"
easy_s04_q0099,voronoi_waypoint,Easy,d20_inf,True,True,0.9195578219369054,15,29.184242390399344,25.120806484644625,0.16175579029433385,1,0.3737202482137215,0.07194221509511223,0,0,0,0,False,,,,,"{""profile_name"": ""easy_d01"", ""map_seed"": 20300623, ""query_seed"": 20301627, ""waypoint_count"": 5}"
easy_s04_q0099,bottleneck_waypoint,Easy,d20_inf,True,True,0.7716836540494114,5,28.825086216344694,25.120806484644625,0.14745863091474987,1,0.228217966605245,0.18877077640113527,0,0,0,0,False,,,,,"{""profile_name"": ""easy_d01"", ""map_seed"": 20300623, ""query_seed"": 20301627, ""waypoint_count"": 4, ""bottleneck_count"": 4}"
easy_s04_q0099,md_dqn,Easy,d20_inf,False,False,0.16678531072102487,600,1.1250000000000202,25.120806484644625,,0,0.8286550898948741,0.18877077640113527,0,0,0,0,False,,,,md_dqn_not_reached,"{""profile_name"": ""easy_d01"", ""map_seed"": 20300623, ""query_seed"": 20301627, ""md_dqn_source_dir"": ""/home/ubuntu/DQN10/2_experiment"", ""md_dqn_checkpoint_path"": ""/home/ubuntu/DQN10/2_experiment/ugv_dqn/outputs/2026-05-12_train_load_external_demo_smoke/models/realmap_a/mlp-dqn.pt"", ""md_dqn_algo"": ""mlp-dqn"", ""md_dqn_device"": ""cpu"", ""md_dqn_max_steps"": 600, ""md_dqn_rollout_steps"": 600, ""md_dqn_reached"": false}"
complex_s00_q0000,vanilla_ha,Complex,d08_12,True,True,0.6359379291534424,729,9.724165615469474,,,0,0.21224032493837516,0.09211451100499735,0,0,0,0,False,,,,,"{""profile_name"": ""complex_d02"", ""map_seed"": 20360620, ""query_seed"": 20361620, ""evaluation_path_source"": ""trace_poses"", ""planner_path_pose_count"": 28, ""evaluation_path_pose_count"": 100}"
complex_s00_q0000,f_n3p_knn,Complex,d08_12,True,True,0.020064819138497114,0,13.046243327326064,9.724165615469474,0.3416311325026937,3,0.33574406385694816,0.25995912998159443,0,7,0,0,True,1,2,0.5,,"{""profile_name"": ""complex_d02"", ""map_seed"": 20360620, ""query_seed"": 20361620}"
complex_s00_q0000,n3p_k1,Complex,d08_12,True,True,0.3225415740162134,241,9.66830001847953,9.724165615469474,-0.0057450273061034896,0,0.2854359013008685,0.08783753682172046,0,0,1,0,True,0,0,,,"{""profile_name"": ""complex_d02"", ""map_seed"": 20360620, ""query_seed"": 20361620}"
complex_s00_q0000,voronoi_waypoint,Complex,d08_12,True,True,0.5074936491437256,51,13.564608266566292,9.724165615469474,0.39493801349776847,3,0.5463630466086065,0.09011937283692517,0,0,0,0,False,,,,,"{""profile_name"": ""complex_d02"", ""map_seed"": 20360620, ""query_seed"": 20361620, ""waypoint_count"": 2}"
complex_s00_q0000,bottleneck_waypoint,Complex,d08_12,True,True,0.4760558211710304,3,11.303043047011956,9.724165615469474,0.16236636581248254,2,0.3345711301491917,0.3104922540544357,0,0,0,0,False,,,,,"{""profile_name"": ""complex_d02"", ""map_seed"": 20360620, ""query_seed"": 20361620, ""waypoint_count"": 2, ""bottleneck_count"": 2}"
complex_s00_q0000,md_dqn,Complex,d08_12,False,False,0.31227867235429585,354,17.11187499999999,9.724165615469474,,1,0.4773083238653012,0.13816740905985814,0,0,0,0,False,,,,md_dqn_not_reached,"{""profile_name"": ""complex_d02"", ""map_seed"": 20360620, ""query_seed"": 20361620, ""md_dqn_source_dir"": ""/home/ubuntu/DQN10/2_experiment"", ""md_dqn_checkpoint_path"": ""/home/ubuntu/DQN10/2_experiment/ugv_dqn/outputs/2026-05-12_train_load_external_demo_smoke/models/realmap_a/mlp-dqn.pt"", ""md_dqn_algo"": ""mlp-dqn"", ""md_dqn_device"": ""cpu"", ""md_dqn_max_steps"": 600, ""md_dqn_rollout_steps"": 354, ""md_dqn_reached"": false}"
complex_s00_q0001,vanilla_ha,Complex,d12_16,True,True,0.2255418300628662,127,13.114624807644978,,,0,0.23607276901488228,0.098176422805349,0,0,0,0,False,,,,,"{""profile_name"": ""complex_d02"", ""map_seed"": 20360620, ""query_seed"": 20361621, ""evaluation_path_source"": ""trace_poses"", ""planner_path_pose_count"": 34, ""evaluation_path_pose_count"": 134}"
complex_s00_q0001,f_n3p_knn,Complex,d12_16,True,True,0.018475302029401064,0,13.061476822603698,13.114624807644978,-0.0040525738113603715,4,0.157991899389622,0.07595167502348521,0,0,0,0,False,2,2,1.0,,"{""profile_name"": ""complex_d02"", ""map_seed"": 20360620, ""query_seed"": 20361621}"
complex_s00_q0001,n3p_k1,Complex,d12_16,True,True,0.014681873843073845,0,13.061476822603698,13.114624807644978,-0.0040525738113603715,4,0.157991899389622,0.07595167502348521,0,0,0,0,False,2,2,1.0,,"{""profile_name"": ""complex_d02"", ""map_seed"": 20360620, ""query_seed"": 20361621}"
complex_s00_q0001,voronoi_waypoint,Complex,d12_16,True,True,0.5275258738547564,78,13.97156982585467,13.114624807644978,0.06534270181409618,2,0.27264209931291405,0.09686902773813966,0,0,0,0,False,,,,,"{""profile_name"": ""complex_d02"", ""map_seed"": 20360620, ""query_seed"": 20361621, ""waypoint_count"": 2}"
complex_s00_q0001,bottleneck_waypoint,Complex,d12_16,True,True,0.4750155848450959,3,13.451517539225906,13.114624807644978,0.025688324029257803,0,0.30619150168559356,0.3950266191727809,0,0,0,0,False,,,,,"{""profile_name"": ""complex_d02"", ""map_seed"": 20360620, ""query_seed"": 20361621, ""waypoint_count"": 2, ""bottleneck_count"": 2}"
complex_s00_q0001,md_dqn,Complex,d12_16,False,False,0.32417572289705276,122,0.8906250000000014,13.114624807644978,,1,0.5324543983711328,0.40994544912042985,0,0,0,0,False,,,,md_dqn_not_reached,"{""profile_name"": ""complex_d02"", ""map_seed"": 20360620, ""query_seed"": 20361621, ""md_dqn_source_dir"": ""/home/ubuntu/DQN10/2_experiment"", ""md_dqn_checkpoint_path"": ""/home/ubuntu/DQN10/2_experiment/ugv_dqn/outputs/2026-05-12_train_load_external_demo_smoke/models/realmap_a/mlp-dqn.pt"", ""md_dqn_algo"": ""mlp-dqn"", ""md_dqn_device"": ""cpu"", ""md_dqn_max_steps"": 600, ""md_dqn_rollout_steps"": 122, ""md_dqn_reached"": false}"
complex_s00_q0002,vanilla_ha,Complex,d16_20,False,False,2.5004539489746094,4345,,,,0,,,0,0,0,0,False,,,,timeout,"{""profile_name"": ""complex_d02"", ""map_seed"": 20360620, ""query_seed"": 20361622, ""evaluation_path_source"": ""planner_path"", ""planner_path_pose_count"": 0, ""evaluation_path_pose_count"": 0}"
complex_s00_q0002,f_n3p_knn,Complex,d16_20,False,False,3.5157920808997005,6287,,,,0,,,0,19,1,1,True,0,0,,f2_failed:prediction:goal_in_collision;goal:timeout;f3_failed:timeout,"{""profile_name"": ""complex_d02"", ""map_seed"": 20360620, ""query_seed"": 20361622}"
complex_s00_q0002,n3p_k1,Complex,d16_20,False,False,3.512912940001115,6373,,,,0,,,0,0,1,1,True,0,0,,f2_failed:prediction:goal_in_collision;goal:timeout;f3_failed:timeout,"{""profile_name"": ""complex_d02"", ""map_seed"": 20360620, ""query_seed"": 20361622}"
complex_s00_q0002,voronoi_waypoint,Complex,d16_20,True,True,0.6175350421108305,8,21.18527161045377,,,0,0.2556801772738284,0.13691589210671284,0,0,0,0,False,,,,,"{""profile_name"": ""complex_d02"", ""map_seed"": 20360620, ""query_seed"": 20361622, ""waypoint_count"": 3}"
complex_s00_q0002,bottleneck_waypoint,Complex,d16_20,True,True,0.616769006010145,4,21.052535048226236,,,0,0.20129775730065247,0.1386899070728136,0,0,0,0,False,,,,,"{""profile_name"": ""complex_d02"", ""map_seed"": 20360620, ""query_seed"": 20361622, ""waypoint_count"": 3, ""bottleneck_count"": 3}"
complex_s00_q0002,md_dqn,Complex,d16_20,False,False,0.390787648037076,518,1.0350000000000377,,,1,0.7539391927378817,0.39339204612747647,0,0,0,0,False,,,,md_dqn_not_reached,"{""profile_name"": ""complex_d02"", ""map_seed"": 20360620, ""query_seed"": 20361622, ""md_dqn_source_dir"": ""/home/ubuntu/DQN10/2_experiment"", ""md_dqn_checkpoint_path"": ""/home/ubuntu/DQN10/2_experiment/ugv_dqn/outputs/2026-05-12_train_load_external_demo_smoke/models/realmap_a/mlp-dqn.pt"", ""md_dqn_algo"": ""mlp-dqn"", ""md_dqn_device"": ""cpu"", ""md_dqn_max_steps"": 600, ""md_dqn_rollout_steps"": 518, ""md_dqn_reached"": false}"
complex_s00_q0003,vanilla_ha,Complex,d20_inf,False,False,2.501894474029541,3257,,,,0,,,0,0,0,0,False,,,,timeout,"{""profile_name"": ""complex_d02"", ""map_seed"": 20360620, ""query_seed"": 20361623, ""evaluation_path_source"": ""planner_path"", ""planner_path_pose_count"": 0, ""evaluation_path_pose_count"": 0}"
complex_s00_q0003,f_n3p_knn,Complex,d20_inf,True,True,0.2009427680168301,9,21.52085078964624,,,0,0.18863714641615703,0.09750140095350768,0,25,1,0,True,2,4,0.5,,"{""profile_name"": ""complex_d02"", ""map_seed"": 20360620, ""query_seed"": 20361623}"
complex_s00_q0003,n3p_k1,Complex,d20_inf,True,True,0.7623676031362265,516,20.93987169144305,,,0,0.20092963715373416,0.08513886355521572,0,0,2,0,True,2,2,1.0,,"{""profile_name"": ""complex_d02"", ""map_seed"": 20360620, ""query_seed"": 20361623}"
complex_s00_q0003,voronoi_waypoint,Complex,d20_inf,True,True,0.7758648809976876,22,22.178680274467713,,,0,0.2378565964809513,0.09654689869225885,0,0,0,0,False,,,,,"{""profile_name"": ""complex_d02"", ""map_seed"": 20360620, ""query_seed"": 20361623, ""waypoint_count"": 4}"
complex_s00_q0003,bottleneck_waypoint,Complex,d20_inf,True,True,0.8928365060128272,133,22.60146768561721,,,0,0.3107144152331322,0.10130663021071917,0,0,0,0,False,,,,,"{""profile_name"": ""complex_d02"", ""map_seed"": 20360620, ""query_seed"": 20361623, ""waypoint_count"": 4, ""bottleneck_count"": 4}"
complex_s00_q0003,md_dqn,Complex,d20_inf,False,False,0.20868677808903158,600,1.1287500000000037,,,1,0.8048229221389032,0.4004893145167183,0,0,0,0,False,,,,md_dqn_not_reached,"{""profile_name"": ""complex_d02"", ""map_seed"": 20360620, ""query_seed"": 20361623, ""md_dqn_source_dir"": ""/home/ubuntu/DQN10/2_experiment"", ""md_dqn_checkpoint_path"": ""/home/ubuntu/DQN10/2_experiment/ugv_dqn/outputs/2026-05-12_train_load_external_demo_smoke/models/realmap_a/mlp-dqn.pt"", ""md_dqn_algo"": ""mlp-dqn"", ""md_dqn_device"": ""cpu"", ""md_dqn_max_steps"": 600, ""md_dqn_rollout_steps"": 600, ""md_dqn_reached"": false}"
complex_s00_q0004,vanilla_ha,Complex,d08_12,True,True,0.23303437232971191,103,10.341091658073225,,,0,0.4440947928407019,0.1156295074136442,0,0,0,0,False,,,,,"{""profile_name"": ""complex_d02"", ""map_seed"": 20360620, ""query_seed"": 20361624, ""evaluation_path_source"": ""trace_poses"", ""planner_path_pose_count"": 28, ""evaluation_path_pose_count"": 105}"
complex_s00_q0004,f_n3p_knn,Complex,d08_12,True,True,0.026747732888907194,0,10.762275091923824,10.341091658073225,0.040729107504021034,5,0.29857358890271396,0.09425989299033555,0,4,0,0,True,1,3,0.3333333333333333,,"{""profile_name"": ""complex_d02"", ""map_seed"": 20360620, ""query_seed"": 20361624}"
complex_s00_q0004,n3p_k1,Complex,d08_12,True,True,0.3105392549186945,14,10.269613636757775,10.341091658073225,-0.006912038272056886,0,0.3399029227980346,0.10373043492841227,0,0,2,0,True,0,0,,,"{""profile_name"": ""complex_d02"", ""map_seed"": 20360620, ""query_seed"": 20361624}"
complex_s00_q0004,voronoi_waypoint,Complex,d08_12,True,True,0.34928154991939664,18,10.239911060896073,10.341091658073225,-0.009784324568689051,0,0.16370987065832063,0.12780836538041707,0,0,0,0,False,,,,,"{""profile_name"": ""complex_d02"", ""map_seed"": 20360620, ""query_seed"": 20361624, ""waypoint_count"": 1}"
complex_s00_q0004,bottleneck_waypoint,Complex,d08_12,True,True,0.47401809110306203,3,10.766021463641213,10.341091658073225,0.04109138760376885,0,0.2888826288590774,0.47279378585344944,0,0,0,0,False,,,,,"{""profile_name"": ""complex_d02"", ""map_seed"": 20360620, ""query_seed"": 20361624, ""waypoint_count"": 2, ""bottleneck_count"": 2}"
complex_s00_q0004,md_dqn,Complex,d08_12,False,False,0.16737329494208097,600,1.1249999999995712,10.341091658073225,,0,0.0,0.5514883189244851,0,0,0,0,False,,,,md_dqn_not_reached,"{""profile_name"": ""complex_d02"", ""map_seed"": 20360620, ""query_seed"": 20361624, ""md_dqn_source_dir"": ""/home/ubuntu/DQN10/2_experiment"", ""md_dqn_checkpoint_path"": ""/home/ubuntu/DQN10/2_experiment/ugv_dqn/outputs/2026-05-12_train_load_external_demo_smoke/models/realmap_a/mlp-dqn.pt"", ""md_dqn_algo"": ""mlp-dqn"", ""md_dqn_device"": ""cpu"", ""md_dqn_max_steps"": 600, ""md_dqn_rollout_steps"": 600, ""md_dqn_reached"": false}"
complex_s00_q0005,vanilla_ha,Complex,d12_16,True,True,1.0009195804595947,1043,13.878684147737905,,,0,0.1475587371039805,0.07636115679497946,0,0,0,0,False,,,,,"{""profile_name"": ""complex_d02"", ""map_seed"": 20360621, ""query_seed"": 20361621, ""evaluation_path_source"": ""trace_poses"", ""planner_path_pose_count"": 46, ""evaluation_path_pose_count"": 140}"
complex_s00_q0005,f_n3p_knn,Complex,d12_16,True,True,0.02011225209571421,0,14.925020827871107,13.878684147737905,0.07539163432174112,2,0.2535432080709283,0.14582332782938123,0,15,0,0,True,0,2,0.0,,"{""profile_name"": ""complex_d02"", ""map_seed"": 20360621, ""query_seed"": 20361621}"
complex_s00_q0005,n3p_k1,Complex,d12_16,True,True,0.9181666281074286,654,13.822033468828776,13.878684147737905,-0.0040818479840081245,0,0.20722407878516508,0.10144656569207533,0,0,2,0,True,0,0,,,"{""profile_name"": ""complex_d02"", ""map_seed"": 20360621, ""query_seed"": 20361621}"
complex_s00_q0005,voronoi_waypoint,Complex,d12_16,True,True,0.555043162079528,89,15.059691653921542,13.878684147737905,0.08509506330801031,0,0.3273990806056832,0.07193041227878105,0,0,0,0,False,,,,,"{""profile_name"": ""complex_d02"", ""map_seed"": 20360621, ""query_seed"": 20361621, ""waypoint_count"": 2}"
complex_s00_q0005,bottleneck_waypoint,Complex,d12_16,True,True,0.4945258719380945,11,14.804239247011393,13.878684147737905,0.06668896628967125,0,0.319723882664548,0.09980546101900245,0,0,0,0,False,,,,,"{""profile_name"": ""complex_d02"", ""map_seed"": 20360621, ""query_seed"": 20361621, ""waypoint_count"": 2, ""bottleneck_count"": 2}"
complex_s00_q0005,md_dqn,Complex,d12_16,False,False,0.2571928142569959,295,21.87687499999999,13.878684147737905,,1,0.2069584871308885,0.10027572598041612,0,0,0,0,False,,,,md_dqn_not_reached,"{""profile_name"": ""complex_d02"", ""map_seed"": 20360621, ""query_seed"": 20361621, ""md_dqn_source_dir"": ""/home/ubuntu/DQN10/2_experiment"", ""md_dqn_checkpoint_path"": ""/home/ubuntu/DQN10/2_experiment/ugv_dqn/outputs/2026-05-12_train_load_external_demo_smoke/models/realmap_a/mlp-dqn.pt"", ""md_dqn_algo"": ""mlp-dqn"", ""md_dqn_device"": ""cpu"", ""md_dqn_max_steps"": 600, ""md_dqn_rollout_steps"": 295, ""md_dqn_reached"": false}"
complex_s00_q0006,vanilla_ha,Complex,d16_20,True,True,0.412992000579834,355,19.669586339363914,,,0,0.423593167695349,0.06541455706251142,0,0,0,0,False,,,,,"{""profile_name"": ""complex_d02"", ""map_seed"": 20360621, ""query_seed"": 20361622, ""evaluation_path_source"": ""trace_poses"", ""planner_path_pose_count"": 63, ""evaluation_path_pose_count"": 200}"
complex_s00_q0006,f_n3p_knn,Complex,d16_20,True,True,0.1682966509833932,1,22.30596107756024,19.669586339363914,0.13403305451931447,1,0.19028498280002293,0.05977378715305581,0,19,1,0,True,3,3,1.0,,"{""profile_name"": ""complex_d02"", ""map_seed"": 20360621, ""query_seed"": 20361622}"
complex_s00_q0006,n3p_k1,Complex,d16_20,True,True,0.1665170539636165,1,22.30596107756024,19.669586339363914,0.13403305451931447,1,0.19028498280002293,0.05977378715305581,0,0,1,0,True,3,3,1.0,,"{""profile_name"": ""complex_d02"", ""map_seed"": 20360621, ""query_seed"": 20361622}"
complex_s00_q0006,voronoi_waypoint,Complex,d16_20,True,True,0.7551863710395992,5,23.70679210774578,19.669586339363914,0.20525117807395765,3,0.3157174891102449,0.13773479518557197,0,0,0,0,False,,,,,"{""profile_name"": ""complex_d02"", ""map_seed"": 20360621, ""query_seed"": 20361622, ""waypoint_count"": 4}"
complex_s00_q0006,bottleneck_waypoint,Complex,d16_20,True,True,0.6173602880444378,4,19.693588998043122,19.669586339363914,0.00122029300795079,0,0.17024802973984324,0.12325974742187351,0,0,0,0,False,,,,,"{""profile_name"": ""complex_d02"", ""map_seed"": 20360621, ""query_seed"": 20361622, ""waypoint_count"": 3, ""bottleneck_count"": 3}"
complex_s00_q0006,md_dqn,Complex,d16_20,False,False,0.16673861886374652,600,1.1250000000002993,19.669586339363914,,0,0.0,0.8245879670375085,0,0,0,0,False,,,,md_dqn_not_reached,"{""profile_name"": ""complex_d02"", ""map_seed"": 20360621, ""query_seed"": 20361622, ""md_dqn_source_dir"": ""/home/ubuntu/DQN10/2_experiment"", ""md_dqn_checkpoint_path"": ""/home/ubuntu/DQN10/2_experiment/ugv_dqn/outputs/2026-05-12_train_load_external_demo_smoke/models/realmap_a/mlp-dqn.pt"", ""md_dqn_algo"": ""mlp-dqn"", ""md_dqn_device"": ""cpu"", ""md_dqn_max_steps"": 600, ""md_dqn_rollout_steps"": 600, ""md_dqn_reached"": false}"
complex_s00_q0007,vanilla_ha,Complex,d20_inf,True,True,1.0087530612945557,1109,26.645960592051914,,,0,0.18880730073382837,0.1565578550460639,0,0,0,0,False,,,,,"{""profile_name"": ""complex_d02"", ""map_seed"": 20360621, ""query_seed"": 20361623, ""evaluation_path_source"": ""trace_poses"", ""planner_path_pose_count"": 83, ""evaluation_path_pose_count"": 269}"
complex_s00_q0007,f_n3p_knn,Complex,d20_inf,True,True,0.027319628046825528,0,26.33489185893781,26.645960592051914,-0.01167414220401164,0,0.0715101949602307,0.06903289680434865,0,14,0,0,True,1,3,0.3333333333333333,,"{""profile_name"": ""complex_d02"", ""map_seed"": 20360621, ""query_seed"": 20361623}"
complex_s00_q0007,n3p_k1,Complex,d20_inf,True,True,0.400481129065156,343,26.267393448529763,26.645960592051914,-0.014207299534739648,0,0.21437040968221638,0.10963074230570657,0,0,1,0,True,1,1,1.0,,"{""profile_name"": ""complex_d02"", ""map_seed"": 20360621, ""query_seed"": 20361623}"
complex_s00_q0007,voronoi_waypoint,Complex,d20_inf,True,True,0.9060534730087966,9,28.73046733356275,26.645960592051914,0.07822974646793601,0,0.2042908909225328,0.1565578550460639,0,0,0,0,False,,,,,"{""profile_name"": ""complex_d02"", ""map_seed"": 20360621, ""query_seed"": 20361623, ""waypoint_count"": 5}"
complex_s00_q0007,bottleneck_waypoint,Complex,d20_inf,True,True,0.7678065749350935,5,27.92670323995694,26.645960592051914,0.048065170834451054,0,0.16927681443852227,0.1565578550460639,0,0,0,0,False,,,,,"{""profile_name"": ""complex_d02"", ""map_seed"": 20360621, ""query_seed"": 20361623, ""waypoint_count"": 4, ""bottleneck_count"": 4}"
complex_s00_q0007,md_dqn,Complex,d20_inf,False,False,0.16711386712267995,600,1.1249999999999023,26.645960592051914,,0,0.0,0.4249022248839699,0,0,0,0,False,,,,md_dqn_not_reached,"{""profile_name"": ""complex_d02"", ""map_seed"": 20360621, ""query_seed"": 20361623, ""md_dqn_source_dir"": ""/home/ubuntu/DQN10/2_experiment"", ""md_dqn_checkpoint_path"": ""/home/ubuntu/DQN10/2_experiment/ugv_dqn/outputs/2026-05-12_train_load_external_demo_smoke/models/realmap_a/mlp-dqn.pt"", ""md_dqn_algo"": ""mlp-dqn"", ""md_dqn_device"": ""cpu"", ""md_dqn_max_steps"": 600, ""md_dqn_rollout_steps"": 600, ""md_dqn_reached"": false}"
complex_s00_q0008,vanilla_ha,Complex,d08_12,True,True,0.2571885585784912,186,8.976592163158896,,,1,0.22067991349937746,0.060043638913938824,0,0,0,0,False,,,,,"{""profile_name"": ""complex_d02"", ""map_seed"": 20360621, ""query_seed"": 20361624, ""evaluation_path_source"": ""trace_poses"", ""planner_path_pose_count"": 15, ""evaluation_path_pose_count"": 92}"
complex_s00_q0008,f_n3p_knn,Complex,d08_12,True,True,0.26531158084981143,186,8.976592163158896,8.976592163158896,0.0,1,0.22067991349937746,0.060043638913938824,0,19,1,0,True,0,0,,,"{""profile_name"": ""complex_d02"", ""map_seed"": 20360621, ""query_seed"": 20361624}"
complex_s00_q0008,n3p_k1,Complex,d08_12,True,True,0.26438943087123334,186,8.976592163158896,8.976592163158896,0.0,1,0.22067991349937746,0.060043638913938824,0,0,1,0,True,0,0,,,"{""profile_name"": ""complex_d02"", ""map_seed"": 20360621, ""query_seed"": 20361624}"
complex_s00_q0008,voronoi_waypoint,Complex,d08_12,True,True,0.4045796899590641,83,10.877971061356233,8.976592163158896,0.2118152260499082,1,0.2959296760177065,0.07291393366236076,0,0,0,0,False,,,,,"{""profile_name"": ""complex_d02"", ""map_seed"": 20360621, ""query_seed"": 20361624, ""waypoint_count"": 1}"
complex_s00_q0008,bottleneck_waypoint,Complex,d08_12,True,True,0.332409085938707,4,9.602459202089005,8.976592163158896,0.06972212032743874,3,0.33561336229036587,0.07354675444442405,0,0,0,0,False,,,,,"{""profile_name"": ""complex_d02"", ""map_seed"": 20360621, ""query_seed"": 20361624, ""waypoint_count"": 1, ""bottleneck_count"": 1}"
complex_s00_q0008,md_dqn,Complex,d08_12,False,False,0.0014287680387496948,1,0.0037500000000005662,8.976592163158896,,0,0.08734630124013741,0.16123451909470488,0,0,0,0,False,,,,md_dqn_not_reached,"{""profile_name"": ""complex_d02"", ""map_seed"": 20360621, ""query_seed"": 20361624, ""md_dqn_source_dir"": ""/home/ubuntu/DQN10/2_experiment"", ""md_dqn_checkpoint_path"": ""/home/ubuntu/DQN10/2_experiment/ugv_dqn/outputs/2026-05-12_train_load_external_demo_smoke/models/realmap_a/mlp-dqn.pt"", ""md_dqn_algo"": ""mlp-dqn"", ""md_dqn_device"": ""cpu"", ""md_dqn_max_steps"": 600, ""md_dqn_rollout_steps"": 1, ""md_dqn_reached"": false}"
complex_s00_q0009,vanilla_ha,Complex,d12_16,False,False,2.5014405250549316,2461,,,,0,,,0,0,0,0,False,,,,timeout,"{""profile_name"": ""complex_d02"", ""map_seed"": 20360621, ""query_seed"": 20361625, ""evaluation_path_source"": ""planner_path"", ""planner_path_pose_count"": 0, ""evaluation_path_pose_count"": 0}"
complex_s00_q0009,f_n3p_knn,Complex,d12_16,True,True,0.02965880394913256,0,15.8818239466315,,,3,0.16295761582471985,0.17637701388763205,0,6,0,0,True,1,3,0.3333333333333333,,"{""profile_name"": ""complex_d02"", ""map_seed"": 20360621, ""query_seed"": 20361625}"
complex_s00_q0009,n3p_k1,Complex,d12_16,True,True,0.2193994529079646,79,17.722683203705873,,,1,0.16385212176910932,0.1044023887574641,0,0,1,0,True,1,1,1.0,,"{""profile_name"": ""complex_d02"", ""map_seed"": 20360621, ""query_seed"": 20361625}"
complex_s00_q0009,voronoi_waypoint,Complex,d12_16,False,False,1.3354932160582393,895,10.543068160078558,,,0,0.09565133591341021,0.26602301625352265,0,0,0,0,False,,,,segment_failed:timeout,"{""profile_name"": ""complex_d02"", ""map_seed"": 20360621, ""query_seed"": 20361625, ""waypoint_count"": 2}"
complex_s00_q0009,bottleneck_waypoint,Complex,d12_16,True,True,0.7627881069201976,5,17.210598407712265,,,3,0.34874464095833063,0.2598733788993346,0,0,0,0,False,,,,,"{""profile_name"": ""complex_d02"", ""map_seed"": 20360621, ""query_seed"": 20361625, ""waypoint_count"": 4, ""bottleneck_count"": 4}"
complex_s00_q0009,md_dqn,Complex,d12_16,False,False,0.1650115130469203,600,1.1250000000000207,,,0,0.8385645564237092,1.728120549194974,0,0,0,0,False,,,,md_dqn_not_reached,"{""profile_name"": ""complex_d02"", ""map_seed"": 20360621, ""query_seed"": 20361625, ""md_dqn_source_dir"": ""/home/ubuntu/DQN10/2_experiment"", ""md_dqn_checkpoint_path"": ""/home/ubuntu/DQN10/2_experiment/ugv_dqn/outputs/2026-05-12_train_load_external_demo_smoke/models/realmap_a/mlp-dqn.pt"", ""md_dqn_algo"": ""mlp-dqn"", ""md_dqn_device"": ""cpu"", ""md_dqn_max_steps"": 600, ""md_dqn_rollout_steps"": 600, ""md_dqn_reached"": false}"
complex_s00_q0010,vanilla_ha,Complex,d16_20,False,False,2.500774621963501,4351,,,,0,,,0,0,0,0,False,,,,timeout,"{""profile_name"": ""complex_d02"", ""map_seed"": 20360622, ""query_seed"": 20361622, ""evaluation_path_source"": ""planner_path"", ""planner_path_pose_count"": 0, ""evaluation_path_pose_count"": 0}"
complex_s00_q0010,f_n3p_knn,Complex,d16_20,True,True,0.049730471102520823,0,19.533805739813744,,,4,0.24269258195663207,0.09858898290297824,0,33,0,0,True,1,5,0.2,,"{""profile_name"": ""complex_d02"", ""map_seed"": 20360622, ""query_seed"": 20361622}"
complex_s00_q0010,n3p_k1,Complex,d16_20,False,False,3.3586685289628804,6416,,,,0,,,0,0,1,1,True,0,0,,f2_failed:prediction:goal_in_collision;goal:node_budget_exhausted;f3_failed:timeout,"{""profile_name"": ""complex_d02"", ""map_seed"": 20360622, ""query_seed"": 20361622}"
complex_s00_q0010,voronoi_waypoint,Complex,d16_20,True,True,0.9435239019803703,348,21.981102122076937,,,4,0.3598012534020683,0.07501329027903814,0,0,0,0,False,,,,,"{""profile_name"": ""complex_d02"", ""map_seed"": 20360622, ""query_seed"": 20361622, ""waypoint_count"": 3}"
complex_s00_q0010,bottleneck_waypoint,Complex,d16_20,True,True,0.6352672099601477,23,20.598608632920406,,,2,0.2745049094577172,0.06399899700556066,0,0,0,0,False,,,,,"{""profile_name"": ""complex_d02"", ""map_seed"": 20360622, ""query_seed"": 20361622, ""waypoint_count"": 3, ""bottleneck_count"": 3}"
complex_s00_q0010,md_dqn,Complex,d16_20,False,False,0.001447607995942235,1,0.003750000000001571,,,0,0.087346301240114,0.11562655687972412,0,0,0,0,False,,,,md_dqn_not_reached,"{""profile_name"": ""complex_d02"", ""map_seed"": 20360622, ""query_seed"": 20361622, ""md_dqn_source_dir"": ""/home/ubuntu/DQN10/2_experiment"", ""md_dqn_checkpoint_path"": ""/home/ubuntu/DQN10/2_experiment/ugv_dqn/outputs/2026-05-12_train_load_external_demo_smoke/models/realmap_a/mlp-dqn.pt"", ""md_dqn_algo"": ""mlp-dqn"", ""md_dqn_device"": ""cpu"", ""md_dqn_max_steps"": 600, ""md_dqn_rollout_steps"": 1, ""md_dqn_reached"": false}"
complex_s00_q0011,vanilla_ha,Complex,d20_inf,True,True,0.2888813018798828,201,24.696195770048842,,,0,0.32265776563713133,0.10951741654463953,0,0,0,0,False,,,,,"{""profile_name"": ""complex_d02"", ""map_seed"": 20360622, ""query_seed"": 20361623, ""evaluation_path_source"": ""trace_poses"", ""planner_path_pose_count"": 65, ""evaluation_path_pose_count"": 250}"
complex_s00_q0011,f_n3p_knn,Complex,d20_inf,True,True,0.047486296156421304,0,29.32652618494795,24.696195770048842,0.18749164681123487,7,0.253533969635365,0.09188463453652895,0,19,0,0,True,3,6,0.5,,"{""profile_name"": ""complex_d02"", ""map_seed"": 20360622, ""query_seed"": 20361623}"
complex_s00_q0011,n3p_k1,Complex,d20_inf,True,True,0.1874527269974351,17,24.846643846084884,24.696195770048842,0.006091953491011104,2,0.09169156062607638,0.09053134024753351,0,0,1,0,True,3,3,1.0,,"{""profile_name"": ""complex_d02"", ""map_seed"": 20360622, ""query_seed"": 20361623}"
complex_s00_q0011,voronoi_waypoint,Complex,d20_inf,True,True,0.7608081479556859,11,26.287683728653803,24.696195770048842,0.06444263616241219,0,0.1534858497932028,0.157099585456425,0,0,0,0,False,,,,,"{""profile_name"": ""complex_d02"", ""map_seed"": 20360622, ""query_seed"": 20361623, ""waypoint_count"": 4}"
complex_s00_q0011,bottleneck_waypoint,Complex,d20_inf,True,True,0.902869681129232,6,26.460639350049696,24.696195770048842,0.071445966675594,0,0.2157130980784358,0.3179591172130066,0,0,0,0,False,,,,,"{""profile_name"": ""complex_d02"", ""map_seed"": 20360622, ""query_seed"": 20361623, ""waypoint_count"": 5, ""bottleneck_count"": 5}"
complex_s00_q0011,md_dqn,Complex,d20_inf,False,False,0.1675262728240341,600,1.124999999999999,24.696195770048842,,0,0.8286550898948969,1.1055726804625587,0,0,0,0,False,,,,md_dqn_not_reached,"{""profile_name"": ""complex_d02"", ""map_seed"": 20360622, ""query_seed"": 20361623, ""md_dqn_source_dir"": ""/home/ubuntu/DQN10/2_experiment"", ""md_dqn_checkpoint_path"": ""/home/ubuntu/DQN10/2_experiment/ugv_dqn/outputs/2026-05-12_train_load_external_demo_smoke/models/realmap_a/mlp-dqn.pt"", ""md_dqn_algo"": ""mlp-dqn"", ""md_dqn_device"": ""cpu"", ""md_dqn_max_steps"": 600, ""md_dqn_rollout_steps"": 600, ""md_dqn_reached"": false}"
complex_s00_q0012,vanilla_ha,Complex,d08_12,True,True,0.17177462577819824,37,11.202373266044965,,,0,0.18715933080402739,0.08644805890021645,0,0,0,0,False,,,,,"{""profile_name"": ""complex_d02"", ""map_seed"": 20360622, ""query_seed"": 20361624, ""evaluation_path_source"": ""trace_poses"", ""planner_path_pose_count"": 15, ""evaluation_path_pose_count"": 115}"
complex_s00_q0012,f_n3p_knn,Complex,d08_12,True,True,0.010944972978904843,0,12.858283855002027,11.202373266044965,0.1478178373127612,0,0.2251455276592015,0.11438543389498634,0,0,0,0,False,1,1,1.0,,"{""profile_name"": ""complex_d02"", ""map_seed"": 20360622, ""query_seed"": 20361624}"
complex_s00_q0012,n3p_k1,Complex,d08_12,True,True,0.009336109040305018,0,12.858283855002027,11.202373266044965,0.1478178373127612,0,0.2251455276592015,0.11438543389498634,0,0,0,0,False,1,1,1.0,,"{""profile_name"": ""complex_d02"", ""map_seed"": 20360622, ""query_seed"": 20361624}"
complex_s00_q0012,voronoi_waypoint,Complex,d08_12,True,True,0.48436235822737217,9,12.471431023628138,11.202373266044965,0.11328472346388962,0,0.3413498627217106,0.11438543389498634,0,0,0,0,False,,,,,"{""profile_name"": ""complex_d02"", ""map_seed"": 20360622, ""query_seed"": 20361624, ""waypoint_count"": 2}"
complex_s00_q0012,bottleneck_waypoint,Complex,d08_12,True,True,0.6216879340354353,4,12.612617137011084,11.202373266044965,0.12588795583527368,1,0.3713475155633395,0.11438543389498634,0,0,0,0,False,,,,,"{""profile_name"": ""complex_d02"", ""map_seed"": 20360622, ""query_seed"": 20361624, ""waypoint_count"": 3, ""bottleneck_count"": 3}"
complex_s00_q0012,md_dqn,Complex,d08_12,False,False,0.2940846518613398,505,0.9881249999997556,11.202373266044965,,1,0.029521130212680994,0.4988438045220528,0,0,0,0,False,,,,md_dqn_not_reached,"{""profile_name"": ""complex_d02"", ""map_seed"": 20360622, ""query_seed"": 20361624, ""md_dqn_source_dir"": ""/home/ubuntu/DQN10/2_experiment"", ""md_dqn_checkpoint_path"": ""/home/ubuntu/DQN10/2_experiment/ugv_dqn/outputs/2026-05-12_train_load_external_demo_smoke/models/realmap_a/mlp-dqn.pt"", ""md_dqn_algo"": ""mlp-dqn"", ""md_dqn_device"": ""cpu"", ""md_dqn_max_steps"": 600, ""md_dqn_rollout_steps"": 505, ""md_dqn_reached"": false}"
complex_s00_q0013,vanilla_ha,Complex,d12_16,True,True,0.15391898155212402,9,15.399712573653815,,,0,0.019553899897835413,0.15038941489450386,0,0,0,0,False,,,,,"{""profile_name"": ""complex_d02"", ""map_seed"": 20360622, ""query_seed"": 20361625, ""evaluation_path_source"": ""trace_poses"", ""planner_path_pose_count"": 9, ""evaluation_path_pose_count"": 157}"
complex_s00_q0013,f_n3p_knn,Complex,d12_16,True,True,0.012475009076297283,0,15.55017293569471,15.399712573653815,0.00977033573329833,0,0.03816053280407698,0.1085970035860202,0,5,0,0,True,0,1,0.0,,"{""profile_name"": ""complex_d02"", ""map_seed"": 20360622, ""query_seed"": 20361625}"
complex_s00_q0013,n3p_k1,Complex,d12_16,True,True,0.16417793510481715,11,15.424311847015115,15.399712573653815,0.0015973852267467947,0,0.04392050049079,0.19909724241764848,0,0,1,0,True,0,0,,,"{""profile_name"": ""complex_d02"", ""map_seed"": 20360622, ""query_seed"": 20361625}"
complex_s00_q0013,voronoi_waypoint,Complex,d12_16,True,True,0.48107855417765677,3,16.312262038029655,15.399712573653815,0.0592575647117628,0,0.14244640722668347,0.06286656079200392,0,0,0,0,False,,,,,"{""profile_name"": ""complex_d02"", ""map_seed"": 20360622, ""query_seed"": 20361625, ""waypoint_count"": 2}"
complex_s00_q0013,bottleneck_waypoint,Complex,d12_16,True,True,0.6254704119637609,4,16.85111994493303,15.399712573653815,0.09424899096898165,0,0.3541894271856086,0.3925563890780075,0,0,0,0,False,,,,,"{""profile_name"": ""complex_d02"", ""map_seed"": 20360622, ""query_seed"": 20361625, ""waypoint_count"": 3, ""bottleneck_count"": 3}"
complex_s00_q0013,md_dqn,Complex,d12_16,False,False,0.16607911279425025,600,1.1249999999996678,15.399712573653815,,0,0.0,0.3088886233534912,0,0,0,0,False,,,,md_dqn_not_reached,"{""profile_name"": ""complex_d02"", ""map_seed"": 20360622, ""query_seed"": 20361625, ""md_dqn_source_dir"": ""/home/ubuntu/DQN10/2_experiment"", ""md_dqn_checkpoint_path"": ""/home/ubuntu/DQN10/2_experiment/ugv_dqn/outputs/2026-05-12_train_load_external_demo_smoke/models/realmap_a/mlp-dqn.pt"", ""md_dqn_algo"": ""mlp-dqn"", ""md_dqn_device"": ""cpu"", ""md_dqn_max_steps"": 600, ""md_dqn_rollout_steps"": 600, ""md_dqn_reached"": false}"
complex_s00_q0014,vanilla_ha,Complex,d16_20,True,True,0.4747030735015869,585,20.05285410146666,,,0,0.08976278343681515,0.06137342017322345,0,0,0,0,False,,,,,"{""profile_name"": ""complex_d02"", ""map_seed"": 20360622, ""query_seed"": 20361626, ""evaluation_path_source"": ""trace_poses"", ""planner_path_pose_count"": 30, ""evaluation_path_pose_count"": 204}"
complex_s00_q0014,f_n3p_knn,Complex,d16_20,True,True,0.6436262589413673,809,20.190512359761595,20.05285410146666,0.006864771348676246,0,0.09450636772200269,0.06079842655495049,0,19,1,0,True,1,1,1.0,,"{""profile_name"": ""complex_d02"", ""map_seed"": 20360622, ""query_seed"": 20361626}"
complex_s00_q0014,n3p_k1,Complex,d16_20,True,True,0.6453522851224989,809,20.190512359761595,20.05285410146666,0.006864771348676246,0,0.09450636772200269,0.06079842655495049,0,0,1,0,True,1,1,1.0,,"{""profile_name"": ""complex_d02"", ""map_seed"": 20360622, ""query_seed"": 20361626}"
complex_s00_q0014,voronoi_waypoint,Complex,d16_20,True,True,1.3780274000018835,832,21.47872756390833,20.05285410146666,0.07110576156525172,2,0.20326244017389009,0.07182274379692744,0,0,0,0,False,,,,,"{""profile_name"": ""complex_d02"", ""map_seed"": 20360622, ""query_seed"": 20361626, ""waypoint_count"": 3}"
complex_s00_q0014,bottleneck_waypoint,Complex,d16_20,True,True,0.7723919569980353,5,20.491571679449773,20.05285410146666,0.02187806163467898,0,0.1457445736446068,0.10355765326505728,0,0,0,0,False,,,,,"{""profile_name"": ""complex_d02"", ""map_seed"": 20360622, ""query_seed"": 20361626, ""waypoint_count"": 4, ""bottleneck_count"": 4}"
complex_s00_q0014,md_dqn,Complex,d16_20,False,False,0.1710185359697789,600,1.124999999999978,20.05285410146666,,0,0.6916187246525426,1.0870839079714574,0,0,0,0,False,,,,md_dqn_not_reached,"{""profile_name"": ""complex_d02"", ""map_seed"": 20360622, ""query_seed"": 20361626, ""md_dqn_source_dir"": ""/home/ubuntu/DQN10/2_experiment"", ""md_dqn_checkpoint_path"": ""/home/ubuntu/DQN10/2_experiment/ugv_dqn/outputs/2026-05-12_train_load_external_demo_smoke/models/realmap_a/mlp-dqn.pt"", ""md_dqn_algo"": ""mlp-dqn"", ""md_dqn_device"": ""cpu"", ""md_dqn_max_steps"": 600, ""md_dqn_rollout_steps"": 600, ""md_dqn_reached"": false}"
complex_s00_q0015,vanilla_ha,Complex,d20_inf,False,False,2.5018844604492188,3369,,,,0,,,0,0,0,0,False,,,,timeout,"{""profile_name"": ""complex_d02"", ""map_seed"": 20360623, ""query_seed"": 20361623, ""evaluation_path_source"": ""planner_path"", ""planner_path_pose_count"": 0, ""evaluation_path_pose_count"": 0}"
complex_s00_q0015,f_n3p_knn,Complex,d20_inf,True,True,0.04899731511250138,0,27.494076589684582,,,0,0.09821478561145505,0.1760963170427381,0,12,0,0,True,1,5,0.2,,"{""profile_name"": ""complex_d02"", ""map_seed"": 20360623, ""query_seed"": 20361623}"
complex_s00_q0015,n3p_k1,Complex,d20_inf,False,False,3.6950542498379946,4789,,,,0,,,0,0,2,1,True,0,0,,f2_failed:prediction:goal_in_collision;goal:timeout;f3_failed:timeout,"{""profile_name"": ""complex_d02"", ""map_seed"": 20360623, ""query_seed"": 20361623}"
complex_s00_q0015,voronoi_waypoint,Complex,d20_inf,True,True,0.9101626279298216,6,28.185152914022204,,,0,0.16150972456330548,0.4454678725222768,0,0,0,0,False,,,,,"{""profile_name"": ""complex_d02"", ""map_seed"": 20360623, ""query_seed"": 20361623, ""waypoint_count"": 5}"
complex_s00_q0015,bottleneck_waypoint,Complex,d20_inf,True,True,0.9356252900324762,6,28.052429833432175,,,0,0.1407736438261785,0.39168210353865784,0,0,0,0,False,,,,,"{""profile_name"": ""complex_d02"", ""map_seed"": 20360623, ""query_seed"": 20361623, ""waypoint_count"": 5, ""bottleneck_count"": 5}"
complex_s00_q0015,md_dqn,Complex,d20_inf,False,False,0.16764057939872146,600,1.124999999999139,,,0,0.0,1.1118052239940417,0,0,0,0,False,,,,md_dqn_not_reached,"{""profile_name"": ""complex_d02"", ""map_seed"": 20360623, ""query_seed"": 20361623, ""md_dqn_source_dir"": ""/home/ubuntu/DQN10/2_experiment"", ""md_dqn_checkpoint_path"": ""/home/ubuntu/DQN10/2_experiment/ugv_dqn/outputs/2026-05-12_train_load_external_demo_smoke/models/realmap_a/mlp-dqn.pt"", ""md_dqn_algo"": ""mlp-dqn"", ""md_dqn_device"": ""cpu"", ""md_dqn_max_steps"": 600, ""md_dqn_rollout_steps"": 600, ""md_dqn_reached"": false}"
complex_s00_q0016,vanilla_ha,Complex,d08_12,True,True,0.14882493019104004,1,9.078546139112802,,,0,0.0,0.7742655267286656,0,0,0,0,False,,,,,"{""profile_name"": ""complex_d02"", ""map_seed"": 20360623, ""query_seed"": 20361624, ""evaluation_path_source"": ""trace_poses"", ""planner_path_pose_count"": 2, ""evaluation_path_pose_count"": 92}"
complex_s00_q0016,f_n3p_knn,Complex,d08_12,True,True,0.00042875390499830246,0,9.078546139112802,9.078546139112802,0.0,0,0.0,0.7742655267286662,0,0,0,0,False,0,0,,,"{""profile_name"": ""complex_d02"", ""map_seed"": 20360623, ""query_seed"": 20361624}"
complex_s00_q0016,n3p_k1,Complex,d08_12,True,True,0.0004779540468007326,0,9.078546139112802,9.078546139112802,0.0,0,0.0,0.7742655267286662,0,0,0,0,False,0,0,,,"{""profile_name"": ""complex_d02"", ""map_seed"": 20360623, ""query_seed"": 20361624}"
complex_s00_q0016,voronoi_waypoint,Complex,d08_12,True,True,0.33669141097925603,2,9.514971195972093,9.078546139112802,0.04807213073237082,0,0.15879637910373834,0.7742655267286667,0,0,0,0,False,,,,,"{""profile_name"": ""complex_d02"", ""map_seed"": 20360623, ""query_seed"": 20361624, ""waypoint_count"": 1}"
complex_s00_q0016,bottleneck_waypoint,Complex,d08_12,True,True,0.33954865601845086,2,10.261368201340906,9.078546139112802,0.13028760818124718,1,0.2291557908263202,0.639099637016102,0,0,0,0,False,,,,,"{""profile_name"": ""complex_d02"", ""map_seed"": 20360623, ""query_seed"": 20361624, ""waypoint_count"": 1, ""bottleneck_count"": 1}"
complex_s00_q0016,md_dqn,Complex,d08_12,False,False,0.16252166172489524,600,1.1249999999999645,9.078546139112802,,0,0.8286550898949163,1.2353232324562335,0,0,0,0,False,,,,md_dqn_not_reached,"{""profile_name"": ""complex_d02"", ""map_seed"": 20360623, ""query_seed"": 20361624, ""md_dqn_source_dir"": ""/home/ubuntu/DQN10/2_experiment"", ""md_dqn_checkpoint_path"": ""/home/ubuntu/DQN10/2_experiment/ugv_dqn/outputs/2026-05-12_train_load_external_demo_smoke/models/realmap_a/mlp-dqn.pt"", ""md_dqn_algo"": ""mlp-dqn"", ""md_dqn_device"": ""cpu"", ""md_dqn_max_steps"": 600, ""md_dqn_rollout_steps"": 600, ""md_dqn_reached"": false}"
complex_s00_q0017,vanilla_ha,Complex,d12_16,True,True,0.14696002006530762,1,14.22005625867915,,,0,0.0,0.1708427551030448,0,0,0,0,False,,,,,"{""profile_name"": ""complex_d02"", ""map_seed"": 20360623, ""query_seed"": 20361625, ""evaluation_path_source"": ""trace_poses"", ""planner_path_pose_count"": 2, ""evaluation_path_pose_count"": 144}"
complex_s00_q0017,f_n3p_knn,Complex,d12_16,True,True,0.000602775951847434,0,14.22005625867915,14.22005625867915,0.0,0,0.0,0.17084275510304614,0,0,0,0,False,0,0,,,"{""profile_name"": ""complex_d02"", ""map_seed"": 20360623, ""query_seed"": 20361625}"
complex_s00_q0017,n3p_k1,Complex,d12_16,True,True,0.0005740481428802013,0,14.22005625867915,14.22005625867915,0.0,0,0.0,0.17084275510304614,0,0,0,0,False,0,0,,,"{""profile_name"": ""complex_d02"", ""map_seed"": 20360623, ""query_seed"": 20361625}"
complex_s00_q0017,voronoi_waypoint,Complex,d12_16,True,True,0.49832086893729866,31,15.759217418301866,14.22005625867915,0.10823875318237897,0,0.34325059299591776,0.07326415481518866,0,0,0,0,False,,,,,"{""profile_name"": ""complex_d02"", ""map_seed"": 20360623, ""query_seed"": 20361625, ""waypoint_count"": 2}"
complex_s00_q0017,bottleneck_waypoint,Complex,d12_16,True,True,0.4733916090335697,3,14.739847048541426,14.22005625867915,0.036553356780499646,0,0.159061878629803,0.2941816957090474,0,0,0,0,False,,,,,"{""profile_name"": ""complex_d02"", ""map_seed"": 20360623, ""query_seed"": 20361625, ""waypoint_count"": 2, ""bottleneck_count"": 2}"
complex_s00_q0017,md_dqn,Complex,d12_16,False,False,0.1665578824467957,600,1.1249999999995022,14.22005625867915,,0,0.0,0.3256078042927347,0,0,0,0,False,,,,md_dqn_not_reached,"{""profile_name"": ""complex_d02"", ""map_seed"": 20360623, ""query_seed"": 20361625, ""md_dqn_source_dir"": ""/home/ubuntu/DQN10/2_experiment"", ""md_dqn_checkpoint_path"": ""/home/ubuntu/DQN10/2_experiment/ugv_dqn/outputs/2026-05-12_train_load_external_demo_smoke/models/realmap_a/mlp-dqn.pt"", ""md_dqn_algo"": ""mlp-dqn"", ""md_dqn_device"": ""cpu"", ""md_dqn_max_steps"": 600, ""md_dqn_rollout_steps"": 600, ""md_dqn_reached"": false}"
complex_s00_q0018,vanilla_ha,Complex,d16_20,True,True,0.14889121055603027,1,16.552945357246845,,,0,0.0,0.4999570915180408,0,0,0,0,False,,,,,"{""profile_name"": ""complex_d02"", ""map_seed"": 20360623, ""query_seed"": 20361626, ""evaluation_path_source"": ""trace_poses"", ""planner_path_pose_count"": 2, ""evaluation_path_pose_count"": 167}"
complex_s00_q0018,f_n3p_knn,Complex,d16_20,True,True,0.000675237039104104,0,16.552945357246845,16.552945357246845,0.0,0,2.6828410307996408e-17,0.4999570915180408,0,0,0,0,False,0,0,,,"{""profile_name"": ""complex_d02"", ""map_seed"": 20360623, ""query_seed"": 20361626}"
complex_s00_q0018,n3p_k1,Complex,d16_20,True,True,0.0006731040775775909,0,16.552945357246845,16.552945357246845,0.0,0,2.6828410307996408e-17,0.4999570915180408,0,0,0,0,False,0,0,,,"{""profile_name"": ""complex_d02"", ""map_seed"": 20360623, ""query_seed"": 20361626}"
complex_s00_q0018,voronoi_waypoint,Complex,d16_20,True,True,0.6133321230299771,4,17.845285641313197,16.552945357246845,0.07807313177050812,0,0.31834816153821643,1.0070497921364567,0,0,0,0,False,,,,,"{""profile_name"": ""complex_d02"", ""map_seed"": 20360623, ""query_seed"": 20361626, ""waypoint_count"": 3}"
complex_s00_q0018,bottleneck_waypoint,Complex,d16_20,True,True,0.47635601088404655,3,17.005979817092598,16.552945357246845,0.027368812623272287,0,0.11970650819853428,1.0044803470652073,0,0,0,0,False,,,,,"{""profile_name"": ""complex_d02"", ""map_seed"": 20360623, ""query_seed"": 20361626, ""waypoint_count"": 2, ""bottleneck_count"": 2}"
complex_s00_q0018,md_dqn,Complex,d16_20,False,False,0.16579027730040252,600,1.1250000000000016,16.552945357246845,,0,0.8385645564237252,0.7093799724238374,0,0,0,0,False,,,,md_dqn_not_reached,"{""profile_name"": ""complex_d02"", ""map_seed"": 20360623, ""query_seed"": 20361626, ""md_dqn_source_dir"": ""/home/ubuntu/DQN10/2_experiment"", ""md_dqn_checkpoint_path"": ""/home/ubuntu/DQN10/2_experiment/ugv_dqn/outputs/2026-05-12_train_load_external_demo_smoke/models/realmap_a/mlp-dqn.pt"", ""md_dqn_algo"": ""mlp-dqn"", ""md_dqn_device"": ""cpu"", ""md_dqn_max_steps"": 600, ""md_dqn_rollout_steps"": 600, ""md_dqn_reached"": false}"
complex_s00_q0019,vanilla_ha,Complex,d20_inf,True,True,2.296201467514038,2833,22.188234461750348,,,0,0.06639999604564246,0.08118429476971278,0,0,0,0,False,,,,,"{""profile_name"": ""complex_d02"", ""map_seed"": 20360623, ""query_seed"": 20361627, ""evaluation_path_source"": ""trace_poses"", ""planner_path_pose_count"": 70, ""evaluation_path_pose_count"": 224}"
complex_s00_q0019,f_n3p_knn,Complex,d20_inf,True,True,0.026488489005714655,0,23.345161569980306,22.188234461750348,0.052141467597358826,0,0.12944429448104086,0.2592822713974382,0,4,0,0,True,1,3,0.3333333333333333,,"{""profile_name"": ""complex_d02"", ""map_seed"": 20360623, ""query_seed"": 20361627}"
complex_s00_q0019,n3p_k1,Complex,d20_inf,True,True,0.723236583173275,446,22.51156027244833,22.188234461750348,0.01457194853675059,0,0.13454751175968085,0.07441549730951813,0,0,2,0,True,1,1,1.0,,"{""profile_name"": ""complex_d02"", ""map_seed"": 20360623, ""query_seed"": 20361627}"
complex_s00_q0019,voronoi_waypoint,Complex,d20_inf,True,True,0.7694913691375405,5,25.003150806881212,22.188234461750348,0.1268652695185557,3,0.29911988066425194,0.3047392711229282,0,0,0,0,False,,,,,"{""profile_name"": ""complex_d02"", ""map_seed"": 20360623, ""query_seed"": 20361627, ""waypoint_count"": 4}"
complex_s00_q0019,bottleneck_waypoint,Complex,d20_inf,True,True,0.7759348719846457,11,23.38480285418319,22.188234461750348,0.05392805788561361,0,0.2025656569302431,0.22896249799135648,0,0,0,0,False,,,,,"{""profile_name"": ""complex_d02"", ""map_seed"": 20360623, ""query_seed"": 20361627, ""waypoint_count"": 4, ""bottleneck_count"": 4}"
complex_s00_q0019,md_dqn,Complex,d20_inf,False,False,0.1668633238878101,600,1.1249999999994813,22.188234461750348,,0,0.0,1.000991843733645,0,0,0,0,False,,,,md_dqn_not_reached,"{""profile_name"": ""complex_d02"", ""map_seed"": 20360623, ""query_seed"": 20361627, ""md_dqn_source_dir"": ""/home/ubuntu/DQN10/2_experiment"", ""md_dqn_checkpoint_path"": ""/home/ubuntu/DQN10/2_experiment/ugv_dqn/outputs/2026-05-12_train_load_external_demo_smoke/models/realmap_a/mlp-dqn.pt"", ""md_dqn_algo"": ""mlp-dqn"", ""md_dqn_device"": ""cpu"", ""md_dqn_max_steps"": 600, ""md_dqn_rollout_steps"": 600, ""md_dqn_reached"": false}"
complex_s01_q0020,vanilla_ha,Complex,d08_12,True,True,0.16385531425476074,31,10.717975312731328,,,0,0.2683388936709034,0.07321177594092187,0,0,0,0,False,,,,,"{""profile_name"": ""complex_d02"", ""map_seed"": 20370620, ""query_seed"": 20371620, ""evaluation_path_source"": ""trace_poses"", ""planner_path_pose_count"": 12, ""evaluation_path_pose_count"": 109}"
complex_s01_q0020,f_n3p_knn,Complex,d08_12,True,True,0.02520173112861812,0,10.755554403037932,10.717975312731328,0.0035061743669035916,1,0.23729359044719917,0.09024670976387827,0,5,0,0,True,0,3,0.0,,"{""profile_name"": ""complex_d02"", ""map_seed"": 20370620, ""query_seed"": 20371620}"
complex_s01_q0020,n3p_k1,Complex,d08_12,True,True,0.1699164449237287,31,10.717975312731328,10.717975312731328,0.0,0,0.2683388936709034,0.07321177594092187,0,0,1,0,True,0,0,,,"{""profile_name"": ""complex_d02"", ""map_seed"": 20370620, ""query_seed"": 20371620}"
complex_s01_q0020,voronoi_waypoint,Complex,d08_12,True,True,0.48540842393413186,15,12.957870850406536,10.717975312731328,0.20898495026523833,1,0.5935822319021623,0.07321177594092187,0,0,0,0,False,,,,,"{""profile_name"": ""complex_d02"", ""map_seed"": 20370620, ""query_seed"": 20371620, ""waypoint_count"": 2}"
complex_s01_q0020,bottleneck_waypoint,Complex,d08_12,True,True,0.34709131508134305,17,12.464965063678237,10.717975312731328,0.16299624695643322,3,0.28152153856663104,0.18748454447524165,0,0,0,0,False,,,,,"{""profile_name"": ""complex_d02"", ""map_seed"": 20370620, ""query_seed"": 20371620, ""waypoint_count"": 1, ""bottleneck_count"": 1}"
complex_s01_q0020,md_dqn,Complex,d08_12,False,False,0.1118916051927954,34,0.07500000000000323,10.717975312731328,,0,0.1426302779844381,0.5449121000583641,0,0,0,0,False,,,,md_dqn_not_reached,"{""profile_name"": ""complex_d02"", ""map_seed"": 20370620, ""query_seed"": 20371620, ""md_dqn_source_dir"": ""/home/ubuntu/DQN10/2_experiment"", ""md_dqn_checkpoint_path"": ""/home/ubuntu/DQN10/2_experiment/ugv_dqn/outputs/2026-05-12_train_load_external_demo_smoke/models/realmap_a/mlp-dqn.pt"", ""md_dqn_algo"": ""mlp-dqn"", ""md_dqn_device"": ""cpu"", ""md_dqn_max_steps"": 600, ""md_dqn_rollout_steps"": 34, ""md_dqn_reached"": false}"
complex_s01_q0021,vanilla_ha,Complex,d12_16,True,True,0.741431474685669,799,16.53421446611142,,,0,0.17498325187480937,0.09972305135259785,0,0,0,0,False,,,,,"{""profile_name"": ""complex_d02"", ""map_seed"": 20370620, ""query_seed"": 20371621, ""evaluation_path_source"": ""trace_poses"", ""planner_path_pose_count"": 46, ""evaluation_path_pose_count"": 168}"
complex_s01_q0021,f_n3p_knn,Complex,d12_16,True,True,1.2275857499334961,1028,16.57259256780278,16.53421446611142,0.002321132447508756,0,0.21106228981207903,0.08681798094499071,0,20,1,0,True,0,1,0.0,,"{""profile_name"": ""complex_d02"", ""map_seed"": 20370620, ""query_seed"": 20371621}"
complex_s01_q0021,n3p_k1,Complex,d12_16,True,True,0.8203213869128376,799,16.53421446611142,16.53421446611142,0.0,0,0.17498325187480934,0.09972305135259785,0,0,1,0,True,0,0,,,"{""profile_name"": ""complex_d02"", ""map_seed"": 20370620, ""query_seed"": 20371621}"
complex_s01_q0021,voronoi_waypoint,Complex,d12_16,True,True,0.6216303929686546,4,17.7658733546552,16.53421446611142,0.07449152731556685,0,0.30868478401074045,0.10144348334221232,0,0,0,0,False,,,,,"{""profile_name"": ""complex_d02"", ""map_seed"": 20370620, ""query_seed"": 20371621, ""waypoint_count"": 3}"
complex_s01_q0021,bottleneck_waypoint,Complex,d12_16,True,True,0.47853085305541754,3,16.90093742157749,16.53421446611142,0.02217964187035948,0,0.16586682299315642,0.3975613201546806,0,0,0,0,False,,,,,"{""profile_name"": ""complex_d02"", ""map_seed"": 20370620, ""query_seed"": 20371621, ""waypoint_count"": 2, ""bottleneck_count"": 2}"
complex_s01_q0021,md_dqn,Complex,d12_16,False,False,0.16669416916556656,600,1.1249999999999705,16.53421446611142,,0,0.41030375110348344,0.6901247835889261,0,0,0,0,False,,,,md_dqn_not_reached,"{""profile_name"": ""complex_d02"", ""map_seed"": 20370620, ""query_seed"": 20371621, ""md_dqn_source_dir"": ""/home/ubuntu/DQN10/2_experiment"", ""md_dqn_checkpoint_path"": ""/home/ubuntu/DQN10/2_experiment/ugv_dqn/outputs/2026-05-12_train_load_external_demo_smoke/models/realmap_a/mlp-dqn.pt"", ""md_dqn_algo"": ""mlp-dqn"", ""md_dqn_device"": ""cpu"", ""md_dqn_max_steps"": 600, ""md_dqn_rollout_steps"": 600, ""md_dqn_reached"": false}"
complex_s01_q0022,vanilla_ha,Complex,d16_20,False,False,2.500188112258911,2708,,,,0,,,0,0,0,0,False,,,,timeout,"{""profile_name"": ""complex_d02"", ""map_seed"": 20370620, ""query_seed"": 20371622, ""evaluation_path_source"": ""planner_path"", ""planner_path_pose_count"": 0, ""evaluation_path_pose_count"": 0}"
complex_s01_q0022,f_n3p_knn,Complex,d16_20,True,True,0.030404829885810614,0,19.44495852719003,,,3,0.2011206323970561,0.10460637178641208,0,1,0,0,True,2,3,0.6666666666666666,,"{""profile_name"": ""complex_d02"", ""map_seed"": 20370620, ""query_seed"": 20371622}"
complex_s01_q0022,n3p_k1,Complex,d16_20,True,True,0.3364052949473262,199,21.00771662946357,,,3,0.3219748195676439,0.10934489729248986,0,0,1,0,True,2,2,1.0,,"{""profile_name"": ""complex_d02"", ""map_seed"": 20370620, ""query_seed"": 20371622}"
complex_s01_q0022,voronoi_waypoint,Complex,d16_20,True,True,0.6442206690553576,34,21.615242854870612,,,1,0.3193879390005688,0.07602383013420222,0,0,0,0,False,,,,,"{""profile_name"": ""complex_d02"", ""map_seed"": 20370620, ""query_seed"": 20371622, ""waypoint_count"": 3}"
complex_s01_q0022,bottleneck_waypoint,Complex,d16_20,True,True,0.8992414679378271,6,21.864796305122972,,,1,0.29380863500241633,0.15652494868864064,0,0,0,0,False,,,,,"{""profile_name"": ""complex_d02"", ""map_seed"": 20370620, ""query_seed"": 20371622, ""waypoint_count"": 5, ""bottleneck_count"": 5}"
complex_s01_q0022,md_dqn,Complex,d16_20,False,False,0.16655910527333617,600,1.125000000000112,,,0,0.0,1.3503326840687753,0,0,0,0,False,,,,md_dqn_not_reached,"{""profile_name"": ""complex_d02"", ""map_seed"": 20370620, ""query_seed"": 20371622, ""md_dqn_source_dir"": ""/home/ubuntu/DQN10/2_experiment"", ""md_dqn_checkpoint_path"": ""/home/ubuntu/DQN10/2_experiment/ugv_dqn/outputs/2026-05-12_train_load_external_demo_smoke/models/realmap_a/mlp-dqn.pt"", ""md_dqn_algo"": ""mlp-dqn"", ""md_dqn_device"": ""cpu"", ""md_dqn_max_steps"": 600, ""md_dqn_rollout_steps"": 600, ""md_dqn_reached"": false}"
complex_s01_q0023,vanilla_ha,Complex,d20_inf,True,True,1.3381962776184082,1796,21.91731808982242,,,0,0.22959662807127065,0.07304455164569357,0,0,0,0,False,,,,,"{""profile_name"": ""complex_d02"", ""map_seed"": 20370620, ""query_seed"": 20371623, ""evaluation_path_source"": ""trace_poses"", ""planner_path_pose_count"": 58, ""evaluation_path_pose_count"": 222}"
complex_s01_q0023,f_n3p_knn,Complex,d20_inf,True,True,0.029503653990104795,0,21.921294352506127,21.91731808982242,0.00018142104190910224,0,0.08528963768208447,0.12813742334446387,0,7,0,0,True,0,3,0.0,,"{""profile_name"": ""complex_d02"", ""map_seed"": 20370620, ""query_seed"": 20371623}"
complex_s01_q0023,n3p_k1,Complex,d20_inf,True,True,2.2052794210612774,3119,21.91731808982242,21.91731808982242,0.0,0,0.22959662807127065,0.07304455164569357,0,0,1,1,True,0,0,,,"{""profile_name"": ""complex_d02"", ""map_seed"": 20370620, ""query_seed"": 20371623}"
complex_s01_q0023,voronoi_waypoint,Complex,d20_inf,True,True,0.8600304999854416,105,23.504213354970677,21.91731808982242,0.0724037155752717,2,0.252864145823335,0.0811583509530498,0,0,0,0,False,,,,,"{""profile_name"": ""complex_d02"", ""map_seed"": 20370620, ""query_seed"": 20371623, ""waypoint_count"": 4}"
complex_s01_q0023,bottleneck_waypoint,Complex,d20_inf,True,True,0.7655085190199316,5,22.920559203852193,21.91731808982242,0.045773899430498366,0,0.23137614608376705,0.35328851064145095,0,0,0,0,False,,,,,"{""profile_name"": ""complex_d02"", ""map_seed"": 20370620, ""query_seed"": 20371623, ""waypoint_count"": 4, ""bottleneck_count"": 4}"
complex_s01_q0023,md_dqn,Complex,d20_inf,False,False,0.22715187654830515,375,3.7500000000000018,21.91731808982242,,1,0.3931494131819834,0.3669353488987517,0,0,0,0,False,,,,md_dqn_not_reached,"{""profile_name"": ""complex_d02"", ""map_seed"": 20370620, ""query_seed"": 20371623, ""md_dqn_source_dir"": ""/home/ubuntu/DQN10/2_experiment"", ""md_dqn_checkpoint_path"": ""/home/ubuntu/DQN10/2_experiment/ugv_dqn/outputs/2026-05-12_train_load_external_demo_smoke/models/realmap_a/mlp-dqn.pt"", ""md_dqn_algo"": ""mlp-dqn"", ""md_dqn_device"": ""cpu"", ""md_dqn_max_steps"": 600, ""md_dqn_rollout_steps"": 375, ""md_dqn_reached"": false}"
complex_s01_q0024,vanilla_ha,Complex,d08_12,True,True,0.20633363723754883,100,11.33409880686074,,,0,0.35989233494653905,0.06340093221837534,0,0,0,0,False,,,,,"{""profile_name"": ""complex_d02"", ""map_seed"": 20370620, ""query_seed"": 20371624, ""evaluation_path_source"": ""trace_poses"", ""planner_path_pose_count"": 27, ""evaluation_path_pose_count"": 116}"
complex_s01_q0024,f_n3p_knn,Complex,d08_12,True,True,0.011156140128150582,0,11.516014900262961,11.33409880686074,0.01605033593779015,0,0.14588603539666448,0.16725401737285617,0,13,0,0,True,0,1,0.0,,"{""profile_name"": ""complex_d02"", ""map_seed"": 20370620, ""query_seed"": 20371624}"
complex_s01_q0024,n3p_k1,Complex,d08_12,True,True,0.21503495308570564,100,11.33409880686074,11.33409880686074,0.0,0,0.35989233494653905,0.06340093221837534,0,0,1,0,True,0,0,,,"{""profile_name"": ""complex_d02"", ""map_seed"": 20370620, ""query_seed"": 20371624}"
complex_s01_q0024,voronoi_waypoint,Complex,d08_12,True,True,0.3403182488400489,14,11.392347878598999,11.33409880686074,0.005139276860988806,0,0.24604284176527877,0.05432091154825497,0,0,0,0,False,,,,,"{""profile_name"": ""complex_d02"", ""map_seed"": 20370620, ""query_seed"": 20371624, ""waypoint_count"": 1}"
complex_s01_q0024,bottleneck_waypoint,Complex,d08_12,True,True,0.4701617059763521,3,11.401147295831079,11.33409880686074,0.0059156435913327865,0,0.25141654806359703,0.10014614264048016,0,0,0,0,False,,,,,"{""profile_name"": ""complex_d02"", ""map_seed"": 20370620, ""query_seed"": 20371624, ""waypoint_count"": 2, ""bottleneck_count"": 2}"
complex_s01_q0024,md_dqn,Complex,d08_12,False,False,0.16661296784877777,600,1.124999999999942,11.33409880686074,,0,0.0,0.9760774866064599,0,0,0,0,False,,,,md_dqn_not_reached,"{""profile_name"": ""complex_d02"", ""map_seed"": 20370620, ""query_seed"": 20371624, ""md_dqn_source_dir"": ""/home/ubuntu/DQN10/2_experiment"", ""md_dqn_checkpoint_path"": ""/home/ubuntu/DQN10/2_experiment/ugv_dqn/outputs/2026-05-12_train_load_external_demo_smoke/models/realmap_a/mlp-dqn.pt"", ""md_dqn_algo"": ""mlp-dqn"", ""md_dqn_device"": ""cpu"", ""md_dqn_max_steps"": 600, ""md_dqn_rollout_steps"": 600, ""md_dqn_reached"": false}"
complex_s01_q0025,vanilla_ha,Complex,d12_16,False,False,2.500257968902588,3643,,,,0,,,0,0,0,0,False,,,,timeout,"{""profile_name"": ""complex_d02"", ""map_seed"": 20370621, ""query_seed"": 20371621, ""evaluation_path_source"": ""planner_path"", ""planner_path_pose_count"": 0, ""evaluation_path_pose_count"": 0}"
complex_s01_q0025,f_n3p_knn,Complex,d12_16,True,True,0.03791912388987839,0,16.252856123250865,,,0,0.13304699576557635,0.10039055749290293,0,4,0,0,True,1,4,0.25,,"{""profile_name"": ""complex_d02"", ""map_seed"": 20370621, ""query_seed"": 20371621}"
complex_s01_q0025,n3p_k1,Complex,d12_16,False,False,3.514450012007728,5260,,,,0,,,0,0,1,1,True,0,0,,f2_failed:prediction:goal_in_collision;goal:timeout;f3_failed:timeout,"{""profile_name"": ""complex_d02"", ""map_seed"": 20370621, ""query_seed"": 20371621}"
complex_s01_q0025,voronoi_waypoint,Complex,d12_16,True,True,0.6207855311222374,4,17.450673710704205,,,0,0.26075651724356513,0.1860035326049192,0,0,0,0,False,,,,,"{""profile_name"": ""complex_d02"", ""map_seed"": 20370621, ""query_seed"": 20371621, ""waypoint_count"": 3}"
complex_s01_q0025,bottleneck_waypoint,Complex,d12_16,True,True,0.6222130090463907,4,17.20476739970792,,,2,0.31361094275285495,0.20565855173478742,0,0,0,0,False,,,,,"{""profile_name"": ""complex_d02"", ""map_seed"": 20370621, ""query_seed"": 20371621, ""waypoint_count"": 3, ""bottleneck_count"": 3}"
complex_s01_q0025,md_dqn,Complex,d12_16,False,False,0.17309012333862484,600,12.918749999999974,,,0,0.17325017492360043,0.15145983744899894,0,0,0,0,False,,,,md_dqn_not_reached,"{""profile_name"": ""complex_d02"", ""map_seed"": 20370621, ""query_seed"": 20371621, ""md_dqn_source_dir"": ""/home/ubuntu/DQN10/2_experiment"", ""md_dqn_checkpoint_path"": ""/home/ubuntu/DQN10/2_experiment/ugv_dqn/outputs/2026-05-12_train_load_external_demo_smoke/models/realmap_a/mlp-dqn.pt"", ""md_dqn_algo"": ""mlp-dqn"", ""md_dqn_device"": ""cpu"", ""md_dqn_max_steps"": 600, ""md_dqn_rollout_steps"": 600, ""md_dqn_reached"": false}"
complex_s01_q0026,vanilla_ha,Complex,d16_20,True,True,0.16530966758728027,49,19.924652060563584,,,0,0.09054606773698512,0.07827972256310745,0,0,0,0,False,,,,,"{""profile_name"": ""complex_d02"", ""map_seed"": 20370621, ""query_seed"": 20371622, ""evaluation_path_source"": ""trace_poses"", ""planner_path_pose_count"": 15, ""evaluation_path_pose_count"": 202}"
complex_s01_q0026,f_n3p_knn,Complex,d16_20,True,True,0.02006952604278922,0,20.389061140892345,19.924652060563584,0.02330826550532117,0,0.06335622926301394,0.07680759281355187,0,2,0,0,True,0,2,0.0,,"{""profile_name"": ""complex_d02"", ""map_seed"": 20370621, ""query_seed"": 20371622}"
complex_s01_q0026,n3p_k1,Complex,d16_20,True,True,0.1875327320303768,53,19.914530423539908,19.924652060563584,-0.0005079956725422274,0,0.08125379696703774,0.09719045636888402,0,0,1,0,True,0,0,,,"{""profile_name"": ""complex_d02"", ""map_seed"": 20370621, ""query_seed"": 20371622}"
complex_s01_q0026,voronoi_waypoint,Complex,d16_20,True,True,0.6206819310318679,4,22.34778998771946,19.924652060563584,0.1216150685989612,0,0.24052579120648304,0.07691784383705635,0,0,0,0,False,,,,,"{""profile_name"": ""complex_d02"", ""map_seed"": 20370621, ""query_seed"": 20371622, ""waypoint_count"": 3}"
complex_s01_q0026,bottleneck_waypoint,Complex,d16_20,True,True,0.7642347598448396,5,21.126487934036295,19.924652060563584,0.06031903944016559,0,0.19229838244969608,0.5309571739830066,0,0,0,0,False,,,,,"{""profile_name"": ""complex_d02"", ""map_seed"": 20370621, ""query_seed"": 20371622, ""waypoint_count"": 4, ""bottleneck_count"": 4}"
complex_s01_q0026,md_dqn,Complex,d16_20,False,False,0.31000211485661566,520,6.412500000000015,19.924652060563584,,1,0.2755917237291057,0.10450823749880356,0,0,0,0,False,,,,md_dqn_not_reached,"{""profile_name"": ""complex_d02"", ""map_seed"": 20370621, ""query_seed"": 20371622, ""md_dqn_source_dir"": ""/home/ubuntu/DQN10/2_experiment"", ""md_dqn_checkpoint_path"": ""/home/ubuntu/DQN10/2_experiment/ugv_dqn/outputs/2026-05-12_train_load_external_demo_smoke/models/realmap_a/mlp-dqn.pt"", ""md_dqn_algo"": ""mlp-dqn"", ""md_dqn_device"": ""cpu"", ""md_dqn_max_steps"": 600, ""md_dqn_rollout_steps"": 520, ""md_dqn_reached"": false}"
complex_s01_q0027,vanilla_ha,Complex,d20_inf,True,True,2.338416337966919,3137,23.180330432103354,,,0,0.17920154714364922,0.08365440036901928,0,0,0,0,False,,,,,"{""profile_name"": ""complex_d02"", ""map_seed"": 20370621, ""query_seed"": 20371623, ""evaluation_path_source"": ""trace_poses"", ""planner_path_pose_count"": 51, ""evaluation_path_pose_count"": 235}"
complex_s01_q0027,f_n3p_knn,Complex,d20_inf,True,True,0.03043440287001431,0,23.113418729922007,23.180330432103354,-0.002886572405744414,0,0.08000904659471646,0.13960883616244235,0,1,0,0,True,2,3,0.6666666666666666,,"{""profile_name"": ""complex_d02"", ""map_seed"": 20370621, ""query_seed"": 20371623}"
complex_s01_q0027,n3p_k1,Complex,d20_inf,True,True,0.347644163062796,281,23.126709920750592,23.180330432103354,-0.0023131901208146566,0,0.1172213710999764,0.08399603549071222,0,0,1,0,True,1,1,1.0,,"{""profile_name"": ""complex_d02"", ""map_seed"": 20370621, ""query_seed"": 20371623}"
complex_s01_q0027,voronoi_waypoint,Complex,d20_inf,True,True,0.8155701970681548,5,24.12637812005994,23.180330432103354,0.04081251950776199,0,0.1802064697534929,0.18560635076768928,0,0,0,0,False,,,,,"{""profile_name"": ""complex_d02"", ""map_seed"": 20370621, ""query_seed"": 20371623, ""waypoint_count"": 4}"
complex_s01_q0027,bottleneck_waypoint,Complex,d20_inf,True,True,0.9679513729643077,11,23.97817844547275,23.180330432103354,0.03441918206068473,0,0.21757369147604924,0.1574197347792412,0,0,0,0,False,,,,,"{""profile_name"": ""complex_d02"", ""map_seed"": 20370621, ""query_seed"": 20371623, ""waypoint_count"": 5, ""bottleneck_count"": 5}"
complex_s01_q0027,md_dqn,Complex,d20_inf,False,False,0.16065260278992355,600,1.1250000000000169,23.180330432103354,,0,0.8385645564237139,1.3340911755934215,0,0,0,0,False,,,,md_dqn_not_reached,"{""profile_name"": ""complex_d02"", ""map_seed"": 20370621, ""query_seed"": 20371623, ""md_dqn_source_dir"": ""/home/ubuntu/DQN10/2_experiment"", ""md_dqn_checkpoint_path"": ""/home/ubuntu/DQN10/2_experiment/ugv_dqn/outputs/2026-05-12_train_load_external_demo_smoke/models/realmap_a/mlp-dqn.pt"", ""md_dqn_algo"": ""mlp-dqn"", ""md_dqn_device"": ""cpu"", ""md_dqn_max_steps"": 600, ""md_dqn_rollout_steps"": 600, ""md_dqn_reached"": false}"
complex_s01_q0028,vanilla_ha,Complex,d08_12,True,True,1.8032000064849854,1829,10.125226388128251,,,0,0.21770923498351089,0.11880151443045772,0,0,0,0,False,,,,,"{""profile_name"": ""complex_d02"", ""map_seed"": 20370621, ""query_seed"": 20371624, ""evaluation_path_source"": ""trace_poses"", ""planner_path_pose_count"": 28, ""evaluation_path_pose_count"": 104}"
complex_s01_q0028,f_n3p_knn,Complex,d08_12,True,True,0.020351591985672712,0,12.711426110889287,10.125226388128251,0.2554214220625559,2,0.25433815425796535,0.26451599962618877,0,7,0,0,True,0,2,0.0,,"{""profile_name"": ""complex_d02"", ""map_seed"": 20370621, ""query_seed"": 20371624}"
complex_s01_q0028,n3p_k1,Complex,d08_12,True,True,2.6659246769268066,2784,10.125226388128251,10.125226388128251,0.0,0,0.21770923498351089,0.11880151443045772,0,0,1,1,True,0,0,,,"{""profile_name"": ""complex_d02"", ""map_seed"": 20370621, ""query_seed"": 20371624}"
complex_s01_q0028,voronoi_waypoint,Complex,d08_12,True,True,0.5035549588501453,3,13.485774734513674,10.125226388128251,0.331898588492366,3,0.33110571152694784,0.817290038122636,0,0,0,0,False,,,,,"{""profile_name"": ""complex_d02"", ""map_seed"": 20370621, ""query_seed"": 20371624, ""waypoint_count"": 2}"
complex_s01_q0028,bottleneck_waypoint,Complex,d08_12,True,True,0.5051553379744291,3,11.934163667970623,10.125226388128251,0.17865647744561408,1,0.33491298068868697,0.7686640661514432,0,0,0,0,False,,,,,"{""profile_name"": ""complex_d02"", ""map_seed"": 20370621, ""query_seed"": 20371624, ""waypoint_count"": 2, ""bottleneck_count"": 2}"
complex_s01_q0028,md_dqn,Complex,d08_12,False,False,0.16714651347137988,600,1.125000000000004,10.125226388128251,,0,0.8385645564237239,0.9670842550250263,0,0,0,0,False,,,,md_dqn_not_reached,"{""profile_name"": ""complex_d02"", ""map_seed"": 20370621, ""query_seed"": 20371624, ""md_dqn_source_dir"": ""/home/ubuntu/DQN10/2_experiment"", ""md_dqn_checkpoint_path"": ""/home/ubuntu/DQN10/2_experiment/ugv_dqn/outputs/2026-05-12_train_load_external_demo_smoke/models/realmap_a/mlp-dqn.pt"", ""md_dqn_algo"": ""mlp-dqn"", ""md_dqn_device"": ""cpu"", ""md_dqn_max_steps"": 600, ""md_dqn_rollout_steps"": 600, ""md_dqn_reached"": false}"
complex_s01_q0029,vanilla_ha,Complex,d12_16,True,True,0.19168829917907715,65,16.281990724681854,,,0,0.17773077822159727,0.13589288083882423,0,0,0,0,False,,,,,"{""profile_name"": ""complex_d02"", ""map_seed"": 20370621, ""query_seed"": 20371625, ""evaluation_path_source"": ""trace_poses"", ""planner_path_pose_count"": 24, ""evaluation_path_pose_count"": 165}"
complex_s01_q0029,f_n3p_knn,Complex,d12_16,True,True,0.01997518795542419,0,16.373962540827765,16.281990724681854,0.005648683732910609,0,0.10516788891468438,0.11198976194364407,0,12,0,0,True,0,2,0.0,,"{""profile_name"": ""complex_d02"", ""map_seed"": 20370621, ""query_seed"": 20371625}"
complex_s01_q0029,n3p_k1,Complex,d12_16,True,True,0.19847166817635298,65,16.281990724681854,16.281990724681854,0.0,0,0.17773077822159727,0.13589288083882423,0,0,1,0,True,0,0,,,"{""profile_name"": ""complex_d02"", ""map_seed"": 20370621, ""query_seed"": 20371625}"
complex_s01_q0029,voronoi_waypoint,Complex,d12_16,True,True,0.6649626391008496,4,18.11573332146527,16.281990724681854,0.11262397994144835,0,0.19090495062201102,0.3009819621385047,0,0,0,0,False,,,,,"{""profile_name"": ""complex_d02"", ""map_seed"": 20370621, ""query_seed"": 20371625, ""waypoint_count"": 3}"
complex_s01_q0029,bottleneck_waypoint,Complex,d12_16,True,True,0.8138841399922967,5,17.460059575315118,16.281990724681854,0.0723541040253406,0,0.24751478977243535,0.7497340498990508,0,0,0,0,False,,,,,"{""profile_name"": ""complex_d02"", ""map_seed"": 20370621, ""query_seed"": 20371625, ""waypoint_count"": 4, ""bottleneck_count"": 4}"
complex_s01_q0029,md_dqn,Complex,d12_16,False,False,0.16014913422986865,600,1.648125000000017,16.281990724681854,,0,0.8419431943903893,0.6951047025156947,0,0,0,0,False,,,,md_dqn_not_reached,"{""profile_name"": ""complex_d02"", ""map_seed"": 20370621, ""query_seed"": 20371625, ""md_dqn_source_dir"": ""/home/ubuntu/DQN10/2_experiment"", ""md_dqn_checkpoint_path"": ""/home/ubuntu/DQN10/2_experiment/ugv_dqn/outputs/2026-05-12_train_load_external_demo_smoke/models/realmap_a/mlp-dqn.pt"", ""md_dqn_algo"": ""mlp-dqn"", ""md_dqn_device"": ""cpu"", ""md_dqn_max_steps"": 600, ""md_dqn_rollout_steps"": 600, ""md_dqn_reached"": false}"
complex_s01_q0030,vanilla_ha,Complex,d16_20,True,True,0.15907502174377441,1,17.344163283364235,,,0,0.0,0.21186827481124226,0,0,0,0,False,,,,,"{""profile_name"": ""complex_d02"", ""map_seed"": 20370622, ""query_seed"": 20371622, ""evaluation_path_source"": ""trace_poses"", ""planner_path_pose_count"": 2, ""evaluation_path_pose_count"": 175}"
complex_s01_q0030,f_n3p_knn,Complex,d16_20,True,True,0.0006871460936963558,0,17.344163283364235,17.344163283364235,0.0,0,0.0,0.21186827481124226,0,0,0,0,False,0,0,,,"{""profile_name"": ""complex_d02"", ""map_seed"": 20370622, ""query_seed"": 20371622}"
complex_s01_q0030,n3p_k1,Complex,d16_20,True,True,0.000686414074152708,0,17.344163283364235,17.344163283364235,0.0,0,0.0,0.21186827481124226,0,0,0,0,False,0,0,,,"{""profile_name"": ""complex_d02"", ""map_seed"": 20370622, ""query_seed"": 20371622}"
complex_s01_q0030,voronoi_waypoint,Complex,d16_20,True,True,0.6539768539369106,4,17.58015201922475,17.344163283364235,0.013606233521040956,0,0.16348242125695825,0.21186827481124226,0,0,0,0,False,,,,,"{""profile_name"": ""complex_d02"", ""map_seed"": 20370622, ""query_seed"": 20371622, ""waypoint_count"": 3}"
complex_s01_q0030,bottleneck_waypoint,Complex,d16_20,True,True,0.6543174830731004,4,17.785825651294516,17.344163283364235,0.02546461081543816,0,0.20812671585996428,0.21186827481124226,0,0,0,0,False,,,,,"{""profile_name"": ""complex_d02"", ""map_seed"": 20370622, ""query_seed"": 20371622, ""waypoint_count"": 3, ""bottleneck_count"": 3}"
complex_s01_q0030,md_dqn,Complex,d16_20,False,False,0.15906332316808403,600,1.1249999999999531,17.344163283364235,,0,0.0,0.21186827481124226,0,0,0,0,False,,,,md_dqn_not_reached,"{""profile_name"": ""complex_d02"", ""map_seed"": 20370622, ""query_seed"": 20371622, ""md_dqn_source_dir"": ""/home/ubuntu/DQN10/2_experiment"", ""md_dqn_checkpoint_path"": ""/home/ubuntu/DQN10/2_experiment/ugv_dqn/outputs/2026-05-12_train_load_external_demo_smoke/models/realmap_a/mlp-dqn.pt"", ""md_dqn_algo"": ""mlp-dqn"", ""md_dqn_device"": ""cpu"", ""md_dqn_max_steps"": 600, ""md_dqn_rollout_steps"": 600, ""md_dqn_reached"": false}"
complex_s01_q0031,vanilla_ha,Complex,d20_inf,True,True,0.1817166805267334,41,20.659985163193763,,,0,0.04651829028590971,0.10362406371734889,0,0,0,0,False,,,,,"{""profile_name"": ""complex_d02"", ""map_seed"": 20370622, ""query_seed"": 20371623, ""evaluation_path_source"": ""trace_poses"", ""planner_path_pose_count"": 13, ""evaluation_path_pose_count"": 209}"
complex_s01_q0031,f_n3p_knn,Complex,d20_inf,True,True,0.01961659314110875,0,20.86072135578796,20.659985163193763,0.00971618280500075,1,0.11883986158733585,0.1325735751543431,0,0,0,0,False,2,2,1.0,,"{""profile_name"": ""complex_d02"", ""map_seed"": 20370622, ""query_seed"": 20371623}"
complex_s01_q0031,n3p_k1,Complex,d20_inf,True,True,0.0158468761947006,0,20.86072135578796,20.659985163193763,0.00971618280500075,1,0.11883986158733585,0.1325735751543431,0,0,0,0,False,2,2,1.0,,"{""profile_name"": ""complex_d02"", ""map_seed"": 20370622, ""query_seed"": 20371623}"
complex_s01_q0031,voronoi_waypoint,Complex,d20_inf,True,True,0.6755062949378043,19,21.23374809306706,20.659985163193763,0.027771700964019486,0,0.25665599677603296,0.12266349701504631,0,0,0,0,False,,,,,"{""profile_name"": ""complex_d02"", ""map_seed"": 20370622, ""query_seed"": 20371623, ""waypoint_count"": 3}"
complex_s01_q0031,bottleneck_waypoint,Complex,d20_inf,True,True,0.527995890006423,21,21.12811621984128,20.659985163193763,0.02265882830746202,0,0.22242089754428854,0.08604478251011727,0,0,0,0,False,,,,,"{""profile_name"": ""complex_d02"", ""map_seed"": 20370622, ""query_seed"": 20371623, ""waypoint_count"": 2, ""bottleneck_count"": 2}"
complex_s01_q0031,md_dqn,Complex,d20_inf,False,False,0.21938507352024317,176,9.96312500000001,20.659985163193763,,1,0.18660455472436113,0.15305437736543714,0,0,0,0,False,,,,md_dqn_not_reached,"{""profile_name"": ""complex_d02"", ""map_seed"": 20370622, ""query_seed"": 20371623, ""md_dqn_source_dir"": ""/home/ubuntu/DQN10/2_experiment"", ""md_dqn_checkpoint_path"": ""/home/ubuntu/DQN10/2_experiment/ugv_dqn/outputs/2026-05-12_train_load_external_demo_smoke/models/realmap_a/mlp-dqn.pt"", ""md_dqn_algo"": ""mlp-dqn"", ""md_dqn_device"": ""cpu"", ""md_dqn_max_steps"": 600, ""md_dqn_rollout_steps"": 176, ""md_dqn_reached"": false}"
complex_s01_q0032,vanilla_ha,Complex,d08_12,True,True,2.0370609760284424,1829,8.885429275720576,,,1,0.2909871748707952,0.05899273641282976,0,0,0,0,False,,,,,"{""profile_name"": ""complex_d02"", ""map_seed"": 20370622, ""query_seed"": 20371624, ""evaluation_path_source"": ""trace_poses"", ""planner_path_pose_count"": 29, ""evaluation_path_pose_count"": 92}"
complex_s01_q0032,f_n3p_knn,Complex,d08_12,True,True,0.012657509185373783,0,12.973490429488717,8.885429275720576,0.460085948231985,1,0.3019879527382817,0.08991005878973013,0,1,0,0,True,1,2,0.5,,"{""profile_name"": ""complex_d02"", ""map_seed"": 20370622, ""query_seed"": 20371624}"
complex_s01_q0032,n3p_k1,Complex,d08_12,True,True,0.16477064602077007,3,11.706202049812951,8.885429275720576,0.31746049476755545,3,0.2911441613205167,0.08238217309785312,0,0,1,0,True,1,1,1.0,,"{""profile_name"": ""complex_d02"", ""map_seed"": 20370622, ""query_seed"": 20371624}"
complex_s01_q0032,voronoi_waypoint,Complex,d08_12,True,True,0.6626460610423237,270,10.100534348351747,8.885429275720576,0.13675254564812578,1,0.42860804086599275,0.06942907350122074,0,0,0,0,False,,,,,"{""profile_name"": ""complex_d02"", ""map_seed"": 20370622, ""query_seed"": 20371624, ""waypoint_count"": 1}"
complex_s01_q0032,bottleneck_waypoint,Complex,d08_12,True,True,0.5142793580889702,13,10.876874220912175,8.885429275720576,0.2241247871538654,1,0.3477694844035072,0.08991005878973013,0,0,0,0,False,,,,,"{""profile_name"": ""complex_d02"", ""map_seed"": 20370622, ""query_seed"": 20371624, ""waypoint_count"": 2, ""bottleneck_count"": 2}"
complex_s01_q0032,md_dqn,Complex,d08_12,False,False,0.18918725103139877,341,1.8168750000000002,8.885429275720576,,2,0.8152394268689725,0.08991005878973013,0,0,0,0,False,,,,md_dqn_not_reached,"{""profile_name"": ""complex_d02"", ""map_seed"": 20370622, ""query_seed"": 20371624, ""md_dqn_source_dir"": ""/home/ubuntu/DQN10/2_experiment"", ""md_dqn_checkpoint_path"": ""/home/ubuntu/DQN10/2_experiment/ugv_dqn/outputs/2026-05-12_train_load_external_demo_smoke/models/realmap_a/mlp-dqn.pt"", ""md_dqn_algo"": ""mlp-dqn"", ""md_dqn_device"": ""cpu"", ""md_dqn_max_steps"": 600, ""md_dqn_rollout_steps"": 341, ""md_dqn_reached"": false}"
complex_s01_q0033,vanilla_ha,Complex,d12_16,True,True,0.66827392578125,766,13.169813416641455,,,0,0.17873965677618336,0.07339687132399808,0,0,0,0,False,,,,,"{""profile_name"": ""complex_d02"", ""map_seed"": 20370622, ""query_seed"": 20371625, ""evaluation_path_source"": ""trace_poses"", ""planner_path_pose_count"": 29, ""evaluation_path_pose_count"": 134}"
complex_s01_q0033,f_n3p_knn,Complex,d12_16,True,True,0.7461983768735081,766,13.169813416641455,13.169813416641455,0.0,0,0.17873965677618336,0.07339687132399808,0,19,1,0,True,0,0,,,"{""profile_name"": ""complex_d02"", ""map_seed"": 20370622, ""query_seed"": 20371625}"
complex_s01_q0033,n3p_k1,Complex,d12_16,True,True,0.67947843298316,766,13.169813416641455,13.169813416641455,0.0,0,0.17873965677618336,0.07339687132399808,0,0,1,0,True,0,0,,,"{""profile_name"": ""complex_d02"", ""map_seed"": 20370622, ""query_seed"": 20371625}"
complex_s01_q0033,voronoi_waypoint,Complex,d12_16,True,True,0.49436799180693924,3,13.50766675381791,13.169813416641455,0.025653616075497432,0,0.1450844063313478,0.1615832699303975,0,0,0,0,False,,,,,"{""profile_name"": ""complex_d02"", ""map_seed"": 20370622, ""query_seed"": 20371625, ""waypoint_count"": 2}"
complex_s01_q0033,bottleneck_waypoint,Complex,d12_16,True,True,0.47504728217609227,3,13.80730081431882,13.169813416641455,0.04840519584520697,0,0.19124184703672667,0.2399744347778635,0,0,0,0,False,,,,,"{""profile_name"": ""complex_d02"", ""map_seed"": 20370622, ""query_seed"": 20371625, ""waypoint_count"": 2, ""bottleneck_count"": 2}"
complex_s01_q0033,md_dqn,Complex,d12_16,False,False,0.39708071923814714,600,1.1249999999999971,13.169813416641455,,0,0.05805576281254261,0.39450252494833515,0,0,0,0,False,,,,md_dqn_not_reached,"{""profile_name"": ""complex_d02"", ""map_seed"": 20370622, ""query_seed"": 20371625, ""md_dqn_source_dir"": ""/home/ubuntu/DQN10/2_experiment"", ""md_dqn_checkpoint_path"": ""/home/ubuntu/DQN10/2_experiment/ugv_dqn/outputs/2026-05-12_train_load_external_demo_smoke/models/realmap_a/mlp-dqn.pt"", ""md_dqn_algo"": ""mlp-dqn"", ""md_dqn_device"": ""cpu"", ""md_dqn_max_steps"": 600, ""md_dqn_rollout_steps"": 600, ""md_dqn_reached"": false}"
complex_s01_q0034,vanilla_ha,Complex,d16_20,True,True,0.15896821022033691,9,17.906048599583098,,,0,0.07048379069403067,0.07460872118861361,0,0,0,0,False,,,,,"{""profile_name"": ""complex_d02"", ""map_seed"": 20370622, ""query_seed"": 20371626, ""evaluation_path_source"": ""trace_poses"", ""planner_path_pose_count"": 7, ""evaluation_path_pose_count"": 182}"
complex_s01_q0034,f_n3p_knn,Complex,d16_20,True,True,0.011181213892996311,0,17.897200909435664,17.906048599583098,-0.0004941173982762059,0,0.06408526527734959,0.08487996079548454,0,0,0,0,False,1,1,1.0,,"{""profile_name"": ""complex_d02"", ""map_seed"": 20370622, ""query_seed"": 20371626}"
complex_s01_q0034,n3p_k1,Complex,d16_20,True,True,0.009847183944657445,0,17.897200909435664,17.906048599583098,-0.0004941173982762059,0,0.06408526527734959,0.08487996079548454,0,0,0,0,False,1,1,1.0,,"{""profile_name"": ""complex_d02"", ""map_seed"": 20370622, ""query_seed"": 20371626}"
complex_s01_q0034,voronoi_waypoint,Complex,d16_20,True,True,0.6175514510832727,4,19.463016039745362,17.906048599583098,0.08695203922313244,0,0.3273839159080169,0.26522245599887206,0,0,0,0,False,,,,,"{""profile_name"": ""complex_d02"", ""map_seed"": 20370622, ""query_seed"": 20371626, ""waypoint_count"": 3}"
complex_s01_q0034,bottleneck_waypoint,Complex,d16_20,True,True,0.48121258802711964,7,18.568901229581716,17.906048599583098,0.037018364286917516,0,0.2422297977604384,0.231975726439424,0,0,0,0,False,,,,,"{""profile_name"": ""complex_d02"", ""map_seed"": 20370622, ""query_seed"": 20371626, ""waypoint_count"": 2, ""bottleneck_count"": 2}"
complex_s01_q0034,md_dqn,Complex,d16_20,False,False,0.47293312987312675,307,24.210625000000014,17.906048599583098,,1,0.2220277612702494,0.16639177351416956,0,0,0,0,False,,,,md_dqn_not_reached,"{""profile_name"": ""complex_d02"", ""map_seed"": 20370622, ""query_seed"": 20371626, ""md_dqn_source_dir"": ""/home/ubuntu/DQN10/2_experiment"", ""md_dqn_checkpoint_path"": ""/home/ubuntu/DQN10/2_experiment/ugv_dqn/outputs/2026-05-12_train_load_external_demo_smoke/models/realmap_a/mlp-dqn.pt"", ""md_dqn_algo"": ""mlp-dqn"", ""md_dqn_device"": ""cpu"", ""md_dqn_max_steps"": 600, ""md_dqn_rollout_steps"": 307, ""md_dqn_reached"": false}"
complex_s01_q0035,vanilla_ha,Complex,d20_inf,True,True,0.18379497528076172,49,21.33221417471238,,,0,0.10361687258383535,0.1386747246743948,0,0,0,0,False,,,,,"{""profile_name"": ""complex_d02"", ""map_seed"": 20370623, ""query_seed"": 20371623, ""evaluation_path_source"": ""trace_poses"", ""planner_path_pose_count"": 17, ""evaluation_path_pose_count"": 216}"
complex_s01_q0035,f_n3p_knn,Complex,d20_inf,True,True,0.0207899771630764,0,21.088899125673063,21.33221417471238,-0.011405991288412465,0,0.04614260654749143,0.11253505839527111,0,4,0,0,True,0,2,0.0,,"{""profile_name"": ""complex_d02"", ""map_seed"": 20370623, ""query_seed"": 20371623}"
complex_s01_q0035,n3p_k1,Complex,d20_inf,True,True,0.35707722301594913,38,21.627742250711545,21.33221417471238,0.013853605330359509,0,0.19004471984853058,0.15736253103163134,0,0,2,0,True,0,0,,,"{""profile_name"": ""complex_d02"", ""map_seed"": 20370623, ""query_seed"": 20371623}"
complex_s01_q0035,voronoi_waypoint,Complex,d20_inf,True,True,0.819038979941979,5,22.518060920206096,21.33221417471238,0.05558948245041728,2,0.2593878718777572,0.4227590067549618,0,0,0,0,False,,,,,"{""profile_name"": ""complex_d02"", ""map_seed"": 20370623, ""query_seed"": 20371623, ""waypoint_count"": 4}"
complex_s01_q0035,bottleneck_waypoint,Complex,d20_inf,True,True,0.8197728421073407,5,21.804697671624545,21.33221417471238,0.022148825857573495,0,0.20666307009628768,0.4992602600343905,0,0,0,0,False,,,,,"{""profile_name"": ""complex_d02"", ""map_seed"": 20370623, ""query_seed"": 20371623, ""waypoint_count"": 4, ""bottleneck_count"": 4}"
complex_s01_q0035,md_dqn,Complex,d20_inf,True,True,0.17661730595864356,445,41.86624999999997,21.33221417471238,0.9625834269763256,0,0.21337556929724721,0.14212164876131583,0,0,0,0,False,,,,,"{""profile_name"": ""complex_d02"", ""map_seed"": 20370623, ""query_seed"": 20371623, ""md_dqn_source_dir"": ""/home/ubuntu/DQN10/2_experiment"", ""md_dqn_checkpoint_path"": ""/home/ubuntu/DQN10/2_experiment/ugv_dqn/outputs/2026-05-12_train_load_external_demo_smoke/models/realmap_a/mlp-dqn.pt"", ""md_dqn_algo"": ""mlp-dqn"", ""md_dqn_device"": ""cpu"", ""md_dqn_max_steps"": 600, ""md_dqn_rollout_steps"": 445, ""md_dqn_reached"": true}"
complex_s01_q0036,vanilla_ha,Complex,d08_12,True,True,0.15133309364318848,1,9.84123975929862,,,0,0.0,0.807064746794826,0,0,0,0,False,,,,,"{""profile_name"": ""complex_d02"", ""map_seed"": 20370623, ""query_seed"": 20371624, ""evaluation_path_source"": ""trace_poses"", ""planner_path_pose_count"": 2, ""evaluation_path_pose_count"": 100}"
complex_s01_q0036,f_n3p_knn,Complex,d08_12,True,True,0.0004858751781284809,0,9.84123975929862,9.84123975929862,0.0,0,0.0,0.807064746794826,0,0,0,0,False,0,0,,,"{""profile_name"": ""complex_d02"", ""map_seed"": 20370623, ""query_seed"": 20371624}"
complex_s01_q0036,n3p_k1,Complex,d08_12,True,True,0.0004359269514679909,0,9.84123975929862,9.84123975929862,0.0,0,0.0,0.807064746794826,0,0,0,0,False,0,0,,,"{""profile_name"": ""complex_d02"", ""map_seed"": 20370623, ""query_seed"": 20371624}"
complex_s01_q0036,voronoi_waypoint,Complex,d08_12,True,True,0.3492552670650184,2,10.01185822970322,9.84123975929862,0.017337091116329084,0,0.07918211915067742,0.8226781586561578,0,0,0,0,False,,,,,"{""profile_name"": ""complex_d02"", ""map_seed"": 20370623, ""query_seed"": 20371624, ""waypoint_count"": 1}"
complex_s01_q0036,bottleneck_waypoint,Complex,d08_12,True,True,0.35417204606346786,2,10.001690896697692,9.84123975929862,0.016303955733571796,0,0.07782154720773217,0.8225632606495337,0,0,0,0,False,,,,,"{""profile_name"": ""complex_d02"", ""map_seed"": 20370623, ""query_seed"": 20371624, ""waypoint_count"": 1, ""bottleneck_count"": 1}"
complex_s01_q0036,md_dqn,Complex,d08_12,False,False,0.36100933561101556,600,1.125000000000006,9.84123975929862,,0,0.8286550898948855,0.39243449693816623,0,0,0,0,False,,,,md_dqn_not_reached,"{""profile_name"": ""complex_d02"", ""map_seed"": 20370623, ""query_seed"": 20371624, ""md_dqn_source_dir"": ""/home/ubuntu/DQN10/2_experiment"", ""md_dqn_checkpoint_path"": ""/home/ubuntu/DQN10/2_experiment/ugv_dqn/outputs/2026-05-12_train_load_external_demo_smoke/models/realmap_a/mlp-dqn.pt"", ""md_dqn_algo"": ""mlp-dqn"", ""md_dqn_device"": ""cpu"", ""md_dqn_max_steps"": 600, ""md_dqn_rollout_steps"": 600, ""md_dqn_reached"": false}"
complex_s01_q0037,vanilla_ha,Complex,d12_16,True,True,1.2761719226837158,1223,14.862996850869015,,,0,0.3004596466067143,0.21793454823507252,0,0,0,0,False,,,,,"{""profile_name"": ""complex_d02"", ""map_seed"": 20370623, ""query_seed"": 20371625, ""evaluation_path_source"": ""trace_poses"", ""planner_path_pose_count"": 47, ""evaluation_path_pose_count"": 151}"
complex_s01_q0037,f_n3p_knn,Complex,d12_16,True,True,0.2708932759705931,99,17.652231863045014,14.862996850869015,0.18766302921021727,2,0.33669033619722105,0.06532642706648517,0,25,1,0,True,0,2,0.0,,"{""profile_name"": ""complex_d02"", ""map_seed"": 20370623, ""query_seed"": 20371625}"
complex_s01_q0037,n3p_k1,Complex,d12_16,True,True,0.32342774607241154,18,18.651285395491342,14.862996850869015,0.25488053201066463,2,0.3056603515690635,0.10735212311311393,0,0,2,0,True,0,0,,,"{""profile_name"": ""complex_d02"", ""map_seed"": 20370623, ""query_seed"": 20371625}"
complex_s01_q0037,voronoi_waypoint,Complex,d12_16,True,True,0.4792014239355922,3,16.723831482048336,14.862996850869015,0.1251991539694446,0,0.23874169979752813,0.24393669535503137,0,0,0,0,False,,,,,"{""profile_name"": ""complex_d02"", ""map_seed"": 20370623, ""query_seed"": 20371625, ""waypoint_count"": 2}"
complex_s01_q0037,bottleneck_waypoint,Complex,d12_16,True,True,0.4793580360710621,3,16.329532891687016,14.862996850869015,0.09867027864789302,0,0.14910482233301495,0.24399155424366914,0,0,0,0,False,,,,,"{""profile_name"": ""complex_d02"", ""map_seed"": 20370623, ""query_seed"": 20371625, ""waypoint_count"": 2, ""bottleneck_count"": 2}"
complex_s01_q0037,md_dqn,Complex,d12_16,False,False,0.2509722304530442,343,27.654999999999966,14.862996850869015,,1,0.3178533748378446,0.15280351840401973,0,0,0,0,False,,,,md_dqn_not_reached,"{""profile_name"": ""complex_d02"", ""map_seed"": 20370623, ""query_seed"": 20371625, ""md_dqn_source_dir"": ""/home/ubuntu/DQN10/2_experiment"", ""md_dqn_checkpoint_path"": ""/home/ubuntu/DQN10/2_experiment/ugv_dqn/outputs/2026-05-12_train_load_external_demo_smoke/models/realmap_a/mlp-dqn.pt"", ""md_dqn_algo"": ""mlp-dqn"", ""md_dqn_device"": ""cpu"", ""md_dqn_max_steps"": 600, ""md_dqn_rollout_steps"": 343, ""md_dqn_reached"": false}"
complex_s01_q0038,vanilla_ha,Complex,d16_20,True,True,0.1508321762084961,1,18.752333188166215,,,0,0.0,0.10110457379443105,0,0,0,0,False,,,,,"{""profile_name"": ""complex_d02"", ""map_seed"": 20370623, ""query_seed"": 20371626, ""evaluation_path_source"": ""trace_poses"", ""planner_path_pose_count"": 2, ""evaluation_path_pose_count"": 189}"
complex_s01_q0038,f_n3p_knn,Complex,d16_20,True,True,0.0008560221176594496,0,18.752333188166215,18.752333188166215,0.0,0,1.7761358229157924e-17,0.10110457379443105,0,0,0,0,False,0,0,,,"{""profile_name"": ""complex_d02"", ""map_seed"": 20370623, ""query_seed"": 20371626}"
complex_s01_q0038,n3p_k1,Complex,d16_20,True,True,0.0008277248125523329,0,18.752333188166215,18.752333188166215,0.0,0,1.7761358229157924e-17,0.10110457379443105,0,0,0,0,False,0,0,,,"{""profile_name"": ""complex_d02"", ""map_seed"": 20370623, ""query_seed"": 20371626}"
complex_s01_q0038,voronoi_waypoint,Complex,d16_20,True,True,0.624611689010635,16,19.15020098714702,18.752333188166215,0.021216975775146807,0,0.1102832286740628,0.10375100087966538,0,0,0,0,False,,,,,"{""profile_name"": ""complex_d02"", ""map_seed"": 20370623, ""query_seed"": 20371626, ""waypoint_count"": 3}"
complex_s01_q0038,bottleneck_waypoint,Complex,d16_20,True,True,0.6205228171311319,4,19.402914108020454,18.752333188166215,0.0346933319350784,0,0.15012578271730562,0.347713416867101,0,0,0,0,False,,,,,"{""profile_name"": ""complex_d02"", ""map_seed"": 20370623, ""query_seed"": 20371626, ""waypoint_count"": 3, ""bottleneck_count"": 3}"
complex_s01_q0038,md_dqn,Complex,d16_20,True,True,0.15511854155920446,346,26.934374999999992,18.752333188166215,0.4363212689179983,0,0.253963970052146,0.09535113147299545,0,0,0,0,False,,,,,"{""profile_name"": ""complex_d02"", ""map_seed"": 20370623, ""query_seed"": 20371626, ""md_dqn_source_dir"": ""/home/ubuntu/DQN10/2_experiment"", ""md_dqn_checkpoint_path"": ""/home/ubuntu/DQN10/2_experiment/ugv_dqn/outputs/2026-05-12_train_load_external_demo_smoke/models/realmap_a/mlp-dqn.pt"", ""md_dqn_algo"": ""mlp-dqn"", ""md_dqn_device"": ""cpu"", ""md_dqn_max_steps"": 600, ""md_dqn_rollout_steps"": 346, ""md_dqn_reached"": true}"
complex_s01_q0039,vanilla_ha,Complex,d20_inf,True,True,0.2272336483001709,177,32.0930173622089,,,0,0.33085894441767194,0.08342463606112849,0,0,0,0,False,,,,,"{""profile_name"": ""complex_d02"", ""map_seed"": 20370623, ""query_seed"": 20371627, ""evaluation_path_source"": ""trace_poses"", ""planner_path_pose_count"": 67, ""evaluation_path_pose_count"": 324}"
complex_s01_q0039,f_n3p_knn,Complex,d20_inf,True,True,0.040407962165772915,0,32.00117785040574,32.0930173622089,-0.002861666473009894,2,0.0708454084236275,0.09797769977434445,0,7,0,0,True,1,4,0.25,,"{""profile_name"": ""complex_d02"", ""map_seed"": 20370623, ""query_seed"": 20371627}"
complex_s01_q0039,n3p_k1,Complex,d20_inf,True,True,0.17425938206724823,11,31.42818483369697,32.0930173622089,-0.020715799982546912,0,0.07553767122683674,0.09272311345895301,0,0,1,0,True,1,1,1.0,,"{""profile_name"": ""complex_d02"", ""map_seed"": 20370623, ""query_seed"": 20371627}"
complex_s01_q0039,voronoi_waypoint,Complex,d20_inf,True,True,1.04457235801965,7,32.50171001563774,32.0930173622089,0.012734628496169353,0,0.14183614019297908,0.2236149869066515,0,0,0,0,False,,,,,"{""profile_name"": ""complex_d02"", ""map_seed"": 20370623, ""query_seed"": 20371627, ""waypoint_count"": 6}"
complex_s01_q0039,bottleneck_waypoint,Complex,d20_inf,True,True,0.9005074519664049,6,32.027707826780656,32.0930173622089,-0.0020350076370552195,0,0.1630647966284264,0.22701443420309075,0,0,0,0,False,,,,,"{""profile_name"": ""complex_d02"", ""map_seed"": 20370623, ""query_seed"": 20371627, ""waypoint_count"": 5, ""bottleneck_count"": 5}"
complex_s01_q0039,md_dqn,Complex,d20_inf,False,False,0.1666543420869857,600,1.1250000000000089,32.0930173622089,,0,0.838564556423757,1.0790130967403515,0,0,0,0,False,,,,md_dqn_not_reached,"{""profile_name"": ""complex_d02"", ""map_seed"": 20370623, ""query_seed"": 20371627, ""md_dqn_source_dir"": ""/home/ubuntu/DQN10/2_experiment"", ""md_dqn_checkpoint_path"": ""/home/ubuntu/DQN10/2_experiment/ugv_dqn/outputs/2026-05-12_train_load_external_demo_smoke/models/realmap_a/mlp-dqn.pt"", ""md_dqn_algo"": ""mlp-dqn"", ""md_dqn_device"": ""cpu"", ""md_dqn_max_steps"": 600, ""md_dqn_rollout_steps"": 600, ""md_dqn_reached"": false}"
complex_s02_q0040,vanilla_ha,Complex,d08_12,True,True,0.1485753059387207,1,10.960383204979648,,,0,0.0,0.548845023777841,0,0,0,0,False,,,,,"{""profile_name"": ""complex_d02"", ""map_seed"": 20380620, ""query_seed"": 20381620, ""evaluation_path_source"": ""trace_poses"", ""planner_path_pose_count"": 2, ""evaluation_path_pose_count"": 111}"
complex_s02_q0040,f_n3p_knn,Complex,d08_12,True,True,0.00048605911433696747,0,10.960383204979648,10.960383204979648,0.0,0,2.025883591589656e-17,0.548845023777841,0,0,0,0,False,0,0,,,"{""profile_name"": ""complex_d02"", ""map_seed"": 20380620, ""query_seed"": 20381620}"
complex_s02_q0040,n3p_k1,Complex,d08_12,True,True,0.00046349503099918365,0,10.960383204979648,10.960383204979648,0.0,0,2.025883591589656e-17,0.548845023777841,0,0,0,0,False,0,0,,,"{""profile_name"": ""complex_d02"", ""map_seed"": 20380620, ""query_seed"": 20381620}"
complex_s02_q0040,voronoi_waypoint,Complex,d08_12,True,True,0.47454299102537334,3,11.2102889620486,10.960383204979648,0.022800822963508383,0,0.13163176482216918,0.6025564470971483,0,0,0,0,False,,,,,"{""profile_name"": ""complex_d02"", ""map_seed"": 20380620, ""query_seed"": 20381620, ""waypoint_count"": 2}"
complex_s02_q0040,bottleneck_waypoint,Complex,d08_12,True,True,0.4769855020567775,3,12.097956132666935,10.960383204979648,0.10378952144396303,2,0.2349655039967124,0.6463016162466257,0,0,0,0,False,,,,,"{""profile_name"": ""complex_d02"", ""map_seed"": 20380620, ""query_seed"": 20381620, ""waypoint_count"": 2, ""bottleneck_count"": 2}"
complex_s02_q0040,md_dqn,Complex,d08_12,False,False,0.20941089489497244,430,3.0956249999999845,10.960383204979648,,1,0.3911786935068551,0.5553570442264899,0,0,0,0,False,,,,md_dqn_not_reached,"{""profile_name"": ""complex_d02"", ""map_seed"": 20380620, ""query_seed"": 20381620, ""md_dqn_source_dir"": ""/home/ubuntu/DQN10/2_experiment"", ""md_dqn_checkpoint_path"": ""/home/ubuntu/DQN10/2_experiment/ugv_dqn/outputs/2026-05-12_train_load_external_demo_smoke/models/realmap_a/mlp-dqn.pt"", ""md_dqn_algo"": ""mlp-dqn"", ""md_dqn_device"": ""cpu"", ""md_dqn_max_steps"": 600, ""md_dqn_rollout_steps"": 430, ""md_dqn_reached"": false}"
complex_s02_q0041,vanilla_ha,Complex,d12_16,True,True,0.1492292881011963,1,15.294770348063416,,,0,0.0,0.278022841177867,0,0,0,0,False,,,,,"{""profile_name"": ""complex_d02"", ""map_seed"": 20380620, ""query_seed"": 20381621, ""evaluation_path_source"": ""trace_poses"", ""planner_path_pose_count"": 2, ""evaluation_path_pose_count"": 154}"
complex_s02_q0041,f_n3p_knn,Complex,d12_16,True,True,0.000626745168119669,0,15.294770348063418,15.294770348063416,2.220446049250313e-16,0,0.0,0.278022841177869,0,0,0,0,False,0,0,,,"{""profile_name"": ""complex_d02"", ""map_seed"": 20380620, ""query_seed"": 20381621}"
complex_s02_q0041,n3p_k1,Complex,d12_16,True,True,0.0005988101474940777,0,15.294770348063418,15.294770348063416,2.220446049250313e-16,0,0.0,0.278022841177869,0,0,0,0,False,0,0,,,"{""profile_name"": ""complex_d02"", ""map_seed"": 20380620, ""query_seed"": 20381621}"
complex_s02_q0041,voronoi_waypoint,Complex,d12_16,True,True,0.6239797479938716,4,16.970201655794,15.294770348063416,0.10954275674644065,0,0.1850859297695335,0.07749787612123449,0,0,0,0,False,,,,,"{""profile_name"": ""complex_d02"", ""map_seed"": 20380620, ""query_seed"": 20381621, ""waypoint_count"": 3}"
complex_s02_q0041,bottleneck_waypoint,Complex,d12_16,True,True,0.4812688590027392,3,16.565893566163258,15.294770348063416,0.08310835593950494,0,0.1825041770248283,0.10614270589950603,0,0,0,0,False,,,,,"{""profile_name"": ""complex_d02"", ""map_seed"": 20380620, ""query_seed"": 20381621, ""waypoint_count"": 2, ""bottleneck_count"": 2}"
complex_s02_q0041,md_dqn,Complex,d12_16,False,False,0.16606556624174118,600,1.1250000000004086,15.294770348063416,,0,0.0,0.4998626796086696,0,0,0,0,False,,,,md_dqn_not_reached,"{""profile_name"": ""complex_d02"", ""map_seed"": 20380620, ""query_seed"": 20381621, ""md_dqn_source_dir"": ""/home/ubuntu/DQN10/2_experiment"", ""md_dqn_checkpoint_path"": ""/home/ubuntu/DQN10/2_experiment/ugv_dqn/outputs/2026-05-12_train_load_external_demo_smoke/models/realmap_a/mlp-dqn.pt"", ""md_dqn_algo"": ""mlp-dqn"", ""md_dqn_device"": ""cpu"", ""md_dqn_max_steps"": 600, ""md_dqn_rollout_steps"": 600, ""md_dqn_reached"": false}"
complex_s02_q0042,vanilla_ha,Complex,d16_20,True,True,0.3405749797821045,232,19.45810574293445,,,0,0.1773076742793276,0.06816400132655176,0,0,0,0,False,,,,,"{""profile_name"": ""complex_d02"", ""map_seed"": 20380620, ""query_seed"": 20381622, ""evaluation_path_source"": ""trace_poses"", ""planner_path_pose_count"": 55, ""evaluation_path_pose_count"": 198}"
complex_s02_q0042,f_n3p_knn,Complex,d16_20,True,True,0.028215129859745502,0,19.42023753160354,19.45810574293445,-0.0019461406897051114,1,0.059445783534365124,0.09017368359903744,0,0,0,0,False,3,3,1.0,,"{""profile_name"": ""complex_d02"", ""map_seed"": 20380620, ""query_seed"": 20381622}"
complex_s02_q0042,n3p_k1,Complex,d16_20,True,True,0.024002267979085445,0,19.42023753160354,19.45810574293445,-0.0019461406897051114,1,0.059445783534365124,0.09017368359903744,0,0,0,0,False,3,3,1.0,,"{""profile_name"": ""complex_d02"", ""map_seed"": 20380620, ""query_seed"": 20381622}"
complex_s02_q0042,voronoi_waypoint,Complex,d16_20,True,True,0.6734266560524702,64,19.528428086085814,19.45810574293445,0.0036140384927705327,0,0.19400222259505817,0.08723429269599037,0,0,0,0,False,,,,,"{""profile_name"": ""complex_d02"", ""map_seed"": 20380620, ""query_seed"": 20381622, ""waypoint_count"": 3}"
complex_s02_q0042,bottleneck_waypoint,Complex,d16_20,True,True,0.7615212120581418,5,21.005475759674866,19.45810574293445,0.07952315796733145,3,0.20592483297535663,0.2518729269412474,0,0,0,0,False,,,,,"{""profile_name"": ""complex_d02"", ""map_seed"": 20380620, ""query_seed"": 20381622, ""waypoint_count"": 4, ""bottleneck_count"": 4}"
complex_s02_q0042,md_dqn,Complex,d16_20,False,False,0.16707081417553127,600,1.1250000000000084,19.45810574293445,,0,0.838564556423721,0.9370919495925274,0,0,0,0,False,,,,md_dqn_not_reached,"{""profile_name"": ""complex_d02"", ""map_seed"": 20380620, ""query_seed"": 20381622, ""md_dqn_source_dir"": ""/home/ubuntu/DQN10/2_experiment"", ""md_dqn_checkpoint_path"": ""/home/ubuntu/DQN10/2_experiment/ugv_dqn/outputs/2026-05-12_train_load_external_demo_smoke/models/realmap_a/mlp-dqn.pt"", ""md_dqn_algo"": ""mlp-dqn"", ""md_dqn_device"": ""cpu"", ""md_dqn_max_steps"": 600, ""md_dqn_rollout_steps"": 600, ""md_dqn_reached"": false}"
complex_s02_q0043,vanilla_ha,Complex,d20_inf,False,False,2.5000503063201904,3309,,,,0,,,0,0,0,0,False,,,,timeout,"{""profile_name"": ""complex_d02"", ""map_seed"": 20380620, ""query_seed"": 20381623, ""evaluation_path_source"": ""planner_path"", ""planner_path_pose_count"": 0, ""evaluation_path_pose_count"": 0}"
complex_s02_q0043,f_n3p_knn,Complex,d20_inf,True,True,0.02856296394020319,0,24.87043220483588,,,0,0.06378621071947277,0.09200590825866661,0,4,0,0,True,1,3,0.3333333333333333,,"{""profile_name"": ""complex_d02"", ""map_seed"": 20380620, ""query_seed"": 20381623}"
complex_s02_q0043,n3p_k1,Complex,d20_inf,True,True,1.2835081340745091,1556,26.32812079814917,,,0,0.21344074249083786,0.09374280681186975,0,0,2,0,True,1,1,1.0,,"{""profile_name"": ""complex_d02"", ""map_seed"": 20380620, ""query_seed"": 20381623}"
complex_s02_q0043,voronoi_waypoint,Complex,d20_inf,True,True,0.9774030831176788,93,27.903195136452865,,,0,0.3722840836531229,0.07183530374506808,0,0,0,0,False,,,,,"{""profile_name"": ""complex_d02"", ""map_seed"": 20380620, ""query_seed"": 20381623, ""waypoint_count"": 5}"
complex_s02_q0043,bottleneck_waypoint,Complex,d20_inf,True,True,0.9131490809377283,6,26.672962202888726,,,0,0.25642543179067473,0.3470191603345607,0,0,0,0,False,,,,,"{""profile_name"": ""complex_d02"", ""map_seed"": 20380620, ""query_seed"": 20381623, ""waypoint_count"": 5, ""bottleneck_count"": 5}"
complex_s02_q0043,md_dqn,Complex,d20_inf,False,False,0.1661796357948333,600,1.125000000000001,,,0,0.8385645564237258,0.8292400979648074,0,0,0,0,False,,,,md_dqn_not_reached,"{""profile_name"": ""complex_d02"", ""map_seed"": 20380620, ""query_seed"": 20381623, ""md_dqn_source_dir"": ""/home/ubuntu/DQN10/2_experiment"", ""md_dqn_checkpoint_path"": ""/home/ubuntu/DQN10/2_experiment/ugv_dqn/outputs/2026-05-12_train_load_external_demo_smoke/models/realmap_a/mlp-dqn.pt"", ""md_dqn_algo"": ""mlp-dqn"", ""md_dqn_device"": ""cpu"", ""md_dqn_max_steps"": 600, ""md_dqn_rollout_steps"": 600, ""md_dqn_reached"": false}"
complex_s02_q0044,vanilla_ha,Complex,d08_12,True,True,0.9151735305786133,1149,11.738389992191113,,,0,0.37707680090464385,0.0772884427755165,0,0,0,0,False,,,,,"{""profile_name"": ""complex_d02"", ""map_seed"": 20380620, ""query_seed"": 20381624, ""evaluation_path_source"": ""trace_poses"", ""planner_path_pose_count"": 36, ""evaluation_path_pose_count"": 120}"
complex_s02_q0044,f_n3p_knn,Complex,d08_12,True,True,0.039540667086839676,0,12.933522629979741,11.738389992191113,0.10181401696345782,3,0.28143800006855835,0.07976367478967017,0,24,0,0,True,0,4,0.0,,"{""profile_name"": ""complex_d02"", ""map_seed"": 20380620, ""query_seed"": 20381624}"
complex_s02_q0044,n3p_k1,Complex,d08_12,True,True,0.9238765661139041,1149,11.738389992191113,11.738389992191113,0.0,0,0.37707680090464385,0.0772884427755165,0,0,1,0,True,0,0,,,"{""profile_name"": ""complex_d02"", ""map_seed"": 20380620, ""query_seed"": 20381624}"
complex_s02_q0044,voronoi_waypoint,Complex,d08_12,True,True,0.7532205700408667,345,13.471378589622141,11.738389992191113,0.1476342665888497,2,0.47305532160794433,0.06795865097566967,0,0,0,0,False,,,,,"{""profile_name"": ""complex_d02"", ""map_seed"": 20380620, ""query_seed"": 20381624, ""waypoint_count"": 2}"
complex_s02_q0044,bottleneck_waypoint,Complex,d08_12,True,True,0.47873809398151934,3,13.12311469461071,11.738389992191113,0.11796547084743092,0,0.43785303618693977,0.37064429333831783,0,0,0,0,False,,,,,"{""profile_name"": ""complex_d02"", ""map_seed"": 20380620, ""query_seed"": 20381624, ""waypoint_count"": 2, ""bottleneck_count"": 2}"
complex_s02_q0044,md_dqn,Complex,d08_12,False,False,0.13981292909011245,411,1.5037500000000266,11.738389992191113,,1,0.09118163776163386,0.45553063303626673,0,0,0,0,False,,,,md_dqn_not_reached,"{""profile_name"": ""complex_d02"", ""map_seed"": 20380620, ""query_seed"": 20381624, ""md_dqn_source_dir"": ""/home/ubuntu/DQN10/2_experiment"", ""md_dqn_checkpoint_path"": ""/home/ubuntu/DQN10/2_experiment/ugv_dqn/outputs/2026-05-12_train_load_external_demo_smoke/models/realmap_a/mlp-dqn.pt"", ""md_dqn_algo"": ""mlp-dqn"", ""md_dqn_device"": ""cpu"", ""md_dqn_max_steps"": 600, ""md_dqn_rollout_steps"": 411, ""md_dqn_reached"": false}"
complex_s02_q0045,vanilla_ha,Complex,d12_16,True,True,0.1469278335571289,1,13.102671483327361,,,0,0.0,0.1742355434148939,0,0,0,0,False,,,,,"{""profile_name"": ""complex_d02"", ""map_seed"": 20380621, ""query_seed"": 20381621, ""evaluation_path_source"": ""trace_poses"", ""planner_path_pose_count"": 2, ""evaluation_path_pose_count"": 133}"
complex_s02_q0045,f_n3p_knn,Complex,d12_16,True,True,0.0005672790575772524,0,13.102671483327363,13.102671483327361,2.220446049250313e-16,0,0.0,0.17423554341489478,0,0,0,0,False,0,0,,,"{""profile_name"": ""complex_d02"", ""map_seed"": 20380621, ""query_seed"": 20381621}"
complex_s02_q0045,n3p_k1,Complex,d12_16,True,True,0.0005531120114028454,0,13.102671483327363,13.102671483327361,2.220446049250313e-16,0,0.0,0.17423554341489478,0,0,0,0,False,0,0,,,"{""profile_name"": ""complex_d02"", ""map_seed"": 20380621, ""query_seed"": 20381621}"
complex_s02_q0045,voronoi_waypoint,Complex,d12_16,True,True,0.47317617712542415,3,13.388756263765798,13.102671483327361,0.021834080233368303,0,0.17327855917986315,0.17712890828925776,0,0,0,0,False,,,,,"{""profile_name"": ""complex_d02"", ""map_seed"": 20380621, ""query_seed"": 20381621, ""waypoint_count"": 2}"
complex_s02_q0045,bottleneck_waypoint,Complex,d12_16,True,True,0.7672514240257442,5,13.584778270226645,13.102671483327361,0.03679454128974724,0,0.21729063390849576,0.1597196784678987,0,0,0,0,False,,,,,"{""profile_name"": ""complex_d02"", ""map_seed"": 20380621, ""query_seed"": 20381621, ""waypoint_count"": 4, ""bottleneck_count"": 4}"
complex_s02_q0045,md_dqn,Complex,d12_16,False,False,0.16692677862010896,600,1.1249999999999818,13.102671483327361,,0,0.8286550898949276,0.45294926556182635,0,0,0,0,False,,,,md_dqn_not_reached,"{""profile_name"": ""complex_d02"", ""map_seed"": 20380621, ""query_seed"": 20381621, ""md_dqn_source_dir"": ""/home/ubuntu/DQN10/2_experiment"", ""md_dqn_checkpoint_path"": ""/home/ubuntu/DQN10/2_experiment/ugv_dqn/outputs/2026-05-12_train_load_external_demo_smoke/models/realmap_a/mlp-dqn.pt"", ""md_dqn_algo"": ""mlp-dqn"", ""md_dqn_device"": ""cpu"", ""md_dqn_max_steps"": 600, ""md_dqn_rollout_steps"": 600, ""md_dqn_reached"": false}"
complex_s02_q0046,vanilla_ha,Complex,d16_20,True,True,1.8119425773620605,2599,18.40294341185395,,,0,0.16131339396670222,0.07709724829470443,0,0,0,0,False,,,,,"{""profile_name"": ""complex_d02"", ""map_seed"": 20380621, ""query_seed"": 20381622, ""evaluation_path_source"": ""trace_poses"", ""planner_path_pose_count"": 41, ""evaluation_path_pose_count"": 186}"
complex_s02_q0046,f_n3p_knn,Complex,d16_20,True,True,0.020003392826765776,0,18.172402845895643,18.40294341185395,-0.012527374605184494,0,0.06810038890412498,0.09008093532468886,0,4,0,0,True,0,2,0.0,,"{""profile_name"": ""complex_d02"", ""map_seed"": 20380621, ""query_seed"": 20381622}"
complex_s02_q0046,n3p_k1,Complex,d16_20,True,True,0.6875822641886771,573,18.41311829630374,18.40294341185395,0.0005528944051000906,0,0.14761997385806708,0.07410965659048252,0,0,2,0,True,0,0,,,"{""profile_name"": ""complex_d02"", ""map_seed"": 20380621, ""query_seed"": 20381622}"
complex_s02_q0046,voronoi_waypoint,Complex,d16_20,True,True,0.6288551869802177,10,19.972935538851335,18.40294341185395,0.08531201188099624,0,0.29599875304940615,0.149651551872098,0,0,0,0,False,,,,,"{""profile_name"": ""complex_d02"", ""map_seed"": 20380621, ""query_seed"": 20381622, ""waypoint_count"": 3}"
complex_s02_q0046,bottleneck_waypoint,Complex,d16_20,True,True,0.49337342707440257,3,19.04824808858889,18.40294341185395,0.03506529701761063,0,0.20808535330238423,0.3260511434896082,0,0,0,0,False,,,,,"{""profile_name"": ""complex_d02"", ""map_seed"": 20380621, ""query_seed"": 20381622, ""waypoint_count"": 2, ""bottleneck_count"": 2}"
complex_s02_q0046,md_dqn,Complex,d16_20,False,False,0.39439477561973035,600,1.1250000000000082,18.40294341185395,,0,0.828655089894884,1.9992940893635205,0,0,0,0,False,,,,md_dqn_not_reached,"{""profile_name"": ""complex_d02"", ""map_seed"": 20380621, ""query_seed"": 20381622, ""md_dqn_source_dir"": ""/home/ubuntu/DQN10/2_experiment"", ""md_dqn_checkpoint_path"": ""/home/ubuntu/DQN10/2_experiment/ugv_dqn/outputs/2026-05-12_train_load_external_demo_smoke/models/realmap_a/mlp-dqn.pt"", ""md_dqn_algo"": ""mlp-dqn"", ""md_dqn_device"": ""cpu"", ""md_dqn_max_steps"": 600, ""md_dqn_rollout_steps"": 600, ""md_dqn_reached"": false}"
complex_s02_q0047,vanilla_ha,Complex,d20_inf,True,True,0.1797633171081543,57,21.32828597257468,,,0,0.11369205560649162,0.15965208879010184,0,0,0,0,False,,,,,"{""profile_name"": ""complex_d02"", ""map_seed"": 20380621, ""query_seed"": 20381623, ""evaluation_path_source"": ""trace_poses"", ""planner_path_pose_count"": 31, ""evaluation_path_pose_count"": 216}"
complex_s02_q0047,f_n3p_knn,Complex,d20_inf,True,True,0.0290437089279294,0,22.48166794095278,21.32828597257468,0.05407757425332704,0,0.09249694987527508,0.09968494476809697,0,4,0,0,True,0,3,0.0,,"{""profile_name"": ""complex_d02"", ""map_seed"": 20380621, ""query_seed"": 20381623}"
complex_s02_q0047,n3p_k1,Complex,d20_inf,True,True,0.3407220928929746,32,21.24796790267784,21.32828597257468,-0.0037658004961167446,0,0.12570466888173082,0.1390538165368671,0,0,2,0,True,0,0,,,"{""profile_name"": ""complex_d02"", ""map_seed"": 20380621, ""query_seed"": 20381623}"
complex_s02_q0047,voronoi_waypoint,Complex,d20_inf,True,True,0.8176011180039495,5,23.496482403078986,21.32828597257468,0.10165825951941554,0,0.2645478105805435,0.06672899156391143,0,0,0,0,False,,,,,"{""profile_name"": ""complex_d02"", ""map_seed"": 20380621, ""query_seed"": 20381623, ""waypoint_count"": 4}"
complex_s02_q0047,bottleneck_waypoint,Complex,d20_inf,True,True,0.8186844440642744,5,23.020642816387188,21.32828597257468,0.07934800039668688,0,0.17010901486363128,0.5487234579556193,0,0,0,0,False,,,,,"{""profile_name"": ""complex_d02"", ""map_seed"": 20380621, ""query_seed"": 20381623, ""waypoint_count"": 4, ""bottleneck_count"": 4}"
complex_s02_q0047,md_dqn,Complex,d20_inf,False,False,0.16946511599235237,600,1.1250000000000056,21.32828597257468,,0,0.838564556423723,1.1426738352572001,0,0,0,0,False,,,,md_dqn_not_reached,"{""profile_name"": ""complex_d02"", ""map_seed"": 20380621, ""query_seed"": 20381623, ""md_dqn_source_dir"": ""/home/ubuntu/DQN10/2_experiment"", ""md_dqn_checkpoint_path"": ""/home/ubuntu/DQN10/2_experiment/ugv_dqn/outputs/2026-05-12_train_load_external_demo_smoke/models/realmap_a/mlp-dqn.pt"", ""md_dqn_algo"": ""mlp-dqn"", ""md_dqn_device"": ""cpu"", ""md_dqn_max_steps"": 600, ""md_dqn_rollout_steps"": 600, ""md_dqn_reached"": false}"
complex_s02_q0048,vanilla_ha,Complex,d08_12,True,True,0.15611600875854492,1,8.16333265278342,,,0,0.0,0.439940691862187,0,0,0,0,False,,,,,"{""profile_name"": ""complex_d02"", ""map_seed"": 20380621, ""query_seed"": 20381624, ""evaluation_path_source"": ""trace_poses"", ""planner_path_pose_count"": 2, ""evaluation_path_pose_count"": 83}"
complex_s02_q0048,f_n3p_knn,Complex,d08_12,True,True,0.0004594281781464815,0,8.16333265278342,8.16333265278342,0.0,0,0.0,0.439940691862187,0,0,0,0,False,0,0,,,"{""profile_name"": ""complex_d02"", ""map_seed"": 20380621, ""query_seed"": 20381624}"
complex_s02_q0048,n3p_k1,Complex,d08_12,True,True,0.00037423381581902504,0,8.16333265278342,8.16333265278342,0.0,0,0.0,0.439940691862187,0,0,0,0,False,0,0,,,"{""profile_name"": ""complex_d02"", ""map_seed"": 20380621, ""query_seed"": 20381624}"
complex_s02_q0048,voronoi_waypoint,Complex,d08_12,True,True,0.353573092026636,2,8.193510280373863,8.16333265278342,0.0036967288819416133,0,0.09168277920332918,0.5068194850457144,0,0,0,0,False,,,,,"{""profile_name"": ""complex_d02"", ""map_seed"": 20380621, ""query_seed"": 20381624, ""waypoint_count"": 1}"
complex_s02_q0048,bottleneck_waypoint,Complex,d08_12,True,True,0.3548313721548766,2,8.350492574964465,8.16333265278342,0.022926901321022264,0,0.16336302172523173,0.8646798255962795,0,0,0,0,False,,,,,"{""profile_name"": ""complex_d02"", ""map_seed"": 20380621, ""query_seed"": 20381624, ""waypoint_count"": 1, ""bottleneck_count"": 1}"
complex_s02_q0048,md_dqn,Complex,d08_12,False,False,0.16969220945611596,600,1.1250000000000022,8.16333265278342,,0,0.8385645564237266,1.1700957577776598,0,0,0,0,False,,,,md_dqn_not_reached,"{""profile_name"": ""complex_d02"", ""map_seed"": 20380621, ""query_seed"": 20381624, ""md_dqn_source_dir"": ""/home/ubuntu/DQN10/2_experiment"", ""md_dqn_checkpoint_path"": ""/home/ubuntu/DQN10/2_experiment/ugv_dqn/outputs/2026-05-12_train_load_external_demo_smoke/models/realmap_a/mlp-dqn.pt"", ""md_dqn_algo"": ""mlp-dqn"", ""md_dqn_device"": ""cpu"", ""md_dqn_max_steps"": 600, ""md_dqn_rollout_steps"": 600, ""md_dqn_reached"": false}"
complex_s02_q0049,vanilla_ha,Complex,d12_16,True,True,0.17916345596313477,41,15.778103894659132,,,0,0.11788691098166476,0.08319989919426807,0,0,0,0,False,,,,,"{""profile_name"": ""complex_d02"", ""map_seed"": 20380621, ""query_seed"": 20381625, ""evaluation_path_source"": ""trace_poses"", ""planner_path_pose_count"": 20, ""evaluation_path_pose_count"": 161}"
complex_s02_q0049,f_n3p_knn,Complex,d12_16,True,True,0.011409527156502008,0,15.65674128557946,15.778103894659132,-0.0076918373646120974,0,0.03720546915558304,0.10323508091453204,0,0,0,0,False,1,1,1.0,,"{""profile_name"": ""complex_d02"", ""map_seed"": 20380621, ""query_seed"": 20381625}"
complex_s02_q0049,n3p_k1,Complex,d12_16,True,True,0.010426534106954932,0,15.65674128557946,15.778103894659132,-0.0076918373646120974,0,0.03720546915558304,0.10323508091453204,0,0,0,0,False,1,1,1.0,,"{""profile_name"": ""complex_d02"", ""map_seed"": 20380621, ""query_seed"": 20381625}"
complex_s02_q0049,voronoi_waypoint,Complex,d12_16,True,True,0.6936221001669765,34,18.268935026288354,15.778103894659132,0.15786631576639354,2,0.335039154461026,0.052198871114387924,0,0,0,0,False,,,,,"{""profile_name"": ""complex_d02"", ""map_seed"": 20380621, ""query_seed"": 20381625, ""waypoint_count"": 3}"
complex_s02_q0049,bottleneck_waypoint,Complex,d12_16,True,True,0.668500395026058,4,17.956303399150098,15.778103894659132,0.13805204472181742,3,0.2692915716975077,0.05526894639085361,0,0,0,0,False,,,,,"{""profile_name"": ""complex_d02"", ""map_seed"": 20380621, ""query_seed"": 20381625, ""waypoint_count"": 3, ""bottleneck_count"": 3}"
complex_s02_q0049,md_dqn,Complex,d12_16,False,False,0.16801047464832664,600,1.1249999999997058,15.778103894659132,,0,0.0,0.5166936139916833,0,0,0,0,False,,,,md_dqn_not_reached,"{""profile_name"": ""complex_d02"", ""map_seed"": 20380621, ""query_seed"": 20381625, ""md_dqn_source_dir"": ""/home/ubuntu/DQN10/2_experiment"", ""md_dqn_checkpoint_path"": ""/home/ubuntu/DQN10/2_experiment/ugv_dqn/outputs/2026-05-12_train_load_external_demo_smoke/models/realmap_a/mlp-dqn.pt"", ""md_dqn_algo"": ""mlp-dqn"", ""md_dqn_device"": ""cpu"", ""md_dqn_max_steps"": 600, ""md_dqn_rollout_steps"": 600, ""md_dqn_reached"": false}"
complex_s02_q0050,vanilla_ha,Complex,d16_20,True,True,0.3888394832611084,463,18.508559148308496,,,0,0.12718266781517673,0.07893038458665114,0,0,0,0,False,,,,,"{""profile_name"": ""complex_d02"", ""map_seed"": 20380622, ""query_seed"": 20381622, ""evaluation_path_source"": ""trace_poses"", ""planner_path_pose_count"": 37, ""evaluation_path_pose_count"": 188}"
complex_s02_q0050,f_n3p_knn,Complex,d16_20,True,True,0.010889831930398941,0,18.07334676663681,18.508559148308496,-0.02351411464200659,0,0.009879127304082051,0.0907675441370801,0,0,0,0,False,1,1,1.0,,"{""profile_name"": ""complex_d02"", ""map_seed"": 20380622, ""query_seed"": 20381622}"
complex_s02_q0050,n3p_k1,Complex,d16_20,True,True,0.010569798992946744,0,18.07334676663681,18.508559148308496,-0.02351411464200659,0,0.009879127304082051,0.0907675441370801,0,0,0,0,False,1,1,1.0,,"{""profile_name"": ""complex_d02"", ""map_seed"": 20380622, ""query_seed"": 20381622}"
complex_s02_q0050,voronoi_waypoint,Complex,d16_20,True,True,0.6144383659120649,4,19.338150524853063,18.508559148308496,0.04482203989500633,0,0.2509953203471372,0.14551281646657666,0,0,0,0,False,,,,,"{""profile_name"": ""complex_d02"", ""map_seed"": 20380622, ""query_seed"": 20381622, ""waypoint_count"": 3}"
complex_s02_q0050,bottleneck_waypoint,Complex,d16_20,True,True,0.6166655849665403,4,18.55882404638557,18.508559148308496,0.002715765050877561,0,0.17487598682678876,0.37495218475169634,0,0,0,0,False,,,,,"{""profile_name"": ""complex_d02"", ""map_seed"": 20380622, ""query_seed"": 20381622, ""waypoint_count"": 3, ""bottleneck_count"": 3}"
complex_s02_q0050,md_dqn,Complex,d16_20,False,False,0.4506713019218296,600,12.035624999999998,18.508559148308496,,0,0.36142327207885766,0.14886684302332942,0,0,0,0,False,,,,md_dqn_not_reached,"{""profile_name"": ""complex_d02"", ""map_seed"": 20380622, ""query_seed"": 20381622, ""md_dqn_source_dir"": ""/home/ubuntu/DQN10/2_experiment"", ""md_dqn_checkpoint_path"": ""/home/ubuntu/DQN10/2_experiment/ugv_dqn/outputs/2026-05-12_train_load_external_demo_smoke/models/realmap_a/mlp-dqn.pt"", ""md_dqn_algo"": ""mlp-dqn"", ""md_dqn_device"": ""cpu"", ""md_dqn_max_steps"": 600, ""md_dqn_rollout_steps"": 600, ""md_dqn_reached"": false}"
complex_s02_q0051,vanilla_ha,Complex,d20_inf,True,True,0.24137330055236816,161,21.125832668483433,,,0,0.15612038162406824,0.16615870295342694,0,0,0,0,False,,,,,"{""profile_name"": ""complex_d02"", ""map_seed"": 20380622, ""query_seed"": 20381623, ""evaluation_path_source"": ""trace_poses"", ""planner_path_pose_count"": 29, ""evaluation_path_pose_count"": 213}"
complex_s02_q0051,f_n3p_knn,Complex,d20_inf,True,True,0.010670962044969201,0,21.009347206150107,21.125832668483433,-0.005513887389021366,0,0.04146212681968109,0.2249076574930099,0,0,0,0,False,1,1,1.0,,"{""profile_name"": ""complex_d02"", ""map_seed"": 20380622, ""query_seed"": 20381623}"
complex_s02_q0051,n3p_k1,Complex,d20_inf,True,True,0.00901112612336874,0,21.009347206150107,21.125832668483433,-0.005513887389021366,0,0.04146212681968109,0.2249076574930099,0,0,0,0,False,1,1,1.0,,"{""profile_name"": ""complex_d02"", ""map_seed"": 20380622, ""query_seed"": 20381623}"
complex_s02_q0051,voronoi_waypoint,Complex,d20_inf,True,True,0.6637825181242079,4,22.280140346371653,21.125832668483433,0.05463962987883897,0,0.22875397558746952,0.2484155336389372,0,0,0,0,False,,,,,"{""profile_name"": ""complex_d02"", ""map_seed"": 20380622, ""query_seed"": 20381623, ""waypoint_count"": 3}"
complex_s02_q0051,bottleneck_waypoint,Complex,d20_inf,True,True,0.8221296789124608,5,22.493160188903392,21.125832668483433,0.06472301195776331,0,0.21978462639404092,0.2484155336389372,0,0,0,0,False,,,,,"{""profile_name"": ""complex_d02"", ""map_seed"": 20380622, ""query_seed"": 20381623, ""waypoint_count"": 4, ""bottleneck_count"": 4}"
complex_s02_q0051,md_dqn,Complex,d20_inf,False,False,0.40614697826094925,600,1.125000000000014,21.125832668483433,,0,0.7708121600458493,0.2484155336389372,0,0,0,0,False,,,,md_dqn_not_reached,"{""profile_name"": ""complex_d02"", ""map_seed"": 20380622, ""query_seed"": 20381623, ""md_dqn_source_dir"": ""/home/ubuntu/DQN10/2_experiment"", ""md_dqn_checkpoint_path"": ""/home/ubuntu/DQN10/2_experiment/ugv_dqn/outputs/2026-05-12_train_load_external_demo_smoke/models/realmap_a/mlp-dqn.pt"", ""md_dqn_algo"": ""mlp-dqn"", ""md_dqn_device"": ""cpu"", ""md_dqn_max_steps"": 600, ""md_dqn_rollout_steps"": 600, ""md_dqn_reached"": false}"
complex_s02_q0052,vanilla_ha,Complex,d08_12,True,True,0.17151880264282227,37,11.488432253936935,,,0,0.08344896747269784,0.14084751281333263,0,0,0,0,False,,,,,"{""profile_name"": ""complex_d02"", ""map_seed"": 20380622, ""query_seed"": 20381624, ""evaluation_path_source"": ""trace_poses"", ""planner_path_pose_count"": 18, ""evaluation_path_pose_count"": 117}"
complex_s02_q0052,f_n3p_knn,Complex,d08_12,True,True,0.011218927102163434,0,11.463567569239837,11.488432253936935,-0.002164323568916715,0,0.02101510228597568,0.16812312015456188,0,1,0,0,True,0,1,0.0,,"{""profile_name"": ""complex_d02"", ""map_seed"": 20380622, ""query_seed"": 20381624}"
complex_s02_q0052,n3p_k1,Complex,d08_12,True,True,0.1780495431739837,34,11.848534939952316,11.488432253936935,0.03134480650238225,0,0.25010561948347887,0.14084751281333263,0,0,1,0,True,0,0,,,"{""profile_name"": ""complex_d02"", ""map_seed"": 20380622, ""query_seed"": 20381624}"
complex_s02_q0052,voronoi_waypoint,Complex,d08_12,True,True,0.3351796339266002,2,11.657471579772778,11.488432253936935,0.01471387236303845,0,0.11760483780210955,0.27230611945854144,0,0,0,0,False,,,,,"{""profile_name"": ""complex_d02"", ""map_seed"": 20380622, ""query_seed"": 20381624, ""waypoint_count"": 1}"
complex_s02_q0052,bottleneck_waypoint,Complex,d08_12,True,True,0.4797307930421084,3,12.042997616408512,11.488432253936935,0.04827163099486742,0,0.2832995456003142,1.2047026352788288,0,0,0,0,False,,,,,"{""profile_name"": ""complex_d02"", ""map_seed"": 20380622, ""query_seed"": 20381624, ""waypoint_count"": 2, ""bottleneck_count"": 2}"
complex_s02_q0052,md_dqn,Complex,d08_12,False,False,0.4002318703569472,600,1.1250000000000064,11.488432253936935,,0,0.838564556423722,0.8193291150073001,0,0,0,0,False,,,,md_dqn_not_reached,"{""profile_name"": ""complex_d02"", ""map_seed"": 20380622, ""query_seed"": 20381624, ""md_dqn_source_dir"": ""/home/ubuntu/DQN10/2_experiment"", ""md_dqn_checkpoint_path"": ""/home/ubuntu/DQN10/2_experiment/ugv_dqn/outputs/2026-05-12_train_load_external_demo_smoke/models/realmap_a/mlp-dqn.pt"", ""md_dqn_algo"": ""mlp-dqn"", ""md_dqn_device"": ""cpu"", ""md_dqn_max_steps"": 600, ""md_dqn_rollout_steps"": 600, ""md_dqn_reached"": false}"
complex_s02_q0053,vanilla_ha,Complex,d12_16,True,True,2.0056920051574707,2665,13.882976680950854,,,0,0.24172033141550386,0.05653605060311506,0,0,0,0,False,,,,,"{""profile_name"": ""complex_d02"", ""map_seed"": 20380622, ""query_seed"": 20381625, ""evaluation_path_source"": ""trace_poses"", ""planner_path_pose_count"": 34, ""evaluation_path_pose_count"": 141}"
complex_s02_q0053,f_n3p_knn,Complex,d12_16,True,True,0.2013370341155678,1,15.325961046363327,13.882976680950854,0.10393911900697961,0,0.378261080192517,0.0559281097518759,0,34,1,0,True,0,4,0.0,,"{""profile_name"": ""complex_d02"", ""map_seed"": 20380622, ""query_seed"": 20381625}"
complex_s02_q0053,n3p_k1,Complex,d12_16,True,True,0.9120047420728952,634,14.5000019296461,13.882976680950854,0.044444737096035025,0,0.33339725833387057,0.05653605060311506,0,0,2,0,True,1,1,1.0,,"{""profile_name"": ""complex_d02"", ""map_seed"": 20380622, ""query_seed"": 20381625}"
complex_s02_q0053,voronoi_waypoint,Complex,d12_16,True,True,0.5275688997935504,25,15.923135219404857,13.882976680950854,0.1469539699834943,4,0.36490243136318445,0.05653605060311506,0,0,0,0,False,,,,,"{""profile_name"": ""complex_d02"", ""map_seed"": 20380622, ""query_seed"": 20381625, ""waypoint_count"": 2}"
complex_s02_q0053,bottleneck_waypoint,Complex,d12_16,True,True,0.6737726998981088,12,17.044352959660092,13.882976680950854,0.22771602599081175,1,0.29175476062988115,0.08678516968025163,0,0,0,0,False,,,,,"{""profile_name"": ""complex_d02"", ""map_seed"": 20380622, ""query_seed"": 20381625, ""waypoint_count"": 3, ""bottleneck_count"": 3}"
complex_s02_q0053,md_dqn,Complex,d12_16,False,False,0.0019864721689373255,1,0.003750000000000246,13.882976680950854,,0,0.08734630124014486,0.3135512008776755,0,0,0,0,False,,,,md_dqn_not_reached,"{""profile_name"": ""complex_d02"", ""map_seed"": 20380622, ""query_seed"": 20381625, ""md_dqn_source_dir"": ""/home/ubuntu/DQN10/2_experiment"", ""md_dqn_checkpoint_path"": ""/home/ubuntu/DQN10/2_experiment/ugv_dqn/outputs/2026-05-12_train_load_external_demo_smoke/models/realmap_a/mlp-dqn.pt"", ""md_dqn_algo"": ""mlp-dqn"", ""md_dqn_device"": ""cpu"", ""md_dqn_max_steps"": 600, ""md_dqn_rollout_steps"": 1, ""md_dqn_reached"": false}"
complex_s02_q0054,vanilla_ha,Complex,d16_20,True,True,0.28107595443725586,211,17.278317745362592,,,0,0.21308322137546531,0.07187953829957194,0,0,0,0,False,,,,,"{""profile_name"": ""complex_d02"", ""map_seed"": 20380622, ""query_seed"": 20381626, ""evaluation_path_source"": ""trace_poses"", ""planner_path_pose_count"": 35, ""evaluation_path_pose_count"": 176}"
complex_s02_q0054,f_n3p_knn,Complex,d16_20,True,True,0.2366360209416598,57,17.213680495037927,17.278317745362592,-0.0037409458071815394,0,0.13404430630169956,0.06980021893733146,0,29,1,0,True,0,2,0.0,,"{""profile_name"": ""complex_d02"", ""map_seed"": 20380622, ""query_seed"": 20381626}"
complex_s02_q0054,n3p_k1,Complex,d16_20,True,True,0.38125718710944057,56,17.535400325582653,17.278317745362592,0.014878912635407415,0,0.2005947061994249,0.0759963249340021,0,0,2,0,True,1,1,1.0,,"{""profile_name"": ""complex_d02"", ""map_seed"": 20380622, ""query_seed"": 20381626}"
complex_s02_q0054,voronoi_waypoint,Complex,d16_20,True,True,0.6557977909687907,4,19.086005907463342,17.278317745362592,0.10462176866645034,0,0.251386310619912,0.43690853988632194,0,0,0,0,False,,,,,"{""profile_name"": ""complex_d02"", ""map_seed"": 20380622, ""query_seed"": 20381626, ""waypoint_count"": 3}"
complex_s02_q0054,bottleneck_waypoint,Complex,d16_20,True,True,0.6599895660765469,4,18.299555849413743,17.278317745362592,0.0591051813667014,0,0.213233838611347,0.7027508906865996,0,0,0,0,False,,,,,"{""profile_name"": ""complex_d02"", ""map_seed"": 20380622, ""query_seed"": 20381626, ""waypoint_count"": 3, ""bottleneck_count"": 3}"
complex_s02_q0054,md_dqn,Complex,d16_20,False,False,0.33644464053213596,600,1.3874999999999695,17.278317745362592,,0,0.8325436830887016,0.7045620622602788,0,0,0,0,False,,,,md_dqn_not_reached,"{""profile_name"": ""complex_d02"", ""map_seed"": 20380622, ""query_seed"": 20381626, ""md_dqn_source_dir"": ""/home/ubuntu/DQN10/2_experiment"", ""md_dqn_checkpoint_path"": ""/home/ubuntu/DQN10/2_experiment/ugv_dqn/outputs/2026-05-12_train_load_external_demo_smoke/models/realmap_a/mlp-dqn.pt"", ""md_dqn_algo"": ""mlp-dqn"", ""md_dqn_device"": ""cpu"", ""md_dqn_max_steps"": 600, ""md_dqn_rollout_steps"": 600, ""md_dqn_reached"": false}"
complex_s02_q0055,vanilla_ha,Complex,d20_inf,False,False,2.500227212905884,4078,,,,0,,,0,0,0,0,False,,,,timeout,"{""profile_name"": ""complex_d02"", ""map_seed"": 20380623, ""query_seed"": 20381623, ""evaluation_path_source"": ""planner_path"", ""planner_path_pose_count"": 0, ""evaluation_path_pose_count"": 0}"
complex_s02_q0055,f_n3p_knn,Complex,d20_inf,True,True,0.032420042902231216,0,21.82861956392044,,,2,0.12175477388755454,0.09645982918259899,0,22,0,0,True,1,4,0.25,,"{""profile_name"": ""complex_d02"", ""map_seed"": 20380623, ""query_seed"": 20381623}"
complex_s02_q0055,n3p_k1,Complex,d20_inf,False,False,3.5590424020774662,5930,,,,0,,,0,0,1,1,True,0,0,,f2_failed:prediction:goal_in_collision;goal:timeout;f3_failed:timeout,"{""profile_name"": ""complex_d02"", ""map_seed"": 20380623, ""query_seed"": 20381623}"
complex_s02_q0055,voronoi_waypoint,Complex,d20_inf,True,True,0.8164449851028621,5,22.464315200662554,,,0,0.24982997755731265,0.18365506875235205,0,0,0,0,False,,,,,"{""profile_name"": ""complex_d02"", ""map_seed"": 20380623, ""query_seed"": 20381623, ""waypoint_count"": 4}"
complex_s02_q0055,bottleneck_waypoint,Complex,d20_inf,True,True,0.8143178639002144,5,22.512178253518258,,,0,0.22343515904490174,0.18365506875235205,0,0,0,0,False,,,,,"{""profile_name"": ""complex_d02"", ""map_seed"": 20380623, ""query_seed"": 20381623, ""waypoint_count"": 4, ""bottleneck_count"": 4}"
complex_s02_q0055,md_dqn,Complex,d20_inf,False,False,0.39611493330448866,600,1.1250000000000022,,,0,0.8385645564237244,0.1961635327885023,0,0,0,0,False,,,,md_dqn_not_reached,"{""profile_name"": ""complex_d02"", ""map_seed"": 20380623, ""query_seed"": 20381623, ""md_dqn_source_dir"": ""/home/ubuntu/DQN10/2_experiment"", ""md_dqn_checkpoint_path"": ""/home/ubuntu/DQN10/2_experiment/ugv_dqn/outputs/2026-05-12_train_load_external_demo_smoke/models/realmap_a/mlp-dqn.pt"", ""md_dqn_algo"": ""mlp-dqn"", ""md_dqn_device"": ""cpu"", ""md_dqn_max_steps"": 600, ""md_dqn_rollout_steps"": 600, ""md_dqn_reached"": false}"
complex_s02_q0056,vanilla_ha,Complex,d08_12,True,True,0.15860652923583984,9,11.859947175942063,,,0,0.054229971909255555,0.07620076499526462,0,0,0,0,False,,,,,"{""profile_name"": ""complex_d02"", ""map_seed"": 20380623, ""query_seed"": 20381624, ""evaluation_path_source"": ""trace_poses"", ""planner_path_pose_count"": 7, ""evaluation_path_pose_count"": 121}"
complex_s02_q0056,f_n3p_knn,Complex,d08_12,True,True,0.01116711599752307,0,11.883968963618779,11.859947175942063,0.002025454862517817,0,0.032351378444888654,0.12173460835583139,0,0,0,0,False,1,1,1.0,,"{""profile_name"": ""complex_d02"", ""map_seed"": 20380623, ""query_seed"": 20381624}"
complex_s02_q0056,n3p_k1,Complex,d08_12,True,True,0.009328863816335797,0,11.883968963618779,11.859947175942063,0.002025454862517817,0,0.032351378444888654,0.12173460835583139,0,0,0,0,False,1,1,1.0,,"{""profile_name"": ""complex_d02"", ""map_seed"": 20380623, ""query_seed"": 20381624}"
complex_s02_q0056,voronoi_waypoint,Complex,d08_12,True,True,0.5063837009947747,3,12.581948229748395,11.859947175942063,0.060877257132385454,0,0.21209997567240677,0.13409152467568908,0,0,0,0,False,,,,,"{""profile_name"": ""complex_d02"", ""map_seed"": 20380623, ""query_seed"": 20381624, ""waypoint_count"": 2}"
complex_s02_q0056,bottleneck_waypoint,Complex,d08_12,True,True,0.5123505629599094,3,13.154651478257016,11.859947175942063,0.10916611036356594,3,0.15134377342828245,0.18861516841946435,0,0,0,0,False,,,,,"{""profile_name"": ""complex_d02"", ""map_seed"": 20380623, ""query_seed"": 20381624, ""waypoint_count"": 2, ""bottleneck_count"": 2}"
complex_s02_q0056,md_dqn,Complex,d08_12,False,False,1.0190639274660498,600,21.553125000000016,11.859947175942063,,0,0.3609984455784974,0.0789269303387009,0,0,0,0,False,,,,md_dqn_not_reached,"{""profile_name"": ""complex_d02"", ""map_seed"": 20380623, ""query_seed"": 20381624, ""md_dqn_source_dir"": ""/home/ubuntu/DQN10/2_experiment"", ""md_dqn_checkpoint_path"": ""/home/ubuntu/DQN10/2_experiment/ugv_dqn/outputs/2026-05-12_train_load_external_demo_smoke/models/realmap_a/mlp-dqn.pt"", ""md_dqn_algo"": ""mlp-dqn"", ""md_dqn_device"": ""cpu"", ""md_dqn_max_steps"": 600, ""md_dqn_rollout_steps"": 600, ""md_dqn_reached"": false}"
complex_s02_q0057,vanilla_ha,Complex,d12_16,True,True,0.1515207290649414,1,14.920120642943873,,,0,0.0,0.3666630629672558,0,0,0,0,False,,,,,"{""profile_name"": ""complex_d02"", ""map_seed"": 20380623, ""query_seed"": 20381625, ""evaluation_path_source"": ""trace_poses"", ""planner_path_pose_count"": 2, ""evaluation_path_pose_count"": 151}"
complex_s02_q0057,f_n3p_knn,Complex,d12_16,True,True,0.0006363140419125557,0,14.920120642943873,14.920120642943873,0.0,0,2.9764451674195064e-17,0.3666630629672558,0,0,0,0,False,0,0,,,"{""profile_name"": ""complex_d02"", ""map_seed"": 20380623, ""query_seed"": 20381625}"
complex_s02_q0057,n3p_k1,Complex,d12_16,True,True,0.0006074369885027409,0,14.920120642943873,14.920120642943873,0.0,0,2.9764451674195064e-17,0.3666630629672558,0,0,0,0,False,0,0,,,"{""profile_name"": ""complex_d02"", ""map_seed"": 20380623, ""query_seed"": 20381625}"
complex_s02_q0057,voronoi_waypoint,Complex,d12_16,True,True,0.5099320150911808,3,15.82323267696759,14.920120642943873,0.06052980774326544,0,0.1343852088858711,0.3163667472099613,0,0,0,0,False,,,,,"{""profile_name"": ""complex_d02"", ""map_seed"": 20380623, ""query_seed"": 20381625, ""waypoint_count"": 2}"
complex_s02_q0057,bottleneck_waypoint,Complex,d12_16,True,True,0.5093224800657481,3,15.936700861546623,14.920120642943873,0.06813485245399264,0,0.1971294235163877,0.366375114617722,0,0,0,0,False,,,,,"{""profile_name"": ""complex_d02"", ""map_seed"": 20380623, ""query_seed"": 20381625, ""waypoint_count"": 2, ""bottleneck_count"": 2}"
complex_s02_q0057,md_dqn,Complex,d12_16,False,False,0.3866635642480105,600,1.125000000000022,14.920120642943873,,0,0.8385645564237095,1.8704626122408912,0,0,0,0,False,,,,md_dqn_not_reached,"{""profile_name"": ""complex_d02"", ""map_seed"": 20380623, ""query_seed"": 20381625, ""md_dqn_source_dir"": ""/home/ubuntu/DQN10/2_experiment"", ""md_dqn_checkpoint_path"": ""/home/ubuntu/DQN10/2_experiment/ugv_dqn/outputs/2026-05-12_train_load_external_demo_smoke/models/realmap_a/mlp-dqn.pt"", ""md_dqn_algo"": ""mlp-dqn"", ""md_dqn_device"": ""cpu"", ""md_dqn_max_steps"": 600, ""md_dqn_rollout_steps"": 600, ""md_dqn_reached"": false}"
complex_s02_q0058,vanilla_ha,Complex,d16_20,True,True,0.21577882766723633,120,19.290030075966865,,,0,0.13933316454227343,0.09159874834081794,0,0,0,0,False,,,,,"{""profile_name"": ""complex_d02"", ""map_seed"": 20380623, ""query_seed"": 20381626, ""evaluation_path_source"": ""trace_poses"", ""planner_path_pose_count"": 38, ""evaluation_path_pose_count"": 196}"
complex_s02_q0058,f_n3p_knn,Complex,d16_20,True,True,0.02097585517913103,0,19.710423887567938,19.290030075966865,0.021793320691855023,0,0.07591368472708088,0.1944975967222341,0,1,0,0,True,1,2,0.5,,"{""profile_name"": ""complex_d02"", ""map_seed"": 20380623, ""query_seed"": 20381626}"
complex_s02_q0058,n3p_k1,Complex,d16_20,True,True,0.18217166396789253,25,19.249251694077074,19.290030075966865,-0.0021139615505626486,0,0.11756059313239933,0.0734765198144317,0,0,1,0,True,1,1,1.0,,"{""profile_name"": ""complex_d02"", ""map_seed"": 20380623, ""query_seed"": 20381626}"
complex_s02_q0058,voronoi_waypoint,Complex,d16_20,True,True,0.6194852869957685,13,19.362179544736247,19.290030075966865,0.0037402465670217655,0,0.11109214858513798,0.10533204271223451,0,0,0,0,False,,,,,"{""profile_name"": ""complex_d02"", ""map_seed"": 20380623, ""query_seed"": 20381626, ""waypoint_count"": 3}"
complex_s02_q0058,bottleneck_waypoint,Complex,d16_20,True,True,0.47312516905367374,3,19.391411958207396,19.290030075966865,0.005255662217283907,0,0.07924870704836359,0.2908595394097524,0,0,0,0,False,,,,,"{""profile_name"": ""complex_d02"", ""map_seed"": 20380623, ""query_seed"": 20381626, ""waypoint_count"": 2, ""bottleneck_count"": 2}"
complex_s02_q0058,md_dqn,Complex,d16_20,False,False,0.435717269545421,600,4.544999999999995,19.290030075966865,,0,0.3194550134033435,0.15327883932222786,0,0,0,0,False,,,,md_dqn_not_reached,"{""profile_name"": ""complex_d02"", ""map_seed"": 20380623, ""query_seed"": 20381626, ""md_dqn_source_dir"": ""/home/ubuntu/DQN10/2_experiment"", ""md_dqn_checkpoint_path"": ""/home/ubuntu/DQN10/2_experiment/ugv_dqn/outputs/2026-05-12_train_load_external_demo_smoke/models/realmap_a/mlp-dqn.pt"", ""md_dqn_algo"": ""mlp-dqn"", ""md_dqn_device"": ""cpu"", ""md_dqn_max_steps"": 600, ""md_dqn_rollout_steps"": 600, ""md_dqn_reached"": false}"
complex_s02_q0059,vanilla_ha,Complex,d20_inf,False,False,2.5020759105682373,5401,,,,0,,,0,0,0,0,False,,,,timeout,"{""profile_name"": ""complex_d02"", ""map_seed"": 20380623, ""query_seed"": 20381627, ""evaluation_path_source"": ""planner_path"", ""planner_path_pose_count"": 0, ""evaluation_path_pose_count"": 0}"
complex_s02_q0059,f_n3p_knn,Complex,d20_inf,True,True,0.04830578714609146,0,32.2264580766627,,,0,0.10250341066681548,0.08447491465721824,0,9,0,0,True,2,5,0.4,,"{""profile_name"": ""complex_d02"", ""map_seed"": 20380623, ""query_seed"": 20381627}"
complex_s02_q0059,n3p_k1,Complex,d20_inf,True,True,1.139047769131139,978,31.563598905785373,,,0,0.12529157598829258,0.07375307760940986,0,0,2,0,True,1,1,1.0,,"{""profile_name"": ""complex_d02"", ""map_seed"": 20380623, ""query_seed"": 20381627}"
complex_s02_q0059,voronoi_waypoint,Complex,d20_inf,True,True,1.1195868069771677,7,33.24598312488703,,,0,0.162644809323259,0.378951778306885,0,0,0,0,False,,,,,"{""profile_name"": ""complex_d02"", ""map_seed"": 20380623, ""query_seed"": 20381627, ""waypoint_count"": 6}"
complex_s02_q0059,bottleneck_waypoint,Complex,d20_inf,True,True,1.1231133909896016,7,32.769742115250345,,,0,0.13575971221324698,0.2704569030482695,0,0,0,0,False,,,,,"{""profile_name"": ""complex_d02"", ""map_seed"": 20380623, ""query_seed"": 20381627, ""waypoint_count"": 6, ""bottleneck_count"": 6}"
complex_s02_q0059,md_dqn,Complex,d20_inf,False,False,0.3883822597563267,600,1.1250000000000646,,,0,0.8385645564236777,1.0830038441499878,0,0,0,0,False,,,,md_dqn_not_reached,"{""profile_name"": ""complex_d02"", ""map_seed"": 20380623, ""query_seed"": 20381627, ""md_dqn_source_dir"": ""/home/ubuntu/DQN10/2_experiment"", ""md_dqn_checkpoint_path"": ""/home/ubuntu/DQN10/2_experiment/ugv_dqn/outputs/2026-05-12_train_load_external_demo_smoke/models/realmap_a/mlp-dqn.pt"", ""md_dqn_algo"": ""mlp-dqn"", ""md_dqn_device"": ""cpu"", ""md_dqn_max_steps"": 600, ""md_dqn_rollout_steps"": 600, ""md_dqn_reached"": false}"
complex_s03_q0060,vanilla_ha,Complex,d08_12,True,True,0.159224271774292,1,10.071742649611338,,,0,0.0,0.0913242914187048,0,0,0,0,False,,,,,"{""profile_name"": ""complex_d02"", ""map_seed"": 20390620, ""query_seed"": 20391620, ""evaluation_path_source"": ""trace_poses"", ""planner_path_pose_count"": 2, ""evaluation_path_pose_count"": 102}"
complex_s03_q0060,f_n3p_knn,Complex,d08_12,True,True,0.0004909010604023933,0,10.07174264961134,10.071742649611338,2.220446049250313e-16,0,4.4092589068208624e-17,0.0913242914187048,0,0,0,0,False,0,0,,,"{""profile_name"": ""complex_d02"", ""map_seed"": 20390620, ""query_seed"": 20391620}"
complex_s03_q0060,n3p_k1,Complex,d08_12,True,True,0.0004994880873709917,0,10.07174264961134,10.071742649611338,2.220446049250313e-16,0,4.4092589068208624e-17,0.0913242914187048,0,0,0,0,False,0,0,,,"{""profile_name"": ""complex_d02"", ""map_seed"": 20390620, ""query_seed"": 20391620}"
complex_s03_q0060,voronoi_waypoint,Complex,d08_12,True,True,0.35564867011271417,2,10.830805781511364,10.071742649611338,0.07536562026128801,0,0.2527364979961053,0.0913242914187048,0,0,0,0,False,,,,,"{""profile_name"": ""complex_d02"", ""map_seed"": 20390620, ""query_seed"": 20391620, ""waypoint_count"": 1}"
complex_s03_q0060,bottleneck_waypoint,Complex,d08_12,True,True,0.3580344640649855,2,10.432545839294342,10.071742649611338,0.03582331302884589,0,0.15714860318144885,0.0913242914187048,0,0,0,0,False,,,,,"{""profile_name"": ""complex_d02"", ""map_seed"": 20390620, ""query_seed"": 20391620, ""waypoint_count"": 1, ""bottleneck_count"": 1}"
complex_s03_q0060,md_dqn,Complex,d08_12,False,False,0.37901049898937345,600,1.1250000000000162,10.071742649611338,,0,0.8286550898948782,0.0913242914187048,0,0,0,0,False,,,,md_dqn_not_reached,"{""profile_name"": ""complex_d02"", ""map_seed"": 20390620, ""query_seed"": 20391620, ""md_dqn_source_dir"": ""/home/ubuntu/DQN10/2_experiment"", ""md_dqn_checkpoint_path"": ""/home/ubuntu/DQN10/2_experiment/ugv_dqn/outputs/2026-05-12_train_load_external_demo_smoke/models/realmap_a/mlp-dqn.pt"", ""md_dqn_algo"": ""mlp-dqn"", ""md_dqn_device"": ""cpu"", ""md_dqn_max_steps"": 600, ""md_dqn_rollout_steps"": 600, ""md_dqn_reached"": false}"
complex_s03_q0061,vanilla_ha,Complex,d12_16,True,True,0.17342352867126465,25,13.617913773650542,,,0,0.09475791721482868,0.27698941003714694,0,0,0,0,False,,,,,"{""profile_name"": ""complex_d02"", ""map_seed"": 20390620, ""query_seed"": 20391621, ""evaluation_path_source"": ""trace_poses"", ""planner_path_pose_count"": 11, ""evaluation_path_pose_count"": 138}"
complex_s03_q0061,f_n3p_knn,Complex,d12_16,True,True,0.011604247847571969,0,13.674846383919599,13.617913773650542,0.004180714551094811,0,0.04866054681910005,0.10245692805145601,0,6,0,0,True,0,1,0.0,,"{""profile_name"": ""complex_d02"", ""map_seed"": 20390620, ""query_seed"": 20391621}"
complex_s03_q0061,n3p_k1,Complex,d12_16,True,True,0.2899168860167265,201,13.799149353750444,13.617913773650542,0.013308615630286624,0,0.12201133062975003,0.06325305432933492,0,0,1,0,True,0,0,,,"{""profile_name"": ""complex_d02"", ""map_seed"": 20390620, ""query_seed"": 20391621}"
complex_s03_q0061,voronoi_waypoint,Complex,d12_16,True,True,0.5130021220538765,3,14.665418621508334,13.617913773650542,0.07692109564422567,0,0.2420742538269437,0.6335738547603293,0,0,0,0,False,,,,,"{""profile_name"": ""complex_d02"", ""map_seed"": 20390620, ""query_seed"": 20391621, ""waypoint_count"": 2}"
complex_s03_q0061,bottleneck_waypoint,Complex,d12_16,True,True,0.6656420971266925,4,15.36028931435354,13.617913773650542,0.12794731775100088,0,0.29946910843616176,0.6335738547603351,0,0,0,0,False,,,,,"{""profile_name"": ""complex_d02"", ""map_seed"": 20390620, ""query_seed"": 20391621, ""waypoint_count"": 3, ""bottleneck_count"": 3}"
complex_s03_q0061,md_dqn,Complex,d12_16,False,False,0.285195843083784,504,1.8375000000000028,13.617913773650542,,1,0.14575471903095713,0.39581162719044105,0,0,0,0,False,,,,md_dqn_not_reached,"{""profile_name"": ""complex_d02"", ""map_seed"": 20390620, ""query_seed"": 20391621, ""md_dqn_source_dir"": ""/home/ubuntu/DQN10/2_experiment"", ""md_dqn_checkpoint_path"": ""/home/ubuntu/DQN10/2_experiment/ugv_dqn/outputs/2026-05-12_train_load_external_demo_smoke/models/realmap_a/mlp-dqn.pt"", ""md_dqn_algo"": ""mlp-dqn"", ""md_dqn_device"": ""cpu"", ""md_dqn_max_steps"": 600, ""md_dqn_rollout_steps"": 504, ""md_dqn_reached"": false}"
complex_s03_q0062,vanilla_ha,Complex,d16_20,False,False,2.500410795211792,4215,,,,0,,,0,0,0,0,False,,,,timeout,"{""profile_name"": ""complex_d02"", ""map_seed"": 20390620, ""query_seed"": 20391622, ""evaluation_path_source"": ""planner_path"", ""planner_path_pose_count"": 0, ""evaluation_path_pose_count"": 0}"
complex_s03_q0062,f_n3p_knn,Complex,d16_20,True,True,0.02721771993674338,0,21.7239356075242,,,1,0.18873039390721158,0.09001447220447067,0,7,0,0,True,1,3,0.3333333333333333,,"{""profile_name"": ""complex_d02"", ""map_seed"": 20390620, ""query_seed"": 20391622}"
complex_s03_q0062,n3p_k1,Complex,d16_20,False,False,3.511836129007861,6058,,,,0,,,0,0,1,1,True,0,0,,f2_failed:prediction:goal_in_collision;goal:timeout;f3_failed:timeout,"{""profile_name"": ""complex_d02"", ""map_seed"": 20390620, ""query_seed"": 20391622}"
complex_s03_q0062,voronoi_waypoint,Complex,d16_20,True,True,0.811062206979841,5,22.121303278983635,,,0,0.19989421628097095,0.3095493100150585,0,0,0,0,False,,,,,"{""profile_name"": ""complex_d02"", ""map_seed"": 20390620, ""query_seed"": 20391622, ""waypoint_count"": 4}"
complex_s03_q0062,bottleneck_waypoint,Complex,d16_20,True,True,0.8113387320190668,5,22.30300957085362,,,0,0.2758167121924471,0.4046195449625112,0,0,0,0,False,,,,,"{""profile_name"": ""complex_d02"", ""map_seed"": 20390620, ""query_seed"": 20391622, ""waypoint_count"": 4, ""bottleneck_count"": 4}"
complex_s03_q0062,md_dqn,Complex,d16_20,False,False,0.22773759230040014,411,0.832499999999994,,,2,0.8034802085080807,0.37416162992865676,0,0,0,0,False,,,,md_dqn_not_reached,"{""profile_name"": ""complex_d02"", ""map_seed"": 20390620, ""query_seed"": 20391622, ""md_dqn_source_dir"": ""/home/ubuntu/DQN10/2_experiment"", ""md_dqn_checkpoint_path"": ""/home/ubuntu/DQN10/2_experiment/ugv_dqn/outputs/2026-05-12_train_load_external_demo_smoke/models/realmap_a/mlp-dqn.pt"", ""md_dqn_algo"": ""mlp-dqn"", ""md_dqn_device"": ""cpu"", ""md_dqn_max_steps"": 600, ""md_dqn_rollout_steps"": 411, ""md_dqn_reached"": false}"
complex_s03_q0063,vanilla_ha,Complex,d20_inf,True,True,2.1053478717803955,3553,20.408154521787523,,,0,0.08368889298492709,0.07687301308893857,0,0,0,0,False,,,,,"{""profile_name"": ""complex_d02"", ""map_seed"": 20390620, ""query_seed"": 20391623, ""evaluation_path_source"": ""trace_poses"", ""planner_path_pose_count"": 62, ""evaluation_path_pose_count"": 206}"
complex_s03_q0063,f_n3p_knn,Complex,d20_inf,True,True,0.030074674868956208,0,20.56117061512535,20.408154521787523,0.007497791785850527,0,0.08581740195649257,0.17362229969887555,0,7,0,0,True,0,3,0.0,,"{""profile_name"": ""complex_d02"", ""map_seed"": 20390620, ""query_seed"": 20391623}"
complex_s03_q0063,n3p_k1,Complex,d20_inf,True,True,1.6524829431436956,1179,20.274450744781802,20.408154521787523,-0.006551487880150031,0,0.14978648056628255,0.08511407463643872,0,0,2,0,True,1,1,1.0,,"{""profile_name"": ""complex_d02"", ""map_seed"": 20390620, ""query_seed"": 20391623}"
complex_s03_q0063,voronoi_waypoint,Complex,d20_inf,True,True,0.8169300470035523,5,24.388436165661197,20.408154521787523,0.1950338841086472,0,0.2609170200891989,0.4691482248113933,0,0,0,0,False,,,,,"{""profile_name"": ""complex_d02"", ""map_seed"": 20390620, ""query_seed"": 20391623, ""waypoint_count"": 4}"
complex_s03_q0063,bottleneck_waypoint,Complex,d20_inf,True,True,0.8810169380158186,65,23.199053030388477,20.408154521787523,0.1367540855113294,0,0.13959032920340605,0.15587259424868527,0,0,0,0,False,,,,,"{""profile_name"": ""complex_d02"", ""map_seed"": 20390620, ""query_seed"": 20391623, ""waypoint_count"": 4, ""bottleneck_count"": 4}"
complex_s03_q0063,md_dqn,Complex,d20_inf,False,False,0.16867258655838668,600,1.1250000000000213,20.408154521787523,,0,0.8286550898948738,1.7357542911333481,0,0,0,0,False,,,,md_dqn_not_reached,"{""profile_name"": ""complex_d02"", ""map_seed"": 20390620, ""query_seed"": 20391623, ""md_dqn_source_dir"": ""/home/ubuntu/DQN10/2_experiment"", ""md_dqn_checkpoint_path"": ""/home/ubuntu/DQN10/2_experiment/ugv_dqn/outputs/2026-05-12_train_load_external_demo_smoke/models/realmap_a/mlp-dqn.pt"", ""md_dqn_algo"": ""mlp-dqn"", ""md_dqn_device"": ""cpu"", ""md_dqn_max_steps"": 600, ""md_dqn_rollout_steps"": 600, ""md_dqn_reached"": false}"
complex_s03_q0064,vanilla_ha,Complex,d08_12,True,True,0.15253877639770508,1,9.14439719172347,,,0,0.0,0.35334599027692215,0,0,0,0,False,,,,,"{""profile_name"": ""complex_d02"", ""map_seed"": 20390620, ""query_seed"": 20391624, ""evaluation_path_source"": ""trace_poses"", ""planner_path_pose_count"": 2, ""evaluation_path_pose_count"": 93}"
complex_s03_q0064,f_n3p_knn,Complex,d08_12,True,True,0.00048560695722699165,0,9.14439719172347,9.14439719172347,0.0,0,4.8564077056058375e-17,0.35334599027692215,0,0,0,0,False,0,0,,,"{""profile_name"": ""complex_d02"", ""map_seed"": 20390620, ""query_seed"": 20391624}"
complex_s03_q0064,n3p_k1,Complex,d08_12,True,True,0.00043638492934405804,0,9.14439719172347,9.14439719172347,0.0,0,4.8564077056058375e-17,0.35334599027692215,0,0,0,0,False,0,0,,,"{""profile_name"": ""complex_d02"", ""map_seed"": 20390620, ""query_seed"": 20391624}"
complex_s03_q0064,voronoi_waypoint,Complex,d08_12,True,True,0.35010093287564814,2,9.705608475272905,9.14439719172347,0.06137214643928446,0,0.27054880307404666,0.40519911529918506,0,0,0,0,False,,,,,"{""profile_name"": ""complex_d02"", ""map_seed"": 20390620, ""query_seed"": 20391624, ""waypoint_count"": 1}"
complex_s03_q0064,bottleneck_waypoint,Complex,d08_12,True,True,0.353112410986796,2,9.370696368319434,9.14439719172347,0.024747303933908782,0,0.19879815343208893,0.40519911529918395,0,0,0,0,False,,,,,"{""profile_name"": ""complex_d02"", ""map_seed"": 20390620, ""query_seed"": 20391624, ""waypoint_count"": 1, ""bottleneck_count"": 1}"
complex_s03_q0064,md_dqn,Complex,d08_12,False,False,0.16770316706970334,600,1.125000000000017,9.14439719172347,,0,0.8385645564237142,1.1868934951836465,0,0,0,0,False,,,,md_dqn_not_reached,"{""profile_name"": ""complex_d02"", ""map_seed"": 20390620, ""query_seed"": 20391624, ""md_dqn_source_dir"": ""/home/ubuntu/DQN10/2_experiment"", ""md_dqn_checkpoint_path"": ""/home/ubuntu/DQN10/2_experiment/ugv_dqn/outputs/2026-05-12_train_load_external_demo_smoke/models/realmap_a/mlp-dqn.pt"", ""md_dqn_algo"": ""mlp-dqn"", ""md_dqn_device"": ""cpu"", ""md_dqn_max_steps"": 600, ""md_dqn_rollout_steps"": 600, ""md_dqn_reached"": false}"
complex_s03_q0065,vanilla_ha,Complex,d12_16,True,True,0.6229147911071777,589,12.97928665314522,,,0,0.1894475194129476,0.08832339612530526,0,0,0,0,False,,,,,"{""profile_name"": ""complex_d02"", ""map_seed"": 20390621, ""query_seed"": 20391621, ""evaluation_path_source"": ""trace_poses"", ""planner_path_pose_count"": 41, ""evaluation_path_pose_count"": 132}"
complex_s03_q0065,f_n3p_knn,Complex,d12_16,True,True,0.33996566315181553,163,14.405785820828857,12.97928665314522,0.10990582193035703,2,0.29146211217319273,0.07716836174504982,0,22,1,0,True,1,2,0.5,,"{""profile_name"": ""complex_d02"", ""map_seed"": 20390621, ""query_seed"": 20391621}"
complex_s03_q0065,n3p_k1,Complex,d12_16,True,True,0.63094875914976,589,12.97928665314522,12.97928665314522,0.0,0,0.18944751941294763,0.08832339612530526,0,0,1,0,True,0,0,,,"{""profile_name"": ""complex_d02"", ""map_seed"": 20390621, ""query_seed"": 20391621}"
complex_s03_q0065,voronoi_waypoint,Complex,d12_16,True,True,0.5637899099383503,57,13.666926725113973,12.97928665314522,0.05297980469536201,0,0.47783827508484267,0.08615655055663185,0,0,0,0,False,,,,,"{""profile_name"": ""complex_d02"", ""map_seed"": 20390621, ""query_seed"": 20391621, ""waypoint_count"": 2}"
complex_s03_q0065,bottleneck_waypoint,Complex,d12_16,True,True,0.6689274359960109,4,14.583463669136487,12.97928665314522,0.12359516041681173,2,0.4332004961068735,0.3060086119263268,0,0,0,0,False,,,,,"{""profile_name"": ""complex_d02"", ""map_seed"": 20390621, ""query_seed"": 20391621, ""waypoint_count"": 3, ""bottleneck_count"": 3}"
complex_s03_q0065,md_dqn,Complex,d12_16,False,False,0.1670358043629676,600,1.1249999999995977,12.97928665314522,,0,0.0,0.19951999651431074,0,0,0,0,False,,,,md_dqn_not_reached,"{""profile_name"": ""complex_d02"", ""map_seed"": 20390621, ""query_seed"": 20391621, ""md_dqn_source_dir"": ""/home/ubuntu/DQN10/2_experiment"", ""md_dqn_checkpoint_path"": ""/home/ubuntu/DQN10/2_experiment/ugv_dqn/outputs/2026-05-12_train_load_external_demo_smoke/models/realmap_a/mlp-dqn.pt"", ""md_dqn_algo"": ""mlp-dqn"", ""md_dqn_device"": ""cpu"", ""md_dqn_max_steps"": 600, ""md_dqn_rollout_steps"": 600, ""md_dqn_reached"": false}"
complex_s03_q0066,vanilla_ha,Complex,d16_20,True,True,0.39926719665527344,461,19.075998438306904,,,1,0.19846596459262072,0.10278105485630062,0,0,0,0,False,,,,,"{""profile_name"": ""complex_d02"", ""map_seed"": 20390621, ""query_seed"": 20391622, ""evaluation_path_source"": ""trace_poses"", ""planner_path_pose_count"": 45, ""evaluation_path_pose_count"": 194}"
complex_s03_q0066,f_n3p_knn,Complex,d16_20,True,True,0.038553940830752254,0,18.384955989089057,19.075998438306904,-0.036225755178829866,1,0.14181034923682798,0.07254472256768385,0,12,0,0,True,1,4,0.25,,"{""profile_name"": ""complex_d02"", ""map_seed"": 20390621, ""query_seed"": 20391622}"
complex_s03_q0066,n3p_k1,Complex,d16_20,True,True,0.2242305069230497,41,23.51374861887535,19.075998438306904,0.23263527699063502,2,0.26614984239635453,0.0723401750757442,0,0,1,0,True,2,2,1.0,,"{""profile_name"": ""complex_d02"", ""map_seed"": 20390621, ""query_seed"": 20391622}"
complex_s03_q0066,voronoi_waypoint,Complex,d16_20,True,True,0.6570005638059229,8,21.577245073946038,19.075998438306904,0.13112009018706616,1,0.2380914796015033,0.07565698747174476,0,0,0,0,False,,,,,"{""profile_name"": ""complex_d02"", ""map_seed"": 20390621, ""query_seed"": 20391622, ""waypoint_count"": 3}"
complex_s03_q0066,bottleneck_waypoint,Complex,d16_20,True,True,0.5084097699727863,9,21.126732488062284,19.075998438306904,0.10750336641028757,1,0.1277816276876404,0.21431104117334387,0,0,0,0,False,,,,,"{""profile_name"": ""complex_d02"", ""map_seed"": 20390621, ""query_seed"": 20391622, ""waypoint_count"": 2, ""bottleneck_count"": 2}"
complex_s03_q0066,md_dqn,Complex,d16_20,False,False,0.0014359320048242807,1,0.0037499999999981975,19.075998438306904,,0,0.08734630124019259,0.26325038880300644,0,0,0,0,False,,,,md_dqn_not_reached,"{""profile_name"": ""complex_d02"", ""map_seed"": 20390621, ""query_seed"": 20391622, ""md_dqn_source_dir"": ""/home/ubuntu/DQN10/2_experiment"", ""md_dqn_checkpoint_path"": ""/home/ubuntu/DQN10/2_experiment/ugv_dqn/outputs/2026-05-12_train_load_external_demo_smoke/models/realmap_a/mlp-dqn.pt"", ""md_dqn_algo"": ""mlp-dqn"", ""md_dqn_device"": ""cpu"", ""md_dqn_max_steps"": 600, ""md_dqn_rollout_steps"": 1, ""md_dqn_reached"": false}"
complex_s03_q0067,vanilla_ha,Complex,d20_inf,True,True,0.8008918762207031,913,24.124485906987267,,,0,0.29272763850462935,0.06729072120932611,0,0,0,0,False,,,,,"{""profile_name"": ""complex_d02"", ""map_seed"": 20390621, ""query_seed"": 20391623, ""evaluation_path_source"": ""trace_poses"", ""planner_path_pose_count"": 70, ""evaluation_path_pose_count"": 243}"
complex_s03_q0067,f_n3p_knn,Complex,d20_inf,True,True,1.1075267340056598,1024,24.124485906987267,24.124485906987267,0.0,0,0.29272763850462935,0.06729072120932611,0,42,1,1,True,2,7,0.2857142857142857,,"{""profile_name"": ""complex_d02"", ""map_seed"": 20390621, ""query_seed"": 20391623}"
complex_s03_q0067,n3p_k1,Complex,d20_inf,True,True,0.8108661831356585,913,24.124485906987267,24.124485906987267,0.0,0,0.29272763850462935,0.06729072120932611,0,0,1,0,True,0,0,,,"{""profile_name"": ""complex_d02"", ""map_seed"": 20390621, ""query_seed"": 20391623}"
complex_s03_q0067,voronoi_waypoint,Complex,d20_inf,True,True,1.1450701539870352,378,26.70154045935389,24.124485906987267,0.10682319044238042,4,0.3266155362239529,0.09345900578321431,0,0,0,0,False,,,,,"{""profile_name"": ""complex_d02"", ""map_seed"": 20390621, ""query_seed"": 20391623, ""waypoint_count"": 4}"
complex_s03_q0067,bottleneck_waypoint,Complex,d20_inf,True,True,1.1288556607905775,7,25.14909304547361,24.124485906987267,0.04247166726937723,0,0.26073654011687664,0.0744804611773453,0,0,0,0,False,,,,,"{""profile_name"": ""complex_d02"", ""map_seed"": 20390621, ""query_seed"": 20391623, ""waypoint_count"": 6, ""bottleneck_count"": 6}"
complex_s03_q0067,md_dqn,Complex,d20_inf,False,False,0.267305203480646,512,10.32562500000002,24.124485906987267,,1,0.2547794734394145,0.1587192432264669,0,0,0,0,False,,,,md_dqn_not_reached,"{""profile_name"": ""complex_d02"", ""map_seed"": 20390621, ""query_seed"": 20391623, ""md_dqn_source_dir"": ""/home/ubuntu/DQN10/2_experiment"", ""md_dqn_checkpoint_path"": ""/home/ubuntu/DQN10/2_experiment/ugv_dqn/outputs/2026-05-12_train_load_external_demo_smoke/models/realmap_a/mlp-dqn.pt"", ""md_dqn_algo"": ""mlp-dqn"", ""md_dqn_device"": ""cpu"", ""md_dqn_max_steps"": 600, ""md_dqn_rollout_steps"": 512, ""md_dqn_reached"": false}"
complex_s03_q0068,vanilla_ha,Complex,d08_12,True,True,0.1621875762939453,15,11.25185521636866,,,0,0.06744199713825656,0.10601486951321237,0,0,0,0,False,,,,,"{""profile_name"": ""complex_d02"", ""map_seed"": 20390621, ""query_seed"": 20391624, ""evaluation_path_source"": ""trace_poses"", ""planner_path_pose_count"": 11, ""evaluation_path_pose_count"": 115}"
complex_s03_q0068,f_n3p_knn,Complex,d08_12,True,True,0.17768413806334138,17,11.54637498106201,11.25185521636866,0.02617521813335255,0,0.15303770012889648,0.10601486951321237,0,19,1,0,True,0,0,,,"{""profile_name"": ""complex_d02"", ""map_seed"": 20390621, ""query_seed"": 20391624}"
complex_s03_q0068,n3p_k1,Complex,d08_12,True,True,0.17410501488484442,17,11.54637498106201,11.25185521636866,0.02617521813335255,0,0.15303770012889648,0.10601486951321237,0,0,1,0,True,0,0,,,"{""profile_name"": ""complex_d02"", ""map_seed"": 20390621, ""query_seed"": 20391624}"
complex_s03_q0068,voronoi_waypoint,Complex,d08_12,True,True,0.5166887380182743,15,11.850403317007796,11.25185521636866,0.053195503241847186,0,0.3019871183445862,0.10601486951321237,0,0,0,0,False,,,,,"{""profile_name"": ""complex_d02"", ""map_seed"": 20390621, ""query_seed"": 20391624, ""waypoint_count"": 2}"
complex_s03_q0068,bottleneck_waypoint,Complex,d08_12,True,True,0.36492062406614423,14,11.38172303879537,11.25185521636866,0.011541903084371752,0,0.13590676728330262,0.10601486951321237,0,0,0,0,False,,,,,"{""profile_name"": ""complex_d02"", ""map_seed"": 20390621, ""query_seed"": 20391624, ""waypoint_count"": 1, ""bottleneck_count"": 1}"
complex_s03_q0068,md_dqn,Complex,d08_12,False,False,0.12467870162799954,42,0.15937499999999566,11.25185521636866,,1,0.08018090397326307,0.10362081335940376,0,0,0,0,False,,,,md_dqn_not_reached,"{""profile_name"": ""complex_d02"", ""map_seed"": 20390621, ""query_seed"": 20391624, ""md_dqn_source_dir"": ""/home/ubuntu/DQN10/2_experiment"", ""md_dqn_checkpoint_path"": ""/home/ubuntu/DQN10/2_experiment/ugv_dqn/outputs/2026-05-12_train_load_external_demo_smoke/models/realmap_a/mlp-dqn.pt"", ""md_dqn_algo"": ""mlp-dqn"", ""md_dqn_device"": ""cpu"", ""md_dqn_max_steps"": 600, ""md_dqn_rollout_steps"": 42, ""md_dqn_reached"": false}"
complex_s03_q0069,vanilla_ha,Complex,d12_16,True,True,0.22594618797302246,113,12.824075855776846,,,0,0.07043124375708987,0.05846775164794549,0,0,0,0,False,,,,,"{""profile_name"": ""complex_d02"", ""map_seed"": 20390621, ""query_seed"": 20391625, ""evaluation_path_source"": ""trace_poses"", ""planner_path_pose_count"": 19, ""evaluation_path_pose_count"": 131}"
complex_s03_q0069,f_n3p_knn,Complex,d12_16,True,True,0.026958248810842633,0,13.22781084776785,12.824075855776846,0.03148257983900926,0,0.22203397328996852,0.16040168143422817,0,3,0,0,True,2,3,0.6666666666666666,,"{""profile_name"": ""complex_d02"", ""map_seed"": 20390621, ""query_seed"": 20391625}"
complex_s03_q0069,n3p_k1,Complex,d12_16,True,True,0.1811884508933872,6,13.676791161695668,12.824075855776846,0.06649331425583394,0,0.3048815230819639,0.15353517318286936,0,0,1,0,True,2,2,1.0,,"{""profile_name"": ""complex_d02"", ""map_seed"": 20390621, ""query_seed"": 20391625}"
complex_s03_q0069,voronoi_waypoint,Complex,d12_16,True,True,0.508136142976582,3,14.213202843116676,12.824075855776846,0.108321800569674,0,0.3508743606107525,0.17800177772508308,0,0,0,0,False,,,,,"{""profile_name"": ""complex_d02"", ""map_seed"": 20390621, ""query_seed"": 20391625, ""waypoint_count"": 2}"
complex_s03_q0069,bottleneck_waypoint,Complex,d12_16,True,True,0.660010569030419,4,13.827099508523375,12.824075855776846,0.07821410790351013,0,0.2930165551286963,0.17800177772508263,0,0,0,0,False,,,,,"{""profile_name"": ""complex_d02"", ""map_seed"": 20390621, ""query_seed"": 20391625, ""waypoint_count"": 3, ""bottleneck_count"": 3}"
complex_s03_q0069,md_dqn,Complex,d12_16,False,False,0.1591702178120613,318,1.1643750000000204,12.824075855776846,,2,0.10598238371298521,0.2741950250744587,0,0,0,0,False,,,,md_dqn_not_reached,"{""profile_name"": ""complex_d02"", ""map_seed"": 20390621, ""query_seed"": 20391625, ""md_dqn_source_dir"": ""/home/ubuntu/DQN10/2_experiment"", ""md_dqn_checkpoint_path"": ""/home/ubuntu/DQN10/2_experiment/ugv_dqn/outputs/2026-05-12_train_load_external_demo_smoke/models/realmap_a/mlp-dqn.pt"", ""md_dqn_algo"": ""mlp-dqn"", ""md_dqn_device"": ""cpu"", ""md_dqn_max_steps"": 600, ""md_dqn_rollout_steps"": 318, ""md_dqn_reached"": false}"
complex_s03_q0070,vanilla_ha,Complex,d16_20,True,True,0.5097548961639404,666,19.632034308201327,,,0,0.2241195912593136,0.0639297188510981,0,0,0,0,False,,,,,"{""profile_name"": ""complex_d02"", ""map_seed"": 20390622, ""query_seed"": 20391622, ""evaluation_path_source"": ""trace_poses"", ""planner_path_pose_count"": 42, ""evaluation_path_pose_count"": 199}"
complex_s03_q0070,f_n3p_knn,Complex,d16_20,True,True,0.05394442495889962,0,20.860794662543086,19.632034308201327,0.06258955822160739,0,0.23446984394406867,0.08146982045563034,0,13,0,0,True,2,6,0.3333333333333333,,"{""profile_name"": ""complex_d02"", ""map_seed"": 20390622, ""query_seed"": 20391622}"
complex_s03_q0070,n3p_k1,Complex,d16_20,True,True,0.30966746690683067,175,18.98462255025055,19.632034308201327,-0.03297731390375169,0,0.10763989768401179,0.11162028394082779,0,0,1,0,True,1,1,1.0,,"{""profile_name"": ""complex_d02"", ""map_seed"": 20390622, ""query_seed"": 20391622}"
complex_s03_q0070,voronoi_waypoint,Complex,d16_20,True,True,0.6531121057923883,4,20.621552534260626,19.632034308201327,0.050403244540272896,0,0.1727469763327209,0.1995541412883075,0,0,0,0,False,,,,,"{""profile_name"": ""complex_d02"", ""map_seed"": 20390622, ""query_seed"": 20391622, ""waypoint_count"": 3}"
complex_s03_q0070,bottleneck_waypoint,Complex,d16_20,True,True,0.6581447669304907,4,20.439328360960413,19.632034308201327,0.041121263343648407,0,0.14244603281431376,0.21345927513378704,0,0,0,0,False,,,,,"{""profile_name"": ""complex_d02"", ""map_seed"": 20390622, ""query_seed"": 20391622, ""waypoint_count"": 3, ""bottleneck_count"": 3}"
complex_s03_q0070,md_dqn,Complex,d16_20,False,False,0.17174059012904763,600,2.2368749999999844,19.632034308201327,,0,0.0874940751735007,0.43621175606392604,0,0,0,0,False,,,,md_dqn_not_reached,"{""profile_name"": ""complex_d02"", ""map_seed"": 20390622, ""query_seed"": 20391622, ""md_dqn_source_dir"": ""/home/ubuntu/DQN10/2_experiment"", ""md_dqn_checkpoint_path"": ""/home/ubuntu/DQN10/2_experiment/ugv_dqn/outputs/2026-05-12_train_load_external_demo_smoke/models/realmap_a/mlp-dqn.pt"", ""md_dqn_algo"": ""mlp-dqn"", ""md_dqn_device"": ""cpu"", ""md_dqn_max_steps"": 600, ""md_dqn_rollout_steps"": 600, ""md_dqn_reached"": false}"
complex_s03_q0071,vanilla_ha,Complex,d20_inf,False,False,2.500831127166748,3481,,,,0,,,0,0,0,0,False,,,,timeout,"{""profile_name"": ""complex_d02"", ""map_seed"": 20390622, ""query_seed"": 20391623, ""evaluation_path_source"": ""planner_path"", ""planner_path_pose_count"": 0, ""evaluation_path_pose_count"": 0}"
complex_s03_q0071,f_n3p_knn,Complex,d20_inf,True,True,0.19554066681303084,6,30.986727697419976,,,2,0.1613481074057188,0.07956878916160082,0,21,1,0,True,2,3,0.6666666666666666,,"{""profile_name"": ""complex_d02"", ""map_seed"": 20390622, ""query_seed"": 20391623}"
complex_s03_q0071,n3p_k1,Complex,d20_inf,False,False,3.513881087070331,4958,,,,0,,,0,0,1,1,True,0,0,,f2_failed:prediction:goal_in_collision;goal:timeout;f3_failed:timeout,"{""profile_name"": ""complex_d02"", ""map_seed"": 20390622, ""query_seed"": 20391623}"
complex_s03_q0071,voronoi_waypoint,Complex,d20_inf,True,True,1.1326286939438432,222,29.71867436183099,,,2,0.3360162177932151,0.09870956001452758,0,0,0,0,False,,,,,"{""profile_name"": ""complex_d02"", ""map_seed"": 20390622, ""query_seed"": 20391623, ""waypoint_count"": 5}"
complex_s03_q0071,bottleneck_waypoint,Complex,d20_inf,True,True,0.819209641078487,5,27.252918120883365,,,0,0.22306648601292736,0.2555481739504636,0,0,0,0,False,,,,,"{""profile_name"": ""complex_d02"", ""map_seed"": 20390622, ""query_seed"": 20391623, ""waypoint_count"": 4, ""bottleneck_count"": 4}"
complex_s03_q0071,md_dqn,Complex,d20_inf,False,False,0.16771034966222942,600,1.1250000000000389,,,0,0.8286550898948615,1.1360894839702818,0,0,0,0,False,,,,md_dqn_not_reached,"{""profile_name"": ""complex_d02"", ""map_seed"": 20390622, ""query_seed"": 20391623, ""md_dqn_source_dir"": ""/home/ubuntu/DQN10/2_experiment"", ""md_dqn_checkpoint_path"": ""/home/ubuntu/DQN10/2_experiment/ugv_dqn/outputs/2026-05-12_train_load_external_demo_smoke/models/realmap_a/mlp-dqn.pt"", ""md_dqn_algo"": ""mlp-dqn"", ""md_dqn_device"": ""cpu"", ""md_dqn_max_steps"": 600, ""md_dqn_rollout_steps"": 600, ""md_dqn_reached"": false}"
complex_s03_q0072,vanilla_ha,Complex,d08_12,True,True,0.1811203956604004,37,10.094973205946243,,,0,0.2616389800449849,0.07248671961034814,0,0,0,0,False,,,,,"{""profile_name"": ""complex_d02"", ""map_seed"": 20390622, ""query_seed"": 20391624, ""evaluation_path_source"": ""trace_poses"", ""planner_path_pose_count"": 22, ""evaluation_path_pose_count"": 103}"
complex_s03_q0072,f_n3p_knn,Complex,d08_12,True,True,0.010936109814792871,0,10.969874303128595,10.094973205946243,0.08666700538313554,0,0.16933452425867576,0.1521156881924728,0,0,0,0,False,1,1,1.0,,"{""profile_name"": ""complex_d02"", ""map_seed"": 20390622, ""query_seed"": 20391624}"
complex_s03_q0072,n3p_k1,Complex,d08_12,True,True,0.009273414965718985,0,10.969874303128595,10.094973205946243,0.08666700538313554,0,0.16933452425867576,0.1521156881924728,0,0,0,0,False,1,1,1.0,,"{""profile_name"": ""complex_d02"", ""map_seed"": 20390622, ""query_seed"": 20391624}"
complex_s03_q0072,voronoi_waypoint,Complex,d08_12,True,True,0.35224263300187886,2,11.899782323638407,10.094973205946243,0.17878295275009526,0,0.24226143565394057,0.1521156881924728,0,0,0,0,False,,,,,"{""profile_name"": ""complex_d02"", ""map_seed"": 20390622, ""query_seed"": 20391624, ""waypoint_count"": 1}"
complex_s03_q0072,bottleneck_waypoint,Complex,d08_12,True,True,0.3543493840843439,2,10.070055455251138,10.094973205946243,-0.0024683325241940945,0,0.12869046895805183,0.12339899443495272,0,0,0,0,False,,,,,"{""profile_name"": ""complex_d02"", ""map_seed"": 20390622, ""query_seed"": 20391624, ""waypoint_count"": 1, ""bottleneck_count"": 1}"
complex_s03_q0072,md_dqn,Complex,d08_12,False,False,0.169394557364285,600,1.1249999999999667,10.094973205946243,,0,0.8286550898949367,0.6815437278089838,0,0,0,0,False,,,,md_dqn_not_reached,"{""profile_name"": ""complex_d02"", ""map_seed"": 20390622, ""query_seed"": 20391624, ""md_dqn_source_dir"": ""/home/ubuntu/DQN10/2_experiment"", ""md_dqn_checkpoint_path"": ""/home/ubuntu/DQN10/2_experiment/ugv_dqn/outputs/2026-05-12_train_load_external_demo_smoke/models/realmap_a/mlp-dqn.pt"", ""md_dqn_algo"": ""mlp-dqn"", ""md_dqn_device"": ""cpu"", ""md_dqn_max_steps"": 600, ""md_dqn_rollout_steps"": 600, ""md_dqn_reached"": false}"
complex_s03_q0073,vanilla_ha,Complex,d12_16,True,True,0.4038074016571045,393,15.466297766030387,,,0,0.1728425700867743,0.09637859109633395,0,0,0,0,False,,,,,"{""profile_name"": ""complex_d02"", ""map_seed"": 20390622, ""query_seed"": 20391625, ""evaluation_path_source"": ""trace_poses"", ""planner_path_pose_count"": 15, ""evaluation_path_pose_count"": 157}"
complex_s03_q0073,f_n3p_knn,Complex,d12_16,True,True,0.0291839181445539,0,16.067943610344194,15.466297766030387,0.03890044362363443,4,0.22341826888418445,0.06403917698542716,0,23,0,0,True,1,3,0.3333333333333333,,"{""profile_name"": ""complex_d02"", ""map_seed"": 20390622, ""query_seed"": 20391625}"
complex_s03_q0073,n3p_k1,Complex,d12_16,True,True,0.41112034395337105,393,15.466297766030387,15.466297766030387,0.0,0,0.1728425700867743,0.09637859109633395,0,0,1,0,True,0,0,,,"{""profile_name"": ""complex_d02"", ""map_seed"": 20390622, ""query_seed"": 20391625}"
complex_s03_q0073,voronoi_waypoint,Complex,d12_16,True,True,0.5420264871791005,33,15.342023503922649,15.466297766030387,-0.008035165492590535,0,0.23428702076365426,0.06268175655190034,0,0,0,0,False,,,,,"{""profile_name"": ""complex_d02"", ""map_seed"": 20390622, ""query_seed"": 20391625, ""waypoint_count"": 2}"
complex_s03_q0073,bottleneck_waypoint,Complex,d12_16,True,True,0.36188607895746827,7,15.621778183992589,15.466297766030387,0.010052853004271833,0,0.17586709253800117,0.05728928003297873,0,0,0,0,False,,,,,"{""profile_name"": ""complex_d02"", ""map_seed"": 20390622, ""query_seed"": 20391625, ""waypoint_count"": 1, ""bottleneck_count"": 1}"
complex_s03_q0073,md_dqn,Complex,d12_16,False,False,0.16859605885110795,600,1.1250000000003755,15.466297766030387,,0,0.0,0.990758921139518,0,0,0,0,False,,,,md_dqn_not_reached,"{""profile_name"": ""complex_d02"", ""map_seed"": 20390622, ""query_seed"": 20391625, ""md_dqn_source_dir"": ""/home/ubuntu/DQN10/2_experiment"", ""md_dqn_checkpoint_path"": ""/home/ubuntu/DQN10/2_experiment/ugv_dqn/outputs/2026-05-12_train_load_external_demo_smoke/models/realmap_a/mlp-dqn.pt"", ""md_dqn_algo"": ""mlp-dqn"", ""md_dqn_device"": ""cpu"", ""md_dqn_max_steps"": 600, ""md_dqn_rollout_steps"": 600, ""md_dqn_reached"": false}"
complex_s03_q0074,vanilla_ha,Complex,d16_20,True,True,1.4900157451629639,2181,20.375402227337673,,,0,0.1744244305090822,0.07544001569278957,0,0,0,0,False,,,,,"{""profile_name"": ""complex_d02"", ""map_seed"": 20390622, ""query_seed"": 20391626, ""evaluation_path_source"": ""trace_poses"", ""planner_path_pose_count"": 50, ""evaluation_path_pose_count"": 206}"
complex_s03_q0074,f_n3p_knn,Complex,d16_20,True,True,0.012661519926041365,0,19.50418266880332,20.375402227337673,-0.042758398033754585,0,0.02879541788084383,0.12839165958619736,0,19,0,0,True,0,1,0.0,,"{""profile_name"": ""complex_d02"", ""map_seed"": 20390622, ""query_seed"": 20391626}"
complex_s03_q0074,n3p_k1,Complex,d16_20,True,True,0.33374050608836114,55,20.292347761780576,20.375402227337673,-0.004076212318678274,0,0.18433975654903204,0.11839093724269778,0,0,2,0,True,0,0,,,"{""profile_name"": ""complex_d02"", ""map_seed"": 20390622, ""query_seed"": 20391626}"
complex_s03_q0074,voronoi_waypoint,Complex,d16_20,True,True,0.6234051119536161,4,21.733137190723667,20.375402227337673,0.06663598334094822,2,0.2421543349750579,0.4305023375812834,0,0,0,0,False,,,,,"{""profile_name"": ""complex_d02"", ""map_seed"": 20390622, ""query_seed"": 20391626, ""waypoint_count"": 3}"
complex_s03_q0074,bottleneck_waypoint,Complex,d16_20,True,True,0.7698572580702603,5,20.829546250559588,20.375402227337673,0.022288837204528456,0,0.270754059188149,0.54373107025263,0,0,0,0,False,,,,,"{""profile_name"": ""complex_d02"", ""map_seed"": 20390622, ""query_seed"": 20391626, ""waypoint_count"": 4, ""bottleneck_count"": 4}"
complex_s03_q0074,md_dqn,Complex,d16_20,False,False,0.6605774394702166,586,1.1474999999998368,20.375402227337673,,1,0.04353229796714749,0.45608875956356787,0,0,0,0,False,,,,md_dqn_not_reached,"{""profile_name"": ""complex_d02"", ""map_seed"": 20390622, ""query_seed"": 20391626, ""md_dqn_source_dir"": ""/home/ubuntu/DQN10/2_experiment"", ""md_dqn_checkpoint_path"": ""/home/ubuntu/DQN10/2_experiment/ugv_dqn/outputs/2026-05-12_train_load_external_demo_smoke/models/realmap_a/mlp-dqn.pt"", ""md_dqn_algo"": ""mlp-dqn"", ""md_dqn_device"": ""cpu"", ""md_dqn_max_steps"": 600, ""md_dqn_rollout_steps"": 586, ""md_dqn_reached"": false}"
complex_s03_q0075,vanilla_ha,Complex,d20_inf,True,True,0.6064867973327637,619,21.609026866123124,,,0,0.08722712505034132,0.07284694336807473,0,0,0,0,False,,,,,"{""profile_name"": ""complex_d02"", ""map_seed"": 20390623, ""query_seed"": 20391623, ""evaluation_path_source"": ""trace_poses"", ""planner_path_pose_count"": 49, ""evaluation_path_pose_count"": 218}"
complex_s03_q0075,f_n3p_knn,Complex,d20_inf,True,True,0.18605687585659325,4,22.49304330132968,21.609026866123124,0.040909590269076146,0,0.13905586779280882,0.08614292697944925,0,26,1,0,True,1,2,0.5,,"{""profile_name"": ""complex_d02"", ""map_seed"": 20390623, ""query_seed"": 20391623}"
complex_s03_q0075,n3p_k1,Complex,d20_inf,True,True,0.4002291678916663,86,21.589719067308145,21.609026866123124,-0.0008935061691855983,0,0.062376005951699245,0.08346098503686183,0,0,2,0,True,1,1,1.0,,"{""profile_name"": ""complex_d02"", ""map_seed"": 20390623, ""query_seed"": 20391623}"
complex_s03_q0075,voronoi_waypoint,Complex,d20_inf,True,True,0.8144180811941624,8,23.524971823523643,21.609026866123124,0.08866410177888118,0,0.32557428657954307,0.23071534750921974,0,0,0,0,False,,,,,"{""profile_name"": ""complex_d02"", ""map_seed"": 20390623, ""query_seed"": 20391623, ""waypoint_count"": 4}"
complex_s03_q0075,bottleneck_waypoint,Complex,d20_inf,True,True,0.8129608649760485,5,23.12132646233192,21.609026866123124,0.0699846228883012,0,0.26565685659939386,0.15745914783485626,0,0,0,0,False,,,,,"{""profile_name"": ""complex_d02"", ""map_seed"": 20390623, ""query_seed"": 20391623, ""waypoint_count"": 4, ""bottleneck_count"": 4}"
complex_s03_q0075,md_dqn,Complex,d20_inf,False,False,0.3849503842648119,600,1.1250000000004818,21.609026866123124,,0,0.0,1.463962766405034,0,0,0,0,False,,,,md_dqn_not_reached,"{""profile_name"": ""complex_d02"", ""map_seed"": 20390623, ""query_seed"": 20391623, ""md_dqn_source_dir"": ""/home/ubuntu/DQN10/2_experiment"", ""md_dqn_checkpoint_path"": ""/home/ubuntu/DQN10/2_experiment/ugv_dqn/outputs/2026-05-12_train_load_external_demo_smoke/models/realmap_a/mlp-dqn.pt"", ""md_dqn_algo"": ""mlp-dqn"", ""md_dqn_device"": ""cpu"", ""md_dqn_max_steps"": 600, ""md_dqn_rollout_steps"": 600, ""md_dqn_reached"": false}"
complex_s03_q0076,vanilla_ha,Complex,d08_12,True,True,0.6752049922943115,559,8.944786013737897,,,0,0.3545419409632316,0.07900526684028863,0,0,0,0,False,,,,,"{""profile_name"": ""complex_d02"", ""map_seed"": 20390623, ""query_seed"": 20391624, ""evaluation_path_source"": ""trace_poses"", ""planner_path_pose_count"": 25, ""evaluation_path_pose_count"": 92}"
complex_s03_q0076,f_n3p_knn,Complex,d08_12,True,True,0.02363400300964713,0,9.838580265770277,8.944786013737897,0.09992349181519167,3,0.4064552630901707,0.0834185299591238,0,0,0,0,False,3,3,1.0,,"{""profile_name"": ""complex_d02"", ""map_seed"": 20390623, ""query_seed"": 20391624}"
complex_s03_q0076,n3p_k1,Complex,d08_12,True,True,0.019335741875693202,0,9.838580265770277,8.944786013737897,0.09992349181519167,3,0.4064552630901707,0.0834185299591238,0,0,0,0,False,3,3,1.0,,"{""profile_name"": ""complex_d02"", ""map_seed"": 20390623, ""query_seed"": 20391624}"
complex_s03_q0076,voronoi_waypoint,Complex,d08_12,True,True,0.3586729490198195,12,8.739755493040775,8.944786013737897,-0.02292179157581009,0,0.19692025136098384,0.08830350513544705,0,0,0,0,False,,,,,"{""profile_name"": ""complex_d02"", ""map_seed"": 20390623, ""query_seed"": 20391624, ""waypoint_count"": 1}"
complex_s03_q0076,bottleneck_waypoint,Complex,d08_12,True,True,0.382676281966269,44,10.12814624785765,8.944786013737897,0.13229609208116133,1,0.42500222804391835,0.07195463269387681,0,0,0,0,False,,,,,"{""profile_name"": ""complex_d02"", ""map_seed"": 20390623, ""query_seed"": 20391624, ""waypoint_count"": 1, ""bottleneck_count"": 1}"
complex_s03_q0076,md_dqn,Complex,d08_12,False,False,0.5409005000256002,239,12.575624999999993,8.944786013737897,,1,0.28256012976763234,0.09783695750920274,0,0,0,0,False,,,,md_dqn_not_reached,"{""profile_name"": ""complex_d02"", ""map_seed"": 20390623, ""query_seed"": 20391624, ""md_dqn_source_dir"": ""/home/ubuntu/DQN10/2_experiment"", ""md_dqn_checkpoint_path"": ""/home/ubuntu/DQN10/2_experiment/ugv_dqn/outputs/2026-05-12_train_load_external_demo_smoke/models/realmap_a/mlp-dqn.pt"", ""md_dqn_algo"": ""mlp-dqn"", ""md_dqn_device"": ""cpu"", ""md_dqn_max_steps"": 600, ""md_dqn_rollout_steps"": 239, ""md_dqn_reached"": false}"
complex_s03_q0077,vanilla_ha,Complex,d12_16,True,True,0.4954524040222168,571,12.497281114794621,,,0,0.21604063260444945,0.09168390601772292,0,0,0,0,False,,,,,"{""profile_name"": ""complex_d02"", ""map_seed"": 20390623, ""query_seed"": 20391625, ""evaluation_path_source"": ""trace_poses"", ""planner_path_pose_count"": 25, ""evaluation_path_pose_count"": 128}"
complex_s03_q0077,f_n3p_knn,Complex,d12_16,True,True,0.2490448970347643,65,15.343383531325795,12.497281114794621,0.22773772874180453,2,0.29511564130030704,0.0758933044872121,0,23,1,0,True,0,2,0.0,,"{""profile_name"": ""complex_d02"", ""map_seed"": 20390623, ""query_seed"": 20391625}"
complex_s03_q0077,n3p_k1,Complex,d12_16,True,True,0.3612771260086447,54,13.229480606908607,12.497281114794621,0.05858870304575192,0,0.3745367031860115,0.07817834837898618,0,0,2,0,True,0,0,,,"{""profile_name"": ""complex_d02"", ""map_seed"": 20390623, ""query_seed"": 20391625}"
complex_s03_q0077,voronoi_waypoint,Complex,d12_16,True,True,0.4979895211290568,3,13.636288093297619,12.497281114794621,0.0911403822992034,0,0.24453965076755244,0.10509804720566762,0,0,0,0,False,,,,,"{""profile_name"": ""complex_d02"", ""map_seed"": 20390623, ""query_seed"": 20391625, ""waypoint_count"": 2}"
complex_s03_q0077,bottleneck_waypoint,Complex,d12_16,True,True,0.3591933501884341,14,13.190030275729029,12.497281114794621,0.05543198993213916,0,0.1734678273657545,0.12195190033368652,0,0,0,0,False,,,,,"{""profile_name"": ""complex_d02"", ""map_seed"": 20390623, ""query_seed"": 20391625, ""waypoint_count"": 1, ""bottleneck_count"": 1}"
complex_s03_q0077,md_dqn,Complex,d12_16,False,False,0.4843937524128705,242,0.5231249999999696,12.497281114794621,,1,0.03949793105300686,0.38896229638399615,0,0,0,0,False,,,,md_dqn_not_reached,"{""profile_name"": ""complex_d02"", ""map_seed"": 20390623, ""query_seed"": 20391625, ""md_dqn_source_dir"": ""/home/ubuntu/DQN10/2_experiment"", ""md_dqn_checkpoint_path"": ""/home/ubuntu/DQN10/2_experiment/ugv_dqn/outputs/2026-05-12_train_load_external_demo_smoke/models/realmap_a/mlp-dqn.pt"", ""md_dqn_algo"": ""mlp-dqn"", ""md_dqn_device"": ""cpu"", ""md_dqn_max_steps"": 600, ""md_dqn_rollout_steps"": 242, ""md_dqn_reached"": false}"
complex_s03_q0078,vanilla_ha,Complex,d16_20,True,True,1.575920581817627,2467,19.90558070690083,,,0,0.17457373317398936,0.05692110673245265,0,0,0,0,False,,,,,"{""profile_name"": ""complex_d02"", ""map_seed"": 20390623, ""query_seed"": 20391626, ""evaluation_path_source"": ""trace_poses"", ""planner_path_pose_count"": 44, ""evaluation_path_pose_count"": 202}"
complex_s03_q0078,f_n3p_knn,Complex,d16_20,True,True,0.19087713700719178,11,19.964907503220264,19.90558070690083,0.0029804102273121025,0,0.13046454643034058,0.10012224999025654,0,29,1,0,True,1,2,0.5,,"{""profile_name"": ""complex_d02"", ""map_seed"": 20390623, ""query_seed"": 20391626}"
complex_s03_q0078,n3p_k1,Complex,d16_20,True,True,0.5315412620548159,230,19.992179334088252,19.90558070690083,0.004350469773403809,0,0.16005282810517385,0.12512275412783236,0,0,2,0,True,0,0,,,"{""profile_name"": ""complex_d02"", ""map_seed"": 20390623, ""query_seed"": 20391626}"
complex_s03_q0078,voronoi_waypoint,Complex,d16_20,True,True,0.659398582065478,4,21.802427473415737,19.90558070690083,0.09529220947858663,0,0.19856545263349887,0.3371690613123217,0,0,0,0,False,,,,,"{""profile_name"": ""complex_d02"", ""map_seed"": 20390623, ""query_seed"": 20391626, ""waypoint_count"": 3}"
complex_s03_q0078,bottleneck_waypoint,Complex,d16_20,True,True,0.6570263770408928,4,20.38362997940211,19.90558070690083,0.024015841564247742,0,0.10113231194192114,0.3373774296628862,0,0,0,0,False,,,,,"{""profile_name"": ""complex_d02"", ""map_seed"": 20390623, ""query_seed"": 20391626, ""waypoint_count"": 3, ""bottleneck_count"": 3}"
complex_s03_q0078,md_dqn,Complex,d16_20,False,False,0.825463738758117,470,24.19687500000006,19.90558070690083,,1,0.2692552000021079,0.11054809264202292,0,0,0,0,False,,,,md_dqn_not_reached,"{""profile_name"": ""complex_d02"", ""map_seed"": 20390623, ""query_seed"": 20391626, ""md_dqn_source_dir"": ""/home/ubuntu/DQN10/2_experiment"", ""md_dqn_checkpoint_path"": ""/home/ubuntu/DQN10/2_experiment/ugv_dqn/outputs/2026-05-12_train_load_external_demo_smoke/models/realmap_a/mlp-dqn.pt"", ""md_dqn_algo"": ""mlp-dqn"", ""md_dqn_device"": ""cpu"", ""md_dqn_max_steps"": 600, ""md_dqn_rollout_steps"": 470, ""md_dqn_reached"": false}"
complex_s03_q0079,vanilla_ha,Complex,d20_inf,True,True,0.7198522090911865,891,28.635637691857948,,,0,0.28851824005441046,0.07792345961278646,0,0,0,0,False,,,,,"{""profile_name"": ""complex_d02"", ""map_seed"": 20390623, ""query_seed"": 20391627, ""evaluation_path_source"": ""trace_poses"", ""planner_path_pose_count"": 80, ""evaluation_path_pose_count"": 289}"
complex_s03_q0079,f_n3p_knn,Complex,d20_inf,True,True,0.02855744305998087,0,28.898296663243826,28.635637691857948,0.00917245057408178,0,0.06724742544359322,0.08593942205080607,0,4,0,0,True,2,3,0.6666666666666666,,"{""profile_name"": ""complex_d02"", ""map_seed"": 20390623, ""query_seed"": 20391627}"
complex_s03_q0079,n3p_k1,Complex,d20_inf,True,True,1.605555857066065,2183,28.635637691857948,28.635637691857948,0.0,0,0.28851824005441046,0.07792345961278646,0,0,1,1,True,1,1,1.0,,"{""profile_name"": ""complex_d02"", ""map_seed"": 20390623, ""query_seed"": 20391627}"
complex_s03_q0079,voronoi_waypoint,Complex,d20_inf,True,True,0.8994582530576736,6,29.807593826993266,28.635637691857948,0.04092648984270886,0,0.1795387830244404,0.25092882883921885,0,0,0,0,False,,,,,"{""profile_name"": ""complex_d02"", ""map_seed"": 20390623, ""query_seed"": 20391627, ""waypoint_count"": 5}"
complex_s03_q0079,bottleneck_waypoint,Complex,d20_inf,True,True,0.9034186489880085,6,29.531323224786867,28.635637691857948,0.03127870042801928,0,0.14515376959363022,0.2509288288392195,0,0,0,0,False,,,,,"{""profile_name"": ""complex_d02"", ""map_seed"": 20390623, ""query_seed"": 20391627, ""waypoint_count"": 5, ""bottleneck_count"": 5}"
complex_s03_q0079,md_dqn,Complex,d20_inf,False,False,0.3958797745872289,600,1.1250000000000162,28.635637691857948,,0,0.8385645564237136,1.532996576833866,0,0,0,0,False,,,,md_dqn_not_reached,"{""profile_name"": ""complex_d02"", ""map_seed"": 20390623, ""query_seed"": 20391627, ""md_dqn_source_dir"": ""/home/ubuntu/DQN10/2_experiment"", ""md_dqn_checkpoint_path"": ""/home/ubuntu/DQN10/2_experiment/ugv_dqn/outputs/2026-05-12_train_load_external_demo_smoke/models/realmap_a/mlp-dqn.pt"", ""md_dqn_algo"": ""mlp-dqn"", ""md_dqn_device"": ""cpu"", ""md_dqn_max_steps"": 600, ""md_dqn_rollout_steps"": 600, ""md_dqn_reached"": false}"
complex_s04_q0080,vanilla_ha,Complex,d08_12,True,True,0.21202659606933594,92,9.870556980103771,,,1,0.17891140160757718,0.08509851526739176,0,0,0,0,False,,,,,"{""profile_name"": ""complex_d02"", ""map_seed"": 20400620, ""query_seed"": 20401620, ""evaluation_path_source"": ""trace_poses"", ""planner_path_pose_count"": 8, ""evaluation_path_pose_count"": 101}"
complex_s04_q0080,f_n3p_knn,Complex,d08_12,True,True,0.009229747112840414,0,9.792816782304085,9.870556980103771,-0.007875968697246605,1,0.2187086015679963,0.13133713202951558,0,3,0,0,True,0,1,0.0,,"{""profile_name"": ""complex_d02"", ""map_seed"": 20400620, ""query_seed"": 20401620}"
complex_s04_q0080,n3p_k1,Complex,d08_12,True,True,0.16516158496960998,7,10.833487783652977,9.870556980103771,0.0975558730363646,1,0.20670782318601308,0.10457897976690977,0,0,1,0,True,0,0,,,"{""profile_name"": ""complex_d02"", ""map_seed"": 20400620, ""query_seed"": 20401620}"
complex_s04_q0080,voronoi_waypoint,Complex,d08_12,True,True,0.5129084528889507,11,13.321586146391809,9.870556980103771,0.34962861500565046,2,0.3550364975437668,0.07655665649470389,0,0,0,0,False,,,,,"{""profile_name"": ""complex_d02"", ""map_seed"": 20400620, ""query_seed"": 20401620, ""waypoint_count"": 2}"
complex_s04_q0080,bottleneck_waypoint,Complex,d08_12,True,True,0.3643780059646815,17,11.913963172934489,9.870556980103771,0.2070203532535846,1,0.25370990441485025,0.13281082085865525,0,0,0,0,False,,,,,"{""profile_name"": ""complex_d02"", ""map_seed"": 20400620, ""query_seed"": 20401620, ""waypoint_count"": 1, ""bottleneck_count"": 1}"
complex_s04_q0080,md_dqn,Complex,d08_12,False,False,0.001963624032214284,1,0.003750000000000142,9.870556980103771,,0,0.08734630124014729,0.13281082085865525,0,0,0,0,False,,,,md_dqn_not_reached,"{""profile_name"": ""complex_d02"", ""map_seed"": 20400620, ""query_seed"": 20401620, ""md_dqn_source_dir"": ""/home/ubuntu/DQN10/2_experiment"", ""md_dqn_checkpoint_path"": ""/home/ubuntu/DQN10/2_experiment/ugv_dqn/outputs/2026-05-12_train_load_external_demo_smoke/models/realmap_a/mlp-dqn.pt"", ""md_dqn_algo"": ""mlp-dqn"", ""md_dqn_device"": ""cpu"", ""md_dqn_max_steps"": 600, ""md_dqn_rollout_steps"": 1, ""md_dqn_reached"": false}"
complex_s04_q0081,vanilla_ha,Complex,d12_16,True,True,0.17713379859924316,25,14.461843502572176,,,0,0.12122101695614994,0.05331154867635124,0,0,0,0,False,,,,,"{""profile_name"": ""complex_d02"", ""map_seed"": 20400620, ""query_seed"": 20401621, ""evaluation_path_source"": ""trace_poses"", ""planner_path_pose_count"": 15, ""evaluation_path_pose_count"": 147}"
complex_s04_q0081,f_n3p_knn,Complex,d12_16,True,True,0.01071481010876596,0,14.02999836995505,14.461843502572176,-0.029861001644798435,0,0.03351563385485949,0.05331154867635157,0,0,0,0,False,1,1,1.0,,"{""profile_name"": ""complex_d02"", ""map_seed"": 20400620, ""query_seed"": 20401621}"
complex_s04_q0081,n3p_k1,Complex,d12_16,True,True,0.009527680929750204,0,14.02999836995505,14.461843502572176,-0.029861001644798435,0,0.03351563385485949,0.05331154867635157,0,0,0,0,False,1,1,1.0,,"{""profile_name"": ""complex_d02"", ""map_seed"": 20400620, ""query_seed"": 20401621}"
complex_s04_q0081,voronoi_waypoint,Complex,d12_16,True,True,0.49951330898329616,3,14.70911770160623,14.461843502572176,0.017098387144769855,0,0.13389226956774725,0.053311548676351905,0,0,0,0,False,,,,,"{""profile_name"": ""complex_d02"", ""map_seed"": 20400620, ""query_seed"": 20401621, ""waypoint_count"": 2}"
complex_s04_q0081,bottleneck_waypoint,Complex,d12_16,True,True,0.5006470649968833,3,14.227783443654133,14.461843502572176,-0.016184662686773876,0,0.11195061679341985,0.05331154867635235,0,0,0,0,False,,,,,"{""profile_name"": ""complex_d02"", ""map_seed"": 20400620, ""query_seed"": 20401621, ""waypoint_count"": 2, ""bottleneck_count"": 2}"
complex_s04_q0081,md_dqn,Complex,d12_16,False,False,0.40234497329220176,600,1.1249999999999891,14.461843502572176,,0,0.8286550898948987,0.37796161079697765,0,0,0,0,False,,,,md_dqn_not_reached,"{""profile_name"": ""complex_d02"", ""map_seed"": 20400620, ""query_seed"": 20401621, ""md_dqn_source_dir"": ""/home/ubuntu/DQN10/2_experiment"", ""md_dqn_checkpoint_path"": ""/home/ubuntu/DQN10/2_experiment/ugv_dqn/outputs/2026-05-12_train_load_external_demo_smoke/models/realmap_a/mlp-dqn.pt"", ""md_dqn_algo"": ""mlp-dqn"", ""md_dqn_device"": ""cpu"", ""md_dqn_max_steps"": 600, ""md_dqn_rollout_steps"": 600, ""md_dqn_reached"": false}"
complex_s04_q0082,vanilla_ha,Complex,d16_20,True,True,0.2126331329345703,99,17.454836015408112,,,0,0.1917508020139008,0.06185678230092395,0,0,0,0,False,,,,,"{""profile_name"": ""complex_d02"", ""map_seed"": 20400620, ""query_seed"": 20401622, ""evaluation_path_source"": ""trace_poses"", ""planner_path_pose_count"": 34, ""evaluation_path_pose_count"": 176}"
complex_s04_q0082,f_n3p_knn,Complex,d16_20,True,True,0.020412698155269027,0,17.091924519771336,17.454836015408112,-0.020791458328019763,0,0.034472007306087606,0.08312451221040162,0,7,0,0,True,0,2,0.0,,"{""profile_name"": ""complex_d02"", ""map_seed"": 20400620, ""query_seed"": 20401622}"
complex_s04_q0082,n3p_k1,Complex,d16_20,True,True,0.2234492350835353,99,17.454836015408112,17.454836015408112,0.0,0,0.1917508020139008,0.06185678230092395,0,0,1,0,True,0,0,,,"{""profile_name"": ""complex_d02"", ""map_seed"": 20400620, ""query_seed"": 20401622}"
complex_s04_q0082,voronoi_waypoint,Complex,d16_20,True,True,0.9446696538943797,330,17.997492930959265,17.454836015408112,0.0310892015870059,0,0.2707653959688219,0.0639470703629893,0,0,0,0,False,,,,,"{""profile_name"": ""complex_d02"", ""map_seed"": 20400620, ""query_seed"": 20401622, ""waypoint_count"": 3}"
complex_s04_q0082,bottleneck_waypoint,Complex,d16_20,True,True,0.8105581051204354,5,18.244356493942195,17.454836015408112,0.04523219111523824,0,0.24028184941928044,0.23361253365441148,0,0,0,0,False,,,,,"{""profile_name"": ""complex_d02"", ""map_seed"": 20400620, ""query_seed"": 20401622, ""waypoint_count"": 4, ""bottleneck_count"": 4}"
complex_s04_q0082,md_dqn,Complex,d16_20,False,False,0.7937885918654501,555,1.1043750000000154,17.454836015408112,,1,0.8275145490725698,0.4889223783514165,0,0,0,0,False,,,,md_dqn_not_reached,"{""profile_name"": ""complex_d02"", ""map_seed"": 20400620, ""query_seed"": 20401622, ""md_dqn_source_dir"": ""/home/ubuntu/DQN10/2_experiment"", ""md_dqn_checkpoint_path"": ""/home/ubuntu/DQN10/2_experiment/ugv_dqn/outputs/2026-05-12_train_load_external_demo_smoke/models/realmap_a/mlp-dqn.pt"", ""md_dqn_algo"": ""mlp-dqn"", ""md_dqn_device"": ""cpu"", ""md_dqn_max_steps"": 600, ""md_dqn_rollout_steps"": 555, ""md_dqn_reached"": false}"
complex_s04_q0083,vanilla_ha,Complex,d20_inf,False,False,2.505932331085205,2921,,,,0,,,0,0,0,0,False,,,,timeout,"{""profile_name"": ""complex_d02"", ""map_seed"": 20400620, ""query_seed"": 20401623, ""evaluation_path_source"": ""planner_path"", ""planner_path_pose_count"": 0, ""evaluation_path_pose_count"": 0}"
complex_s04_q0083,f_n3p_knn,Complex,d20_inf,True,True,0.028852490009739995,0,27.17354888451218,,,0,0.12336734456980525,0.11453628683470918,0,6,0,0,True,1,3,0.3333333333333333,,"{""profile_name"": ""complex_d02"", ""map_seed"": 20400620, ""query_seed"": 20401623}"
complex_s04_q0083,n3p_k1,Complex,d20_inf,True,True,0.43154841917566955,289,24.31861037027587,,,0,0.18906115640818102,0.0830859085052773,0,0,1,0,True,2,2,1.0,,"{""profile_name"": ""complex_d02"", ""map_seed"": 20400620, ""query_seed"": 20401623}"
complex_s04_q0083,voronoi_waypoint,Complex,d20_inf,True,True,0.8177279068622738,5,24.92559309523306,,,0,0.2656452730215719,0.1894111544883611,0,0,0,0,False,,,,,"{""profile_name"": ""complex_d02"", ""map_seed"": 20400620, ""query_seed"": 20401623, ""waypoint_count"": 4}"
complex_s04_q0083,bottleneck_waypoint,Complex,d20_inf,True,True,0.8166827070526779,5,24.53831948545746,,,0,0.31817489114961106,0.1894111544883611,0,0,0,0,False,,,,,"{""profile_name"": ""complex_d02"", ""map_seed"": 20400620, ""query_seed"": 20401623, ""waypoint_count"": 4, ""bottleneck_count"": 4}"
complex_s04_q0083,md_dqn,Complex,d20_inf,False,False,0.4050545347854495,600,1.1250000000004434,,,0,0.0,0.1894111544883611,0,0,0,0,False,,,,md_dqn_not_reached,"{""profile_name"": ""complex_d02"", ""map_seed"": 20400620, ""query_seed"": 20401623, ""md_dqn_source_dir"": ""/home/ubuntu/DQN10/2_experiment"", ""md_dqn_checkpoint_path"": ""/home/ubuntu/DQN10/2_experiment/ugv_dqn/outputs/2026-05-12_train_load_external_demo_smoke/models/realmap_a/mlp-dqn.pt"", ""md_dqn_algo"": ""mlp-dqn"", ""md_dqn_device"": ""cpu"", ""md_dqn_max_steps"": 600, ""md_dqn_rollout_steps"": 600, ""md_dqn_reached"": false}"
complex_s04_q0084,vanilla_ha,Complex,d08_12,True,True,0.15217375755310059,1,8.102468759581859,,,0,0.0,1.1381169648869505,0,0,0,0,False,,,,,"{""profile_name"": ""complex_d02"", ""map_seed"": 20400620, ""query_seed"": 20401624, ""evaluation_path_source"": ""trace_poses"", ""planner_path_pose_count"": 2, ""evaluation_path_pose_count"": 83}"
complex_s04_q0084,f_n3p_knn,Complex,d08_12,True,True,0.0004019599873572588,0,8.10246875958186,8.102468759581859,2.220446049250313e-16,0,2.7404561685281973e-17,1.1381169648869518,0,0,0,0,False,0,0,,,"{""profile_name"": ""complex_d02"", ""map_seed"": 20400620, ""query_seed"": 20401624}"
complex_s04_q0084,n3p_k1,Complex,d08_12,True,True,0.0004072878509759903,0,8.10246875958186,8.102468759581859,2.220446049250313e-16,0,2.7404561685281973e-17,1.1381169648869518,0,0,0,0,False,0,0,,,"{""profile_name"": ""complex_d02"", ""map_seed"": 20400620, ""query_seed"": 20401624}"
complex_s04_q0084,voronoi_waypoint,Complex,d08_12,True,True,0.3328177840448916,2,8.146593281454049,8.102468759581859,0.005445812033524788,0,0.12395481147568387,1.1395503340501945,0,0,0,0,False,,,,,"{""profile_name"": ""complex_d02"", ""map_seed"": 20400620, ""query_seed"": 20401624, ""waypoint_count"": 1}"
complex_s04_q0084,bottleneck_waypoint,Complex,d08_12,True,True,0.3324834310915321,2,8.108538463107212,8.102468759581859,0.0007491177942742233,0,0.048335787193651045,1.1339118839075213,0,0,0,0,False,,,,,"{""profile_name"": ""complex_d02"", ""map_seed"": 20400620, ""query_seed"": 20401624, ""waypoint_count"": 1, ""bottleneck_count"": 1}"
complex_s04_q0084,md_dqn,Complex,d08_12,False,False,0.36561186192557216,600,1.1249999999998084,8.102468759581859,,0,0.0,1.5170541706828888,0,0,0,0,False,,,,md_dqn_not_reached,"{""profile_name"": ""complex_d02"", ""map_seed"": 20400620, ""query_seed"": 20401624, ""md_dqn_source_dir"": ""/home/ubuntu/DQN10/2_experiment"", ""md_dqn_checkpoint_path"": ""/home/ubuntu/DQN10/2_experiment/ugv_dqn/outputs/2026-05-12_train_load_external_demo_smoke/models/realmap_a/mlp-dqn.pt"", ""md_dqn_algo"": ""mlp-dqn"", ""md_dqn_device"": ""cpu"", ""md_dqn_max_steps"": 600, ""md_dqn_rollout_steps"": 600, ""md_dqn_reached"": false}"
complex_s04_q0085,vanilla_ha,Complex,d12_16,True,True,0.25851917266845703,185,15.27623753948386,,,0,0.1911461915835991,0.07515753237550549,0,0,0,0,False,,,,,"{""profile_name"": ""complex_d02"", ""map_seed"": 20400621, ""query_seed"": 20401621, ""evaluation_path_source"": ""trace_poses"", ""planner_path_pose_count"": 19, ""evaluation_path_pose_count"": 155}"
complex_s04_q0085,f_n3p_knn,Complex,d12_16,True,True,0.19947346090339124,49,15.225980983736365,15.27623753948386,-0.0032898516809259926,0,0.1107877483202857,0.08297545851218069,0,27,1,0,True,0,1,0.0,,"{""profile_name"": ""complex_d02"", ""map_seed"": 20400621, ""query_seed"": 20401621}"
complex_s04_q0085,n3p_k1,Complex,d12_16,True,True,0.2540868050418794,93,15.200689898865809,15.27623753948386,-0.004945435053807401,0,0.22686636798413676,0.05660802948714033,0,0,1,0,True,1,1,1.0,,"{""profile_name"": ""complex_d02"", ""map_seed"": 20400621, ""query_seed"": 20401621}"
complex_s04_q0085,voronoi_waypoint,Complex,d12_16,True,True,1.16945971804671,707,15.758185322451485,15.27623753948386,0.0315488536835038,0,0.2196143841719996,0.06871328460072401,0,0,0,0,False,,,,,"{""profile_name"": ""complex_d02"", ""map_seed"": 20400621, ""query_seed"": 20401621, ""waypoint_count"": 2}"
complex_s04_q0085,bottleneck_waypoint,Complex,d12_16,True,True,0.48270427784882486,3,15.519068171822928,15.27623753948386,0.01589597122402897,0,0.16515781395109072,0.06276200711993002,0,0,0,0,False,,,,,"{""profile_name"": ""complex_d02"", ""map_seed"": 20400621, ""query_seed"": 20401621, ""waypoint_count"": 2, ""bottleneck_count"": 2}"
complex_s04_q0085,md_dqn,Complex,d12_16,False,False,0.39993096399120986,600,1.1250000000007048,15.27623753948386,,0,0.0,0.45011357257472195,0,0,0,0,False,,,,md_dqn_not_reached,"{""profile_name"": ""complex_d02"", ""map_seed"": 20400621, ""query_seed"": 20401621, ""md_dqn_source_dir"": ""/home/ubuntu/DQN10/2_experiment"", ""md_dqn_checkpoint_path"": ""/home/ubuntu/DQN10/2_experiment/ugv_dqn/outputs/2026-05-12_train_load_external_demo_smoke/models/realmap_a/mlp-dqn.pt"", ""md_dqn_algo"": ""mlp-dqn"", ""md_dqn_device"": ""cpu"", ""md_dqn_max_steps"": 600, ""md_dqn_rollout_steps"": 600, ""md_dqn_reached"": false}"
complex_s04_q0086,vanilla_ha,Complex,d16_20,False,False,2.5001564025878906,2790,,,,0,,,0,0,0,0,False,,,,timeout,"{""profile_name"": ""complex_d02"", ""map_seed"": 20400621, ""query_seed"": 20401622, ""evaluation_path_source"": ""planner_path"", ""planner_path_pose_count"": 0, ""evaluation_path_pose_count"": 0}"
complex_s04_q0086,f_n3p_knn,Complex,d16_20,True,True,0.01972417999058962,0,18.411076951511493,,,2,0.16289655487487859,0.07249745101803606,0,6,0,0,True,1,2,0.5,,"{""profile_name"": ""complex_d02"", ""map_seed"": 20400621, ""query_seed"": 20401622}"
complex_s04_q0086,n3p_k1,Complex,d16_20,False,False,3.519694668939337,3945,,,,0,,,0,0,1,1,True,1,1,1.0,f2_failed:prediction:goal_in_collision;goal:timeout;f3_failed:timeout,"{""profile_name"": ""complex_d02"", ""map_seed"": 20400621, ""query_seed"": 20401622}"
complex_s04_q0086,voronoi_waypoint,Complex,d16_20,True,True,0.6192455200944096,8,18.957840203379085,,,0,0.300655645340062,0.06162997319291874,0,0,0,0,False,,,,,"{""profile_name"": ""complex_d02"", ""map_seed"": 20400621, ""query_seed"": 20401622, ""waypoint_count"": 3}"
complex_s04_q0086,bottleneck_waypoint,Complex,d16_20,True,True,0.6213269780855626,4,18.599510128544264,,,1,0.17530314806321204,0.18968976998296327,0,0,0,0,False,,,,,"{""profile_name"": ""complex_d02"", ""map_seed"": 20400621, ""query_seed"": 20401622, ""waypoint_count"": 3, ""bottleneck_count"": 3}"
complex_s04_q0086,md_dqn,Complex,d16_20,False,False,0.39874038379639387,600,1.1250000000000078,,,0,0.8286550898949565,2.7240839882720578,0,0,0,0,False,,,,md_dqn_not_reached,"{""profile_name"": ""complex_d02"", ""map_seed"": 20400621, ""query_seed"": 20401622, ""md_dqn_source_dir"": ""/home/ubuntu/DQN10/2_experiment"", ""md_dqn_checkpoint_path"": ""/home/ubuntu/DQN10/2_experiment/ugv_dqn/outputs/2026-05-12_train_load_external_demo_smoke/models/realmap_a/mlp-dqn.pt"", ""md_dqn_algo"": ""mlp-dqn"", ""md_dqn_device"": ""cpu"", ""md_dqn_max_steps"": 600, ""md_dqn_rollout_steps"": 600, ""md_dqn_reached"": false}"
complex_s04_q0087,vanilla_ha,Complex,d20_inf,False,False,2.500384569168091,4215,,,,0,,,0,0,0,0,False,,,,timeout,"{""profile_name"": ""complex_d02"", ""map_seed"": 20400621, ""query_seed"": 20401623, ""evaluation_path_source"": ""planner_path"", ""planner_path_pose_count"": 0, ""evaluation_path_pose_count"": 0}"
complex_s04_q0087,f_n3p_knn,Complex,d20_inf,True,True,0.040340254083275795,0,28.46882267580629,,,1,0.14271881448464485,0.07304834169821095,0,17,0,0,True,3,5,0.6,,"{""profile_name"": ""complex_d02"", ""map_seed"": 20400621, ""query_seed"": 20401623}"
complex_s04_q0087,n3p_k1,Complex,d20_inf,True,True,0.3910878440365195,66,27.20144585393906,,,3,0.3569753491235834,0.0659940876862718,0,0,2,0,True,3,3,1.0,,"{""profile_name"": ""complex_d02"", ""map_seed"": 20400621, ""query_seed"": 20401623}"
complex_s04_q0087,voronoi_waypoint,Complex,d20_inf,True,True,0.7674872600473464,9,28.949893313650076,,,2,0.1170930685197978,0.0974742536307942,0,0,0,0,False,,,,,"{""profile_name"": ""complex_d02"", ""map_seed"": 20400621, ""query_seed"": 20401623, ""waypoint_count"": 4}"
complex_s04_q0087,bottleneck_waypoint,Complex,d20_inf,True,True,0.7724408209323883,10,29.102378374696148,,,2,0.13055494078282007,0.0974742536307942,0,0,0,0,False,,,,,"{""profile_name"": ""complex_d02"", ""map_seed"": 20400621, ""query_seed"": 20401623, ""waypoint_count"": 4, ""bottleneck_count"": 4}"
complex_s04_q0087,md_dqn,Complex,d20_inf,False,False,0.0019779999274760485,1,0.003750000000000375,,,0,0.08734630124017147,0.12121722930119005,0,0,0,0,False,,,,md_dqn_not_reached,"{""profile_name"": ""complex_d02"", ""map_seed"": 20400621, ""query_seed"": 20401623, ""md_dqn_source_dir"": ""/home/ubuntu/DQN10/2_experiment"", ""md_dqn_checkpoint_path"": ""/home/ubuntu/DQN10/2_experiment/ugv_dqn/outputs/2026-05-12_train_load_external_demo_smoke/models/realmap_a/mlp-dqn.pt"", ""md_dqn_algo"": ""mlp-dqn"", ""md_dqn_device"": ""cpu"", ""md_dqn_max_steps"": 600, ""md_dqn_rollout_steps"": 1, ""md_dqn_reached"": false}"
complex_s04_q0088,vanilla_ha,Complex,d08_12,True,True,0.16230130195617676,1,8.324061508662705,,,0,0.0,0.11256087352795152,0,0,0,0,False,,,,,"{""profile_name"": ""complex_d02"", ""map_seed"": 20400621, ""query_seed"": 20401624, ""evaluation_path_source"": ""trace_poses"", ""planner_path_pose_count"": 2, ""evaluation_path_pose_count"": 85}"
complex_s04_q0088,f_n3p_knn,Complex,d08_12,True,True,0.0004698089323937893,0,8.324061508662705,8.324061508662705,0.0,0,4.00125476056286e-17,0.11256087352795152,0,0,0,0,False,0,0,,,"{""profile_name"": ""complex_d02"", ""map_seed"": 20400621, ""query_seed"": 20401624}"
complex_s04_q0088,n3p_k1,Complex,d08_12,True,True,0.00045206886716187,0,8.324061508662705,8.324061508662705,0.0,0,4.00125476056286e-17,0.11256087352795152,0,0,0,0,False,0,0,,,"{""profile_name"": ""complex_d02"", ""map_seed"": 20400621, ""query_seed"": 20401624}"
complex_s04_q0088,voronoi_waypoint,Complex,d08_12,True,True,0.33290041889995337,2,8.90315779502216,8.324061508662705,0.06956895810498276,0,0.20103094106683173,0.6834301258773177,0,0,0,0,False,,,,,"{""profile_name"": ""complex_d02"", ""map_seed"": 20400621, ""query_seed"": 20401624, ""waypoint_count"": 1}"
complex_s04_q0088,bottleneck_waypoint,Complex,d08_12,True,True,0.4743344800081104,3,8.944834439526229,8.324061508662705,0.07457572607044005,0,0.2886195482421244,0.6834301258773163,0,0,0,0,False,,,,,"{""profile_name"": ""complex_d02"", ""map_seed"": 20400621, ""query_seed"": 20401624, ""waypoint_count"": 2, ""bottleneck_count"": 2}"
complex_s04_q0088,md_dqn,Complex,d08_12,False,False,0.4997723260894418,437,2.064374999999996,8.324061508662705,,1,0.5966855673952957,0.4659572793740163,0,0,0,0,False,,,,md_dqn_not_reached,"{""profile_name"": ""complex_d02"", ""map_seed"": 20400621, ""query_seed"": 20401624, ""md_dqn_source_dir"": ""/home/ubuntu/DQN10/2_experiment"", ""md_dqn_checkpoint_path"": ""/home/ubuntu/DQN10/2_experiment/ugv_dqn/outputs/2026-05-12_train_load_external_demo_smoke/models/realmap_a/mlp-dqn.pt"", ""md_dqn_algo"": ""mlp-dqn"", ""md_dqn_device"": ""cpu"", ""md_dqn_max_steps"": 600, ""md_dqn_rollout_steps"": 437, ""md_dqn_reached"": false}"
complex_s04_q0089,vanilla_ha,Complex,d12_16,True,True,0.35567522048950195,341,15.19587190870289,,,0,0.1686912282069382,0.0764117360801887,0,0,0,0,False,,,,,"{""profile_name"": ""complex_d02"", ""map_seed"": 20400621, ""query_seed"": 20401625, ""evaluation_path_source"": ""trace_poses"", ""planner_path_pose_count"": 33, ""evaluation_path_pose_count"": 155}"
complex_s04_q0089,f_n3p_knn,Complex,d12_16,True,True,0.24954072199761868,103,15.630276926381178,15.19587190870289,0.028587041289121373,2,0.17213186395646973,0.06535310639711944,0,20,1,0,True,0,1,0.0,,"{""profile_name"": ""complex_d02"", ""map_seed"": 20400621, ""query_seed"": 20401625}"
complex_s04_q0089,n3p_k1,Complex,d12_16,True,True,0.5236082000192255,224,15.90530761345091,15.19587190870289,0.04668608086527226,2,0.18943150179962095,0.07231262747276002,0,0,2,0,True,0,0,,,"{""profile_name"": ""complex_d02"", ""map_seed"": 20400621, ""query_seed"": 20401625}"
complex_s04_q0089,voronoi_waypoint,Complex,d12_16,True,True,0.5014790229033679,23,16.24210977269458,15.19587190870289,0.06885013708180154,2,0.28140204686245573,0.06081099819216507,0,0,0,0,False,,,,,"{""profile_name"": ""complex_d02"", ""map_seed"": 20400621, ""query_seed"": 20401625, ""waypoint_count"": 2}"
complex_s04_q0089,bottleneck_waypoint,Complex,d12_16,True,True,0.5046187459956855,23,16.302064043690326,15.19587190870289,0.07279556853555103,2,0.3104220574825522,0.06081099819216507,0,0,0,0,False,,,,,"{""profile_name"": ""complex_d02"", ""map_seed"": 20400621, ""query_seed"": 20401625, ""waypoint_count"": 2, ""bottleneck_count"": 2}"
complex_s04_q0089,md_dqn,Complex,d12_16,False,False,0.1678757332265377,600,1.1250000000003482,15.19587190870289,,0,0.0,0.7974228123054949,0,0,0,0,False,,,,md_dqn_not_reached,"{""profile_name"": ""complex_d02"", ""map_seed"": 20400621, ""query_seed"": 20401625, ""md_dqn_source_dir"": ""/home/ubuntu/DQN10/2_experiment"", ""md_dqn_checkpoint_path"": ""/home/ubuntu/DQN10/2_experiment/ugv_dqn/outputs/2026-05-12_train_load_external_demo_smoke/models/realmap_a/mlp-dqn.pt"", ""md_dqn_algo"": ""mlp-dqn"", ""md_dqn_device"": ""cpu"", ""md_dqn_max_steps"": 600, ""md_dqn_rollout_steps"": 600, ""md_dqn_reached"": false}"
complex_s04_q0090,vanilla_ha,Complex,d16_20,False,False,2.500227689743042,3048,,,,0,,,0,0,0,0,False,,,,timeout,"{""profile_name"": ""complex_d02"", ""map_seed"": 20400622, ""query_seed"": 20401622, ""evaluation_path_source"": ""planner_path"", ""planner_path_pose_count"": 0, ""evaluation_path_pose_count"": 0}"
complex_s04_q0090,f_n3p_knn,Complex,d16_20,True,True,0.020816870033740997,0,17.377647282339055,,,0,0.09269035259056972,0.1402418975919365,0,2,0,0,True,0,2,0.0,,"{""profile_name"": ""complex_d02"", ""map_seed"": 20400622, ""query_seed"": 20401622}"
complex_s04_q0090,n3p_k1,Complex,d16_20,False,False,4.20451949397102,5089,,,,0,,,0,0,2,1,True,0,0,,f2_failed:prediction:goal_in_collision;goal:timeout;f3_failed:timeout,"{""profile_name"": ""complex_d02"", ""map_seed"": 20400622, ""query_seed"": 20401622}"
complex_s04_q0090,voronoi_waypoint,Complex,d16_20,True,True,0.6227788419928402,4,18.148540163777472,,,2,0.23001322956856723,0.12574661164532208,0,0,0,0,False,,,,,"{""profile_name"": ""complex_d02"", ""map_seed"": 20400622, ""query_seed"": 20401622, ""waypoint_count"": 3}"
complex_s04_q0090,bottleneck_waypoint,Complex,d16_20,True,True,0.6245046819094568,4,18.532034850004894,,,2,0.16486859450889776,0.17444447644471905,0,0,0,0,False,,,,,"{""profile_name"": ""complex_d02"", ""map_seed"": 20400622, ""query_seed"": 20401622, ""waypoint_count"": 3, ""bottleneck_count"": 3}"
complex_s04_q0090,md_dqn,Complex,d16_20,False,False,0.23329002130776644,406,5.366249999999973,,,1,0.2733468181289691,0.13002923855354653,0,0,0,0,False,,,,md_dqn_not_reached,"{""profile_name"": ""complex_d02"", ""map_seed"": 20400622, ""query_seed"": 20401622, ""md_dqn_source_dir"": ""/home/ubuntu/DQN10/2_experiment"", ""md_dqn_checkpoint_path"": ""/home/ubuntu/DQN10/2_experiment/ugv_dqn/outputs/2026-05-12_train_load_external_demo_smoke/models/realmap_a/mlp-dqn.pt"", ""md_dqn_algo"": ""mlp-dqn"", ""md_dqn_device"": ""cpu"", ""md_dqn_max_steps"": 600, ""md_dqn_rollout_steps"": 406, ""md_dqn_reached"": false}"
complex_s04_q0091,vanilla_ha,Complex,d20_inf,True,True,1.6004130840301514,2281,32.80572699765463,,,0,0.24340017903925815,0.07463375585584242,0,0,0,0,False,,,,,"{""profile_name"": ""complex_d02"", ""map_seed"": 20400622, ""query_seed"": 20401623, ""evaluation_path_source"": ""trace_poses"", ""planner_path_pose_count"": 80, ""evaluation_path_pose_count"": 330}"
complex_s04_q0091,f_n3p_knn,Complex,d20_inf,True,True,0.0340392729267478,0,32.99248123748761,32.80572699765463,0.005692732852600191,0,0.09033251987741317,0.19191078851585297,0,3,0,0,True,3,4,0.75,,"{""profile_name"": ""complex_d02"", ""map_seed"": 20400622, ""query_seed"": 20401623}"
complex_s04_q0091,n3p_k1,Complex,d20_inf,True,True,0.1721499850973487,7,31.805514249276904,32.80572699765463,-0.030488967625964647,0,0.041275897475219585,0.08762273296135226,0,0,1,0,True,2,2,1.0,,"{""profile_name"": ""complex_d02"", ""map_seed"": 20400622, ""query_seed"": 20401623}"
complex_s04_q0091,voronoi_waypoint,Complex,d20_inf,True,True,1.0598588939756155,7,33.44081073712425,32.80572699765463,0.01935892899172842,0,0.19466894248520922,0.08960722621497053,0,0,0,0,False,,,,,"{""profile_name"": ""complex_d02"", ""map_seed"": 20400622, ""query_seed"": 20401623, ""waypoint_count"": 6}"
complex_s04_q0091,bottleneck_waypoint,Complex,d20_inf,True,True,0.9190375059843063,6,33.61921173160293,32.80572699765463,0.024797034188769995,0,0.15732023452332036,0.5608485591473975,0,0,0,0,False,,,,,"{""profile_name"": ""complex_d02"", ""map_seed"": 20400622, ""query_seed"": 20401623, ""waypoint_count"": 5, ""bottleneck_count"": 5}"
complex_s04_q0091,md_dqn,Complex,d20_inf,False,False,0.18631789577193558,415,1.5299999999999836,32.80572699765463,,2,0.8276658877740194,0.4839551327471433,0,0,0,0,False,,,,md_dqn_not_reached,"{""profile_name"": ""complex_d02"", ""map_seed"": 20400622, ""query_seed"": 20401623, ""md_dqn_source_dir"": ""/home/ubuntu/DQN10/2_experiment"", ""md_dqn_checkpoint_path"": ""/home/ubuntu/DQN10/2_experiment/ugv_dqn/outputs/2026-05-12_train_load_external_demo_smoke/models/realmap_a/mlp-dqn.pt"", ""md_dqn_algo"": ""mlp-dqn"", ""md_dqn_device"": ""cpu"", ""md_dqn_max_steps"": 600, ""md_dqn_rollout_steps"": 415, ""md_dqn_reached"": false}"
complex_s04_q0092,vanilla_ha,Complex,d08_12,True,True,0.14791154861450195,1,11.335784048754633,,,0,0.0,0.23990287024915824,0,0,0,0,False,,,,,"{""profile_name"": ""complex_d02"", ""map_seed"": 20400622, ""query_seed"": 20401624, ""evaluation_path_source"": ""trace_poses"", ""planner_path_pose_count"": 2, ""evaluation_path_pose_count"": 115}"
complex_s04_q0092,f_n3p_knn,Complex,d08_12,True,True,0.0005039907991886139,0,11.335784048754633,11.335784048754633,0.0,0,0.0,0.23990287024916013,0,0,0,0,False,0,0,,,"{""profile_name"": ""complex_d02"", ""map_seed"": 20400622, ""query_seed"": 20401624}"
complex_s04_q0092,n3p_k1,Complex,d08_12,True,True,0.0005028571467846632,0,11.335784048754633,11.335784048754633,0.0,0,0.0,0.23990287024916013,0,0,0,0,False,0,0,,,"{""profile_name"": ""complex_d02"", ""map_seed"": 20400622, ""query_seed"": 20401624}"
complex_s04_q0092,voronoi_waypoint,Complex,d08_12,True,True,0.33186637004837394,2,11.357544407932487,11.335784048754633,0.0019196165950465804,0,0.05544293408839946,0.32882415611022275,0,0,0,0,False,,,,,"{""profile_name"": ""complex_d02"", ""map_seed"": 20400622, ""query_seed"": 20401624, ""waypoint_count"": 1}"
complex_s04_q0092,bottleneck_waypoint,Complex,d08_12,True,True,0.3323019470553845,2,11.347430005660538,11.335784048754633,0.0010273622764704893,0,0.05135514780909613,0.23960798293122032,0,0,0,0,False,,,,,"{""profile_name"": ""complex_d02"", ""map_seed"": 20400622, ""query_seed"": 20401624, ""waypoint_count"": 1, ""bottleneck_count"": 1}"
complex_s04_q0092,md_dqn,Complex,d08_12,False,False,0.1671047678682953,600,1.1250000000000124,11.335784048754633,,0,0.8286550898948792,1.9520813869305895,0,0,0,0,False,,,,md_dqn_not_reached,"{""profile_name"": ""complex_d02"", ""map_seed"": 20400622, ""query_seed"": 20401624, ""md_dqn_source_dir"": ""/home/ubuntu/DQN10/2_experiment"", ""md_dqn_checkpoint_path"": ""/home/ubuntu/DQN10/2_experiment/ugv_dqn/outputs/2026-05-12_train_load_external_demo_smoke/models/realmap_a/mlp-dqn.pt"", ""md_dqn_algo"": ""mlp-dqn"", ""md_dqn_device"": ""cpu"", ""md_dqn_max_steps"": 600, ""md_dqn_rollout_steps"": 600, ""md_dqn_reached"": false}"
complex_s04_q0093,vanilla_ha,Complex,d12_16,True,True,0.1490006446838379,1,13.446932735757997,,,0,0.0,0.46581316077049384,0,0,0,0,False,,,,,"{""profile_name"": ""complex_d02"", ""map_seed"": 20400622, ""query_seed"": 20401625, ""evaluation_path_source"": ""trace_poses"", ""planner_path_pose_count"": 2, ""evaluation_path_pose_count"": 136}"
complex_s04_q0093,f_n3p_knn,Complex,d12_16,True,True,0.0007050579879432917,0,13.446932735757997,13.446932735757997,0.0,0,3.302531652211985e-17,0.46581316077049384,0,0,0,0,False,0,0,,,"{""profile_name"": ""complex_d02"", ""map_seed"": 20400622, ""query_seed"": 20401625}"
complex_s04_q0093,n3p_k1,Complex,d12_16,True,True,0.0005479590035974979,0,13.446932735757997,13.446932735757997,0.0,0,3.302531652211985e-17,0.46581316077049384,0,0,0,0,False,0,0,,,"{""profile_name"": ""complex_d02"", ""map_seed"": 20400622, ""query_seed"": 20401625}"
complex_s04_q0093,voronoi_waypoint,Complex,d12_16,True,True,0.4724621179047972,3,14.044522532917481,13.446932735757997,0.04444060284248885,0,0.19474221633352987,0.4367437240611495,0,0,0,0,False,,,,,"{""profile_name"": ""complex_d02"", ""map_seed"": 20400622, ""query_seed"": 20401625, ""waypoint_count"": 2}"
complex_s04_q0093,bottleneck_waypoint,Complex,d12_16,True,True,0.4805355470161885,3,13.630519653545685,13.446932735757997,0.01365269845512751,0,0.1589643086052399,0.5074852080733613,0,0,0,0,False,,,,,"{""profile_name"": ""complex_d02"", ""map_seed"": 20400622, ""query_seed"": 20401625, ""waypoint_count"": 2, ""bottleneck_count"": 2}"
complex_s04_q0093,md_dqn,Complex,d12_16,False,False,0.29028702923096716,474,1.7100000000000013,13.446932735757997,,2,0.7307693858950318,0.47317903857341714,0,0,0,0,False,,,,md_dqn_not_reached,"{""profile_name"": ""complex_d02"", ""map_seed"": 20400622, ""query_seed"": 20401625, ""md_dqn_source_dir"": ""/home/ubuntu/DQN10/2_experiment"", ""md_dqn_checkpoint_path"": ""/home/ubuntu/DQN10/2_experiment/ugv_dqn/outputs/2026-05-12_train_load_external_demo_smoke/models/realmap_a/mlp-dqn.pt"", ""md_dqn_algo"": ""mlp-dqn"", ""md_dqn_device"": ""cpu"", ""md_dqn_max_steps"": 600, ""md_dqn_rollout_steps"": 474, ""md_dqn_reached"": false}"
complex_s04_q0094,vanilla_ha,Complex,d16_20,True,True,0.17061281204223633,41,16.46788468897396,,,0,0.0890710228528307,0.12371617659239198,0,0,0,0,False,,,,,"{""profile_name"": ""complex_d02"", ""map_seed"": 20400622, ""query_seed"": 20401626, ""evaluation_path_source"": ""trace_poses"", ""planner_path_pose_count"": 20, ""evaluation_path_pose_count"": 167}"
complex_s04_q0094,f_n3p_knn,Complex,d16_20,True,True,0.018962364876642823,0,17.415279309654412,16.46788468897396,0.05752983085403662,0,0.11141993088185793,0.21257581245388435,0,1,0,0,True,1,2,0.5,,"{""profile_name"": ""complex_d02"", ""map_seed"": 20400622, ""query_seed"": 20401626}"
complex_s04_q0094,n3p_k1,Complex,d16_20,True,True,0.2086213061120361,64,16.6750079798264,16.46788468897396,0.01257740716335709,0,0.1366600391698818,0.08672441424965105,0,0,1,0,True,0,0,,,"{""profile_name"": ""complex_d02"", ""map_seed"": 20400622, ""query_seed"": 20401626}"
complex_s04_q0094,voronoi_waypoint,Complex,d16_20,True,True,0.6144510719459504,4,18.743795396072894,16.46788468897396,0.13820297810457505,2,0.3234115710547132,0.5357245174609974,0,0,0,0,False,,,,,"{""profile_name"": ""complex_d02"", ""map_seed"": 20400622, ""query_seed"": 20401626, ""waypoint_count"": 3}"
complex_s04_q0094,bottleneck_waypoint,Complex,d16_20,True,True,0.47546207695268095,3,17.67634531883488,16.46788468897396,0.07338286930500804,2,0.25686127092823136,0.665139773749037,0,0,0,0,False,,,,,"{""profile_name"": ""complex_d02"", ""map_seed"": 20400622, ""query_seed"": 20401626, ""waypoint_count"": 2, ""bottleneck_count"": 2}"
complex_s04_q0094,md_dqn,Complex,d16_20,False,False,0.2714921983424574,445,1.6106249999999995,16.46788468897396,,1,0.8062342486836092,0.3933827139787469,0,0,0,0,False,,,,md_dqn_not_reached,"{""profile_name"": ""complex_d02"", ""map_seed"": 20400622, ""query_seed"": 20401626, ""md_dqn_source_dir"": ""/home/ubuntu/DQN10/2_experiment"", ""md_dqn_checkpoint_path"": ""/home/ubuntu/DQN10/2_experiment/ugv_dqn/outputs/2026-05-12_train_load_external_demo_smoke/models/realmap_a/mlp-dqn.pt"", ""md_dqn_algo"": ""mlp-dqn"", ""md_dqn_device"": ""cpu"", ""md_dqn_max_steps"": 600, ""md_dqn_rollout_steps"": 445, ""md_dqn_reached"": false}"
complex_s04_q0095,vanilla_ha,Complex,d20_inf,True,True,0.3201289176940918,369,29.174244137992424,,,0,0.20691518906455572,0.05954476330389963,0,0,0,0,False,,,,,"{""profile_name"": ""complex_d02"", ""map_seed"": 20400623, ""query_seed"": 20401623, ""evaluation_path_source"": ""trace_poses"", ""planner_path_pose_count"": 68, ""evaluation_path_pose_count"": 294}"
complex_s04_q0095,f_n3p_knn,Complex,d20_inf,True,True,0.03978219092823565,0,28.812364273845677,29.174244137992424,-0.012404087058265456,0,0.07867134268742661,0.07076476175770097,0,2,0,0,True,3,4,0.75,,"{""profile_name"": ""complex_d02"", ""map_seed"": 20400623, ""query_seed"": 20401623}"
complex_s04_q0095,n3p_k1,Complex,d20_inf,True,True,0.32827714504674077,4,32.64022479942811,29.174244137992424,0.11880275783810568,2,0.28538070776602537,0.10376678092888869,0,0,2,0,True,2,2,1.0,,"{""profile_name"": ""complex_d02"", ""map_seed"": 20400623, ""query_seed"": 20401623}"
complex_s04_q0095,voronoi_waypoint,Complex,d20_inf,True,True,1.104082201840356,249,29.364973278408385,29.174244137992424,0.006537586355753522,0,0.21745379799238443,0.10624204536572557,0,0,0,0,False,,,,,"{""profile_name"": ""complex_d02"", ""map_seed"": 20400623, ""query_seed"": 20401623, ""waypoint_count"": 5}"
complex_s04_q0095,bottleneck_waypoint,Complex,d20_inf,True,True,1.0491800331510603,7,29.33896427397265,29.174244137992424,0.005646080673113785,0,0.1978470306087558,0.3836961771811158,0,0,0,0,False,,,,,"{""profile_name"": ""complex_d02"", ""map_seed"": 20400623, ""query_seed"": 20401623, ""waypoint_count"": 6, ""bottleneck_count"": 6}"
complex_s04_q0095,md_dqn,Complex,d20_inf,False,False,0.16576237347908318,600,1.1250000000000029,29.174244137992424,,0,0.8385645564237235,0.650312754867787,0,0,0,0,False,,,,md_dqn_not_reached,"{""profile_name"": ""complex_d02"", ""map_seed"": 20400623, ""query_seed"": 20401623, ""md_dqn_source_dir"": ""/home/ubuntu/DQN10/2_experiment"", ""md_dqn_checkpoint_path"": ""/home/ubuntu/DQN10/2_experiment/ugv_dqn/outputs/2026-05-12_train_load_external_demo_smoke/models/realmap_a/mlp-dqn.pt"", ""md_dqn_algo"": ""mlp-dqn"", ""md_dqn_device"": ""cpu"", ""md_dqn_max_steps"": 600, ""md_dqn_rollout_steps"": 600, ""md_dqn_reached"": false}"
complex_s04_q0096,vanilla_ha,Complex,d08_12,True,True,0.14615273475646973,1,8.300602387778854,,,0,0.0,0.22474604668554665,0,0,0,0,False,,,,,"{""profile_name"": ""complex_d02"", ""map_seed"": 20400623, ""query_seed"": 20401624, ""evaluation_path_source"": ""trace_poses"", ""planner_path_pose_count"": 2, ""evaluation_path_pose_count"": 85}"
complex_s04_q0096,f_n3p_knn,Complex,d08_12,True,True,0.00039833993650972843,0,8.300602387778854,8.300602387778854,0.0,0,5.3500841156288116e-17,0.22474604668554665,0,0,0,0,False,0,0,,,"{""profile_name"": ""complex_d02"", ""map_seed"": 20400623, ""query_seed"": 20401624}"
complex_s04_q0096,n3p_k1,Complex,d08_12,True,True,0.00037512904964387417,0,8.300602387778854,8.300602387778854,0.0,0,5.3500841156288116e-17,0.22474604668554665,0,0,0,0,False,0,0,,,"{""profile_name"": ""complex_d02"", ""map_seed"": 20400623, ""query_seed"": 20401624}"
complex_s04_q0096,voronoi_waypoint,Complex,d08_12,True,True,0.33080539503134787,2,9.047496628069771,8.300602387778854,0.08998072734944929,0,0.31820586618135094,0.5777066492492873,0,0,0,0,False,,,,,"{""profile_name"": ""complex_d02"", ""map_seed"": 20400623, ""query_seed"": 20401624, ""waypoint_count"": 1}"
complex_s04_q0096,bottleneck_waypoint,Complex,d08_12,True,True,0.33263142919167876,2,8.528630076477446,8.300602387778854,0.027471221731367512,0,0.14709341876736226,0.5777066492492884,0,0,0,0,False,,,,,"{""profile_name"": ""complex_d02"", ""map_seed"": 20400623, ""query_seed"": 20401624, ""waypoint_count"": 1, ""bottleneck_count"": 1}"
complex_s04_q0096,md_dqn,Complex,d08_12,False,False,0.1655416344292462,600,1.1250000000000075,8.300602387778854,,0,0.8286550898948835,0.924527615656284,0,0,0,0,False,,,,md_dqn_not_reached,"{""profile_name"": ""complex_d02"", ""map_seed"": 20400623, ""query_seed"": 20401624, ""md_dqn_source_dir"": ""/home/ubuntu/DQN10/2_experiment"", ""md_dqn_checkpoint_path"": ""/home/ubuntu/DQN10/2_experiment/ugv_dqn/outputs/2026-05-12_train_load_external_demo_smoke/models/realmap_a/mlp-dqn.pt"", ""md_dqn_algo"": ""mlp-dqn"", ""md_dqn_device"": ""cpu"", ""md_dqn_max_steps"": 600, ""md_dqn_rollout_steps"": 600, ""md_dqn_reached"": false}"
complex_s04_q0097,vanilla_ha,Complex,d12_16,True,True,0.14758014678955078,1,14.461673485458034,,,0,0.0,0.47101854894816964,0,0,0,0,False,,,,,"{""profile_name"": ""complex_d02"", ""map_seed"": 20400623, ""query_seed"": 20401625, ""evaluation_path_source"": ""trace_poses"", ""planner_path_pose_count"": 2, ""evaluation_path_pose_count"": 146}"
complex_s04_q0097,f_n3p_knn,Complex,d12_16,True,True,0.0006459050346165895,0,14.461673485458034,14.461673485458034,0.0,0,0.0,0.47101854894816964,0,0,0,0,False,0,0,,,"{""profile_name"": ""complex_d02"", ""map_seed"": 20400623, ""query_seed"": 20401625}"
complex_s04_q0097,n3p_k1,Complex,d12_16,True,True,0.0005859988741576672,0,14.461673485458034,14.461673485458034,0.0,0,0.0,0.47101854894816964,0,0,0,0,False,0,0,,,"{""profile_name"": ""complex_d02"", ""map_seed"": 20400623, ""query_seed"": 20401625}"
complex_s04_q0097,voronoi_waypoint,Complex,d12_16,True,True,0.4726512311026454,3,15.415844562949482,14.461673485458034,0.0659792989000143,0,0.2724573411974769,0.9273175565926364,0,0,0,0,False,,,,,"{""profile_name"": ""complex_d02"", ""map_seed"": 20400623, ""query_seed"": 20401625, ""waypoint_count"": 2}"
complex_s04_q0097,bottleneck_waypoint,Complex,d12_16,True,True,0.47475031996145844,3,14.662405301576577,14.461673485458034,0.013880261943431949,0,0.08205564118446929,0.5918414685607802,0,0,0,0,False,,,,,"{""profile_name"": ""complex_d02"", ""map_seed"": 20400623, ""query_seed"": 20401625, ""waypoint_count"": 2, ""bottleneck_count"": 2}"
complex_s04_q0097,md_dqn,Complex,d12_16,False,False,0.16774466494098306,600,1.1249999999995544,14.461673485458034,,0,0.0,1.3704723068366014,0,0,0,0,False,,,,md_dqn_not_reached,"{""profile_name"": ""complex_d02"", ""map_seed"": 20400623, ""query_seed"": 20401625, ""md_dqn_source_dir"": ""/home/ubuntu/DQN10/2_experiment"", ""md_dqn_checkpoint_path"": ""/home/ubuntu/DQN10/2_experiment/ugv_dqn/outputs/2026-05-12_train_load_external_demo_smoke/models/realmap_a/mlp-dqn.pt"", ""md_dqn_algo"": ""mlp-dqn"", ""md_dqn_device"": ""cpu"", ""md_dqn_max_steps"": 600, ""md_dqn_rollout_steps"": 600, ""md_dqn_reached"": false}"
complex_s04_q0098,vanilla_ha,Complex,d16_20,True,True,0.16603899002075195,49,18.72254167663905,,,0,0.121714202895195,0.05430090234452606,0,0,0,0,False,,,,,"{""profile_name"": ""complex_d02"", ""map_seed"": 20400623, ""query_seed"": 20401626, ""evaluation_path_source"": ""trace_poses"", ""planner_path_pose_count"": 8, ""evaluation_path_pose_count"": 190}"
complex_s04_q0098,f_n3p_knn,Complex,d16_20,True,True,0.01656878087669611,0,18.34873413029419,18.72254167663905,-0.019965641033197756,0,0.07818830964466049,0.10616922966002251,0,0,0,0,False,2,2,1.0,,"{""profile_name"": ""complex_d02"", ""map_seed"": 20400623, ""query_seed"": 20401626}"
complex_s04_q0098,n3p_k1,Complex,d16_20,True,True,0.00878801615908742,0,18.34873413029419,18.72254167663905,-0.019965641033197756,0,0.07818830964466049,0.10616922966002251,0,0,0,0,False,2,2,1.0,,"{""profile_name"": ""complex_d02"", ""map_seed"": 20400623, ""query_seed"": 20401626}"
complex_s04_q0098,voronoi_waypoint,Complex,d16_20,True,True,0.6394504390191287,46,19.205703523256876,18.72254167663905,0.025806423879974005,0,0.259864457502898,0.07486329594019181,0,0,0,0,False,,,,,"{""profile_name"": ""complex_d02"", ""map_seed"": 20400623, ""query_seed"": 20401626, ""waypoint_count"": 3}"
complex_s04_q0098,bottleneck_waypoint,Complex,d16_20,True,True,0.615635798079893,4,19.2293976189033,18.72254167663905,0.02707196229113884,3,0.18009553533709807,0.2663210551914368,0,0,0,0,False,,,,,"{""profile_name"": ""complex_d02"", ""map_seed"": 20400623, ""query_seed"": 20401626, ""waypoint_count"": 3, ""bottleneck_count"": 3}"
complex_s04_q0098,md_dqn,Complex,d16_20,False,False,0.1677769508678466,600,1.1250000000000189,18.72254167663905,,0,0.8385645564237116,0.303918255752501,0,0,0,0,False,,,,md_dqn_not_reached,"{""profile_name"": ""complex_d02"", ""map_seed"": 20400623, ""query_seed"": 20401626, ""md_dqn_source_dir"": ""/home/ubuntu/DQN10/2_experiment"", ""md_dqn_checkpoint_path"": ""/home/ubuntu/DQN10/2_experiment/ugv_dqn/outputs/2026-05-12_train_load_external_demo_smoke/models/realmap_a/mlp-dqn.pt"", ""md_dqn_algo"": ""mlp-dqn"", ""md_dqn_device"": ""cpu"", ""md_dqn_max_steps"": 600, ""md_dqn_rollout_steps"": 600, ""md_dqn_reached"": false}"
complex_s04_q0099,vanilla_ha,Complex,d20_inf,False,False,2.5001730918884277,5757,,,,0,,,0,0,0,0,False,,,,timeout,"{""profile_name"": ""complex_d02"", ""map_seed"": 20400623, ""query_seed"": 20401627, ""evaluation_path_source"": ""planner_path"", ""planner_path_pose_count"": 0, ""evaluation_path_pose_count"": 0}"
complex_s04_q0099,f_n3p_knn,Complex,d20_inf,True,True,0.05275948205962777,0,30.05781354746036,,,0,0.07695528338502876,0.1274346240983647,0,14,0,0,True,1,6,0.16666666666666666,,"{""profile_name"": ""complex_d02"", ""map_seed"": 20400623, ""query_seed"": 20401627}"
complex_s04_q0099,n3p_k1,Complex,d20_inf,False,False,3.4575857571326196,7846,,,,0,,,0,0,1,1,True,0,0,,f2_failed:prediction:goal_in_collision;goal:node_budget_exhausted;f3_failed:timeout,"{""profile_name"": ""complex_d02"", ""map_seed"": 20400623, ""query_seed"": 20401627}"
complex_s04_q0099,voronoi_waypoint,Complex,d20_inf,True,True,0.9342251850757748,42,32.94108975449852,,,0,0.17991659490328601,0.11020664546839731,0,0,0,0,False,,,,,"{""profile_name"": ""complex_d02"", ""map_seed"": 20400623, ""query_seed"": 20401627, ""waypoint_count"": 5}"
complex_s04_q0099,bottleneck_waypoint,Complex,d20_inf,True,True,1.0501860650256276,7,32.60889496913395,,,1,0.20397083305772573,0.3140943653562769,0,0,0,0,False,,,,,"{""profile_name"": ""complex_d02"", ""map_seed"": 20400623, ""query_seed"": 20401627, ""waypoint_count"": 6, ""bottleneck_count"": 6}"
complex_s04_q0099,md_dqn,Complex,d20_inf,False,False,0.1651087673380971,600,1.1249999999999836,,,0,0.8286550898949014,1.498859364573686,0,0,0,0,False,,,,md_dqn_not_reached,"{""profile_name"": ""complex_d02"", ""map_seed"": 20400623, ""query_seed"": 20401627, ""md_dqn_source_dir"": ""/home/ubuntu/DQN10/2_experiment"", ""md_dqn_checkpoint_path"": ""/home/ubuntu/DQN10/2_experiment/ugv_dqn/outputs/2026-05-12_train_load_external_demo_smoke/models/realmap_a/mlp-dqn.pt"", ""md_dqn_algo"": ""mlp-dqn"", ""md_dqn_device"": ""cpu"", ""md_dqn_max_steps"": 600, ""md_dqn_rollout_steps"": 600, ""md_dqn_reached"": false}"
extreme_s00_q0000,vanilla_ha,Extreme,d08_12,True,True,0.260364294052124,155,10.17961344592847,,,0,0.3093553772927387,0.08452487425444721,0,0,0,0,False,,,,,"{""profile_name"": ""extreme_d03"", ""map_seed"": 20460620, ""query_seed"": 20461620, ""evaluation_path_source"": ""trace_poses"", ""planner_path_pose_count"": 29, ""evaluation_path_pose_count"": 103}"
extreme_s00_q0000,f_n3p_knn,Extreme,d08_12,True,True,0.019075669115409255,0,11.121098729200693,10.17961344592847,0.09248733149575417,3,0.253275441574211,0.08592127186928544,0,4,0,0,True,0,2,0.0,,"{""profile_name"": ""extreme_d03"", ""map_seed"": 20460620, ""query_seed"": 20461620}"
extreme_s00_q0000,n3p_k1,Extreme,d08_12,True,True,0.15924046514555812,7,10.08546418903281,10.17961344592847,-0.009248804720901949,0,0.1014574699391098,0.08452487425444721,0,0,1,0,True,0,0,,,"{""profile_name"": ""extreme_d03"", ""map_seed"": 20460620, ""query_seed"": 20461620}"
extreme_s00_q0000,voronoi_waypoint,Extreme,d08_12,True,True,0.3383107059635222,11,10.341752169853695,10.17961344592847,0.015927787905352542,0,0.29591013500502966,0.08452487425444721,0,0,0,0,False,,,,,"{""profile_name"": ""extreme_d03"", ""map_seed"": 20460620, ""query_seed"": 20461620, ""waypoint_count"": 1}"
extreme_s00_q0000,bottleneck_waypoint,Extreme,d08_12,True,True,0.33564503910019994,6,10.462539827559358,10.17961344592847,0.02779343077551233,0,0.19435714189117503,0.08536825044935337,0,0,0,0,False,,,,,"{""profile_name"": ""extreme_d03"", ""map_seed"": 20460620, ""query_seed"": 20461620, ""waypoint_count"": 1, ""bottleneck_count"": 1}"
extreme_s00_q0000,md_dqn,Extreme,d08_12,False,False,0.001454999204725027,1,0.0037499999999988445,10.17961344592847,,0,0.08734630124017752,0.17411848431878074,0,0,0,0,False,,,,md_dqn_not_reached,"{""profile_name"": ""extreme_d03"", ""map_seed"": 20460620, ""query_seed"": 20461620, ""md_dqn_source_dir"": ""/home/ubuntu/DQN10/2_experiment"", ""md_dqn_checkpoint_path"": ""/home/ubuntu/DQN10/2_experiment/ugv_dqn/outputs/2026-05-12_train_load_external_demo_smoke/models/realmap_a/mlp-dqn.pt"", ""md_dqn_algo"": ""mlp-dqn"", ""md_dqn_device"": ""cpu"", ""md_dqn_max_steps"": 600, ""md_dqn_rollout_steps"": 1, ""md_dqn_reached"": false}"
extreme_s00_q0001,vanilla_ha,Extreme,d12_16,True,True,0.19408845901489258,67,15.035791157749184,,,0,0.13330867822344128,0.15733938216274623,0,0,0,0,False,,,,,"{""profile_name"": ""extreme_d04"", ""map_seed"": 20460620, ""query_seed"": 20461621, ""evaluation_path_source"": ""trace_poses"", ""planner_path_pose_count"": 27, ""evaluation_path_pose_count"": 153}"
extreme_s00_q0001,f_n3p_knn,Extreme,d12_16,True,True,0.018011377891525626,0,14.89039681745264,15.035791157749184,-0.00966988293273885,0,0.1285506106903924,0.17807543065139086,0,2,0,0,True,1,2,0.5,,"{""profile_name"": ""extreme_d04"", ""map_seed"": 20460620, ""query_seed"": 20461621}"
extreme_s00_q0001,n3p_k1,Extreme,d12_16,True,True,0.15919724199920893,1,14.817205644539738,15.035791157749184,-0.014537679521891334,0,0.12452796385984696,0.11125783772771192,0,0,1,0,True,1,1,1.0,,"{""profile_name"": ""extreme_d04"", ""map_seed"": 20460620, ""query_seed"": 20461621}"
extreme_s00_q0001,voronoi_waypoint,Extreme,d12_16,True,True,0.4718811111524701,3,16.237778118233777,15.035791157749184,0.07994171692555807,0,0.1482408869875336,0.2936244389608388,0,0,0,0,False,,,,,"{""profile_name"": ""extreme_d04"", ""map_seed"": 20460620, ""query_seed"": 20461621, ""waypoint_count"": 2}"
extreme_s00_q0001,bottleneck_waypoint,Extreme,d12_16,True,True,0.47373671899549663,3,16.46962260393225,15.035791157749184,0.09536122383850043,0,0.18141906593862026,0.16891045555918993,0,0,0,0,False,,,,,"{""profile_name"": ""extreme_d04"", ""map_seed"": 20460620, ""query_seed"": 20461621, ""waypoint_count"": 2, ""bottleneck_count"": 2}"
extreme_s00_q0001,md_dqn,Extreme,d12_16,False,False,0.15810663881711662,147,0.49687500000000917,15.035791157749184,,2,0.5653025396788417,0.25057985507597524,0,0,0,0,False,,,,md_dqn_not_reached,"{""profile_name"": ""extreme_d04"", ""map_seed"": 20460620, ""query_seed"": 20461621, ""md_dqn_source_dir"": ""/home/ubuntu/DQN10/2_experiment"", ""md_dqn_checkpoint_path"": ""/home/ubuntu/DQN10/2_experiment/ugv_dqn/outputs/2026-05-12_train_load_external_demo_smoke/models/realmap_a/mlp-dqn.pt"", ""md_dqn_algo"": ""mlp-dqn"", ""md_dqn_device"": ""cpu"", ""md_dqn_max_steps"": 600, ""md_dqn_rollout_steps"": 147, ""md_dqn_reached"": false}"
extreme_s00_q0002,vanilla_ha,Extreme,d16_20,True,True,0.9108791351318359,2177,18.992408823043597,,,0,0.1031227106965881,0.10951315490049862,0,0,0,0,False,,,,,"{""profile_name"": ""extreme_d05"", ""map_seed"": 20460620, ""query_seed"": 20461622, ""evaluation_path_source"": ""trace_poses"", ""planner_path_pose_count"": 13, ""evaluation_path_pose_count"": 192}"
extreme_s00_q0002,f_n3p_knn,Extreme,d16_20,True,True,0.6312124531250447,727,19.24208567645755,18.992408823043597,0.013146139372854027,2,0.18904414921575166,0.11014496640993454,0,23,1,0,True,0,2,0.0,,"{""profile_name"": ""extreme_d05"", ""map_seed"": 20460620, ""query_seed"": 20461622}"
extreme_s00_q0002,n3p_k1,Extreme,d16_20,True,True,1.6287184450775385,4177,18.992408823043597,18.992408823043597,0.0,0,0.1031227106965881,0.10951315490049862,0,0,1,1,True,0,0,,,"{""profile_name"": ""extreme_d05"", ""map_seed"": 20460620, ""query_seed"": 20461622}"
extreme_s00_q0002,voronoi_waypoint,Extreme,d16_20,True,True,0.6594022079370916,52,21.182117698475338,18.992408823043597,0.11529389956975633,2,0.4015780875180481,0.0908355445654273,0,0,0,0,False,,,,,"{""profile_name"": ""extreme_d05"", ""map_seed"": 20460620, ""query_seed"": 20461622, ""waypoint_count"": 3}"
extreme_s00_q0002,bottleneck_waypoint,Extreme,d16_20,True,True,0.47974721202626824,3,19.68277921916892,18.992408823043597,0.03634980704962998,0,0.1769178317004055,0.10879483223581587,0,0,0,0,False,,,,,"{""profile_name"": ""extreme_d05"", ""map_seed"": 20460620, ""query_seed"": 20461622, ""waypoint_count"": 2, ""bottleneck_count"": 2}"
extreme_s00_q0002,md_dqn,Extreme,d16_20,False,False,0.3555893963202834,583,2.0006249999999755,18.992408823043597,,1,0.7012629891864232,0.3760752186611287,0,0,0,0,False,,,,md_dqn_not_reached,"{""profile_name"": ""extreme_d05"", ""map_seed"": 20460620, ""query_seed"": 20461622, ""md_dqn_source_dir"": ""/home/ubuntu/DQN10/2_experiment"", ""md_dqn_checkpoint_path"": ""/home/ubuntu/DQN10/2_experiment/ugv_dqn/outputs/2026-05-12_train_load_external_demo_smoke/models/realmap_a/mlp-dqn.pt"", ""md_dqn_algo"": ""mlp-dqn"", ""md_dqn_device"": ""cpu"", ""md_dqn_max_steps"": 600, ""md_dqn_rollout_steps"": 583, ""md_dqn_reached"": false}"
extreme_s00_q0003,vanilla_ha,Extreme,d20_inf,True,True,0.4677877426147461,873,28.37782463252002,,,0,0.15776346576678577,0.07188604538983911,0,0,0,0,False,,,,,"{""profile_name"": ""extreme_d06"", ""map_seed"": 20460620, ""query_seed"": 20461623, ""evaluation_path_source"": ""trace_poses"", ""planner_path_pose_count"": 37, ""evaluation_path_pose_count"": 286}"
extreme_s00_q0003,f_n3p_knn,Extreme,d20_inf,True,True,0.03778801206499338,0,28.987173337052642,28.37782463252002,0.02147270667936718,0,0.08805767422137183,0.07301094734675329,0,14,0,0,True,0,4,0.0,,"{""profile_name"": ""extreme_d06"", ""map_seed"": 20460620, ""query_seed"": 20461623}"
extreme_s00_q0003,n3p_k1,Extreme,d20_inf,True,True,0.24145945301279426,83,28.53458069248299,28.37782463252002,0.0055238927575629315,2,0.13749603674968172,0.07188604538983911,0,0,1,0,True,2,2,1.0,,"{""profile_name"": ""extreme_d06"", ""map_seed"": 20460620, ""query_seed"": 20461623}"
extreme_s00_q0003,voronoi_waypoint,Extreme,d20_inf,True,True,0.9444775679148734,42,28.541227971738014,28.37782463252002,0.005758134787778646,0,0.27398268016672067,0.11575271013409338,0,0,0,0,False,,,,,"{""profile_name"": ""extreme_d06"", ""map_seed"": 20460620, ""query_seed"": 20461623, ""waypoint_count"": 5}"
extreme_s00_q0003,bottleneck_waypoint,Extreme,d20_inf,True,True,0.9102137880399823,6,28.381673914921194,28.37782463252002,0.00013564402666599307,0,0.1555922583421302,0.2508613859789943,0,0,0,0,False,,,,,"{""profile_name"": ""extreme_d06"", ""map_seed"": 20460620, ""query_seed"": 20461623, ""waypoint_count"": 5, ""bottleneck_count"": 5}"
extreme_s00_q0003,md_dqn,Extreme,d20_inf,False,False,0.18807620834559202,221,14.346250000000008,28.37782463252002,,1,0.19919807917037025,0.11621647784782796,0,0,0,0,False,,,,md_dqn_not_reached,"{""profile_name"": ""extreme_d06"", ""map_seed"": 20460620, ""query_seed"": 20461623, ""md_dqn_source_dir"": ""/home/ubuntu/DQN10/2_experiment"", ""md_dqn_checkpoint_path"": ""/home/ubuntu/DQN10/2_experiment/ugv_dqn/outputs/2026-05-12_train_load_external_demo_smoke/models/realmap_a/mlp-dqn.pt"", ""md_dqn_algo"": ""mlp-dqn"", ""md_dqn_device"": ""cpu"", ""md_dqn_max_steps"": 600, ""md_dqn_rollout_steps"": 221, ""md_dqn_reached"": false}"
extreme_s00_q0004,vanilla_ha,Extreme,d08_12,True,True,0.24299836158752441,139,11.855692447970453,,,0,0.10228693107276027,0.08174963227790422,0,0,0,0,False,,,,,"{""profile_name"": ""extreme_d07"", ""map_seed"": 20460620, ""query_seed"": 20461624, ""evaluation_path_source"": ""trace_poses"", ""planner_path_pose_count"": 18, ""evaluation_path_pose_count"": 122}"
extreme_s00_q0004,f_n3p_knn,Extreme,d08_12,True,True,0.012540766969323158,0,11.82308553521606,11.855692447970453,-0.002750317022602422,0,0.018548337605200544,0.25382675126988696,0,8,0,0,True,0,1,0.0,,"{""profile_name"": ""extreme_d07"", ""map_seed"": 20460620, ""query_seed"": 20461624}"
extreme_s00_q0004,n3p_k1,Extreme,d08_12,True,True,0.19614238804206252,57,11.828977128583867,11.855692447970453,-0.0022533748664472775,0,0.10316117500945178,0.06379907840544058,0,0,1,0,True,0,0,,,"{""profile_name"": ""extreme_d07"", ""map_seed"": 20460620, ""query_seed"": 20461624}"
extreme_s00_q0004,voronoi_waypoint,Extreme,d08_12,True,True,0.47001190879382193,3,12.024379437559967,11.855692447970453,0.014228354044254043,0,0.17793117312633475,0.2876893581487241,0,0,0,0,False,,,,,"{""profile_name"": ""extreme_d07"", ""map_seed"": 20460620, ""query_seed"": 20461624, ""waypoint_count"": 2}"
extreme_s00_q0004,bottleneck_waypoint,Extreme,d08_12,True,True,0.3346262041013688,2,11.845377517815246,11.855692447970453,-0.0008700402950291286,0,0.048876309832884365,0.1964546580952341,0,0,0,0,False,,,,,"{""profile_name"": ""extreme_d07"", ""map_seed"": 20460620, ""query_seed"": 20461624, ""waypoint_count"": 1, ""bottleneck_count"": 1}"
extreme_s00_q0004,md_dqn,Extreme,d08_12,False,False,0.2294561993330717,449,2.2350000000000065,11.855692447970453,,1,0.5522282346652954,0.4275528033490894,0,0,0,0,False,,,,md_dqn_not_reached,"{""profile_name"": ""extreme_d07"", ""map_seed"": 20460620, ""query_seed"": 20461624, ""md_dqn_source_dir"": ""/home/ubuntu/DQN10/2_experiment"", ""md_dqn_checkpoint_path"": ""/home/ubuntu/DQN10/2_experiment/ugv_dqn/outputs/2026-05-12_train_load_external_demo_smoke/models/realmap_a/mlp-dqn.pt"", ""md_dqn_algo"": ""mlp-dqn"", ""md_dqn_device"": ""cpu"", ""md_dqn_max_steps"": 600, ""md_dqn_rollout_steps"": 449, ""md_dqn_reached"": false}"
extreme_s00_q0005,vanilla_ha,Extreme,d12_16,True,True,0.2396860122680664,161,13.752361269342584,,,0,0.31462369198861606,0.08748157953371449,0,0,0,0,False,,,,,"{""profile_name"": ""extreme_d03"", ""map_seed"": 20460621, ""query_seed"": 20461621, ""evaluation_path_source"": ""trace_poses"", ""planner_path_pose_count"": 35, ""evaluation_path_pose_count"": 139}"
extreme_s00_q0005,f_n3p_knn,Extreme,d12_16,True,True,0.01998694916255772,0,15.030306013771192,13.752361269342584,0.09292547798882089,2,0.21894462161030356,0.07520026501970578,0,13,0,0,True,0,2,0.0,,"{""profile_name"": ""extreme_d03"", ""map_seed"": 20460621, ""query_seed"": 20461621}"
extreme_s00_q0005,n3p_k1,Extreme,d12_16,True,True,0.44072873797267675,156,14.596871002047829,13.752361269342584,0.06140834407745421,2,0.21640954835078555,0.099138371558673,0,0,2,0,True,0,0,,,"{""profile_name"": ""extreme_d03"", ""map_seed"": 20460621, ""query_seed"": 20461621}"
extreme_s00_q0005,voronoi_waypoint,Extreme,d12_16,True,True,0.469720110995695,3,15.23541635762153,13.752361269342584,0.10784003264843278,0,0.3512962344137766,0.07974542436562093,0,0,0,0,False,,,,,"{""profile_name"": ""extreme_d03"", ""map_seed"": 20460621, ""query_seed"": 20461621, ""waypoint_count"": 2}"
extreme_s00_q0005,bottleneck_waypoint,Extreme,d12_16,True,True,0.33981508598662913,14,13.630011351684738,13.752361269342584,-0.008896648020045417,0,0.11488338615499602,0.06949622431566449,0,0,0,0,False,,,,,"{""profile_name"": ""extreme_d03"", ""map_seed"": 20460621, ""query_seed"": 20461621, ""waypoint_count"": 1, ""bottleneck_count"": 1}"
extreme_s00_q0005,md_dqn,Extreme,d12_16,False,False,0.41715232538990676,532,29.719375000000014,13.752361269342584,,1,0.21012697390086513,0.10215324983905516,0,0,0,0,False,,,,md_dqn_not_reached,"{""profile_name"": ""extreme_d03"", ""map_seed"": 20460621, ""query_seed"": 20461621, ""md_dqn_source_dir"": ""/home/ubuntu/DQN10/2_experiment"", ""md_dqn_checkpoint_path"": ""/home/ubuntu/DQN10/2_experiment/ugv_dqn/outputs/2026-05-12_train_load_external_demo_smoke/models/realmap_a/mlp-dqn.pt"", ""md_dqn_algo"": ""mlp-dqn"", ""md_dqn_device"": ""cpu"", ""md_dqn_max_steps"": 600, ""md_dqn_rollout_steps"": 532, ""md_dqn_reached"": false}"
extreme_s00_q0006,vanilla_ha,Extreme,d16_20,True,True,0.1522526741027832,9,17.67234920855257,,,0,0.08744520920039807,0.16344556870036753,0,0,0,0,False,,,,,"{""profile_name"": ""extreme_d04"", ""map_seed"": 20460621, ""query_seed"": 20461622, ""evaluation_path_source"": ""trace_poses"", ""planner_path_pose_count"": 11, ""evaluation_path_pose_count"": 179}"
extreme_s00_q0006,f_n3p_knn,Extreme,d16_20,True,True,0.011233758879825473,0,17.628987747402338,17.67234920855257,-0.002453633110036546,0,0.026305695469667545,0.39309873934355144,0,0,0,0,False,1,1,1.0,,"{""profile_name"": ""extreme_d04"", ""map_seed"": 20460621, ""query_seed"": 20461622}"
extreme_s00_q0006,n3p_k1,Extreme,d16_20,True,True,0.009290594840422273,0,17.628987747402338,17.67234920855257,-0.002453633110036546,0,0.026305695469667545,0.39309873934355144,0,0,0,0,False,1,1,1.0,,"{""profile_name"": ""extreme_d04"", ""map_seed"": 20460621, ""query_seed"": 20461622}"
extreme_s00_q0006,voronoi_waypoint,Extreme,d16_20,True,True,0.6494463488925248,38,19.18473129064928,17.67234920855257,0.08557900617789915,0,0.3100119462448797,0.0762717809450163,0,0,0,0,False,,,,,"{""profile_name"": ""extreme_d04"", ""map_seed"": 20460621, ""query_seed"": 20461622, ""waypoint_count"": 3}"
extreme_s00_q0006,bottleneck_waypoint,Extreme,d16_20,True,True,0.6285562228877097,4,19.083647397448203,17.67234920855257,0.07985911619563457,0,0.2761872799545197,0.41651666627203787,0,0,0,0,False,,,,,"{""profile_name"": ""extreme_d04"", ""map_seed"": 20460621, ""query_seed"": 20461622, ""waypoint_count"": 3, ""bottleneck_count"": 3}"
extreme_s00_q0006,md_dqn,Extreme,d16_20,False,False,0.16572811477817595,600,2.2500000000000475,17.67234920855257,,0,0.08734630124014885,0.5731393240435081,0,0,0,0,False,,,,md_dqn_not_reached,"{""profile_name"": ""extreme_d04"", ""map_seed"": 20460621, ""query_seed"": 20461622, ""md_dqn_source_dir"": ""/home/ubuntu/DQN10/2_experiment"", ""md_dqn_checkpoint_path"": ""/home/ubuntu/DQN10/2_experiment/ugv_dqn/outputs/2026-05-12_train_load_external_demo_smoke/models/realmap_a/mlp-dqn.pt"", ""md_dqn_algo"": ""mlp-dqn"", ""md_dqn_device"": ""cpu"", ""md_dqn_max_steps"": 600, ""md_dqn_rollout_steps"": 600, ""md_dqn_reached"": false}"
extreme_s00_q0007,vanilla_ha,Extreme,d20_inf,True,True,0.7010982036590576,809,22.858429089321632,,,0,0.20797439366109768,0.17068762820607175,0,0,0,0,False,,,,,"{""profile_name"": ""extreme_d05"", ""map_seed"": 20460621, ""query_seed"": 20461623, ""evaluation_path_source"": ""trace_poses"", ""planner_path_pose_count"": 65, ""evaluation_path_pose_count"": 231}"
extreme_s00_q0007,f_n3p_knn,Extreme,d20_inf,True,True,0.04206410702317953,0,22.64085727201356,22.858429089321632,-0.009518231391050014,2,0.1328882964186159,0.07227129955511158,0,30,0,0,True,1,4,0.25,,"{""profile_name"": ""extreme_d05"", ""map_seed"": 20460621, ""query_seed"": 20461623}"
extreme_s00_q0007,n3p_k1,Extreme,d20_inf,True,True,1.7084334269165993,1708,22.858429089321632,22.858429089321632,0.0,0,0.20797439366109777,0.17068762820607175,0,0,1,0,True,0,0,,,"{""profile_name"": ""extreme_d05"", ""map_seed"": 20460621, ""query_seed"": 20461623}"
extreme_s00_q0007,voronoi_waypoint,Extreme,d20_inf,True,True,0.7619786080904305,5,23.900243833258806,22.858429089321632,0.045576830317874295,2,0.21210050562329544,0.16237728709345478,0,0,0,0,False,,,,,"{""profile_name"": ""extreme_d05"", ""map_seed"": 20460621, ""query_seed"": 20461623, ""waypoint_count"": 4}"
extreme_s00_q0007,bottleneck_waypoint,Extreme,d20_inf,True,True,0.7649887232109904,5,23.249618933335512,22.858429089321632,0.017113592648263953,0,0.13234686341951774,0.17068762820607297,0,0,0,0,False,,,,,"{""profile_name"": ""extreme_d05"", ""map_seed"": 20460621, ""query_seed"": 20461623, ""waypoint_count"": 4, ""bottleneck_count"": 4}"
extreme_s00_q0007,md_dqn,Extreme,d20_inf,False,False,0.5839668260887265,600,2.1824999999999863,22.858429089321632,,7,0.791632771552113,0.41519390979770543,0,0,0,0,False,,,,md_dqn_not_reached,"{""profile_name"": ""extreme_d05"", ""map_seed"": 20460621, ""query_seed"": 20461623, ""md_dqn_source_dir"": ""/home/ubuntu/DQN10/2_experiment"", ""md_dqn_checkpoint_path"": ""/home/ubuntu/DQN10/2_experiment/ugv_dqn/outputs/2026-05-12_train_load_external_demo_smoke/models/realmap_a/mlp-dqn.pt"", ""md_dqn_algo"": ""mlp-dqn"", ""md_dqn_device"": ""cpu"", ""md_dqn_max_steps"": 600, ""md_dqn_rollout_steps"": 600, ""md_dqn_reached"": false}"
extreme_s00_q0008,vanilla_ha,Extreme,d08_12,True,True,0.1500260829925537,1,10.520931517693667,,,0,0.0,0.2868582583109627,0,0,0,0,False,,,,,"{""profile_name"": ""extreme_d06"", ""map_seed"": 20460621, ""query_seed"": 20461624, ""evaluation_path_source"": ""trace_poses"", ""planner_path_pose_count"": 2, ""evaluation_path_pose_count"": 107}"
extreme_s00_q0008,f_n3p_knn,Extreme,d08_12,True,True,0.0004793638363480568,0,10.520931517693668,10.520931517693667,2.220446049250313e-16,0,0.0,0.2868582583109627,0,0,0,0,False,0,0,,,"{""profile_name"": ""extreme_d06"", ""map_seed"": 20460621, ""query_seed"": 20461624}"
extreme_s00_q0008,n3p_k1,Extreme,d08_12,True,True,0.00044926884584128857,0,10.520931517693668,10.520931517693667,2.220446049250313e-16,0,0.0,0.2868582583109627,0,0,0,0,False,0,0,,,"{""profile_name"": ""extreme_d06"", ""map_seed"": 20460621, ""query_seed"": 20461624}"
extreme_s00_q0008,voronoi_waypoint,Extreme,d08_12,True,True,0.3358820420689881,2,11.400691488725652,10.520931517693667,0.08361996934895366,0,0.2856275030078125,0.0793001826086468,0,0,0,0,False,,,,,"{""profile_name"": ""extreme_d06"", ""map_seed"": 20460621, ""query_seed"": 20461624, ""waypoint_count"": 1}"
extreme_s00_q0008,bottleneck_waypoint,Extreme,d08_12,True,True,0.48090990795753896,3,10.69145387644822,10.520931517693667,0.016207914524277278,0,0.2918583195691646,0.49113832637629884,0,0,0,0,False,,,,,"{""profile_name"": ""extreme_d06"", ""map_seed"": 20460621, ""query_seed"": 20461624, ""waypoint_count"": 2, ""bottleneck_count"": 2}"
extreme_s00_q0008,md_dqn,Extreme,d08_12,False,False,0.19590925425291061,412,0.8493749999999923,10.520931517693667,,2,0.8128464187251049,0.42708629079781557,0,0,0,0,False,,,,md_dqn_not_reached,"{""profile_name"": ""extreme_d06"", ""map_seed"": 20460621, ""query_seed"": 20461624, ""md_dqn_source_dir"": ""/home/ubuntu/DQN10/2_experiment"", ""md_dqn_checkpoint_path"": ""/home/ubuntu/DQN10/2_experiment/ugv_dqn/outputs/2026-05-12_train_load_external_demo_smoke/models/realmap_a/mlp-dqn.pt"", ""md_dqn_algo"": ""mlp-dqn"", ""md_dqn_device"": ""cpu"", ""md_dqn_max_steps"": 600, ""md_dqn_rollout_steps"": 412, ""md_dqn_reached"": false}"
extreme_s00_q0009,vanilla_ha,Extreme,d12_16,True,True,0.44031739234924316,493,15.027827303953789,,,0,0.3485898047256263,0.058855799761091954,0,0,0,0,False,,,,,"{""profile_name"": ""extreme_d07"", ""map_seed"": 20460621, ""query_seed"": 20461625, ""evaluation_path_source"": ""trace_poses"", ""planner_path_pose_count"": 38, ""evaluation_path_pose_count"": 154}"
extreme_s00_q0009,f_n3p_knn,Extreme,d12_16,True,True,0.18964453600347042,9,16.25800932816709,15.027827303953789,0.08186027157030518,5,0.31888681616504466,0.05419344143762006,0,26,1,0,True,2,3,0.6666666666666666,,"{""profile_name"": ""extreme_d07"", ""map_seed"": 20460621, ""query_seed"": 20461625}"
extreme_s00_q0009,n3p_k1,Extreme,d12_16,True,True,0.32520934706553817,14,16.029214442125415,15.027827303953789,0.06663552341383139,1,0.331131183610774,0.05419344143762006,0,0,2,0,True,2,2,1.0,,"{""profile_name"": ""extreme_d07"", ""map_seed"": 20460621, ""query_seed"": 20461625}"
extreme_s00_q0009,voronoi_waypoint,Extreme,d12_16,True,True,0.5775558419991285,116,15.920627498771308,15.027827303953789,0.05940979868610996,2,0.3840459720419473,0.058855799761091954,0,0,0,0,False,,,,,"{""profile_name"": ""extreme_d07"", ""map_seed"": 20460621, ""query_seed"": 20461625, ""waypoint_count"": 2}"
extreme_s00_q0009,bottleneck_waypoint,Extreme,d12_16,True,True,0.495173750910908,25,15.484796516881952,15.027827303953789,0.030408202309320842,0,0.3628345448177734,0.05502647052295512,0,0,0,0,False,,,,,"{""profile_name"": ""extreme_d07"", ""map_seed"": 20460621, ""query_seed"": 20461625, ""waypoint_count"": 2, ""bottleneck_count"": 2}"
extreme_s00_q0009,md_dqn,Extreme,d12_16,False,False,0.0014608220662921667,1,0.0037499999999995124,15.027827303953789,,0,0.08734630124016196,0.2135072619782752,0,0,0,0,False,,,,md_dqn_not_reached,"{""profile_name"": ""extreme_d07"", ""map_seed"": 20460621, ""query_seed"": 20461625, ""md_dqn_source_dir"": ""/home/ubuntu/DQN10/2_experiment"", ""md_dqn_checkpoint_path"": ""/home/ubuntu/DQN10/2_experiment/ugv_dqn/outputs/2026-05-12_train_load_external_demo_smoke/models/realmap_a/mlp-dqn.pt"", ""md_dqn_algo"": ""mlp-dqn"", ""md_dqn_device"": ""cpu"", ""md_dqn_max_steps"": 600, ""md_dqn_rollout_steps"": 1, ""md_dqn_reached"": false}"
extreme_s00_q0010,vanilla_ha,Extreme,d16_20,True,True,0.4783163070678711,596,20.082039772458707,,,0,0.3495326530265955,0.07129899004438278,0,0,0,0,False,,,,,"{""profile_name"": ""extreme_d03"", ""map_seed"": 20460622, ""query_seed"": 20461622, ""evaluation_path_source"": ""trace_poses"", ""planner_path_pose_count"": 50, ""evaluation_path_pose_count"": 204}"
extreme_s00_q0010,f_n3p_knn,Extreme,d16_20,True,True,0.02845878596417606,0,19.258220277472024,20.082039772458707,-0.041022700100240894,0,0.0841210089407805,0.07208282202567151,0,9,0,0,True,2,3,0.6666666666666666,,"{""profile_name"": ""extreme_d03"", ""map_seed"": 20460622, ""query_seed"": 20461622}"
extreme_s00_q0010,n3p_k1,Extreme,d16_20,True,True,0.24958845204673707,121,19.306439385481042,20.082039772458707,-0.038621594009656035,0,0.196837622140249,0.07208282202567151,0,0,1,0,True,2,2,1.0,,"{""profile_name"": ""extreme_d03"", ""map_seed"": 20460622, ""query_seed"": 20461622}"
extreme_s00_q0010,voronoi_waypoint,Extreme,d16_20,True,True,0.6228551829699427,16,20.02723997903578,20.082039772458707,-0.002728796180260562,0,0.229642880515663,0.11472702605820873,0,0,0,0,False,,,,,"{""profile_name"": ""extreme_d03"", ""map_seed"": 20460622, ""query_seed"": 20461622, ""waypoint_count"": 3}"
extreme_s00_q0010,bottleneck_waypoint,Extreme,d16_20,True,True,0.8938167730811983,6,20.28844587850735,20.082039772458707,0.010278144470748263,2,0.3460288806892078,0.2039256886682168,0,0,0,0,False,,,,,"{""profile_name"": ""extreme_d03"", ""map_seed"": 20460622, ""query_seed"": 20461622, ""waypoint_count"": 5, ""bottleneck_count"": 5}"
extreme_s00_q0010,md_dqn,Extreme,d16_20,False,False,0.37399245519191027,476,40.29562500000001,20.082039772458707,,1,0.2676473535638714,0.07519422482929006,0,0,0,0,False,,,,md_dqn_not_reached,"{""profile_name"": ""extreme_d03"", ""map_seed"": 20460622, ""query_seed"": 20461622, ""md_dqn_source_dir"": ""/home/ubuntu/DQN10/2_experiment"", ""md_dqn_checkpoint_path"": ""/home/ubuntu/DQN10/2_experiment/ugv_dqn/outputs/2026-05-12_train_load_external_demo_smoke/models/realmap_a/mlp-dqn.pt"", ""md_dqn_algo"": ""mlp-dqn"", ""md_dqn_device"": ""cpu"", ""md_dqn_max_steps"": 600, ""md_dqn_rollout_steps"": 476, ""md_dqn_reached"": false}"
extreme_s00_q0011,vanilla_ha,Extreme,d20_inf,False,False,2.504833221435547,3481,,,,0,,,0,0,0,0,False,,,,timeout,"{""profile_name"": ""extreme_d04"", ""map_seed"": 20460622, ""query_seed"": 20461623, ""evaluation_path_source"": ""planner_path"", ""planner_path_pose_count"": 0, ""evaluation_path_pose_count"": 0}"
extreme_s00_q0011,f_n3p_knn,Extreme,d20_inf,True,True,0.07373507902957499,0,39.125869821743066,,,4,0.25653758950199956,0.09149082694759281,0,21,0,0,True,6,10,0.6,,"{""profile_name"": ""extreme_d04"", ""map_seed"": 20460622, ""query_seed"": 20461623}"
extreme_s00_q0011,n3p_k1,Extreme,d20_inf,False,False,3.547405721154064,4858,,,,0,,,0,0,1,1,True,0,0,,f2_failed:prediction:goal_in_collision;goal:timeout;f3_failed:timeout,"{""profile_name"": ""extreme_d04"", ""map_seed"": 20460622, ""query_seed"": 20461623}"
extreme_s00_q0011,voronoi_waypoint,Extreme,d20_inf,True,True,1.104846651898697,60,34.59957379893787,,,0,0.18908995151216546,0.08526750710842301,0,0,0,0,False,,,,,"{""profile_name"": ""extreme_d04"", ""map_seed"": 20460622, ""query_seed"": 20461623, ""waypoint_count"": 6}"
extreme_s00_q0011,bottleneck_waypoint,Extreme,d20_inf,True,True,0.9162921959068626,10,34.032299024708834,,,0,0.15651738258606204,0.08526750710842301,0,0,0,0,False,,,,,"{""profile_name"": ""extreme_d04"", ""map_seed"": 20460622, ""query_seed"": 20461623, ""waypoint_count"": 5, ""bottleneck_count"": 5}"
extreme_s00_q0011,md_dqn,Extreme,d20_inf,False,False,0.0014350530691444874,1,0.003749999999999759,,,0,0.08734630124015622,0.11129637083070698,0,0,0,0,False,,,,md_dqn_not_reached,"{""profile_name"": ""extreme_d04"", ""map_seed"": 20460622, ""query_seed"": 20461623, ""md_dqn_source_dir"": ""/home/ubuntu/DQN10/2_experiment"", ""md_dqn_checkpoint_path"": ""/home/ubuntu/DQN10/2_experiment/ugv_dqn/outputs/2026-05-12_train_load_external_demo_smoke/models/realmap_a/mlp-dqn.pt"", ""md_dqn_algo"": ""mlp-dqn"", ""md_dqn_device"": ""cpu"", ""md_dqn_max_steps"": 600, ""md_dqn_rollout_steps"": 1, ""md_dqn_reached"": false}"
extreme_s00_q0012,vanilla_ha,Extreme,d08_12,True,True,0.8314175605773926,957,11.902105616184274,,,0,0.23493868416565233,0.09514421028477182,0,0,0,0,False,,,,,"{""profile_name"": ""extreme_d05"", ""map_seed"": 20460622, ""query_seed"": 20461624, ""evaluation_path_source"": ""trace_poses"", ""planner_path_pose_count"": 25, ""evaluation_path_pose_count"": 121}"
extreme_s00_q0012,f_n3p_knn,Extreme,d08_12,True,True,0.0363079309463501,0,13.641883400018765,11.902105616184274,0.14617394937823192,3,0.32982741711990343,0.05343849876732165,0,9,0,0,True,2,4,0.5,,"{""profile_name"": ""extreme_d05"", ""map_seed"": 20460622, ""query_seed"": 20461624}"
extreme_s00_q0012,n3p_k1,Extreme,d08_12,True,True,0.17018870287574828,1,12.931235099780906,11.902105616184274,0.08646616966641929,3,0.30779353186910063,0.08505948699913257,0,0,1,0,True,2,2,1.0,,"{""profile_name"": ""extreme_d05"", ""map_seed"": 20460622, ""query_seed"": 20461624}"
extreme_s00_q0012,voronoi_waypoint,Extreme,d08_12,True,True,0.7366600988898426,303,13.700267453134982,11.902105616184274,0.15107930436322126,1,0.3630483506095941,0.1287785210219674,0,0,0,0,False,,,,,"{""profile_name"": ""extreme_d05"", ""map_seed"": 20460622, ""query_seed"": 20461624, ""waypoint_count"": 2}"
extreme_s00_q0012,bottleneck_waypoint,Extreme,d08_12,True,True,0.47736509912647307,3,13.690183246327035,11.902105616184274,0.15023204194318063,1,0.301255079148041,0.14702965375015498,0,0,0,0,False,,,,,"{""profile_name"": ""extreme_d05"", ""map_seed"": 20460622, ""query_seed"": 20461624, ""waypoint_count"": 2, ""bottleneck_count"": 2}"
extreme_s00_q0012,md_dqn,Extreme,d08_12,False,False,0.16676982399076223,600,1.1250000000000366,11.902105616184274,,0,0.828655089894863,0.2767949197532271,0,0,0,0,False,,,,md_dqn_not_reached,"{""profile_name"": ""extreme_d05"", ""map_seed"": 20460622, ""query_seed"": 20461624, ""md_dqn_source_dir"": ""/home/ubuntu/DQN10/2_experiment"", ""md_dqn_checkpoint_path"": ""/home/ubuntu/DQN10/2_experiment/ugv_dqn/outputs/2026-05-12_train_load_external_demo_smoke/models/realmap_a/mlp-dqn.pt"", ""md_dqn_algo"": ""mlp-dqn"", ""md_dqn_device"": ""cpu"", ""md_dqn_max_steps"": 600, ""md_dqn_rollout_steps"": 600, ""md_dqn_reached"": false}"
extreme_s00_q0013,vanilla_ha,Extreme,d12_16,True,True,0.2621145248413086,169,15.845513550091399,,,0,0.1864229846864016,0.0638652780657395,0,0,0,0,False,,,,,"{""profile_name"": ""extreme_d06"", ""map_seed"": 20460622, ""query_seed"": 20461625, ""evaluation_path_source"": ""trace_poses"", ""planner_path_pose_count"": 32, ""evaluation_path_pose_count"": 161}"
extreme_s00_q0013,f_n3p_knn,Extreme,d12_16,True,True,0.02031337283551693,0,15.600195288631161,15.845513550091399,-0.015481875086265195,0,0.0339336290547946,0.061612452629067005,0,1,0,0,True,1,2,0.5,,"{""profile_name"": ""extreme_d06"", ""map_seed"": 20460622, ""query_seed"": 20461625}"
extreme_s00_q0013,n3p_k1,Extreme,d12_16,True,True,0.21584617509506643,65,16.50055009897599,15.845513550091399,0.041338928322762536,1,0.08073820489675622,0.0601474365976159,0,0,1,0,True,1,1,1.0,,"{""profile_name"": ""extreme_d06"", ""map_seed"": 20460622, ""query_seed"": 20461625}"
extreme_s00_q0013,voronoi_waypoint,Extreme,d12_16,True,True,0.6218242498580366,4,17.450109451301344,15.845513550091399,0.10126499820516632,2,0.2622226219051248,0.4490748309526952,0,0,0,0,False,,,,,"{""profile_name"": ""extreme_d06"", ""map_seed"": 20460622, ""query_seed"": 20461625, ""waypoint_count"": 3}"
extreme_s00_q0013,bottleneck_waypoint,Extreme,d12_16,True,True,0.6262074650730938,4,17.903250509939127,15.845513550091399,0.12986243414217769,0,0.27179046398434065,0.4490748309526952,0,0,0,0,False,,,,,"{""profile_name"": ""extreme_d06"", ""map_seed"": 20460622, ""query_seed"": 20461625, ""waypoint_count"": 3, ""bottleneck_count"": 3}"
extreme_s00_q0013,md_dqn,Extreme,d12_16,False,False,0.27047892613336444,280,21.498125000000027,15.845513550091399,,1,0.20306607980923744,0.1057363841144825,0,0,0,0,False,,,,md_dqn_not_reached,"{""profile_name"": ""extreme_d06"", ""map_seed"": 20460622, ""query_seed"": 20461625, ""md_dqn_source_dir"": ""/home/ubuntu/DQN10/2_experiment"", ""md_dqn_checkpoint_path"": ""/home/ubuntu/DQN10/2_experiment/ugv_dqn/outputs/2026-05-12_train_load_external_demo_smoke/models/realmap_a/mlp-dqn.pt"", ""md_dqn_algo"": ""mlp-dqn"", ""md_dqn_device"": ""cpu"", ""md_dqn_max_steps"": 600, ""md_dqn_rollout_steps"": 280, ""md_dqn_reached"": false}"
extreme_s00_q0014,vanilla_ha,Extreme,d16_20,False,False,2.500074625015259,3419,,,,0,,,0,0,0,0,False,,,,timeout,"{""profile_name"": ""extreme_d07"", ""map_seed"": 20460622, ""query_seed"": 20461626, ""evaluation_path_source"": ""planner_path"", ""planner_path_pose_count"": 0, ""evaluation_path_pose_count"": 0}"
extreme_s00_q0014,f_n3p_knn,Extreme,d16_20,True,True,0.026514106895774603,0,21.54698577957117,,,1,0.13917715011842138,0.06779964591056986,0,20,0,0,True,0,3,0.0,,"{""profile_name"": ""extreme_d07"", ""map_seed"": 20460622, ""query_seed"": 20461626}"
extreme_s00_q0014,n3p_k1,Extreme,d16_20,False,False,3.5092589838895947,4778,,,,0,,,0,0,1,1,True,0,0,,f2_failed:prediction:goal_in_collision;goal:timeout;f3_failed:timeout,"{""profile_name"": ""extreme_d07"", ""map_seed"": 20460622, ""query_seed"": 20461626}"
extreme_s00_q0014,voronoi_waypoint,Extreme,d16_20,True,True,0.6889175039250404,84,20.463268812795413,,,1,0.2478624160237339,0.09063280710244692,0,0,0,0,False,,,,,"{""profile_name"": ""extreme_d07"", ""map_seed"": 20460622, ""query_seed"": 20461626, ""waypoint_count"": 3}"
extreme_s00_q0014,bottleneck_waypoint,Extreme,d16_20,True,True,0.7557279670145363,5,21.105801491118825,,,3,0.20529107781237824,0.19369894292451295,0,0,0,0,False,,,,,"{""profile_name"": ""extreme_d07"", ""map_seed"": 20460622, ""query_seed"": 20461626, ""waypoint_count"": 4, ""bottleneck_count"": 4}"
extreme_s00_q0014,md_dqn,Extreme,d16_20,False,False,0.3443822015542537,362,26.154374999999987,,,2,0.28963141485319327,0.20682680021397848,0,0,0,0,False,,,,md_dqn_not_reached,"{""profile_name"": ""extreme_d07"", ""map_seed"": 20460622, ""query_seed"": 20461626, ""md_dqn_source_dir"": ""/home/ubuntu/DQN10/2_experiment"", ""md_dqn_checkpoint_path"": ""/home/ubuntu/DQN10/2_experiment/ugv_dqn/outputs/2026-05-12_train_load_external_demo_smoke/models/realmap_a/mlp-dqn.pt"", ""md_dqn_algo"": ""mlp-dqn"", ""md_dqn_device"": ""cpu"", ""md_dqn_max_steps"": 600, ""md_dqn_rollout_steps"": 362, ""md_dqn_reached"": false}"
extreme_s00_q0015,vanilla_ha,Extreme,d20_inf,False,False,2.5000197887420654,4998,,,,0,,,0,0,0,0,False,,,,timeout,"{""profile_name"": ""extreme_d03"", ""map_seed"": 20460623, ""query_seed"": 20461623, ""evaluation_path_source"": ""planner_path"", ""planner_path_pose_count"": 0, ""evaluation_path_pose_count"": 0}"
extreme_s00_q0015,f_n3p_knn,Extreme,d20_inf,True,True,0.04989767191000283,0,27.48942103869137,,,6,0.16703100036669408,0.1025148050477066,0,16,0,0,True,2,6,0.3333333333333333,,"{""profile_name"": ""extreme_d03"", ""map_seed"": 20460623, ""query_seed"": 20461623}"
extreme_s00_q0015,n3p_k1,Extreme,d20_inf,False,False,3.5136247610207647,7030,,,,0,,,0,0,1,1,True,0,0,,f2_failed:prediction:goal_in_collision;goal:timeout;f3_failed:timeout,"{""profile_name"": ""extreme_d03"", ""map_seed"": 20460623, ""query_seed"": 20461623}"
extreme_s00_q0015,voronoi_waypoint,Extreme,d20_inf,True,True,0.9058995500672609,6,28.40603695764865,,,0,0.2156164063942139,0.19079107730252587,0,0,0,0,False,,,,,"{""profile_name"": ""extreme_d03"", ""map_seed"": 20460623, ""query_seed"": 20461623, ""waypoint_count"": 5}"
extreme_s00_q0015,bottleneck_waypoint,Extreme,d20_inf,True,True,0.9108545929193497,6,27.45217382389563,,,0,0.1944945668132777,0.2371854775556772,0,0,0,0,False,,,,,"{""profile_name"": ""extreme_d03"", ""map_seed"": 20460623, ""query_seed"": 20461623, ""waypoint_count"": 5, ""bottleneck_count"": 5}"
extreme_s00_q0015,md_dqn,Extreme,d20_inf,False,False,0.16497803246602416,600,1.1249999999999978,,,0,0.8385645564237276,0.8364933746952214,0,0,0,0,False,,,,md_dqn_not_reached,"{""profile_name"": ""extreme_d03"", ""map_seed"": 20460623, ""query_seed"": 20461623, ""md_dqn_source_dir"": ""/home/ubuntu/DQN10/2_experiment"", ""md_dqn_checkpoint_path"": ""/home/ubuntu/DQN10/2_experiment/ugv_dqn/outputs/2026-05-12_train_load_external_demo_smoke/models/realmap_a/mlp-dqn.pt"", ""md_dqn_algo"": ""mlp-dqn"", ""md_dqn_device"": ""cpu"", ""md_dqn_max_steps"": 600, ""md_dqn_rollout_steps"": 600, ""md_dqn_reached"": false}"
extreme_s00_q0016,vanilla_ha,Extreme,d08_12,True,True,0.41446542739868164,421,8.286366654316916,,,0,0.2254644928745443,0.1276189636917583,0,0,0,0,False,,,,,"{""profile_name"": ""extreme_d04"", ""map_seed"": 20460623, ""query_seed"": 20461624, ""evaluation_path_source"": ""trace_poses"", ""planner_path_pose_count"": 11, ""evaluation_path_pose_count"": 85}"
extreme_s00_q0016,f_n3p_knn,Extreme,d08_12,True,True,0.020751241128891706,0,9.28024458980809,8.286366654316916,0.1199413418392965,3,0.2893718516658878,0.054734715313575044,0,4,0,0,True,0,2,0.0,,"{""profile_name"": ""extreme_d04"", ""map_seed"": 20460623, ""query_seed"": 20461624}"
extreme_s00_q0016,n3p_k1,Extreme,d08_12,True,True,0.20884331781417131,57,8.23525655775717,8.286366654316916,-0.006167974299462142,0,0.25325036339497387,0.10636043375234272,0,0,1,0,True,0,0,,,"{""profile_name"": ""extreme_d04"", ""map_seed"": 20460623, ""query_seed"": 20461624}"
extreme_s00_q0016,voronoi_waypoint,Extreme,d08_12,True,True,0.3361840220168233,2,9.920475486704532,8.286366654316916,0.1972045047676354,0,0.35014368139024665,0.35848280376158836,0,0,0,0,False,,,,,"{""profile_name"": ""extreme_d04"", ""map_seed"": 20460623, ""query_seed"": 20461624, ""waypoint_count"": 1}"
extreme_s00_q0016,bottleneck_waypoint,Extreme,d08_12,True,True,0.33481366094201803,2,9.030781564586707,8.286366654316916,0.08983610565699207,0,0.27625591949767786,0.35848280376158836,0,0,0,0,False,,,,,"{""profile_name"": ""extreme_d04"", ""map_seed"": 20460623, ""query_seed"": 20461624, ""waypoint_count"": 1, ""bottleneck_count"": 1}"
extreme_s00_q0016,md_dqn,Extreme,d08_12,False,False,0.1650236169807613,600,1.124999999999992,8.286366654316916,,0,0.8385645564237337,0.35848280376158836,0,0,0,0,False,,,,md_dqn_not_reached,"{""profile_name"": ""extreme_d04"", ""map_seed"": 20460623, ""query_seed"": 20461624, ""md_dqn_source_dir"": ""/home/ubuntu/DQN10/2_experiment"", ""md_dqn_checkpoint_path"": ""/home/ubuntu/DQN10/2_experiment/ugv_dqn/outputs/2026-05-12_train_load_external_demo_smoke/models/realmap_a/mlp-dqn.pt"", ""md_dqn_algo"": ""mlp-dqn"", ""md_dqn_device"": ""cpu"", ""md_dqn_max_steps"": 600, ""md_dqn_rollout_steps"": 600, ""md_dqn_reached"": false}"
extreme_s00_q0017,vanilla_ha,Extreme,d12_16,True,True,0.16096782684326172,29,12.214801687915537,,,0,0.07702320457471755,0.06945831891812504,0,0,0,0,False,,,,,"{""profile_name"": ""extreme_d05"", ""map_seed"": 20460623, ""query_seed"": 20461625, ""evaluation_path_source"": ""trace_poses"", ""planner_path_pose_count"": 16, ""evaluation_path_pose_count"": 125}"
extreme_s00_q0017,f_n3p_knn,Extreme,d12_16,True,True,0.011293730000033975,0,12.376007926796277,12.214801687915537,0.013197614091453147,0,0.10770422419896661,0.10032385294364199,0,1,0,0,True,0,1,0.0,,"{""profile_name"": ""extreme_d05"", ""map_seed"": 20460623, ""query_seed"": 20461625}"
extreme_s00_q0017,n3p_k1,Extreme,d12_16,True,True,1.1712847028393298,931,12.214801687915537,12.214801687915537,0.0,0,0.07702320457471755,0.06945831891812504,0,0,1,0,True,0,0,,,"{""profile_name"": ""extreme_d05"", ""map_seed"": 20460623, ""query_seed"": 20461625}"
extreme_s00_q0017,voronoi_waypoint,Extreme,d12_16,True,True,0.4706736479420215,3,13.452486995900372,12.214801687915537,0.10132668049857196,0,0.2521314599430372,0.419568714107295,0,0,0,0,False,,,,,"{""profile_name"": ""extreme_d05"", ""map_seed"": 20460623, ""query_seed"": 20461625, ""waypoint_count"": 2}"
extreme_s00_q0017,bottleneck_waypoint,Extreme,d12_16,True,True,0.47506398684345186,3,12.516192219630987,12.214801687915537,0.024674205886913825,0,0.15418835353383928,0.17056972031922035,0,0,0,0,False,,,,,"{""profile_name"": ""extreme_d05"", ""map_seed"": 20460623, ""query_seed"": 20461625, ""waypoint_count"": 2, ""bottleneck_count"": 2}"
extreme_s00_q0017,md_dqn,Extreme,d12_16,False,False,0.16459933179430664,600,1.1250000000003235,12.214801687915537,,0,0.0,0.6704369223812285,0,0,0,0,False,,,,md_dqn_not_reached,"{""profile_name"": ""extreme_d05"", ""map_seed"": 20460623, ""query_seed"": 20461625, ""md_dqn_source_dir"": ""/home/ubuntu/DQN10/2_experiment"", ""md_dqn_checkpoint_path"": ""/home/ubuntu/DQN10/2_experiment/ugv_dqn/outputs/2026-05-12_train_load_external_demo_smoke/models/realmap_a/mlp-dqn.pt"", ""md_dqn_algo"": ""mlp-dqn"", ""md_dqn_device"": ""cpu"", ""md_dqn_max_steps"": 600, ""md_dqn_rollout_steps"": 600, ""md_dqn_reached"": false}"
extreme_s00_q0018,vanilla_ha,Extreme,d16_20,True,True,0.5008461475372314,541,20.406555306918087,,,0,0.2985734531329918,0.06668772730253159,0,0,0,0,False,,,,,"{""profile_name"": ""extreme_d06"", ""map_seed"": 20460623, ""query_seed"": 20461626, ""evaluation_path_source"": ""trace_poses"", ""planner_path_pose_count"": 60, ""evaluation_path_pose_count"": 207}"
extreme_s00_q0018,f_n3p_knn,Extreme,d16_20,True,True,0.265874438919127,109,20.408337672627763,20.406555306918087,8.734280151001528e-05,0,0.19854588627938,0.073088354510353,0,34,1,0,True,1,2,0.5,,"{""profile_name"": ""extreme_d06"", ""map_seed"": 20460623, ""query_seed"": 20461626}"
extreme_s00_q0018,n3p_k1,Extreme,d16_20,True,True,0.19003363489173353,36,22.597611388311012,20.406555306918087,0.10737020768273076,3,0.24303918320397525,0.06120213631294197,0,0,1,0,True,2,2,1.0,,"{""profile_name"": ""extreme_d06"", ""map_seed"": 20460623, ""query_seed"": 20461626}"
extreme_s00_q0018,voronoi_waypoint,Extreme,d16_20,True,True,1.2159150880761445,676,21.784970017307543,20.406555306918087,0.06754764288523285,2,0.2193741249269425,0.06002323792528291,0,0,0,0,False,,,,,"{""profile_name"": ""extreme_d06"", ""map_seed"": 20460623, ""query_seed"": 20461626, ""waypoint_count"": 3}"
extreme_s00_q0018,bottleneck_waypoint,Extreme,d16_20,True,True,0.6373224931303412,10,20.438119605727657,20.406555306918087,0.0015467725118147868,0,0.17236584321394893,0.09582227120139741,0,0,0,0,False,,,,,"{""profile_name"": ""extreme_d06"", ""map_seed"": 20460623, ""query_seed"": 20461626, ""waypoint_count"": 3, ""bottleneck_count"": 3}"
extreme_s00_q0018,md_dqn,Extreme,d16_20,False,False,0.3288948892150074,390,29.56750000000001,20.406555306918087,,0,0.11118270197005295,0.16647262381153904,0,0,0,0,False,,,,md_dqn_not_reached,"{""profile_name"": ""extreme_d06"", ""map_seed"": 20460623, ""query_seed"": 20461626, ""md_dqn_source_dir"": ""/home/ubuntu/DQN10/2_experiment"", ""md_dqn_checkpoint_path"": ""/home/ubuntu/DQN10/2_experiment/ugv_dqn/outputs/2026-05-12_train_load_external_demo_smoke/models/realmap_a/mlp-dqn.pt"", ""md_dqn_algo"": ""mlp-dqn"", ""md_dqn_device"": ""cpu"", ""md_dqn_max_steps"": 600, ""md_dqn_rollout_steps"": 390, ""md_dqn_reached"": false}"
extreme_s00_q0019,vanilla_ha,Extreme,d20_inf,True,True,0.15044307708740234,1,24.71639132235934,,,0,0.0,0.09695163200551171,0,0,0,0,False,,,,,"{""profile_name"": ""extreme_d07"", ""map_seed"": 20460623, ""query_seed"": 20461627, ""evaluation_path_source"": ""trace_poses"", ""planner_path_pose_count"": 2, ""evaluation_path_pose_count"": 249}"
extreme_s00_q0019,f_n3p_knn,Extreme,d20_inf,True,True,0.0009428809862583876,0,24.71639132235934,24.71639132235934,0.0,0,0.0,0.09695163200551171,0,0,0,0,False,0,0,,,"{""profile_name"": ""extreme_d07"", ""map_seed"": 20460623, ""query_seed"": 20461627}"
extreme_s00_q0019,n3p_k1,Extreme,d20_inf,True,True,0.0009523029439151287,0,24.71639132235934,24.71639132235934,0.0,0,0.0,0.09695163200551171,0,0,0,0,False,0,0,,,"{""profile_name"": ""extreme_d07"", ""map_seed"": 20460623, ""query_seed"": 20461627}"
extreme_s00_q0019,voronoi_waypoint,Extreme,d20_inf,True,True,0.8245072681456804,77,26.956567745985378,24.71639132235934,0.09063525473475953,2,0.21644540243809066,0.06362181965178693,0,0,0,0,False,,,,,"{""profile_name"": ""extreme_d07"", ""map_seed"": 20460623, ""query_seed"": 20461627, ""waypoint_count"": 4}"
extreme_s00_q0019,bottleneck_waypoint,Extreme,d20_inf,True,True,0.6287500918842852,9,26.039160684434112,24.71639132235934,0.053517900118297046,0,0.13770442775938468,0.07155333786686158,0,0,0,0,False,,,,,"{""profile_name"": ""extreme_d07"", ""map_seed"": 20460623, ""query_seed"": 20461627, ""waypoint_count"": 3, ""bottleneck_count"": 3}"
extreme_s00_q0019,md_dqn,Extreme,d20_inf,False,False,0.16570571763440967,600,1.124999999999996,24.71639132235934,,0,0.8385645564237285,2.4086186740719766,0,0,0,0,False,,,,md_dqn_not_reached,"{""profile_name"": ""extreme_d07"", ""map_seed"": 20460623, ""query_seed"": 20461627, ""md_dqn_source_dir"": ""/home/ubuntu/DQN10/2_experiment"", ""md_dqn_checkpoint_path"": ""/home/ubuntu/DQN10/2_experiment/ugv_dqn/outputs/2026-05-12_train_load_external_demo_smoke/models/realmap_a/mlp-dqn.pt"", ""md_dqn_algo"": ""mlp-dqn"", ""md_dqn_device"": ""cpu"", ""md_dqn_max_steps"": 600, ""md_dqn_rollout_steps"": 600, ""md_dqn_reached"": false}"
extreme_s01_q0020,vanilla_ha,Extreme,d08_12,True,True,0.24086999893188477,161,13.32361559281097,,,1,0.16243392638568271,0.07548292220089126,0,0,0,0,False,,,,,"{""profile_name"": ""extreme_d03"", ""map_seed"": 20470620, ""query_seed"": 20471620, ""evaluation_path_source"": ""trace_poses"", ""planner_path_pose_count"": 8, ""evaluation_path_pose_count"": 135}"
extreme_s01_q0020,f_n3p_knn,Extreme,d08_12,True,True,0.2958049369044602,157,13.336255302603657,13.32361559281097,0.0009486696538667516,1,0.20072980968410678,0.08957085524597075,0,19,1,0,True,0,0,,,"{""profile_name"": ""extreme_d03"", ""map_seed"": 20470620, ""query_seed"": 20471620}"
extreme_s01_q0020,n3p_k1,Extreme,d08_12,True,True,0.29500431288033724,157,13.336255302603657,13.32361559281097,0.0009486696538667516,1,0.20072980968410678,0.08957085524597075,0,0,1,0,True,0,0,,,"{""profile_name"": ""extreme_d03"", ""map_seed"": 20470620, ""query_seed"": 20471620}"
extreme_s01_q0020,voronoi_waypoint,Extreme,d08_12,True,True,0.5654637571424246,123,13.937509802592308,13.32361559281097,0.04607564707229894,1,0.41174491133374236,0.0842099213132863,0,0,0,0,False,,,,,"{""profile_name"": ""extreme_d03"", ""map_seed"": 20470620, ""query_seed"": 20471620, ""waypoint_count"": 2}"
extreme_s01_q0020,bottleneck_waypoint,Extreme,d08_12,True,True,0.48561220709234476,7,13.11078588651663,13.32361559281097,-0.015973870216518082,3,0.2587491305965027,0.12398927030649398,0,0,0,0,False,,,,,"{""profile_name"": ""extreme_d03"", ""map_seed"": 20470620, ""query_seed"": 20471620, ""waypoint_count"": 2, ""bottleneck_count"": 2}"
extreme_s01_q0020,md_dqn,Extreme,d08_12,False,False,0.0014491549227386713,1,0.0037500000000014445,13.32361559281097,,0,0.08734630124011696,0.15335315218991363,0,0,0,0,False,,,,md_dqn_not_reached,"{""profile_name"": ""extreme_d03"", ""map_seed"": 20470620, ""query_seed"": 20471620, ""md_dqn_source_dir"": ""/home/ubuntu/DQN10/2_experiment"", ""md_dqn_checkpoint_path"": ""/home/ubuntu/DQN10/2_experiment/ugv_dqn/outputs/2026-05-12_train_load_external_demo_smoke/models/realmap_a/mlp-dqn.pt"", ""md_dqn_algo"": ""mlp-dqn"", ""md_dqn_device"": ""cpu"", ""md_dqn_max_steps"": 600, ""md_dqn_rollout_steps"": 1, ""md_dqn_reached"": false}"
extreme_s01_q0021,vanilla_ha,Extreme,d12_16,True,True,0.9538702964782715,1171,14.091662001925332,,,0,0.12268671427566397,0.08585459884087909,0,0,0,0,False,,,,,"{""profile_name"": ""extreme_d04"", ""map_seed"": 20470620, ""query_seed"": 20471621, ""evaluation_path_source"": ""trace_poses"", ""planner_path_pose_count"": 24, ""evaluation_path_pose_count"": 144}"
extreme_s01_q0021,f_n3p_knn,Extreme,d12_16,True,True,0.010912317084148526,0,14.173015937164838,14.091662001925332,0.005773196605793451,0,0.05591143879770994,0.11457302125723368,0,0,0,0,False,1,1,1.0,,"{""profile_name"": ""extreme_d04"", ""map_seed"": 20470620, ""query_seed"": 20471621}"
extreme_s01_q0021,n3p_k1,Extreme,d12_16,True,True,0.009563667001202703,0,14.173015937164838,14.091662001925332,0.005773196605793451,0,0.05591143879770994,0.11457302125723368,0,0,0,0,False,1,1,1.0,,"{""profile_name"": ""extreme_d04"", ""map_seed"": 20470620, ""query_seed"": 20471621}"
extreme_s01_q0021,voronoi_waypoint,Extreme,d12_16,True,True,0.5686533350963145,109,14.785002375091477,14.091662001925332,0.04920217168644925,2,0.27440707476987597,0.06176021832452627,0,0,0,0,False,,,,,"{""profile_name"": ""extreme_d04"", ""map_seed"": 20470620, ""query_seed"": 20471621, ""waypoint_count"": 2}"
extreme_s01_q0021,bottleneck_waypoint,Extreme,d12_16,True,True,0.47739872499369085,3,14.41821158695321,14.091662001925332,0.023173248477238673,0,0.22454847775822434,0.1262388159072939,0,0,0,0,False,,,,,"{""profile_name"": ""extreme_d04"", ""map_seed"": 20470620, ""query_seed"": 20471621, ""waypoint_count"": 2, ""bottleneck_count"": 2}"
extreme_s01_q0021,md_dqn,Extreme,d12_16,False,False,0.16284261737018824,600,1.1249999999999352,14.091662001925332,,0,0.0,0.1262388159072939,0,0,0,0,False,,,,md_dqn_not_reached,"{""profile_name"": ""extreme_d04"", ""map_seed"": 20470620, ""query_seed"": 20471621, ""md_dqn_source_dir"": ""/home/ubuntu/DQN10/2_experiment"", ""md_dqn_checkpoint_path"": ""/home/ubuntu/DQN10/2_experiment/ugv_dqn/outputs/2026-05-12_train_load_external_demo_smoke/models/realmap_a/mlp-dqn.pt"", ""md_dqn_algo"": ""mlp-dqn"", ""md_dqn_device"": ""cpu"", ""md_dqn_max_steps"": 600, ""md_dqn_rollout_steps"": 600, ""md_dqn_reached"": false}"
extreme_s01_q0022,vanilla_ha,Extreme,d16_20,True,True,0.20682621002197266,81,17.031539253831397,,,0,0.1352114211660753,0.1985499267289177,0,0,0,0,False,,,,,"{""profile_name"": ""extreme_d05"", ""map_seed"": 20470620, ""query_seed"": 20471622, ""evaluation_path_source"": ""trace_poses"", ""planner_path_pose_count"": 26, ""evaluation_path_pose_count"": 173}"
extreme_s01_q0022,f_n3p_knn,Extreme,d16_20,True,True,0.019656902877613902,0,16.57092629746107,17.031539253831397,-0.02704470509127399,0,0.06586351602733896,0.08788756041668588,0,0,0,0,False,2,2,1.0,,"{""profile_name"": ""extreme_d05"", ""map_seed"": 20470620, ""query_seed"": 20471622}"
extreme_s01_q0022,n3p_k1,Extreme,d16_20,True,True,0.018276541959494352,0,16.57092629746107,17.031539253831397,-0.02704470509127399,0,0.06586351602733896,0.08788756041668588,0,0,0,0,False,2,2,1.0,,"{""profile_name"": ""extreme_d05"", ""map_seed"": 20470620, ""query_seed"": 20471622}"
extreme_s01_q0022,voronoi_waypoint,Extreme,d16_20,True,True,0.47620232682675123,3,16.897404527760774,17.031539253831397,-0.007875666671786519,0,0.14496205734526985,0.7219163074690771,0,0,0,0,False,,,,,"{""profile_name"": ""extreme_d05"", ""map_seed"": 20470620, ""query_seed"": 20471622, ""waypoint_count"": 2}"
extreme_s01_q0022,bottleneck_waypoint,Extreme,d16_20,True,True,0.47696514311246574,3,16.659831716514564,17.031539253831397,-0.021824659050309503,0,0.13622268392979325,0.6126981139370609,0,0,0,0,False,,,,,"{""profile_name"": ""extreme_d05"", ""map_seed"": 20470620, ""query_seed"": 20471622, ""waypoint_count"": 2, ""bottleneck_count"": 2}"
extreme_s01_q0022,md_dqn,Extreme,d16_20,True,True,0.07540992088615894,226,19.983124999999973,17.031539253831397,0.17330117390913968,0,0.18726484358637138,0.23146007836221028,0,0,0,0,False,,,,,"{""profile_name"": ""extreme_d05"", ""map_seed"": 20470620, ""query_seed"": 20471622, ""md_dqn_source_dir"": ""/home/ubuntu/DQN10/2_experiment"", ""md_dqn_checkpoint_path"": ""/home/ubuntu/DQN10/2_experiment/ugv_dqn/outputs/2026-05-12_train_load_external_demo_smoke/models/realmap_a/mlp-dqn.pt"", ""md_dqn_algo"": ""mlp-dqn"", ""md_dqn_device"": ""cpu"", ""md_dqn_max_steps"": 600, ""md_dqn_rollout_steps"": 226, ""md_dqn_reached"": true}"
extreme_s01_q0023,vanilla_ha,Extreme,d20_inf,True,True,0.8577592372894287,1257,22.171800109446277,,,0,0.22483153375617632,0.08710142391899645,0,0,0,0,False,,,,,"{""profile_name"": ""extreme_d06"", ""map_seed"": 20470620, ""query_seed"": 20471623, ""evaluation_path_source"": ""trace_poses"", ""planner_path_pose_count"": 62, ""evaluation_path_pose_count"": 224}"
extreme_s01_q0023,f_n3p_knn,Extreme,d20_inf,True,True,0.038391274167224765,0,21.46815100816536,22.171800109446277,-0.03173621888198097,0,0.08420331583577537,0.0996985008561313,0,14,0,0,True,1,4,0.25,,"{""profile_name"": ""extreme_d06"", ""map_seed"": 20470620, ""query_seed"": 20471623}"
extreme_s01_q0023,n3p_k1,Extreme,d20_inf,True,True,0.3658097868319601,78,21.79152094059733,22.171800109446277,-0.017151479220080534,0,0.24023978946397267,0.08725825271925092,0,0,2,0,True,0,0,,,"{""profile_name"": ""extreme_d06"", ""map_seed"": 20470620, ""query_seed"": 20471623}"
extreme_s01_q0023,voronoi_waypoint,Extreme,d20_inf,True,True,0.9897192299831659,291,22.726519490899545,22.171800109446277,0.025019140471906454,1,0.28953591092516423,0.06266036657698204,0,0,0,0,False,,,,,"{""profile_name"": ""extreme_d06"", ""map_seed"": 20470620, ""query_seed"": 20471623, ""waypoint_count"": 4}"
extreme_s01_q0023,bottleneck_waypoint,Extreme,d20_inf,True,True,0.7596069960854948,5,22.340642356314493,22.171800109446277,0.007615179914790993,0,0.2169589312742295,0.10490266231188383,0,0,0,0,False,,,,,"{""profile_name"": ""extreme_d06"", ""map_seed"": 20470620, ""query_seed"": 20471623, ""waypoint_count"": 4, ""bottleneck_count"": 4}"
extreme_s01_q0023,md_dqn,Extreme,d20_inf,False,False,0.2199842396657914,308,16.79,22.171800109446277,,1,0.29794733457363776,0.1615592189295364,0,0,0,0,False,,,,md_dqn_not_reached,"{""profile_name"": ""extreme_d06"", ""map_seed"": 20470620, ""query_seed"": 20471623, ""md_dqn_source_dir"": ""/home/ubuntu/DQN10/2_experiment"", ""md_dqn_checkpoint_path"": ""/home/ubuntu/DQN10/2_experiment/ugv_dqn/outputs/2026-05-12_train_load_external_demo_smoke/models/realmap_a/mlp-dqn.pt"", ""md_dqn_algo"": ""mlp-dqn"", ""md_dqn_device"": ""cpu"", ""md_dqn_max_steps"": 600, ""md_dqn_rollout_steps"": 308, ""md_dqn_reached"": false}"
extreme_s01_q0024,vanilla_ha,Extreme,d08_12,True,True,0.1518559455871582,13,8.839676873750866,,,0,0.2083162694340689,0.10550175480007873,0,0,0,0,False,,,,,"{""profile_name"": ""extreme_d07"", ""map_seed"": 20470620, ""query_seed"": 20471624, ""evaluation_path_source"": ""trace_poses"", ""planner_path_pose_count"": 8, ""evaluation_path_pose_count"": 91}"
extreme_s01_q0024,f_n3p_knn,Extreme,d08_12,True,True,0.009622242068871856,0,8.613121244013762,8.839676873750866,-0.025629401727324863,0,0.13580607524167065,0.09231808247370576,0,0,0,0,False,1,1,1.0,,"{""profile_name"": ""extreme_d07"", ""map_seed"": 20470620, ""query_seed"": 20471624}"
extreme_s01_q0024,n3p_k1,Extreme,d08_12,True,True,0.006896232953295112,0,8.613121244013762,8.839676873750866,-0.025629401727324863,0,0.13580607524167065,0.09231808247370576,0,0,0,0,False,1,1,1.0,,"{""profile_name"": ""extreme_d07"", ""map_seed"": 20470620, ""query_seed"": 20471624}"
extreme_s01_q0024,voronoi_waypoint,Extreme,d08_12,True,True,0.3344244980253279,10,8.841402657268718,8.839676873750866,0.00019523151609490697,0,0.24648724187472534,0.06124729545886065,0,0,0,0,False,,,,,"{""profile_name"": ""extreme_d07"", ""map_seed"": 20470620, ""query_seed"": 20471624, ""waypoint_count"": 1}"
extreme_s01_q0024,bottleneck_waypoint,Extreme,d08_12,True,True,0.46848593815229833,3,10.640544011937896,8.839676873750866,0.20372544878135157,1,0.4094553447731524,0.5564461921778212,0,0,0,0,False,,,,,"{""profile_name"": ""extreme_d07"", ""map_seed"": 20470620, ""query_seed"": 20471624, ""waypoint_count"": 2, ""bottleneck_count"": 2}"
extreme_s01_q0024,md_dqn,Extreme,d08_12,False,False,0.32417366839945316,360,0.7331250000001924,8.839676873750866,,1,0.008345615830624606,0.3991574890769205,0,0,0,0,False,,,,md_dqn_not_reached,"{""profile_name"": ""extreme_d07"", ""map_seed"": 20470620, ""query_seed"": 20471624, ""md_dqn_source_dir"": ""/home/ubuntu/DQN10/2_experiment"", ""md_dqn_checkpoint_path"": ""/home/ubuntu/DQN10/2_experiment/ugv_dqn/outputs/2026-05-12_train_load_external_demo_smoke/models/realmap_a/mlp-dqn.pt"", ""md_dqn_algo"": ""mlp-dqn"", ""md_dqn_device"": ""cpu"", ""md_dqn_max_steps"": 600, ""md_dqn_rollout_steps"": 360, ""md_dqn_reached"": false}"
extreme_s01_q0025,vanilla_ha,Extreme,d12_16,True,True,0.21183514595031738,91,14.695990045731788,,,0,0.21260467901017024,0.06418037974582191,0,0,0,0,False,,,,,"{""profile_name"": ""extreme_d03"", ""map_seed"": 20470621, ""query_seed"": 20471621, ""evaluation_path_source"": ""trace_poses"", ""planner_path_pose_count"": 27, ""evaluation_path_pose_count"": 149}"
extreme_s01_q0025,f_n3p_knn,Extreme,d12_16,True,True,0.01964765484444797,0,14.456892922444085,14.695990045731788,-0.016269548532876432,0,0.0707887435994209,0.19760962429439188,0,1,0,0,True,1,2,0.5,,"{""profile_name"": ""extreme_d03"", ""map_seed"": 20470621, ""query_seed"": 20471621}"
extreme_s01_q0025,n3p_k1,Extreme,d12_16,True,True,0.16825430281460285,13,14.425512359749392,14.695990045731788,-0.018404863172927333,0,0.055554966531661164,0.08565694339663621,0,0,1,0,True,1,1,1.0,,"{""profile_name"": ""extreme_d03"", ""map_seed"": 20470621, ""query_seed"": 20471621}"
extreme_s01_q0025,voronoi_waypoint,Extreme,d12_16,True,True,0.6127487169578671,4,18.356069041721266,14.695990045731788,0.2490529038601581,1,0.28642574961019773,0.45944418448410096,0,0,0,0,False,,,,,"{""profile_name"": ""extreme_d03"", ""map_seed"": 20470621, ""query_seed"": 20471621, ""waypoint_count"": 3}"
extreme_s01_q0025,bottleneck_waypoint,Extreme,d12_16,True,True,0.6165850840043277,4,19.05770649395404,14.695990045731788,0.2967963665359885,3,0.3615351673343443,0.09203460847187372,0,0,0,0,False,,,,,"{""profile_name"": ""extreme_d03"", ""map_seed"": 20470621, ""query_seed"": 20471621, ""waypoint_count"": 3, ""bottleneck_count"": 3}"
extreme_s01_q0025,md_dqn,Extreme,d12_16,False,False,0.16447606380097568,600,1.1250000000000353,14.695990045731788,,0,0.7403545638223212,0.46382571297036435,0,0,0,0,False,,,,md_dqn_not_reached,"{""profile_name"": ""extreme_d03"", ""map_seed"": 20470621, ""query_seed"": 20471621, ""md_dqn_source_dir"": ""/home/ubuntu/DQN10/2_experiment"", ""md_dqn_checkpoint_path"": ""/home/ubuntu/DQN10/2_experiment/ugv_dqn/outputs/2026-05-12_train_load_external_demo_smoke/models/realmap_a/mlp-dqn.pt"", ""md_dqn_algo"": ""mlp-dqn"", ""md_dqn_device"": ""cpu"", ""md_dqn_max_steps"": 600, ""md_dqn_rollout_steps"": 600, ""md_dqn_reached"": false}"
extreme_s01_q0026,vanilla_ha,Extreme,d16_20,True,True,0.2983238697052002,256,20.758941182683873,,,0,0.20341195051281719,0.11380147833987553,0,0,0,0,False,,,,,"{""profile_name"": ""extreme_d04"", ""map_seed"": 20470621, ""query_seed"": 20471622, ""evaluation_path_source"": ""trace_poses"", ""planner_path_pose_count"": 51, ""evaluation_path_pose_count"": 210}"
extreme_s01_q0026,f_n3p_knn,Extreme,d16_20,True,True,1.0226857559755445,1147,20.621942005399706,20.758941182683873,-0.006599526251292898,2,0.2425958134340992,0.09667451178473652,0,19,1,0,True,2,2,1.0,,"{""profile_name"": ""extreme_d04"", ""map_seed"": 20470621, ""query_seed"": 20471622}"
extreme_s01_q0026,n3p_k1,Extreme,d16_20,True,True,1.0199198108166456,1147,20.621942005399706,20.758941182683873,-0.006599526251292898,2,0.2425958134340992,0.09667451178473652,0,0,1,0,True,2,2,1.0,,"{""profile_name"": ""extreme_d04"", ""map_seed"": 20470621, ""query_seed"": 20471622}"
extreme_s01_q0026,voronoi_waypoint,Extreme,d16_20,True,True,0.6352921649813652,4,20.55838147469371,20.758941182683873,-0.009661365010150913,0,0.1815660433760167,0.0767611781127604,0,0,0,0,False,,,,,"{""profile_name"": ""extreme_d04"", ""map_seed"": 20470621, ""query_seed"": 20471622, ""waypoint_count"": 3}"
extreme_s01_q0026,bottleneck_waypoint,Extreme,d16_20,True,True,0.6645928879734129,4,20.50334329840232,20.758941182683873,-0.012312664795002148,0,0.20562999109523483,0.17973754933140895,0,0,0,0,False,,,,,"{""profile_name"": ""extreme_d04"", ""map_seed"": 20470621, ""query_seed"": 20471622, ""waypoint_count"": 3, ""bottleneck_count"": 3}"
extreme_s01_q0026,md_dqn,Extreme,d16_20,False,False,0.38105788361281157,600,1.1250000000007143,20.758941182683873,,0,0.0,0.7544502125522208,0,0,0,0,False,,,,md_dqn_not_reached,"{""profile_name"": ""extreme_d04"", ""map_seed"": 20470621, ""query_seed"": 20471622, ""md_dqn_source_dir"": ""/home/ubuntu/DQN10/2_experiment"", ""md_dqn_checkpoint_path"": ""/home/ubuntu/DQN10/2_experiment/ugv_dqn/outputs/2026-05-12_train_load_external_demo_smoke/models/realmap_a/mlp-dqn.pt"", ""md_dqn_algo"": ""mlp-dqn"", ""md_dqn_device"": ""cpu"", ""md_dqn_max_steps"": 600, ""md_dqn_rollout_steps"": 600, ""md_dqn_reached"": false}"
extreme_s01_q0027,vanilla_ha,Extreme,d20_inf,False,False,2.50034236907959,4873,,,,0,,,0,0,0,0,False,,,,timeout,"{""profile_name"": ""extreme_d05"", ""map_seed"": 20470621, ""query_seed"": 20471623, ""evaluation_path_source"": ""planner_path"", ""planner_path_pose_count"": 0, ""evaluation_path_pose_count"": 0}"
extreme_s01_q0027,f_n3p_knn,Extreme,d20_inf,True,True,0.04248048993758857,0,24.485323432021513,,,0,0.17403505475789877,0.07347519819363757,0,11,0,0,True,2,5,0.4,,"{""profile_name"": ""extreme_d05"", ""map_seed"": 20470621, ""query_seed"": 20471623}"
extreme_s01_q0027,n3p_k1,Extreme,d20_inf,False,False,4.444305608980358,8115,,,,0,,,0,0,1,1,True,0,0,,f2_failed:prediction:timeout;goal:node_budget_exhausted;f3_failed:timeout,"{""profile_name"": ""extreme_d05"", ""map_seed"": 20470621, ""query_seed"": 20471623}"
extreme_s01_q0027,voronoi_waypoint,Extreme,d20_inf,True,True,0.8149178519379348,5,23.80188058966006,,,0,0.1826027928375826,0.1328929104134866,0,0,0,0,False,,,,,"{""profile_name"": ""extreme_d05"", ""map_seed"": 20470621, ""query_seed"": 20471623, ""waypoint_count"": 4}"
extreme_s01_q0027,bottleneck_waypoint,Extreme,d20_inf,True,True,0.8157024229876697,5,23.69540224327445,,,0,0.22071140218623608,0.1328929104134875,0,0,0,0,False,,,,,"{""profile_name"": ""extreme_d05"", ""map_seed"": 20470621, ""query_seed"": 20471623, ""waypoint_count"": 4, ""bottleneck_count"": 4}"
extreme_s01_q0027,md_dqn,Extreme,d20_inf,False,False,0.39979947614483535,600,1.1250000000000138,,,0,0.8293604507221545,0.6734391359214611,0,0,0,0,False,,,,md_dqn_not_reached,"{""profile_name"": ""extreme_d05"", ""map_seed"": 20470621, ""query_seed"": 20471623, ""md_dqn_source_dir"": ""/home/ubuntu/DQN10/2_experiment"", ""md_dqn_checkpoint_path"": ""/home/ubuntu/DQN10/2_experiment/ugv_dqn/outputs/2026-05-12_train_load_external_demo_smoke/models/realmap_a/mlp-dqn.pt"", ""md_dqn_algo"": ""mlp-dqn"", ""md_dqn_device"": ""cpu"", ""md_dqn_max_steps"": 600, ""md_dqn_rollout_steps"": 600, ""md_dqn_reached"": false}"
extreme_s01_q0028,vanilla_ha,Extreme,d08_12,False,False,2.5014045238494873,3061,,,,0,,,0,0,0,0,False,,,,timeout,"{""profile_name"": ""extreme_d06"", ""map_seed"": 20470621, ""query_seed"": 20471624, ""evaluation_path_source"": ""planner_path"", ""planner_path_pose_count"": 0, ""evaluation_path_pose_count"": 0}"
extreme_s01_q0028,f_n3p_knn,Extreme,d08_12,True,True,0.16981855197809637,7,11.264271801032892,,,0,0.3099103177696332,0.0817743289661298,0,36,1,0,True,0,1,0.0,,"{""profile_name"": ""extreme_d06"", ""map_seed"": 20470621, ""query_seed"": 20471624}"
extreme_s01_q0028,n3p_k1,Extreme,d08_12,False,False,3.512355351820588,4284,,,,0,,,0,0,1,1,True,0,0,,f2_failed:prediction:goal_in_collision;goal:timeout;f3_failed:timeout,"{""profile_name"": ""extreme_d06"", ""map_seed"": 20470621, ""query_seed"": 20471624}"
extreme_s01_q0028,voronoi_waypoint,Extreme,d08_12,True,True,0.4818833009339869,9,11.355594852410679,,,0,0.28990830159840325,0.06778264944786438,0,0,0,0,False,,,,,"{""profile_name"": ""extreme_d06"", ""map_seed"": 20470621, ""query_seed"": 20471624, ""waypoint_count"": 2}"
extreme_s01_q0028,bottleneck_waypoint,Extreme,d08_12,True,True,0.3443694340530783,14,11.406489268089109,,,0,0.27619587615160035,0.11334162738682685,0,0,0,0,False,,,,,"{""profile_name"": ""extreme_d06"", ""map_seed"": 20470621, ""query_seed"": 20471624, ""waypoint_count"": 1, ""bottleneck_count"": 1}"
extreme_s01_q0028,md_dqn,Extreme,d08_12,False,False,0.42066276306286454,262,3.271874999999999,,,1,0.6271771733753656,0.11123395575824402,0,0,0,0,False,,,,md_dqn_not_reached,"{""profile_name"": ""extreme_d06"", ""map_seed"": 20470621, ""query_seed"": 20471624, ""md_dqn_source_dir"": ""/home/ubuntu/DQN10/2_experiment"", ""md_dqn_checkpoint_path"": ""/home/ubuntu/DQN10/2_experiment/ugv_dqn/outputs/2026-05-12_train_load_external_demo_smoke/models/realmap_a/mlp-dqn.pt"", ""md_dqn_algo"": ""mlp-dqn"", ""md_dqn_device"": ""cpu"", ""md_dqn_max_steps"": 600, ""md_dqn_rollout_steps"": 262, ""md_dqn_reached"": false}"
extreme_s01_q0029,vanilla_ha,Extreme,d12_16,False,False,2.500544309616089,3224,,,,0,,,0,0,0,0,False,,,,timeout,"{""profile_name"": ""extreme_d07"", ""map_seed"": 20470621, ""query_seed"": 20471625, ""evaluation_path_source"": ""planner_path"", ""planner_path_pose_count"": 0, ""evaluation_path_pose_count"": 0}"
extreme_s01_q0029,f_n3p_knn,Extreme,d12_16,True,True,0.0230626140255481,0,14.62762005042466,,,0,0.17195026871789076,0.07726275172659891,0,18,0,0,True,0,2,0.0,,"{""profile_name"": ""extreme_d07"", ""map_seed"": 20470621, ""query_seed"": 20471625}"
extreme_s01_q0029,n3p_k1,Extreme,d12_16,True,False,3.5123960201162845,4612,13.882467906822907,,,0,0.3235767261801496,0.07177564933834235,1,0,1,1,True,0,0,,,"{""profile_name"": ""extreme_d07"", ""map_seed"": 20470621, ""query_seed"": 20471625}"
extreme_s01_q0029,voronoi_waypoint,Extreme,d12_16,True,True,0.47460555005818605,3,14.67170960632474,,,0,0.19774852802059278,0.07146519885819957,0,0,0,0,False,,,,,"{""profile_name"": ""extreme_d07"", ""map_seed"": 20470621, ""query_seed"": 20471625, ""waypoint_count"": 2}"
extreme_s01_q0029,bottleneck_waypoint,Extreme,d12_16,True,True,0.4810868550557643,3,14.943566689927012,,,0,0.20652902701730189,0.07400578280945203,0,0,0,0,False,,,,,"{""profile_name"": ""extreme_d07"", ""map_seed"": 20470621, ""query_seed"": 20471625, ""waypoint_count"": 2, ""bottleneck_count"": 2}"
extreme_s01_q0029,md_dqn,Extreme,d12_16,False,False,0.3859049454331398,600,1.125000000000824,,,0,0.0,0.22776099467304123,0,0,0,0,False,,,,md_dqn_not_reached,"{""profile_name"": ""extreme_d07"", ""map_seed"": 20470621, ""query_seed"": 20471625, ""md_dqn_source_dir"": ""/home/ubuntu/DQN10/2_experiment"", ""md_dqn_checkpoint_path"": ""/home/ubuntu/DQN10/2_experiment/ugv_dqn/outputs/2026-05-12_train_load_external_demo_smoke/models/realmap_a/mlp-dqn.pt"", ""md_dqn_algo"": ""mlp-dqn"", ""md_dqn_device"": ""cpu"", ""md_dqn_max_steps"": 600, ""md_dqn_rollout_steps"": 600, ""md_dqn_reached"": false}"
extreme_s01_q0030,vanilla_ha,Extreme,d16_20,False,False,2.5006887912750244,4057,,,,0,,,0,0,0,0,False,,,,timeout,"{""profile_name"": ""extreme_d03"", ""map_seed"": 20470622, ""query_seed"": 20471622, ""evaluation_path_source"": ""planner_path"", ""planner_path_pose_count"": 0, ""evaluation_path_pose_count"": 0}"
extreme_s01_q0030,f_n3p_knn,Extreme,d16_20,True,True,0.019280556123703718,0,19.25539199717879,,,0,0.12277507970414842,0.38443247936619174,0,1,0,0,True,1,2,0.5,,"{""profile_name"": ""extreme_d03"", ""map_seed"": 20470622, ""query_seed"": 20471622}"
extreme_s01_q0030,n3p_k1,Extreme,d16_20,False,False,3.514267418999225,6148,,,,0,,,0,0,1,1,True,0,0,,f2_failed:prediction:goal_in_collision;goal:timeout;f3_failed:timeout,"{""profile_name"": ""extreme_d03"", ""map_seed"": 20470622, ""query_seed"": 20471622}"
extreme_s01_q0030,voronoi_waypoint,Extreme,d16_20,True,True,0.6641278800088912,4,20.34576613455495,,,0,0.2675907988698622,0.4070213936739474,0,0,0,0,False,,,,,"{""profile_name"": ""extreme_d03"", ""map_seed"": 20470622, ""query_seed"": 20471622, ""waypoint_count"": 3}"
extreme_s01_q0030,bottleneck_waypoint,Extreme,d16_20,True,True,0.6659179411362857,4,19.315092101160342,,,0,0.2124347638635877,0.4070213936739474,0,0,0,0,False,,,,,"{""profile_name"": ""extreme_d03"", ""map_seed"": 20470622, ""query_seed"": 20471622, ""waypoint_count"": 3, ""bottleneck_count"": 3}"
extreme_s01_q0030,md_dqn,Extreme,d16_20,False,False,0.16692058532498777,600,1.125000000000114,,,0,0.0,0.4070213936739474,0,0,0,0,False,,,,md_dqn_not_reached,"{""profile_name"": ""extreme_d03"", ""map_seed"": 20470622, ""query_seed"": 20471622, ""md_dqn_source_dir"": ""/home/ubuntu/DQN10/2_experiment"", ""md_dqn_checkpoint_path"": ""/home/ubuntu/DQN10/2_experiment/ugv_dqn/outputs/2026-05-12_train_load_external_demo_smoke/models/realmap_a/mlp-dqn.pt"", ""md_dqn_algo"": ""mlp-dqn"", ""md_dqn_device"": ""cpu"", ""md_dqn_max_steps"": 600, ""md_dqn_rollout_steps"": 600, ""md_dqn_reached"": false}"
extreme_s01_q0031,vanilla_ha,Extreme,d20_inf,True,True,0.24923014640808105,233,26.432625101809787,,,0,0.21128888270578103,0.07853197752434327,0,0,0,0,False,,,,,"{""profile_name"": ""extreme_d04"", ""map_seed"": 20470622, ""query_seed"": 20471623, ""evaluation_path_source"": ""trace_poses"", ""planner_path_pose_count"": 48, ""evaluation_path_pose_count"": 267}"
extreme_s01_q0031,f_n3p_knn,Extreme,d20_inf,True,True,0.03513312921859324,0,27.01106970816792,26.432625101809787,0.021883736637210882,2,0.12467044684245385,0.12690527939086804,0,13,0,0,True,3,4,0.75,,"{""profile_name"": ""extreme_d04"", ""map_seed"": 20470622, ""query_seed"": 20471623}"
extreme_s01_q0031,n3p_k1,Extreme,d20_inf,True,True,0.24729729793034494,169,26.56614744925333,26.432625101809787,0.005051422131901573,0,0.1400685599860411,0.1454497091735889,0,0,1,0,True,1,1,1.0,,"{""profile_name"": ""extreme_d04"", ""map_seed"": 20470622, ""query_seed"": 20471623}"
extreme_s01_q0031,voronoi_waypoint,Extreme,d20_inf,True,True,0.9982885448262095,60,27.9105840274695,26.432625101809787,0.05591419391630992,0,0.27354516934813894,0.12348270817017548,0,0,0,0,False,,,,,"{""profile_name"": ""extreme_d04"", ""map_seed"": 20470622, ""query_seed"": 20471623, ""waypoint_count"": 5}"
extreme_s01_q0031,bottleneck_waypoint,Extreme,d20_inf,True,True,0.6602570239920169,4,27.133259449491256,26.432625101809787,0.026506423216871466,0,0.1255815361585109,0.08953116508194481,0,0,0,0,False,,,,,"{""profile_name"": ""extreme_d04"", ""map_seed"": 20470622, ""query_seed"": 20471623, ""waypoint_count"": 3, ""bottleneck_count"": 3}"
extreme_s01_q0031,md_dqn,Extreme,d20_inf,False,False,0.1663829884491861,600,1.1250000000000038,26.432625101809787,,0,0.8385645564237224,1.1354056324922264,0,0,0,0,False,,,,md_dqn_not_reached,"{""profile_name"": ""extreme_d04"", ""map_seed"": 20470622, ""query_seed"": 20471623, ""md_dqn_source_dir"": ""/home/ubuntu/DQN10/2_experiment"", ""md_dqn_checkpoint_path"": ""/home/ubuntu/DQN10/2_experiment/ugv_dqn/outputs/2026-05-12_train_load_external_demo_smoke/models/realmap_a/mlp-dqn.pt"", ""md_dqn_algo"": ""mlp-dqn"", ""md_dqn_device"": ""cpu"", ""md_dqn_max_steps"": 600, ""md_dqn_rollout_steps"": 600, ""md_dqn_reached"": false}"
extreme_s01_q0032,vanilla_ha,Extreme,d08_12,True,True,0.2814056873321533,206,9.598452410826702,,,0,0.10294730537350334,0.08816737649914341,0,0,0,0,False,,,,,"{""profile_name"": ""extreme_d05"", ""map_seed"": 20470622, ""query_seed"": 20471624, ""evaluation_path_source"": ""trace_poses"", ""planner_path_pose_count"": 15, ""evaluation_path_pose_count"": 98}"
extreme_s01_q0032,f_n3p_knn,Extreme,d08_12,True,True,0.010545400204136968,0,10.116769436073538,9.598452410826702,0.05400006199563934,0,0.1433077171402578,0.1256684021322425,0,2,0,0,True,0,1,0.0,,"{""profile_name"": ""extreme_d05"", ""map_seed"": 20470622, ""query_seed"": 20471624}"
extreme_s01_q0032,n3p_k1,Extreme,d08_12,True,True,0.293567931978032,206,9.598452410826702,9.598452410826702,0.0,0,0.10294730537350334,0.08816737649914341,0,0,1,0,True,0,0,,,"{""profile_name"": ""extreme_d05"", ""map_seed"": 20470622, ""query_seed"": 20471624}"
extreme_s01_q0032,voronoi_waypoint,Extreme,d08_12,True,True,0.3530346530023962,2,10.9769292470026,9.598452410826702,0.14361448879207095,2,0.30290336806665286,0.29688055185753615,0,0,0,0,False,,,,,"{""profile_name"": ""extreme_d05"", ""map_seed"": 20470622, ""query_seed"": 20471624, ""waypoint_count"": 1}"
extreme_s01_q0032,bottleneck_waypoint,Extreme,d08_12,True,True,0.505357809830457,3,10.697310758972076,9.598452410826702,0.11448286672817187,0,0.2649072529169772,0.29688055185753615,0,0,0,0,False,,,,,"{""profile_name"": ""extreme_d05"", ""map_seed"": 20470622, ""query_seed"": 20471624, ""waypoint_count"": 2, ""bottleneck_count"": 2}"
extreme_s01_q0032,md_dqn,Extreme,d08_12,False,False,0.16586805251426995,600,1.1249999999999862,9.598452410826702,,0,0.8385645564237346,0.915109489784796,0,0,0,0,False,,,,md_dqn_not_reached,"{""profile_name"": ""extreme_d05"", ""map_seed"": 20470622, ""query_seed"": 20471624, ""md_dqn_source_dir"": ""/home/ubuntu/DQN10/2_experiment"", ""md_dqn_checkpoint_path"": ""/home/ubuntu/DQN10/2_experiment/ugv_dqn/outputs/2026-05-12_train_load_external_demo_smoke/models/realmap_a/mlp-dqn.pt"", ""md_dqn_algo"": ""mlp-dqn"", ""md_dqn_device"": ""cpu"", ""md_dqn_max_steps"": 600, ""md_dqn_rollout_steps"": 600, ""md_dqn_reached"": false}"
extreme_s01_q0033,vanilla_ha,Extreme,d12_16,True,True,0.18561744689941406,49,13.518796795916527,,,0,0.13793468823368357,0.06992440529067312,0,0,0,0,False,,,,,"{""profile_name"": ""extreme_d06"", ""map_seed"": 20470622, ""query_seed"": 20471625, ""evaluation_path_source"": ""trace_poses"", ""planner_path_pose_count"": 23, ""evaluation_path_pose_count"": 138}"
extreme_s01_q0033,f_n3p_knn,Extreme,d12_16,True,True,0.01131892018020153,0,13.71927738198981,13.518796795916527,0.014829765481336299,0,0.07511640596161351,0.08616157946552161,0,1,0,0,True,0,1,0.0,,"{""profile_name"": ""extreme_d06"", ""map_seed"": 20470622, ""query_seed"": 20471625}"
extreme_s01_q0033,n3p_k1,Extreme,d12_16,True,True,0.19902308005839586,47,13.629932654322317,13.518796795916527,0.008220839478803255,0,0.19603141148554368,0.0703518565361615,0,0,1,0,True,0,0,,,"{""profile_name"": ""extreme_d06"", ""map_seed"": 20470622, ""query_seed"": 20471625}"
extreme_s01_q0033,voronoi_waypoint,Extreme,d12_16,True,True,0.508018468040973,3,14.230616493233823,13.518796795916527,0.05265407181298176,0,0.1570555097466197,0.43950638382472484,0,0,0,0,False,,,,,"{""profile_name"": ""extreme_d06"", ""map_seed"": 20470622, ""query_seed"": 20471625, ""waypoint_count"": 2}"
extreme_s01_q0033,bottleneck_waypoint,Extreme,d12_16,True,True,0.5174479351844639,3,14.118736697576418,13.518796795916527,0.04437820249218549,0,0.13455651471589458,0.43950638382472484,0,0,0,0,False,,,,,"{""profile_name"": ""extreme_d06"", ""map_seed"": 20470622, ""query_seed"": 20471625, ""waypoint_count"": 2, ""bottleneck_count"": 2}"
extreme_s01_q0033,md_dqn,Extreme,d12_16,False,False,0.16564994445070624,600,1.1249999999999951,13.518796795916527,,0,0.8385645564237345,0.43950638382472484,0,0,0,0,False,,,,md_dqn_not_reached,"{""profile_name"": ""extreme_d06"", ""map_seed"": 20470622, ""query_seed"": 20471625, ""md_dqn_source_dir"": ""/home/ubuntu/DQN10/2_experiment"", ""md_dqn_checkpoint_path"": ""/home/ubuntu/DQN10/2_experiment/ugv_dqn/outputs/2026-05-12_train_load_external_demo_smoke/models/realmap_a/mlp-dqn.pt"", ""md_dqn_algo"": ""mlp-dqn"", ""md_dqn_device"": ""cpu"", ""md_dqn_max_steps"": 600, ""md_dqn_rollout_steps"": 600, ""md_dqn_reached"": false}"
extreme_s01_q0034,vanilla_ha,Extreme,d16_20,True,True,0.3207869529724121,241,17.078476589132322,,,0,0.18916039031359624,0.07442597628938741,0,0,0,0,False,,,,,"{""profile_name"": ""extreme_d07"", ""map_seed"": 20470622, ""query_seed"": 20471626, ""evaluation_path_source"": ""trace_poses"", ""planner_path_pose_count"": 48, ""evaluation_path_pose_count"": 173}"
extreme_s01_q0034,f_n3p_knn,Extreme,d16_20,True,True,0.030380014097318053,0,17.47338049484365,17.078476589132322,0.023122899964193477,1,0.17419167564822408,0.07389820978037043,0,10,0,0,True,2,3,0.6666666666666666,,"{""profile_name"": ""extreme_d07"", ""map_seed"": 20470622, ""query_seed"": 20471626}"
extreme_s01_q0034,n3p_k1,Extreme,d16_20,True,True,0.3159680562093854,241,17.078476589132322,17.078476589132322,0.0,0,0.18916039031359624,0.07442597628938741,0,0,1,0,True,0,0,,,"{""profile_name"": ""extreme_d07"", ""map_seed"": 20470622, ""query_seed"": 20471626}"
extreme_s01_q0034,voronoi_waypoint,Extreme,d16_20,True,True,0.6538140410557389,4,19.137878396565725,17.078476589132322,0.12058463157913502,2,0.4317919036113575,0.07468929389107426,0,0,0,0,False,,,,,"{""profile_name"": ""extreme_d07"", ""map_seed"": 20470622, ""query_seed"": 20471626, ""waypoint_count"": 3}"
extreme_s01_q0034,bottleneck_waypoint,Extreme,d16_20,True,True,0.5037873601540923,3,17.783024289459945,17.078476589132322,0.04125354487272914,0,0.18786213430052665,0.08939417071296418,0,0,0,0,False,,,,,"{""profile_name"": ""extreme_d07"", ""map_seed"": 20470622, ""query_seed"": 20471626, ""waypoint_count"": 2, ""bottleneck_count"": 2}"
extreme_s01_q0034,md_dqn,Extreme,d16_20,False,False,0.1670080826152116,600,1.1249999999999867,17.078476589132322,,0,0.164840683701087,0.7442464007430811,0,0,0,0,False,,,,md_dqn_not_reached,"{""profile_name"": ""extreme_d07"", ""map_seed"": 20470622, ""query_seed"": 20471626, ""md_dqn_source_dir"": ""/home/ubuntu/DQN10/2_experiment"", ""md_dqn_checkpoint_path"": ""/home/ubuntu/DQN10/2_experiment/ugv_dqn/outputs/2026-05-12_train_load_external_demo_smoke/models/realmap_a/mlp-dqn.pt"", ""md_dqn_algo"": ""mlp-dqn"", ""md_dqn_device"": ""cpu"", ""md_dqn_max_steps"": 600, ""md_dqn_rollout_steps"": 600, ""md_dqn_reached"": false}"
extreme_s01_q0035,vanilla_ha,Extreme,d20_inf,False,False,2.5002989768981934,3830,,,,0,,,0,0,0,0,False,,,,timeout,"{""profile_name"": ""extreme_d03"", ""map_seed"": 20470623, ""query_seed"": 20471623, ""evaluation_path_source"": ""planner_path"", ""planner_path_pose_count"": 0, ""evaluation_path_pose_count"": 0}"
extreme_s01_q0035,f_n3p_knn,Extreme,d20_inf,True,True,0.02824954013340175,0,21.808656160893335,,,0,0.08926732767188943,0.08924583717417489,0,7,0,0,True,1,3,0.3333333333333333,,"{""profile_name"": ""extreme_d03"", ""map_seed"": 20470623, ""query_seed"": 20471623}"
extreme_s01_q0035,n3p_k1,Extreme,d20_inf,False,False,3.694546389160678,5217,,,,0,,,0,0,2,1,True,1,1,1.0,f2_failed:prediction:goal_in_collision;goal:timeout;f3_failed:timeout,"{""profile_name"": ""extreme_d03"", ""map_seed"": 20470623, ""query_seed"": 20471623}"
extreme_s01_q0035,voronoi_waypoint,Extreme,d20_inf,True,True,0.8138067820109427,5,23.247282974412244,,,0,0.2992344567771555,0.43583705306113574,0,0,0,0,False,,,,,"{""profile_name"": ""extreme_d03"", ""map_seed"": 20470623, ""query_seed"": 20471623, ""waypoint_count"": 4}"
extreme_s01_q0035,bottleneck_waypoint,Extreme,d20_inf,True,True,0.971126243006438,6,23.117541736529787,,,0,0.2987520424255196,0.4161994733296186,0,0,0,0,False,,,,,"{""profile_name"": ""extreme_d03"", ""map_seed"": 20470623, ""query_seed"": 20471623, ""waypoint_count"": 5, ""bottleneck_count"": 5}"
extreme_s01_q0035,md_dqn,Extreme,d20_inf,False,False,0.16612690454348922,600,1.1249999999998468,,,0,0.0,1.7479523351278017,0,0,0,0,False,,,,md_dqn_not_reached,"{""profile_name"": ""extreme_d03"", ""map_seed"": 20470623, ""query_seed"": 20471623, ""md_dqn_source_dir"": ""/home/ubuntu/DQN10/2_experiment"", ""md_dqn_checkpoint_path"": ""/home/ubuntu/DQN10/2_experiment/ugv_dqn/outputs/2026-05-12_train_load_external_demo_smoke/models/realmap_a/mlp-dqn.pt"", ""md_dqn_algo"": ""mlp-dqn"", ""md_dqn_device"": ""cpu"", ""md_dqn_max_steps"": 600, ""md_dqn_rollout_steps"": 600, ""md_dqn_reached"": false}"
extreme_s01_q0036,vanilla_ha,Extreme,d08_12,True,True,0.2030630111694336,73,11.19241317456404,,,0,0.20919144732406803,0.31840015467720073,0,0,0,0,False,,,,,"{""profile_name"": ""extreme_d04"", ""map_seed"": 20470623, ""query_seed"": 20471624, ""evaluation_path_source"": ""trace_poses"", ""planner_path_pose_count"": 16, ""evaluation_path_pose_count"": 115}"
extreme_s01_q0036,f_n3p_knn,Extreme,d08_12,True,True,0.011363795027136803,0,11.186957794527016,11.19241317456404,-0.0004874176776659134,0,0.0797889683188075,0.11393286565901273,0,1,0,0,True,0,1,0.0,,"{""profile_name"": ""extreme_d04"", ""map_seed"": 20470623, ""query_seed"": 20471624}"
extreme_s01_q0036,n3p_k1,Extreme,d08_12,True,True,0.18722782214172184,29,11.240172365923474,11.19241317456404,0.0042671040297164176,0,0.12019504936800397,0.10802021166297571,0,0,1,0,True,0,0,,,"{""profile_name"": ""extreme_d04"", ""map_seed"": 20470623, ""query_seed"": 20471624}"
extreme_s01_q0036,voronoi_waypoint,Extreme,d08_12,True,True,0.5073918858543038,3,11.57139320163934,11.19241317456404,0.033860439314068014,0,0.18355374574511923,0.757609062038795,0,0,0,0,False,,,,,"{""profile_name"": ""extreme_d04"", ""map_seed"": 20470623, ""query_seed"": 20471624, ""waypoint_count"": 2}"
extreme_s01_q0036,bottleneck_waypoint,Extreme,d08_12,True,True,0.6640466700773686,4,12.658963010738908,11.19241317456404,0.13103070922254378,0,0.31113429603841963,0.9944448031735731,0,0,0,0,False,,,,,"{""profile_name"": ""extreme_d04"", ""map_seed"": 20470623, ""query_seed"": 20471624, ""waypoint_count"": 3, ""bottleneck_count"": 3}"
extreme_s01_q0036,md_dqn,Extreme,d08_12,False,False,0.16613277792930603,600,2.250000000000016,11.19241317456404,,0,0.08734630124015008,1.1945068966344514,0,0,0,0,False,,,,md_dqn_not_reached,"{""profile_name"": ""extreme_d04"", ""map_seed"": 20470623, ""query_seed"": 20471624, ""md_dqn_source_dir"": ""/home/ubuntu/DQN10/2_experiment"", ""md_dqn_checkpoint_path"": ""/home/ubuntu/DQN10/2_experiment/ugv_dqn/outputs/2026-05-12_train_load_external_demo_smoke/models/realmap_a/mlp-dqn.pt"", ""md_dqn_algo"": ""mlp-dqn"", ""md_dqn_device"": ""cpu"", ""md_dqn_max_steps"": 600, ""md_dqn_rollout_steps"": 600, ""md_dqn_reached"": false}"
extreme_s01_q0037,vanilla_ha,Extreme,d12_16,True,True,0.37218570709228516,285,15.449152286000684,,,0,0.341262014188199,0.07425815772886057,0,0,0,0,False,,,,,"{""profile_name"": ""extreme_d05"", ""map_seed"": 20470623, ""query_seed"": 20471625, ""evaluation_path_source"": ""trace_poses"", ""planner_path_pose_count"": 47, ""evaluation_path_pose_count"": 157}"
extreme_s01_q0037,f_n3p_knn,Extreme,d12_16,True,True,0.02004059497267008,0,15.340736544895815,15.449152286000684,-0.007017585113916591,0,0.10202865205077424,0.06511600367086201,0,7,0,0,True,1,2,0.5,,"{""profile_name"": ""extreme_d05"", ""map_seed"": 20470623, ""query_seed"": 20471625}"
extreme_s01_q0037,n3p_k1,Extreme,d12_16,True,True,0.21421176800504327,71,15.405791159981648,15.449152286000684,-0.0028066993719990663,0,0.2299539019115612,0.06454953712514477,0,0,1,0,True,1,1,1.0,,"{""profile_name"": ""extreme_d05"", ""map_seed"": 20470623, ""query_seed"": 20471625}"
extreme_s01_q0037,voronoi_waypoint,Extreme,d12_16,True,True,0.7763061160221696,108,16.686962159722047,15.449152286000684,0.08012154005647343,0,0.32002568100073636,0.0682101193604725,0,0,0,0,False,,,,,"{""profile_name"": ""extreme_d05"", ""map_seed"": 20470623, ""query_seed"": 20471625, ""waypoint_count"": 3}"
extreme_s01_q0037,bottleneck_waypoint,Extreme,d12_16,True,True,0.6601925459690392,4,16.03375725890301,15.449152286000684,0.03784058581855443,0,0.1526794134619106,0.06521670000875501,0,0,0,0,False,,,,,"{""profile_name"": ""extreme_d05"", ""map_seed"": 20470623, ""query_seed"": 20471625, ""waypoint_count"": 3, ""bottleneck_count"": 3}"
extreme_s01_q0037,md_dqn,Extreme,d12_16,False,False,0.16578914155252278,600,1.1249999999999916,15.449152286000684,,0,0.8385645564237335,0.5051031080568946,0,0,0,0,False,,,,md_dqn_not_reached,"{""profile_name"": ""extreme_d05"", ""map_seed"": 20470623, ""query_seed"": 20471625, ""md_dqn_source_dir"": ""/home/ubuntu/DQN10/2_experiment"", ""md_dqn_checkpoint_path"": ""/home/ubuntu/DQN10/2_experiment/ugv_dqn/outputs/2026-05-12_train_load_external_demo_smoke/models/realmap_a/mlp-dqn.pt"", ""md_dqn_algo"": ""mlp-dqn"", ""md_dqn_device"": ""cpu"", ""md_dqn_max_steps"": 600, ""md_dqn_rollout_steps"": 600, ""md_dqn_reached"": false}"
extreme_s01_q0038,vanilla_ha,Extreme,d16_20,True,True,0.21936416625976562,177,19.693739123441155,,,0,0.1526853362996631,0.06437758527283033,0,0,0,0,False,,,,,"{""profile_name"": ""extreme_d06"", ""map_seed"": 20470623, ""query_seed"": 20471626, ""evaluation_path_source"": ""trace_poses"", ""planner_path_pose_count"": 29, ""evaluation_path_pose_count"": 199}"
extreme_s01_q0038,f_n3p_knn,Extreme,d16_20,True,True,0.041407565819099545,0,21.742398081294123,19.693739123441155,0.10402590107505194,0,0.1622493095277237,0.17327533242571136,0,12,0,0,True,0,4,0.0,,"{""profile_name"": ""extreme_d06"", ""map_seed"": 20470623, ""query_seed"": 20471626}"
extreme_s01_q0038,n3p_k1,Extreme,d16_20,True,True,0.23079693806357682,177,19.693739123441155,19.693739123441155,0.0,0,0.15268533629966313,0.06437758527283033,0,0,1,0,True,0,0,,,"{""profile_name"": ""extreme_d06"", ""map_seed"": 20470623, ""query_seed"": 20471626}"
extreme_s01_q0038,voronoi_waypoint,Extreme,d16_20,True,True,0.6526639091316611,4,22.16893234519244,19.693739123441155,0.12568426981979774,0,0.22659236250035886,0.4408684832154375,0,0,0,0,False,,,,,"{""profile_name"": ""extreme_d06"", ""map_seed"": 20470623, ""query_seed"": 20471626, ""waypoint_count"": 3}"
extreme_s01_q0038,bottleneck_waypoint,Extreme,d16_20,True,True,0.801378499949351,5,21.114177173438705,19.693739123441155,0.07212637687003909,0,0.35630682842777067,0.09630275028326962,0,0,0,0,False,,,,,"{""profile_name"": ""extreme_d06"", ""map_seed"": 20470623, ""query_seed"": 20471626, ""waypoint_count"": 4, ""bottleneck_count"": 4}"
extreme_s01_q0038,md_dqn,Extreme,d16_20,False,False,0.1652831700630486,600,1.1249999999999754,19.693739123441155,,0,0.828655089894907,0.4408684832154375,0,0,0,0,False,,,,md_dqn_not_reached,"{""profile_name"": ""extreme_d06"", ""map_seed"": 20470623, ""query_seed"": 20471626, ""md_dqn_source_dir"": ""/home/ubuntu/DQN10/2_experiment"", ""md_dqn_checkpoint_path"": ""/home/ubuntu/DQN10/2_experiment/ugv_dqn/outputs/2026-05-12_train_load_external_demo_smoke/models/realmap_a/mlp-dqn.pt"", ""md_dqn_algo"": ""mlp-dqn"", ""md_dqn_device"": ""cpu"", ""md_dqn_max_steps"": 600, ""md_dqn_rollout_steps"": 600, ""md_dqn_reached"": false}"
extreme_s01_q0039,vanilla_ha,Extreme,d20_inf,False,False,2.5009765625,4833,,,,0,,,0,0,0,0,False,,,,timeout,"{""profile_name"": ""extreme_d07"", ""map_seed"": 20470623, ""query_seed"": 20471627, ""evaluation_path_source"": ""planner_path"", ""planner_path_pose_count"": 0, ""evaluation_path_pose_count"": 0}"
extreme_s01_q0039,f_n3p_knn,Extreme,d20_inf,False,False,3.563664806075394,6191,,,,0,,,0,33,1,1,True,2,5,0.4,f2_failed:prediction:goal_in_collision;goal:timeout;f3_failed:timeout,"{""profile_name"": ""extreme_d07"", ""map_seed"": 20470623, ""query_seed"": 20471627}"
extreme_s01_q0039,n3p_k1,Extreme,d20_inf,False,False,3.533340366091579,6667,,,,0,,,0,0,1,1,True,2,2,1.0,f2_failed:prediction:goal_in_collision;goal:timeout;f3_failed:timeout,"{""profile_name"": ""extreme_d07"", ""map_seed"": 20470623, ""query_seed"": 20471627}"
extreme_s01_q0039,voronoi_waypoint,Extreme,d20_inf,True,True,1.1193289859220386,7,33.52148211265511,,,0,0.25710705631991476,0.07217299102253649,0,0,0,0,False,,,,,"{""profile_name"": ""extreme_d07"", ""map_seed"": 20470623, ""query_seed"": 20471627, ""waypoint_count"": 6}"
extreme_s01_q0039,bottleneck_waypoint,Extreme,d20_inf,True,True,0.9712586749810725,6,34.072935444116915,,,2,0.23166115813465943,0.1635807699285038,0,0,0,0,False,,,,,"{""profile_name"": ""extreme_d07"", ""map_seed"": 20470623, ""query_seed"": 20471627, ""waypoint_count"": 5, ""bottleneck_count"": 5}"
extreme_s01_q0039,md_dqn,Extreme,d20_inf,False,False,0.1649105167016387,600,1.124999999999999,,,0,0.8385645564237262,0.6381558253606872,0,0,0,0,False,,,,md_dqn_not_reached,"{""profile_name"": ""extreme_d07"", ""map_seed"": 20470623, ""query_seed"": 20471627, ""md_dqn_source_dir"": ""/home/ubuntu/DQN10/2_experiment"", ""md_dqn_checkpoint_path"": ""/home/ubuntu/DQN10/2_experiment/ugv_dqn/outputs/2026-05-12_train_load_external_demo_smoke/models/realmap_a/mlp-dqn.pt"", ""md_dqn_algo"": ""mlp-dqn"", ""md_dqn_device"": ""cpu"", ""md_dqn_max_steps"": 600, ""md_dqn_rollout_steps"": 600, ""md_dqn_reached"": false}"
extreme_s02_q0040,vanilla_ha,Extreme,d08_12,True,True,0.1622769832611084,8,9.584056777232984,,,0,0.14050219934419594,0.14247938201767119,0,0,0,0,False,,,,,"{""profile_name"": ""extreme_d03"", ""map_seed"": 20480620, ""query_seed"": 20481620, ""evaluation_path_source"": ""trace_poses"", ""planner_path_pose_count"": 8, ""evaluation_path_pose_count"": 98}"
extreme_s02_q0040,f_n3p_knn,Extreme,d08_12,True,True,0.011082591954618692,0,11.20997787959482,9.584056777232984,0.1696485256873923,0,0.2842565697590436,0.23262409012262764,0,5,0,0,True,0,1,0.0,,"{""profile_name"": ""extreme_d03"", ""map_seed"": 20480620, ""query_seed"": 20481620}"
extreme_s02_q0040,n3p_k1,Extreme,d08_12,True,True,0.17013571388088167,7,9.656567987976018,9.584056777232984,0.007565816066040565,0,0.1502056781422847,0.14247938201767119,0,0,1,0,True,0,0,,,"{""profile_name"": ""extreme_d03"", ""map_seed"": 20480620, ""query_seed"": 20481620}"
extreme_s02_q0040,voronoi_waypoint,Extreme,d08_12,True,True,0.3588467389345169,2,10.113861454544221,9.584056777232984,0.05527979326768939,0,0.26900951631650283,0.13416479954694904,0,0,0,0,False,,,,,"{""profile_name"": ""extreme_d03"", ""map_seed"": 20480620, ""query_seed"": 20481620, ""waypoint_count"": 1}"
extreme_s02_q0040,bottleneck_waypoint,Extreme,d08_12,True,True,0.36404376407153904,10,9.722538011871984,9.584056777232984,0.014449125026884557,0,0.20851767144860936,0.14247938201767119,0,0,0,0,False,,,,,"{""profile_name"": ""extreme_d03"", ""map_seed"": 20480620, ""query_seed"": 20481620, ""waypoint_count"": 1, ""bottleneck_count"": 1}"
extreme_s02_q0040,md_dqn,Extreme,d08_12,False,False,0.18981118220835924,155,2.2256250000000044,9.584056777232984,,1,0.6638241345071393,0.19633235247184588,0,0,0,0,False,,,,md_dqn_not_reached,"{""profile_name"": ""extreme_d03"", ""map_seed"": 20480620, ""query_seed"": 20481620, ""md_dqn_source_dir"": ""/home/ubuntu/DQN10/2_experiment"", ""md_dqn_checkpoint_path"": ""/home/ubuntu/DQN10/2_experiment/ugv_dqn/outputs/2026-05-12_train_load_external_demo_smoke/models/realmap_a/mlp-dqn.pt"", ""md_dqn_algo"": ""mlp-dqn"", ""md_dqn_device"": ""cpu"", ""md_dqn_max_steps"": 600, ""md_dqn_rollout_steps"": 155, ""md_dqn_reached"": false}"
extreme_s02_q0041,vanilla_ha,Extreme,d12_16,True,True,0.8532402515411377,759,13.188829270914313,,,0,0.21811486109629105,0.07762201063994156,0,0,0,0,False,,,,,"{""profile_name"": ""extreme_d04"", ""map_seed"": 20480620, ""query_seed"": 20481621, ""evaluation_path_source"": ""trace_poses"", ""planner_path_pose_count"": 41, ""evaluation_path_pose_count"": 134}"
extreme_s02_q0041,f_n3p_knn,Extreme,d12_16,True,True,0.27030487614683807,103,12.998308121629536,13.188829270914313,-0.014445645278382546,0,0.11230456352071418,0.07154948691637397,0,19,1,0,True,1,1,1.0,,"{""profile_name"": ""extreme_d04"", ""map_seed"": 20480620, ""query_seed"": 20481621}"
extreme_s02_q0041,n3p_k1,Extreme,d12_16,True,True,0.2678396829869598,103,12.998308121629536,13.188829270914313,-0.014445645278382546,0,0.11230456352071418,0.07154948691637397,0,0,1,0,True,1,1,1.0,,"{""profile_name"": ""extreme_d04"", ""map_seed"": 20480620, ""query_seed"": 20481621}"
extreme_s02_q0041,voronoi_waypoint,Extreme,d12_16,True,True,0.5116544219199568,9,13.075781407030059,13.188829270914313,-0.008571485881128327,0,0.16918414817868063,0.11570671781725861,0,0,0,0,False,,,,,"{""profile_name"": ""extreme_d04"", ""map_seed"": 20480620, ""query_seed"": 20481621, ""waypoint_count"": 2}"
extreme_s02_q0041,bottleneck_waypoint,Extreme,d12_16,True,True,0.5064163701608777,3,13.143181246269327,13.188829270914313,-0.003461112711926284,0,0.1740165503659072,0.11614625597726635,0,0,0,0,False,,,,,"{""profile_name"": ""extreme_d04"", ""map_seed"": 20480620, ""query_seed"": 20481621, ""waypoint_count"": 2, ""bottleneck_count"": 2}"
extreme_s02_q0041,md_dqn,Extreme,d12_16,False,False,0.1752017920371145,420,0.8400000000000138,13.188829270914313,,2,0.814196292355429,0.3968746510817177,0,0,0,0,False,,,,md_dqn_not_reached,"{""profile_name"": ""extreme_d04"", ""map_seed"": 20480620, ""query_seed"": 20481621, ""md_dqn_source_dir"": ""/home/ubuntu/DQN10/2_experiment"", ""md_dqn_checkpoint_path"": ""/home/ubuntu/DQN10/2_experiment/ugv_dqn/outputs/2026-05-12_train_load_external_demo_smoke/models/realmap_a/mlp-dqn.pt"", ""md_dqn_algo"": ""mlp-dqn"", ""md_dqn_device"": ""cpu"", ""md_dqn_max_steps"": 600, ""md_dqn_rollout_steps"": 420, ""md_dqn_reached"": false}"
extreme_s02_q0042,vanilla_ha,Extreme,d16_20,True,True,0.1645350456237793,17,18.872442063411132,,,0,0.08371351182364375,0.08316021395885986,0,0,0,0,False,,,,,"{""profile_name"": ""extreme_d05"", ""map_seed"": 20480620, ""query_seed"": 20481622, ""evaluation_path_source"": ""trace_poses"", ""planner_path_pose_count"": 11, ""evaluation_path_pose_count"": 192}"
extreme_s02_q0042,f_n3p_knn,Extreme,d16_20,True,True,0.011023592902347445,0,18.856165264902376,18.872442063411132,-0.0008624638218024394,0,0.05556944854484868,0.10410344885448886,0,0,0,0,False,1,1,1.0,,"{""profile_name"": ""extreme_d05"", ""map_seed"": 20480620, ""query_seed"": 20481622}"
extreme_s02_q0042,n3p_k1,Extreme,d16_20,True,True,0.008624894078820944,0,18.856165264902376,18.872442063411132,-0.0008624638218024394,0,0.05556944854484868,0.10410344885448886,0,0,0,0,False,1,1,1.0,,"{""profile_name"": ""extreme_d05"", ""map_seed"": 20480620, ""query_seed"": 20481622}"
extreme_s02_q0042,voronoi_waypoint,Extreme,d16_20,True,True,0.7967042890377343,134,20.930215497302555,18.872442063411132,0.10903588560385225,2,0.1900572713861378,0.06280317046806694,0,0,0,0,False,,,,,"{""profile_name"": ""extreme_d05"", ""map_seed"": 20480620, ""query_seed"": 20481622, ""waypoint_count"": 3}"
extreme_s02_q0042,bottleneck_waypoint,Extreme,d16_20,True,True,0.8209155120421201,5,20.113073720962202,18.872442063411132,0.06573773830554441,0,0.245842259702162,0.14037276708968383,0,0,0,0,False,,,,,"{""profile_name"": ""extreme_d05"", ""map_seed"": 20480620, ""query_seed"": 20481622, ""waypoint_count"": 4, ""bottleneck_count"": 4}"
extreme_s02_q0042,md_dqn,Extreme,d16_20,False,False,0.16590204508975148,600,1.1249999999999947,18.872442063411132,,0,0.8385645564237304,0.46897048297492716,0,0,0,0,False,,,,md_dqn_not_reached,"{""profile_name"": ""extreme_d05"", ""map_seed"": 20480620, ""query_seed"": 20481622, ""md_dqn_source_dir"": ""/home/ubuntu/DQN10/2_experiment"", ""md_dqn_checkpoint_path"": ""/home/ubuntu/DQN10/2_experiment/ugv_dqn/outputs/2026-05-12_train_load_external_demo_smoke/models/realmap_a/mlp-dqn.pt"", ""md_dqn_algo"": ""mlp-dqn"", ""md_dqn_device"": ""cpu"", ""md_dqn_max_steps"": 600, ""md_dqn_rollout_steps"": 600, ""md_dqn_reached"": false}"
extreme_s02_q0043,vanilla_ha,Extreme,d20_inf,True,True,0.3279688358306885,301,23.325988233273392,,,0,0.2010483868073984,0.07103194058785067,0,0,0,0,False,,,,,"{""profile_name"": ""extreme_d06"", ""map_seed"": 20480620, ""query_seed"": 20481623, ""evaluation_path_source"": ""trace_poses"", ""planner_path_pose_count"": 64, ""evaluation_path_pose_count"": 236}"
extreme_s02_q0043,f_n3p_knn,Extreme,d20_inf,True,True,0.028324573067948222,0,23.430717251964598,23.325988233273392,0.0044897998594466415,0,0.07722036494512641,0.08095275443647543,0,5,0,0,True,1,3,0.3333333333333333,,"{""profile_name"": ""extreme_d06"", ""map_seed"": 20480620, ""query_seed"": 20481623}"
extreme_s02_q0043,n3p_k1,Extreme,d20_inf,True,True,0.20766798593103886,43,23.17545489069558,23.325988233273392,-0.006453460452452986,0,0.09938222042956742,0.0647813765076164,0,0,1,0,True,2,2,1.0,,"{""profile_name"": ""extreme_d06"", ""map_seed"": 20480620, ""query_seed"": 20481623}"
extreme_s02_q0043,voronoi_waypoint,Extreme,d20_inf,True,True,0.806345044169575,8,23.654795409828363,23.325988233273392,0.014096173472553764,0,0.1330122136987175,0.18461108969621898,0,0,0,0,False,,,,,"{""profile_name"": ""extreme_d06"", ""map_seed"": 20480620, ""query_seed"": 20481623, ""waypoint_count"": 4}"
extreme_s02_q0043,bottleneck_waypoint,Extreme,d20_inf,True,True,0.9491023861337453,6,23.75410020507342,23.325988233273392,0.018353433411637754,0,0.16098320842554453,0.30866157883042633,0,0,0,0,False,,,,,"{""profile_name"": ""extreme_d06"", ""map_seed"": 20480620, ""query_seed"": 20481623, ""waypoint_count"": 5, ""bottleneck_count"": 5}"
extreme_s02_q0043,md_dqn,Extreme,d20_inf,False,False,0.16574543877504766,600,1.1249999999999976,23.325988233273392,,0,0.82865508989489,0.6700349766595106,0,0,0,0,False,,,,md_dqn_not_reached,"{""profile_name"": ""extreme_d06"", ""map_seed"": 20480620, ""query_seed"": 20481623, ""md_dqn_source_dir"": ""/home/ubuntu/DQN10/2_experiment"", ""md_dqn_checkpoint_path"": ""/home/ubuntu/DQN10/2_experiment/ugv_dqn/outputs/2026-05-12_train_load_external_demo_smoke/models/realmap_a/mlp-dqn.pt"", ""md_dqn_algo"": ""mlp-dqn"", ""md_dqn_device"": ""cpu"", ""md_dqn_max_steps"": 600, ""md_dqn_rollout_steps"": 600, ""md_dqn_reached"": false}"
extreme_s02_q0044,vanilla_ha,Extreme,d08_12,True,True,0.3353712558746338,223,11.895710534134325,,,0,0.3944821620161824,0.05844109125363467,0,0,0,0,False,,,,,"{""profile_name"": ""extreme_d07"", ""map_seed"": 20480620, ""query_seed"": 20481624, ""evaluation_path_source"": ""trace_poses"", ""planner_path_pose_count"": 33, ""evaluation_path_pose_count"": 121}"
extreme_s02_q0044,f_n3p_knn,Extreme,d08_12,True,True,0.02158874715678394,0,11.883557092329294,11.895710534134325,-0.0010216658996666794,0,0.13713845785901435,0.1355208129138208,0,7,0,0,True,0,2,0.0,,"{""profile_name"": ""extreme_d07"", ""map_seed"": 20480620, ""query_seed"": 20481624}"
extreme_s02_q0044,n3p_k1,Extreme,d08_12,True,True,1.3494940609671175,1067,11.895710534134325,11.895710534134325,0.0,0,0.3944821620161824,0.05844109125363467,0,0,1,0,True,0,0,,,"{""profile_name"": ""extreme_d07"", ""map_seed"": 20480620, ""query_seed"": 20481624}"
extreme_s02_q0044,voronoi_waypoint,Extreme,d08_12,True,True,0.528738304041326,25,12.505183828479568,11.895710534134325,0.0512347112512852,2,0.49014902763284734,0.06666027905317096,0,0,0,0,False,,,,,"{""profile_name"": ""extreme_d07"", ""map_seed"": 20480620, ""query_seed"": 20481624, ""waypoint_count"": 2}"
extreme_s02_q0044,bottleneck_waypoint,Extreme,d08_12,True,True,0.509308272972703,3,12.767022636699776,11.895710534134325,0.07324590658668528,0,0.29540959898898395,0.1883621671957879,0,0,0,0,False,,,,,"{""profile_name"": ""extreme_d07"", ""map_seed"": 20480620, ""query_seed"": 20481624, ""waypoint_count"": 2, ""bottleneck_count"": 2}"
extreme_s02_q0044,md_dqn,Extreme,d08_12,False,False,0.16633188724517822,600,1.125000000000004,11.895710534134325,,0,0.26176619490281644,0.26927804097614405,0,0,0,0,False,,,,md_dqn_not_reached,"{""profile_name"": ""extreme_d07"", ""map_seed"": 20480620, ""query_seed"": 20481624, ""md_dqn_source_dir"": ""/home/ubuntu/DQN10/2_experiment"", ""md_dqn_checkpoint_path"": ""/home/ubuntu/DQN10/2_experiment/ugv_dqn/outputs/2026-05-12_train_load_external_demo_smoke/models/realmap_a/mlp-dqn.pt"", ""md_dqn_algo"": ""mlp-dqn"", ""md_dqn_device"": ""cpu"", ""md_dqn_max_steps"": 600, ""md_dqn_rollout_steps"": 600, ""md_dqn_reached"": false}"
extreme_s02_q0045,vanilla_ha,Extreme,d12_16,False,False,2.5001912117004395,3548,,,,0,,,0,0,0,0,False,,,,timeout,"{""profile_name"": ""extreme_d03"", ""map_seed"": 20480621, ""query_seed"": 20481621, ""evaluation_path_source"": ""planner_path"", ""planner_path_pose_count"": 0, ""evaluation_path_pose_count"": 0}"
extreme_s02_q0045,f_n3p_knn,Extreme,d12_16,True,True,0.020966910989955068,0,15.639213161422902,,,0,0.14811431442327186,0.14161414603100964,0,0,0,0,False,2,2,1.0,,"{""profile_name"": ""extreme_d03"", ""map_seed"": 20480621, ""query_seed"": 20481621}"
extreme_s02_q0045,n3p_k1,Extreme,d12_16,True,True,0.01923398021608591,0,15.639213161422902,,,0,0.14811431442327186,0.14161414603100964,0,0,0,0,False,2,2,1.0,,"{""profile_name"": ""extreme_d03"", ""map_seed"": 20480621, ""query_seed"": 20481621}"
extreme_s02_q0045,voronoi_waypoint,Extreme,d12_16,True,True,0.5296778560150415,25,17.292357898086017,,,0,0.22415711135083768,0.07342377369514774,0,0,0,0,False,,,,,"{""profile_name"": ""extreme_d03"", ""map_seed"": 20480621, ""query_seed"": 20481621, ""waypoint_count"": 2}"
extreme_s02_q0045,bottleneck_waypoint,Extreme,d12_16,True,True,0.66256407299079,4,16.504873843657574,,,0,0.23258361661037094,0.6968844752072867,0,0,0,0,False,,,,,"{""profile_name"": ""extreme_d03"", ""map_seed"": 20480621, ""query_seed"": 20481621, ""waypoint_count"": 3, ""bottleneck_count"": 3}"
extreme_s02_q0045,md_dqn,Extreme,d12_16,False,False,0.16451237839646637,600,1.124999999999996,,,0,0.8286550898948931,1.2604417192319441,0,0,0,0,False,,,,md_dqn_not_reached,"{""profile_name"": ""extreme_d03"", ""map_seed"": 20480621, ""query_seed"": 20481621, ""md_dqn_source_dir"": ""/home/ubuntu/DQN10/2_experiment"", ""md_dqn_checkpoint_path"": ""/home/ubuntu/DQN10/2_experiment/ugv_dqn/outputs/2026-05-12_train_load_external_demo_smoke/models/realmap_a/mlp-dqn.pt"", ""md_dqn_algo"": ""mlp-dqn"", ""md_dqn_device"": ""cpu"", ""md_dqn_max_steps"": 600, ""md_dqn_rollout_steps"": 600, ""md_dqn_reached"": false}"
extreme_s02_q0046,vanilla_ha,Extreme,d16_20,True,True,0.31247925758361816,353,20.57090039618981,,,0,0.17276676574425195,0.03742612570805792,0,0,0,0,False,,,,,"{""profile_name"": ""extreme_d04"", ""map_seed"": 20480621, ""query_seed"": 20481622, ""evaluation_path_source"": ""trace_poses"", ""planner_path_pose_count"": 31, ""evaluation_path_pose_count"": 209}"
extreme_s02_q0046,f_n3p_knn,Extreme,d16_20,True,True,0.0393284959718585,0,20.268493725795565,20.57090039618981,-0.014700701698514673,0,0.1113269754509608,0.2058800090126175,0,2,0,0,True,2,4,0.5,,"{""profile_name"": ""extreme_d04"", ""map_seed"": 20480621, ""query_seed"": 20481622}"
extreme_s02_q0046,n3p_k1,Extreme,d16_20,True,True,0.4031813950277865,245,20.296217638679018,20.57090039618981,-0.013352976885818268,0,0.11351743648743252,0.09253244828808649,0,0,1,0,True,0,0,,,"{""profile_name"": ""extreme_d04"", ""map_seed"": 20480621, ""query_seed"": 20481622}"
extreme_s02_q0046,voronoi_waypoint,Extreme,d16_20,True,True,0.6668758420273662,4,20.367635790198644,20.57090039618981,-0.009881172047715214,0,0.12372985622060166,0.2754711444428348,0,0,0,0,False,,,,,"{""profile_name"": ""extreme_d04"", ""map_seed"": 20480621, ""query_seed"": 20481622, ""waypoint_count"": 3}"
extreme_s02_q0046,bottleneck_waypoint,Extreme,d16_20,True,True,0.5165702130179852,3,20.197373606503394,20.57090039618981,-0.018158018486910787,0,0.0959606407382742,0.3091737003644601,0,0,0,0,False,,,,,"{""profile_name"": ""extreme_d04"", ""map_seed"": 20480621, ""query_seed"": 20481622, ""waypoint_count"": 2, ""bottleneck_count"": 2}"
extreme_s02_q0046,md_dqn,Extreme,d16_20,False,False,0.16600620560348034,600,1.1249999999999567,20.57090039618981,,0,0.828655089894921,0.5467185400328314,0,0,0,0,False,,,,md_dqn_not_reached,"{""profile_name"": ""extreme_d04"", ""map_seed"": 20480621, ""query_seed"": 20481622, ""md_dqn_source_dir"": ""/home/ubuntu/DQN10/2_experiment"", ""md_dqn_checkpoint_path"": ""/home/ubuntu/DQN10/2_experiment/ugv_dqn/outputs/2026-05-12_train_load_external_demo_smoke/models/realmap_a/mlp-dqn.pt"", ""md_dqn_algo"": ""mlp-dqn"", ""md_dqn_device"": ""cpu"", ""md_dqn_max_steps"": 600, ""md_dqn_rollout_steps"": 600, ""md_dqn_reached"": false}"
extreme_s02_q0047,vanilla_ha,Extreme,d20_inf,True,True,0.4238743782043457,689,23.55274229377235,,,0,0.15248710696702036,0.08127772617048745,0,0,0,0,False,,,,,"{""profile_name"": ""extreme_d05"", ""map_seed"": 20480621, ""query_seed"": 20481623, ""evaluation_path_source"": ""trace_poses"", ""planner_path_pose_count"": 31, ""evaluation_path_pose_count"": 238}"
extreme_s02_q0047,f_n3p_knn,Extreme,d20_inf,True,True,0.05883412784896791,0,33.95479184424316,23.55274229377235,0.44164918975151557,3,0.07163227576725907,0.09919338731290162,0,19,0,0,True,2,6,0.3333333333333333,,"{""profile_name"": ""extreme_d05"", ""map_seed"": 20480621, ""query_seed"": 20481623}"
extreme_s02_q0047,n3p_k1,Extreme,d20_inf,True,True,0.5889049440156668,631,23.08043922712106,23.55274229377235,-0.02005299683409567,0,0.13554114404489362,0.08373660589814313,0,0,1,0,True,1,1,1.0,,"{""profile_name"": ""extreme_d05"", ""map_seed"": 20480621, ""query_seed"": 20481623}"
extreme_s02_q0047,voronoi_waypoint,Extreme,d20_inf,True,True,0.8590577330905944,39,27.06314244648169,23.55274229377235,0.14904422206655465,2,0.30480407510857166,0.09098967091820587,0,0,0,0,False,,,,,"{""profile_name"": ""extreme_d05"", ""map_seed"": 20480621, ""query_seed"": 20481623, ""waypoint_count"": 4}"
extreme_s02_q0047,bottleneck_waypoint,Extreme,d20_inf,True,True,0.9958646888844669,34,24.508744269406808,23.55274229377235,0.04058983721344567,0,0.2882318953567867,0.220247242655493,0,0,0,0,False,,,,,"{""profile_name"": ""extreme_d05"", ""map_seed"": 20480621, ""query_seed"": 20481623, ""waypoint_count"": 5, ""bottleneck_count"": 5}"
extreme_s02_q0047,md_dqn,Extreme,d20_inf,False,False,0.16686192201450467,600,1.1250000000000269,23.55274229377235,,0,0.8286550898949274,0.220247242655493,0,0,0,0,False,,,,md_dqn_not_reached,"{""profile_name"": ""extreme_d05"", ""map_seed"": 20480621, ""query_seed"": 20481623, ""md_dqn_source_dir"": ""/home/ubuntu/DQN10/2_experiment"", ""md_dqn_checkpoint_path"": ""/home/ubuntu/DQN10/2_experiment/ugv_dqn/outputs/2026-05-12_train_load_external_demo_smoke/models/realmap_a/mlp-dqn.pt"", ""md_dqn_algo"": ""mlp-dqn"", ""md_dqn_device"": ""cpu"", ""md_dqn_max_steps"": 600, ""md_dqn_rollout_steps"": 600, ""md_dqn_reached"": false}"
extreme_s02_q0048,vanilla_ha,Extreme,d08_12,True,True,0.37627243995666504,346,9.889044791748988,,,1,0.3098130456319123,0.07300320700616636,0,0,0,0,False,,,,,"{""profile_name"": ""extreme_d06"", ""map_seed"": 20480621, ""query_seed"": 20481624, ""evaluation_path_source"": ""trace_poses"", ""planner_path_pose_count"": 16, ""evaluation_path_pose_count"": 101}"
extreme_s02_q0048,f_n3p_knn,Extreme,d08_12,True,True,1.2518161530606449,1082,9.846020155228079,9.889044791748988,-0.004350737348950751,1,0.34915390192500123,0.0714162072125013,0,20,1,0,True,0,1,0.0,,"{""profile_name"": ""extreme_d06"", ""map_seed"": 20480621, ""query_seed"": 20481624}"
extreme_s02_q0048,n3p_k1,Extreme,d08_12,True,True,0.3554060300812125,67,10.320174689144944,9.889044791748988,0.04359671803243037,1,0.3174391623193117,0.08019906665341003,0,0,2,0,True,0,0,,,"{""profile_name"": ""extreme_d06"", ""map_seed"": 20480621, ""query_seed"": 20481624}"
extreme_s02_q0048,voronoi_waypoint,Extreme,d08_12,True,True,0.39828931214287877,52,11.902149179133184,9.889044791748988,0.2035691444196761,3,0.3811290144954171,0.1252655456713211,0,0,0,0,False,,,,,"{""profile_name"": ""extreme_d06"", ""map_seed"": 20480621, ""query_seed"": 20481624, ""waypoint_count"": 1}"
extreme_s02_q0048,bottleneck_waypoint,Extreme,d08_12,True,True,0.6591106920968741,4,12.060228674979255,9.889044791748988,0.219554459399538,3,0.3544964254602732,0.08517970700005417,0,0,0,0,False,,,,,"{""profile_name"": ""extreme_d06"", ""map_seed"": 20480621, ""query_seed"": 20481624, ""waypoint_count"": 3, ""bottleneck_count"": 3}"
extreme_s02_q0048,md_dqn,Extreme,d08_12,False,False,0.0014438910875469446,1,0.003750000000000489,9.889044791748988,,0,0.08734630124013922,0.13353819470443495,0,0,0,0,False,,,,md_dqn_not_reached,"{""profile_name"": ""extreme_d06"", ""map_seed"": 20480621, ""query_seed"": 20481624, ""md_dqn_source_dir"": ""/home/ubuntu/DQN10/2_experiment"", ""md_dqn_checkpoint_path"": ""/home/ubuntu/DQN10/2_experiment/ugv_dqn/outputs/2026-05-12_train_load_external_demo_smoke/models/realmap_a/mlp-dqn.pt"", ""md_dqn_algo"": ""mlp-dqn"", ""md_dqn_device"": ""cpu"", ""md_dqn_max_steps"": 600, ""md_dqn_rollout_steps"": 1, ""md_dqn_reached"": false}"
extreme_s02_q0049,vanilla_ha,Extreme,d12_16,True,True,0.1947169303894043,49,13.828727272481432,,,0,0.1500279252402915,0.14176921481257576,0,0,0,0,False,,,,,"{""profile_name"": ""extreme_d07"", ""map_seed"": 20480621, ""query_seed"": 20481625, ""evaluation_path_source"": ""trace_poses"", ""planner_path_pose_count"": 17, ""evaluation_path_pose_count"": 141}"
extreme_s02_q0049,f_n3p_knn,Extreme,d12_16,True,True,0.021413551177829504,0,14.378741647268,13.828727272481432,0.03977331853821964,0,0.14742390780783707,0.17565074835153904,0,19,0,0,True,0,2,0.0,,"{""profile_name"": ""extreme_d07"", ""map_seed"": 20480621, ""query_seed"": 20481625}"
extreme_s02_q0049,n3p_k1,Extreme,d12_16,True,True,0.2018682372290641,49,13.828727272481432,13.828727272481432,0.0,0,0.1500279252402915,0.14176921481257576,0,0,1,0,True,0,0,,,"{""profile_name"": ""extreme_d07"", ""map_seed"": 20480621, ""query_seed"": 20481625}"
extreme_s02_q0049,voronoi_waypoint,Extreme,d12_16,True,True,0.5025261521805078,3,14.522980422975083,13.828727272481432,0.05020369096982513,0,0.17258832276217065,0.2969588883647739,0,0,0,0,False,,,,,"{""profile_name"": ""extreme_d07"", ""map_seed"": 20480621, ""query_seed"": 20481625, ""waypoint_count"": 2}"
extreme_s02_q0049,bottleneck_waypoint,Extreme,d12_16,True,True,0.506360064027831,3,14.855416913724024,13.828727272481432,0.07424324892759016,0,0.2901128903662307,0.295810647788745,0,0,0,0,False,,,,,"{""profile_name"": ""extreme_d07"", ""map_seed"": 20480621, ""query_seed"": 20481625, ""waypoint_count"": 2, ""bottleneck_count"": 2}"
extreme_s02_q0049,md_dqn,Extreme,d12_16,False,False,0.1671088880393654,600,1.1250000000000147,13.828727272481432,,0,0.8286550898948776,0.5895710216485108,0,0,0,0,False,,,,md_dqn_not_reached,"{""profile_name"": ""extreme_d07"", ""map_seed"": 20480621, ""query_seed"": 20481625, ""md_dqn_source_dir"": ""/home/ubuntu/DQN10/2_experiment"", ""md_dqn_checkpoint_path"": ""/home/ubuntu/DQN10/2_experiment/ugv_dqn/outputs/2026-05-12_train_load_external_demo_smoke/models/realmap_a/mlp-dqn.pt"", ""md_dqn_algo"": ""mlp-dqn"", ""md_dqn_device"": ""cpu"", ""md_dqn_max_steps"": 600, ""md_dqn_rollout_steps"": 600, ""md_dqn_reached"": false}"
extreme_s02_q0050,vanilla_ha,Extreme,d16_20,True,True,0.26057982444763184,190,19.23395250059188,,,0,0.24858137621569698,0.13348661825765284,0,0,0,0,False,,,,,"{""profile_name"": ""extreme_d03"", ""map_seed"": 20480622, ""query_seed"": 20481622, ""evaluation_path_source"": ""trace_poses"", ""planner_path_pose_count"": 40, ""evaluation_path_pose_count"": 195}"
extreme_s02_q0050,f_n3p_knn,Extreme,d16_20,True,True,0.011198497144505382,0,19.111362791796147,19.23395250059188,-0.006373609833546179,0,0.04843162301217267,0.32353776378618215,0,0,0,0,False,1,1,1.0,,"{""profile_name"": ""extreme_d03"", ""map_seed"": 20480622, ""query_seed"": 20481622}"
extreme_s02_q0050,n3p_k1,Extreme,d16_20,True,True,0.009328596061095595,0,19.111362791796147,19.23395250059188,-0.006373609833546179,0,0.04843162301217267,0.32353776378618215,0,0,0,0,False,1,1,1.0,,"{""profile_name"": ""extreme_d03"", ""map_seed"": 20480622, ""query_seed"": 20481622}"
extreme_s02_q0050,voronoi_waypoint,Extreme,d16_20,True,True,0.664128087926656,4,20.653818281649244,19.23395250059188,0.07382080105551214,0,0.22875495389247635,0.1107023381193446,0,0,0,0,False,,,,,"{""profile_name"": ""extreme_d03"", ""map_seed"": 20480622, ""query_seed"": 20481622, ""waypoint_count"": 3}"
extreme_s02_q0050,bottleneck_waypoint,Extreme,d16_20,True,True,0.8074328729417175,5,20.196872994695852,19.23395250059188,0.050063578667688846,2,0.18012564130282366,0.41007481645128485,0,0,0,0,False,,,,,"{""profile_name"": ""extreme_d03"", ""map_seed"": 20480622, ""query_seed"": 20481622, ""waypoint_count"": 4, ""bottleneck_count"": 4}"
extreme_s02_q0050,md_dqn,Extreme,d16_20,False,False,0.3868063243571669,600,1.1250000000000122,19.23395250059188,,0,0.8382082551150334,0.9351753387295925,0,0,0,0,False,,,,md_dqn_not_reached,"{""profile_name"": ""extreme_d03"", ""map_seed"": 20480622, ""query_seed"": 20481622, ""md_dqn_source_dir"": ""/home/ubuntu/DQN10/2_experiment"", ""md_dqn_checkpoint_path"": ""/home/ubuntu/DQN10/2_experiment/ugv_dqn/outputs/2026-05-12_train_load_external_demo_smoke/models/realmap_a/mlp-dqn.pt"", ""md_dqn_algo"": ""mlp-dqn"", ""md_dqn_device"": ""cpu"", ""md_dqn_max_steps"": 600, ""md_dqn_rollout_steps"": 600, ""md_dqn_reached"": false}"
extreme_s02_q0051,vanilla_ha,Extreme,d20_inf,True,True,1.2462751865386963,2521,22.20608019285316,,,0,0.15270787570082175,0.06331088627973819,0,0,0,0,False,,,,,"{""profile_name"": ""extreme_d04"", ""map_seed"": 20480622, ""query_seed"": 20481623, ""evaluation_path_source"": ""trace_poses"", ""planner_path_pose_count"": 47, ""evaluation_path_pose_count"": 225}"
extreme_s02_q0051,f_n3p_knn,Extreme,d20_inf,True,True,0.029686340130865574,0,23.09661223502654,22.20608019285316,0.040103072421578956,0,0.09538059354900046,0.12764655387858992,0,12,0,0,True,0,3,0.0,,"{""profile_name"": ""extreme_d04"", ""map_seed"": 20480622, ""query_seed"": 20481623}"
extreme_s02_q0051,n3p_k1,Extreme,d20_inf,True,True,1.9690496230032295,4521,22.20608019285316,22.20608019285316,0.0,0,0.15270787570082175,0.06331088627973819,0,0,1,1,True,0,0,,,"{""profile_name"": ""extreme_d04"", ""map_seed"": 20480622, ""query_seed"": 20481623}"
extreme_s02_q0051,voronoi_waypoint,Extreme,d20_inf,True,True,0.789964959025383,50,24.857843513133574,22.20608019285316,0.11941609222567151,0,0.35181119530140487,0.07433506286941316,0,0,0,0,False,,,,,"{""profile_name"": ""extreme_d04"", ""map_seed"": 20480622, ""query_seed"": 20481623, ""waypoint_count"": 4}"
extreme_s02_q0051,bottleneck_waypoint,Extreme,d20_inf,True,True,0.7536582730244845,5,23.24757730757077,22.20608019285316,0.04690143896052423,0,0.1827749382158267,0.05642468856835137,0,0,0,0,False,,,,,"{""profile_name"": ""extreme_d04"", ""map_seed"": 20480622, ""query_seed"": 20481623, ""waypoint_count"": 4, ""bottleneck_count"": 4}"
extreme_s02_q0051,md_dqn,Extreme,d20_inf,False,False,0.4014624170958996,600,1.1249999999999827,22.20608019285316,,0,0.8286550898949032,1.0527219431020423,0,0,0,0,False,,,,md_dqn_not_reached,"{""profile_name"": ""extreme_d04"", ""map_seed"": 20480622, ""query_seed"": 20481623, ""md_dqn_source_dir"": ""/home/ubuntu/DQN10/2_experiment"", ""md_dqn_checkpoint_path"": ""/home/ubuntu/DQN10/2_experiment/ugv_dqn/outputs/2026-05-12_train_load_external_demo_smoke/models/realmap_a/mlp-dqn.pt"", ""md_dqn_algo"": ""mlp-dqn"", ""md_dqn_device"": ""cpu"", ""md_dqn_max_steps"": 600, ""md_dqn_rollout_steps"": 600, ""md_dqn_reached"": false}"
extreme_s02_q0052,vanilla_ha,Extreme,d08_12,True,True,0.19871234893798828,67,8.876443372366476,,,0,0.15471960897398004,0.0778585338004002,0,0,0,0,False,,,,,"{""profile_name"": ""extreme_d05"", ""map_seed"": 20480622, ""query_seed"": 20481624, ""evaluation_path_source"": ""trace_poses"", ""planner_path_pose_count"": 19, ""evaluation_path_pose_count"": 91}"
extreme_s02_q0052,f_n3p_knn,Extreme,d08_12,True,True,0.1784528938587755,9,15.617161902226991,8.876443372366476,0.759394077907966,1,0.3510966448683956,0.10205934748628409,0,21,1,0,True,0,2,0.0,,"{""profile_name"": ""extreme_d05"", ""map_seed"": 20480622, ""query_seed"": 20481624}"
extreme_s02_q0052,n3p_k1,Extreme,d08_12,True,True,0.2211837568320334,83,8.885769490926451,8.876443372366476,0.0010506593878589765,0,0.16936489415695707,0.12758376450505904,0,0,1,0,True,0,0,,,"{""profile_name"": ""extreme_d05"", ""map_seed"": 20480622, ""query_seed"": 20481624}"
extreme_s02_q0052,voronoi_waypoint,Extreme,d08_12,True,True,0.32947764499112964,2,8.912450994380551,8.876443372366476,0.004056537117802295,0,0.06601183866240733,0.30277317174022234,0,0,0,0,False,,,,,"{""profile_name"": ""extreme_d05"", ""map_seed"": 20480622, ""query_seed"": 20481624, ""waypoint_count"": 1}"
extreme_s02_q0052,bottleneck_waypoint,Extreme,d08_12,True,True,0.3310605969745666,2,8.904256549359747,8.876443372366476,0.003133369506964634,0,0.0666057934867385,0.3484110265937448,0,0,0,0,False,,,,,"{""profile_name"": ""extreme_d05"", ""map_seed"": 20480622, ""query_seed"": 20481624, ""waypoint_count"": 1, ""bottleneck_count"": 1}"
extreme_s02_q0052,md_dqn,Extreme,d08_12,False,False,0.39557166933082044,600,1.1250000000000089,8.876443372366476,,0,0.8286550898948843,0.23448196919678965,0,0,0,0,False,,,,md_dqn_not_reached,"{""profile_name"": ""extreme_d05"", ""map_seed"": 20480622, ""query_seed"": 20481624, ""md_dqn_source_dir"": ""/home/ubuntu/DQN10/2_experiment"", ""md_dqn_checkpoint_path"": ""/home/ubuntu/DQN10/2_experiment/ugv_dqn/outputs/2026-05-12_train_load_external_demo_smoke/models/realmap_a/mlp-dqn.pt"", ""md_dqn_algo"": ""mlp-dqn"", ""md_dqn_device"": ""cpu"", ""md_dqn_max_steps"": 600, ""md_dqn_rollout_steps"": 600, ""md_dqn_reached"": false}"
extreme_s02_q0053,vanilla_ha,Extreme,d12_16,True,True,0.14754199981689453,1,13.408206442324792,,,0,0.0,0.3565174650658607,0,0,0,0,False,,,,,"{""profile_name"": ""extreme_d06"", ""map_seed"": 20480622, ""query_seed"": 20481625, ""evaluation_path_source"": ""trace_poses"", ""planner_path_pose_count"": 2, ""evaluation_path_pose_count"": 136}"
extreme_s02_q0053,f_n3p_knn,Extreme,d12_16,True,True,0.0005959789268672466,0,13.408206442324792,13.408206442324792,0.0,0,0.0,0.3565174650658607,0,0,0,0,False,0,0,,,"{""profile_name"": ""extreme_d06"", ""map_seed"": 20480622, ""query_seed"": 20481625}"
extreme_s02_q0053,n3p_k1,Extreme,d12_16,True,True,0.0005733419675379992,0,13.408206442324792,13.408206442324792,0.0,0,0.0,0.3565174650658607,0,0,0,0,False,0,0,,,"{""profile_name"": ""extreme_d06"", ""map_seed"": 20480622, ""query_seed"": 20481625}"
extreme_s02_q0053,voronoi_waypoint,Extreme,d12_16,True,True,0.47693215101026,3,14.966427181810209,13.408206442324792,0.1162139579359911,0,0.21961779750108398,0.5608230069725202,0,0,0,0,False,,,,,"{""profile_name"": ""extreme_d06"", ""map_seed"": 20480622, ""query_seed"": 20481625, ""waypoint_count"": 2}"
extreme_s02_q0053,bottleneck_waypoint,Extreme,d12_16,True,True,0.5035401110071689,3,14.875765853240924,13.408206442324792,0.10945232811180361,1,0.25035408841319107,0.7472715824203262,0,0,0,0,False,,,,,"{""profile_name"": ""extreme_d06"", ""map_seed"": 20480622, ""query_seed"": 20481625, ""waypoint_count"": 2, ""bottleneck_count"": 2}"
extreme_s02_q0053,md_dqn,Extreme,d12_16,False,False,0.4034076319076121,600,1.1249999999999996,13.408206442324792,,0,0.8286550898948915,1.0710026255751517,0,0,0,0,False,,,,md_dqn_not_reached,"{""profile_name"": ""extreme_d06"", ""map_seed"": 20480622, ""query_seed"": 20481625, ""md_dqn_source_dir"": ""/home/ubuntu/DQN10/2_experiment"", ""md_dqn_checkpoint_path"": ""/home/ubuntu/DQN10/2_experiment/ugv_dqn/outputs/2026-05-12_train_load_external_demo_smoke/models/realmap_a/mlp-dqn.pt"", ""md_dqn_algo"": ""mlp-dqn"", ""md_dqn_device"": ""cpu"", ""md_dqn_max_steps"": 600, ""md_dqn_rollout_steps"": 600, ""md_dqn_reached"": false}"
extreme_s02_q0054,vanilla_ha,Extreme,d16_20,False,False,2.5002546310424805,3959,,,,0,,,0,0,0,0,False,,,,timeout,"{""profile_name"": ""extreme_d07"", ""map_seed"": 20480622, ""query_seed"": 20481626, ""evaluation_path_source"": ""planner_path"", ""planner_path_pose_count"": 0, ""evaluation_path_pose_count"": 0}"
extreme_s02_q0054,f_n3p_knn,Extreme,d16_20,True,True,0.020242050057277083,0,18.890933813725347,,,0,0.13365539230459675,0.05906871498368038,0,0,0,0,False,2,2,1.0,,"{""profile_name"": ""extreme_d07"", ""map_seed"": 20480622, ""query_seed"": 20481626}"
extreme_s02_q0054,n3p_k1,Extreme,d16_20,True,True,0.018622538074851036,0,18.890933813725347,,,0,0.13365539230459675,0.05906871498368038,0,0,0,0,False,2,2,1.0,,"{""profile_name"": ""extreme_d07"", ""map_seed"": 20480622, ""query_seed"": 20481626}"
extreme_s02_q0054,voronoi_waypoint,Extreme,d16_20,True,True,0.6636554759461433,4,19.147100977506064,,,0,0.23599439872204023,0.07261584689118472,0,0,0,0,False,,,,,"{""profile_name"": ""extreme_d07"", ""map_seed"": 20480622, ""query_seed"": 20481626, ""waypoint_count"": 3}"
extreme_s02_q0054,bottleneck_waypoint,Extreme,d16_20,True,True,0.6857091789133847,37,18.871567864133006,,,0,0.16221477795710934,0.16167090770900072,0,0,0,0,False,,,,,"{""profile_name"": ""extreme_d07"", ""map_seed"": 20480622, ""query_seed"": 20481626, ""waypoint_count"": 3, ""bottleneck_count"": 3}"
extreme_s02_q0054,md_dqn,Extreme,d16_20,False,False,0.5353403724730015,560,1.0987500000000052,,,2,0.8154673548975242,0.41312800571872166,0,0,0,0,False,,,,md_dqn_not_reached,"{""profile_name"": ""extreme_d07"", ""map_seed"": 20480622, ""query_seed"": 20481626, ""md_dqn_source_dir"": ""/home/ubuntu/DQN10/2_experiment"", ""md_dqn_checkpoint_path"": ""/home/ubuntu/DQN10/2_experiment/ugv_dqn/outputs/2026-05-12_train_load_external_demo_smoke/models/realmap_a/mlp-dqn.pt"", ""md_dqn_algo"": ""mlp-dqn"", ""md_dqn_device"": ""cpu"", ""md_dqn_max_steps"": 600, ""md_dqn_rollout_steps"": 560, ""md_dqn_reached"": false}"
extreme_s02_q0055,vanilla_ha,Extreme,d20_inf,False,False,2.5001580715179443,4416,,,,0,,,0,0,0,0,False,,,,timeout,"{""profile_name"": ""extreme_d03"", ""map_seed"": 20480623, ""query_seed"": 20481623, ""evaluation_path_source"": ""planner_path"", ""planner_path_pose_count"": 0, ""evaluation_path_pose_count"": 0}"
extreme_s02_q0055,f_n3p_knn,Extreme,d20_inf,True,True,0.039085722994059324,0,23.898992037915264,,,0,0.1557745687543174,0.07415248898553273,0,13,0,0,True,2,4,0.5,,"{""profile_name"": ""extreme_d03"", ""map_seed"": 20480623, ""query_seed"": 20481623}"
extreme_s02_q0055,n3p_k1,Extreme,d20_inf,True,True,0.4451607239898294,409,22.73899939677571,,,0,0.20000748162243234,0.06043611498442186,0,0,1,0,True,2,2,1.0,,"{""profile_name"": ""extreme_d03"", ""map_seed"": 20480623, ""query_seed"": 20481623}"
extreme_s02_q0055,voronoi_waypoint,Extreme,d20_inf,True,True,0.8118998401332647,11,24.77862412342475,,,0,0.3005376175815227,0.07305904937390673,0,0,0,0,False,,,,,"{""profile_name"": ""extreme_d03"", ""map_seed"": 20480623, ""query_seed"": 20481623, ""waypoint_count"": 4}"
extreme_s02_q0055,bottleneck_waypoint,Extreme,d20_inf,True,True,0.6601442240644246,4,24.3204602294052,,,0,0.1507728171938975,0.07415248898553584,0,0,0,0,False,,,,,"{""profile_name"": ""extreme_d03"", ""map_seed"": 20480623, ""query_seed"": 20481623, ""waypoint_count"": 3, ""bottleneck_count"": 3}"
extreme_s02_q0055,md_dqn,Extreme,d20_inf,False,False,0.47966010635718703,148,1.1568750000000112,,,1,0.44115963588603924,0.13446811954690174,0,0,0,0,False,,,,md_dqn_not_reached,"{""profile_name"": ""extreme_d03"", ""map_seed"": 20480623, ""query_seed"": 20481623, ""md_dqn_source_dir"": ""/home/ubuntu/DQN10/2_experiment"", ""md_dqn_checkpoint_path"": ""/home/ubuntu/DQN10/2_experiment/ugv_dqn/outputs/2026-05-12_train_load_external_demo_smoke/models/realmap_a/mlp-dqn.pt"", ""md_dqn_algo"": ""mlp-dqn"", ""md_dqn_device"": ""cpu"", ""md_dqn_max_steps"": 600, ""md_dqn_rollout_steps"": 148, ""md_dqn_reached"": false}"
extreme_s02_q0056,vanilla_ha,Extreme,d08_12,True,True,0.19973349571228027,73,11.503534352853649,,,0,0.1919082635301685,0.053098095286207014,0,0,0,0,False,,,,,"{""profile_name"": ""extreme_d04"", ""map_seed"": 20480623, ""query_seed"": 20481624, ""evaluation_path_source"": ""trace_poses"", ""planner_path_pose_count"": 26, ""evaluation_path_pose_count"": 118}"
extreme_s02_q0056,f_n3p_knn,Extreme,d08_12,True,True,0.011861231178045273,0,11.523545273512758,11.503534352853649,0.0017395454340642935,0,0.12958400900563702,0.1279283617927156,0,12,0,0,True,0,1,0.0,,"{""profile_name"": ""extreme_d04"", ""map_seed"": 20480623, ""query_seed"": 20481624}"
extreme_s02_q0056,n3p_k1,Extreme,d08_12,True,True,0.17545743193477392,21,11.451607381544465,11.503534352853649,-0.004514001498704845,4,0.2038645987259102,0.053098095286207014,0,0,1,0,True,1,1,1.0,,"{""profile_name"": ""extreme_d04"", ""map_seed"": 20480623, ""query_seed"": 20481624}"
extreme_s02_q0056,voronoi_waypoint,Extreme,d08_12,True,True,0.4756129370070994,3,12.137256335030214,11.503534352853649,0.055089328439251295,0,0.44261083727860284,0.2009416582636403,0,0,0,0,False,,,,,"{""profile_name"": ""extreme_d04"", ""map_seed"": 20480623, ""query_seed"": 20481624, ""waypoint_count"": 2}"
extreme_s02_q0056,bottleneck_waypoint,Extreme,d08_12,True,True,0.4761560829356313,3,12.597333176797836,11.503534352853649,0.09508371865494114,1,0.3190847380577827,0.6014919133312089,0,0,0,0,False,,,,,"{""profile_name"": ""extreme_d04"", ""map_seed"": 20480623, ""query_seed"": 20481624, ""waypoint_count"": 2, ""bottleneck_count"": 2}"
extreme_s02_q0056,md_dqn,Extreme,d08_12,False,False,0.4230634144041687,155,0.34687500000001675,11.503534352853649,,1,0.09358440859948171,0.480060879119275,0,0,0,0,False,,,,md_dqn_not_reached,"{""profile_name"": ""extreme_d04"", ""map_seed"": 20480623, ""query_seed"": 20481624, ""md_dqn_source_dir"": ""/home/ubuntu/DQN10/2_experiment"", ""md_dqn_checkpoint_path"": ""/home/ubuntu/DQN10/2_experiment/ugv_dqn/outputs/2026-05-12_train_load_external_demo_smoke/models/realmap_a/mlp-dqn.pt"", ""md_dqn_algo"": ""mlp-dqn"", ""md_dqn_device"": ""cpu"", ""md_dqn_max_steps"": 600, ""md_dqn_rollout_steps"": 155, ""md_dqn_reached"": false}"
extreme_s02_q0057,vanilla_ha,Extreme,d12_16,True,True,0.3148193359375,246,16.05295446506023,,,0,0.4485155686245184,0.0655993692977348,0,0,0,0,False,,,,,"{""profile_name"": ""extreme_d05"", ""map_seed"": 20480623, ""query_seed"": 20481625, ""evaluation_path_source"": ""trace_poses"", ""planner_path_pose_count"": 38, ""evaluation_path_pose_count"": 163}"
extreme_s02_q0057,f_n3p_knn,Extreme,d12_16,True,True,0.03236213396303356,0,19.35360860481141,16.05295446506023,0.20561038448935753,4,0.20097519675440412,0.09641552983357426,0,36,0,0,True,1,3,0.3333333333333333,,"{""profile_name"": ""extreme_d05"", ""map_seed"": 20480623, ""query_seed"": 20481625}"
extreme_s02_q0057,n3p_k1,Extreme,d12_16,True,True,0.17213466693647206,13,15.705023897292227,16.05295446506023,-0.021673927283932914,0,0.09882197613772224,0.08080581902662765,0,0,1,0,True,1,1,1.0,,"{""profile_name"": ""extreme_d05"", ""map_seed"": 20480623, ""query_seed"": 20481625}"
extreme_s02_q0057,voronoi_waypoint,Extreme,d12_16,True,True,0.4760125840548426,3,16.66277082258216,16.05295446506023,0.0379877958820114,0,0.10665235951627909,0.4571055856783026,0,0,0,0,False,,,,,"{""profile_name"": ""extreme_d05"", ""map_seed"": 20480623, ""query_seed"": 20481625, ""waypoint_count"": 2}"
extreme_s02_q0057,bottleneck_waypoint,Extreme,d12_16,True,True,0.48094702092930675,3,16.530197063472247,16.05295446506023,0.02972926880536253,0,0.17457656979560615,0.4478200822542546,0,0,0,0,False,,,,,"{""profile_name"": ""extreme_d05"", ""map_seed"": 20480623, ""query_seed"": 20481625, ""waypoint_count"": 2, ""bottleneck_count"": 2}"
extreme_s02_q0057,md_dqn,Extreme,d12_16,False,False,0.1673252002801746,600,1.1249999999999831,16.05295446506023,,0,0.7124881219734032,1.1689250171925363,0,0,0,0,False,,,,md_dqn_not_reached,"{""profile_name"": ""extreme_d05"", ""map_seed"": 20480623, ""query_seed"": 20481625, ""md_dqn_source_dir"": ""/home/ubuntu/DQN10/2_experiment"", ""md_dqn_checkpoint_path"": ""/home/ubuntu/DQN10/2_experiment/ugv_dqn/outputs/2026-05-12_train_load_external_demo_smoke/models/realmap_a/mlp-dqn.pt"", ""md_dqn_algo"": ""mlp-dqn"", ""md_dqn_device"": ""cpu"", ""md_dqn_max_steps"": 600, ""md_dqn_rollout_steps"": 600, ""md_dqn_reached"": false}"
extreme_s02_q0058,vanilla_ha,Extreme,d16_20,True,True,0.20511603355407715,121,18.127746409124136,,,0,0.10370515625959767,0.17749364843587145,0,0,0,0,False,,,,,"{""profile_name"": ""extreme_d06"", ""map_seed"": 20480623, ""query_seed"": 20481626, ""evaluation_path_source"": ""trace_poses"", ""planner_path_pose_count"": 9, ""evaluation_path_pose_count"": 183}"
extreme_s02_q0058,f_n3p_knn,Extreme,d16_20,True,True,0.02792102308012545,0,18.853869439255828,18.127746409124136,0.040055890773395664,0,0.10427156909443934,0.08002955956076929,0,2,0,0,True,1,3,0.3333333333333333,,"{""profile_name"": ""extreme_d06"", ""map_seed"": 20480623, ""query_seed"": 20481626}"
extreme_s02_q0058,n3p_k1,Extreme,d16_20,True,True,0.21664382400922477,121,18.127746409124136,18.127746409124136,0.0,0,0.10370515625959767,0.17749364843587145,0,0,1,0,True,0,0,,,"{""profile_name"": ""extreme_d06"", ""map_seed"": 20480623, ""query_seed"": 20481626}"
extreme_s02_q0058,voronoi_waypoint,Extreme,d16_20,True,True,0.616952866083011,4,19.212029307991504,18.127746409124136,0.05981344147232903,0,0.2532001013990877,0.2328250787977495,0,0,0,0,False,,,,,"{""profile_name"": ""extreme_d06"", ""map_seed"": 20480623, ""query_seed"": 20481626, ""waypoint_count"": 3}"
extreme_s02_q0058,bottleneck_waypoint,Extreme,d16_20,True,True,0.7602264860179275,5,18.85782533867529,18.127746409124136,0.0402741142265588,0,0.2485621453394459,0.23282507879774894,0,0,0,0,False,,,,,"{""profile_name"": ""extreme_d06"", ""map_seed"": 20480623, ""query_seed"": 20481626, ""waypoint_count"": 4, ""bottleneck_count"": 4}"
extreme_s02_q0058,md_dqn,Extreme,d16_20,False,False,0.16558389994315803,600,1.1249999999999765,18.127746409124136,,0,0.8286550898949071,1.002783721820596,0,0,0,0,False,,,,md_dqn_not_reached,"{""profile_name"": ""extreme_d06"", ""map_seed"": 20480623, ""query_seed"": 20481626, ""md_dqn_source_dir"": ""/home/ubuntu/DQN10/2_experiment"", ""md_dqn_checkpoint_path"": ""/home/ubuntu/DQN10/2_experiment/ugv_dqn/outputs/2026-05-12_train_load_external_demo_smoke/models/realmap_a/mlp-dqn.pt"", ""md_dqn_algo"": ""mlp-dqn"", ""md_dqn_device"": ""cpu"", ""md_dqn_max_steps"": 600, ""md_dqn_rollout_steps"": 600, ""md_dqn_reached"": false}"
extreme_s02_q0059,vanilla_ha,Extreme,d20_inf,True,True,0.1770000457763672,65,23.24688045717059,,,0,0.07598196615145954,0.07840251957636934,0,0,0,0,False,,,,,"{""profile_name"": ""extreme_d07"", ""map_seed"": 20480623, ""query_seed"": 20481627, ""evaluation_path_source"": ""trace_poses"", ""planner_path_pose_count"": 24, ""evaluation_path_pose_count"": 235}"
extreme_s02_q0059,f_n3p_knn,Extreme,d20_inf,True,True,0.03084039594978094,0,24.531276654748563,23.24688045717059,0.055250260349740676,0,0.08913618484259499,0.0703470239468954,0,21,0,0,True,0,3,0.0,,"{""profile_name"": ""extreme_d07"", ""map_seed"": 20480623, ""query_seed"": 20481627}"
extreme_s02_q0059,n3p_k1,Extreme,d20_inf,True,True,0.34883088804781437,68,23.34661036181458,23.24688045717059,0.004290033874770005,0,0.0913617639714268,0.07840251957636934,0,0,2,0,True,0,0,,,"{""profile_name"": ""extreme_d07"", ""map_seed"": 20480623, ""query_seed"": 20481627}"
extreme_s02_q0059,voronoi_waypoint,Extreme,d20_inf,True,True,0.7669879018794745,5,25.793944580854838,23.24688045717059,0.10956584597993224,0,0.3187087868567844,0.29108593351181844,0,0,0,0,False,,,,,"{""profile_name"": ""extreme_d07"", ""map_seed"": 20480623, ""query_seed"": 20481627, ""waypoint_count"": 4}"
extreme_s02_q0059,bottleneck_waypoint,Extreme,d20_inf,True,True,0.9077313579618931,6,24.529064775817762,23.24688045717059,0.05515511300578302,0,0.2579502539353021,0.5402124715205685,0,0,0,0,False,,,,,"{""profile_name"": ""extreme_d07"", ""map_seed"": 20480623, ""query_seed"": 20481627, ""waypoint_count"": 5, ""bottleneck_count"": 5}"
extreme_s02_q0059,md_dqn,Extreme,d20_inf,False,False,0.1675379490479827,600,1.1250000000000426,23.24688045717059,,0,0.8385645564237038,0.5980264047625239,0,0,0,0,False,,,,md_dqn_not_reached,"{""profile_name"": ""extreme_d07"", ""map_seed"": 20480623, ""query_seed"": 20481627, ""md_dqn_source_dir"": ""/home/ubuntu/DQN10/2_experiment"", ""md_dqn_checkpoint_path"": ""/home/ubuntu/DQN10/2_experiment/ugv_dqn/outputs/2026-05-12_train_load_external_demo_smoke/models/realmap_a/mlp-dqn.pt"", ""md_dqn_algo"": ""mlp-dqn"", ""md_dqn_device"": ""cpu"", ""md_dqn_max_steps"": 600, ""md_dqn_rollout_steps"": 600, ""md_dqn_reached"": false}"
extreme_s03_q0060,vanilla_ha,Extreme,d08_12,True,True,0.6169991493225098,623,12.533996246158088,,,1,0.49209108158348314,0.06994393782730779,0,0,0,0,False,,,,,"{""profile_name"": ""extreme_d03"", ""map_seed"": 20490620, ""query_seed"": 20491620, ""evaluation_path_source"": ""trace_poses"", ""planner_path_pose_count"": 37, ""evaluation_path_pose_count"": 128}"
extreme_s03_q0060,f_n3p_knn,Extreme,d08_12,True,True,0.5640932058449835,393,13.834227479002326,12.533996246158088,0.1037363668624669,2,0.3785173062947791,0.05239419555904312,0,22,1,0,True,0,1,0.0,,"{""profile_name"": ""extreme_d03"", ""map_seed"": 20490620, ""query_seed"": 20491620}"
extreme_s03_q0060,n3p_k1,Extreme,d08_12,True,True,0.7311885252129287,438,12.714757849117765,12.533996246158088,0.014421705528680384,1,0.38188836967965756,0.05239419555904312,0,0,2,0,True,0,0,,,"{""profile_name"": ""extreme_d03"", ""map_seed"": 20490620, ""query_seed"": 20491620}"
extreme_s03_q0060,voronoi_waypoint,Extreme,d08_12,True,True,0.7081659871619195,365,15.95898127050226,12.533996246158088,0.27325562869814934,3,0.5586398645885922,0.06915750857923342,0,0,0,0,False,,,,,"{""profile_name"": ""extreme_d03"", ""map_seed"": 20490620, ""query_seed"": 20491620, ""waypoint_count"": 2}"
extreme_s03_q0060,bottleneck_waypoint,Extreme,d08_12,True,True,0.5593359970953315,327,12.615363393850753,12.533996246158088,0.006491716296596728,1,0.4922703299691692,0.06799568291234082,0,0,0,0,False,,,,,"{""profile_name"": ""extreme_d03"", ""map_seed"": 20490620, ""query_seed"": 20491620, ""waypoint_count"": 1, ""bottleneck_count"": 1}"
extreme_s03_q0060,md_dqn,Extreme,d08_12,False,False,0.0014484189450740814,1,0.003750000000000673,12.533996246158088,,0,0.08734630124013493,0.08800861347732858,0,0,0,0,False,,,,md_dqn_not_reached,"{""profile_name"": ""extreme_d03"", ""map_seed"": 20490620, ""query_seed"": 20491620, ""md_dqn_source_dir"": ""/home/ubuntu/DQN10/2_experiment"", ""md_dqn_checkpoint_path"": ""/home/ubuntu/DQN10/2_experiment/ugv_dqn/outputs/2026-05-12_train_load_external_demo_smoke/models/realmap_a/mlp-dqn.pt"", ""md_dqn_algo"": ""mlp-dqn"", ""md_dqn_device"": ""cpu"", ""md_dqn_max_steps"": 600, ""md_dqn_rollout_steps"": 1, ""md_dqn_reached"": false}"
extreme_s03_q0061,vanilla_ha,Extreme,d12_16,True,True,2.167746067047119,3130,14.922908086218811,,,0,0.14571648976100005,0.14525995470011144,0,0,0,0,False,,,,,"{""profile_name"": ""extreme_d04"", ""map_seed"": 20490620, ""query_seed"": 20491621, ""evaluation_path_source"": ""trace_poses"", ""planner_path_pose_count"": 23, ""evaluation_path_pose_count"": 151}"
extreme_s03_q0061,f_n3p_knn,Extreme,d12_16,True,True,0.02226489200256765,0,14.58020822471943,14.922908086218811,-0.022964683526789376,0,0.07643937346784317,0.09099954017040235,0,19,0,0,True,0,2,0.0,,"{""profile_name"": ""extreme_d04"", ""map_seed"": 20490620, ""query_seed"": 20491621}"
extreme_s03_q0061,n3p_k1,Extreme,d12_16,True,True,0.15937239001505077,1,14.699830805964293,14.922908086218811,-0.014948646668977883,0,0.12824388925485836,0.0820327605097031,0,0,1,0,True,1,1,1.0,,"{""profile_name"": ""extreme_d04"", ""map_seed"": 20490620, ""query_seed"": 20491621}"
extreme_s03_q0061,voronoi_waypoint,Extreme,d12_16,True,True,0.4704010779969394,3,14.944248231263792,14.922908086218811,0.0014300258985504577,0,0.14480908027917747,0.1643968364346886,0,0,0,0,False,,,,,"{""profile_name"": ""extreme_d04"", ""map_seed"": 20490620, ""query_seed"": 20491621, ""waypoint_count"": 2}"
extreme_s03_q0061,bottleneck_waypoint,Extreme,d12_16,True,True,1.0088528068736196,211,18.234263465196467,14.922908086218811,0.22189745858152587,3,0.32459986652975986,0.051025433151250854,0,0,0,0,False,,,,,"{""profile_name"": ""extreme_d04"", ""map_seed"": 20490620, ""query_seed"": 20491621, ""waypoint_count"": 4, ""bottleneck_count"": 4}"
extreme_s03_q0061,md_dqn,Extreme,d12_16,False,False,0.166051636217162,600,2.2500000000000275,14.922908086218811,,0,0.24558269109370315,0.49163840602028597,0,0,0,0,False,,,,md_dqn_not_reached,"{""profile_name"": ""extreme_d04"", ""map_seed"": 20490620, ""query_seed"": 20491621, ""md_dqn_source_dir"": ""/home/ubuntu/DQN10/2_experiment"", ""md_dqn_checkpoint_path"": ""/home/ubuntu/DQN10/2_experiment/ugv_dqn/outputs/2026-05-12_train_load_external_demo_smoke/models/realmap_a/mlp-dqn.pt"", ""md_dqn_algo"": ""mlp-dqn"", ""md_dqn_device"": ""cpu"", ""md_dqn_max_steps"": 600, ""md_dqn_rollout_steps"": 600, ""md_dqn_reached"": false}"
extreme_s03_q0062,vanilla_ha,Extreme,d16_20,True,True,0.23812079429626465,153,17.268241537407846,,,0,0.17764623014049225,0.1879098586243142,0,0,0,0,False,,,,,"{""profile_name"": ""extreme_d05"", ""map_seed"": 20490620, ""query_seed"": 20491622, ""evaluation_path_source"": ""trace_poses"", ""planner_path_pose_count"": 27, ""evaluation_path_pose_count"": 176}"
extreme_s03_q0062,f_n3p_knn,Extreme,d16_20,True,True,0.028894546907395124,0,17.09816529262149,17.268241537407846,-0.009849077244948323,0,0.07744668867383303,0.07707741152427161,0,7,0,0,True,2,3,0.6666666666666666,,"{""profile_name"": ""extreme_d05"", ""map_seed"": 20490620, ""query_seed"": 20491622}"
extreme_s03_q0062,n3p_k1,Extreme,d16_20,True,True,0.19441936002112925,43,16.98154721091114,17.268241537407846,-0.016602404238766688,0,0.14774294587862757,0.11784572680155514,0,0,1,0,True,1,1,1.0,,"{""profile_name"": ""extreme_d05"", ""map_seed"": 20490620, ""query_seed"": 20491622}"
extreme_s03_q0062,voronoi_waypoint,Extreme,d16_20,True,True,0.6168151879683137,4,17.56387357119483,17.268241537407846,0.017119984866239113,0,0.16681952778601422,0.359725666795934,0,0,0,0,False,,,,,"{""profile_name"": ""extreme_d05"", ""map_seed"": 20490620, ""query_seed"": 20491622, ""waypoint_count"": 3}"
extreme_s03_q0062,bottleneck_waypoint,Extreme,d16_20,True,True,0.4765382460318506,3,17.55820513126587,17.268241537407846,0.016791726779468608,0,0.17816155274726098,0.4273288813065219,0,0,0,0,False,,,,,"{""profile_name"": ""extreme_d05"", ""map_seed"": 20490620, ""query_seed"": 20491622, ""waypoint_count"": 2, ""bottleneck_count"": 2}"
extreme_s03_q0062,md_dqn,Extreme,d16_20,False,False,0.16408518492244184,600,1.1250000000000224,17.268241537407846,,0,0.12430892026324443,0.43282565482920754,0,0,0,0,False,,,,md_dqn_not_reached,"{""profile_name"": ""extreme_d05"", ""map_seed"": 20490620, ""query_seed"": 20491622, ""md_dqn_source_dir"": ""/home/ubuntu/DQN10/2_experiment"", ""md_dqn_checkpoint_path"": ""/home/ubuntu/DQN10/2_experiment/ugv_dqn/outputs/2026-05-12_train_load_external_demo_smoke/models/realmap_a/mlp-dqn.pt"", ""md_dqn_algo"": ""mlp-dqn"", ""md_dqn_device"": ""cpu"", ""md_dqn_max_steps"": 600, ""md_dqn_rollout_steps"": 600, ""md_dqn_reached"": false}"
extreme_s03_q0063,vanilla_ha,Extreme,d20_inf,True,True,0.1785435676574707,49,26.992277452299295,,,0,0.06708208657494763,0.08245301456791321,0,0,0,0,False,,,,,"{""profile_name"": ""extreme_d06"", ""map_seed"": 20490620, ""query_seed"": 20491623, ""evaluation_path_source"": ""trace_poses"", ""planner_path_pose_count"": 22, ""evaluation_path_pose_count"": 273}"
extreme_s03_q0063,f_n3p_knn,Extreme,d20_inf,True,True,0.032976360991597176,0,26.21066973123871,26.992277452299295,-0.028956716321616116,0,0.0905433117540003,0.13093510036020417,0,15,0,0,True,1,3,0.3333333333333333,,"{""profile_name"": ""extreme_d06"", ""map_seed"": 20490620, ""query_seed"": 20491623}"
extreme_s03_q0063,n3p_k1,Extreme,d20_inf,True,True,0.30647107888944447,201,26.285726588860527,26.992277452299295,-0.026176037375407968,0,0.07925724798569593,0.07446323468087046,0,0,1,0,True,1,1,1.0,,"{""profile_name"": ""extreme_d06"", ""map_seed"": 20490620, ""query_seed"": 20491623}"
extreme_s03_q0063,voronoi_waypoint,Extreme,d20_inf,True,True,0.9040392620954663,6,29.46078673563086,26.992277452299295,0.0914524270022754,1,0.29355709227994625,0.3613718988741348,0,0,0,0,False,,,,,"{""profile_name"": ""extreme_d06"", ""map_seed"": 20490620, ""query_seed"": 20491623, ""waypoint_count"": 5}"
extreme_s03_q0063,bottleneck_waypoint,Extreme,d20_inf,True,True,0.7616654939483851,5,26.63221499739255,26.992277452299295,-0.013339461834706134,0,0.09958311923359925,0.3175894360346063,0,0,0,0,False,,,,,"{""profile_name"": ""extreme_d06"", ""map_seed"": 20490620, ""query_seed"": 20491623, ""waypoint_count"": 4, ""bottleneck_count"": 4}"
extreme_s03_q0063,md_dqn,Extreme,d20_inf,False,False,0.16489455359987915,600,1.1249999999999898,26.992277452299295,,0,0.8385645564237887,1.2568274819691507,0,0,0,0,False,,,,md_dqn_not_reached,"{""profile_name"": ""extreme_d06"", ""map_seed"": 20490620, ""query_seed"": 20491623, ""md_dqn_source_dir"": ""/home/ubuntu/DQN10/2_experiment"", ""md_dqn_checkpoint_path"": ""/home/ubuntu/DQN10/2_experiment/ugv_dqn/outputs/2026-05-12_train_load_external_demo_smoke/models/realmap_a/mlp-dqn.pt"", ""md_dqn_algo"": ""mlp-dqn"", ""md_dqn_device"": ""cpu"", ""md_dqn_max_steps"": 600, ""md_dqn_rollout_steps"": 600, ""md_dqn_reached"": false}"
extreme_s03_q0064,vanilla_ha,Extreme,d08_12,True,True,0.21219086647033691,103,10.343640837646745,,,0,0.25251726659831236,0.05695488184178388,0,0,0,0,False,,,,,"{""profile_name"": ""extreme_d07"", ""map_seed"": 20490620, ""query_seed"": 20491624, ""evaluation_path_source"": ""trace_poses"", ""planner_path_pose_count"": 29, ""evaluation_path_pose_count"": 105}"
extreme_s03_q0064,f_n3p_knn,Extreme,d08_12,True,True,0.03563645388931036,0,12.667461210220432,10.343640837646745,0.2246617423253816,1,0.36021781978497047,0.17217425377658646,0,1,0,0,True,3,4,0.75,,"{""profile_name"": ""extreme_d07"", ""map_seed"": 20490620, ""query_seed"": 20491624}"
extreme_s03_q0064,n3p_k1,Extreme,d08_12,True,True,0.35647671902552247,72,10.53903710297477,10.343640837646745,0.018890472745037634,3,0.23479855159581667,0.08757581818419646,0,0,2,0,True,0,0,,,"{""profile_name"": ""extreme_d07"", ""map_seed"": 20490620, ""query_seed"": 20491624}"
extreme_s03_q0064,voronoi_waypoint,Extreme,d08_12,True,True,0.3361022809986025,6,10.488418390947285,10.343640837646745,0.013996769181467084,0,0.21346185556021832,0.07804683076963714,0,0,0,0,False,,,,,"{""profile_name"": ""extreme_d07"", ""map_seed"": 20490620, ""query_seed"": 20491624, ""waypoint_count"": 1}"
extreme_s03_q0064,bottleneck_waypoint,Extreme,d08_12,True,True,0.4782893960364163,3,11.74713615382773,10.343640837646745,0.13568677975291044,1,0.3540972610863617,0.634249464476786,0,0,0,0,False,,,,,"{""profile_name"": ""extreme_d07"", ""map_seed"": 20490620, ""query_seed"": 20491624, ""waypoint_count"": 2, ""bottleneck_count"": 2}"
extreme_s03_q0064,md_dqn,Extreme,d08_12,False,False,0.14543628809042275,225,0.5006249999997534,10.343640837646745,,2,0.07299282087167054,0.45831493054774963,0,0,0,0,False,,,,md_dqn_not_reached,"{""profile_name"": ""extreme_d07"", ""map_seed"": 20490620, ""query_seed"": 20491624, ""md_dqn_source_dir"": ""/home/ubuntu/DQN10/2_experiment"", ""md_dqn_checkpoint_path"": ""/home/ubuntu/DQN10/2_experiment/ugv_dqn/outputs/2026-05-12_train_load_external_demo_smoke/models/realmap_a/mlp-dqn.pt"", ""md_dqn_algo"": ""mlp-dqn"", ""md_dqn_device"": ""cpu"", ""md_dqn_max_steps"": 600, ""md_dqn_rollout_steps"": 225, ""md_dqn_reached"": false}"
extreme_s03_q0065,vanilla_ha,Extreme,d12_16,True,True,0.7388050556182861,671,13.49849960319884,,,0,0.47567687113915447,0.06779387991170982,0,0,0,0,False,,,,,"{""profile_name"": ""extreme_d03"", ""map_seed"": 20490621, ""query_seed"": 20491621, ""evaluation_path_source"": ""trace_poses"", ""planner_path_pose_count"": 42, ""evaluation_path_pose_count"": 137}"
extreme_s03_q0065,f_n3p_knn,Extreme,d12_16,True,True,0.019377419026568532,0,14.40242158930679,13.49849960319884,0.06696462663848513,3,0.15513771001778032,0.25717552858634984,0,1,0,0,True,1,2,0.5,,"{""profile_name"": ""extreme_d03"", ""map_seed"": 20490621, ""query_seed"": 20491621}"
extreme_s03_q0065,n3p_k1,Extreme,d12_16,True,True,0.2607641709037125,109,13.374660699650946,13.49849960319884,-0.009174271747842688,0,0.20437808509473698,0.08627787389901775,0,0,1,0,True,1,1,1.0,,"{""profile_name"": ""extreme_d03"", ""map_seed"": 20490621, ""query_seed"": 20491621}"
extreme_s03_q0065,voronoi_waypoint,Extreme,d12_16,True,True,0.4743979631457478,3,14.062769013511454,13.49849960319884,0.04180238003480752,0,0.1810611315854353,0.06869007753129452,0,0,0,0,False,,,,,"{""profile_name"": ""extreme_d03"", ""map_seed"": 20490621, ""query_seed"": 20491621, ""waypoint_count"": 2}"
extreme_s03_q0065,bottleneck_waypoint,Extreme,d12_16,True,True,0.6287666501011699,169,13.618354040215396,13.49849960319884,0.008879093272570415,0,0.3528689523248759,0.08056858937143074,0,0,0,0,False,,,,,"{""profile_name"": ""extreme_d03"", ""map_seed"": 20490621, ""query_seed"": 20491621, ""waypoint_count"": 2, ""bottleneck_count"": 2}"
extreme_s03_q0065,md_dqn,Extreme,d12_16,False,False,0.1666473839432001,600,1.1249999999999853,13.49849960319884,,0,0.8385645564237372,1.4973901905387677,0,0,0,0,False,,,,md_dqn_not_reached,"{""profile_name"": ""extreme_d03"", ""map_seed"": 20490621, ""query_seed"": 20491621, ""md_dqn_source_dir"": ""/home/ubuntu/DQN10/2_experiment"", ""md_dqn_checkpoint_path"": ""/home/ubuntu/DQN10/2_experiment/ugv_dqn/outputs/2026-05-12_train_load_external_demo_smoke/models/realmap_a/mlp-dqn.pt"", ""md_dqn_algo"": ""mlp-dqn"", ""md_dqn_device"": ""cpu"", ""md_dqn_max_steps"": 600, ""md_dqn_rollout_steps"": 600, ""md_dqn_reached"": false}"
extreme_s03_q0066,vanilla_ha,Extreme,d16_20,True,True,0.14981293678283691,1,19.1449732305898,,,0,0.0,0.2906002787906914,0,0,0,0,False,,,,,"{""profile_name"": ""extreme_d04"", ""map_seed"": 20490621, ""query_seed"": 20491622, ""evaluation_path_source"": ""trace_poses"", ""planner_path_pose_count"": 2, ""evaluation_path_pose_count"": 193}"
extreme_s03_q0066,f_n3p_knn,Extreme,d16_20,True,True,0.000760155962780118,0,19.1449732305898,19.1449732305898,0.0,0,1.1598062961521878e-17,0.2906002787906914,0,0,0,0,False,0,0,,,"{""profile_name"": ""extreme_d04"", ""map_seed"": 20490621, ""query_seed"": 20491622}"
extreme_s03_q0066,n3p_k1,Extreme,d16_20,True,True,0.0007401159964501858,0,19.1449732305898,19.1449732305898,0.0,0,1.1598062961521878e-17,0.2906002787906914,0,0,0,0,False,0,0,,,"{""profile_name"": ""extreme_d04"", ""map_seed"": 20490621, ""query_seed"": 20491622}"
extreme_s03_q0066,voronoi_waypoint,Extreme,d16_20,True,True,0.6220106510445476,4,19.767924098358172,19.1449732305898,0.03253861263033886,0,0.19884132068562818,0.48389826004558667,0,0,0,0,False,,,,,"{""profile_name"": ""extreme_d04"", ""map_seed"": 20490621, ""query_seed"": 20491622, ""waypoint_count"": 3}"
extreme_s03_q0066,bottleneck_waypoint,Extreme,d16_20,True,True,0.5012765149585903,3,19.65652277692702,19.1449732305898,0.02671978383964846,0,0.1207993920819852,0.7010200215040643,0,0,0,0,False,,,,,"{""profile_name"": ""extreme_d04"", ""map_seed"": 20490621, ""query_seed"": 20491622, ""waypoint_count"": 2, ""bottleneck_count"": 2}"
extreme_s03_q0066,md_dqn,Extreme,d16_20,False,False,0.38413550215773284,600,1.1249999999999958,19.1449732305898,,0,0.8385645564237288,1.032192925817074,0,0,0,0,False,,,,md_dqn_not_reached,"{""profile_name"": ""extreme_d04"", ""map_seed"": 20490621, ""query_seed"": 20491622, ""md_dqn_source_dir"": ""/home/ubuntu/DQN10/2_experiment"", ""md_dqn_checkpoint_path"": ""/home/ubuntu/DQN10/2_experiment/ugv_dqn/outputs/2026-05-12_train_load_external_demo_smoke/models/realmap_a/mlp-dqn.pt"", ""md_dqn_algo"": ""mlp-dqn"", ""md_dqn_device"": ""cpu"", ""md_dqn_max_steps"": 600, ""md_dqn_rollout_steps"": 600, ""md_dqn_reached"": false}"
extreme_s03_q0067,vanilla_ha,Extreme,d20_inf,False,False,2.5002546310424805,3083,,,,0,,,0,0,0,0,False,,,,timeout,"{""profile_name"": ""extreme_d05"", ""map_seed"": 20490621, ""query_seed"": 20491623, ""evaluation_path_source"": ""planner_path"", ""planner_path_pose_count"": 0, ""evaluation_path_pose_count"": 0}"
extreme_s03_q0067,f_n3p_knn,Extreme,d20_inf,True,True,0.05358902201987803,0,26.26681786697627,,,0,0.12452862076143922,0.09403487103375696,0,8,0,0,True,3,6,0.5,,"{""profile_name"": ""extreme_d05"", ""map_seed"": 20490621, ""query_seed"": 20491623}"
extreme_s03_q0067,n3p_k1,Extreme,d20_inf,True,True,0.6103614110033959,203,26.275310759805546,,,0,0.27798112030563754,0.07330533370537617,0,0,3,0,True,0,0,,,"{""profile_name"": ""extreme_d05"", ""map_seed"": 20490621, ""query_seed"": 20491623}"
extreme_s03_q0067,voronoi_waypoint,Extreme,d20_inf,True,True,0.8237283469643444,5,27.195596424750963,,,0,0.1473016993299737,0.06708957261345849,0,0,0,0,False,,,,,"{""profile_name"": ""extreme_d05"", ""map_seed"": 20490621, ""query_seed"": 20491623, ""waypoint_count"": 4}"
extreme_s03_q0067,bottleneck_waypoint,Extreme,d20_inf,True,True,0.6718123680911958,4,26.229685354504074,,,0,0.10324728124057478,0.06853197189696114,0,0,0,0,False,,,,,"{""profile_name"": ""extreme_d05"", ""map_seed"": 20490621, ""query_seed"": 20491623, ""waypoint_count"": 3, ""bottleneck_count"": 3}"
extreme_s03_q0067,md_dqn,Extreme,d20_inf,False,False,0.4098161393776536,94,0.2943749999999907,,,1,0.2443118072841659,0.42386859743029137,0,0,0,0,False,,,,md_dqn_not_reached,"{""profile_name"": ""extreme_d05"", ""map_seed"": 20490621, ""query_seed"": 20491623, ""md_dqn_source_dir"": ""/home/ubuntu/DQN10/2_experiment"", ""md_dqn_checkpoint_path"": ""/home/ubuntu/DQN10/2_experiment/ugv_dqn/outputs/2026-05-12_train_load_external_demo_smoke/models/realmap_a/mlp-dqn.pt"", ""md_dqn_algo"": ""mlp-dqn"", ""md_dqn_device"": ""cpu"", ""md_dqn_max_steps"": 600, ""md_dqn_rollout_steps"": 94, ""md_dqn_reached"": false}"
extreme_s03_q0068,vanilla_ha,Extreme,d08_12,True,True,0.2661430835723877,205,9.760100684181719,,,1,0.2128035388317885,0.08877603197823303,0,0,0,0,False,,,,,"{""profile_name"": ""extreme_d06"", ""map_seed"": 20490621, ""query_seed"": 20491624, ""evaluation_path_source"": ""trace_poses"", ""planner_path_pose_count"": 18, ""evaluation_path_pose_count"": 100}"
extreme_s03_q0068,f_n3p_knn,Extreme,d08_12,True,True,0.006767333019524813,0,9.41185936477881,9.760100684181719,-0.03568009497763758,1,0.25856532295638573,0.0913158953815173,0,1,0,0,True,0,1,0.0,,"{""profile_name"": ""extreme_d06"", ""map_seed"": 20490621, ""query_seed"": 20491624}"
extreme_s03_q0068,n3p_k1,Extreme,d08_12,True,True,0.14997697109356523,3,9.679322327474903,9.760100684181719,-0.00827638559484678,2,0.15500744222337007,0.06568537550224918,0,0,1,0,True,0,0,,,"{""profile_name"": ""extreme_d06"", ""map_seed"": 20490621, ""query_seed"": 20491624}"
extreme_s03_q0068,voronoi_waypoint,Extreme,d08_12,True,True,0.4795710470061749,9,13.905707484755634,9.760100684181719,0.4247504134145601,3,0.45031423435947704,0.28147822112837895,0,0,0,0,False,,,,,"{""profile_name"": ""extreme_d06"", ""map_seed"": 20490621, ""query_seed"": 20491624, ""waypoint_count"": 2}"
extreme_s03_q0068,bottleneck_waypoint,Extreme,d08_12,True,True,0.47739963605999947,3,14.330781555595818,9.760100684181719,0.4683026353223838,1,0.38947036419721903,0.3543078038233207,0,0,0,0,False,,,,,"{""profile_name"": ""extreme_d06"", ""map_seed"": 20490621, ""query_seed"": 20491624, ""waypoint_count"": 2, ""bottleneck_count"": 2}"
extreme_s03_q0068,md_dqn,Extreme,d08_12,False,False,0.0019015609286725521,1,0.0037500000000000072,9.760100684181719,,0,0.08734630124015043,0.3543078038233205,0,0,0,0,False,,,,md_dqn_not_reached,"{""profile_name"": ""extreme_d06"", ""map_seed"": 20490621, ""query_seed"": 20491624, ""md_dqn_source_dir"": ""/home/ubuntu/DQN10/2_experiment"", ""md_dqn_checkpoint_path"": ""/home/ubuntu/DQN10/2_experiment/ugv_dqn/outputs/2026-05-12_train_load_external_demo_smoke/models/realmap_a/mlp-dqn.pt"", ""md_dqn_algo"": ""mlp-dqn"", ""md_dqn_device"": ""cpu"", ""md_dqn_max_steps"": 600, ""md_dqn_rollout_steps"": 1, ""md_dqn_reached"": false}"
extreme_s03_q0069,vanilla_ha,Extreme,d12_16,True,True,0.22644305229187012,115,16.253157797453785,,,0,0.22190779179466957,0.09535829629012738,0,0,0,0,False,,,,,"{""profile_name"": ""extreme_d07"", ""map_seed"": 20490621, ""query_seed"": 20491625, ""evaluation_path_source"": ""trace_poses"", ""planner_path_pose_count"": 34, ""evaluation_path_pose_count"": 164}"
extreme_s03_q0069,f_n3p_knn,Extreme,d12_16,True,True,0.33161339606158435,4,23.916980141123254,16.253157797453785,0.47152820634462067,5,0.21791440810556933,0.0681418809956924,0,50,2,0,True,2,4,0.5,,"{""profile_name"": ""extreme_d07"", ""map_seed"": 20490621, ""query_seed"": 20491625}"
extreme_s03_q0069,n3p_k1,Extreme,d12_16,True,True,0.34805571381002665,30,22.629742006636178,16.253157797453785,0.3923289423905887,1,0.29311426282633113,0.0986267440835511,0,0,2,0,True,2,2,1.0,,"{""profile_name"": ""extreme_d07"", ""map_seed"": 20490621, ""query_seed"": 20491625}"
extreme_s03_q0069,voronoi_waypoint,Extreme,d12_16,False,False,1.3384378179907799,918,10.22296400157314,16.253157797453785,,0,0.06434394675355043,0.6217950256793323,0,0,0,0,False,,,,segment_failed:timeout,"{""profile_name"": ""extreme_d07"", ""map_seed"": 20490621, ""query_seed"": 20491625, ""waypoint_count"": 2}"
extreme_s03_q0069,bottleneck_waypoint,Extreme,d12_16,True,True,1.1614339710213244,769,16.286317175161813,16.253157797453785,0.0020401806295895497,0,0.3375641616067713,0.05979830033866196,0,0,0,0,False,,,,,"{""profile_name"": ""extreme_d07"", ""map_seed"": 20490621, ""query_seed"": 20491625, ""waypoint_count"": 2, ""bottleneck_count"": 2}"
extreme_s03_q0069,md_dqn,Extreme,d12_16,False,False,0.3931015208363533,600,1.1249999999995421,16.253157797453785,,0,0.0,0.9006948092068683,0,0,0,0,False,,,,md_dqn_not_reached,"{""profile_name"": ""extreme_d07"", ""map_seed"": 20490621, ""query_seed"": 20491625, ""md_dqn_source_dir"": ""/home/ubuntu/DQN10/2_experiment"", ""md_dqn_checkpoint_path"": ""/home/ubuntu/DQN10/2_experiment/ugv_dqn/outputs/2026-05-12_train_load_external_demo_smoke/models/realmap_a/mlp-dqn.pt"", ""md_dqn_algo"": ""mlp-dqn"", ""md_dqn_device"": ""cpu"", ""md_dqn_max_steps"": 600, ""md_dqn_rollout_steps"": 600, ""md_dqn_reached"": false}"
extreme_s03_q0070,vanilla_ha,Extreme,d16_20,True,True,0.15662074089050293,25,19.304146165620658,,,0,0.11341068640050726,0.07338535281873548,0,0,0,0,False,,,,,"{""profile_name"": ""extreme_d03"", ""map_seed"": 20490622, ""query_seed"": 20491622, ""evaluation_path_source"": ""trace_poses"", ""planner_path_pose_count"": 15, ""evaluation_path_pose_count"": 195}"
extreme_s03_q0070,f_n3p_knn,Extreme,d16_20,True,True,0.029259350150823593,0,19.123567994494096,19.304146165620658,-0.009354372349716256,0,0.04588687570989726,0.15046892725490246,0,5,0,0,True,2,3,0.6666666666666666,,"{""profile_name"": ""extreme_d03"", ""map_seed"": 20490622, ""query_seed"": 20491622}"
extreme_s03_q0070,n3p_k1,Extreme,d16_20,True,True,0.18543218704871833,22,19.476255993882653,19.304146165620658,0.00891569234844014,0,0.08888438723521144,0.07465649303357336,0,0,1,0,True,2,2,1.0,,"{""profile_name"": ""extreme_d03"", ""map_seed"": 20490622, ""query_seed"": 20491622}"
extreme_s03_q0070,voronoi_waypoint,Extreme,d16_20,True,True,0.6192129550036043,4,19.816076030160403,19.304146165620658,0.02651916640848162,0,0.15747871104064323,0.08284620127892517,0,0,0,0,False,,,,,"{""profile_name"": ""extreme_d03"", ""map_seed"": 20490622, ""query_seed"": 20491622, ""waypoint_count"": 3}"
extreme_s03_q0070,bottleneck_waypoint,Extreme,d16_20,True,True,0.6230851591099054,4,19.429431088225893,19.304146165620658,0.006490052527076351,0,0.15731270073665884,0.1673353534159664,0,0,0,0,False,,,,,"{""profile_name"": ""extreme_d03"", ""map_seed"": 20490622, ""query_seed"": 20491622, ""waypoint_count"": 3, ""bottleneck_count"": 3}"
extreme_s03_q0070,md_dqn,Extreme,d16_20,False,False,0.3926881211809814,600,1.1249999999999865,19.304146165620658,,0,0.8385645564237355,1.4806604978470623,0,0,0,0,False,,,,md_dqn_not_reached,"{""profile_name"": ""extreme_d03"", ""map_seed"": 20490622, ""query_seed"": 20491622, ""md_dqn_source_dir"": ""/home/ubuntu/DQN10/2_experiment"", ""md_dqn_checkpoint_path"": ""/home/ubuntu/DQN10/2_experiment/ugv_dqn/outputs/2026-05-12_train_load_external_demo_smoke/models/realmap_a/mlp-dqn.pt"", ""md_dqn_algo"": ""mlp-dqn"", ""md_dqn_device"": ""cpu"", ""md_dqn_max_steps"": 600, ""md_dqn_rollout_steps"": 600, ""md_dqn_reached"": false}"
extreme_s03_q0071,vanilla_ha,Extreme,d20_inf,True,True,0.2531778812408447,305,21.855392394766234,,,0,0.1836582609711701,0.07120041792231224,0,0,0,0,False,,,,,"{""profile_name"": ""extreme_d04"", ""map_seed"": 20490622, ""query_seed"": 20491623, ""evaluation_path_source"": ""trace_poses"", ""planner_path_pose_count"": 32, ""evaluation_path_pose_count"": 222}"
extreme_s03_q0071,f_n3p_knn,Extreme,d20_inf,True,True,0.022486157016828656,0,21.845301205980043,21.855392394766234,-0.0004617253538128363,0,0.07077345912228197,0.1370211709245217,0,17,0,0,True,0,2,0.0,,"{""profile_name"": ""extreme_d04"", ""map_seed"": 20490622, ""query_seed"": 20491623}"
extreme_s03_q0071,n3p_k1,Extreme,d20_inf,True,True,0.19759091990999877,49,22.354254401670406,21.855392394766234,0.022825579970993104,0,0.11597819544737178,0.10649354913749143,0,0,1,0,True,1,1,1.0,,"{""profile_name"": ""extreme_d04"", ""map_seed"": 20490622, ""query_seed"": 20491623}"
extreme_s03_q0071,voronoi_waypoint,Extreme,d20_inf,True,True,0.7744199628941715,21,22.9000262039366,21.855392394766234,0.04779753162521705,0,0.22244662856122185,0.07371522705974165,0,0,0,0,False,,,,,"{""profile_name"": ""extreme_d04"", ""map_seed"": 20490622, ""query_seed"": 20491623, ""waypoint_count"": 4}"
extreme_s03_q0071,bottleneck_waypoint,Extreme,d20_inf,True,True,0.6201605501119047,4,22.710224166284945,21.855392394766234,0.039113082761370155,0,0.12854802961180806,0.1370211709245217,0,0,0,0,False,,,,,"{""profile_name"": ""extreme_d04"", ""map_seed"": 20490622, ""query_seed"": 20491623, ""waypoint_count"": 3, ""bottleneck_count"": 3}"
extreme_s03_q0071,md_dqn,Extreme,d20_inf,False,False,0.3876692063640803,600,1.1249999999999971,21.855392394766234,,0,0.8385645564237282,0.1370211709245217,0,0,0,0,False,,,,md_dqn_not_reached,"{""profile_name"": ""extreme_d04"", ""map_seed"": 20490622, ""query_seed"": 20491623, ""md_dqn_source_dir"": ""/home/ubuntu/DQN10/2_experiment"", ""md_dqn_checkpoint_path"": ""/home/ubuntu/DQN10/2_experiment/ugv_dqn/outputs/2026-05-12_train_load_external_demo_smoke/models/realmap_a/mlp-dqn.pt"", ""md_dqn_algo"": ""mlp-dqn"", ""md_dqn_device"": ""cpu"", ""md_dqn_max_steps"": 600, ""md_dqn_rollout_steps"": 600, ""md_dqn_reached"": false}"
extreme_s03_q0072,vanilla_ha,Extreme,d08_12,True,True,0.1693892478942871,25,10.000019053245707,,,0,0.10212817508507954,0.2040624454770732,0,0,0,0,False,,,,,"{""profile_name"": ""extreme_d05"", ""map_seed"": 20490622, ""query_seed"": 20491624, ""evaluation_path_source"": ""trace_poses"", ""planner_path_pose_count"": 26, ""evaluation_path_pose_count"": 103}"
extreme_s03_q0072,f_n3p_knn,Extreme,d08_12,True,True,0.021972282091155648,0,16.071744958620457,10.000019053245707,0.6071714336788239,1,0.07993633902942708,0.19355565554319032,0,19,0,0,True,0,2,0.0,,"{""profile_name"": ""extreme_d05"", ""map_seed"": 20490622, ""query_seed"": 20491624}"
extreme_s03_q0072,n3p_k1,Extreme,d08_12,True,True,0.18120432295836508,25,10.000019053245707,10.000019053245707,0.0,0,0.10212817508507954,0.2040624454770732,0,0,1,0,True,0,0,,,"{""profile_name"": ""extreme_d05"", ""map_seed"": 20490622, ""query_seed"": 20491624}"
extreme_s03_q0072,voronoi_waypoint,Extreme,d08_12,True,True,0.36067387904040515,8,10.066686536842873,10.000019053245707,0.006666735657421485,0,0.2584267208588721,0.15428016830167124,0,0,0,0,False,,,,,"{""profile_name"": ""extreme_d05"", ""map_seed"": 20490622, ""query_seed"": 20491624, ""waypoint_count"": 1}"
extreme_s03_q0072,bottleneck_waypoint,Extreme,d08_12,True,True,0.3575281179510057,2,10.116672594927955,10.000019053245707,0.011665331941981272,0,0.21607805388300155,0.42929309585113673,0,0,0,0,False,,,,,"{""profile_name"": ""extreme_d05"", ""map_seed"": 20490622, ""query_seed"": 20491624, ""waypoint_count"": 1, ""bottleneck_count"": 1}"
extreme_s03_q0072,md_dqn,Extreme,d08_12,False,False,0.4074966087937355,600,1.1249999999999956,10.000019053245707,,0,0.8385645564237288,0.9384681889412194,0,0,0,0,False,,,,md_dqn_not_reached,"{""profile_name"": ""extreme_d05"", ""map_seed"": 20490622, ""query_seed"": 20491624, ""md_dqn_source_dir"": ""/home/ubuntu/DQN10/2_experiment"", ""md_dqn_checkpoint_path"": ""/home/ubuntu/DQN10/2_experiment/ugv_dqn/outputs/2026-05-12_train_load_external_demo_smoke/models/realmap_a/mlp-dqn.pt"", ""md_dqn_algo"": ""mlp-dqn"", ""md_dqn_device"": ""cpu"", ""md_dqn_max_steps"": 600, ""md_dqn_rollout_steps"": 600, ""md_dqn_reached"": false}"
extreme_s03_q0073,vanilla_ha,Extreme,d12_16,True,True,0.15668249130249023,1,15.373353570382752,,,0,0.0,0.11817274563167501,0,0,0,0,False,,,,,"{""profile_name"": ""extreme_d06"", ""map_seed"": 20490622, ""query_seed"": 20491625, ""evaluation_path_source"": ""trace_poses"", ""planner_path_pose_count"": 2, ""evaluation_path_pose_count"": 155}"
extreme_s03_q0073,f_n3p_knn,Extreme,d12_16,True,True,0.000733997905626893,0,15.373353570382752,15.373353570382752,0.0,0,9.027170125424345e-18,0.11817274563167501,0,0,0,0,False,0,0,,,"{""profile_name"": ""extreme_d06"", ""map_seed"": 20490622, ""query_seed"": 20491625}"
extreme_s03_q0073,n3p_k1,Extreme,d12_16,True,True,0.0006248780991882086,0,15.373353570382752,15.373353570382752,0.0,0,9.027170125424345e-18,0.11817274563167501,0,0,0,0,False,0,0,,,"{""profile_name"": ""extreme_d06"", ""map_seed"": 20490622, ""query_seed"": 20491625}"
extreme_s03_q0073,voronoi_waypoint,Extreme,d12_16,True,True,0.5094542182050645,3,16.661100413965816,15.373353570382752,0.08376486221353474,0,0.28977890906057685,0.10666136377790614,0,0,0,0,False,,,,,"{""profile_name"": ""extreme_d06"", ""map_seed"": 20490622, ""query_seed"": 20491625, ""waypoint_count"": 2}"
extreme_s03_q0073,bottleneck_waypoint,Extreme,d12_16,True,True,0.6636539688333869,4,16.054262927660467,15.373353570382752,0.04429153041724798,0,0.20387897633673038,0.0868628451392085,0,0,0,0,False,,,,,"{""profile_name"": ""extreme_d06"", ""map_seed"": 20490622, ""query_seed"": 20491625, ""waypoint_count"": 3, ""bottleneck_count"": 3}"
extreme_s03_q0073,md_dqn,Extreme,d12_16,False,False,0.38528241915628314,600,2.2499999999999996,15.373353570382752,,0,0.08734630124015075,0.43836238345004275,0,0,0,0,False,,,,md_dqn_not_reached,"{""profile_name"": ""extreme_d06"", ""map_seed"": 20490622, ""query_seed"": 20491625, ""md_dqn_source_dir"": ""/home/ubuntu/DQN10/2_experiment"", ""md_dqn_checkpoint_path"": ""/home/ubuntu/DQN10/2_experiment/ugv_dqn/outputs/2026-05-12_train_load_external_demo_smoke/models/realmap_a/mlp-dqn.pt"", ""md_dqn_algo"": ""mlp-dqn"", ""md_dqn_device"": ""cpu"", ""md_dqn_max_steps"": 600, ""md_dqn_rollout_steps"": 600, ""md_dqn_reached"": false}"
extreme_s03_q0074,vanilla_ha,Extreme,d16_20,False,False,2.501258611679077,3945,,,,0,,,0,0,0,0,False,,,,timeout,"{""profile_name"": ""extreme_d07"", ""map_seed"": 20490622, ""query_seed"": 20491626, ""evaluation_path_source"": ""planner_path"", ""planner_path_pose_count"": 0, ""evaluation_path_pose_count"": 0}"
extreme_s03_q0074,f_n3p_knn,Extreme,d16_20,True,True,0.04068060382269323,0,23.01754356818109,,,2,0.20395903455324377,0.0783562432514403,0,15,0,0,True,0,4,0.0,,"{""profile_name"": ""extreme_d07"", ""map_seed"": 20490622, ""query_seed"": 20491626}"
extreme_s03_q0074,n3p_k1,Extreme,d16_20,False,False,4.156102227978408,5874,,,,0,,,0,0,2,1,True,0,0,,f2_failed:prediction:goal_in_collision;goal:timeout;f3_failed:timeout,"{""profile_name"": ""extreme_d07"", ""map_seed"": 20490622, ""query_seed"": 20491626}"
extreme_s03_q0074,voronoi_waypoint,Extreme,d16_20,True,True,0.7463693048339337,100,20.692185275320195,,,3,0.29843784209292346,0.06802161930965045,0,0,0,0,False,,,,,"{""profile_name"": ""extreme_d07"", ""map_seed"": 20490622, ""query_seed"": 20491626, ""waypoint_count"": 3}"
extreme_s03_q0074,bottleneck_waypoint,Extreme,d16_20,True,True,0.818904354935512,7,20.14220309084655,,,1,0.28322011716029016,0.06657973237646964,0,0,0,0,False,,,,,"{""profile_name"": ""extreme_d07"", ""map_seed"": 20490622, ""query_seed"": 20491626, ""waypoint_count"": 4, ""bottleneck_count"": 4}"
extreme_s03_q0074,md_dqn,Extreme,d16_20,False,False,0.3123255546670407,600,9.15375,,,1,0.2542987755214606,0.16612324281152369,0,0,0,0,False,,,,md_dqn_not_reached,"{""profile_name"": ""extreme_d07"", ""map_seed"": 20490622, ""query_seed"": 20491626, ""md_dqn_source_dir"": ""/home/ubuntu/DQN10/2_experiment"", ""md_dqn_checkpoint_path"": ""/home/ubuntu/DQN10/2_experiment/ugv_dqn/outputs/2026-05-12_train_load_external_demo_smoke/models/realmap_a/mlp-dqn.pt"", ""md_dqn_algo"": ""mlp-dqn"", ""md_dqn_device"": ""cpu"", ""md_dqn_max_steps"": 600, ""md_dqn_rollout_steps"": 600, ""md_dqn_reached"": false}"
extreme_s03_q0075,vanilla_ha,Extreme,d20_inf,True,True,0.3180985450744629,239,20.580233764372654,,,0,0.2092249538336222,0.10396665711477382,0,0,0,0,False,,,,,"{""profile_name"": ""extreme_d03"", ""map_seed"": 20490623, ""query_seed"": 20491623, ""evaluation_path_source"": ""trace_poses"", ""planner_path_pose_count"": 43, ""evaluation_path_pose_count"": 208}"
extreme_s03_q0075,f_n3p_knn,Extreme,d20_inf,True,True,0.03185038501396775,0,20.438559234785256,20.580233764372654,-0.006884009735237173,0,0.06889805798703358,0.13141162401742068,0,14,0,0,True,1,3,0.3333333333333333,,"{""profile_name"": ""extreme_d03"", ""map_seed"": 20490623, ""query_seed"": 20491623}"
extreme_s03_q0075,n3p_k1,Extreme,d20_inf,True,True,0.1760171188507229,16,20.12945715339332,20.580233764372654,-0.021903376615657888,0,0.09546477541507103,0.18875090325258492,0,0,1,0,True,0,0,,,"{""profile_name"": ""extreme_d03"", ""map_seed"": 20490623, ""query_seed"": 20491623}"
extreme_s03_q0075,voronoi_waypoint,Extreme,d20_inf,True,True,0.6769804588984698,19,21.199683911977615,20.580233764372654,0.03009927655327793,0,0.19886747046312958,0.18950458480795773,0,0,0,0,False,,,,,"{""profile_name"": ""extreme_d03"", ""map_seed"": 20490623, ""query_seed"": 20491623, ""waypoint_count"": 3}"
extreme_s03_q0075,bottleneck_waypoint,Extreme,d20_inf,True,True,0.6808059010654688,19,21.138996105524306,20.580233764372654,0.027150437043088838,0,0.20842825988964694,0.189628072807011,0,0,0,0,False,,,,,"{""profile_name"": ""extreme_d03"", ""map_seed"": 20490623, ""query_seed"": 20491623, ""waypoint_count"": 3, ""bottleneck_count"": 3}"
extreme_s03_q0075,md_dqn,Extreme,d20_inf,False,False,0.25651321676559746,531,1.0406249999999728,20.580233764372654,,1,0.174727435024608,0.4660143756905213,0,0,0,0,False,,,,md_dqn_not_reached,"{""profile_name"": ""extreme_d03"", ""map_seed"": 20490623, ""query_seed"": 20491623, ""md_dqn_source_dir"": ""/home/ubuntu/DQN10/2_experiment"", ""md_dqn_checkpoint_path"": ""/home/ubuntu/DQN10/2_experiment/ugv_dqn/outputs/2026-05-12_train_load_external_demo_smoke/models/realmap_a/mlp-dqn.pt"", ""md_dqn_algo"": ""mlp-dqn"", ""md_dqn_device"": ""cpu"", ""md_dqn_max_steps"": 600, ""md_dqn_rollout_steps"": 531, ""md_dqn_reached"": false}"
extreme_s03_q0076,vanilla_ha,Extreme,d08_12,False,False,2.500204563140869,2359,,,,0,,,0,0,0,0,False,,,,timeout,"{""profile_name"": ""extreme_d04"", ""map_seed"": 20490623, ""query_seed"": 20491624, ""evaluation_path_source"": ""planner_path"", ""planner_path_pose_count"": 0, ""evaluation_path_pose_count"": 0}"
extreme_s03_q0076,f_n3p_knn,Extreme,d08_12,True,True,0.1810894168447703,7,10.325748319975311,,,2,0.3927681008069331,0.0533395269450902,0,19,1,0,True,1,1,1.0,,"{""profile_name"": ""extreme_d04"", ""map_seed"": 20490623, ""query_seed"": 20491624}"
extreme_s03_q0076,n3p_k1,Extreme,d08_12,True,True,0.17753487220034003,7,10.325748319975311,,,2,0.3927681008069331,0.0533395269450902,0,0,1,0,True,1,1,1.0,,"{""profile_name"": ""extreme_d04"", ""map_seed"": 20490623, ""query_seed"": 20491624}"
extreme_s03_q0076,voronoi_waypoint,Extreme,d08_12,True,True,0.50304099987261,3,14.026836117274849,,,3,0.5217447212466204,0.0948137973294978,0,0,0,0,False,,,,,"{""profile_name"": ""extreme_d04"", ""map_seed"": 20490623, ""query_seed"": 20491624, ""waypoint_count"": 2}"
extreme_s03_q0076,bottleneck_waypoint,Extreme,d08_12,True,True,0.6805654189083725,169,12.72943332230262,,,3,0.5107956561630378,0.06989094756092595,0,0,0,0,False,,,,,"{""profile_name"": ""extreme_d04"", ""map_seed"": 20490623, ""query_seed"": 20491624, ""waypoint_count"": 2, ""bottleneck_count"": 2}"
extreme_s03_q0076,md_dqn,Extreme,d08_12,False,False,0.16754257259890437,600,1.1250000000000082,,,0,0.8385645564237204,1.5095389457652382,0,0,0,0,False,,,,md_dqn_not_reached,"{""profile_name"": ""extreme_d04"", ""map_seed"": 20490623, ""query_seed"": 20491624, ""md_dqn_source_dir"": ""/home/ubuntu/DQN10/2_experiment"", ""md_dqn_checkpoint_path"": ""/home/ubuntu/DQN10/2_experiment/ugv_dqn/outputs/2026-05-12_train_load_external_demo_smoke/models/realmap_a/mlp-dqn.pt"", ""md_dqn_algo"": ""mlp-dqn"", ""md_dqn_device"": ""cpu"", ""md_dqn_max_steps"": 600, ""md_dqn_rollout_steps"": 600, ""md_dqn_reached"": false}"
extreme_s03_q0077,vanilla_ha,Extreme,d12_16,True,True,0.20692896842956543,145,15.976665656328313,,,1,0.12948179686067954,0.06577274793007848,0,0,0,0,False,,,,,"{""profile_name"": ""extreme_d05"", ""map_seed"": 20490623, ""query_seed"": 20491625, ""evaluation_path_source"": ""trace_poses"", ""planner_path_pose_count"": 13, ""evaluation_path_pose_count"": 162}"
extreme_s03_q0077,f_n3p_knn,Extreme,d12_16,True,True,0.034956804011017084,0,16.32679693192495,15.976665656328313,0.02191516572533092,1,0.17138629374600664,0.06577274793007304,0,1,0,0,True,3,4,0.75,,"{""profile_name"": ""extreme_d05"", ""map_seed"": 20490623, ""query_seed"": 20491625}"
extreme_s03_q0077,n3p_k1,Extreme,d12_16,True,True,0.17746083298698068,17,15.55678057831368,15.976665656328313,-0.026281145706289366,1,0.19294926479829277,0.06577274793007493,0,0,1,0,True,1,1,1.0,,"{""profile_name"": ""extreme_d05"", ""map_seed"": 20490623, ""query_seed"": 20491625}"
extreme_s03_q0077,voronoi_waypoint,Extreme,d12_16,True,True,0.7443202380090952,102,19.01885799282867,15.976665656328313,0.19041472119029756,1,0.4117366694012603,0.06577274793007326,0,0,0,0,False,,,,,"{""profile_name"": ""extreme_d05"", ""map_seed"": 20490623, ""query_seed"": 20491625, ""waypoint_count"": 3}"
extreme_s03_q0077,bottleneck_waypoint,Extreme,d12_16,True,True,0.6729009770788252,6,17.875443647663484,15.976665656328313,0.118846950432556,3,0.2518130496627562,0.0657727479300757,0,0,0,0,False,,,,,"{""profile_name"": ""extreme_d05"", ""map_seed"": 20490623, ""query_seed"": 20491625, ""waypoint_count"": 3, ""bottleneck_count"": 3}"
extreme_s03_q0077,md_dqn,Extreme,d12_16,False,False,0.001913632033392787,1,0.003749999999999081,15.976665656328313,,0,0.08734630124017201,0.25570143080854946,0,0,0,0,False,,,,md_dqn_not_reached,"{""profile_name"": ""extreme_d05"", ""map_seed"": 20490623, ""query_seed"": 20491625, ""md_dqn_source_dir"": ""/home/ubuntu/DQN10/2_experiment"", ""md_dqn_checkpoint_path"": ""/home/ubuntu/DQN10/2_experiment/ugv_dqn/outputs/2026-05-12_train_load_external_demo_smoke/models/realmap_a/mlp-dqn.pt"", ""md_dqn_algo"": ""mlp-dqn"", ""md_dqn_device"": ""cpu"", ""md_dqn_max_steps"": 600, ""md_dqn_rollout_steps"": 1, ""md_dqn_reached"": false}"
extreme_s03_q0078,vanilla_ha,Extreme,d16_20,False,False,2.500305414199829,3351,,,,0,,,0,0,0,0,False,,,,timeout,"{""profile_name"": ""extreme_d06"", ""map_seed"": 20490623, ""query_seed"": 20491626, ""evaluation_path_source"": ""planner_path"", ""planner_path_pose_count"": 0, ""evaluation_path_pose_count"": 0}"
extreme_s03_q0078,f_n3p_knn,Extreme,d16_20,True,True,0.05807129014283419,0,26.890561092310048,,,5,0.15541803119949305,0.07547778202578792,0,19,0,0,True,3,6,0.5,,"{""profile_name"": ""extreme_d06"", ""map_seed"": 20490623, ""query_seed"": 20491626}"
extreme_s03_q0078,n3p_k1,Extreme,d16_20,False,False,3.510993574047461,4981,,,,0,,,0,0,1,1,True,0,0,,f2_failed:prediction:goal_in_collision;goal:timeout;f3_failed:timeout,"{""profile_name"": ""extreme_d06"", ""map_seed"": 20490623, ""query_seed"": 20491626}"
extreme_s03_q0078,voronoi_waypoint,Extreme,d16_20,True,True,0.6507586550433189,43,21.361023602236997,,,3,0.28327948219415555,0.07561586584437097,0,0,0,0,False,,,,,"{""profile_name"": ""extreme_d06"", ""map_seed"": 20490623, ""query_seed"": 20491626, ""waypoint_count"": 3}"
extreme_s03_q0078,bottleneck_waypoint,Extreme,d16_20,True,True,0.9082691080402583,6,22.469924143516828,,,1,0.44748491742601754,0.09811681456548449,0,0,0,0,False,,,,,"{""profile_name"": ""extreme_d06"", ""map_seed"": 20490623, ""query_seed"": 20491626, ""waypoint_count"": 5, ""bottleneck_count"": 5}"
extreme_s03_q0078,md_dqn,Extreme,d16_20,False,False,0.5642614439129829,600,15.721875000000013,,,0,0.24763382144882823,0.12112954853730429,0,0,0,0,False,,,,md_dqn_not_reached,"{""profile_name"": ""extreme_d06"", ""map_seed"": 20490623, ""query_seed"": 20491626, ""md_dqn_source_dir"": ""/home/ubuntu/DQN10/2_experiment"", ""md_dqn_checkpoint_path"": ""/home/ubuntu/DQN10/2_experiment/ugv_dqn/outputs/2026-05-12_train_load_external_demo_smoke/models/realmap_a/mlp-dqn.pt"", ""md_dqn_algo"": ""mlp-dqn"", ""md_dqn_device"": ""cpu"", ""md_dqn_max_steps"": 600, ""md_dqn_rollout_steps"": 600, ""md_dqn_reached"": false}"
extreme_s03_q0079,vanilla_ha,Extreme,d20_inf,True,True,1.3346781730651855,2461,25.7644712510199,,,0,0.2525934181372384,0.06646185573966312,0,0,0,0,False,,,,,"{""profile_name"": ""extreme_d07"", ""map_seed"": 20490623, ""query_seed"": 20491627, ""evaluation_path_source"": ""trace_poses"", ""planner_path_pose_count"": 70, ""evaluation_path_pose_count"": 260}"
extreme_s03_q0079,f_n3p_knn,Extreme,d20_inf,True,True,0.026906308019533753,0,25.238166095172687,25.7644712510199,-0.020427555090088534,0,0.07714942706034639,0.11562234355158396,0,11,0,0,True,2,3,0.6666666666666666,,"{""profile_name"": ""extreme_d07"", ""map_seed"": 20490623, ""query_seed"": 20491627}"
extreme_s03_q0079,n3p_k1,Extreme,d20_inf,True,True,0.22444385406561196,101,27.305604884272476,25.7644712510199,0.059816233690088705,0,0.1343090867331747,0.10738526329306275,0,0,1,0,True,2,2,1.0,,"{""profile_name"": ""extreme_d07"", ""map_seed"": 20490623, ""query_seed"": 20491627}"
extreme_s03_q0079,voronoi_waypoint,Extreme,d20_inf,True,True,0.9055848668795079,6,27.163110672411516,25.7644712510199,0.054285586060154545,0,0.2293760073290088,0.11876750925559754,0,0,0,0,False,,,,,"{""profile_name"": ""extreme_d07"", ""map_seed"": 20490623, ""query_seed"": 20491627, ""waypoint_count"": 5}"
extreme_s03_q0079,bottleneck_waypoint,Extreme,d20_inf,True,True,0.62206105212681,4,27.37745155764128,25.7644712510199,0.06260482859928795,0,0.14384327893771365,0.3557887277186267,0,0,0,0,False,,,,,"{""profile_name"": ""extreme_d07"", ""map_seed"": 20490623, ""query_seed"": 20491627, ""waypoint_count"": 3, ""bottleneck_count"": 3}"
extreme_s03_q0079,md_dqn,Extreme,d20_inf,False,False,0.1669446467421949,600,1.1250000000003115,25.7644712510199,,0,0.14281595344036924,0.1920570426362953,0,0,0,0,False,,,,md_dqn_not_reached,"{""profile_name"": ""extreme_d07"", ""map_seed"": 20490623, ""query_seed"": 20491627, ""md_dqn_source_dir"": ""/home/ubuntu/DQN10/2_experiment"", ""md_dqn_checkpoint_path"": ""/home/ubuntu/DQN10/2_experiment/ugv_dqn/outputs/2026-05-12_train_load_external_demo_smoke/models/realmap_a/mlp-dqn.pt"", ""md_dqn_algo"": ""mlp-dqn"", ""md_dqn_device"": ""cpu"", ""md_dqn_max_steps"": 600, ""md_dqn_rollout_steps"": 600, ""md_dqn_reached"": false}"
extreme_s04_q0080,vanilla_ha,Extreme,d08_12,True,True,0.18370366096496582,78,11.778396685628744,,,0,0.085456150381415,0.07927042026413544,0,0,0,0,False,,,,,"{""profile_name"": ""extreme_d03"", ""map_seed"": 20500620, ""query_seed"": 20501620, ""evaluation_path_source"": ""trace_poses"", ""planner_path_pose_count"": 13, ""evaluation_path_pose_count"": 120}"
extreme_s04_q0080,f_n3p_knn,Extreme,d08_12,True,True,0.020070089027285576,0,11.855004119537243,11.778396685628744,0.00650406298524242,0,0.09878843156190635,0.05819004539964989,0,3,0,0,True,0,2,0.0,,"{""profile_name"": ""extreme_d03"", ""map_seed"": 20500620, ""query_seed"": 20501620}"
extreme_s04_q0080,n3p_k1,Extreme,d08_12,True,True,0.3243452908936888,301,12.441886420788943,11.778396685628744,0.05633107398817261,0,0.22678402876033915,0.1438471460973757,0,0,1,0,True,0,0,,,"{""profile_name"": ""extreme_d03"", ""map_seed"": 20500620, ""query_seed"": 20501620}"
extreme_s04_q0080,voronoi_waypoint,Extreme,d08_12,True,True,0.4721938499715179,3,14.238075326927516,11.778396685628744,0.20882966561144234,2,0.3623223461356151,0.06424500013054613,0,0,0,0,False,,,,,"{""profile_name"": ""extreme_d03"", ""map_seed"": 20500620, ""query_seed"": 20501620, ""waypoint_count"": 2}"
extreme_s04_q0080,bottleneck_waypoint,Extreme,d08_12,True,True,0.4732723718043417,3,13.924945450255056,11.778396685628744,0.1822445636633545,0,0.28061797261276566,0.539291606433173,0,0,0,0,False,,,,,"{""profile_name"": ""extreme_d03"", ""map_seed"": 20500620, ""query_seed"": 20501620, ""waypoint_count"": 2, ""bottleneck_count"": 2}"
extreme_s04_q0080,md_dqn,Extreme,d08_12,False,False,0.2908123277593404,356,1.2768750000000135,11.778396685628744,,1,0.10518055357900898,0.4165077383566461,0,0,0,0,False,,,,md_dqn_not_reached,"{""profile_name"": ""extreme_d03"", ""map_seed"": 20500620, ""query_seed"": 20501620, ""md_dqn_source_dir"": ""/home/ubuntu/DQN10/2_experiment"", ""md_dqn_checkpoint_path"": ""/home/ubuntu/DQN10/2_experiment/ugv_dqn/outputs/2026-05-12_train_load_external_demo_smoke/models/realmap_a/mlp-dqn.pt"", ""md_dqn_algo"": ""mlp-dqn"", ""md_dqn_device"": ""cpu"", ""md_dqn_max_steps"": 600, ""md_dqn_rollout_steps"": 356, ""md_dqn_reached"": false}"
extreme_s04_q0081,vanilla_ha,Extreme,d12_16,True,True,0.23174333572387695,113,15.536045031075169,,,0,0.09708435050889813,0.09610707730967327,0,0,0,0,False,,,,,"{""profile_name"": ""extreme_d04"", ""map_seed"": 20500620, ""query_seed"": 20501621, ""evaluation_path_source"": ""trace_poses"", ""planner_path_pose_count"": 19, ""evaluation_path_pose_count"": 158}"
extreme_s04_q0081,f_n3p_knn,Extreme,d12_16,True,True,0.028381207957863808,0,22.103442985871105,15.536045031075169,0.42272006431880427,2,0.1806156810486148,0.06650415212568628,0,11,0,0,True,2,3,0.6666666666666666,,"{""profile_name"": ""extreme_d04"", ""map_seed"": 20500620, ""query_seed"": 20501621}"
extreme_s04_q0081,n3p_k1,Extreme,d12_16,True,True,0.17805120185948908,13,16.600648478863807,15.536045031075169,0.06852474009049403,3,0.1915937551627863,0.06650415212568628,0,0,1,0,True,2,2,1.0,,"{""profile_name"": ""extreme_d04"", ""map_seed"": 20500620, ""query_seed"": 20501621}"
extreme_s04_q0081,voronoi_waypoint,Extreme,d12_16,True,True,0.6205311950761825,4,18.019806174304865,15.536045031075169,0.1598708769356474,0,0.2216348640547005,0.44938337143849105,0,0,0,0,False,,,,,"{""profile_name"": ""extreme_d04"", ""map_seed"": 20500620, ""query_seed"": 20501621, ""waypoint_count"": 3}"
extreme_s04_q0081,bottleneck_waypoint,Extreme,d12_16,True,True,0.6174497639294714,4,17.658755054890502,15.536045031075169,0.13663129963703713,0,0.13479679765873734,0.4529880212402393,0,0,0,0,False,,,,,"{""profile_name"": ""extreme_d04"", ""map_seed"": 20500620, ""query_seed"": 20501621, ""waypoint_count"": 3, ""bottleneck_count"": 3}"
extreme_s04_q0081,md_dqn,Extreme,d12_16,False,False,0.17847040691412985,600,3.3356250000000096,15.536045031075169,,0,0.36944151485178517,0.16383205855120342,0,0,0,0,False,,,,md_dqn_not_reached,"{""profile_name"": ""extreme_d04"", ""map_seed"": 20500620, ""query_seed"": 20501621, ""md_dqn_source_dir"": ""/home/ubuntu/DQN10/2_experiment"", ""md_dqn_checkpoint_path"": ""/home/ubuntu/DQN10/2_experiment/ugv_dqn/outputs/2026-05-12_train_load_external_demo_smoke/models/realmap_a/mlp-dqn.pt"", ""md_dqn_algo"": ""mlp-dqn"", ""md_dqn_device"": ""cpu"", ""md_dqn_max_steps"": 600, ""md_dqn_rollout_steps"": 600, ""md_dqn_reached"": false}"
extreme_s04_q0082,vanilla_ha,Extreme,d16_20,True,True,1.2554502487182617,1745,18.981273781965555,,,0,0.2626230400553213,0.09987437265053922,0,0,0,0,False,,,,,"{""profile_name"": ""extreme_d05"", ""map_seed"": 20500620, ""query_seed"": 20501622, ""evaluation_path_source"": ""trace_poses"", ""planner_path_pose_count"": 50, ""evaluation_path_pose_count"": 192}"
extreme_s04_q0082,f_n3p_knn,Extreme,d16_20,True,True,0.01164826680906117,0,18.76133871739109,18.981273781965555,-0.01158694970110108,0,0.06021915480974459,0.054563758950302244,0,8,0,0,True,0,1,0.0,,"{""profile_name"": ""extreme_d05"", ""map_seed"": 20500620, ""query_seed"": 20501622}"
extreme_s04_q0082,n3p_k1,Extreme,d16_20,True,True,2.1241539230104536,3108,18.981273781965555,18.981273781965555,0.0,0,0.2626230400553213,0.09987437265053922,0,0,1,1,True,0,0,,,"{""profile_name"": ""extreme_d05"", ""map_seed"": 20500620, ""query_seed"": 20501622}"
extreme_s04_q0082,voronoi_waypoint,Extreme,d16_20,True,True,0.6562129729427397,52,21.798946319570167,18.981273781965555,0.14844486044354577,2,0.2591615647491162,0.08803554153348547,0,0,0,0,False,,,,,"{""profile_name"": ""extreme_d05"", ""map_seed"": 20500620, ""query_seed"": 20501622, ""waypoint_count"": 3}"
extreme_s04_q0082,bottleneck_waypoint,Extreme,d16_20,True,True,0.7639317749999464,5,20.002536478603602,18.981273781965555,0.05380369665224305,1,0.1899689395197696,0.3759924139259594,0,0,0,0,False,,,,,"{""profile_name"": ""extreme_d05"", ""map_seed"": 20500620, ""query_seed"": 20501622, ""waypoint_count"": 4, ""bottleneck_count"": 4}"
extreme_s04_q0082,md_dqn,Extreme,d16_20,False,False,0.16168868518434465,443,1.6312499999999892,18.981273781965555,,1,0.09287970794416431,0.4466545545100462,0,0,0,0,False,,,,md_dqn_not_reached,"{""profile_name"": ""extreme_d05"", ""map_seed"": 20500620, ""query_seed"": 20501622, ""md_dqn_source_dir"": ""/home/ubuntu/DQN10/2_experiment"", ""md_dqn_checkpoint_path"": ""/home/ubuntu/DQN10/2_experiment/ugv_dqn/outputs/2026-05-12_train_load_external_demo_smoke/models/realmap_a/mlp-dqn.pt"", ""md_dqn_algo"": ""mlp-dqn"", ""md_dqn_device"": ""cpu"", ""md_dqn_max_steps"": 600, ""md_dqn_rollout_steps"": 443, ""md_dqn_reached"": false}"
extreme_s04_q0083,vanilla_ha,Extreme,d20_inf,False,False,2.5000686645507812,3459,,,,0,,,0,0,0,0,False,,,,timeout,"{""profile_name"": ""extreme_d06"", ""map_seed"": 20500620, ""query_seed"": 20501623, ""evaluation_path_source"": ""planner_path"", ""planner_path_pose_count"": 0, ""evaluation_path_pose_count"": 0}"
extreme_s04_q0083,f_n3p_knn,Extreme,d20_inf,False,False,3.53318482497707,4913,,,,0,,,0,26,1,1,True,1,2,0.5,f2_failed:prediction:goal_in_collision;goal:timeout;f3_failed:timeout,"{""profile_name"": ""extreme_d06"", ""map_seed"": 20500620, ""query_seed"": 20501623}"
extreme_s04_q0083,n3p_k1,Extreme,d20_inf,False,False,4.52216574200429,6291,,,,0,,,0,0,1,1,True,1,1,1.0,f2_failed:prediction:timeout;goal:timeout;f3_failed:timeout,"{""profile_name"": ""extreme_d06"", ""map_seed"": 20500620, ""query_seed"": 20501623}"
extreme_s04_q0083,voronoi_waypoint,Extreme,d20_inf,True,True,0.7542444120626897,5,25.47039210549053,,,0,0.12893637990414086,0.0749670857486201,0,0,0,0,False,,,,,"{""profile_name"": ""extreme_d06"", ""map_seed"": 20500620, ""query_seed"": 20501623, ""waypoint_count"": 4}"
extreme_s04_q0083,bottleneck_waypoint,Extreme,d20_inf,True,True,1.0327050511259586,7,25.867653349208542,,,2,0.2263619147251089,0.16279856139429494,0,0,0,0,False,,,,,"{""profile_name"": ""extreme_d06"", ""map_seed"": 20500620, ""query_seed"": 20501623, ""waypoint_count"": 6, ""bottleneck_count"": 6}"
extreme_s04_q0083,md_dqn,Extreme,d20_inf,False,False,0.16514058131724596,600,1.1249999999999503,,,0,0.8286550898949259,0.550596587641188,0,0,0,0,False,,,,md_dqn_not_reached,"{""profile_name"": ""extreme_d06"", ""map_seed"": 20500620, ""query_seed"": 20501623, ""md_dqn_source_dir"": ""/home/ubuntu/DQN10/2_experiment"", ""md_dqn_checkpoint_path"": ""/home/ubuntu/DQN10/2_experiment/ugv_dqn/outputs/2026-05-12_train_load_external_demo_smoke/models/realmap_a/mlp-dqn.pt"", ""md_dqn_algo"": ""mlp-dqn"", ""md_dqn_device"": ""cpu"", ""md_dqn_max_steps"": 600, ""md_dqn_rollout_steps"": 600, ""md_dqn_reached"": false}"
extreme_s04_q0084,vanilla_ha,Extreme,d08_12,True,True,0.7621078491210938,661,12.178445359153226,,,2,0.260350909764727,0.07276123378346067,0,0,0,0,False,,,,,"{""profile_name"": ""extreme_d07"", ""map_seed"": 20500620, ""query_seed"": 20501624, ""evaluation_path_source"": ""trace_poses"", ""planner_path_pose_count"": 41, ""evaluation_path_pose_count"": 125}"
extreme_s04_q0084,f_n3p_knn,Extreme,d08_12,True,True,0.2437216469552368,52,19.477061250275725,12.178445359153226,0.5993060424282246,6,0.35091708085702217,0.0753122397787318,0,49,1,0,True,2,6,0.3333333333333333,,"{""profile_name"": ""extreme_d07"", ""map_seed"": 20500620, ""query_seed"": 20501624}"
extreme_s04_q0084,n3p_k1,Extreme,d08_12,True,True,0.5377294800709933,383,12.376040968602537,12.178445359153226,0.016225027384205504,2,0.3790402378016879,0.07087791502920926,0,0,1,0,True,1,1,1.0,,"{""profile_name"": ""extreme_d07"", ""map_seed"": 20500620, ""query_seed"": 20501624}"
extreme_s04_q0084,voronoi_waypoint,Extreme,d08_12,True,True,0.5876346230506897,140,13.780174024374347,12.178445359153226,0.13152160378313593,4,0.3507475655070291,0.0962292410326605,0,0,0,0,False,,,,,"{""profile_name"": ""extreme_d07"", ""map_seed"": 20500620, ""query_seed"": 20501624, ""waypoint_count"": 2}"
extreme_s04_q0084,bottleneck_waypoint,Extreme,d08_12,True,True,0.5979376800823957,142,13.400125856531332,12.178445359153226,0.10031497956838153,4,0.3867240810608353,0.0962292410326605,0,0,0,0,False,,,,,"{""profile_name"": ""extreme_d07"", ""map_seed"": 20500620, ""query_seed"": 20501624, ""waypoint_count"": 2, ""bottleneck_count"": 2}"
extreme_s04_q0084,md_dqn,Extreme,d08_12,False,False,0.0014536899980157614,1,0.003749999999998273,12.178445359153226,,0,0.08734630124019083,0.20082226255551416,0,0,0,0,False,,,,md_dqn_not_reached,"{""profile_name"": ""extreme_d07"", ""map_seed"": 20500620, ""query_seed"": 20501624, ""md_dqn_source_dir"": ""/home/ubuntu/DQN10/2_experiment"", ""md_dqn_checkpoint_path"": ""/home/ubuntu/DQN10/2_experiment/ugv_dqn/outputs/2026-05-12_train_load_external_demo_smoke/models/realmap_a/mlp-dqn.pt"", ""md_dqn_algo"": ""mlp-dqn"", ""md_dqn_device"": ""cpu"", ""md_dqn_max_steps"": 600, ""md_dqn_rollout_steps"": 1, ""md_dqn_reached"": false}"
extreme_s04_q0085,vanilla_ha,Extreme,d12_16,True,True,1.5486278533935547,1997,13.464911010320955,,,0,0.3098744257519541,0.07779164938814775,0,0,0,0,False,,,,,"{""profile_name"": ""extreme_d03"", ""map_seed"": 20500621, ""query_seed"": 20501621, ""evaluation_path_source"": ""trace_poses"", ""planner_path_pose_count"": 42, ""evaluation_path_pose_count"": 137}"
extreme_s04_q0085,f_n3p_knn,Extreme,d12_16,True,True,0.010712658986449242,0,13.090429906600448,13.464911010320955,-0.02781162856802133,0,0.026871987554211257,0.0853245430004893,0,2,0,0,True,0,1,0.0,,"{""profile_name"": ""extreme_d03"", ""map_seed"": 20500621, ""query_seed"": 20501621}"
extreme_s04_q0085,n3p_k1,Extreme,d12_16,True,True,2.4149349899962544,3308,13.464911010320955,13.464911010320955,0.0,0,0.3098744257519541,0.07779164938814775,0,0,1,1,True,0,0,,,"{""profile_name"": ""extreme_d03"", ""map_seed"": 20500621, ""query_seed"": 20501621}"
extreme_s04_q0085,voronoi_waypoint,Extreme,d12_16,True,True,0.4744362540077418,3,15.120939375487232,13.464911010320955,0.12298843742056054,0,0.23913466824708707,0.21849217269874988,0,0,0,0,False,,,,,"{""profile_name"": ""extreme_d03"", ""map_seed"": 20500621, ""query_seed"": 20501621, ""waypoint_count"": 2}"
extreme_s04_q0085,bottleneck_waypoint,Extreme,d12_16,True,True,0.47647288092412055,3,14.73756302222698,13.464911010320955,0.09451618439442533,0,0.26356819946657384,0.2690537169329966,0,0,0,0,False,,,,,"{""profile_name"": ""extreme_d03"", ""map_seed"": 20500621, ""query_seed"": 20501621, ""waypoint_count"": 2, ""bottleneck_count"": 2}"
extreme_s04_q0085,md_dqn,Extreme,d12_16,False,False,0.16510744858533144,600,1.1250000000000038,13.464911010320955,,0,0.8385645564237231,2.2736736646968905,0,0,0,0,False,,,,md_dqn_not_reached,"{""profile_name"": ""extreme_d03"", ""map_seed"": 20500621, ""query_seed"": 20501621, ""md_dqn_source_dir"": ""/home/ubuntu/DQN10/2_experiment"", ""md_dqn_checkpoint_path"": ""/home/ubuntu/DQN10/2_experiment/ugv_dqn/outputs/2026-05-12_train_load_external_demo_smoke/models/realmap_a/mlp-dqn.pt"", ""md_dqn_algo"": ""mlp-dqn"", ""md_dqn_device"": ""cpu"", ""md_dqn_max_steps"": 600, ""md_dqn_rollout_steps"": 600, ""md_dqn_reached"": false}"
extreme_s04_q0086,vanilla_ha,Extreme,d16_20,True,True,0.2561652660369873,169,16.65568661520449,,,0,0.19311903900116056,0.058604957189266504,0,0,0,0,False,,,,,"{""profile_name"": ""extreme_d04"", ""map_seed"": 20500621, ""query_seed"": 20501622, ""evaluation_path_source"": ""trace_poses"", ""planner_path_pose_count"": 46, ""evaluation_path_pose_count"": 169}"
extreme_s04_q0086,f_n3p_knn,Extreme,d16_20,True,True,0.40415036398917437,88,18.547995940517495,16.65568661520449,0.11361340838303047,2,0.30852011503723814,0.05598449697126667,0,49,2,0,True,0,2,0.0,,"{""profile_name"": ""extreme_d04"", ""map_seed"": 20500621, ""query_seed"": 20501622}"
extreme_s04_q0086,n3p_k1,Extreme,d16_20,True,True,0.38330490817315876,96,16.691653871778065,16.65568661520449,0.002159458052046981,0,0.31877284437681264,0.058604957189266504,0,0,2,0,True,0,0,,,"{""profile_name"": ""extreme_d04"", ""map_seed"": 20500621, ""query_seed"": 20501622}"
extreme_s04_q0086,voronoi_waypoint,Extreme,d16_20,True,True,0.6273799720220268,4,21.588111550090666,16.65568661520449,0.2961405944311841,2,0.2161533424613314,0.06689215491851552,0,0,0,0,False,,,,,"{""profile_name"": ""extreme_d04"", ""map_seed"": 20500621, ""query_seed"": 20501622, ""waypoint_count"": 3}"
extreme_s04_q0086,bottleneck_waypoint,Extreme,d16_20,True,True,0.624660138040781,4,18.989241939930334,16.65568661520449,0.14010562149960304,4,0.4016352881668382,0.3082397608040853,0,0,0,0,False,,,,,"{""profile_name"": ""extreme_d04"", ""map_seed"": 20500621, ""query_seed"": 20501622, ""waypoint_count"": 3, ""bottleneck_count"": 3}"
extreme_s04_q0086,md_dqn,Extreme,d16_20,False,False,0.35271065728738904,600,27.826250000000048,16.65568661520449,,0,0.288328584881678,0.119995022803006,0,0,0,0,False,,,,md_dqn_not_reached,"{""profile_name"": ""extreme_d04"", ""map_seed"": 20500621, ""query_seed"": 20501622, ""md_dqn_source_dir"": ""/home/ubuntu/DQN10/2_experiment"", ""md_dqn_checkpoint_path"": ""/home/ubuntu/DQN10/2_experiment/ugv_dqn/outputs/2026-05-12_train_load_external_demo_smoke/models/realmap_a/mlp-dqn.pt"", ""md_dqn_algo"": ""mlp-dqn"", ""md_dqn_device"": ""cpu"", ""md_dqn_max_steps"": 600, ""md_dqn_rollout_steps"": 600, ""md_dqn_reached"": false}"
extreme_s04_q0087,vanilla_ha,Extreme,d20_inf,True,True,0.3235917091369629,281,25.856064126710447,,,0,0.2955052925482777,0.0697751817478448,0,0,0,0,False,,,,,"{""profile_name"": ""extreme_d05"", ""map_seed"": 20500621, ""query_seed"": 20501623, ""evaluation_path_source"": ""trace_poses"", ""planner_path_pose_count"": 71, ""evaluation_path_pose_count"": 262}"
extreme_s04_q0087,f_n3p_knn,Extreme,d20_inf,True,True,0.051032796036452055,0,28.377079376852098,25.856064126710447,0.0975018950211115,1,0.13821196482478576,0.12452387553687394,0,15,0,0,True,2,5,0.4,,"{""profile_name"": ""extreme_d05"", ""map_seed"": 20500621, ""query_seed"": 20501623}"
extreme_s04_q0087,n3p_k1,Extreme,d20_inf,True,True,0.3396075889468193,19,26.440640591301896,25.856064126710447,0.02260887278615442,2,0.1423956139216586,0.06086687091390208,0,0,2,0,True,3,3,1.0,,"{""profile_name"": ""extreme_d05"", ""map_seed"": 20500621, ""query_seed"": 20501623}"
extreme_s04_q0087,voronoi_waypoint,Extreme,d20_inf,True,True,0.9062323248945177,6,28.747346182635027,25.856064126710447,0.11182220316887914,2,0.29907942185639214,0.06121662563541097,0,0,0,0,False,,,,,"{""profile_name"": ""extreme_d05"", ""map_seed"": 20500621, ""query_seed"": 20501623, ""waypoint_count"": 5}"
extreme_s04_q0087,bottleneck_waypoint,Extreme,d20_inf,True,True,0.7680414749775082,5,26.369034310847688,25.856064126710447,0.019839453585177358,0,0.21450275644679764,0.12452387553687172,0,0,0,0,False,,,,,"{""profile_name"": ""extreme_d05"", ""map_seed"": 20500621, ""query_seed"": 20501623, ""waypoint_count"": 4, ""bottleneck_count"": 4}"
extreme_s04_q0087,md_dqn,Extreme,d20_inf,False,False,0.1656602513976395,600,1.1250000000011888,25.856064126710447,,0,0.0,0.8767492616771209,0,0,0,0,False,,,,md_dqn_not_reached,"{""profile_name"": ""extreme_d05"", ""map_seed"": 20500621, ""query_seed"": 20501623, ""md_dqn_source_dir"": ""/home/ubuntu/DQN10/2_experiment"", ""md_dqn_checkpoint_path"": ""/home/ubuntu/DQN10/2_experiment/ugv_dqn/outputs/2026-05-12_train_load_external_demo_smoke/models/realmap_a/mlp-dqn.pt"", ""md_dqn_algo"": ""mlp-dqn"", ""md_dqn_device"": ""cpu"", ""md_dqn_max_steps"": 600, ""md_dqn_rollout_steps"": 600, ""md_dqn_reached"": false}"
extreme_s04_q0088,vanilla_ha,Extreme,d08_12,True,True,0.1483604907989502,1,10.655045753069292,,,0,0.0,0.5509262177723955,0,0,0,0,False,,,,,"{""profile_name"": ""extreme_d06"", ""map_seed"": 20500621, ""query_seed"": 20501624, ""evaluation_path_source"": ""trace_poses"", ""planner_path_pose_count"": 2, ""evaluation_path_pose_count"": 108}"
extreme_s04_q0088,f_n3p_knn,Extreme,d08_12,True,True,0.00048085302114486694,0,10.655045753069293,10.655045753069292,2.220446049250313e-16,0,0.0,0.5509262177723949,0,0,0,0,False,0,0,,,"{""profile_name"": ""extreme_d06"", ""map_seed"": 20500621, ""query_seed"": 20501624}"
extreme_s04_q0088,n3p_k1,Extreme,d08_12,True,True,0.00045683817006647587,0,10.655045753069293,10.655045753069292,2.220446049250313e-16,0,0.0,0.5509262177723949,0,0,0,0,False,0,0,,,"{""profile_name"": ""extreme_d06"", ""map_seed"": 20500621, ""query_seed"": 20501624}"
extreme_s04_q0088,voronoi_waypoint,Extreme,d08_12,True,True,0.33260925905779004,2,10.666873647656757,10.655045753069292,0.0011100745000609535,0,0.017908356877468713,0.45971387416208565,0,0,0,0,False,,,,,"{""profile_name"": ""extreme_d06"", ""map_seed"": 20500621, ""query_seed"": 20501624, ""waypoint_count"": 1}"
extreme_s04_q0088,bottleneck_waypoint,Extreme,d08_12,True,True,0.4770333878695965,3,11.021076176058788,10.655045753069292,0.034352778155275265,0,0.22540826539689604,0.9198787096737222,0,0,0,0,False,,,,,"{""profile_name"": ""extreme_d06"", ""map_seed"": 20500621, ""query_seed"": 20501624, ""waypoint_count"": 2, ""bottleneck_count"": 2}"
extreme_s04_q0088,md_dqn,Extreme,d08_12,False,False,0.30063423654064536,598,1.1999999999999917,10.655045753069292,,1,0.829939714432131,0.470019853276746,0,0,0,0,False,,,,md_dqn_not_reached,"{""profile_name"": ""extreme_d06"", ""map_seed"": 20500621, ""query_seed"": 20501624, ""md_dqn_source_dir"": ""/home/ubuntu/DQN10/2_experiment"", ""md_dqn_checkpoint_path"": ""/home/ubuntu/DQN10/2_experiment/ugv_dqn/outputs/2026-05-12_train_load_external_demo_smoke/models/realmap_a/mlp-dqn.pt"", ""md_dqn_algo"": ""mlp-dqn"", ""md_dqn_device"": ""cpu"", ""md_dqn_max_steps"": 600, ""md_dqn_rollout_steps"": 598, ""md_dqn_reached"": false}"
extreme_s04_q0089,vanilla_ha,Extreme,d12_16,True,True,0.1462557315826416,1,12.614673994994874,,,0,0.0,0.1487212427960406,0,0,0,0,False,,,,,"{""profile_name"": ""extreme_d07"", ""map_seed"": 20500621, ""query_seed"": 20501625, ""evaluation_path_source"": ""trace_poses"", ""planner_path_pose_count"": 2, ""evaluation_path_pose_count"": 128}"
extreme_s04_q0089,f_n3p_knn,Extreme,d12_16,True,True,0.0005419561639428139,0,12.614673994994877,12.614673994994874,2.220446049250313e-16,0,1.760208825159746e-17,0.1487212427960406,0,0,0,0,False,0,0,,,"{""profile_name"": ""extreme_d07"", ""map_seed"": 20500621, ""query_seed"": 20501625}"
extreme_s04_q0089,n3p_k1,Extreme,d12_16,True,True,0.0005219969898462296,0,12.614673994994877,12.614673994994874,2.220446049250313e-16,0,1.760208825159746e-17,0.1487212427960406,0,0,0,0,False,0,0,,,"{""profile_name"": ""extreme_d07"", ""map_seed"": 20500621, ""query_seed"": 20501625}"
extreme_s04_q0089,voronoi_waypoint,Extreme,d12_16,True,True,0.4738151910714805,3,13.148623739688642,12.614673994994874,0.04232766894377327,0,0.22076656314410267,0.2598798647301248,0,0,0,0,False,,,,,"{""profile_name"": ""extreme_d07"", ""map_seed"": 20500621, ""query_seed"": 20501625, ""waypoint_count"": 2}"
extreme_s04_q0089,bottleneck_waypoint,Extreme,d12_16,True,True,0.474051795899868,3,12.794785767074647,12.614673994994874,0.014277956937391867,0,0.1060082277725037,0.3507866359736378,0,0,0,0,False,,,,,"{""profile_name"": ""extreme_d07"", ""map_seed"": 20500621, ""query_seed"": 20501625, ""waypoint_count"": 2, ""bottleneck_count"": 2}"
extreme_s04_q0089,md_dqn,Extreme,d12_16,False,False,0.1648094633128494,600,1.1249999999999818,12.614673994994874,,0,0.8385645564237397,1.168734064105788,0,0,0,0,False,,,,md_dqn_not_reached,"{""profile_name"": ""extreme_d07"", ""map_seed"": 20500621, ""query_seed"": 20501625, ""md_dqn_source_dir"": ""/home/ubuntu/DQN10/2_experiment"", ""md_dqn_checkpoint_path"": ""/home/ubuntu/DQN10/2_experiment/ugv_dqn/outputs/2026-05-12_train_load_external_demo_smoke/models/realmap_a/mlp-dqn.pt"", ""md_dqn_algo"": ""mlp-dqn"", ""md_dqn_device"": ""cpu"", ""md_dqn_max_steps"": 600, ""md_dqn_rollout_steps"": 600, ""md_dqn_reached"": false}"
extreme_s04_q0090,vanilla_ha,Extreme,d16_20,True,True,2.1203672885894775,2571,19.156659809617572,,,0,0.24243438914579182,0.061547451433430544,0,0,0,0,False,,,,,"{""profile_name"": ""extreme_d03"", ""map_seed"": 20500622, ""query_seed"": 20501622, ""evaluation_path_source"": ""trace_poses"", ""planner_path_pose_count"": 57, ""evaluation_path_pose_count"": 194}"
extreme_s04_q0090,f_n3p_knn,Extreme,d16_20,True,True,0.028939557960256934,0,20.465173743237653,19.156659809617572,0.06830595451526178,0,0.15857891233072263,0.05281168103182943,0,1,0,0,True,2,3,0.6666666666666666,,"{""profile_name"": ""extreme_d03"", ""map_seed"": 20500622, ""query_seed"": 20501622}"
extreme_s04_q0090,n3p_k1,Extreme,d16_20,True,True,3.0005726071540266,3602,19.156659809617572,19.156659809617572,0.0,0,0.24243438914579182,0.061547451433430544,0,0,1,1,True,1,1,1.0,,"{""profile_name"": ""extreme_d03"", ""map_seed"": 20500622, ""query_seed"": 20501622}"
extreme_s04_q0090,voronoi_waypoint,Extreme,d16_20,True,True,0.6203126818872988,4,22.030533446180744,19.156659809617572,0.15001955795656752,0,0.2967934164534721,0.10491489864983905,0,0,0,0,False,,,,,"{""profile_name"": ""extreme_d03"", ""map_seed"": 20500622, ""query_seed"": 20501622, ""waypoint_count"": 3}"
extreme_s04_q0090,bottleneck_waypoint,Extreme,d16_20,True,True,0.47874046489596367,3,20.982153081041794,19.156659809617572,0.09529287932062847,0,0.14145732782753606,0.129745418609983,0,0,0,0,False,,,,,"{""profile_name"": ""extreme_d03"", ""map_seed"": 20500622, ""query_seed"": 20501622, ""waypoint_count"": 2, ""bottleneck_count"": 2}"
extreme_s04_q0090,md_dqn,Extreme,d16_20,False,False,0.2964074013289064,479,2.4093749999999874,19.156659809617572,,2,0.6451115890317789,0.22934719856706287,0,0,0,0,False,,,,md_dqn_not_reached,"{""profile_name"": ""extreme_d03"", ""map_seed"": 20500622, ""query_seed"": 20501622, ""md_dqn_source_dir"": ""/home/ubuntu/DQN10/2_experiment"", ""md_dqn_checkpoint_path"": ""/home/ubuntu/DQN10/2_experiment/ugv_dqn/outputs/2026-05-12_train_load_external_demo_smoke/models/realmap_a/mlp-dqn.pt"", ""md_dqn_algo"": ""mlp-dqn"", ""md_dqn_device"": ""cpu"", ""md_dqn_max_steps"": 600, ""md_dqn_rollout_steps"": 479, ""md_dqn_reached"": false}"
extreme_s04_q0091,vanilla_ha,Extreme,d20_inf,True,True,0.5988919734954834,857,26.605204605904994,,,0,0.29326251758755667,0.07184086093292408,0,0,0,0,False,,,,,"{""profile_name"": ""extreme_d04"", ""map_seed"": 20500622, ""query_seed"": 20501623, ""evaluation_path_source"": ""trace_poses"", ""planner_path_pose_count"": 76, ""evaluation_path_pose_count"": 269}"
extreme_s04_q0091,f_n3p_knn,Extreme,d20_inf,True,True,0.2467209219466895,83,27.70857250880444,26.605204605904994,0.04147188188338746,0,0.21734146028733461,0.0742205745525013,0,30,1,0,True,1,3,0.3333333333333333,,"{""profile_name"": ""extreme_d04"", ""map_seed"": 20500622, ""query_seed"": 20501623}"
extreme_s04_q0091,n3p_k1,Extreme,d20_inf,True,True,0.47350072604604065,246,26.54160268775362,26.605204605904994,-0.002390581808841219,0,0.11142089961139696,0.05768503942244635,0,0,2,0,True,1,1,1.0,,"{""profile_name"": ""extreme_d04"", ""map_seed"": 20500622, ""query_seed"": 20501623}"
extreme_s04_q0091,voronoi_waypoint,Extreme,d20_inf,True,True,1.0172057868912816,152,27.83375957011792,26.605204605904994,0.046177241724359774,0,0.3150519510165697,0.07433068853487856,0,0,0,0,False,,,,,"{""profile_name"": ""extreme_d04"", ""map_seed"": 20500622, ""query_seed"": 20501623, ""waypoint_count"": 5}"
extreme_s04_q0091,bottleneck_waypoint,Extreme,d20_inf,True,True,1.041541466023773,7,27.760561547237625,26.605204605904994,0.04342597467099352,2,0.338400810666173,0.1293034395013909,0,0,0,0,False,,,,,"{""profile_name"": ""extreme_d04"", ""map_seed"": 20500622, ""query_seed"": 20501623, ""waypoint_count"": 6, ""bottleneck_count"": 6}"
extreme_s04_q0091,md_dqn,Extreme,d20_inf,False,False,0.4501523859798908,285,1.8750000000000024,26.605204605904994,,6,0.5335244914546788,0.07485448419451068,0,0,0,0,False,,,,md_dqn_not_reached,"{""profile_name"": ""extreme_d04"", ""map_seed"": 20500622, ""query_seed"": 20501623, ""md_dqn_source_dir"": ""/home/ubuntu/DQN10/2_experiment"", ""md_dqn_checkpoint_path"": ""/home/ubuntu/DQN10/2_experiment/ugv_dqn/outputs/2026-05-12_train_load_external_demo_smoke/models/realmap_a/mlp-dqn.pt"", ""md_dqn_algo"": ""mlp-dqn"", ""md_dqn_device"": ""cpu"", ""md_dqn_max_steps"": 600, ""md_dqn_rollout_steps"": 285, ""md_dqn_reached"": false}"
extreme_s04_q0092,vanilla_ha,Extreme,d08_12,True,True,0.6895925998687744,649,8.59623517614656,,,0,0.32615145134857765,0.2173902506485027,0,0,0,0,False,,,,,"{""profile_name"": ""extreme_d05"", ""map_seed"": 20500622, ""query_seed"": 20501624, ""evaluation_path_source"": ""trace_poses"", ""planner_path_pose_count"": 23, ""evaluation_path_pose_count"": 89}"
extreme_s04_q0092,f_n3p_knn,Extreme,d08_12,True,True,0.019246825017035007,0,8.48177987149937,8.59623517614656,-0.01331458508310579,2,0.17022216101241724,0.09240647710877059,0,0,0,0,False,2,2,1.0,,"{""profile_name"": ""extreme_d05"", ""map_seed"": 20500622, ""query_seed"": 20501624}"
extreme_s04_q0092,n3p_k1,Extreme,d08_12,True,True,0.017805289942771196,0,8.48177987149937,8.59623517614656,-0.01331458508310579,2,0.17022216101241724,0.09240647710877059,0,0,0,0,False,2,2,1.0,,"{""profile_name"": ""extreme_d05"", ""map_seed"": 20500622, ""query_seed"": 20501624}"
extreme_s04_q0092,voronoi_waypoint,Extreme,d08_12,True,True,0.33098643203265965,2,9.249651791502533,8.59623517614656,0.07601195197277977,0,0.3975478287352697,0.3281599922386831,0,0,0,0,False,,,,,"{""profile_name"": ""extreme_d05"", ""map_seed"": 20500622, ""query_seed"": 20501624, ""waypoint_count"": 1}"
extreme_s04_q0092,bottleneck_waypoint,Extreme,d08_12,True,True,0.49348611012101173,245,8.941878612355376,8.59623517614656,0.040208699404587156,0,0.4146375788795644,0.09326192246971265,0,0,0,0,False,,,,,"{""profile_name"": ""extreme_d05"", ""map_seed"": 20500622, ""query_seed"": 20501624, ""waypoint_count"": 1, ""bottleneck_count"": 1}"
extreme_s04_q0092,md_dqn,Extreme,d08_12,False,False,0.1643503881059587,600,1.1249999999999978,8.59623517614656,,0,0.8286550898948915,0.25011913790870444,0,0,0,0,False,,,,md_dqn_not_reached,"{""profile_name"": ""extreme_d05"", ""map_seed"": 20500622, ""query_seed"": 20501624, ""md_dqn_source_dir"": ""/home/ubuntu/DQN10/2_experiment"", ""md_dqn_checkpoint_path"": ""/home/ubuntu/DQN10/2_experiment/ugv_dqn/outputs/2026-05-12_train_load_external_demo_smoke/models/realmap_a/mlp-dqn.pt"", ""md_dqn_algo"": ""mlp-dqn"", ""md_dqn_device"": ""cpu"", ""md_dqn_max_steps"": 600, ""md_dqn_rollout_steps"": 600, ""md_dqn_reached"": false}"
extreme_s04_q0093,vanilla_ha,Extreme,d12_16,True,True,0.15163230895996094,9,14.817302159200938,,,0,0.13848055846920945,0.393783292667679,0,0,0,0,False,,,,,"{""profile_name"": ""extreme_d06"", ""map_seed"": 20500622, ""query_seed"": 20501625, ""evaluation_path_source"": ""trace_poses"", ""planner_path_pose_count"": 11, ""evaluation_path_pose_count"": 150}"
extreme_s04_q0093,f_n3p_knn,Extreme,d12_16,True,True,0.01154150697402656,0,14.66132040949213,14.817302159200938,-0.010527000666713748,0,0.06814315732755737,0.07743928949961276,0,3,0,0,True,0,1,0.0,,"{""profile_name"": ""extreme_d06"", ""map_seed"": 20500622, ""query_seed"": 20501625}"
extreme_s04_q0093,n3p_k1,Extreme,d12_16,True,True,0.16005359799601138,7,14.743674968507513,14.817302159200938,-0.004969001097659742,0,0.171676234667535,0.25220619331858163,0,0,1,0,True,0,0,,,"{""profile_name"": ""extreme_d06"", ""map_seed"": 20500622, ""query_seed"": 20501625}"
extreme_s04_q0093,voronoi_waypoint,Extreme,d12_16,True,True,0.4836306539364159,12,14.68376105217029,14.817302159200938,-0.009012511562216163,0,0.19641421675462825,0.1832908781860383,0,0,0,0,False,,,,,"{""profile_name"": ""extreme_d06"", ""map_seed"": 20500622, ""query_seed"": 20501625, ""waypoint_count"": 2}"
extreme_s04_q0093,bottleneck_waypoint,Extreme,d12_16,True,True,0.6208525979891419,4,14.956154138393464,14.817302159200938,0.009370935255329504,0,0.2594218008470471,0.3093467980443194,0,0,0,0,False,,,,,"{""profile_name"": ""extreme_d06"", ""map_seed"": 20500622, ""query_seed"": 20501625, ""waypoint_count"": 3, ""bottleneck_count"": 3}"
extreme_s04_q0093,md_dqn,Extreme,d12_16,False,False,0.3092073167208582,564,1.1043750000003236,14.817302159200938,,1,0.036923707909930374,0.4285320765703513,0,0,0,0,False,,,,md_dqn_not_reached,"{""profile_name"": ""extreme_d06"", ""map_seed"": 20500622, ""query_seed"": 20501625, ""md_dqn_source_dir"": ""/home/ubuntu/DQN10/2_experiment"", ""md_dqn_checkpoint_path"": ""/home/ubuntu/DQN10/2_experiment/ugv_dqn/outputs/2026-05-12_train_load_external_demo_smoke/models/realmap_a/mlp-dqn.pt"", ""md_dqn_algo"": ""mlp-dqn"", ""md_dqn_device"": ""cpu"", ""md_dqn_max_steps"": 600, ""md_dqn_rollout_steps"": 564, ""md_dqn_reached"": false}"
extreme_s04_q0094,vanilla_ha,Extreme,d16_20,True,True,1.4240081310272217,2153,18.479761573911635,,,0,0.10138911767615631,0.150835795894657,0,0,0,0,False,,,,,"{""profile_name"": ""extreme_d07"", ""map_seed"": 20500622, ""query_seed"": 20501626, ""evaluation_path_source"": ""trace_poses"", ""planner_path_pose_count"": 22, ""evaluation_path_pose_count"": 187}"
extreme_s04_q0094,f_n3p_knn,Extreme,d16_20,True,True,0.1771401190198958,15,20.40107693378557,18.479761573911635,0.1039686227654748,4,0.16423420352463303,0.07084460627771194,0,24,1,0,True,0,2,0.0,,"{""profile_name"": ""extreme_d07"", ""map_seed"": 20500622, ""query_seed"": 20501626}"
extreme_s04_q0094,n3p_k1,Extreme,d16_20,True,True,2.293951191008091,3593,18.479761573911635,18.479761573911635,0.0,0,0.10138911767615631,0.150835795894657,0,0,1,1,True,0,0,,,"{""profile_name"": ""extreme_d07"", ""map_seed"": 20500622, ""query_seed"": 20501626}"
extreme_s04_q0094,voronoi_waypoint,Extreme,d16_20,True,True,0.6216482468880713,7,18.821261502061237,18.479761573911635,0.018479671763282246,0,0.14629931418610811,0.09131579741151152,0,0,0,0,False,,,,,"{""profile_name"": ""extreme_d07"", ""map_seed"": 20500622, ""query_seed"": 20501626, ""waypoint_count"": 3}"
extreme_s04_q0094,bottleneck_waypoint,Extreme,d16_20,True,True,0.6211802761536092,4,18.771161715188143,18.479761573911635,0.01576860935737856,0,0.17655708157737016,0.23455325862824694,0,0,0,0,False,,,,,"{""profile_name"": ""extreme_d07"", ""map_seed"": 20500622, ""query_seed"": 20501626, ""waypoint_count"": 3, ""bottleneck_count"": 3}"
extreme_s04_q0094,md_dqn,Extreme,d16_20,False,False,0.4363832192029804,588,2.9943749999994207,18.479761573911635,,1,0.33080269048966204,0.13833556073224573,0,0,0,0,False,,,,md_dqn_not_reached,"{""profile_name"": ""extreme_d07"", ""map_seed"": 20500622, ""query_seed"": 20501626, ""md_dqn_source_dir"": ""/home/ubuntu/DQN10/2_experiment"", ""md_dqn_checkpoint_path"": ""/home/ubuntu/DQN10/2_experiment/ugv_dqn/outputs/2026-05-12_train_load_external_demo_smoke/models/realmap_a/mlp-dqn.pt"", ""md_dqn_algo"": ""mlp-dqn"", ""md_dqn_device"": ""cpu"", ""md_dqn_max_steps"": 600, ""md_dqn_rollout_steps"": 588, ""md_dqn_reached"": false}"
extreme_s04_q0095,vanilla_ha,Extreme,d20_inf,True,True,0.20311951637268066,145,25.455020617997718,,,0,0.13375938682050068,0.08758889588330065,0,0,0,0,False,,,,,"{""profile_name"": ""extreme_d03"", ""map_seed"": 20500623, ""query_seed"": 20501623, ""evaluation_path_source"": ""trace_poses"", ""planner_path_pose_count"": 35, ""evaluation_path_pose_count"": 257}"
extreme_s04_q0095,f_n3p_knn,Extreme,d20_inf,True,True,0.022802704013884068,0,25.235367536198073,25.455020617997718,-0.008629067133591017,0,0.033437921735864184,0.12177782243540858,0,15,0,0,True,1,2,0.5,,"{""profile_name"": ""extreme_d03"", ""map_seed"": 20500623, ""query_seed"": 20501623}"
extreme_s04_q0095,n3p_k1,Extreme,d20_inf,True,True,0.18605571705847979,36,25.2218766682641,25.455020617997718,-0.009159055623344403,0,0.07652490816021258,0.1465618608897552,0,0,1,0,True,1,1,1.0,,"{""profile_name"": ""extreme_d03"", ""map_seed"": 20500623, ""query_seed"": 20501623}"
extreme_s04_q0095,voronoi_waypoint,Extreme,d20_inf,True,True,0.9094020810443908,6,28.831336311862373,25.455020617997718,0.13263849770671432,2,0.24224078769456833,0.38121672269275664,0,0,0,0,False,,,,,"{""profile_name"": ""extreme_d03"", ""map_seed"": 20500623, ""query_seed"": 20501623, ""waypoint_count"": 5}"
extreme_s04_q0095,bottleneck_waypoint,Extreme,d20_inf,True,True,0.773014236940071,5,27.378358099924306,25.455020617997718,0.0755582763333813,0,0.15947890407512522,0.45090188231820716,0,0,0,0,False,,,,,"{""profile_name"": ""extreme_d03"", ""map_seed"": 20500623, ""query_seed"": 20501623, ""waypoint_count"": 4, ""bottleneck_count"": 4}"
extreme_s04_q0095,md_dqn,Extreme,d20_inf,False,False,0.16658772970549762,600,1.1250000000001859,25.455020617997718,,0,0.0,1.3372837368778794,0,0,0,0,False,,,,md_dqn_not_reached,"{""profile_name"": ""extreme_d03"", ""map_seed"": 20500623, ""query_seed"": 20501623, ""md_dqn_source_dir"": ""/home/ubuntu/DQN10/2_experiment"", ""md_dqn_checkpoint_path"": ""/home/ubuntu/DQN10/2_experiment/ugv_dqn/outputs/2026-05-12_train_load_external_demo_smoke/models/realmap_a/mlp-dqn.pt"", ""md_dqn_algo"": ""mlp-dqn"", ""md_dqn_device"": ""cpu"", ""md_dqn_max_steps"": 600, ""md_dqn_rollout_steps"": 600, ""md_dqn_reached"": false}"
extreme_s04_q0096,vanilla_ha,Extreme,d08_12,True,True,0.5379483699798584,613,9.275070373430044,,,0,0.3184037155817614,0.06234437124077097,0,0,0,0,False,,,,,"{""profile_name"": ""extreme_d04"", ""map_seed"": 20500623, ""query_seed"": 20501624, ""evaluation_path_source"": ""trace_poses"", ""planner_path_pose_count"": 20, ""evaluation_path_pose_count"": 95}"
extreme_s04_q0096,f_n3p_knn,Extreme,d08_12,True,True,0.18799495417624712,9,11.998887214145162,9.275070373430044,0.2936707465334103,6,0.42199998718339243,0.07521286559096885,0,22,1,0,True,2,3,0.6666666666666666,,"{""profile_name"": ""extreme_d04"", ""map_seed"": 20500623, ""query_seed"": 20501624}"
extreme_s04_q0096,n3p_k1,Extreme,d08_12,True,True,0.3221835021395236,10,10.493913862020129,9.275070373430044,0.131410699813304,7,0.35191922328912056,0.0726958065025789,0,0,2,0,True,2,2,1.0,,"{""profile_name"": ""extreme_d04"", ""map_seed"": 20500623, ""query_seed"": 20501624}"
extreme_s04_q0096,voronoi_waypoint,Extreme,d08_12,True,True,0.35898446501232684,32,9.999453708654677,9.275070373430044,0.0781000365560296,0,0.31393611619357537,0.0645492810326933,0,0,0,0,False,,,,,"{""profile_name"": ""extreme_d04"", ""map_seed"": 20500623, ""query_seed"": 20501624, ""waypoint_count"": 1}"
extreme_s04_q0096,bottleneck_waypoint,Extreme,d08_12,True,True,0.47289766394533217,3,10.121197271954163,9.275070373430044,0.09122592761646175,2,0.42354057925547584,0.06296938791913143,0,0,0,0,False,,,,,"{""profile_name"": ""extreme_d04"", ""map_seed"": 20500623, ""query_seed"": 20501624, ""waypoint_count"": 2, ""bottleneck_count"": 2}"
extreme_s04_q0096,md_dqn,Extreme,d08_12,False,False,0.22554722614586353,208,11.659999999999991,9.275070373430044,,1,0.3822912853273667,0.10124300424694976,0,0,0,0,False,,,,md_dqn_not_reached,"{""profile_name"": ""extreme_d04"", ""map_seed"": 20500623, ""query_seed"": 20501624, ""md_dqn_source_dir"": ""/home/ubuntu/DQN10/2_experiment"", ""md_dqn_checkpoint_path"": ""/home/ubuntu/DQN10/2_experiment/ugv_dqn/outputs/2026-05-12_train_load_external_demo_smoke/models/realmap_a/mlp-dqn.pt"", ""md_dqn_algo"": ""mlp-dqn"", ""md_dqn_device"": ""cpu"", ""md_dqn_max_steps"": 600, ""md_dqn_rollout_steps"": 208, ""md_dqn_reached"": false}"
extreme_s04_q0097,vanilla_ha,Extreme,d12_16,True,True,1.4038033485412598,1553,12.494206373433853,,,0,0.14889383898528435,0.08768388040092434,0,0,0,0,False,,,,,"{""profile_name"": ""extreme_d05"", ""map_seed"": 20500623, ""query_seed"": 20501625, ""evaluation_path_source"": ""trace_poses"", ""planner_path_pose_count"": 36, ""evaluation_path_pose_count"": 128}"
extreme_s04_q0097,f_n3p_knn,Extreme,d12_16,True,True,0.1847321370150894,5,29.366494556635402,12.494206373433853,1.3504089558722763,3,0.2882639532144112,0.08284099041451187,0,43,1,0,True,1,6,0.16666666666666666,,"{""profile_name"": ""extreme_d05"", ""map_seed"": 20500623, ""query_seed"": 20501625}"
extreme_s04_q0097,n3p_k1,Extreme,d12_16,True,True,0.32477356889285147,32,13.801645929983067,12.494206373433853,0.10464366582972362,3,0.3478193453494677,0.066488744138537,0,0,2,0,True,0,0,,,"{""profile_name"": ""extreme_d05"", ""map_seed"": 20500623, ""query_seed"": 20501625}"
extreme_s04_q0097,voronoi_waypoint,Extreme,d12_16,True,True,0.48574018687941134,15,13.413389745686533,12.494206373433853,0.07356876817779479,0,0.3090277652345132,0.0769537662208204,0,0,0,0,False,,,,,"{""profile_name"": ""extreme_d05"", ""map_seed"": 20500623, ""query_seed"": 20501625, ""waypoint_count"": 2}"
extreme_s04_q0097,bottleneck_waypoint,Extreme,d12_16,True,True,0.4834516439586878,12,12.818321830526415,12.494206373433853,0.025941260085292184,0,0.28780992918453535,0.06759717008297961,0,0,0,0,False,,,,,"{""profile_name"": ""extreme_d05"", ""map_seed"": 20500623, ""query_seed"": 20501625, ""waypoint_count"": 2, ""bottleneck_count"": 2}"
extreme_s04_q0097,md_dqn,Extreme,d12_16,False,False,0.3007198655977845,392,24.159374999999976,12.494206373433853,,1,0.26105450370947925,0.08235935665025129,0,0,0,0,False,,,,md_dqn_not_reached,"{""profile_name"": ""extreme_d05"", ""map_seed"": 20500623, ""query_seed"": 20501625, ""md_dqn_source_dir"": ""/home/ubuntu/DQN10/2_experiment"", ""md_dqn_checkpoint_path"": ""/home/ubuntu/DQN10/2_experiment/ugv_dqn/outputs/2026-05-12_train_load_external_demo_smoke/models/realmap_a/mlp-dqn.pt"", ""md_dqn_algo"": ""mlp-dqn"", ""md_dqn_device"": ""cpu"", ""md_dqn_max_steps"": 600, ""md_dqn_rollout_steps"": 392, ""md_dqn_reached"": false}"
extreme_s04_q0098,vanilla_ha,Extreme,d16_20,True,True,2.35547137260437,2770,18.6461168683283,,,0,0.14518455633447674,0.07824515214492545,0,0,0,0,False,,,,,"{""profile_name"": ""extreme_d06"", ""map_seed"": 20500623, ""query_seed"": 20501626, ""evaluation_path_source"": ""trace_poses"", ""planner_path_pose_count"": 53, ""evaluation_path_pose_count"": 189}"
extreme_s04_q0098,f_n3p_knn,Extreme,d16_20,True,True,0.021134371170774102,0,18.897625342245043,18.6461168683283,0.01348851751240221,0,0.07529282687804656,0.12615748002318372,0,1,0,0,True,1,2,0.5,,"{""profile_name"": ""extreme_d06"", ""map_seed"": 20500623, ""query_seed"": 20501626}"
extreme_s04_q0098,n3p_k1,Extreme,d16_20,True,True,0.17832738906145096,5,19.307998961456885,18.6461168683283,0.035497047337123444,0,0.13863838512430857,0.12703584926351918,0,0,1,0,True,2,2,1.0,,"{""profile_name"": ""extreme_d06"", ""map_seed"": 20500623, ""query_seed"": 20501626}"
extreme_s04_q0098,voronoi_waypoint,Extreme,d16_20,True,True,0.6248844210058451,4,19.65838408805521,18.6461168683283,0.05428836614482013,0,0.18731522590099095,0.6721330228746905,0,0,0,0,False,,,,,"{""profile_name"": ""extreme_d06"", ""map_seed"": 20500623, ""query_seed"": 20501626, ""waypoint_count"": 3}"
extreme_s04_q0098,bottleneck_waypoint,Extreme,d16_20,True,True,0.4849505459424108,3,19.177701712882754,18.6461168683283,0.02850914473551258,0,0.1811946117940561,0.8703532918499965,0,0,0,0,False,,,,,"{""profile_name"": ""extreme_d06"", ""map_seed"": 20500623, ""query_seed"": 20501626, ""waypoint_count"": 2, ""bottleneck_count"": 2}"
extreme_s04_q0098,md_dqn,Extreme,d16_20,False,False,0.16671207663603127,600,1.1250000000000102,18.6461168683283,,0,0.6009522240624836,0.9884225457122722,0,0,0,0,False,,,,md_dqn_not_reached,"{""profile_name"": ""extreme_d06"", ""map_seed"": 20500623, ""query_seed"": 20501626, ""md_dqn_source_dir"": ""/home/ubuntu/DQN10/2_experiment"", ""md_dqn_checkpoint_path"": ""/home/ubuntu/DQN10/2_experiment/ugv_dqn/outputs/2026-05-12_train_load_external_demo_smoke/models/realmap_a/mlp-dqn.pt"", ""md_dqn_algo"": ""mlp-dqn"", ""md_dqn_device"": ""cpu"", ""md_dqn_max_steps"": 600, ""md_dqn_rollout_steps"": 600, ""md_dqn_reached"": false}"
extreme_s04_q0099,vanilla_ha,Extreme,d20_inf,False,False,2.500242233276367,5977,,,,0,,,0,0,0,0,False,,,,timeout,"{""profile_name"": ""extreme_d07"", ""map_seed"": 20500623, ""query_seed"": 20501627, ""evaluation_path_source"": ""planner_path"", ""planner_path_pose_count"": 0, ""evaluation_path_pose_count"": 0}"
extreme_s04_q0099,f_n3p_knn,Extreme,d20_inf,True,True,1.0231128190644085,1605,24.08316397591249,,,0,0.1877588074447035,0.08329986614394824,0,21,1,0,True,0,1,0.0,,"{""profile_name"": ""extreme_d07"", ""map_seed"": 20500623, ""query_seed"": 20501627}"
extreme_s04_q0099,n3p_k1,Extreme,d20_inf,True,True,0.3944894289597869,100,23.403115392148784,,,0,0.13645949454525635,0.07356873903176775,0,0,2,0,True,0,0,,,"{""profile_name"": ""extreme_d07"", ""map_seed"": 20500623, ""query_seed"": 20501627}"
extreme_s04_q0099,voronoi_waypoint,Extreme,d20_inf,True,True,0.7689927201718092,5,25.570380491616664,,,0,0.2294206600609833,0.25489300903728074,0,0,0,0,False,,,,,"{""profile_name"": ""extreme_d07"", ""map_seed"": 20500623, ""query_seed"": 20501627, ""waypoint_count"": 4}"
extreme_s04_q0099,bottleneck_waypoint,Extreme,d20_inf,True,True,0.769312018994242,5,25.295488454107545,,,0,0.25858510111659433,0.33597488828782374,0,0,0,0,False,,,,,"{""profile_name"": ""extreme_d07"", ""map_seed"": 20500623, ""query_seed"": 20501627, ""waypoint_count"": 4, ""bottleneck_count"": 4}"
extreme_s04_q0099,md_dqn,Extreme,d20_inf,False,False,0.18768482189625502,600,14.323124999999957,,,0,0.19770797725105058,0.10547876815545199,0,0,0,0,False,,,,md_dqn_not_reached,"{""profile_name"": ""extreme_d07"", ""map_seed"": 20500623, ""query_seed"": 20501627, ""md_dqn_source_dir"": ""/home/ubuntu/DQN10/2_experiment"", ""md_dqn_checkpoint_path"": ""/home/ubuntu/DQN10/2_experiment/ugv_dqn/outputs/2026-05-12_train_load_external_demo_smoke/models/realmap_a/mlp-dqn.pt"", ""md_dqn_algo"": ""mlp-dqn"", ""md_dqn_device"": ""cpu"", ""md_dqn_max_steps"": 600, ""md_dqn_rollout_steps"": 600, ""md_dqn_reached"": false}"
