map_id,profile_name,difficulty_bucket,map_seed,generated,generation_time_s,trunk_count,trunk_gap_m,trunk_gap_jitter,obstacle_ratio,failure_reason
0,easy_d00,Easy,20360620,True,3.675272649154067,40,1.35,0.2,0.010911111111111111,
1,easy_d01,Easy,20360621,True,1.7003097289707512,55,1.25,0.2,0.011911111111111112,
2,easy_d00,Easy,20360622,True,0.849816138856113,40,1.35,0.2,0.008755555555555556,
3,easy_d01,Easy,20360623,True,2.2460477598942816,55,1.25,0.2,0.012066666666666667,
4,easy_d00,Easy,20360624,True,0.6281897199805826,40,1.35,0.2,0.009633333333333334,
5,easy_d01,Easy,20360625,True,0.6831641560420394,55,1.25,0.2,0.012544444444444445,
6,easy_d00,Easy,20360626,True,0.738891877932474,40,1.35,0.2,0.0093,
7,easy_d01,Easy,20360627,True,3.074517233064398,55,1.25,0.2,0.012844444444444445,
8,easy_d00,Easy,20360628,True,1.6420101230032742,40,1.35,0.2,0.009744444444444444,
9,easy_d01,Easy,20360629,True,3.3365591228939593,55,1.25,0.2,0.014033333333333333,
10,easy_d00,Easy,20360630,True,2.053811033954844,40,1.35,0.2,0.008444444444444444,
11,easy_d01,Easy,20360631,True,1.2591126929037273,55,1.25,0.2,0.0137,
12,easy_d00,Easy,20360632,True,1.1139955730177462,40,1.35,0.2,0.009411111111111111,
13,easy_d01,Easy,20360633,True,3.978719806065783,55,1.25,0.2,0.012744444444444444,
14,easy_d00,Easy,20360634,True,0.7174732701387256,40,1.35,0.2,0.0077666666666666665,
15,easy_d01,Easy,20360635,True,2.1789823139552027,55,1.25,0.2,0.010944444444444444,
16,easy_d00,Easy,20360636,True,0.8149141429457814,40,1.35,0.2,0.009222222222222222,
17,easy_d01,Easy,20360637,True,1.6311148658860475,55,1.25,0.2,0.013022222222222221,
18,easy_d00,Easy,20360638,True,3.244234454119578,40,1.35,0.2,0.008166666666666666,
19,easy_d01,Easy,20360639,True,1.3483906830660999,55,1.25,0.2,0.0132,
20,easy_d00,Easy,20360640,True,1.3893401820678264,40,1.35,0.2,0.009033333333333334,
21,easy_d01,Easy,20360641,True,1.4154133070260286,55,1.25,0.2,0.012311111111111111,
22,easy_d00,Easy,20360642,True,2.7527512221131474,40,1.35,0.2,0.00981111111111111,
23,easy_d01,Easy,20360643,True,7.531937931198627,55,1.25,0.2,0.011566666666666666,
24,easy_d00,Easy,20360644,True,3.996344510000199,40,1.35,0.2,0.009133333333333334,
25,easy_d01,Easy,20360645,True,2.851245525991544,55,1.25,0.2,0.01338888888888889,
26,easy_d00,Easy,20360646,True,1.610319257946685,40,1.35,0.2,0.00841111111111111,
27,easy_d01,Easy,20360647,True,2.153079890878871,55,1.25,0.2,0.0134,
28,easy_d00,Easy,20360648,True,0.6716551978606731,40,1.35,0.2,0.008533333333333334,
29,easy_d01,Easy,20360649,True,2.865301883080974,55,1.25,0.2,0.011722222222222222,
30,easy_d00,Easy,20360650,True,2.1060711829923093,40,1.35,0.2,0.009677777777777778,
31,easy_d01,Easy,20360651,True,8.61819349299185,55,1.25,0.2,0.012211111111111112,
32,easy_d00,Easy,20360652,True,2.402312373975292,40,1.35,0.2,0.010344444444444444,
33,easy_d01,Easy,20360653,True,3.5344701008871198,55,1.25,0.2,0.012888888888888889,
34,easy_d00,Easy,20360654,True,1.4864454639609903,40,1.35,0.2,0.008955555555555555,
35,easy_d01,Easy,20360655,True,0.8162307080347091,55,1.25,0.2,0.013,
36,easy_d00,Easy,20360656,True,1.132189498981461,40,1.35,0.2,0.009344444444444445,
37,easy_d01,Easy,20360657,True,2.1778653720393777,55,1.25,0.2,0.012722222222222222,
38,easy_d00,Easy,20360658,True,2.302719491068274,40,1.35,0.2,0.009266666666666666,
39,easy_d01,Easy,20360659,True,0.6682129839900881,55,1.25,0.2,0.012011111111111111,
40,easy_d00,Easy,20360660,True,2.9273569299839437,40,1.35,0.2,0.008833333333333334,
41,easy_d01,Easy,20360661,True,2.2507832758128643,55,1.25,0.2,0.012544444444444445,
42,easy_d00,Easy,20360662,True,1.0021235030144453,40,1.35,0.2,0.0085,
43,easy_d01,Easy,20360663,True,4.366833936190233,55,1.25,0.2,0.0109,
44,easy_d00,Easy,20360664,True,6.849065565038472,40,1.35,0.2,0.011033333333333332,
45,easy_d01,Easy,20360665,True,0.6661826388444752,55,1.25,0.2,0.012433333333333333,
46,easy_d00,Easy,20360666,True,9.489556309068576,40,1.35,0.2,0.0096,
47,easy_d01,Easy,20360667,True,10.353113536955789,55,1.25,0.2,0.012366666666666666,
48,easy_d00,Easy,20360668,True,3.2417791101615876,40,1.35,0.2,0.009355555555555556,
49,easy_d01,Easy,20360669,True,3.7136484468355775,55,1.25,0.2,0.013411111111111111,
50,easy_d00,Easy,20360670,True,0.7966172040905803,40,1.35,0.2,0.010055555555555555,
51,easy_d01,Easy,20360671,True,2.1491248121019453,55,1.25,0.2,0.011855555555555555,
52,easy_d00,Easy,20360672,True,0.8724948079325259,40,1.35,0.2,0.009177777777777778,
53,easy_d01,Easy,20360673,True,11.09051855513826,55,1.25,0.2,0.012777777777777779,
54,easy_d00,Easy,20360674,True,1.4084462239407003,40,1.35,0.2,0.008433333333333333,
55,easy_d01,Easy,20360675,True,1.2310992921702564,55,1.25,0.2,0.012277777777777778,
56,easy_d00,Easy,20360676,True,1.3098153811879456,40,1.35,0.2,0.008444444444444444,
57,easy_d01,Easy,20360677,True,7.887293806998059,55,1.25,0.2,0.012388888888888889,
58,easy_d00,Easy,20360678,True,1.3472059110645205,40,1.35,0.2,0.010011111111111111,
59,easy_d01,Easy,20360679,True,0.9784502820111811,55,1.25,0.2,0.012988888888888888,
60,easy_d00,Easy,20360680,True,2.4852278511971235,40,1.35,0.2,0.010011111111111111,
61,easy_d01,Easy,20360681,True,2.2762413669843227,55,1.25,0.2,0.011955555555555556,
62,easy_d00,Easy,20360682,True,1.0892261220142245,40,1.35,0.2,0.008766666666666667,
63,easy_d01,Easy,20360683,True,2.6463938190136105,55,1.25,0.2,0.011922222222222223,
64,easy_d00,Easy,20360684,True,2.5395159339532256,40,1.35,0.2,0.009344444444444445,
65,easy_d01,Easy,20360685,True,5.724272299092263,55,1.25,0.2,0.012966666666666666,
66,easy_d00,Easy,20360686,True,0.8715298040769994,40,1.35,0.2,0.010622222222222222,
67,easy_d01,Easy,20360687,True,0.8783332998864353,55,1.25,0.2,0.012455555555555555,
68,easy_d00,Easy,20360688,True,1.279208776075393,40,1.35,0.2,0.008366666666666666,
69,easy_d01,Easy,20360689,True,0.9806148060597479,55,1.25,0.2,0.012755555555555555,
70,easy_d00,Easy,20360690,True,2.822744958102703,40,1.35,0.2,0.008866666666666667,
71,easy_d01,Easy,20360691,True,0.9853388681076467,55,1.25,0.2,0.010733333333333333,
72,easy_d00,Easy,20360692,True,3.3320423599798232,40,1.35,0.2,0.009855555555555555,
73,easy_d01,Easy,20360693,True,3.9034584250766784,55,1.25,0.2,0.012355555555555555,
74,easy_d00,Easy,20360694,True,4.980779709061608,40,1.35,0.2,0.008833333333333334,
75,easy_d01,Easy,20360695,True,0.5973956610541791,55,1.25,0.2,0.013033333333333333,
76,easy_d00,Easy,20360696,True,1.4474797011353076,40,1.35,0.2,0.0094,
77,easy_d01,Easy,20360697,True,6.26529241586104,55,1.25,0.2,0.012444444444444444,
78,easy_d00,Easy,20360698,True,2.9606343400664628,40,1.35,0.2,0.008633333333333333,
79,easy_d01,Easy,20360699,True,0.8094595840666443,55,1.25,0.2,0.012588888888888889,
80,easy_d00,Easy,20360700,True,1.0030384049750865,40,1.35,0.2,0.010155555555555555,
81,easy_d01,Easy,20360701,True,1.2042414851021022,55,1.25,0.2,0.0116,
82,easy_d00,Easy,20360702,True,1.674637129995972,40,1.35,0.2,0.010244444444444445,
83,easy_d01,Easy,20360703,True,1.5278823068365455,55,1.25,0.2,0.011844444444444444,
84,easy_d00,Easy,20360704,True,1.0679072830826044,40,1.35,0.2,0.010466666666666668,
85,easy_d01,Easy,20360705,True,0.806619618088007,55,1.25,0.2,0.01198888888888889,
86,easy_d00,Easy,20360706,True,1.0429719500243664,40,1.35,0.2,0.0094,
87,easy_d01,Easy,20360707,True,1.2197487440425903,55,1.25,0.2,0.012766666666666667,
88,easy_d00,Easy,20360708,True,0.8100341451354325,40,1.35,0.2,0.0085,
89,easy_d01,Easy,20360709,True,2.673665011068806,55,1.25,0.2,0.012022222222222222,
90,easy_d00,Easy,20360710,True,0.9461977500468493,40,1.35,0.2,0.009133333333333334,
91,easy_d01,Easy,20360711,True,7.852617203025147,55,1.25,0.2,0.012433333333333333,
92,easy_d00,Easy,20360712,True,1.032791743054986,40,1.35,0.2,0.009077777777777778,
93,easy_d01,Easy,20360713,True,1.8608783360105008,55,1.25,0.2,0.0119,
94,easy_d00,Easy,20360714,True,0.8865727640222758,40,1.35,0.2,0.0087,
95,easy_d01,Easy,20360715,True,2.225857458077371,55,1.25,0.2,0.013111111111111112,
96,easy_d00,Easy,20360716,True,1.7812614268623292,40,1.35,0.2,0.008822222222222223,
97,easy_d01,Easy,20360717,True,6.43931586900726,55,1.25,0.2,0.012944444444444444,
98,easy_d00,Easy,20360718,True,2.4990033130161464,40,1.35,0.2,0.009044444444444445,
99,easy_d01,Easy,20360719,True,31.319838981842622,55,1.25,0.2,0.013933333333333334,
100,easy_d00,Easy,20360720,True,2.4839334988500923,40,1.35,0.2,0.009122222222222223,
101,easy_d01,Easy,20360721,True,1.4613063160795718,55,1.25,0.2,0.012544444444444445,
102,easy_d00,Easy,20360722,True,1.3324051641393453,40,1.35,0.2,0.0089,
103,easy_d01,Easy,20360723,True,4.5883865328505635,55,1.25,0.2,0.012177777777777777,
104,easy_d00,Easy,20360724,True,2.403367480961606,40,1.35,0.2,0.009555555555555555,
105,easy_d01,Easy,20360725,True,0.8277853990439326,55,1.25,0.2,0.013544444444444444,
106,easy_d00,Easy,20360726,True,1.762588809011504,40,1.35,0.2,0.009488888888888889,
107,easy_d01,Easy,20360727,True,1.151382421841845,55,1.25,0.2,0.0126,
108,easy_d00,Easy,20360728,True,1.0238499199040234,40,1.35,0.2,0.009288888888888888,
109,easy_d01,Easy,20360729,True,1.044502167031169,55,1.25,0.2,0.0121,
110,easy_d00,Easy,20360730,True,1.5815093968994915,40,1.35,0.2,0.008233333333333334,
111,easy_d01,Easy,20360731,True,2.836434646975249,55,1.25,0.2,0.012855555555555556,
112,easy_d00,Easy,20360732,True,1.535894697997719,40,1.35,0.2,0.009022222222222221,
113,easy_d01,Easy,20360733,True,1.0976952319033444,55,1.25,0.2,0.01138888888888889,
114,easy_d00,Easy,20360734,True,0.816080256132409,40,1.35,0.2,0.00878888888888889,
115,easy_d01,Easy,20360735,True,6.295028154971078,55,1.25,0.2,0.013288888888888888,
116,easy_d00,Easy,20360736,True,0.9966277692001313,40,1.35,0.2,0.009288888888888888,
117,easy_d01,Easy,20360737,True,3.441487015923485,55,1.25,0.2,0.0113,
118,easy_d00,Easy,20360738,True,0.7995309107936919,40,1.35,0.2,0.010288888888888889,
119,easy_d01,Easy,20360739,True,6.8902156399562955,55,1.25,0.2,0.01271111111111111,
120,easy_d00,Easy,20360740,True,0.8097728709690273,40,1.35,0.2,0.008944444444444444,
121,easy_d01,Easy,20360741,True,3.987120653036982,55,1.25,0.2,0.011466666666666667,
122,easy_d00,Easy,20360742,True,1.6383852490689605,40,1.35,0.2,0.008755555555555556,
123,easy_d01,Easy,20360743,True,2.408732963958755,55,1.25,0.2,0.011944444444444445,
124,easy_d00,Easy,20360744,True,1.171784414211288,40,1.35,0.2,0.00901111111111111,
125,easy_d01,Easy,20360745,True,0.9590744730085135,55,1.25,0.2,0.0123,
126,easy_d00,Easy,20360746,True,0.826077600941062,40,1.35,0.2,0.008611111111111111,
127,easy_d01,Easy,20360747,True,1.0238760879728943,55,1.25,0.2,0.011455555555555556,
128,easy_d00,Easy,20360748,True,1.8337836500722915,40,1.35,0.2,0.008855555555555556,
129,easy_d01,Easy,20360749,True,7.459796619135886,55,1.25,0.2,0.012877777777777778,
130,easy_d00,Easy,20360750,True,2.255654255859554,40,1.35,0.2,0.009033333333333334,
131,easy_d01,Easy,20360751,True,0.8091873410157859,55,1.25,0.2,0.013033333333333333,
132,easy_d00,Easy,20360752,True,4.77071388810873,40,1.35,0.2,0.009633333333333334,
133,easy_d01,Easy,20360753,True,0.9315823970828205,55,1.25,0.2,0.012822222222222223,
134,easy_d00,Easy,20360754,True,0.637816125061363,40,1.35,0.2,0.008877777777777778,
135,easy_d01,Easy,20360755,True,2.496649257838726,55,1.25,0.2,0.012244444444444445,
136,easy_d00,Easy,20360756,True,1.6529648720752448,40,1.35,0.2,0.009033333333333334,
137,easy_d01,Easy,20360757,True,2.490579450968653,55,1.25,0.2,0.012166666666666666,
138,easy_d00,Easy,20360758,True,1.1577476100064814,40,1.35,0.2,0.009711111111111111,
139,easy_d01,Easy,20360759,True,3.0529102981090546,55,1.25,0.2,0.013033333333333333,
140,easy_d00,Easy,20360760,True,1.6441805860958993,40,1.35,0.2,0.008588888888888889,
141,easy_d01,Easy,20360761,True,1.9236641060560942,55,1.25,0.2,0.011755555555555556,
142,easy_d00,Easy,20360762,True,1.0106702169869095,40,1.35,0.2,0.008433333333333333,
143,easy_d01,Easy,20360763,True,1.8856672691181302,55,1.25,0.2,0.013277777777777777,
144,easy_d00,Easy,20360764,True,6.4662072190549225,40,1.35,0.2,0.008977777777777777,
145,easy_d01,Easy,20360765,True,1.256160788005218,55,1.25,0.2,0.012466666666666666,
146,easy_d00,Easy,20360766,True,7.943899495061487,40,1.35,0.2,0.009233333333333333,
147,easy_d01,Easy,20360767,True,2.039561262121424,55,1.25,0.2,0.013544444444444444,
148,easy_d00,Easy,20360768,True,0.5348144969902933,40,1.35,0.2,0.008244444444444445,
149,easy_d01,Easy,20360769,True,4.57751566497609,55,1.25,0.2,0.011555555555555555,
150,easy_d00,Easy,20360770,True,0.9374637310393155,40,1.35,0.2,0.008844444444444445,
151,easy_d01,Easy,20360771,True,2.4552739951759577,55,1.25,0.2,0.012455555555555555,
152,easy_d00,Easy,20360772,True,3.5656329239718616,40,1.35,0.2,0.00938888888888889,
153,easy_d01,Easy,20360773,True,1.8727260420564562,55,1.25,0.2,0.013,
154,easy_d00,Easy,20360774,True,0.9639442542102188,40,1.35,0.2,0.009611111111111112,
155,easy_d01,Easy,20360775,True,1.4168440659996122,55,1.25,0.2,0.013133333333333334,
156,easy_d00,Easy,20360776,True,0.7687370548956096,40,1.35,0.2,0.009844444444444444,
157,easy_d01,Easy,20360777,True,3.826507553923875,55,1.25,0.2,0.012233333333333334,
158,easy_d00,Easy,20360778,True,2.1738847820088267,40,1.35,0.2,0.008844444444444445,
159,easy_d01,Easy,20360779,True,4.05857186508365,55,1.25,0.2,0.013833333333333333,
160,easy_d00,Easy,20360780,True,0.377974484115839,40,1.35,0.2,0.009455555555555556,
161,easy_d01,Easy,20360781,True,2.66789962281473,55,1.25,0.2,0.014355555555555555,
162,easy_d00,Easy,20360782,True,2.1215599558781832,40,1.35,0.2,0.009077777777777778,
163,easy_d01,Easy,20360783,True,0.9096019610296935,55,1.25,0.2,0.012077777777777778,
164,easy_d00,Easy,20360784,True,18.506131888134405,40,1.35,0.2,0.009777777777777778,
165,easy_d01,Easy,20360785,True,2.589680155972019,55,1.25,0.2,0.011955555555555556,
166,easy_d00,Easy,20360786,True,1.248552133096382,40,1.35,0.2,0.009188888888888889,
167,easy_d01,Easy,20360787,True,5.373962625861168,55,1.25,0.2,0.0125,
168,easy_d00,Easy,20360788,True,0.7227578740566969,40,1.35,0.2,0.008088888888888889,
169,easy_d01,Easy,20360789,True,1.6518991070333868,55,1.25,0.2,0.011777777777777778,
170,easy_d00,Easy,20360790,True,2.2113778919447213,40,1.35,0.2,0.009277777777777777,
171,easy_d01,Easy,20360791,True,4.534581590909511,55,1.25,0.2,0.011422222222222222,
172,easy_d00,Easy,20360792,True,4.535869752988219,40,1.35,0.2,0.010055555555555555,
173,easy_d01,Easy,20360793,True,0.8363415871281177,55,1.25,0.2,0.0114,
174,easy_d00,Easy,20360794,True,1.363621551077813,40,1.35,0.2,0.008144444444444444,
175,easy_d01,Easy,20360795,True,2.4971003939863294,55,1.25,0.2,0.012688888888888888,
176,easy_d00,Easy,20360796,True,1.5390543120447546,40,1.35,0.2,0.008744444444444445,
177,easy_d01,Easy,20360797,True,10.757357506081462,55,1.25,0.2,0.011977777777777778,
178,easy_d00,Easy,20360798,True,0.7627467950806022,40,1.35,0.2,0.008977777777777777,
179,easy_d01,Easy,20360799,True,1.7958182089496404,55,1.25,0.2,0.011533333333333333,
180,easy_d00,Easy,20360800,True,0.45537951006554067,40,1.35,0.2,0.009966666666666667,
181,easy_d01,Easy,20360801,True,2.8559797420166433,55,1.25,0.2,0.012644444444444444,
182,easy_d00,Easy,20360802,True,1.4855044491123408,40,1.35,0.2,0.009588888888888888,
183,easy_d01,Easy,20360803,True,0.7460893399547786,55,1.25,0.2,0.01161111111111111,
184,easy_d00,Easy,20360804,True,1.0636548697948456,40,1.35,0.2,0.009844444444444444,
185,easy_d01,Easy,20360805,True,1.8223096050787717,55,1.25,0.2,0.012466666666666666,
186,easy_d00,Easy,20360806,True,1.753618277842179,40,1.35,0.2,0.008677777777777777,
187,easy_d01,Easy,20360807,True,4.8749627659562975,55,1.25,0.2,0.012022222222222222,
188,easy_d00,Easy,20360808,True,3.1394358058460057,40,1.35,0.2,0.009466666666666667,
189,easy_d01,Easy,20360809,True,1.978905197000131,55,1.25,0.2,0.012266666666666667,
190,easy_d00,Easy,20360810,True,0.8024019249714911,40,1.35,0.2,0.0089,
191,easy_d01,Easy,20360811,True,1.2855483051389456,55,1.25,0.2,0.011822222222222222,
192,easy_d00,Easy,20360812,True,4.98167649214156,40,1.35,0.2,0.0086,
193,easy_d01,Easy,20360813,True,2.2923722099512815,55,1.25,0.2,0.012966666666666666,
194,easy_d00,Easy,20360814,True,0.9942910980898887,40,1.35,0.2,0.009255555555555555,
195,easy_d01,Easy,20360815,True,9.259245961904526,55,1.25,0.2,0.013066666666666667,
196,easy_d00,Easy,20360816,True,1.587225286057219,40,1.35,0.2,0.008988888888888888,
197,easy_d01,Easy,20360817,True,1.525636058067903,55,1.25,0.2,0.012577777777777778,
198,easy_d00,Easy,20360818,True,1.951770168961957,40,1.35,0.2,0.009211111111111111,
199,easy_d01,Easy,20360819,True,0.5522149680182338,55,1.25,0.2,0.013533333333333333,
200,easy_d00,Easy,20360820,True,7.14570532203652,40,1.35,0.2,0.010122222222222222,
201,easy_d01,Easy,20360821,True,0.8057396761141717,55,1.25,0.2,0.012655555555555555,
202,easy_d00,Easy,20360822,True,0.7599132240284234,40,1.35,0.2,0.010055555555555555,
203,easy_d01,Easy,20360823,True,1.5402559768408537,55,1.25,0.2,0.0135,
204,easy_d00,Easy,20360824,True,1.009124657139182,40,1.35,0.2,0.0075,
205,easy_d01,Easy,20360825,True,1.2471343060024083,55,1.25,0.2,0.011755555555555556,
206,easy_d00,Easy,20360826,True,0.8961797060910612,40,1.35,0.2,0.008944444444444444,
207,easy_d01,Easy,20360827,True,5.5664428260643035,55,1.25,0.2,0.013655555555555556,
208,easy_d00,Easy,20360828,True,2.1776219860184938,40,1.35,0.2,0.009433333333333334,
209,easy_d01,Easy,20360829,True,4.104498432017863,55,1.25,0.2,0.0113,
210,easy_d00,Easy,20360830,True,1.1873487629927695,40,1.35,0.2,0.009177777777777778,
211,easy_d01,Easy,20360831,True,0.9566049398854375,55,1.25,0.2,0.011588888888888888,
212,easy_d00,Easy,20360832,True,1.02089534397237,40,1.35,0.2,0.0097,
213,easy_d01,Easy,20360833,True,9.129880310967565,55,1.25,0.2,0.012555555555555556,
214,easy_d00,Easy,20360834,True,0.9126166978385299,40,1.35,0.2,0.008288888888888889,
215,easy_d01,Easy,20360835,True,1.1259015640243888,55,1.25,0.2,0.012288888888888889,
216,easy_d00,Easy,20360836,True,14.295525667956099,40,1.35,0.2,0.008911111111111111,
217,easy_d01,Easy,20360837,True,3.9555037668906152,55,1.25,0.2,0.013255555555555555,
218,easy_d00,Easy,20360838,True,0.5512761240825057,40,1.35,0.2,0.008566666666666667,
219,easy_d01,Easy,20360839,True,1.123805166222155,55,1.25,0.2,0.010422222222222222,
220,easy_d00,Easy,20360840,True,1.9633110498543829,40,1.35,0.2,0.009288888888888888,
221,easy_d01,Easy,20360841,True,2.9837635669391602,55,1.25,0.2,0.012388888888888889,
222,easy_d00,Easy,20360842,True,5.543049494037405,40,1.35,0.2,0.008944444444444444,
223,easy_d01,Easy,20360843,True,1.102930119028315,55,1.25,0.2,0.013466666666666667,
224,easy_d00,Easy,20360844,True,2.097112766932696,40,1.35,0.2,0.008755555555555556,
225,easy_d01,Easy,20360845,True,0.951785481069237,55,1.25,0.2,0.012455555555555555,
226,easy_d00,Easy,20360846,True,6.714234265964478,40,1.35,0.2,0.009677777777777778,
227,easy_d01,Easy,20360847,True,10.539712111931294,55,1.25,0.2,0.012855555555555556,
228,easy_d00,Easy,20360848,True,4.461386750917882,40,1.35,0.2,0.008666666666666666,
229,easy_d01,Easy,20360849,True,12.1658444639761,55,1.25,0.2,0.011366666666666667,
230,easy_d00,Easy,20360850,True,2.008702371036634,40,1.35,0.2,0.008911111111111111,
231,easy_d01,Easy,20360851,True,1.3367306808941066,55,1.25,0.2,0.012555555555555556,
232,easy_d00,Easy,20360852,True,2.506495652953163,40,1.35,0.2,0.008611111111111111,
233,easy_d01,Easy,20360853,True,3.9438285189680755,55,1.25,0.2,0.012733333333333333,
234,easy_d00,Easy,20360854,True,0.7499630048405379,40,1.35,0.2,0.0095,
235,easy_d01,Easy,20360855,True,3.643936106003821,55,1.25,0.2,0.0114,
236,easy_d00,Easy,20360856,True,0.9473444239702076,40,1.35,0.2,0.0102,
237,easy_d01,Easy,20360857,True,1.6423224268946797,55,1.25,0.2,0.0118,
238,easy_d00,Easy,20360858,True,3.392529131146148,40,1.35,0.2,0.009133333333333334,
239,easy_d01,Easy,20360859,True,4.212618050165474,55,1.25,0.2,0.012566666666666667,
240,easy_d00,Easy,20360860,True,0.7828240890521556,40,1.35,0.2,0.008377777777777777,
241,easy_d01,Easy,20360861,True,2.046960058854893,55,1.25,0.2,0.011555555555555555,
242,easy_d00,Easy,20360862,True,1.46002028696239,40,1.35,0.2,0.009455555555555556,
243,easy_d01,Easy,20360863,True,5.71120432112366,55,1.25,0.2,0.0126,
244,easy_d00,Easy,20360864,True,1.2607461970765144,40,1.35,0.2,0.009055555555555556,
245,easy_d01,Easy,20360865,True,0.813970847055316,55,1.25,0.2,0.011344444444444445,
246,easy_d00,Easy,20360866,True,1.1035228290129453,40,1.35,0.2,0.008044444444444444,
247,easy_d01,Easy,20360867,True,5.429884224198759,55,1.25,0.2,0.013522222222222222,
248,easy_d00,Easy,20360868,True,2.955592412967235,40,1.35,0.2,0.0087,
249,easy_d01,Easy,20360869,True,2.1352529139257967,55,1.25,0.2,0.012833333333333334,
250,easy_d00,Easy,20360870,True,0.9088377261068672,40,1.35,0.2,0.008966666666666666,
251,easy_d01,Easy,20360871,True,2.254887752002105,55,1.25,0.2,0.0106,
252,easy_d00,Easy,20360872,True,0.7550308802165091,40,1.35,0.2,0.008366666666666666,
253,easy_d01,Easy,20360873,True,0.9095686729997396,55,1.25,0.2,0.012588888888888889,
254,easy_d00,Easy,20360874,True,1.4831519660074264,40,1.35,0.2,0.01,
255,easy_d01,Easy,20360875,True,1.1599264349788427,55,1.25,0.2,0.012222222222222223,
256,easy_d00,Easy,20360876,True,1.3357705469243228,40,1.35,0.2,0.008644444444444444,
257,easy_d01,Easy,20360877,True,1.2545498758554459,55,1.25,0.2,0.01271111111111111,
258,easy_d00,Easy,20360878,True,1.1732545781414956,40,1.35,0.2,0.008611111111111111,
259,easy_d01,Easy,20360879,True,0.8032059920951724,55,1.25,0.2,0.012566666666666667,
260,easy_d00,Easy,20360880,True,0.7967042129021138,40,1.35,0.2,0.008633333333333333,
261,easy_d01,Easy,20360881,True,3.2148049969691783,55,1.25,0.2,0.012088888888888889,
262,easy_d00,Easy,20360882,True,0.8286115019582212,40,1.35,0.2,0.009433333333333334,
263,easy_d01,Easy,20360883,True,2.004388175904751,55,1.25,0.2,0.013133333333333334,
264,easy_d00,Easy,20360884,True,2.840162825072184,40,1.35,0.2,0.011211111111111111,
265,easy_d01,Easy,20360885,True,1.0607501959893852,55,1.25,0.2,0.0117,
266,easy_d00,Easy,20360886,True,3.18311913497746,40,1.35,0.2,0.008233333333333334,
267,easy_d01,Easy,20360887,True,4.717588104074821,55,1.25,0.2,0.01131111111111111,
268,easy_d00,Easy,20360888,True,2.929624873911962,40,1.35,0.2,0.0089,
269,easy_d01,Easy,20360889,True,3.3501349170692265,55,1.25,0.2,0.012966666666666666,
270,easy_d00,Easy,20360890,True,2.1184811838902533,40,1.35,0.2,0.010366666666666666,
271,easy_d01,Easy,20360891,True,4.233622619882226,55,1.25,0.2,0.0113,
272,easy_d00,Easy,20360892,True,0.7860389868728817,40,1.35,0.2,0.008577777777777778,
273,easy_d01,Easy,20360893,True,5.128735529026017,55,1.25,0.2,0.0126,
274,easy_d00,Easy,20360894,True,1.0273129779379815,40,1.35,0.2,0.009488888888888889,
275,easy_d01,Easy,20360895,True,6.519278104882687,55,1.25,0.2,0.013155555555555556,
276,easy_d00,Easy,20360896,True,1.6978454168420285,40,1.35,0.2,0.008744444444444445,
277,easy_d01,Easy,20360897,True,0.7164643490687013,55,1.25,0.2,0.012477777777777779,
278,easy_d00,Easy,20360898,True,0.9677151089999825,40,1.35,0.2,0.009933333333333334,
279,easy_d01,Easy,20360899,True,2.5289518060162663,55,1.25,0.2,0.010911111111111111,
280,easy_d00,Easy,20360900,True,1.4337168419733644,40,1.35,0.2,0.0098,
281,easy_d01,Easy,20360901,True,4.455811478197575,55,1.25,0.2,0.012355555555555555,
282,easy_d00,Easy,20360902,True,5.520668683107942,40,1.35,0.2,0.008555555555555556,
283,easy_d01,Easy,20360903,True,4.871778019936755,55,1.25,0.2,0.014155555555555555,
284,easy_d00,Easy,20360904,True,1.1698960149660707,40,1.35,0.2,0.008544444444444445,
285,easy_d01,Easy,20360905,True,2.4427848081104457,55,1.25,0.2,0.01271111111111111,
286,easy_d00,Easy,20360906,True,0.6249184990301728,40,1.35,0.2,0.008677777777777777,
287,easy_d01,Easy,20360907,True,0.7376874359324574,55,1.25,0.2,0.012133333333333333,
288,easy_d00,Easy,20360908,True,1.0195546119939536,40,1.35,0.2,0.009222222222222222,
289,easy_d01,Easy,20360909,True,2.898965405067429,55,1.25,0.2,0.013855555555555555,
290,easy_d00,Easy,20360910,True,0.9227186699863523,40,1.35,0.2,0.009355555555555556,
291,easy_d01,Easy,20360911,True,8.401985313976184,55,1.25,0.2,0.011433333333333334,
292,easy_d00,Easy,20360912,True,0.8030676550697535,40,1.35,0.2,0.008644444444444444,
293,easy_d01,Easy,20360913,True,4.440103670116514,55,1.25,0.2,0.012866666666666667,
294,easy_d00,Easy,20360914,True,2.912922475952655,40,1.35,0.2,0.0093,
295,easy_d01,Easy,20360915,True,1.3458588470239192,55,1.25,0.2,0.012266666666666667,
296,easy_d00,Easy,20360916,True,0.8577930580358952,40,1.35,0.2,0.008033333333333333,
297,easy_d01,Easy,20360917,True,16.29100221884437,55,1.25,0.2,0.013022222222222221,
298,easy_d00,Easy,20360918,True,12.702351203886792,40,1.35,0.2,0.00878888888888889,
299,easy_d01,Easy,20360919,True,0.927619633032009,55,1.25,0.2,0.012677777777777777,
300,easy_d00,Easy,20360920,True,1.548129475908354,40,1.35,0.2,0.00908888888888889,
301,easy_d01,Easy,20360921,True,1.2694319728761911,55,1.25,0.2,0.01278888888888889,
302,easy_d00,Easy,20360922,True,5.800755159929395,40,1.35,0.2,0.008011111111111111,
303,easy_d01,Easy,20360923,True,3.344091596081853,55,1.25,0.2,0.01331111111111111,
304,easy_d00,Easy,20360924,True,0.5583210161421448,40,1.35,0.2,0.009944444444444445,
305,easy_d01,Easy,20360925,True,2.4876635607797652,55,1.25,0.2,0.011344444444444445,
306,easy_d00,Easy,20360926,True,2.600549138151109,40,1.35,0.2,0.008933333333333333,
307,easy_d01,Easy,20360927,True,0.8689085729420185,55,1.25,0.2,0.013288888888888888,
308,easy_d00,Easy,20360928,True,0.8054476659744978,40,1.35,0.2,0.009777777777777778,
309,easy_d01,Easy,20360929,True,3.2995574991218746,55,1.25,0.2,0.011366666666666667,
310,easy_d00,Easy,20360930,True,1.1186872648540884,40,1.35,0.2,0.008866666666666667,
311,easy_d01,Easy,20360931,True,1.7862528499681503,55,1.25,0.2,0.011566666666666666,
312,easy_d00,Easy,20360932,True,14.208537178812549,40,1.35,0.2,0.008277777777777778,
313,easy_d01,Easy,20360933,True,3.4483166232239455,55,1.25,0.2,0.012688888888888888,
314,easy_d00,Easy,20360934,True,1.722620845073834,40,1.35,0.2,0.00931111111111111,
315,easy_d01,Easy,20360935,True,1.3827512641437352,55,1.25,0.2,0.011888888888888888,
316,easy_d00,Easy,20360936,True,0.9855924230068922,40,1.35,0.2,0.009222222222222222,
317,easy_d01,Easy,20360937,True,1.2874830150976777,55,1.25,0.2,0.0132,
318,easy_d00,Easy,20360938,True,0.8064127811230719,40,1.35,0.2,0.008544444444444445,
319,easy_d01,Easy,20360939,True,10.78563900780864,55,1.25,0.2,0.0139,
320,easy_d00,Easy,20360940,True,0.3664617701433599,40,1.35,0.2,0.008377777777777777,
321,easy_d01,Easy,20360941,True,0.8979700850322843,55,1.25,0.2,0.011533333333333333,
322,easy_d00,Easy,20360942,True,0.988904490834102,40,1.35,0.2,0.009144444444444445,
323,easy_d01,Easy,20360943,True,5.291847814107314,55,1.25,0.2,0.012011111111111111,
324,easy_d00,Easy,20360944,True,2.035418229177594,40,1.35,0.2,0.0105,
325,easy_d01,Easy,20360945,True,4.184719704790041,55,1.25,0.2,0.01181111111111111,
326,easy_d00,Easy,20360946,True,0.8274953179061413,40,1.35,0.2,0.00848888888888889,
327,easy_d01,Easy,20360947,True,0.5397157790139318,55,1.25,0.2,0.011922222222222223,
328,easy_d00,Easy,20360948,True,1.7215221428778023,40,1.35,0.2,0.00931111111111111,
329,easy_d01,Easy,20360949,True,5.090083003044128,55,1.25,0.2,0.011777777777777778,
330,easy_d00,Easy,20360950,True,3.422570361988619,40,1.35,0.2,0.0084,
331,easy_d01,Easy,20360951,True,2.696876580128446,55,1.25,0.2,0.011133333333333334,
332,easy_d00,Easy,20360952,True,0.7764671368058771,40,1.35,0.2,0.010066666666666666,
333,easy_d01,Easy,20360953,True,0.8238139830064029,55,1.25,0.2,0.011177777777777778,
334,easy_d00,Easy,20360954,True,3.309546239906922,40,1.35,0.2,0.009122222222222223,
335,easy_d01,Easy,20360955,True,0.9213871830143034,55,1.25,0.2,0.012844444444444445,
336,easy_d00,Easy,20360956,True,0.5401159001048654,40,1.35,0.2,0.010244444444444445,
337,easy_d01,Easy,20360957,True,3.2056572060100734,55,1.25,0.2,0.0125,
338,easy_d00,Easy,20360958,True,1.0121289128437638,40,1.35,0.2,0.008422222222222222,
339,easy_d01,Easy,20360959,True,4.814344572136179,55,1.25,0.2,0.014911111111111111,
340,easy_d00,Easy,20360960,True,2.2301106830127537,40,1.35,0.2,0.008744444444444445,
341,easy_d01,Easy,20360961,True,5.119178602006286,55,1.25,0.2,0.0125,
342,easy_d00,Easy,20360962,True,1.4263396600726992,40,1.35,0.2,0.009022222222222221,
343,easy_d01,Easy,20360963,True,11.186019198037684,55,1.25,0.2,0.011588888888888888,
344,easy_d00,Easy,20360964,True,0.6122843890916556,40,1.35,0.2,0.0096,
345,easy_d01,Easy,20360965,True,5.7656685169786215,55,1.25,0.2,0.011233333333333333,
346,easy_d00,Easy,20360966,True,1.752922150073573,40,1.35,0.2,0.009244444444444444,
347,easy_d01,Easy,20360967,True,3.1277066448237747,55,1.25,0.2,0.012311111111111111,
348,easy_d00,Easy,20360968,True,1.7415991469752043,40,1.35,0.2,0.00938888888888889,
349,easy_d01,Easy,20360969,True,5.965528554981574,55,1.25,0.2,0.014477777777777777,
350,easy_d00,Easy,20360970,True,0.35810395795851946,40,1.35,0.2,0.008522222222222223,
351,easy_d01,Easy,20360971,True,6.041560479905456,55,1.25,0.2,0.012444444444444444,
352,easy_d00,Easy,20360972,True,1.750758406938985,40,1.35,0.2,0.009033333333333334,
353,easy_d01,Easy,20360973,True,0.9842931600287557,55,1.25,0.2,0.012244444444444445,
354,easy_d00,Easy,20360974,True,1.8820958209689707,40,1.35,0.2,0.008988888888888888,
355,easy_d01,Easy,20360975,True,1.0855035760905594,55,1.25,0.2,0.012222222222222223,
356,easy_d00,Easy,20360976,True,0.8359500200022012,40,1.35,0.2,0.009177777777777778,
357,easy_d01,Easy,20360977,True,2.441221386194229,55,1.25,0.2,0.012655555555555555,
358,easy_d00,Easy,20360978,True,0.9951801709830761,40,1.35,0.2,0.008388888888888888,
359,easy_d01,Easy,20360979,True,2.027621058980003,55,1.25,0.2,0.013111111111111112,
360,easy_d00,Easy,20360980,True,4.139343505026773,40,1.35,0.2,0.010466666666666668,
361,easy_d01,Easy,20360981,True,1.4413929909933358,55,1.25,0.2,0.014644444444444444,
362,easy_d00,Easy,20360982,True,3.6228213810827583,40,1.35,0.2,0.009066666666666667,
363,easy_d01,Easy,20360983,True,2.737287640804425,55,1.25,0.2,0.012255555555555556,
364,easy_d00,Easy,20360984,True,13.350863983854651,40,1.35,0.2,0.008144444444444444,
365,easy_d01,Easy,20360985,True,2.0640067318454385,55,1.25,0.2,0.011966666666666667,
366,easy_d00,Easy,20360986,True,2.3735445078928024,40,1.35,0.2,0.008477777777777779,
367,easy_d01,Easy,20360987,True,0.35212778695859015,55,1.25,0.2,0.011533333333333333,
368,easy_d00,Easy,20360988,True,4.3135323820170015,40,1.35,0.2,0.009055555555555556,
369,easy_d01,Easy,20360989,True,1.230295686982572,55,1.25,0.2,0.0126,
370,easy_d00,Easy,20360990,True,9.980511542176828,40,1.35,0.2,0.008633333333333333,
371,easy_d01,Easy,20360991,True,0.6057511959224939,55,1.25,0.2,0.013244444444444444,
372,easy_d00,Easy,20360992,True,2.734497566940263,40,1.35,0.2,0.008233333333333334,
373,easy_d01,Easy,20360993,True,1.8769709079060704,55,1.25,0.2,0.012433333333333333,
374,easy_d00,Easy,20360994,True,2.9340612899977714,40,1.35,0.2,0.0091,
375,easy_d01,Easy,20360995,True,0.800976739032194,55,1.25,0.2,0.01241111111111111,
376,easy_d00,Easy,20360996,True,1.0493974189739674,40,1.35,0.2,0.009155555555555556,
377,easy_d01,Easy,20360997,True,1.7156686580274254,55,1.25,0.2,0.014133333333333333,
378,easy_d00,Easy,20360998,True,6.6302602051291615,40,1.35,0.2,0.0097,
379,easy_d01,Easy,20360999,True,0.35896840994246304,55,1.25,0.2,0.013233333333333333,
380,easy_d00,Easy,20361000,True,0.8432234479114413,40,1.35,0.2,0.008777777777777778,
381,easy_d01,Easy,20361001,True,2.2480034402105957,55,1.25,0.2,0.012444444444444444,
382,easy_d00,Easy,20361002,True,0.6211782328318805,40,1.35,0.2,0.010355555555555555,
383,easy_d01,Easy,20361003,True,0.5392889890354127,55,1.25,0.2,0.014144444444444444,
384,easy_d00,Easy,20361004,True,1.621141908923164,40,1.35,0.2,0.009033333333333334,
385,easy_d01,Easy,20361005,True,0.7422388319391757,55,1.25,0.2,0.012966666666666666,
386,easy_d00,Easy,20361006,True,0.6108053249772638,40,1.35,0.2,0.008533333333333334,
387,easy_d01,Easy,20361007,True,2.9673868829850107,55,1.25,0.2,0.012555555555555556,
388,easy_d00,Easy,20361008,True,5.320242222864181,40,1.35,0.2,0.008822222222222223,
389,easy_d01,Easy,20361009,True,3.7637827962171286,55,1.25,0.2,0.013433333333333334,
390,easy_d00,Easy,20361010,True,1.894192554987967,40,1.35,0.2,0.008877777777777778,
391,easy_d01,Easy,20361011,True,3.027367465896532,55,1.25,0.2,0.011722222222222222,
392,easy_d00,Easy,20361012,True,0.937804072862491,40,1.35,0.2,0.008911111111111111,
393,easy_d01,Easy,20361013,True,0.5377055970020592,55,1.25,0.2,0.011666666666666667,
394,easy_d00,Easy,20361014,True,0.9578565959818661,40,1.35,0.2,0.0091,
395,easy_d01,Easy,20361015,True,3.431775633012876,55,1.25,0.2,0.011222222222222222,
396,easy_d00,Easy,20361016,True,3.5409371140412986,40,1.35,0.2,0.009111111111111111,
397,easy_d01,Easy,20361017,True,0.99762400588952,55,1.25,0.2,0.011233333333333333,
398,easy_d00,Easy,20361018,True,2.359394329832867,40,1.35,0.2,0.008977777777777777,
399,easy_d01,Easy,20361019,True,5.937165037030354,55,1.25,0.2,0.013422222222222223,
400,easy_d00,Easy,20361020,True,1.6101216031238437,40,1.35,0.2,0.008911111111111111,
401,easy_d01,Easy,20361021,True,0.9879336438607424,55,1.25,0.2,0.012077777777777778,
402,easy_d00,Easy,20361022,True,0.8951226531062275,40,1.35,0.2,0.009922222222222223,
403,easy_d01,Easy,20361023,True,3.465517954900861,55,1.25,0.2,0.01271111111111111,
404,easy_d00,Easy,20361024,True,2.438839662121609,40,1.35,0.2,0.009533333333333333,
405,easy_d01,Easy,20361025,True,0.7798094060271978,55,1.25,0.2,0.012433333333333333,
406,easy_d00,Easy,20361026,True,1.2091223211027682,40,1.35,0.2,0.008166666666666666,
407,easy_d01,Easy,20361027,True,3.2374081530142576,55,1.25,0.2,0.0125,
408,easy_d00,Easy,20361028,True,0.9869758388958871,40,1.35,0.2,0.00878888888888889,
409,easy_d01,Easy,20361029,True,2.357811277033761,55,1.25,0.2,0.012277777777777778,
410,easy_d00,Easy,20361030,True,4.713301395997405,40,1.35,0.2,0.009344444444444445,
411,easy_d01,Easy,20361031,True,1.0513342549093068,55,1.25,0.2,0.0132,
412,easy_d00,Easy,20361032,True,1.0451264570001513,40,1.35,0.2,0.008955555555555555,
413,easy_d01,Easy,20361033,True,0.8467114630620927,55,1.25,0.2,0.012233333333333334,
414,easy_d00,Easy,20361034,True,4.5781009250786155,40,1.35,0.2,0.008322222222222222,
415,easy_d01,Easy,20361035,True,2.671952137025073,55,1.25,0.2,0.0127,
416,easy_d00,Easy,20361036,True,2.036079342942685,40,1.35,0.2,0.008544444444444445,
417,easy_d01,Easy,20361037,True,2.9632134228013456,55,1.25,0.2,0.013577777777777777,
418,easy_d00,Easy,20361038,True,4.224340798100457,40,1.35,0.2,0.009033333333333334,
419,easy_d01,Easy,20361039,True,1.0127137030940503,55,1.25,0.2,0.012277777777777778,
420,easy_d00,Easy,20361040,True,3.167386642191559,40,1.35,0.2,0.01,
421,easy_d01,Easy,20361041,True,2.756650866009295,55,1.25,0.2,0.011944444444444445,
422,easy_d00,Easy,20361042,True,2.696814991068095,40,1.35,0.2,0.008366666666666666,
423,easy_d01,Easy,20361043,True,2.764015126042068,55,1.25,0.2,0.0128,
424,easy_d00,Easy,20361044,True,0.863419370027259,40,1.35,0.2,0.010522222222222223,
425,easy_d01,Easy,20361045,True,0.8068356527946889,55,1.25,0.2,0.012611111111111111,
426,easy_d00,Easy,20361046,True,0.3419990730471909,40,1.35,0.2,0.009922222222222223,
427,easy_d01,Easy,20361047,True,5.698209282010794,55,1.25,0.2,0.01301111111111111,
428,easy_d00,Easy,20361048,True,1.2407492517959327,40,1.35,0.2,0.008277777777777778,
429,easy_d01,Easy,20361049,True,0.7635467951186001,55,1.25,0.2,0.01271111111111111,
430,easy_d00,Easy,20361050,True,1.7787921710405499,40,1.35,0.2,0.009477777777777778,
431,easy_d01,Easy,20361051,True,0.7779899518936872,55,1.25,0.2,0.012211111111111112,
432,easy_d00,Easy,20361052,True,0.6713900959584862,40,1.35,0.2,0.009177777777777778,
433,easy_d01,Easy,20361053,True,6.436533733038232,55,1.25,0.2,0.012355555555555555,
434,easy_d00,Easy,20361054,True,0.8320531039498746,40,1.35,0.2,0.009844444444444444,
435,easy_d01,Easy,20361055,True,1.1139671059790999,55,1.25,0.2,0.010444444444444444,
436,easy_d00,Easy,20361056,True,1.6965886480174959,40,1.35,0.2,0.009166666666666667,
437,easy_d01,Easy,20361057,True,2.4247639460954815,55,1.25,0.2,0.013022222222222221,
438,easy_d00,Easy,20361058,True,1.5059691010974348,40,1.35,0.2,0.008388888888888888,
439,easy_d01,Easy,20361059,True,2.0135420109145343,55,1.25,0.2,0.012966666666666666,
440,easy_d00,Easy,20361060,True,0.8013301480095834,40,1.35,0.2,0.008344444444444444,
441,easy_d01,Easy,20361061,True,1.4372115870937705,55,1.25,0.2,0.011833333333333333,
442,easy_d00,Easy,20361062,True,3.6137232941109687,40,1.35,0.2,0.01048888888888889,
443,easy_d01,Easy,20361063,True,0.8207216029986739,55,1.25,0.2,0.012555555555555556,
444,easy_d00,Easy,20361064,True,4.468166179023683,40,1.35,0.2,0.010088888888888889,
445,easy_d01,Easy,20361065,True,0.5998595280107111,55,1.25,0.2,0.012233333333333334,
446,easy_d00,Easy,20361066,True,6.247355870902538,40,1.35,0.2,0.008988888888888888,
447,easy_d01,Easy,20361067,True,4.094941255869344,55,1.25,0.2,0.013055555555555556,
448,easy_d00,Easy,20361068,True,0.9426095669623464,40,1.35,0.2,0.008255555555555556,
449,easy_d01,Easy,20361069,True,2.886245822068304,55,1.25,0.2,0.012555555555555556,
450,easy_d00,Easy,20361070,True,0.8175524119287729,40,1.35,0.2,0.009977777777777778,
451,easy_d01,Easy,20361071,True,3.5542236131150275,55,1.25,0.2,0.013433333333333334,
452,easy_d00,Easy,20361072,True,1.6927129130344838,40,1.35,0.2,0.008055555555555555,
453,easy_d01,Easy,20361073,True,1.3380621070973575,55,1.25,0.2,0.0125,
454,easy_d00,Easy,20361074,True,1.6430560480803251,40,1.35,0.2,0.0101,
455,easy_d01,Easy,20361075,True,1.6414772341959178,55,1.25,0.2,0.013455555555555556,
456,easy_d00,Easy,20361076,True,0.829266618937254,40,1.35,0.2,0.009366666666666667,
457,easy_d01,Easy,20361077,True,2.194014687091112,55,1.25,0.2,0.012355555555555555,
458,easy_d00,Easy,20361078,True,1.9171321410685778,40,1.35,0.2,0.008611111111111111,
459,easy_d01,Easy,20361079,True,1.2134855219628662,55,1.25,0.2,0.012588888888888889,
460,easy_d00,Easy,20361080,True,3.171784464037046,40,1.35,0.2,0.009211111111111111,
461,easy_d01,Easy,20361081,True,0.7713982148561627,55,1.25,0.2,0.011522222222222222,
462,easy_d00,Easy,20361082,True,4.525099479127675,40,1.35,0.2,0.008677777777777777,
463,easy_d01,Easy,20361083,True,2.53269716585055,55,1.25,0.2,0.012,
464,easy_d00,Easy,20361084,True,1.0485506248660386,40,1.35,0.2,0.009,
465,easy_d01,Easy,20361085,True,3.1615707920864224,55,1.25,0.2,0.01181111111111111,
466,easy_d00,Easy,20361086,True,2.0795312530826777,40,1.35,0.2,0.0096,
467,easy_d01,Easy,20361087,True,3.8843610021285713,55,1.25,0.2,0.012033333333333333,
468,easy_d00,Easy,20361088,True,1.6160331098362803,40,1.35,0.2,0.008833333333333334,
469,easy_d01,Easy,20361089,True,2.2970397288445383,55,1.25,0.2,0.013588888888888888,
470,easy_d00,Easy,20361090,True,2.5734471899922937,40,1.35,0.2,0.009077777777777778,
471,easy_d01,Easy,20361091,True,0.9653500400017947,55,1.25,0.2,0.01271111111111111,
472,easy_d00,Easy,20361092,True,1.371070516994223,40,1.35,0.2,0.008955555555555555,
473,easy_d01,Easy,20361093,True,2.5724531449377537,55,1.25,0.2,0.013966666666666667,
474,easy_d00,Easy,20361094,True,0.6874329000711441,40,1.35,0.2,0.01078888888888889,
475,easy_d01,Easy,20361095,True,0.9969082849565893,55,1.25,0.2,0.013722222222222222,
476,easy_d00,Easy,20361096,True,2.64792726514861,40,1.35,0.2,0.009455555555555556,
477,easy_d01,Easy,20361097,True,0.8847829608712345,55,1.25,0.2,0.013222222222222222,
478,easy_d00,Easy,20361098,True,5.150131589965895,40,1.35,0.2,0.009055555555555556,
479,easy_d01,Easy,20361099,True,5.965119007974863,55,1.25,0.2,0.010844444444444445,
480,easy_d00,Easy,20361100,True,0.6881024111062288,40,1.35,0.2,0.009066666666666667,
481,easy_d01,Easy,20361101,True,0.3506217880640179,55,1.25,0.2,0.013355555555555556,
482,easy_d00,Easy,20361102,True,1.2008936789352447,40,1.35,0.2,0.008577777777777778,
483,easy_d01,Easy,20361103,True,5.192145815119147,55,1.25,0.2,0.012966666666666666,
484,easy_d00,Easy,20361104,True,0.7929416701663285,40,1.35,0.2,0.009155555555555556,
485,easy_d01,Easy,20361105,True,7.156679188134149,55,1.25,0.2,0.012933333333333333,
486,easy_d00,Easy,20361106,True,0.8815731320064515,40,1.35,0.2,0.009211111111111111,
487,easy_d01,Easy,20361107,True,1.224921016022563,55,1.25,0.2,0.0119,
488,easy_d00,Easy,20361108,True,0.7944604710210115,40,1.35,0.2,0.009722222222222222,
489,easy_d01,Easy,20361109,True,2.3851490279193968,55,1.25,0.2,0.012344444444444444,
490,easy_d00,Easy,20361110,True,0.8408217350952327,40,1.35,0.2,0.009288888888888888,
491,easy_d01,Easy,20361111,True,1.3704495341517031,55,1.25,0.2,0.012122222222222222,
492,easy_d00,Easy,20361112,True,0.7878096101339906,40,1.35,0.2,0.008533333333333334,
493,easy_d01,Easy,20361113,True,1.2672997920308262,55,1.25,0.2,0.012477777777777779,
494,easy_d00,Easy,20361114,True,1.9881340879946947,40,1.35,0.2,0.009433333333333334,
495,easy_d01,Easy,20361115,True,1.1473344641271979,55,1.25,0.2,0.011044444444444445,
496,easy_d00,Easy,20361116,True,1.854754980886355,40,1.35,0.2,0.00981111111111111,
497,easy_d01,Easy,20361117,True,2.4957376290112734,55,1.25,0.2,0.01161111111111111,
498,easy_d00,Easy,20361118,True,7.853847004007548,40,1.35,0.2,0.008922222222222222,
499,easy_d01,Easy,20361119,True,0.5719475748483092,55,1.25,0.2,0.01331111111111111,
500,easy_d00,Easy,20361120,True,1.7410256539005786,40,1.35,0.2,0.008055555555555555,
501,easy_d01,Easy,20361121,True,1.4836797069292516,55,1.25,0.2,0.012744444444444444,
502,easy_d00,Easy,20361122,True,1.23789673903957,40,1.35,0.2,0.008933333333333333,
503,easy_d01,Easy,20361123,True,0.8250661690253764,55,1.25,0.2,0.01271111111111111,
504,easy_d00,Easy,20361124,True,2.0258749620988965,40,1.35,0.2,0.009211111111111111,
505,easy_d01,Easy,20361125,True,1.4402672669384629,55,1.25,0.2,0.011822222222222222,
506,easy_d00,Easy,20361126,True,6.693220429122448,40,1.35,0.2,0.008677777777777777,
507,easy_d01,Easy,20361127,True,4.026941932970658,55,1.25,0.2,0.011733333333333333,
508,easy_d00,Easy,20361128,True,0.7502026809379458,40,1.35,0.2,0.009355555555555556,
509,easy_d01,Easy,20361129,True,2.1626458149403334,55,1.25,0.2,0.012844444444444445,
510,easy_d00,Easy,20361130,True,3.229486034018919,40,1.35,0.2,0.0107,
511,easy_d01,Easy,20361131,True,0.5733452911954373,55,1.25,0.2,0.013433333333333334,
512,easy_d00,Easy,20361132,True,0.3929621840361506,40,1.35,0.2,0.007933333333333334,
513,easy_d01,Easy,20361133,True,1.2917082700878382,55,1.25,0.2,0.012266666666666667,
514,easy_d00,Easy,20361134,True,6.511946751968935,40,1.35,0.2,0.008122222222222222,
515,easy_d01,Easy,20361135,True,2.9429677459411323,55,1.25,0.2,0.012622222222222222,
516,easy_d00,Easy,20361136,True,8.42526124813594,40,1.35,0.2,0.010377777777777777,
517,easy_d01,Easy,20361137,True,2.3512417271267623,55,1.25,0.2,0.012733333333333333,
518,easy_d00,Easy,20361138,True,0.9092195748817176,40,1.35,0.2,0.008155555555555555,
519,easy_d01,Easy,20361139,True,0.9066149550490081,55,1.25,0.2,0.0139,
520,easy_d00,Easy,20361140,True,0.543966427212581,40,1.35,0.2,0.009033333333333334,
521,easy_d01,Easy,20361141,True,0.6969853839837015,55,1.25,0.2,0.012955555555555555,
522,easy_d00,Easy,20361142,True,0.9844104798976332,40,1.35,0.2,0.008777777777777778,
523,easy_d01,Easy,20361143,True,17.10689333593473,55,1.25,0.2,0.012533333333333334,
524,easy_d00,Easy,20361144,True,5.905847476795316,40,1.35,0.2,0.009644444444444445,
525,easy_d01,Easy,20361145,True,4.096324942074716,55,1.25,0.2,0.012555555555555556,
526,easy_d00,Easy,20361146,True,1.5473162818234414,40,1.35,0.2,0.008988888888888888,
527,easy_d01,Easy,20361147,True,1.8444004841148853,55,1.25,0.2,0.0133,
528,easy_d00,Easy,20361148,True,3.2620978800114244,40,1.35,0.2,0.00841111111111111,
529,easy_d01,Easy,20361149,True,1.7655131879728287,55,1.25,0.2,0.013433333333333334,
530,easy_d00,Easy,20361150,True,5.989748903084546,40,1.35,0.2,0.009788888888888889,
531,easy_d01,Easy,20361151,True,1.4361352159176022,55,1.25,0.2,0.012422222222222222,
532,easy_d00,Easy,20361152,True,0.9495163259562105,40,1.35,0.2,0.0086,
533,easy_d01,Easy,20361153,True,1.5548007800243795,55,1.25,0.2,0.011722222222222222,
534,easy_d00,Easy,20361154,True,1.7761025819927454,40,1.35,0.2,0.008622222222222222,
535,easy_d01,Easy,20361155,True,1.0030822909902781,55,1.25,0.2,0.013333333333333334,
536,easy_d00,Easy,20361156,True,3.898061814950779,40,1.35,0.2,0.008433333333333333,
537,easy_d01,Easy,20361157,True,2.077545556006953,55,1.25,0.2,0.012288888888888889,
538,easy_d00,Easy,20361158,True,0.8000777959823608,40,1.35,0.2,0.008888888888888889,
539,easy_d01,Easy,20361159,True,4.338497762102634,55,1.25,0.2,0.01331111111111111,
540,easy_d00,Easy,20361160,True,2.0506220678798854,40,1.35,0.2,0.009744444444444444,
541,easy_d01,Easy,20361161,True,1.5406215081457049,55,1.25,0.2,0.012855555555555556,
542,easy_d00,Easy,20361162,True,3.273599275853485,40,1.35,0.2,0.009422222222222222,
543,easy_d01,Easy,20361163,True,1.1488449790049344,55,1.25,0.2,0.0118,
544,easy_d00,Easy,20361164,True,1.4999718850012869,40,1.35,0.2,0.00981111111111111,
545,easy_d01,Easy,20361165,True,1.240326754981652,55,1.25,0.2,0.0132,
546,easy_d00,Easy,20361166,True,1.051753817126155,40,1.35,0.2,0.010155555555555555,
547,easy_d01,Easy,20361167,True,1.3976143239997327,55,1.25,0.2,0.011333333333333334,
548,easy_d00,Easy,20361168,True,3.9000377361662686,40,1.35,0.2,0.00968888888888889,
549,easy_d01,Easy,20361169,True,1.1460816678591073,55,1.25,0.2,0.0124,
550,easy_d00,Easy,20361170,True,1.3487469630781561,40,1.35,0.2,0.009622222222222223,
551,easy_d01,Easy,20361171,True,2.0650558040942997,55,1.25,0.2,0.012022222222222222,
552,easy_d00,Easy,20361172,True,2.419172058813274,40,1.35,0.2,0.008933333333333333,
553,easy_d01,Easy,20361173,True,0.9984912420623004,55,1.25,0.2,0.011977777777777778,
554,easy_d00,Easy,20361174,True,1.5255628521554172,40,1.35,0.2,0.010288888888888889,
555,easy_d01,Easy,20361175,True,2.646584361093119,55,1.25,0.2,0.0134,
556,easy_d00,Easy,20361176,True,1.6804021520074457,40,1.35,0.2,0.008822222222222223,
557,easy_d01,Easy,20361177,True,1.6791185329202563,55,1.25,0.2,0.012922222222222222,
558,easy_d00,Easy,20361178,True,0.9808139398228377,40,1.35,0.2,0.009788888888888889,
559,easy_d01,Easy,20361179,True,4.055325543973595,55,1.25,0.2,0.012644444444444444,
560,easy_d00,Easy,20361180,True,1.1572997830808163,40,1.35,0.2,0.008244444444444445,
561,easy_d01,Easy,20361181,True,0.8077552218455821,55,1.25,0.2,0.013344444444444445,
562,easy_d00,Easy,20361182,True,0.9075134308077395,40,1.35,0.2,0.009211111111111111,
563,easy_d01,Easy,20361183,True,0.9930802818853408,55,1.25,0.2,0.013155555555555556,
564,easy_d00,Easy,20361184,True,2.303154497873038,40,1.35,0.2,0.008677777777777777,
565,easy_d01,Easy,20361185,True,2.3064216391649097,55,1.25,0.2,0.012344444444444444,
566,easy_d00,Easy,20361186,True,0.8332454129122198,40,1.35,0.2,0.009877777777777777,
567,easy_d01,Easy,20361187,True,2.056051126914099,55,1.25,0.2,0.012866666666666667,
568,easy_d00,Easy,20361188,True,0.9972580240573734,40,1.35,0.2,0.009077777777777778,
569,easy_d01,Easy,20361189,True,1.3236591971945018,55,1.25,0.2,0.012655555555555555,
570,easy_d00,Easy,20361190,True,1.5020184630993754,40,1.35,0.2,0.009622222222222223,
571,easy_d01,Easy,20361191,True,6.444999701809138,55,1.25,0.2,0.012933333333333333,
572,easy_d00,Easy,20361192,True,1.296642713015899,40,1.35,0.2,0.009444444444444445,
573,easy_d01,Easy,20361193,True,4.758286222117022,55,1.25,0.2,0.01198888888888889,
574,easy_d00,Easy,20361194,True,1.1436962478328496,40,1.35,0.2,0.009944444444444445,
575,easy_d01,Easy,20361195,True,3.2703028060495853,55,1.25,0.2,0.013333333333333334,
576,easy_d00,Easy,20361196,True,2.2313379331026226,40,1.35,0.2,0.008022222222222222,
577,easy_d01,Easy,20361197,True,2.9113443098030984,55,1.25,0.2,0.011722222222222222,
578,easy_d00,Easy,20361198,True,2.491313928971067,40,1.35,0.2,0.008944444444444444,
579,easy_d01,Easy,20361199,True,3.0556125920265913,55,1.25,0.2,0.012477777777777779,
580,easy_d00,Easy,20361200,True,1.002254338003695,40,1.35,0.2,0.008577777777777778,
581,easy_d01,Easy,20361201,True,3.8318799070548266,55,1.25,0.2,0.012944444444444444,
582,easy_d00,Easy,20361202,True,0.6969403719995171,40,1.35,0.2,0.0093,
583,easy_d01,Easy,20361203,True,2.0727440719492733,55,1.25,0.2,0.013266666666666666,
584,easy_d00,Easy,20361204,True,0.715001333039254,40,1.35,0.2,0.00968888888888889,
585,easy_d01,Easy,20361205,True,4.065903046866879,55,1.25,0.2,0.012544444444444445,
586,easy_d00,Easy,20361206,True,2.8951708772219718,40,1.35,0.2,0.008611111111111111,
587,easy_d01,Easy,20361207,True,2.1766786559019238,55,1.25,0.2,0.011677777777777778,
588,easy_d00,Easy,20361208,True,8.87918524700217,40,1.35,0.2,0.008766666666666667,
589,easy_d01,Easy,20361209,True,4.7309017449151725,55,1.25,0.2,0.013144444444444445,
590,easy_d00,Easy,20361210,True,3.336444383021444,40,1.35,0.2,0.009233333333333333,
591,easy_d01,Easy,20361211,True,11.210016523022205,55,1.25,0.2,0.012311111111111111,
592,easy_d00,Easy,20361212,True,0.6262026748154312,40,1.35,0.2,0.009722222222222222,
593,easy_d01,Easy,20361213,True,0.9415134890004992,55,1.25,0.2,0.013577777777777777,
594,easy_d00,Easy,20361214,True,4.452048980863765,40,1.35,0.2,0.009933333333333334,
595,easy_d01,Easy,20361215,True,0.816790692973882,55,1.25,0.2,0.013133333333333334,
596,easy_d00,Easy,20361216,True,1.9742427428718656,40,1.35,0.2,0.0093,
597,easy_d01,Easy,20361217,True,1.5753422419074923,55,1.25,0.2,0.01101111111111111,
598,easy_d00,Easy,20361218,True,0.9430725660640746,40,1.35,0.2,0.009344444444444445,
599,easy_d01,Easy,20361219,True,4.995652702869847,55,1.25,0.2,0.013188888888888889,
600,easy_d00,Easy,20361220,True,0.48203906510025263,40,1.35,0.2,0.008333333333333333,
601,easy_d01,Easy,20361221,True,0.8779152140486985,55,1.25,0.2,0.013244444444444444,
602,easy_d00,Easy,20361222,True,0.7616980678867549,40,1.35,0.2,0.008877777777777778,
603,easy_d01,Easy,20361223,True,1.448994608130306,55,1.25,0.2,0.012533333333333334,
604,easy_d00,Easy,20361224,True,0.6368350549601018,40,1.35,0.2,0.01078888888888889,
605,easy_d01,Easy,20361225,True,0.8332550360355526,55,1.25,0.2,0.01218888888888889,
606,easy_d00,Easy,20361226,True,1.5017266180366278,40,1.35,0.2,0.008855555555555556,
607,easy_d01,Easy,20361227,True,1.8442996779922396,55,1.25,0.2,0.0135,
608,easy_d00,Easy,20361228,True,1.1630972400307655,40,1.35,0.2,0.01011111111111111,
609,easy_d01,Easy,20361229,True,2.075871190056205,55,1.25,0.2,0.011788888888888889,
610,easy_d00,Easy,20361230,True,1.012080267071724,40,1.35,0.2,0.0087,
611,easy_d01,Easy,20361231,True,3.3051410000771284,55,1.25,0.2,0.012844444444444445,
612,easy_d00,Easy,20361232,True,3.580428226850927,40,1.35,0.2,0.009411111111111111,
613,easy_d01,Easy,20361233,True,9.494942595949396,55,1.25,0.2,0.012777777777777779,
614,easy_d00,Easy,20361234,True,1.015697262948379,40,1.35,0.2,0.009055555555555556,
615,easy_d01,Easy,20361235,True,0.984341346193105,55,1.25,0.2,0.012944444444444444,
616,easy_d00,Easy,20361236,True,1.1001377350185066,40,1.35,0.2,0.009744444444444444,
617,easy_d01,Easy,20361237,True,5.203665761044249,55,1.25,0.2,0.011966666666666667,
618,easy_d00,Easy,20361238,True,1.0376509381458163,40,1.35,0.2,0.008966666666666666,
619,easy_d01,Easy,20361239,True,1.5386965807992965,55,1.25,0.2,0.012944444444444444,
620,easy_d00,Easy,20361240,True,1.077749056974426,40,1.35,0.2,0.00901111111111111,
621,easy_d01,Easy,20361241,True,0.914465710055083,55,1.25,0.2,0.01248888888888889,
622,easy_d00,Easy,20361242,True,0.5939757321029902,40,1.35,0.2,0.009544444444444444,
623,easy_d01,Easy,20361243,True,1.0091137690469623,55,1.25,0.2,0.012,
624,easy_d00,Easy,20361244,True,0.37212320300750434,40,1.35,0.2,0.009955555555555556,
625,easy_d01,Easy,20361245,True,1.4222413231618702,55,1.25,0.2,0.011877777777777777,
626,easy_d00,Easy,20361246,True,2.0880856760777533,40,1.35,0.2,0.009066666666666667,
627,easy_d01,Easy,20361247,True,2.2746677950490266,55,1.25,0.2,0.012588888888888889,
628,easy_d00,Easy,20361248,True,1.7659954209811985,40,1.35,0.2,0.009188888888888889,
629,easy_d01,Easy,20361249,True,1.8171929009258747,55,1.25,0.2,0.013966666666666667,
630,easy_d00,Easy,20361250,True,3.831145695177838,40,1.35,0.2,0.009788888888888889,
631,easy_d01,Easy,20361251,True,0.637857920024544,55,1.25,0.2,0.012833333333333334,
632,easy_d00,Easy,20361252,True,1.8012359619606286,40,1.35,0.2,0.008544444444444445,
633,easy_d01,Easy,20361253,True,2.0952262149658054,55,1.25,0.2,0.013555555555555555,
634,easy_d00,Easy,20361254,True,0.8071402350906283,40,1.35,0.2,0.008833333333333334,
635,easy_d01,Easy,20361255,True,3.262078511994332,55,1.25,0.2,0.012888888888888889,
636,easy_d00,Easy,20361256,True,17.71760122803971,40,1.35,0.2,0.01048888888888889,
637,easy_d01,Easy,20361257,True,2.6658260840922594,55,1.25,0.2,0.012611111111111111,
638,easy_d00,Easy,20361258,True,1.037263270933181,40,1.35,0.2,0.008866666666666667,
639,easy_d01,Easy,20361259,True,1.466952222166583,55,1.25,0.2,0.012355555555555555,
640,easy_d00,Easy,20361260,True,0.9276483529247344,40,1.35,0.2,0.008944444444444444,
641,easy_d01,Easy,20361261,True,1.0486353470478207,55,1.25,0.2,0.012311111111111111,
642,easy_d00,Easy,20361262,True,1.0458514529746026,40,1.35,0.2,0.009466666666666667,
643,easy_d01,Easy,20361263,True,0.8550369169097394,55,1.25,0.2,0.0111,
644,easy_d00,Easy,20361264,True,2.139094704994932,40,1.35,0.2,0.00871111111111111,
645,easy_d01,Easy,20361265,True,1.8378565609455109,55,1.25,0.2,0.011877777777777777,
646,easy_d00,Easy,20361266,True,3.6066235958132893,40,1.35,0.2,0.009522222222222222,
647,easy_d01,Easy,20361267,True,1.5859508200082928,55,1.25,0.2,0.013211111111111111,
648,easy_d00,Easy,20361268,True,0.672520763007924,40,1.35,0.2,0.009911111111111112,
649,easy_d01,Easy,20361269,True,1.7550800708122551,55,1.25,0.2,0.013666666666666667,
650,easy_d00,Easy,20361270,True,5.144729550927877,40,1.35,0.2,0.009655555555555556,
651,easy_d01,Easy,20361271,True,2.382507367990911,55,1.25,0.2,0.012033333333333333,
652,easy_d00,Easy,20361272,True,0.9676700269337744,40,1.35,0.2,0.00938888888888889,
653,easy_d01,Easy,20361273,True,1.8107845259364694,55,1.25,0.2,0.013,
654,easy_d00,Easy,20361274,True,1.0241471510380507,40,1.35,0.2,0.009033333333333334,
655,easy_d01,Easy,20361275,True,1.103630785830319,55,1.25,0.2,0.011911111111111112,
656,easy_d00,Easy,20361276,True,4.739105599932373,40,1.35,0.2,0.009822222222222222,
657,easy_d01,Easy,20361277,True,3.0885123789776117,55,1.25,0.2,0.011266666666666666,
658,easy_d00,Easy,20361278,True,13.04482683702372,40,1.35,0.2,0.008722222222222221,
659,easy_d01,Easy,20361279,True,0.8074395009316504,55,1.25,0.2,0.011722222222222222,
660,easy_d00,Easy,20361280,True,3.086309712845832,40,1.35,0.2,0.00908888888888889,
661,easy_d01,Easy,20361281,True,1.109021324897185,55,1.25,0.2,0.0138,
662,easy_d00,Easy,20361282,True,19.51162143610418,40,1.35,0.2,0.0089,
663,easy_d01,Easy,20361283,True,1.0056706899777055,55,1.25,0.2,0.013655555555555556,
664,easy_d00,Easy,20361284,True,0.7688882960937917,40,1.35,0.2,0.009933333333333334,
665,easy_d01,Easy,20361285,True,4.143528286134824,55,1.25,0.2,0.012544444444444445,
666,easy_d00,Easy,20361286,True,3.98749328404665,40,1.35,0.2,0.009833333333333333,
667,complex_d02,Complex,20361287,True,5.138983757933602,70,1.15,0.22,0.01538888888888889,
668,complex_d02,Complex,20361288,True,0.7824260459747165,70,1.15,0.22,0.015855555555555557,
669,complex_d02,Complex,20361289,True,1.187541798921302,70,1.15,0.22,0.016044444444444445,
670,complex_d02,Complex,20361290,True,0.5998816869687289,70,1.15,0.22,0.0156,
671,complex_d02,Complex,20361291,True,0.7369058830663562,70,1.15,0.22,0.014888888888888889,
672,complex_d02,Complex,20361292,True,3.2934681940823793,70,1.15,0.22,0.0161,
673,complex_d02,Complex,20361293,True,1.2724138270132244,70,1.15,0.22,0.01718888888888889,
674,complex_d02,Complex,20361294,True,2.944737331941724,70,1.15,0.22,0.016077777777777778,
675,complex_d02,Complex,20361295,True,4.404765413841233,70,1.15,0.22,0.014755555555555555,
676,complex_d02,Complex,20361296,True,1.9005750471260399,70,1.15,0.22,0.015422222222222223,
677,complex_d02,Complex,20361297,True,5.72510158107616,70,1.15,0.22,0.01578888888888889,
678,complex_d02,Complex,20361298,True,1.0378064839169383,70,1.15,0.22,0.016955555555555557,
679,complex_d02,Complex,20361299,True,2.312282171100378,70,1.15,0.22,0.015633333333333332,
680,complex_d02,Complex,20361300,True,0.9900330589152873,70,1.15,0.22,0.016877777777777776,
681,complex_d02,Complex,20361301,True,2.3852061750367284,70,1.15,0.22,0.01621111111111111,
682,complex_d02,Complex,20361302,True,2.6942340249661356,70,1.15,0.22,0.014022222222222222,
683,complex_d02,Complex,20361303,True,8.210052903043106,70,1.15,0.22,0.016355555555555557,
684,complex_d02,Complex,20361304,True,0.7315636998973787,70,1.15,0.22,0.016566666666666667,
685,complex_d02,Complex,20361305,True,2.507043313002214,70,1.15,0.22,0.015855555555555557,
686,complex_d02,Complex,20361306,True,0.7733391700312495,70,1.15,0.22,0.015322222222222221,
687,complex_d02,Complex,20361307,True,5.25739049888216,70,1.15,0.22,0.016177777777777777,
688,complex_d02,Complex,20361308,True,1.0509554941672832,70,1.15,0.22,0.01598888888888889,
689,complex_d02,Complex,20361309,True,4.967692733975127,70,1.15,0.22,0.0169,
690,complex_d02,Complex,20361310,True,4.433903613127768,70,1.15,0.22,0.014855555555555556,
691,complex_d02,Complex,20361311,True,1.7539860249962658,70,1.15,0.22,0.01621111111111111,
692,complex_d02,Complex,20361312,True,2.113968334859237,70,1.15,0.22,0.014722222222222222,
693,complex_d02,Complex,20361313,True,2.305679877055809,70,1.15,0.22,0.01708888888888889,
694,complex_d02,Complex,20361314,True,1.22757104691118,70,1.15,0.22,0.016188888888888888,
695,complex_d02,Complex,20361315,True,2.17224759911187,70,1.15,0.22,0.01697777777777778,
696,complex_d02,Complex,20361316,True,1.6166540959384292,70,1.15,0.22,0.015522222222222222,
697,complex_d02,Complex,20361317,True,0.9103804340120405,70,1.15,0.22,0.01637777777777778,
698,complex_d02,Complex,20361318,True,1.4742548919748515,70,1.15,0.22,0.015766666666666665,
699,complex_d02,Complex,20361319,True,0.7085897480137646,70,1.15,0.22,0.016177777777777777,
700,complex_d02,Complex,20361320,True,2.8605578588321805,70,1.15,0.22,0.015422222222222223,
701,complex_d02,Complex,20361321,True,1.3715491129551083,70,1.15,0.22,0.016144444444444444,
702,complex_d02,Complex,20361322,True,0.9963756469078362,70,1.15,0.22,0.01672222222222222,
703,complex_d02,Complex,20361323,True,2.0864780980627984,70,1.15,0.22,0.01838888888888889,
704,complex_d02,Complex,20361324,True,3.1207749019376934,70,1.15,0.22,0.015288888888888888,
705,complex_d02,Complex,20361325,True,8.894023389089853,70,1.15,0.22,0.017033333333333334,
706,complex_d02,Complex,20361326,True,4.894238050095737,70,1.15,0.22,0.016288888888888887,
707,complex_d02,Complex,20361327,True,1.3304786027874798,70,1.15,0.22,0.015677777777777777,
708,complex_d02,Complex,20361328,True,0.7951140820514411,70,1.15,0.22,0.014688888888888888,
709,complex_d02,Complex,20361329,True,14.033126384951174,70,1.15,0.22,0.01791111111111111,
710,complex_d02,Complex,20361330,True,5.24063518201001,70,1.15,0.22,0.0167,
711,complex_d02,Complex,20361331,True,6.0417357590049505,70,1.15,0.22,0.015633333333333332,
712,complex_d02,Complex,20361332,True,4.282737286994234,70,1.15,0.22,0.015666666666666666,
713,complex_d02,Complex,20361333,True,1.2470955911558121,70,1.15,0.22,0.015644444444444443,
714,complex_d02,Complex,20361334,True,3.489276575855911,70,1.15,0.22,0.014688888888888888,
715,complex_d02,Complex,20361335,True,4.021579023916274,70,1.15,0.22,0.01588888888888889,
716,complex_d02,Complex,20361336,True,3.8418359260540456,70,1.15,0.22,0.016077777777777778,
717,complex_d02,Complex,20361337,True,1.641135704005137,70,1.15,0.22,0.01601111111111111,
718,complex_d02,Complex,20361338,True,2.3227672029752284,70,1.15,0.22,0.014922222222222222,
719,complex_d02,Complex,20361339,True,3.571782655082643,70,1.15,0.22,0.014555555555555556,
720,complex_d02,Complex,20361340,True,2.1453287440817803,70,1.15,0.22,0.015077777777777778,
721,complex_d02,Complex,20361341,True,2.043132432969287,70,1.15,0.22,0.015688888888888888,
722,complex_d02,Complex,20361342,True,3.5576379830017686,70,1.15,0.22,0.01577777777777778,
723,complex_d02,Complex,20361343,True,5.093052743934095,70,1.15,0.22,0.01587777777777778,
724,complex_d02,Complex,20361344,True,0.8731887151952833,70,1.15,0.22,0.01671111111111111,
725,complex_d02,Complex,20361345,True,1.254005135037005,70,1.15,0.22,0.017133333333333334,
726,complex_d02,Complex,20361346,True,0.6667987159453332,70,1.15,0.22,0.01611111111111111,
727,complex_d02,Complex,20361347,True,2.384108252124861,70,1.15,0.22,0.015655555555555555,
728,complex_d02,Complex,20361348,True,7.858283942099661,70,1.15,0.22,0.0161,
729,complex_d02,Complex,20361349,True,1.394206871977076,70,1.15,0.22,0.015533333333333333,
730,complex_d02,Complex,20361350,True,1.7431481280364096,70,1.15,0.22,0.01718888888888889,
731,complex_d02,Complex,20361351,True,2.937624862184748,70,1.15,0.22,0.01611111111111111,
732,complex_d02,Complex,20361352,True,5.920145648997277,70,1.15,0.22,0.015688888888888888,
733,complex_d02,Complex,20361353,True,1.8844351549632847,70,1.15,0.22,0.016288888888888887,
734,complex_d02,Complex,20361354,True,5.8634437951259315,70,1.15,0.22,0.0168,
735,complex_d02,Complex,20361355,True,2.272699536057189,70,1.15,0.22,0.016411111111111112,
736,complex_d02,Complex,20361356,True,6.571923956973478,70,1.15,0.22,0.0166,
737,complex_d02,Complex,20361357,True,4.6201404018793255,70,1.15,0.22,0.015444444444444445,
738,complex_d02,Complex,20361358,True,3.8039594078436494,70,1.15,0.22,0.017022222222222223,
739,complex_d02,Complex,20361359,True,4.198614826193079,70,1.15,0.22,0.01661111111111111,
740,complex_d02,Complex,20361360,True,1.6798410578630865,70,1.15,0.22,0.014244444444444445,
741,complex_d02,Complex,20361361,True,2.727547099115327,70,1.15,0.22,0.015955555555555556,
742,complex_d02,Complex,20361362,True,1.323942296905443,70,1.15,0.22,0.014688888888888888,
743,complex_d02,Complex,20361363,True,3.0197846710216254,70,1.15,0.22,0.01637777777777778,
744,complex_d02,Complex,20361364,True,6.832320315996185,70,1.15,0.22,0.016622222222222222,
745,complex_d02,Complex,20361365,True,1.2586226721759886,70,1.15,0.22,0.014944444444444444,
746,complex_d02,Complex,20361366,True,4.335631663212553,70,1.15,0.22,0.01631111111111111,
747,complex_d02,Complex,20361367,True,1.7211965939495713,70,1.15,0.22,0.015277777777777777,
748,complex_d02,Complex,20361368,True,0.9567875280044973,70,1.15,0.22,0.015277777777777777,
749,complex_d02,Complex,20361369,True,0.8289937451481819,70,1.15,0.22,0.0181,
750,complex_d02,Complex,20361370,True,2.6370253718923777,70,1.15,0.22,0.016544444444444445,
751,complex_d02,Complex,20361371,True,1.9264146941713989,70,1.15,0.22,0.016022222222222222,
752,complex_d02,Complex,20361372,True,1.8861627781298012,70,1.15,0.22,0.016355555555555557,
753,complex_d02,Complex,20361373,True,1.4335119759198278,70,1.15,0.22,0.01672222222222222,
754,complex_d02,Complex,20361374,True,2.0279623309616,70,1.15,0.22,0.014733333333333333,
755,complex_d02,Complex,20361375,True,0.8309316791128367,70,1.15,0.22,0.015477777777777778,
756,complex_d02,Complex,20361376,True,1.1680203380528837,70,1.15,0.22,0.015055555555555556,
757,complex_d02,Complex,20361377,True,2.42401945986785,70,1.15,0.22,0.016955555555555557,
758,complex_d02,Complex,20361378,True,2.0196618519257754,70,1.15,0.22,0.0171,
759,complex_d02,Complex,20361379,True,0.7765775970183313,70,1.15,0.22,0.015522222222222222,
760,complex_d02,Complex,20361380,True,2.4752147342078388,70,1.15,0.22,0.015766666666666665,
761,complex_d02,Complex,20361381,True,2.221451433841139,70,1.15,0.22,0.016433333333333335,
762,complex_d02,Complex,20361382,True,1.736288475105539,70,1.15,0.22,0.0153,
763,complex_d02,Complex,20361383,True,1.9442567538935691,70,1.15,0.22,0.014755555555555555,
764,complex_d02,Complex,20361384,True,2.5523756868205965,70,1.15,0.22,0.016433333333333335,
765,complex_d02,Complex,20361385,True,1.3252390960697085,70,1.15,0.22,0.017822222222222222,
766,complex_d02,Complex,20361386,True,4.782857774058357,70,1.15,0.22,0.0152,
767,complex_d02,Complex,20361387,True,2.0573672570753843,70,1.15,0.22,0.016866666666666665,
768,complex_d02,Complex,20361388,True,3.0992002738639712,70,1.15,0.22,0.015344444444444445,
769,complex_d02,Complex,20361389,True,2.566605867119506,70,1.15,0.22,0.015755555555555554,
770,complex_d02,Complex,20361390,True,1.141107046045363,70,1.15,0.22,0.017466666666666665,
771,complex_d02,Complex,20361391,True,0.911895893048495,70,1.15,0.22,0.015255555555555555,
772,complex_d02,Complex,20361392,True,4.543971016071737,70,1.15,0.22,0.016777777777777777,
773,complex_d02,Complex,20361393,True,8.746158656198531,70,1.15,0.22,0.015688888888888888,
774,complex_d02,Complex,20361394,True,3.766583384014666,70,1.15,0.22,0.016422222222222223,
775,complex_d02,Complex,20361395,True,1.4662935240194201,70,1.15,0.22,0.014977777777777777,
776,complex_d02,Complex,20361396,True,6.251423135166988,70,1.15,0.22,0.015466666666666667,
777,complex_d02,Complex,20361397,True,1.9045533470343798,70,1.15,0.22,0.015177777777777778,
778,complex_d02,Complex,20361398,True,1.6751198980491608,70,1.15,0.22,0.015655555555555555,
779,complex_d02,Complex,20361399,True,0.8641473008319736,70,1.15,0.22,0.016044444444444445,
780,complex_d02,Complex,20361400,True,1.407531009055674,70,1.15,0.22,0.016544444444444445,
781,complex_d02,Complex,20361401,True,0.9648559100460261,70,1.15,0.22,0.015666666666666666,
782,complex_d02,Complex,20361402,True,6.662034657085314,70,1.15,0.22,0.015555555555555555,
783,complex_d02,Complex,20361403,True,0.32752187899313867,70,1.15,0.22,0.0161,
784,complex_d02,Complex,20361404,True,1.430327873211354,70,1.15,0.22,0.016144444444444444,
785,complex_d02,Complex,20361405,True,1.262802175944671,70,1.15,0.22,0.016055555555555556,
786,complex_d02,Complex,20361406,True,0.79591592005454,70,1.15,0.22,0.015366666666666667,
787,complex_d02,Complex,20361407,True,2.2817458850331604,70,1.15,0.22,0.017,
788,complex_d02,Complex,20361408,True,1.322017332073301,70,1.15,0.22,0.016255555555555554,
789,complex_d02,Complex,20361409,True,1.6094064849894494,70,1.15,0.22,0.016622222222222222,
790,complex_d02,Complex,20361410,True,0.9732549909967929,70,1.15,0.22,0.01637777777777778,
791,complex_d02,Complex,20361411,True,1.8707504160702229,70,1.15,0.22,0.015822222222222224,
792,complex_d02,Complex,20361412,True,6.7554563521407545,70,1.15,0.22,0.017066666666666667,
793,complex_d02,Complex,20361413,True,3.856706446968019,70,1.15,0.22,0.01508888888888889,
794,complex_d02,Complex,20361414,True,0.41947838105261326,70,1.15,0.22,0.01601111111111111,
795,complex_d02,Complex,20361415,True,1.8317872548941523,70,1.15,0.22,0.014422222222222222,
796,complex_d02,Complex,20361416,True,2.3677735570818186,70,1.15,0.22,0.015444444444444445,
797,complex_d02,Complex,20361417,True,0.9783352101221681,70,1.15,0.22,0.015555555555555555,
798,complex_d02,Complex,20361418,True,5.144519976805896,70,1.15,0.22,0.0148,
799,complex_d02,Complex,20361419,True,7.7094360939227045,70,1.15,0.22,0.015844444444444446,
800,complex_d02,Complex,20361420,True,2.4408240609336644,70,1.15,0.22,0.015677777777777777,
801,complex_d02,Complex,20361421,True,1.1850221350323409,70,1.15,0.22,0.017377777777777777,
802,complex_d02,Complex,20361422,True,1.435148820048198,70,1.15,0.22,0.016433333333333335,
803,complex_d02,Complex,20361423,True,0.7375335812103003,70,1.15,0.22,0.0158,
804,complex_d02,Complex,20361424,True,0.7278786501847208,70,1.15,0.22,0.016544444444444445,
805,complex_d02,Complex,20361425,True,3.8944183399435133,70,1.15,0.22,0.015111111111111112,
806,complex_d02,Complex,20361426,True,4.246347571955994,70,1.15,0.22,0.015733333333333332,
807,complex_d02,Complex,20361427,True,1.7633111861068755,70,1.15,0.22,0.015022222222222222,
808,complex_d02,Complex,20361428,True,24.73542507784441,70,1.15,0.22,0.0156,
809,complex_d02,Complex,20361429,True,4.47806931193918,70,1.15,0.22,0.013911111111111112,
810,complex_d02,Complex,20361430,True,1.9947585160844028,70,1.15,0.22,0.016788888888888888,
811,complex_d02,Complex,20361431,True,0.6767992430832237,70,1.15,0.22,0.013777777777777778,
812,complex_d02,Complex,20361432,True,1.2150040590204298,70,1.15,0.22,0.014955555555555555,
813,complex_d02,Complex,20361433,True,2.6163243260234594,70,1.15,0.22,0.015433333333333334,
814,complex_d02,Complex,20361434,True,1.5662095840089023,70,1.15,0.22,0.015477777777777778,
815,complex_d02,Complex,20361435,True,1.2038674801588058,70,1.15,0.22,0.014177777777777777,
816,complex_d02,Complex,20361436,True,0.9666752209886909,70,1.15,0.22,0.015466666666666667,
817,complex_d02,Complex,20361437,True,1.5343170440755785,70,1.15,0.22,0.0158,
818,complex_d02,Complex,20361438,True,1.505009357817471,70,1.15,0.22,0.016288888888888887,
819,complex_d02,Complex,20361439,True,2.7082035031635314,70,1.15,0.22,0.015677777777777777,
820,complex_d02,Complex,20361440,True,2.960024686064571,70,1.15,0.22,0.014566666666666667,
821,complex_d02,Complex,20361441,True,0.9746214370243251,70,1.15,0.22,0.016766666666666666,
822,complex_d02,Complex,20361442,True,1.4624425659421831,70,1.15,0.22,0.01631111111111111,
823,complex_d02,Complex,20361443,True,1.5487091192044318,70,1.15,0.22,0.016122222222222222,
824,complex_d02,Complex,20361444,True,3.5494052059948444,70,1.15,0.22,0.016755555555555555,
825,complex_d02,Complex,20361445,True,2.3842067350633442,70,1.15,0.22,0.015133333333333334,
826,complex_d02,Complex,20361446,True,4.297976416070014,70,1.15,0.22,0.017166666666666667,
827,complex_d02,Complex,20361447,True,1.9190189798828214,70,1.15,0.22,0.015355555555555556,
828,complex_d02,Complex,20361448,True,4.359907497884706,70,1.15,0.22,0.016877777777777776,
829,complex_d02,Complex,20361449,True,3.904314496088773,70,1.15,0.22,0.0155,
830,complex_d02,Complex,20361450,True,5.381213785847649,70,1.15,0.22,0.01621111111111111,
831,complex_d02,Complex,20361451,True,1.7444050339981914,70,1.15,0.22,0.016244444444444443,
832,complex_d02,Complex,20361452,True,1.1759186580311507,70,1.15,0.22,0.017066666666666667,
833,complex_d02,Complex,20361453,True,4.9956742350477725,70,1.15,0.22,0.015322222222222221,
834,complex_d02,Complex,20361454,True,0.9522688230499625,70,1.15,0.22,0.014133333333333333,
835,complex_d02,Complex,20361455,True,1.0716551621444523,70,1.15,0.22,0.016166666666666666,
836,complex_d02,Complex,20361456,True,1.2594047288876027,70,1.15,0.22,0.015966666666666667,
837,complex_d02,Complex,20361457,True,11.683720743982121,70,1.15,0.22,0.016266666666666665,
838,complex_d02,Complex,20361458,True,1.4513094120193273,70,1.15,0.22,0.015655555555555555,
839,complex_d02,Complex,20361459,True,2.5666466921102256,70,1.15,0.22,0.017233333333333333,
840,complex_d02,Complex,20361460,True,6.132670942926779,70,1.15,0.22,0.01611111111111111,
841,complex_d02,Complex,20361461,True,6.22592483391054,70,1.15,0.22,0.01622222222222222,
842,complex_d02,Complex,20361462,True,0.8180538730230182,70,1.15,0.22,0.013888888888888888,
843,complex_d02,Complex,20361463,True,2.3437952119857073,70,1.15,0.22,0.01572222222222222,
844,complex_d02,Complex,20361464,True,1.6549472059123218,70,1.15,0.22,0.01631111111111111,
845,complex_d02,Complex,20361465,True,1.04102414380759,70,1.15,0.22,0.016233333333333332,
846,complex_d02,Complex,20361466,True,8.135193610098213,70,1.15,0.22,0.015522222222222222,
847,complex_d02,Complex,20361467,True,9.90326074208133,70,1.15,0.22,0.015955555555555556,
848,complex_d02,Complex,20361468,True,0.9663214650936425,70,1.15,0.22,0.016166666666666666,
849,complex_d02,Complex,20361469,True,6.072319793049246,70,1.15,0.22,0.01632222222222222,
850,complex_d02,Complex,20361470,True,0.9709882580209523,70,1.15,0.22,0.01572222222222222,
851,complex_d02,Complex,20361471,True,10.259160646004602,70,1.15,0.22,0.014911111111111111,
852,complex_d02,Complex,20361472,True,5.63984826602973,70,1.15,0.22,0.01572222222222222,
853,complex_d02,Complex,20361473,True,3.0097144600003958,70,1.15,0.22,0.015622222222222221,
854,complex_d02,Complex,20361474,True,6.66296125901863,70,1.15,0.22,0.016433333333333335,
855,complex_d02,Complex,20361475,True,0.391443916130811,70,1.15,0.22,0.015255555555555555,
856,complex_d02,Complex,20361476,True,3.4872991158626974,70,1.15,0.22,0.015766666666666665,
857,complex_d02,Complex,20361477,True,1.0558462659828365,70,1.15,0.22,0.015377777777777778,
858,complex_d02,Complex,20361478,True,5.25628362596035,70,1.15,0.22,0.016788888888888888,
859,complex_d02,Complex,20361479,True,3.6926203221082687,70,1.15,0.22,0.0162,
860,complex_d02,Complex,20361480,True,6.683572801062837,70,1.15,0.22,0.016422222222222223,
861,complex_d02,Complex,20361481,True,2.9174042060039937,70,1.15,0.22,0.0158,
862,complex_d02,Complex,20361482,True,3.2262580040842295,70,1.15,0.22,0.016466666666666668,
863,complex_d02,Complex,20361483,True,1.918200463987887,70,1.15,0.22,0.016633333333333333,
864,complex_d02,Complex,20361484,True,1.8085417430847883,70,1.15,0.22,0.0162,
865,complex_d02,Complex,20361485,True,4.491863432107493,70,1.15,0.22,0.01561111111111111,
866,complex_d02,Complex,20361486,True,3.3350164650473744,70,1.15,0.22,0.015677777777777777,
867,complex_d02,Complex,20361487,True,13.132810035021976,70,1.15,0.22,0.015633333333333332,
868,complex_d02,Complex,20361488,True,2.800870966166258,70,1.15,0.22,0.016188888888888888,
869,complex_d02,Complex,20361489,True,10.051692567998543,70,1.15,0.22,0.01698888888888889,
870,complex_d02,Complex,20361490,True,4.169622180983424,70,1.15,0.22,0.0152,
871,complex_d02,Complex,20361491,True,1.086900148075074,70,1.15,0.22,0.015422222222222223,
872,complex_d02,Complex,20361492,True,3.588084032991901,70,1.15,0.22,0.015222222222222222,
873,complex_d02,Complex,20361493,True,7.020527403103188,70,1.15,0.22,0.0174,
874,complex_d02,Complex,20361494,True,0.5402415848802775,70,1.15,0.22,0.015588888888888888,
875,complex_d02,Complex,20361495,True,4.932629988994449,70,1.15,0.22,0.014755555555555555,
876,complex_d02,Complex,20361496,True,4.789272223832086,70,1.15,0.22,0.016144444444444444,
877,complex_d02,Complex,20361497,True,9.592068267054856,70,1.15,0.22,0.016144444444444444,
878,complex_d02,Complex,20361498,True,5.298792627872899,70,1.15,0.22,0.017733333333333334,
879,complex_d02,Complex,20361499,True,1.9466152801178396,70,1.15,0.22,0.015366666666666667,
880,complex_d02,Complex,20361500,True,5.163932918105274,70,1.15,0.22,0.015911111111111112,
881,complex_d02,Complex,20361501,True,14.678386492887512,70,1.15,0.22,0.016277777777777776,
882,complex_d02,Complex,20361502,True,2.8472852848935872,70,1.15,0.22,0.014855555555555556,
883,complex_d02,Complex,20361503,True,10.333706452976912,70,1.15,0.22,0.01818888888888889,
884,complex_d02,Complex,20361504,True,8.229372357018292,70,1.15,0.22,0.01611111111111111,
885,complex_d02,Complex,20361505,True,0.79695357196033,70,1.15,0.22,0.01608888888888889,
886,complex_d02,Complex,20361506,True,3.48947409610264,70,1.15,0.22,0.016033333333333333,
887,complex_d02,Complex,20361507,True,2.028801432810724,70,1.15,0.22,0.0163,
888,complex_d02,Complex,20361508,True,12.221225030021742,70,1.15,0.22,0.016022222222222222,
889,complex_d02,Complex,20361509,True,3.3937936809379607,70,1.15,0.22,0.018233333333333334,
890,complex_d02,Complex,20361510,True,1.4055387580301613,70,1.15,0.22,0.015522222222222222,
891,complex_d02,Complex,20361511,True,3.1335182359907776,70,1.15,0.22,0.015922222222222223,
892,complex_d02,Complex,20361512,True,5.674248372903094,70,1.15,0.22,0.014744444444444444,
893,complex_d02,Complex,20361513,True,0.8609026300255209,70,1.15,0.22,0.016255555555555554,
894,complex_d02,Complex,20361514,True,0.7364004240371287,70,1.15,0.22,0.015455555555555556,
895,complex_d02,Complex,20361515,True,2.6065656568389386,70,1.15,0.22,0.016266666666666665,
896,complex_d02,Complex,20361516,True,1.9783229432068765,70,1.15,0.22,0.01448888888888889,
897,complex_d02,Complex,20361517,True,2.2914724920410663,70,1.15,0.22,0.016155555555555555,
898,complex_d02,Complex,20361518,True,3.2444367811549455,70,1.15,0.22,0.017544444444444446,
899,complex_d02,Complex,20361519,True,0.7792814990971237,70,1.15,0.22,0.0162,
900,complex_d02,Complex,20361520,True,5.214404619997367,70,1.15,0.22,0.015066666666666667,
901,complex_d02,Complex,20361521,True,4.82955111307092,70,1.15,0.22,0.01698888888888889,
902,complex_d02,Complex,20361522,True,1.296260491013527,70,1.15,0.22,0.015422222222222223,
903,complex_d02,Complex,20361523,True,0.691370212007314,70,1.15,0.22,0.0153,
904,complex_d02,Complex,20361524,True,3.012266295030713,70,1.15,0.22,0.014911111111111111,
905,complex_d02,Complex,20361525,True,4.036712871165946,70,1.15,0.22,0.015288888888888888,
906,complex_d02,Complex,20361526,True,2.3945808990392834,70,1.15,0.22,0.016277777777777776,
907,complex_d02,Complex,20361527,True,3.0639148890040815,70,1.15,0.22,0.01478888888888889,
908,complex_d02,Complex,20361528,True,2.4870950151234865,70,1.15,0.22,0.016533333333333334,
909,complex_d02,Complex,20361529,True,0.8005205388180912,70,1.15,0.22,0.01572222222222222,
910,complex_d02,Complex,20361530,True,2.7661429150030017,70,1.15,0.22,0.016744444444444444,
911,complex_d02,Complex,20361531,True,5.605361728928983,70,1.15,0.22,0.0166,
912,complex_d02,Complex,20361532,True,4.377573737874627,70,1.15,0.22,0.017011111111111112,
913,complex_d02,Complex,20361533,True,4.831687956117094,70,1.15,0.22,0.016433333333333335,
914,complex_d02,Complex,20361534,True,14.039964688010514,70,1.15,0.22,0.016344444444444446,
915,complex_d02,Complex,20361535,True,1.5239508950617164,70,1.15,0.22,0.016422222222222223,
916,complex_d02,Complex,20361536,True,1.058478721883148,70,1.15,0.22,0.01508888888888889,
917,complex_d02,Complex,20361537,True,1.7392904160078615,70,1.15,0.22,0.014822222222222223,
918,complex_d02,Complex,20361538,True,5.47124227299355,70,1.15,0.22,0.01478888888888889,
919,complex_d02,Complex,20361539,True,12.543403367046267,70,1.15,0.22,0.014988888888888888,
920,complex_d02,Complex,20361540,True,0.9732805499807,70,1.15,0.22,0.01578888888888889,
921,complex_d02,Complex,20361541,True,3.284774278057739,70,1.15,0.22,0.015744444444444443,
922,complex_d02,Complex,20361542,True,1.2689572197850794,70,1.15,0.22,0.015944444444444445,
923,complex_d02,Complex,20361543,True,2.705470356857404,70,1.15,0.22,0.015111111111111112,
924,complex_d02,Complex,20361544,True,4.3710078748408705,70,1.15,0.22,0.015222222222222222,
925,complex_d02,Complex,20361545,True,2.7737199750263244,70,1.15,0.22,0.016455555555555557,
926,complex_d02,Complex,20361546,True,0.9739793541375548,70,1.15,0.22,0.014855555555555556,
927,complex_d02,Complex,20361547,True,5.066530699841678,70,1.15,0.22,0.017122222222222223,
928,complex_d02,Complex,20361548,True,7.5594299510121346,70,1.15,0.22,0.0148,
929,complex_d02,Complex,20361549,True,1.5834945219103247,70,1.15,0.22,0.015633333333333332,
930,complex_d02,Complex,20361550,True,1.35120933316648,70,1.15,0.22,0.0154,
931,complex_d02,Complex,20361551,True,2.4424990338739008,70,1.15,0.22,0.017066666666666667,
932,complex_d02,Complex,20361552,True,9.059331784956157,70,1.15,0.22,0.01561111111111111,
933,complex_d02,Complex,20361553,True,3.61802844889462,70,1.15,0.22,0.016177777777777777,
934,complex_d02,Complex,20361554,True,0.6762094700243324,70,1.15,0.22,0.0153,
935,complex_d02,Complex,20361555,True,4.629170880187303,70,1.15,0.22,0.014988888888888888,
936,complex_d02,Complex,20361556,True,3.3052725470624864,70,1.15,0.22,0.0143,
937,complex_d02,Complex,20361557,True,3.7865745921153575,70,1.15,0.22,0.015944444444444445,
938,complex_d02,Complex,20361558,True,3.9581692370120436,70,1.15,0.22,0.016511111111111112,
939,complex_d02,Complex,20361559,True,4.924576114164665,70,1.15,0.22,0.016955555555555557,
940,complex_d02,Complex,20361560,True,8.187452211044729,70,1.15,0.22,0.016877777777777776,
941,complex_d02,Complex,20361561,True,3.522464765002951,70,1.15,0.22,0.015466666666666667,
942,complex_d02,Complex,20361562,True,4.521102749044076,70,1.15,0.22,0.01577777777777778,
943,complex_d02,Complex,20361563,True,4.282372610876337,70,1.15,0.22,0.014522222222222223,
944,complex_d02,Complex,20361564,True,2.0203474150039256,70,1.15,0.22,0.015677777777777777,
945,complex_d02,Complex,20361565,True,0.8315174540039152,70,1.15,0.22,0.0159,
946,complex_d02,Complex,20361566,True,1.799601870123297,70,1.15,0.22,0.016522222222222223,
947,complex_d02,Complex,20361567,True,2.2023497368209064,70,1.15,0.22,0.0159,
948,complex_d02,Complex,20361568,True,3.0513770659454167,70,1.15,0.22,0.016066666666666667,
949,complex_d02,Complex,20361569,True,2.3395126149989665,70,1.15,0.22,0.016177777777777777,
950,complex_d02,Complex,20361570,True,4.582532162079588,70,1.15,0.22,0.016188888888888888,
951,complex_d02,Complex,20361571,True,8.185592928901315,70,1.15,0.22,0.013788888888888889,
952,complex_d02,Complex,20361572,True,1.603988123126328,70,1.15,0.22,0.015944444444444445,
953,complex_d02,Complex,20361573,True,6.061821619980037,70,1.15,0.22,0.01638888888888889,
954,complex_d02,Complex,20361574,True,3.2962150301318616,70,1.15,0.22,0.015677777777777777,
955,complex_d02,Complex,20361575,True,2.047279970953241,70,1.15,0.22,0.016566666666666667,
956,complex_d02,Complex,20361576,True,2.323856972856447,70,1.15,0.22,0.015922222222222223,
957,complex_d02,Complex,20361577,True,1.8588396739214659,70,1.15,0.22,0.015911111111111112,
958,complex_d02,Complex,20361578,True,6.957889596931636,70,1.15,0.22,0.015422222222222223,
959,complex_d02,Complex,20361579,True,1.5952326930128038,70,1.15,0.22,0.0153,
960,complex_d02,Complex,20361580,True,1.9720769259147346,70,1.15,0.22,0.0151,
961,complex_d02,Complex,20361581,True,0.6109895890112966,70,1.15,0.22,0.015255555555555555,
962,complex_d02,Complex,20361582,True,1.4589288709685206,70,1.15,0.22,0.01668888888888889,
963,complex_d02,Complex,20361583,True,0.7757318620570004,70,1.15,0.22,0.015066666666666667,
964,complex_d02,Complex,20361584,True,0.7086681039072573,70,1.15,0.22,0.015155555555555556,
965,complex_d02,Complex,20361585,True,8.971948385005817,70,1.15,0.22,0.016133333333333333,
966,complex_d02,Complex,20361586,True,4.7416254840791225,70,1.15,0.22,0.015133333333333334,
967,complex_d02,Complex,20361587,True,2.507525648921728,70,1.15,0.22,0.017244444444444444,
968,complex_d02,Complex,20361588,True,1.119607063010335,70,1.15,0.22,0.015944444444444445,
969,complex_d02,Complex,20361589,True,2.8410158129408956,70,1.15,0.22,0.017066666666666667,
970,complex_d02,Complex,20361590,True,0.9649781328625977,70,1.15,0.22,0.015677777777777777,
971,complex_d02,Complex,20361591,True,3.614060868974775,70,1.15,0.22,0.016522222222222223,
972,complex_d02,Complex,20361592,True,1.9866167879663408,70,1.15,0.22,0.016155555555555555,
973,complex_d02,Complex,20361593,True,1.8474380217958242,70,1.15,0.22,0.017,
974,complex_d02,Complex,20361594,True,0.9574173609726131,70,1.15,0.22,0.01572222222222222,
975,complex_d02,Complex,20361595,True,0.8042970830574632,70,1.15,0.22,0.016533333333333334,
976,complex_d02,Complex,20361596,True,2.2604252309538424,70,1.15,0.22,0.014855555555555556,
977,complex_d02,Complex,20361597,True,2.800500968005508,70,1.15,0.22,0.015144444444444445,
978,complex_d02,Complex,20361598,True,10.194564088946208,70,1.15,0.22,0.0163,
979,complex_d02,Complex,20361599,True,1.3312324301805347,70,1.15,0.22,0.01721111111111111,
980,complex_d02,Complex,20361600,True,2.186390705872327,70,1.15,0.22,0.014688888888888888,
981,complex_d02,Complex,20361601,True,0.8598139791283756,70,1.15,0.22,0.015266666666666666,
982,complex_d02,Complex,20361602,True,2.7670735619030893,70,1.15,0.22,0.016777777777777777,
983,complex_d02,Complex,20361603,True,1.9519045858178288,70,1.15,0.22,0.015633333333333332,
984,complex_d02,Complex,20361604,True,15.89574045012705,70,1.15,0.22,0.014944444444444444,
985,complex_d02,Complex,20361605,True,6.397738632047549,70,1.15,0.22,0.016022222222222222,
986,complex_d02,Complex,20361606,True,2.8689341919962317,70,1.15,0.22,0.016288888888888887,
987,complex_d02,Complex,20361607,True,0.7352301219943911,70,1.15,0.22,0.01571111111111111,
988,complex_d02,Complex,20361608,True,4.299796940060332,70,1.15,0.22,0.014988888888888888,
989,complex_d02,Complex,20361609,True,1.4028600258752704,70,1.15,0.22,0.0154,
990,complex_d02,Complex,20361610,True,3.1239754050038755,70,1.15,0.22,0.017133333333333334,
991,complex_d02,Complex,20361611,True,4.735096594085917,70,1.15,0.22,0.015811111111111113,
992,complex_d02,Complex,20361612,True,3.049944797065109,70,1.15,0.22,0.015188888888888889,
993,complex_d02,Complex,20361613,True,2.0631681820377707,70,1.15,0.22,0.01598888888888889,
994,complex_d02,Complex,20361614,True,0.6678456598892808,70,1.15,0.22,0.014588888888888889,
995,complex_d02,Complex,20361615,True,0.8870639849919826,70,1.15,0.22,0.016555555555555556,
996,complex_d02,Complex,20361616,True,3.2828946851659566,70,1.15,0.22,0.016233333333333332,
997,complex_d02,Complex,20361617,True,1.7951696650125086,70,1.15,0.22,0.0159,
998,complex_d02,Complex,20361618,True,3.033857259899378,70,1.15,0.22,0.016177777777777777,
999,complex_d02,Complex,20361619,True,1.5939644919708371,70,1.15,0.22,0.016244444444444443,
1000,complex_d02,Complex,20361620,True,1.8588644610717893,70,1.15,0.22,0.01732222222222222,
1001,complex_d02,Complex,20361621,True,4.407538728090003,70,1.15,0.22,0.017011111111111112,
1002,complex_d02,Complex,20361622,True,6.032036625081673,70,1.15,0.22,0.016122222222222222,
1003,complex_d02,Complex,20361623,True,3.0960375061258674,70,1.15,0.22,0.01577777777777778,
1004,complex_d02,Complex,20361624,True,0.8632431239821017,70,1.15,0.22,0.015433333333333334,
1005,complex_d02,Complex,20361625,True,0.5630954049993306,70,1.15,0.22,0.015933333333333334,
1006,complex_d02,Complex,20361626,True,4.638315225020051,70,1.15,0.22,0.016522222222222223,
1007,complex_d02,Complex,20361627,True,10.968763616867363,70,1.15,0.22,0.015,
1008,complex_d02,Complex,20361628,True,9.311175056034699,70,1.15,0.22,0.015644444444444443,
1009,complex_d02,Complex,20361629,True,4.863751759054139,70,1.15,0.22,0.017055555555555556,
1010,complex_d02,Complex,20361630,True,5.65572588192299,70,1.15,0.22,0.015966666666666667,
1011,complex_d02,Complex,20361631,True,0.9642807708587497,70,1.15,0.22,0.015633333333333332,
1012,complex_d02,Complex,20361632,True,8.378437957027927,70,1.15,0.22,0.015644444444444443,
1013,complex_d02,Complex,20361633,True,6.571835025912151,70,1.15,0.22,0.015422222222222223,
1014,complex_d02,Complex,20361634,True,1.292968753958121,70,1.15,0.22,0.014877777777777778,
1015,complex_d02,Complex,20361635,True,6.94953473797068,70,1.15,0.22,0.015111111111111112,
1016,complex_d02,Complex,20361636,True,4.322335750097409,70,1.15,0.22,0.01411111111111111,
1017,complex_d02,Complex,20361637,True,3.484492648160085,70,1.15,0.22,0.01611111111111111,
1018,complex_d02,Complex,20361638,True,2.000446385005489,70,1.15,0.22,0.01538888888888889,
1019,complex_d02,Complex,20361639,True,2.062139467103407,70,1.15,0.22,0.015933333333333334,
1020,complex_d02,Complex,20361640,True,2.605545829050243,70,1.15,0.22,0.015822222222222224,
1021,complex_d02,Complex,20361641,True,13.609553673071787,70,1.15,0.22,0.014633333333333333,
1022,complex_d02,Complex,20361642,True,2.1491861641407013,70,1.15,0.22,0.01571111111111111,
1023,complex_d02,Complex,20361643,True,1.0523781329393387,70,1.15,0.22,0.016022222222222222,
1024,complex_d02,Complex,20361644,True,3.712286138907075,70,1.15,0.22,0.01631111111111111,
1025,complex_d02,Complex,20361645,True,1.5517436179798096,70,1.15,0.22,0.016433333333333335,
1026,complex_d02,Complex,20361646,True,2.1258925208821893,70,1.15,0.22,0.0147,
1027,complex_d02,Complex,20361647,True,0.8205861439928412,70,1.15,0.22,0.016355555555555557,
1028,complex_d02,Complex,20361648,True,11.772739022038877,70,1.15,0.22,0.014844444444444445,
1029,complex_d02,Complex,20361649,True,3.009320819983259,70,1.15,0.22,0.014044444444444444,
1030,complex_d02,Complex,20361650,True,3.992165631847456,70,1.15,0.22,0.015866666666666668,
1031,complex_d02,Complex,20361651,True,1.6927385008893907,70,1.15,0.22,0.016833333333333332,
1032,complex_d02,Complex,20361652,True,0.7818274470046163,70,1.15,0.22,0.016455555555555557,
1033,complex_d02,Complex,20361653,True,6.2917702361010015,70,1.15,0.22,0.01561111111111111,
1034,complex_d02,Complex,20361654,True,3.7242822470143437,70,1.15,0.22,0.013844444444444444,
1035,complex_d02,Complex,20361655,True,0.5660018289927393,70,1.15,0.22,0.016355555555555557,
1036,complex_d02,Complex,20361656,True,2.7862105891108513,70,1.15,0.22,0.017122222222222223,
1037,complex_d02,Complex,20361657,True,4.038450388005003,70,1.15,0.22,0.015655555555555555,
1038,complex_d02,Complex,20361658,True,3.558502493193373,70,1.15,0.22,0.014433333333333333,
1039,complex_d02,Complex,20361659,True,2.35396442306228,70,1.15,0.22,0.016155555555555555,
1040,complex_d02,Complex,20361660,True,2.5014218639116734,70,1.15,0.22,0.015333333333333332,
1041,complex_d02,Complex,20361661,True,2.6768166029360145,70,1.15,0.22,0.016133333333333333,
1042,complex_d02,Complex,20361662,True,2.926548703107983,70,1.15,0.22,0.015577777777777777,
1043,complex_d02,Complex,20361663,True,1.3787197780329734,70,1.15,0.22,0.016633333333333333,
1044,complex_d02,Complex,20361664,True,0.9829827880021185,70,1.15,0.22,0.01608888888888889,
1045,complex_d02,Complex,20361665,True,2.151906674960628,70,1.15,0.22,0.015811111111111113,
1046,complex_d02,Complex,20361666,True,1.9880312259774655,70,1.15,0.22,0.016922222222222224,
1047,complex_d02,Complex,20361667,True,6.154305313015357,70,1.15,0.22,0.016122222222222222,
1048,complex_d02,Complex,20361668,True,6.70307391602546,70,1.15,0.22,0.014866666666666667,
1049,complex_d02,Complex,20361669,True,0.7941638790071011,70,1.15,0.22,0.015477777777777778,
1050,complex_d02,Complex,20361670,True,5.158409793162718,70,1.15,0.22,0.015766666666666665,
1051,complex_d02,Complex,20361671,True,4.663583881920204,70,1.15,0.22,0.015122222222222223,
1052,complex_d02,Complex,20361672,True,4.257052890025079,70,1.15,0.22,0.015444444444444445,
1053,complex_d02,Complex,20361673,True,5.168423623079434,70,1.15,0.22,0.016888888888888887,
1054,complex_d02,Complex,20361674,True,2.4274821567814797,70,1.15,0.22,0.01622222222222222,
1055,complex_d02,Complex,20361675,True,1.6456104130484164,70,1.15,0.22,0.016277777777777776,
1056,complex_d02,Complex,20361676,True,6.326671431073919,70,1.15,0.22,0.014811111111111112,
1057,complex_d02,Complex,20361677,True,1.6296413529198617,70,1.15,0.22,0.01638888888888889,
1058,complex_d02,Complex,20361678,True,6.928401594981551,70,1.15,0.22,0.0165,
1059,complex_d02,Complex,20361679,True,3.148950486909598,70,1.15,0.22,0.013933333333333334,
1060,complex_d02,Complex,20361680,True,3.003424857975915,70,1.15,0.22,0.016166666666666666,
1061,complex_d02,Complex,20361681,True,9.302913367981091,70,1.15,0.22,0.01647777777777778,
1062,complex_d02,Complex,20361682,True,3.5154954898171127,70,1.15,0.22,0.014966666666666666,
1063,complex_d02,Complex,20361683,True,1.9838921430055052,70,1.15,0.22,0.015455555555555556,
1064,complex_d02,Complex,20361684,True,2.254263364011422,70,1.15,0.22,0.01621111111111111,
1065,complex_d02,Complex,20361685,True,2.8938968928996474,70,1.15,0.22,0.015755555555555554,
1066,complex_d02,Complex,20361686,True,0.7453109070193022,70,1.15,0.22,0.015466666666666667,
1067,complex_d02,Complex,20361687,True,5.973795979050919,70,1.15,0.22,0.015122222222222223,
1068,complex_d02,Complex,20361688,True,0.6534838411025703,70,1.15,0.22,0.016177777777777777,
1069,complex_d02,Complex,20361689,True,7.230310963001102,70,1.15,0.22,0.016133333333333333,
1070,complex_d02,Complex,20361690,True,3.424976631999016,70,1.15,0.22,0.015566666666666666,
1071,complex_d02,Complex,20361691,True,2.0384547899011523,70,1.15,0.22,0.017433333333333332,
1072,complex_d02,Complex,20361692,True,4.928997321985662,70,1.15,0.22,0.017433333333333332,
1073,complex_d02,Complex,20361693,True,10.580032214988023,70,1.15,0.22,0.015688888888888888,
1074,complex_d02,Complex,20361694,True,0.8562325481325388,70,1.15,0.22,0.015,
1075,complex_d02,Complex,20361695,True,1.5406598378904164,70,1.15,0.22,0.017866666666666666,
1076,complex_d02,Complex,20361696,True,4.919978823047131,70,1.15,0.22,0.015155555555555556,
1077,complex_d02,Complex,20361697,True,1.1192706918809563,70,1.15,0.22,0.015911111111111112,
1078,complex_d02,Complex,20361698,True,2.0967225451022387,70,1.15,0.22,0.014822222222222223,
1079,complex_d02,Complex,20361699,True,3.0723862380255014,70,1.15,0.22,0.015633333333333332,
1080,complex_d02,Complex,20361700,True,5.400460778968409,70,1.15,0.22,0.0165,
1081,complex_d02,Complex,20361701,True,1.6949399660807103,70,1.15,0.22,0.016655555555555555,
1082,complex_d02,Complex,20361702,True,2.0151123800314963,70,1.15,0.22,0.015644444444444443,
1083,complex_d02,Complex,20361703,True,7.461461615981534,70,1.15,0.22,0.01698888888888889,
1084,complex_d02,Complex,20361704,True,5.930547563824803,70,1.15,0.22,0.015955555555555556,
1085,complex_d02,Complex,20361705,True,1.1716034188866615,70,1.15,0.22,0.01622222222222222,
1086,complex_d02,Complex,20361706,True,1.1300582450348884,70,1.15,0.22,0.016666666666666666,
1087,complex_d02,Complex,20361707,True,8.688505505910143,70,1.15,0.22,0.015444444444444445,
1088,complex_d02,Complex,20361708,True,2.011570564005524,70,1.15,0.22,0.01501111111111111,
1089,complex_d02,Complex,20361709,True,7.358456186950207,70,1.15,0.22,0.016555555555555556,
1090,complex_d02,Complex,20361710,True,15.308471996104345,70,1.15,0.22,0.016644444444444444,
1091,complex_d02,Complex,20361711,True,1.7431554140057415,70,1.15,0.22,0.0152,
1092,complex_d02,Complex,20361712,True,7.07055362011306,70,1.15,0.22,0.01647777777777778,
1093,complex_d02,Complex,20361713,True,8.505716434214264,70,1.15,0.22,0.014766666666666668,
1094,complex_d02,Complex,20361714,True,1.182466696947813,70,1.15,0.22,0.015911111111111112,
1095,complex_d02,Complex,20361715,True,3.404458591947332,70,1.15,0.22,0.015144444444444445,
1096,complex_d02,Complex,20361716,True,2.445712371962145,70,1.15,0.22,0.016355555555555557,
1097,complex_d02,Complex,20361717,True,2.672750101890415,70,1.15,0.22,0.016077777777777778,
1098,complex_d02,Complex,20361718,True,3.3551398091949522,70,1.15,0.22,0.016777777777777777,
1099,complex_d02,Complex,20361719,True,0.9722084179520607,70,1.15,0.22,0.015533333333333333,
1100,complex_d02,Complex,20361720,True,1.6984351831488311,70,1.15,0.22,0.01608888888888889,
1101,complex_d02,Complex,20361721,True,0.7570888958871365,70,1.15,0.22,0.0166,
1102,complex_d02,Complex,20361722,True,1.3698420198634267,70,1.15,0.22,0.015866666666666668,
1103,complex_d02,Complex,20361723,True,8.739764027995989,70,1.15,0.22,0.015055555555555556,
1104,complex_d02,Complex,20361724,True,1.0132416698615998,70,1.15,0.22,0.016866666666666665,
1105,complex_d02,Complex,20361725,True,4.257289421977475,70,1.15,0.22,0.015522222222222222,
1106,complex_d02,Complex,20361726,True,0.7120664899703115,70,1.15,0.22,0.016433333333333335,
1107,complex_d02,Complex,20361727,True,4.214423599187285,70,1.15,0.22,0.0159,
1108,complex_d02,Complex,20361728,True,5.064395534107462,70,1.15,0.22,0.01577777777777778,
1109,complex_d02,Complex,20361729,True,2.477755406172946,70,1.15,0.22,0.01671111111111111,
1110,complex_d02,Complex,20361730,True,2.1031977410893887,70,1.15,0.22,0.016444444444444446,
1111,complex_d02,Complex,20361731,True,6.073081013048068,70,1.15,0.22,0.016522222222222223,
1112,complex_d02,Complex,20361732,True,1.8488203850574791,70,1.15,0.22,0.01588888888888889,
1113,complex_d02,Complex,20361733,True,1.8514646620023996,70,1.15,0.22,0.014844444444444445,
1114,complex_d02,Complex,20361734,True,2.62274039699696,70,1.15,0.22,0.0159,
1115,complex_d02,Complex,20361735,True,5.18001485010609,70,1.15,0.22,0.016866666666666665,
1116,complex_d02,Complex,20361736,True,3.5957985238637775,70,1.15,0.22,0.015055555555555556,
1117,complex_d02,Complex,20361737,True,5.687043586978689,70,1.15,0.22,0.0155,
1118,complex_d02,Complex,20361738,True,6.796524889068678,70,1.15,0.22,0.017744444444444445,
1119,complex_d02,Complex,20361739,True,0.9884833057876676,70,1.15,0.22,0.016044444444444445,
1120,complex_d02,Complex,20361740,True,1.1943454979918897,70,1.15,0.22,0.014977777777777777,
1121,complex_d02,Complex,20361741,True,2.811432671966031,70,1.15,0.22,0.016022222222222222,
1122,complex_d02,Complex,20361742,True,2.67008825391531,70,1.15,0.22,0.01571111111111111,
1123,complex_d02,Complex,20361743,True,1.5958707809913903,70,1.15,0.22,0.015188888888888889,
1124,complex_d02,Complex,20361744,True,1.0303849659394473,70,1.15,0.22,0.015677777777777777,
1125,complex_d02,Complex,20361745,True,1.3214024810586125,70,1.15,0.22,0.015933333333333334,
1126,complex_d02,Complex,20361746,True,1.6884393678046763,70,1.15,0.22,0.014811111111111112,
1127,complex_d02,Complex,20361747,True,1.7025437711272389,70,1.15,0.22,0.0153,
1128,complex_d02,Complex,20361748,True,1.44172781589441,70,1.15,0.22,0.01611111111111111,
1129,complex_d02,Complex,20361749,True,1.8461340649519116,70,1.15,0.22,0.015255555555555555,
1130,complex_d02,Complex,20361750,True,2.2990386390592903,70,1.15,0.22,0.01571111111111111,
1131,complex_d02,Complex,20361751,True,2.4474530841689557,70,1.15,0.22,0.016533333333333334,
1132,complex_d02,Complex,20361752,True,0.6471458449959755,70,1.15,0.22,0.0159,
1133,complex_d02,Complex,20361753,True,2.8610312580130994,70,1.15,0.22,0.0159,
1134,complex_d02,Complex,20361754,True,1.8344889460131526,70,1.15,0.22,0.016188888888888888,
1135,complex_d02,Complex,20361755,True,2.4987763189710677,70,1.15,0.22,0.0148,
1136,complex_d02,Complex,20361756,True,2.4962709210813046,70,1.15,0.22,0.015455555555555556,
1137,complex_d02,Complex,20361757,True,2.9849849310703576,70,1.15,0.22,0.017,
1138,complex_d02,Complex,20361758,True,1.1335070170462132,70,1.15,0.22,0.01647777777777778,
1139,complex_d02,Complex,20361759,True,1.4284032268915325,70,1.15,0.22,0.017555555555555557,
1140,complex_d02,Complex,20361760,True,8.511625271989033,70,1.15,0.22,0.016444444444444446,
1141,complex_d02,Complex,20361761,True,3.9383672459516674,70,1.15,0.22,0.015,
1142,complex_d02,Complex,20361762,True,2.4663399348501116,70,1.15,0.22,0.0158,
1143,complex_d02,Complex,20361763,True,1.1816460969857872,70,1.15,0.22,0.01561111111111111,
1144,complex_d02,Complex,20361764,True,3.2954678051173687,70,1.15,0.22,0.015655555555555555,
1145,complex_d02,Complex,20361765,True,1.2773931040428579,70,1.15,0.22,0.01531111111111111,
1146,complex_d02,Complex,20361766,True,1.8778535688761622,70,1.15,0.22,0.017022222222222223,
1147,complex_d02,Complex,20361767,True,4.972375873010606,70,1.15,0.22,0.0159,
1148,complex_d02,Complex,20361768,True,4.524254505056888,70,1.15,0.22,0.014766666666666668,
1149,complex_d02,Complex,20361769,True,3.71696017193608,70,1.15,0.22,0.0144,
1150,complex_d02,Complex,20361770,True,1.377033210825175,70,1.15,0.22,0.015511111111111111,
1151,complex_d02,Complex,20361771,True,8.729009640170261,70,1.15,0.22,0.015744444444444443,
1152,complex_d02,Complex,20361772,True,2.8362687290646136,70,1.15,0.22,0.014344444444444444,
1153,complex_d02,Complex,20361773,True,4.894829186145216,70,1.15,0.22,0.015277777777777777,
1154,complex_d02,Complex,20361774,True,1.8742269398644567,70,1.15,0.22,0.015977777777777778,
1155,complex_d02,Complex,20361775,True,3.923975055105984,70,1.15,0.22,0.015577777777777777,
1156,complex_d02,Complex,20361776,True,7.983079100959003,70,1.15,0.22,0.01578888888888889,
1157,complex_d02,Complex,20361777,True,0.37369728018529713,70,1.15,0.22,0.015066666666666667,
1158,complex_d02,Complex,20361778,True,2.071002187905833,70,1.15,0.22,0.017,
1159,complex_d02,Complex,20361779,True,0.6766970239114016,70,1.15,0.22,0.017766666666666667,
1160,complex_d02,Complex,20361780,True,1.0901813569944352,70,1.15,0.22,0.015933333333333334,
1161,complex_d02,Complex,20361781,True,0.804452400887385,70,1.15,0.22,0.01572222222222222,
1162,complex_d02,Complex,20361782,True,1.1031791211571544,70,1.15,0.22,0.015833333333333335,
1163,complex_d02,Complex,20361783,True,0.8004746939986944,70,1.15,0.22,0.01648888888888889,
1164,complex_d02,Complex,20361784,True,9.459442961029708,70,1.15,0.22,0.016066666666666667,
1165,complex_d02,Complex,20361785,True,1.3701509311795235,70,1.15,0.22,0.016366666666666668,
1166,complex_d02,Complex,20361786,True,6.217186287045479,70,1.15,0.22,0.016077777777777778,
1167,complex_d02,Complex,20361787,True,1.4836414698511362,70,1.15,0.22,0.018833333333333334,
1168,complex_d02,Complex,20361788,True,3.8291210799943656,70,1.15,0.22,0.015366666666666667,
1169,complex_d02,Complex,20361789,True,5.024668352911249,70,1.15,0.22,0.016177777777777777,
1170,complex_d02,Complex,20361790,True,2.1448340280912817,70,1.15,0.22,0.0155,
1171,complex_d02,Complex,20361791,True,4.495521290926263,70,1.15,0.22,0.0156,
1172,complex_d02,Complex,20361792,True,1.2907603308558464,70,1.15,0.22,0.01561111111111111,
1173,complex_d02,Complex,20361793,True,5.91363230580464,70,1.15,0.22,0.015577777777777777,
1174,complex_d02,Complex,20361794,True,4.350365485064685,70,1.15,0.22,0.015566666666666666,
1175,complex_d02,Complex,20361795,True,4.675656432984397,70,1.15,0.22,0.01611111111111111,
1176,complex_d02,Complex,20361796,True,3.6182070919312537,70,1.15,0.22,0.015966666666666667,
1177,complex_d02,Complex,20361797,True,2.0403064810670912,70,1.15,0.22,0.015288888888888888,
1178,complex_d02,Complex,20361798,True,2.2212499231100082,70,1.15,0.22,0.0163,
1179,complex_d02,Complex,20361799,True,2.7615887611173093,70,1.15,0.22,0.017744444444444445,
1180,complex_d02,Complex,20361800,True,1.5054096907842904,70,1.15,0.22,0.015066666666666667,
1181,complex_d02,Complex,20361801,True,3.3409831679891795,70,1.15,0.22,0.015233333333333333,
1182,complex_d02,Complex,20361802,True,1.1874937950633466,70,1.15,0.22,0.0158,
1183,complex_d02,Complex,20361803,True,0.6644551679491997,70,1.15,0.22,0.016055555555555556,
1184,complex_d02,Complex,20361804,True,4.885187609819695,70,1.15,0.22,0.016344444444444446,
1185,complex_d02,Complex,20361805,True,0.5542422509752214,70,1.15,0.22,0.015688888888888888,
1186,complex_d02,Complex,20361806,True,1.2961916711647063,70,1.15,0.22,0.01601111111111111,
1187,complex_d02,Complex,20361807,True,2.607333180960268,70,1.15,0.22,0.01671111111111111,
1188,complex_d02,Complex,20361808,True,1.5505161280743778,70,1.15,0.22,0.01671111111111111,
1189,complex_d02,Complex,20361809,True,2.6150034959428012,70,1.15,0.22,0.014977777777777777,
1190,complex_d02,Complex,20361810,True,0.8628087302204221,70,1.15,0.22,0.015844444444444446,
1191,complex_d02,Complex,20361811,True,4.420025625033304,70,1.15,0.22,0.01622222222222222,
1192,complex_d02,Complex,20361812,True,4.975970197934657,70,1.15,0.22,0.015533333333333333,
1193,complex_d02,Complex,20361813,True,1.4340366760734469,70,1.15,0.22,0.014877777777777778,
1194,complex_d02,Complex,20361814,True,0.6936395578086376,70,1.15,0.22,0.015211111111111111,
1195,complex_d02,Complex,20361815,True,3.4333344330079854,70,1.15,0.22,0.0157,
1196,complex_d02,Complex,20361816,True,1.6479626030195504,70,1.15,0.22,0.017166666666666667,
1197,complex_d02,Complex,20361817,True,1.5608533779159188,70,1.15,0.22,0.016877777777777776,
1198,complex_d02,Complex,20361818,True,2.8484897550661117,70,1.15,0.22,0.016122222222222222,
1199,complex_d02,Complex,20361819,True,3.479728023055941,70,1.15,0.22,0.014677777777777777,
1200,complex_d02,Complex,20361820,True,0.810361395822838,70,1.15,0.22,0.016944444444444446,
1201,complex_d02,Complex,20361821,True,1.0948643549345434,70,1.15,0.22,0.015111111111111112,
1202,complex_d02,Complex,20361822,True,0.8576753921806812,70,1.15,0.22,0.015,
1203,complex_d02,Complex,20361823,True,1.0386125680524856,70,1.15,0.22,0.015955555555555556,
1204,complex_d02,Complex,20361824,True,4.0836204558145255,70,1.15,0.22,0.014622222222222222,
1205,complex_d02,Complex,20361825,True,4.994002894964069,70,1.15,0.22,0.015155555555555556,
1206,complex_d02,Complex,20361826,True,0.8089973279275,70,1.15,0.22,0.01588888888888889,
1207,complex_d02,Complex,20361827,True,2.575526667991653,70,1.15,0.22,0.0159,
1208,complex_d02,Complex,20361828,True,2.7270040209405124,70,1.15,0.22,0.014655555555555555,
1209,complex_d02,Complex,20361829,True,1.1951973629184067,70,1.15,0.22,0.017,
1210,complex_d02,Complex,20361830,True,3.982825943036005,70,1.15,0.22,0.0145,
1211,complex_d02,Complex,20361831,True,2.007551929913461,70,1.15,0.22,0.015744444444444443,
1212,complex_d02,Complex,20361832,True,1.5797060530167073,70,1.15,0.22,0.014188888888888888,
1213,complex_d02,Complex,20361833,True,2.9802563250996172,70,1.15,0.22,0.016266666666666665,
1214,complex_d02,Complex,20361834,True,1.1672510548960418,70,1.15,0.22,0.015666666666666666,
1215,complex_d02,Complex,20361835,True,1.0784275839105248,70,1.15,0.22,0.014311111111111111,
1216,complex_d02,Complex,20361836,True,1.9227908488828689,70,1.15,0.22,0.016066666666666667,
1217,complex_d02,Complex,20361837,True,8.304639962967485,70,1.15,0.22,0.015977777777777778,
1218,complex_d02,Complex,20361838,True,2.080035920953378,70,1.15,0.22,0.016455555555555557,
1219,complex_d02,Complex,20361839,True,0.8590547339990735,70,1.15,0.22,0.0169,
1220,complex_d02,Complex,20361840,True,2.197044485947117,70,1.15,0.22,0.015477777777777778,
1221,complex_d02,Complex,20361841,True,2.5881427568383515,70,1.15,0.22,0.014222222222222223,
1222,complex_d02,Complex,20361842,True,1.184466159204021,70,1.15,0.22,0.016777777777777777,
1223,complex_d02,Complex,20361843,True,0.6276388629339635,70,1.15,0.22,0.017333333333333333,
1224,complex_d02,Complex,20361844,True,0.9990987339988351,70,1.15,0.22,0.01577777777777778,
1225,complex_d02,Complex,20361845,True,1.5215331132058054,70,1.15,0.22,0.016022222222222222,
1226,complex_d02,Complex,20361846,True,2.1286772838793695,70,1.15,0.22,0.016277777777777776,
1227,complex_d02,Complex,20361847,True,2.604131910018623,70,1.15,0.22,0.017,
1228,complex_d02,Complex,20361848,True,1.7681905028875917,70,1.15,0.22,0.01588888888888889,
1229,complex_d02,Complex,20361849,True,6.924174468964338,70,1.15,0.22,0.016188888888888888,
1230,complex_d02,Complex,20361850,True,0.7627214582171291,70,1.15,0.22,0.015644444444444443,
1231,complex_d02,Complex,20361851,True,5.730776767944917,70,1.15,0.22,0.016677777777777777,
1232,complex_d02,Complex,20361852,True,1.3534801241476089,70,1.15,0.22,0.016055555555555556,
1233,complex_d02,Complex,20361853,True,0.5639310549013317,70,1.15,0.22,0.018111111111111113,
1234,complex_d02,Complex,20361854,True,2.0167118120007217,70,1.15,0.22,0.0164,
1235,complex_d02,Complex,20361855,True,0.6753368689678609,70,1.15,0.22,0.015077777777777778,
1236,complex_d02,Complex,20361856,True,1.7423942449968308,70,1.15,0.22,0.015022222222222222,
1237,complex_d02,Complex,20361857,True,1.5540372100658715,70,1.15,0.22,0.015666666666666666,
1238,complex_d02,Complex,20361858,True,9.334772631060332,70,1.15,0.22,0.01621111111111111,
1239,complex_d02,Complex,20361859,True,4.155865089036524,70,1.15,0.22,0.015933333333333334,
1240,complex_d02,Complex,20361860,True,11.8517955429852,70,1.15,0.22,0.014211111111111112,
1241,complex_d02,Complex,20361861,True,2.577436403138563,70,1.15,0.22,0.01681111111111111,
1242,complex_d02,Complex,20361862,True,1.8872086140327156,70,1.15,0.22,0.01648888888888889,
1243,complex_d02,Complex,20361863,True,7.244208777090535,70,1.15,0.22,0.0156,
1244,complex_d02,Complex,20361864,True,13.275461368029937,70,1.15,0.22,0.0158,
1245,complex_d02,Complex,20361865,True,1.4613088159821928,70,1.15,0.22,0.01501111111111111,
1246,complex_d02,Complex,20361866,True,3.0251938609872013,70,1.15,0.22,0.01633333333333333,
1247,complex_d02,Complex,20361867,True,0.8044635360129178,70,1.15,0.22,0.01622222222222222,
1248,complex_d02,Complex,20361868,True,5.691024540923536,70,1.15,0.22,0.016788888888888888,
1249,complex_d02,Complex,20361869,True,2.2200754419900477,70,1.15,0.22,0.015144444444444445,
1250,complex_d02,Complex,20361870,True,3.5514304731041193,70,1.15,0.22,0.01587777777777778,
1251,complex_d02,Complex,20361871,True,2.9724989940878004,70,1.15,0.22,0.01608888888888889,
1252,complex_d02,Complex,20361872,True,0.5094489990733564,70,1.15,0.22,0.015655555555555555,
1253,complex_d02,Complex,20361873,True,0.7837637469638139,70,1.15,0.22,0.015111111111111112,
1254,complex_d02,Complex,20361874,True,3.7089328221045434,70,1.15,0.22,0.015033333333333333,
1255,complex_d02,Complex,20361875,True,9.475901064928621,70,1.15,0.22,0.016511111111111112,
1256,complex_d02,Complex,20361876,True,17.873307089088485,70,1.15,0.22,0.015866666666666668,
1257,complex_d02,Complex,20361877,True,2.4001575550064445,70,1.15,0.22,0.014333333333333333,
1258,complex_d02,Complex,20361878,True,9.509073792025447,70,1.15,0.22,0.015633333333333332,
1259,complex_d02,Complex,20361879,True,1.6644850820302963,70,1.15,0.22,0.01621111111111111,
1260,complex_d02,Complex,20361880,True,2.0981483061332256,70,1.15,0.22,0.014522222222222223,
1261,complex_d02,Complex,20361881,True,4.676644902909175,70,1.15,0.22,0.01538888888888889,
1262,complex_d02,Complex,20361882,True,1.2230615811422467,70,1.15,0.22,0.015866666666666668,
1263,complex_d02,Complex,20361883,True,5.107927257893607,70,1.15,0.22,0.014077777777777778,
1264,complex_d02,Complex,20361884,True,8.697462696116418,70,1.15,0.22,0.016233333333333332,
1265,complex_d02,Complex,20361885,True,1.940189016982913,70,1.15,0.22,0.016733333333333333,
1266,complex_d02,Complex,20361886,True,1.1756040549371392,70,1.15,0.22,0.015588888888888888,
1267,complex_d02,Complex,20361887,True,0.506875554099679,70,1.15,0.22,0.016277777777777776,
1268,complex_d02,Complex,20361888,True,3.467551650945097,70,1.15,0.22,0.016966666666666668,
1269,complex_d02,Complex,20361889,True,1.3889129059389234,70,1.15,0.22,0.014977777777777777,
1270,complex_d02,Complex,20361890,True,0.9617363358847797,70,1.15,0.22,0.015622222222222221,
1271,complex_d02,Complex,20361891,True,1.466135999886319,70,1.15,0.22,0.01707777777777778,
1272,complex_d02,Complex,20361892,True,1.317418847931549,70,1.15,0.22,0.014466666666666666,
1273,complex_d02,Complex,20361893,True,3.282477051950991,70,1.15,0.22,0.014666666666666666,
1274,complex_d02,Complex,20361894,True,1.0628689699806273,70,1.15,0.22,0.0151,
1275,complex_d02,Complex,20361895,True,12.442223225021735,70,1.15,0.22,0.017266666666666666,
1276,complex_d02,Complex,20361896,True,3.08768990309909,70,1.15,0.22,0.017566666666666668,
1277,complex_d02,Complex,20361897,True,4.104430010076612,70,1.15,0.22,0.01732222222222222,
1278,complex_d02,Complex,20361898,True,0.8351637939922512,70,1.15,0.22,0.014644444444444444,
1279,complex_d02,Complex,20361899,True,0.9396174210123718,70,1.15,0.22,0.01577777777777778,
1280,complex_d02,Complex,20361900,True,4.267194751184434,70,1.15,0.22,0.01632222222222222,
1281,complex_d02,Complex,20361901,True,4.213573968037963,70,1.15,0.22,0.015288888888888888,
1282,complex_d02,Complex,20361902,True,1.0487953249830753,70,1.15,0.22,0.015244444444444444,
1283,complex_d02,Complex,20361903,True,8.82906571100466,70,1.15,0.22,0.016277777777777776,
1284,complex_d02,Complex,20361904,True,1.9367343049962074,70,1.15,0.22,0.01508888888888889,
1285,complex_d02,Complex,20361905,True,1.0768586439080536,70,1.15,0.22,0.01577777777777778,
1286,complex_d02,Complex,20361906,True,13.024483596906066,70,1.15,0.22,0.01598888888888889,
1287,complex_d02,Complex,20361907,True,5.9326271349564195,70,1.15,0.22,0.01531111111111111,
1288,complex_d02,Complex,20361908,True,2.540147409075871,70,1.15,0.22,0.0161,
1289,complex_d02,Complex,20361909,True,3.1694751291070133,70,1.15,0.22,0.017477777777777776,
1290,complex_d02,Complex,20361910,True,1.7385797600727528,70,1.15,0.22,0.016255555555555554,
1291,complex_d02,Complex,20361911,True,0.9033513639587909,70,1.15,0.22,0.0156,
1292,complex_d02,Complex,20361912,True,1.2022634220775217,70,1.15,0.22,0.014433333333333333,
1293,complex_d02,Complex,20361913,True,1.0762545249890536,70,1.15,0.22,0.015866666666666668,
1294,complex_d02,Complex,20361914,True,2.9042777421418577,70,1.15,0.22,0.016544444444444445,
1295,complex_d02,Complex,20361915,True,1.4479095221031457,70,1.15,0.22,0.015433333333333334,
1296,complex_d02,Complex,20361916,True,5.321588262915611,70,1.15,0.22,0.01728888888888889,
1297,complex_d02,Complex,20361917,True,13.110156053910032,70,1.15,0.22,0.016577777777777778,
1298,complex_d02,Complex,20361918,True,3.2035386150237173,70,1.15,0.22,0.01538888888888889,
1299,complex_d02,Complex,20361919,True,1.2935641990043223,70,1.15,0.22,0.016444444444444446,
1300,complex_d02,Complex,20361920,True,1.21679880307056,70,1.15,0.22,0.016022222222222222,
1301,complex_d02,Complex,20361921,True,2.7127386110369116,70,1.15,0.22,0.017477777777777776,
1302,complex_d02,Complex,20361922,True,3.685451324097812,70,1.15,0.22,0.016188888888888888,
1303,complex_d02,Complex,20361923,True,1.5886368621140718,70,1.15,0.22,0.015588888888888888,
1304,complex_d02,Complex,20361924,True,2.1206277860328555,70,1.15,0.22,0.0161,
1305,complex_d02,Complex,20361925,True,3.8100692389998585,70,1.15,0.22,0.016666666666666666,
1306,complex_d02,Complex,20361926,True,4.419351621996611,70,1.15,0.22,0.016255555555555554,
1307,complex_d02,Complex,20361927,True,1.2166716640349478,70,1.15,0.22,0.01671111111111111,
1308,complex_d02,Complex,20361928,True,0.4998837928287685,70,1.15,0.22,0.016155555555555555,
1309,complex_d02,Complex,20361929,True,1.3002056961413473,70,1.15,0.22,0.016188888888888888,
1310,complex_d02,Complex,20361930,True,5.985434935893863,70,1.15,0.22,0.016433333333333335,
1311,complex_d02,Complex,20361931,True,0.9411347289569676,70,1.15,0.22,0.014766666666666668,
1312,complex_d02,Complex,20361932,True,3.5190656231716275,70,1.15,0.22,0.016077777777777778,
1313,complex_d02,Complex,20361933,True,5.0582902119494975,70,1.15,0.22,0.016766666666666666,
1314,complex_d02,Complex,20361934,True,6.15457117697224,70,1.15,0.22,0.01691111111111111,
1315,complex_d02,Complex,20361935,True,1.58250388992019,70,1.15,0.22,0.015822222222222224,
1316,complex_d02,Complex,20361936,True,1.9280034240800887,70,1.15,0.22,0.016177777777777777,
1317,complex_d02,Complex,20361937,True,1.1574120668228716,70,1.15,0.22,0.015244444444444444,
1318,complex_d02,Complex,20361938,True,3.159660547040403,70,1.15,0.22,0.017522222222222224,
1319,complex_d02,Complex,20361939,True,5.832687627989799,70,1.15,0.22,0.016244444444444443,
1320,complex_d02,Complex,20361940,True,0.5308562009595335,70,1.15,0.22,0.015655555555555555,
1321,complex_d02,Complex,20361941,True,4.591955138137564,70,1.15,0.22,0.01671111111111111,
1322,complex_d02,Complex,20361942,True,1.2963956620078534,70,1.15,0.22,0.015455555555555556,
1323,complex_d02,Complex,20361943,True,0.7345231589861214,70,1.15,0.22,0.0152,
1324,complex_d02,Complex,20361944,True,4.3718479729723185,70,1.15,0.22,0.0155,
1325,complex_d02,Complex,20361945,True,8.043816743185744,70,1.15,0.22,0.014322222222222222,
1326,complex_d02,Complex,20361946,True,1.619819293031469,70,1.15,0.22,0.01637777777777778,
1327,complex_d02,Complex,20361947,True,1.6480786509346217,70,1.15,0.22,0.015522222222222222,
1328,complex_d02,Complex,20361948,True,7.152463226113468,70,1.15,0.22,0.015822222222222224,
1329,complex_d02,Complex,20361949,True,4.824483667034656,70,1.15,0.22,0.016022222222222222,
1330,complex_d02,Complex,20361950,True,3.9310917512048036,70,1.15,0.22,0.016622222222222222,
1331,complex_d02,Complex,20361951,True,2.6730525731109083,70,1.15,0.22,0.016933333333333335,
1332,complex_d02,Complex,20361952,True,1.7410749399568886,70,1.15,0.22,0.015933333333333334,
1333,complex_d02,Complex,20361953,True,5.800546859856695,70,1.15,0.22,0.016922222222222224,
1334,extreme_d03,Extreme,20361954,True,1.573681591078639,85,1.05,0.24,0.019066666666666666,
1335,extreme_d04,Extreme,20361955,True,3.6276758988387883,100,0.95,0.25,0.02266666666666667,
1336,extreme_d05,Extreme,20361956,True,6.399699262809008,115,0.9,0.25,0.025988888888888888,
1337,extreme_d03,Extreme,20361957,True,2.0044185298029333,85,1.05,0.24,0.018133333333333335,
1338,extreme_d04,Extreme,20361958,True,2.272141691064462,100,0.95,0.25,0.02338888888888889,
1339,extreme_d05,Extreme,20361959,True,4.730187474982813,115,0.9,0.25,0.026,
1340,extreme_d03,Extreme,20361960,True,1.1570856301113963,85,1.05,0.24,0.0205,
1341,extreme_d04,Extreme,20361961,True,2.1253006220795214,100,0.95,0.25,0.021877777777777777,
1342,extreme_d05,Extreme,20361962,True,7.338866663863882,115,0.9,0.25,0.025988888888888888,
1343,extreme_d03,Extreme,20361963,True,1.6819001277908683,85,1.05,0.24,0.020055555555555556,
1344,extreme_d04,Extreme,20361964,True,2.747487697051838,100,0.95,0.25,0.022433333333333333,
1345,extreme_d05,Extreme,20361965,True,8.37643698300235,115,0.9,0.25,0.0244,
1346,extreme_d03,Extreme,20361966,True,0.9817820710595697,85,1.05,0.24,0.019344444444444445,
1347,extreme_d04,Extreme,20361967,True,3.791205613175407,100,0.95,0.25,0.024044444444444445,
1348,extreme_d05,Extreme,20361968,True,9.453797715948895,115,0.9,0.25,0.025766666666666667,
1349,extreme_d03,Extreme,20361969,True,3.9042595899663866,85,1.05,0.24,0.016666666666666666,
1350,extreme_d04,Extreme,20361970,True,6.3548438609577715,100,0.95,0.25,0.0218,
1351,extreme_d05,Extreme,20361971,True,0.8824252758640796,115,0.9,0.25,0.025744444444444445,
1352,extreme_d03,Extreme,20361972,True,1.9408109278883785,85,1.05,0.24,0.01988888888888889,
1353,extreme_d04,Extreme,20361973,True,5.66197375790216,100,0.95,0.25,0.0233,
1354,extreme_d05,Extreme,20361974,True,6.034304950153455,115,0.9,0.25,0.026977777777777778,
1355,extreme_d03,Extreme,20361975,True,5.107539824908599,85,1.05,0.24,0.020666666666666667,
1356,extreme_d04,Extreme,20361976,True,13.195487534860149,100,0.95,0.25,0.023811111111111113,
1357,extreme_d05,Extreme,20361977,True,5.092276883078739,115,0.9,0.25,0.024877777777777776,
1358,extreme_d03,Extreme,20361978,True,1.1469610300846398,85,1.05,0.24,0.018977777777777777,
1359,extreme_d04,Extreme,20361979,True,7.106335808988661,100,0.95,0.25,0.022333333333333334,
1360,extreme_d05,Extreme,20361980,True,3.809427761938423,115,0.9,0.25,0.0256,
1361,extreme_d03,Extreme,20361981,True,4.681558892130852,85,1.05,0.24,0.0175,
1362,extreme_d04,Extreme,20361982,True,1.1883620899170637,100,0.95,0.25,0.024133333333333333,
1363,extreme_d05,Extreme,20361983,True,7.149676608853042,115,0.9,0.25,0.02667777777777778,
1364,extreme_d03,Extreme,20361984,True,3.7559184038545936,85,1.05,0.24,0.0202,
1365,extreme_d04,Extreme,20361985,True,9.180875549092889,100,0.95,0.25,0.0222,
1366,extreme_d05,Extreme,20361986,True,1.973242306848988,115,0.9,0.25,0.0288,
1367,extreme_d03,Extreme,20361987,True,2.5734599351417273,85,1.05,0.24,0.020255555555555554,
1368,extreme_d04,Extreme,20361988,True,5.482339528156444,100,0.95,0.25,0.021855555555555555,
1369,extreme_d05,Extreme,20361989,True,4.567314692772925,115,0.9,0.25,0.026,
1370,extreme_d03,Extreme,20361990,True,1.6869785271119326,85,1.05,0.24,0.01958888888888889,
1371,extreme_d04,Extreme,20361991,True,1.8459730008617043,100,0.95,0.25,0.022866666666666667,
1372,extreme_d05,Extreme,20361992,True,0.9666270108427852,115,0.9,0.25,0.02691111111111111,
1373,extreme_d03,Extreme,20361993,True,1.3864870721008629,85,1.05,0.24,0.019733333333333332,
1374,extreme_d04,Extreme,20361994,True,1.609309911960736,100,0.95,0.25,0.02071111111111111,
1375,extreme_d05,Extreme,20361995,True,1.0053533590398729,115,0.9,0.25,0.02458888888888889,
1376,extreme_d03,Extreme,20361996,True,3.0451268600299954,85,1.05,0.24,0.0198,
1377,extreme_d04,Extreme,20361997,True,14.316175697138533,100,0.95,0.25,0.021722222222222223,
1378,extreme_d05,Extreme,20361998,True,7.08786356006749,115,0.9,0.25,0.024877777777777776,
1379,extreme_d03,Extreme,20361999,True,1.5830791571643203,85,1.05,0.24,0.019244444444444446,
1380,extreme_d04,Extreme,20362000,True,2.0499375278595835,100,0.95,0.25,0.0225,
1381,extreme_d05,Extreme,20362001,True,4.43250704719685,115,0.9,0.25,0.025444444444444443,
1382,extreme_d03,Extreme,20362002,True,0.926162458024919,85,1.05,0.24,0.020533333333333334,
1383,extreme_d04,Extreme,20362003,True,1.575307561084628,100,0.95,0.25,0.024744444444444444,
1384,extreme_d05,Extreme,20362004,True,2.018023759126663,115,0.9,0.25,0.02557777777777778,
1385,extreme_d03,Extreme,20362005,True,2.0610865999478847,85,1.05,0.24,0.02037777777777778,
1386,extreme_d04,Extreme,20362006,True,0.7836670081596822,100,0.95,0.25,0.023322222222222223,
1387,extreme_d05,Extreme,20362007,True,3.304377093911171,115,0.9,0.25,0.02497777777777778,
1388,extreme_d03,Extreme,20362008,True,4.439848924987018,85,1.05,0.24,0.017366666666666666,
1389,extreme_d04,Extreme,20362009,True,2.8533886240329593,100,0.95,0.25,0.0238,
1390,extreme_d05,Extreme,20362010,True,6.380643949843943,115,0.9,0.25,0.025533333333333335,
1391,extreme_d03,Extreme,20362011,True,3.91027392889373,85,1.05,0.24,0.019133333333333332,
1392,extreme_d04,Extreme,20362012,True,3.2291859798133373,100,0.95,0.25,0.02231111111111111,
1393,extreme_d05,Extreme,20362013,True,7.100931311957538,115,0.9,0.25,0.027911111111111112,
1394,extreme_d03,Extreme,20362014,True,0.8850499738473445,85,1.05,0.24,0.017444444444444443,
1395,extreme_d04,Extreme,20362015,True,10.522622579010203,100,0.95,0.25,0.02348888888888889,
1396,extreme_d05,Extreme,20362016,True,2.4681273370515555,115,0.9,0.25,0.024266666666666666,
1397,extreme_d03,Extreme,20362017,True,1.9669414130039513,85,1.05,0.24,0.0211,
1398,extreme_d04,Extreme,20362018,True,11.551535897888243,100,0.95,0.25,0.0219,
1399,extreme_d05,Extreme,20362019,True,7.4974395299796015,115,0.9,0.25,0.022977777777777778,
1400,extreme_d03,Extreme,20362020,True,3.4246165337972343,85,1.05,0.24,0.018555555555555554,
1401,extreme_d04,Extreme,20362021,True,5.969624404096976,100,0.95,0.25,0.023866666666666668,
1402,extreme_d05,Extreme,20362022,True,2.3915951531380415,115,0.9,0.25,0.02666666666666667,
1403,extreme_d03,Extreme,20362023,True,9.984292601933703,85,1.05,0.24,0.019266666666666668,
1404,extreme_d04,Extreme,20362024,True,3.7531255250796676,100,0.95,0.25,0.022733333333333335,
1405,extreme_d05,Extreme,20362025,True,11.64202386396937,115,0.9,0.25,0.0254,
1406,extreme_d03,Extreme,20362026,True,11.626194627024233,85,1.05,0.24,0.017977777777777777,
1407,extreme_d04,Extreme,20362027,True,3.6311541530303657,100,0.95,0.25,0.023577777777777777,
1408,extreme_d05,Extreme,20362028,True,5.703254758147523,115,0.9,0.25,0.025844444444444444,
1409,extreme_d03,Extreme,20362029,True,2.2162303989753127,85,1.05,0.24,0.018433333333333333,
1410,extreme_d04,Extreme,20362030,True,2.9960209699347615,100,0.95,0.25,0.0207,
1411,extreme_d05,Extreme,20362031,True,2.992720918962732,115,0.9,0.25,0.025544444444444446,
1412,extreme_d03,Extreme,20362032,True,1.5482348438818008,85,1.05,0.24,0.01778888888888889,
1413,extreme_d04,Extreme,20362033,True,4.829274972900748,100,0.95,0.25,0.022433333333333333,
1414,extreme_d05,Extreme,20362034,True,6.026794264093041,115,0.9,0.25,0.02651111111111111,
1415,extreme_d03,Extreme,20362035,True,1.1237879041582346,85,1.05,0.24,0.018466666666666666,
1416,extreme_d04,Extreme,20362036,True,10.818078047130257,100,0.95,0.25,0.021533333333333335,
1417,extreme_d05,Extreme,20362037,True,15.108686018968001,115,0.9,0.25,0.02677777777777778,
1418,extreme_d03,Extreme,20362038,True,9.104594420874491,85,1.05,0.24,0.020233333333333332,
1419,extreme_d04,Extreme,20362039,True,1.8604776069987565,100,0.95,0.25,0.023255555555555557,
1420,extreme_d05,Extreme,20362040,True,2.396096403012052,115,0.9,0.25,0.026844444444444445,
1421,extreme_d03,Extreme,20362041,True,1.4077184938360006,85,1.05,0.24,0.02061111111111111,
1422,extreme_d04,Extreme,20362042,True,4.72117378981784,100,0.95,0.25,0.02207777777777778,
1423,extreme_d05,Extreme,20362043,True,8.411677520954981,115,0.9,0.25,0.0272,
1424,extreme_d03,Extreme,20362044,True,12.418439782923087,85,1.05,0.24,0.01861111111111111,
1425,extreme_d04,Extreme,20362045,True,3.29709170316346,100,0.95,0.25,0.023788888888888887,
1426,extreme_d05,Extreme,20362046,True,2.244677104987204,115,0.9,0.25,0.025166666666666667,
1427,extreme_d03,Extreme,20362047,True,1.7813997101038694,85,1.05,0.24,0.019077777777777777,
1428,extreme_d04,Extreme,20362048,True,2.335800895933062,100,0.95,0.25,0.022155555555555557,
1429,extreme_d05,Extreme,20362049,True,2.300412175944075,115,0.9,0.25,0.026744444444444446,
1430,extreme_d03,Extreme,20362050,True,3.6657347639556974,85,1.05,0.24,0.019733333333333332,
1431,extreme_d04,Extreme,20362051,True,6.107637577923015,100,0.95,0.25,0.02178888888888889,
1432,extreme_d05,Extreme,20362052,True,8.271279582986608,115,0.9,0.25,0.026333333333333334,
1433,extreme_d03,Extreme,20362053,True,3.029263105010614,85,1.05,0.24,0.020766666666666666,
1434,extreme_d04,Extreme,20362054,True,2.8088971860706806,100,0.95,0.25,0.022922222222222222,
1435,extreme_d05,Extreme,20362055,True,3.010341734159738,115,0.9,0.25,0.026755555555555557,
1436,extreme_d03,Extreme,20362056,True,4.736080767121166,85,1.05,0.24,0.019666666666666666,
1437,extreme_d04,Extreme,20362057,True,1.5389786399900913,100,0.95,0.25,0.022744444444444446,
1438,extreme_d05,Extreme,20362058,True,0.8952609000261873,115,0.9,0.25,0.02411111111111111,
1439,extreme_d03,Extreme,20362059,True,2.584314834093675,85,1.05,0.24,0.018655555555555557,
1440,extreme_d04,Extreme,20362060,True,8.62318645697087,100,0.95,0.25,0.02192222222222222,
1441,extreme_d05,Extreme,20362061,True,1.605825938982889,115,0.9,0.25,0.02758888888888889,
1442,extreme_d03,Extreme,20362062,True,1.501681603025645,85,1.05,0.24,0.017833333333333333,
1443,extreme_d04,Extreme,20362063,True,1.4515367259737104,100,0.95,0.25,0.02302222222222222,
1444,extreme_d05,Extreme,20362064,True,2.794514416018501,115,0.9,0.25,0.02571111111111111,
1445,extreme_d03,Extreme,20362065,True,1.1098467919509858,85,1.05,0.24,0.020511111111111112,
1446,extreme_d04,Extreme,20362066,True,3.6415139040909708,100,0.95,0.25,0.02207777777777778,
1447,extreme_d05,Extreme,20362067,True,9.995858394075185,115,0.9,0.25,0.027088888888888888,
1448,extreme_d03,Extreme,20362068,True,2.959804829908535,85,1.05,0.24,0.017011111111111112,
1449,extreme_d04,Extreme,20362069,True,17.81625607702881,100,0.95,0.25,0.021733333333333334,
1450,extreme_d05,Extreme,20362070,True,3.132400079164654,115,0.9,0.25,0.026655555555555554,
1451,extreme_d03,Extreme,20362071,True,3.062902642879635,85,1.05,0.24,0.019544444444444444,
1452,extreme_d04,Extreme,20362072,True,2.13837785506621,100,0.95,0.25,0.02118888888888889,
1453,extreme_d05,Extreme,20362073,True,10.875782741000876,115,0.9,0.25,0.0255,
1454,extreme_d03,Extreme,20362074,True,2.86612690705806,85,1.05,0.24,0.019733333333333332,
1455,extreme_d04,Extreme,20362075,True,4.229871771996841,100,0.95,0.25,0.0217,
1456,extreme_d05,Extreme,20362076,True,7.793938008137047,115,0.9,0.25,0.026333333333333334,
1457,extreme_d03,Extreme,20362077,True,2.6175503470003605,85,1.05,0.24,0.01937777777777778,
1458,extreme_d04,Extreme,20362078,True,2.8721947118174285,100,0.95,0.25,0.022722222222222224,
1459,extreme_d05,Extreme,20362079,True,3.7277620129752904,115,0.9,0.25,0.027955555555555556,
1460,extreme_d03,Extreme,20362080,True,1.1659418989438564,85,1.05,0.24,0.018533333333333332,
1461,extreme_d04,Extreme,20362081,True,20.815908117918298,100,0.95,0.25,0.023933333333333334,
1462,extreme_d05,Extreme,20362082,True,0.651851877104491,115,0.9,0.25,0.026133333333333335,
1463,extreme_d03,Extreme,20362083,True,3.411288807168603,85,1.05,0.24,0.0183,
1464,extreme_d04,Extreme,20362084,True,3.1367810589727014,100,0.95,0.25,0.023455555555555556,
1465,extreme_d05,Extreme,20362085,True,7.379799984162673,115,0.9,0.25,0.02542222222222222,
1466,extreme_d03,Extreme,20362086,True,7.3638285039924085,85,1.05,0.24,0.018855555555555556,
1467,extreme_d04,Extreme,20362087,True,5.729503445094451,100,0.95,0.25,0.02277777777777778,
1468,extreme_d05,Extreme,20362088,True,4.443827042123303,115,0.9,0.25,0.024022222222222223,
1469,extreme_d03,Extreme,20362089,True,2.3344786940142512,85,1.05,0.24,0.018211111111111112,
1470,extreme_d04,Extreme,20362090,True,0.527362491004169,100,0.95,0.25,0.02531111111111111,
1471,extreme_d05,Extreme,20362091,True,7.810173817910254,115,0.9,0.25,0.02868888888888889,
1472,extreme_d03,Extreme,20362092,True,3.1690935387741774,85,1.05,0.24,0.01901111111111111,
1473,extreme_d04,Extreme,20362093,True,6.1907799548935145,100,0.95,0.25,0.022977777777777778,
1474,extreme_d05,Extreme,20362094,True,1.4450217948760837,115,0.9,0.25,0.023822222222222224,
1475,extreme_d03,Extreme,20362095,True,1.0169124729000032,85,1.05,0.24,0.01951111111111111,
1476,extreme_d04,Extreme,20362096,True,6.784580499865115,100,0.95,0.25,0.0228,
1477,extreme_d05,Extreme,20362097,True,8.533130162861198,115,0.9,0.25,0.02667777777777778,
1478,extreme_d03,Extreme,20362098,True,15.311782601987943,85,1.05,0.24,0.018933333333333333,
1479,extreme_d04,Extreme,20362099,True,8.851606874959543,100,0.95,0.25,0.02158888888888889,
1480,extreme_d05,Extreme,20362100,True,7.90585712203756,115,0.9,0.25,0.023,
1481,extreme_d03,Extreme,20362101,True,0.5701489530038089,85,1.05,0.24,0.018577777777777776,
1482,extreme_d04,Extreme,20362102,True,3.526005929103121,100,0.95,0.25,0.02178888888888889,
1483,extreme_d05,Extreme,20362103,True,7.126577503979206,115,0.9,0.25,0.025011111111111112,
1484,extreme_d03,Extreme,20362104,True,2.165637434925884,85,1.05,0.24,0.018566666666666665,
1485,extreme_d04,Extreme,20362105,True,9.383168655913323,100,0.95,0.25,0.024433333333333335,
1486,extreme_d05,Extreme,20362106,True,2.367137787863612,115,0.9,0.25,0.025988888888888888,
1487,extreme_d03,Extreme,20362107,True,2.8393508268054575,85,1.05,0.24,0.02033333333333333,
1488,extreme_d04,Extreme,20362108,True,4.700341474963352,100,0.95,0.25,0.021855555555555555,
1489,extreme_d05,Extreme,20362109,True,2.4255090521182865,115,0.9,0.25,0.025766666666666667,
1490,extreme_d03,Extreme,20362110,True,1.4284866831731051,85,1.05,0.24,0.01972222222222222,
1491,extreme_d04,Extreme,20362111,True,7.140700954943895,100,0.95,0.25,0.0246,
1492,extreme_d05,Extreme,20362112,True,9.66736398707144,115,0.9,0.25,0.027933333333333334,
1493,extreme_d03,Extreme,20362113,True,9.751579697942361,85,1.05,0.24,0.019222222222222224,
1494,extreme_d04,Extreme,20362114,True,3.6667986700776964,100,0.95,0.25,0.021844444444444444,
1495,extreme_d05,Extreme,20362115,True,6.647573264781386,115,0.9,0.25,0.02492222222222222,
1496,extreme_d03,Extreme,20362116,True,7.967058482114226,85,1.05,0.24,0.020144444444444444,
1497,extreme_d04,Extreme,20362117,True,3.7769314260222018,100,0.95,0.25,0.021977777777777777,
1498,extreme_d05,Extreme,20362118,True,9.167178042931482,115,0.9,0.25,0.026544444444444443,
1499,extreme_d03,Extreme,20362119,True,4.506915089907125,85,1.05,0.24,0.0184,
1500,extreme_d04,Extreme,20362120,True,8.099648674018681,100,0.95,0.25,0.022866666666666667,
1501,extreme_d05,Extreme,20362121,True,7.434027195908129,115,0.9,0.25,0.02493333333333333,
1502,extreme_d03,Extreme,20362122,True,0.4425350159872323,85,1.05,0.24,0.0182,
1503,extreme_d04,Extreme,20362123,True,1.1425759689882398,100,0.95,0.25,0.021833333333333333,
1504,extreme_d05,Extreme,20362124,True,4.158394376980141,115,0.9,0.25,0.0256,
1505,extreme_d03,Extreme,20362125,True,0.4341752608306706,85,1.05,0.24,0.02108888888888889,
1506,extreme_d04,Extreme,20362126,True,1.9239485431462526,100,0.95,0.25,0.021855555555555555,
1507,extreme_d05,Extreme,20362127,True,2.096368934959173,115,0.9,0.25,0.025655555555555556,
1508,extreme_d03,Extreme,20362128,True,4.729869207832962,85,1.05,0.24,0.0187,
1509,extreme_d04,Extreme,20362129,True,2.238864897051826,100,0.95,0.25,0.02288888888888889,
1510,extreme_d05,Extreme,20362130,True,3.9423551349900663,115,0.9,0.25,0.026244444444444445,
1511,extreme_d03,Extreme,20362131,True,1.0499361578840762,85,1.05,0.24,0.01941111111111111,
1512,extreme_d04,Extreme,20362132,True,3.9582553131040186,100,0.95,0.25,0.022744444444444446,
1513,extreme_d05,Extreme,20362133,True,2.3589988010935485,115,0.9,0.25,0.026211111111111112,
1514,extreme_d03,Extreme,20362134,True,4.248005286091939,85,1.05,0.24,0.017133333333333334,
1515,extreme_d04,Extreme,20362135,True,2.7609643491450697,100,0.95,0.25,0.021111111111111112,
1516,extreme_d05,Extreme,20362136,True,2.519124757964164,115,0.9,0.25,0.025122222222222223,
1517,extreme_d03,Extreme,20362137,True,1.8680611359886825,85,1.05,0.24,0.019566666666666666,
1518,extreme_d04,Extreme,20362138,True,7.304732857039198,100,0.95,0.25,0.0236,
1519,extreme_d05,Extreme,20362139,True,3.640934261959046,115,0.9,0.25,0.026533333333333332,
1520,extreme_d03,Extreme,20362140,True,6.5332190750632435,85,1.05,0.24,0.0196,
1521,extreme_d04,Extreme,20362141,True,0.578063934808597,100,0.95,0.25,0.020633333333333333,
1522,extreme_d05,Extreme,20362142,True,2.1383949231822044,115,0.9,0.25,0.027644444444444444,
1523,extreme_d03,Extreme,20362143,True,1.4626217579934746,85,1.05,0.24,0.018977777777777777,
1524,extreme_d04,Extreme,20362144,True,1.7478600081522018,100,0.95,0.25,0.022366666666666667,
1525,extreme_d05,Extreme,20362145,True,6.1223666509613395,115,0.9,0.25,0.024833333333333332,
1526,extreme_d03,Extreme,20362146,True,2.4673568250145763,85,1.05,0.24,0.019966666666666667,
1527,extreme_d04,Extreme,20362147,True,3.278197673847899,100,0.95,0.25,0.021533333333333335,
1528,extreme_d05,Extreme,20362148,True,5.113282492849976,115,0.9,0.25,0.025655555555555556,
1529,extreme_d03,Extreme,20362149,True,1.783481644000858,85,1.05,0.24,0.019744444444444443,
1530,extreme_d04,Extreme,20362150,True,1.0322399951983243,100,0.95,0.25,0.023033333333333333,
1531,extreme_d05,Extreme,20362151,True,2.9630545109976083,115,0.9,0.25,0.022555555555555554,
1532,extreme_d03,Extreme,20362152,True,4.977731702150777,85,1.05,0.24,0.0193,
1533,extreme_d04,Extreme,20362153,True,1.5192157998681068,100,0.95,0.25,0.021877777777777777,
1534,extreme_d05,Extreme,20362154,True,3.7402590070851147,115,0.9,0.25,0.024655555555555556,
1535,extreme_d03,Extreme,20362155,True,6.32070049084723,85,1.05,0.24,0.01951111111111111,
1536,extreme_d04,Extreme,20362156,True,4.523794854059815,100,0.95,0.25,0.02227777777777778,
1537,extreme_d05,Extreme,20362157,True,2.807025439105928,115,0.9,0.25,0.023344444444444445,
1538,extreme_d03,Extreme,20362158,True,2.1392316538840532,85,1.05,0.24,0.019,
1539,extreme_d04,Extreme,20362159,True,9.862970994086936,100,0.95,0.25,0.02171111111111111,
1540,extreme_d05,Extreme,20362160,True,6.273678551893681,115,0.9,0.25,0.0283,
1541,extreme_d03,Extreme,20362161,True,7.461167328990996,85,1.05,0.24,0.01867777777777778,
1542,extreme_d04,Extreme,20362162,True,0.9766835200134665,100,0.95,0.25,0.023477777777777778,
1543,extreme_d05,Extreme,20362163,True,2.467202622909099,115,0.9,0.25,0.025744444444444445,
1544,extreme_d03,Extreme,20362164,True,5.8205898948945105,85,1.05,0.24,0.019344444444444445,
1545,extreme_d04,Extreme,20362165,True,3.39500680193305,100,0.95,0.25,0.022344444444444445,
1546,extreme_d05,Extreme,20362166,True,1.3067989309784025,115,0.9,0.25,0.024633333333333333,
1547,extreme_d03,Extreme,20362167,True,1.254804742988199,85,1.05,0.24,0.0196,
1548,extreme_d04,Extreme,20362168,True,1.265200664056465,100,0.95,0.25,0.023744444444444443,
1549,extreme_d05,Extreme,20362169,True,9.790830065030605,115,0.9,0.25,0.02698888888888889,
1550,extreme_d03,Extreme,20362170,True,8.124389281962067,85,1.05,0.24,0.019244444444444446,
1551,extreme_d04,Extreme,20362171,True,2.364371243165806,100,0.95,0.25,0.0222,
1552,extreme_d05,Extreme,20362172,True,14.394197202054784,115,0.9,0.25,0.02532222222222222,
1553,extreme_d03,Extreme,20362173,True,7.891190445050597,85,1.05,0.24,0.01877777777777778,
1554,extreme_d04,Extreme,20362174,True,4.809413823997602,100,0.95,0.25,0.02181111111111111,
1555,extreme_d05,Extreme,20362175,True,20.518570523010567,115,0.9,0.25,0.025655555555555556,
1556,extreme_d03,Extreme,20362176,True,2.1269969039130956,85,1.05,0.24,0.018166666666666668,
1557,extreme_d04,Extreme,20362177,True,2.199383187107742,100,0.95,0.25,0.02321111111111111,
1558,extreme_d05,Extreme,20362178,True,2.063186888117343,115,0.9,0.25,0.024677777777777778,
1559,extreme_d03,Extreme,20362179,True,0.7978692948818207,85,1.05,0.24,0.017666666666666667,
1560,extreme_d04,Extreme,20362180,True,4.53101865388453,100,0.95,0.25,0.0237,
1561,extreme_d05,Extreme,20362181,True,2.0172246338333935,115,0.9,0.25,0.0287,
1562,extreme_d03,Extreme,20362182,True,2.5595542618539184,85,1.05,0.24,0.021066666666666668,
1563,extreme_d04,Extreme,20362183,True,2.744657377945259,100,0.95,0.25,0.02322222222222222,
1564,extreme_d05,Extreme,20362184,True,6.333150542108342,115,0.9,0.25,0.025966666666666666,
1565,extreme_d03,Extreme,20362185,True,1.5246084078680724,85,1.05,0.24,0.017733333333333334,
1566,extreme_d04,Extreme,20362186,True,6.411560628097504,100,0.95,0.25,0.02181111111111111,
1567,extreme_d05,Extreme,20362187,True,1.0394902739208192,115,0.9,0.25,0.025722222222222223,
1568,extreme_d03,Extreme,20362188,True,4.052811052883044,85,1.05,0.24,0.021744444444444445,
1569,extreme_d04,Extreme,20362189,True,6.9457338999491185,100,0.95,0.25,0.021633333333333334,
1570,extreme_d05,Extreme,20362190,True,5.390277697937563,115,0.9,0.25,0.0262,
1571,extreme_d03,Extreme,20362191,True,3.811918186955154,85,1.05,0.24,0.017877777777777777,
1572,extreme_d04,Extreme,20362192,True,3.4061032491736114,100,0.95,0.25,0.022444444444444444,
1573,extreme_d05,Extreme,20362193,True,2.739206987898797,115,0.9,0.25,0.02628888888888889,
1574,extreme_d03,Extreme,20362194,True,7.689308966975659,85,1.05,0.24,0.019155555555555554,
1575,extreme_d04,Extreme,20362195,True,4.2551958749536425,100,0.95,0.25,0.021977777777777777,
1576,extreme_d05,Extreme,20362196,True,6.797467113938183,115,0.9,0.25,0.02627777777777778,
1577,extreme_d03,Extreme,20362197,True,1.3073282619006932,85,1.05,0.24,0.020644444444444444,
1578,extreme_d04,Extreme,20362198,True,3.6694887480698526,100,0.95,0.25,0.024177777777777777,
1579,extreme_d05,Extreme,20362199,True,4.287457986036316,115,0.9,0.25,0.025444444444444443,
1580,extreme_d03,Extreme,20362200,True,3.4303896510973573,85,1.05,0.24,0.019155555555555554,
1581,extreme_d04,Extreme,20362201,True,1.5849336609244347,100,0.95,0.25,0.022122222222222224,
1582,extreme_d05,Extreme,20362202,True,8.712021820945665,115,0.9,0.25,0.025488888888888887,
1583,extreme_d03,Extreme,20362203,True,1.0088517481926829,85,1.05,0.24,0.018255555555555556,
1584,extreme_d04,Extreme,20362204,True,14.096607601968572,100,0.95,0.25,0.023366666666666668,
1585,extreme_d05,Extreme,20362205,True,3.724172701127827,115,0.9,0.25,0.025477777777777776,
1586,extreme_d03,Extreme,20362206,True,1.5799906190950423,85,1.05,0.24,0.02001111111111111,
1587,extreme_d04,Extreme,20362207,True,0.9936387178022414,100,0.95,0.25,0.02058888888888889,
1588,extreme_d05,Extreme,20362208,True,13.412515124073252,115,0.9,0.25,0.02458888888888889,
1589,extreme_d03,Extreme,20362209,True,10.17664166400209,85,1.05,0.24,0.01972222222222222,
1590,extreme_d04,Extreme,20362210,True,0.875253836158663,100,0.95,0.25,0.02032222222222222,
1591,extreme_d05,Extreme,20362211,True,1.6812196231912822,115,0.9,0.25,0.0268,
1592,extreme_d03,Extreme,20362212,True,2.6792716539930552,85,1.05,0.24,0.019533333333333333,
1593,extreme_d04,Extreme,20362213,True,4.166254368145019,100,0.95,0.25,0.0221,
1594,extreme_d05,Extreme,20362214,True,0.8019709498621523,115,0.9,0.25,0.026644444444444443,
1595,extreme_d03,Extreme,20362215,True,6.118108829017729,85,1.05,0.24,0.019522222222222222,
1596,extreme_d04,Extreme,20362216,True,3.418190367985517,100,0.95,0.25,0.023055555555555555,
1597,extreme_d05,Extreme,20362217,True,2.6551665330771357,115,0.9,0.25,0.024122222222222222,
1598,extreme_d03,Extreme,20362218,True,3.387795936083421,85,1.05,0.24,0.020022222222222223,
1599,extreme_d04,Extreme,20362219,True,5.890701889060438,100,0.95,0.25,0.023922222222222223,
1600,extreme_d05,Extreme,20362220,True,1.334871474886313,115,0.9,0.25,0.025333333333333333,
1601,extreme_d03,Extreme,20362221,True,4.16159797180444,85,1.05,0.24,0.019044444444444444,
1602,extreme_d04,Extreme,20362222,True,7.657989328959957,100,0.95,0.25,0.02261111111111111,
1603,extreme_d05,Extreme,20362223,True,5.7332101569045335,115,0.9,0.25,0.027,
1604,extreme_d03,Extreme,20362224,True,6.229085661936551,85,1.05,0.24,0.019755555555555554,
1605,extreme_d04,Extreme,20362225,True,2.2071558418683708,100,0.95,0.25,0.022,
1606,extreme_d05,Extreme,20362226,True,1.6064732561353594,115,0.9,0.25,0.0259,
1607,extreme_d03,Extreme,20362227,True,1.0536634579766542,85,1.05,0.24,0.02081111111111111,
1608,extreme_d04,Extreme,20362228,True,9.221438286826015,100,0.95,0.25,0.02337777777777778,
1609,extreme_d05,Extreme,20362229,True,2.3405348390806466,115,0.9,0.25,0.024788888888888888,
1610,extreme_d03,Extreme,20362230,True,1.0163936850149184,85,1.05,0.24,0.021,
1611,extreme_d04,Extreme,20362231,True,7.7637620500754565,100,0.95,0.25,0.02178888888888889,
1612,extreme_d05,Extreme,20362232,True,1.8437252200674266,115,0.9,0.25,0.0257,
1613,extreme_d03,Extreme,20362233,True,0.9295922508463264,85,1.05,0.24,0.0188,
1614,extreme_d04,Extreme,20362234,True,3.574538098182529,100,0.95,0.25,0.023366666666666668,
1615,extreme_d05,Extreme,20362235,True,2.0403831750154495,115,0.9,0.25,0.026266666666666667,
1616,extreme_d03,Extreme,20362236,True,0.48549815989099443,85,1.05,0.24,0.017944444444444443,
1617,extreme_d04,Extreme,20362237,True,4.762880528112873,100,0.95,0.25,0.0215,
1618,extreme_d05,Extreme,20362238,True,1.1636656320188195,115,0.9,0.25,0.026555555555555554,
1619,extreme_d03,Extreme,20362239,True,0.6570359920151532,85,1.05,0.24,0.02168888888888889,
1620,extreme_d04,Extreme,20362240,True,1.043766502989456,100,0.95,0.25,0.022033333333333332,
1621,extreme_d05,Extreme,20362241,True,4.201742762001231,115,0.9,0.25,0.02651111111111111,
1622,extreme_d03,Extreme,20362242,True,2.1115200789645314,85,1.05,0.24,0.018733333333333334,
1623,extreme_d04,Extreme,20362243,True,10.563374843914062,100,0.95,0.25,0.02288888888888889,
1624,extreme_d05,Extreme,20362244,True,3.4675311490427703,115,0.9,0.25,0.025766666666666667,
1625,extreme_d03,Extreme,20362245,True,4.235147170023993,85,1.05,0.24,0.019522222222222222,
1626,extreme_d04,Extreme,20362246,True,3.1705862800590694,100,0.95,0.25,0.022744444444444446,
1627,extreme_d05,Extreme,20362247,True,11.896638124948367,115,0.9,0.25,0.024133333333333333,
1628,extreme_d03,Extreme,20362248,True,3.9616083120927215,85,1.05,0.24,0.0188,
1629,extreme_d04,Extreme,20362249,True,11.413698768010363,100,0.95,0.25,0.021855555555555555,
1630,extreme_d05,Extreme,20362250,True,3.3811526040080935,115,0.9,0.25,0.026733333333333335,
1631,extreme_d03,Extreme,20362251,True,0.8607271460350603,85,1.05,0.24,0.020244444444444443,
1632,extreme_d04,Extreme,20362252,True,4.101674365112558,100,0.95,0.25,0.0242,
1633,extreme_d05,Extreme,20362253,True,4.4798479010351,115,0.9,0.25,0.0265,
1634,extreme_d03,Extreme,20362254,True,0.8990504110697657,85,1.05,0.24,0.018244444444444445,
1635,extreme_d04,Extreme,20362255,True,0.22911906009539962,100,0.95,0.25,0.023822222222222224,
1636,extreme_d05,Extreme,20362256,True,2.269650222035125,115,0.9,0.25,0.028433333333333335,
1637,extreme_d03,Extreme,20362257,True,1.3325158581137657,85,1.05,0.24,0.018655555555555557,
1638,extreme_d04,Extreme,20362258,True,2.2278706289362162,100,0.95,0.25,0.022255555555555556,
1639,extreme_d05,Extreme,20362259,True,1.560949913226068,115,0.9,0.25,0.028377777777777776,
1640,extreme_d03,Extreme,20362260,True,1.9597466778941453,85,1.05,0.24,0.020755555555555555,
1641,extreme_d04,Extreme,20362261,True,1.1753002619370818,100,0.95,0.25,0.022766666666666668,
1642,extreme_d05,Extreme,20362262,True,5.4795854890253395,115,0.9,0.25,0.027322222222222223,
1643,extreme_d03,Extreme,20362263,True,1.107239841017872,85,1.05,0.24,0.018111111111111113,
1644,extreme_d04,Extreme,20362264,True,1.4237461891025305,100,0.95,0.25,0.022722222222222224,
1645,extreme_d05,Extreme,20362265,True,7.067365826107562,115,0.9,0.25,0.02528888888888889,
1646,extreme_d03,Extreme,20362266,True,0.7628659738693386,85,1.05,0.24,0.01951111111111111,
1647,extreme_d04,Extreme,20362267,True,6.028848603134975,100,0.95,0.25,0.02268888888888889,
1648,extreme_d05,Extreme,20362268,True,7.343081532977521,115,0.9,0.25,0.025277777777777777,
1649,extreme_d03,Extreme,20362269,True,1.0214168718084693,85,1.05,0.24,0.018977777777777777,
1650,extreme_d04,Extreme,20362270,True,1.6079657070804387,100,0.95,0.25,0.024333333333333332,
1651,extreme_d05,Extreme,20362271,True,5.493031630991027,115,0.9,0.25,0.025144444444444445,
1652,extreme_d03,Extreme,20362272,True,7.801655024057254,85,1.05,0.24,0.019155555555555554,
1653,extreme_d04,Extreme,20362273,True,3.7448785689193755,100,0.95,0.25,0.021933333333333332,
1654,extreme_d05,Extreme,20362274,True,1.0492543999571353,115,0.9,0.25,0.026744444444444446,
1655,extreme_d03,Extreme,20362275,True,3.714867409085855,85,1.05,0.24,0.017522222222222224,
1656,extreme_d04,Extreme,20362276,True,2.8880718138534576,100,0.95,0.25,0.023766666666666665,
1657,extreme_d05,Extreme,20362277,True,0.6019117368850857,115,0.9,0.25,0.025377777777777777,
1658,extreme_d03,Extreme,20362278,True,3.6230829688720405,85,1.05,0.24,0.018422222222222222,
1659,extreme_d04,Extreme,20362279,True,4.792888093041256,100,0.95,0.25,0.022844444444444445,
1660,extreme_d05,Extreme,20362280,True,2.0310178550425917,115,0.9,0.25,0.027666666666666666,
1661,extreme_d03,Extreme,20362281,True,3.590264781843871,85,1.05,0.24,0.018766666666666668,
1662,extreme_d04,Extreme,20362282,True,4.115601224126294,100,0.95,0.25,0.022477777777777777,
1663,extreme_d05,Extreme,20362283,True,9.56650469894521,115,0.9,0.25,0.026466666666666666,
1664,extreme_d03,Extreme,20362284,True,1.0317430822178721,85,1.05,0.24,0.01868888888888889,
1665,extreme_d04,Extreme,20362285,True,1.3393510081805289,100,0.95,0.25,0.02058888888888889,
1666,extreme_d05,Extreme,20362286,True,4.176676659844816,115,0.9,0.25,0.026,
1667,extreme_d03,Extreme,20362287,True,2.9917474158573896,85,1.05,0.24,0.020266666666666665,
1668,extreme_d04,Extreme,20362288,True,2.5732808189932257,100,0.95,0.25,0.02121111111111111,
1669,extreme_d05,Extreme,20362289,True,8.129501384915784,115,0.9,0.25,0.02521111111111111,
1670,extreme_d03,Extreme,20362290,True,6.798469565110281,85,1.05,0.24,0.01841111111111111,
1671,extreme_d04,Extreme,20362291,True,3.371949051041156,100,0.95,0.25,0.021455555555555554,
1672,extreme_d05,Extreme,20362292,True,9.543901432072744,115,0.9,0.25,0.027422222222222223,
1673,extreme_d03,Extreme,20362293,True,1.1444657079409808,85,1.05,0.24,0.01987777777777778,
1674,extreme_d04,Extreme,20362294,True,4.082938234088942,100,0.95,0.25,0.0238,
1675,extreme_d05,Extreme,20362295,True,1.701638030121103,115,0.9,0.25,0.027433333333333334,
1676,extreme_d03,Extreme,20362296,True,2.0535438309889287,85,1.05,0.24,0.019088888888888888,
1677,extreme_d04,Extreme,20362297,True,1.2290121458936483,100,0.95,0.25,0.023088888888888888,
1678,extreme_d05,Extreme,20362298,True,3.3066916519310325,115,0.9,0.25,0.024655555555555556,
1679,extreme_d03,Extreme,20362299,True,1.4432862231042236,85,1.05,0.24,0.018166666666666668,
1680,extreme_d04,Extreme,20362300,True,8.868861150927842,100,0.95,0.25,0.021644444444444445,
1681,extreme_d05,Extreme,20362301,True,3.867126181954518,115,0.9,0.25,0.025155555555555556,
1682,extreme_d03,Extreme,20362302,True,1.8973365989513695,85,1.05,0.24,0.019633333333333332,
1683,extreme_d04,Extreme,20362303,True,6.645232116105035,100,0.95,0.25,0.023066666666666666,
1684,extreme_d05,Extreme,20362304,True,3.9799100919626653,115,0.9,0.25,0.025566666666666668,
1685,extreme_d03,Extreme,20362305,True,2.9064951569307595,85,1.05,0.24,0.01831111111111111,
1686,extreme_d04,Extreme,20362306,True,3.057203687960282,100,0.95,0.25,0.024,
1687,extreme_d05,Extreme,20362307,True,7.422788684023544,115,0.9,0.25,0.025833333333333333,
1688,extreme_d03,Extreme,20362308,True,6.955039721913636,85,1.05,0.24,0.019188888888888887,
1689,extreme_d04,Extreme,20362309,True,3.265441759955138,100,0.95,0.25,0.022811111111111112,
1690,extreme_d05,Extreme,20362310,True,8.514962684828788,115,0.9,0.25,0.025844444444444444,
1691,extreme_d03,Extreme,20362311,True,8.409360616933554,85,1.05,0.24,0.019333333333333334,
1692,extreme_d04,Extreme,20362312,True,5.419647234957665,100,0.95,0.25,0.022155555555555557,
1693,extreme_d05,Extreme,20362313,True,3.606286584865302,115,0.9,0.25,0.024366666666666665,
1694,extreme_d03,Extreme,20362314,True,1.9609633728396147,85,1.05,0.24,0.0202,
1695,extreme_d04,Extreme,20362315,True,2.2001236430369318,100,0.95,0.25,0.02341111111111111,
1696,extreme_d05,Extreme,20362316,True,6.508893848862499,115,0.9,0.25,0.025433333333333332,
1697,extreme_d03,Extreme,20362317,True,2.3943816600367427,85,1.05,0.24,0.017822222222222222,
1698,extreme_d04,Extreme,20362318,True,1.9814057750627398,100,0.95,0.25,0.024044444444444445,
1699,extreme_d05,Extreme,20362319,True,4.292269031051546,115,0.9,0.25,0.026533333333333332,
1700,extreme_d03,Extreme,20362320,True,4.189147124066949,85,1.05,0.24,0.01941111111111111,
1701,extreme_d04,Extreme,20362321,True,7.141041389200836,100,0.95,0.25,0.021388888888888888,
1702,extreme_d05,Extreme,20362322,True,0.9864487801678479,115,0.9,0.25,0.025466666666666665,
1703,extreme_d03,Extreme,20362323,True,4.806994857965037,85,1.05,0.24,0.017722222222222223,
1704,extreme_d04,Extreme,20362324,True,0.8539311189670116,100,0.95,0.25,0.021755555555555556,
1705,extreme_d05,Extreme,20362325,True,3.382963613141328,115,0.9,0.25,0.025033333333333335,
1706,extreme_d03,Extreme,20362326,True,1.5253896480426192,85,1.05,0.24,0.01928888888888889,
1707,extreme_d04,Extreme,20362327,True,6.012571508064866,100,0.95,0.25,0.023577777777777777,
1708,extreme_d05,Extreme,20362328,True,5.267206399003044,115,0.9,0.25,0.025555555555555557,
1709,extreme_d03,Extreme,20362329,True,4.189461922040209,85,1.05,0.24,0.01972222222222222,
1710,extreme_d04,Extreme,20362330,True,11.985206743935123,100,0.95,0.25,0.023088888888888888,
1711,extreme_d05,Extreme,20362331,True,8.021670165006071,115,0.9,0.25,0.028288888888888888,
1712,extreme_d03,Extreme,20362332,True,1.43116266396828,85,1.05,0.24,0.018122222222222224,
1713,extreme_d04,Extreme,20362333,True,7.390809763921425,100,0.95,0.25,0.023266666666666668,
1714,extreme_d05,Extreme,20362334,True,2.3708612150512636,115,0.9,0.25,0.025144444444444445,
1715,extreme_d03,Extreme,20362335,True,2.5167094101198018,85,1.05,0.24,0.018533333333333332,
1716,extreme_d04,Extreme,20362336,True,5.399317361181602,100,0.95,0.25,0.0224,
1717,extreme_d05,Extreme,20362337,True,5.525940718129277,115,0.9,0.25,0.024633333333333333,
1718,extreme_d03,Extreme,20362338,True,1.5728180019650608,85,1.05,0.24,0.018866666666666667,
1719,extreme_d04,Extreme,20362339,True,12.00914593692869,100,0.95,0.25,0.02251111111111111,
1720,extreme_d05,Extreme,20362340,True,5.619488382013515,115,0.9,0.25,0.0269,
1721,extreme_d03,Extreme,20362341,True,1.4490120189730078,85,1.05,0.24,0.020555555555555556,
1722,extreme_d04,Extreme,20362342,True,3.5012234579771757,100,0.95,0.25,0.02188888888888889,
1723,extreme_d05,Extreme,20362343,True,2.1559576720464975,115,0.9,0.25,0.026444444444444444,
1724,extreme_d03,Extreme,20362344,True,2.7586816330440342,85,1.05,0.24,0.01938888888888889,
1725,extreme_d04,Extreme,20362345,True,2.6544325270224363,100,0.95,0.25,0.0219,
1726,extreme_d05,Extreme,20362346,True,1.146679304074496,115,0.9,0.25,0.027333333333333334,
1727,extreme_d03,Extreme,20362347,True,7.0416250098496675,85,1.05,0.24,0.018811111111111112,
1728,extreme_d04,Extreme,20362348,True,1.5522870849817991,100,0.95,0.25,0.02341111111111111,
1729,extreme_d05,Extreme,20362349,True,3.1020126710645854,115,0.9,0.25,0.02728888888888889,
1730,extreme_d03,Extreme,20362350,True,3.1176813549827784,85,1.05,0.24,0.01781111111111111,
1731,extreme_d04,Extreme,20362351,True,5.145648186095059,100,0.95,0.25,0.021377777777777777,
1732,extreme_d05,Extreme,20362352,True,2.9884141420479864,115,0.9,0.25,0.026244444444444445,
1733,extreme_d03,Extreme,20362353,True,4.261824882123619,85,1.05,0.24,0.018355555555555556,
1734,extreme_d04,Extreme,20362354,True,2.0899521498940885,100,0.95,0.25,0.021944444444444444,
1735,extreme_d05,Extreme,20362355,True,1.3665010060649365,115,0.9,0.25,0.026255555555555556,
1736,extreme_d03,Extreme,20362356,True,8.283753914991394,85,1.05,0.24,0.019222222222222224,
1737,extreme_d04,Extreme,20362357,True,1.342794056981802,100,0.95,0.25,0.023433333333333334,
1738,extreme_d05,Extreme,20362358,True,1.2813914779108018,115,0.9,0.25,0.026111111111111113,
1739,extreme_d03,Extreme,20362359,True,1.3346070481929928,85,1.05,0.24,0.0193,
1740,extreme_d04,Extreme,20362360,True,0.8549567100126296,100,0.95,0.25,0.022377777777777778,
1741,extreme_d05,Extreme,20362361,True,5.8325653448700905,115,0.9,0.25,0.025377777777777777,
1742,extreme_d03,Extreme,20362362,True,1.1261381411459297,85,1.05,0.24,0.020955555555555557,
1743,extreme_d04,Extreme,20362363,True,4.462138300994411,100,0.95,0.25,0.02192222222222222,
1744,extreme_d05,Extreme,20362364,True,4.857957812957466,115,0.9,0.25,0.02738888888888889,
1745,extreme_d03,Extreme,20362365,True,1.5110798690002412,85,1.05,0.24,0.019688888888888888,
1746,extreme_d04,Extreme,20362366,True,3.8190870438702404,100,0.95,0.25,0.023444444444444445,
1747,extreme_d05,Extreme,20362367,True,6.469225991982967,115,0.9,0.25,0.027755555555555554,
1748,extreme_d03,Extreme,20362368,True,2.00612956401892,85,1.05,0.24,0.018,
1749,extreme_d04,Extreme,20362369,True,3.1603541020303965,100,0.95,0.25,0.022766666666666668,
1750,extreme_d05,Extreme,20362370,True,1.8396951870527118,115,0.9,0.25,0.02601111111111111,
1751,extreme_d03,Extreme,20362371,True,5.395983495982364,85,1.05,0.24,0.02033333333333333,
1752,extreme_d04,Extreme,20362372,True,1.9555573859252036,100,0.95,0.25,0.02298888888888889,
1753,extreme_d05,Extreme,20362373,True,7.146420327946544,115,0.9,0.25,0.0274,
1754,extreme_d03,Extreme,20362374,True,1.7184667768888175,85,1.05,0.24,0.019811111111111113,
1755,extreme_d04,Extreme,20362375,True,4.01935418904759,100,0.95,0.25,0.020866666666666665,
1756,extreme_d05,Extreme,20362376,True,3.491357527906075,115,0.9,0.25,0.0263,
1757,extreme_d03,Extreme,20362377,True,6.087374730035663,85,1.05,0.24,0.020166666666666666,
1758,extreme_d04,Extreme,20362378,True,1.954578388016671,100,0.95,0.25,0.02291111111111111,
1759,extreme_d05,Extreme,20362379,True,2.540616770973429,115,0.9,0.25,0.02447777777777778,
1760,extreme_d03,Extreme,20362380,True,4.329490577802062,85,1.05,0.24,0.018844444444444445,
1761,extreme_d04,Extreme,20362381,True,2.2151999750640243,100,0.95,0.25,0.022322222222222222,
1762,extreme_d05,Extreme,20362382,True,3.6133633910212666,115,0.9,0.25,0.024555555555555556,
1763,extreme_d03,Extreme,20362383,True,9.407971994951367,85,1.05,0.24,0.01997777777777778,
1764,extreme_d04,Extreme,20362384,True,4.765631654998288,100,0.95,0.25,0.02141111111111111,
1765,extreme_d05,Extreme,20362385,True,1.7844539880752563,115,0.9,0.25,0.023933333333333334,
1766,extreme_d03,Extreme,20362386,True,0.9712701770476997,85,1.05,0.24,0.020866666666666665,
1767,extreme_d04,Extreme,20362387,True,3.4108006509486586,100,0.95,0.25,0.021844444444444444,
1768,extreme_d05,Extreme,20362388,True,1.9042579662054777,115,0.9,0.25,0.027444444444444445,
1769,extreme_d03,Extreme,20362389,True,3.491637469967827,85,1.05,0.24,0.018977777777777777,
1770,extreme_d04,Extreme,20362390,True,1.8026181580498815,100,0.95,0.25,0.0222,
1771,extreme_d05,Extreme,20362391,True,1.4240054471883923,115,0.9,0.25,0.0254,
1772,extreme_d03,Extreme,20362392,True,1.5720078169833869,85,1.05,0.24,0.019333333333333334,
1773,extreme_d04,Extreme,20362393,True,7.323442426044494,100,0.95,0.25,0.02263333333333333,
1774,extreme_d05,Extreme,20362394,True,6.698429882992059,115,0.9,0.25,0.02592222222222222,
1775,extreme_d03,Extreme,20362395,True,2.551390918903053,85,1.05,0.24,0.019155555555555554,
1776,extreme_d04,Extreme,20362396,True,3.7585667930543423,100,0.95,0.25,0.022711111111111112,
1777,extreme_d05,Extreme,20362397,True,2.8555024380329996,115,0.9,0.25,0.026322222222222223,
1778,extreme_d03,Extreme,20362398,True,2.5132007780484855,85,1.05,0.24,0.017844444444444444,
1779,extreme_d04,Extreme,20362399,True,3.6686407919041812,100,0.95,0.25,0.023644444444444444,
1780,extreme_d05,Extreme,20362400,True,1.9393641659989953,115,0.9,0.25,0.024644444444444445,
1781,extreme_d03,Extreme,20362401,True,7.754334633005783,85,1.05,0.24,0.020233333333333332,
1782,extreme_d04,Extreme,20362402,True,1.2422864991240203,100,0.95,0.25,0.021933333333333332,
1783,extreme_d05,Extreme,20362403,True,4.575280844932422,115,0.9,0.25,0.024744444444444444,
1784,extreme_d03,Extreme,20362404,True,0.8240867981221527,85,1.05,0.24,0.019855555555555557,
1785,extreme_d04,Extreme,20362405,True,1.1561183480080217,100,0.95,0.25,0.023455555555555556,
1786,extreme_d05,Extreme,20362406,True,5.638972145039588,115,0.9,0.25,0.028677777777777778,
1787,extreme_d03,Extreme,20362407,True,10.894657487049699,85,1.05,0.24,0.018822222222222223,
1788,extreme_d04,Extreme,20362408,True,15.95924075995572,100,0.95,0.25,0.0249,
1789,extreme_d05,Extreme,20362409,True,2.843104135012254,115,0.9,0.25,0.02838888888888889,
1790,extreme_d03,Extreme,20362410,True,2.07482701796107,85,1.05,0.24,0.01862222222222222,
1791,extreme_d04,Extreme,20362411,True,11.852166738826782,100,0.95,0.25,0.02207777777777778,
1792,extreme_d05,Extreme,20362412,True,4.40041530597955,115,0.9,0.25,0.025255555555555555,
1793,extreme_d03,Extreme,20362413,True,4.4063843169715255,85,1.05,0.24,0.019333333333333334,
1794,extreme_d04,Extreme,20362414,True,5.466881311032921,100,0.95,0.25,0.020233333333333332,
1795,extreme_d05,Extreme,20362415,True,4.687252472154796,115,0.9,0.25,0.025755555555555556,
1796,extreme_d03,Extreme,20362416,True,3.695430119987577,85,1.05,0.24,0.01728888888888889,
1797,extreme_d04,Extreme,20362417,True,6.137757774209604,100,0.95,0.25,0.023188888888888887,
1798,extreme_d05,Extreme,20362418,True,3.0658561049494892,115,0.9,0.25,0.024677777777777778,
1799,extreme_d03,Extreme,20362419,True,4.8084709381219,85,1.05,0.24,0.019077777777777777,
1800,extreme_d04,Extreme,20362420,True,5.365703262155876,100,0.95,0.25,0.02201111111111111,
1801,extreme_d05,Extreme,20362421,True,5.841839708155021,115,0.9,0.25,0.025388888888888888,
1802,extreme_d03,Extreme,20362422,True,2.2817157751414925,85,1.05,0.24,0.019666666666666666,
1803,extreme_d04,Extreme,20362423,True,5.086179160978645,100,0.95,0.25,0.022844444444444445,
1804,extreme_d05,Extreme,20362424,True,4.754477081121877,115,0.9,0.25,0.0254,
1805,extreme_d03,Extreme,20362425,True,2.304421812063083,85,1.05,0.24,0.018833333333333334,
1806,extreme_d04,Extreme,20362426,True,2.0542317889630795,100,0.95,0.25,0.023655555555555555,
1807,extreme_d05,Extreme,20362427,True,6.078081670915708,115,0.9,0.25,0.02892222222222222,
1808,extreme_d03,Extreme,20362428,True,2.238948656944558,85,1.05,0.24,0.018766666666666668,
1809,extreme_d04,Extreme,20362429,True,14.227334124036133,100,0.95,0.25,0.0225,
1810,extreme_d05,Extreme,20362430,True,1.2772146409843117,115,0.9,0.25,0.02661111111111111,
1811,extreme_d03,Extreme,20362431,True,2.209625350078568,85,1.05,0.24,0.019233333333333335,
1812,extreme_d04,Extreme,20362432,True,2.6622123380657285,100,0.95,0.25,0.0215,
1813,extreme_d05,Extreme,20362433,True,11.728590649086982,115,0.9,0.25,0.024722222222222222,
1814,extreme_d03,Extreme,20362434,True,5.8186543472111225,85,1.05,0.24,0.01912222222222222,
1815,extreme_d04,Extreme,20362435,True,4.927336446009576,100,0.95,0.25,0.02401111111111111,
1816,extreme_d05,Extreme,20362436,True,15.184413694078103,115,0.9,0.25,0.026233333333333334,
1817,extreme_d03,Extreme,20362437,True,4.302945856004953,85,1.05,0.24,0.018244444444444445,
1818,extreme_d04,Extreme,20362438,True,11.642645837040618,100,0.95,0.25,0.02266666666666667,
1819,extreme_d05,Extreme,20362439,True,3.3576892111450434,115,0.9,0.25,0.028122222222222222,
1820,extreme_d03,Extreme,20362440,True,2.5114587650168687,85,1.05,0.24,0.0205,
1821,extreme_d04,Extreme,20362441,True,8.314728780183941,100,0.95,0.25,0.021266666666666666,
1822,extreme_d05,Extreme,20362442,True,23.615897035924718,115,0.9,0.25,0.026033333333333332,
1823,extreme_d03,Extreme,20362443,True,1.007316883886233,85,1.05,0.24,0.018366666666666667,
1824,extreme_d04,Extreme,20362444,True,21.297050934052095,100,0.95,0.25,0.0218,
1825,extreme_d05,Extreme,20362445,True,2.290250179124996,115,0.9,0.25,0.028833333333333332,
1826,extreme_d03,Extreme,20362446,True,0.5538510289043188,85,1.05,0.24,0.020122222222222222,
1827,extreme_d04,Extreme,20362447,True,1.8974639340303838,100,0.95,0.25,0.021722222222222223,
1828,extreme_d05,Extreme,20362448,True,13.620781397912651,115,0.9,0.25,0.027311111111111112,
1829,extreme_d03,Extreme,20362449,True,3.7783710409421474,85,1.05,0.24,0.020677777777777778,
1830,extreme_d04,Extreme,20362450,True,7.173628909979016,100,0.95,0.25,0.023944444444444445,
1831,extreme_d05,Extreme,20362451,True,12.387603831011802,115,0.9,0.25,0.026377777777777778,
1832,extreme_d03,Extreme,20362452,True,8.570256488863379,85,1.05,0.24,0.020655555555555555,
1833,extreme_d04,Extreme,20362453,True,6.782132392982021,100,0.95,0.25,0.022833333333333334,
1834,extreme_d05,Extreme,20362454,True,4.409651714144275,115,0.9,0.25,0.026255555555555556,
1835,extreme_d03,Extreme,20362455,True,7.927515598013997,85,1.05,0.24,0.01878888888888889,
1836,extreme_d04,Extreme,20362456,True,2.9422653059009463,100,0.95,0.25,0.023811111111111113,
1837,extreme_d05,Extreme,20362457,True,6.559792337939143,115,0.9,0.25,0.026566666666666666,
1838,extreme_d03,Extreme,20362458,True,2.6538849270436913,85,1.05,0.24,0.02008888888888889,
1839,extreme_d04,Extreme,20362459,True,1.7405117929447442,100,0.95,0.25,0.021011111111111112,
1840,extreme_d05,Extreme,20362460,True,3.0173168790061027,115,0.9,0.25,0.026822222222222223,
1841,extreme_d03,Extreme,20362461,True,1.7418918660841882,85,1.05,0.24,0.019633333333333332,
1842,extreme_d04,Extreme,20362462,True,5.413090144051239,100,0.95,0.25,0.0224,
1843,extreme_d05,Extreme,20362463,True,2.3024758989922702,115,0.9,0.25,0.025344444444444444,
1844,extreme_d03,Extreme,20362464,True,9.163522943854332,85,1.05,0.24,0.01862222222222222,
1845,extreme_d04,Extreme,20362465,True,3.4698653558734804,100,0.95,0.25,0.022,
1846,extreme_d05,Extreme,20362466,True,1.8023157231509686,115,0.9,0.25,0.024577777777777778,
1847,extreme_d03,Extreme,20362467,True,3.879303712164983,85,1.05,0.24,0.020666666666666667,
1848,extreme_d04,Extreme,20362468,True,5.256762622855604,100,0.95,0.25,0.021844444444444444,
1849,extreme_d05,Extreme,20362469,True,9.876745210029185,115,0.9,0.25,0.025666666666666667,
1850,extreme_d03,Extreme,20362470,True,2.7456750359851867,85,1.05,0.24,0.018955555555555555,
1851,extreme_d04,Extreme,20362471,True,3.0809977541211993,100,0.95,0.25,0.02388888888888889,
1852,extreme_d05,Extreme,20362472,True,5.252074979944155,115,0.9,0.25,0.02751111111111111,
1853,extreme_d03,Extreme,20362473,True,1.3422517890576273,85,1.05,0.24,0.020877777777777776,
1854,extreme_d04,Extreme,20362474,True,1.0546868520323187,100,0.95,0.25,0.021333333333333333,
1855,extreme_d05,Extreme,20362475,True,5.1067878480535,115,0.9,0.25,0.025544444444444446,
1856,extreme_d03,Extreme,20362476,True,3.669516572030261,85,1.05,0.24,0.02071111111111111,
1857,extreme_d04,Extreme,20362477,True,3.2567563029006124,100,0.95,0.25,0.023066666666666666,
1858,extreme_d05,Extreme,20362478,True,3.453277702908963,115,0.9,0.25,0.024744444444444444,
1859,extreme_d03,Extreme,20362479,True,1.8190413038246334,85,1.05,0.24,0.020122222222222222,
1860,extreme_d04,Extreme,20362480,True,2.521841023117304,100,0.95,0.25,0.021722222222222223,
1861,extreme_d05,Extreme,20362481,True,2.2576353719923645,115,0.9,0.25,0.02542222222222222,
1862,extreme_d03,Extreme,20362482,True,1.4543194989673793,85,1.05,0.24,0.017722222222222223,
1863,extreme_d04,Extreme,20362483,True,2.1428243939299136,100,0.95,0.25,0.022655555555555557,
1864,extreme_d05,Extreme,20362484,True,11.310850400011986,115,0.9,0.25,0.025555555555555557,
1865,extreme_d03,Extreme,20362485,True,8.693842709064484,85,1.05,0.24,0.01901111111111111,
1866,extreme_d04,Extreme,20362486,True,10.114882647059858,100,0.95,0.25,0.024766666666666666,
1867,extreme_d05,Extreme,20362487,True,2.212989717023447,115,0.9,0.25,0.025122222222222223,
1868,extreme_d03,Extreme,20362488,True,1.8299714119639248,85,1.05,0.24,0.018833333333333334,
1869,extreme_d04,Extreme,20362489,True,4.523616033839062,100,0.95,0.25,0.02371111111111111,
1870,extreme_d05,Extreme,20362490,True,3.0012533268891275,115,0.9,0.25,0.0268,
1871,extreme_d03,Extreme,20362491,True,8.020317596849054,85,1.05,0.24,0.018566666666666665,
1872,extreme_d04,Extreme,20362492,True,4.814119988121092,100,0.95,0.25,0.023477777777777778,
1873,extreme_d05,Extreme,20362493,True,1.2180344560183585,115,0.9,0.25,0.02652222222222222,
1874,extreme_d03,Extreme,20362494,True,0.9894118020310998,85,1.05,0.24,0.018133333333333335,
1875,extreme_d04,Extreme,20362495,True,3.66461457288824,100,0.95,0.25,0.020744444444444444,
1876,extreme_d05,Extreme,20362496,True,1.346522829029709,115,0.9,0.25,0.027144444444444443,
1877,extreme_d03,Extreme,20362497,True,3.1769747689832,85,1.05,0.24,0.018722222222222223,
1878,extreme_d04,Extreme,20362498,True,1.7441326908301562,100,0.95,0.25,0.022044444444444443,
1879,extreme_d05,Extreme,20362499,True,6.611904026940465,115,0.9,0.25,0.027066666666666666,
1880,extreme_d03,Extreme,20362500,True,5.015821696957573,85,1.05,0.24,0.02033333333333333,
1881,extreme_d04,Extreme,20362501,True,7.769695963943377,100,0.95,0.25,0.02218888888888889,
1882,extreme_d05,Extreme,20362502,True,2.772154113976285,115,0.9,0.25,0.0262,
1883,extreme_d03,Extreme,20362503,True,3.221833005081862,85,1.05,0.24,0.019633333333333332,
1884,extreme_d04,Extreme,20362504,True,1.5293941372074187,100,0.95,0.25,0.0243,
1885,extreme_d05,Extreme,20362505,True,3.4830013969913125,115,0.9,0.25,0.025377777777777777,
1886,extreme_d03,Extreme,20362506,True,3.7714670810382813,85,1.05,0.24,0.018966666666666666,
1887,extreme_d04,Extreme,20362507,True,2.756996463984251,100,0.95,0.25,0.022566666666666665,
1888,extreme_d05,Extreme,20362508,True,5.8553894551005214,115,0.9,0.25,0.02691111111111111,
1889,extreme_d03,Extreme,20362509,True,1.4507738938555121,85,1.05,0.24,0.01851111111111111,
1890,extreme_d04,Extreme,20362510,True,4.1747324948664755,100,0.95,0.25,0.02217777777777778,
1891,extreme_d05,Extreme,20362511,True,2.706351818051189,115,0.9,0.25,0.02711111111111111,
1892,extreme_d03,Extreme,20362512,True,2.390685396036133,85,1.05,0.24,0.019522222222222222,
1893,extreme_d04,Extreme,20362513,True,3.9430963101331145,100,0.95,0.25,0.021655555555555556,
1894,extreme_d05,Extreme,20362514,True,11.981412956025451,115,0.9,0.25,0.0275,
1895,extreme_d03,Extreme,20362515,True,0.7176936019677669,85,1.05,0.24,0.018255555555555556,
1896,extreme_d04,Extreme,20362516,True,2.807973331073299,100,0.95,0.25,0.022644444444444443,
1897,extreme_d05,Extreme,20362517,True,6.35365641489625,115,0.9,0.25,0.025966666666666666,
1898,extreme_d03,Extreme,20362518,True,2.2686459289398044,85,1.05,0.24,0.020044444444444445,
1899,extreme_d04,Extreme,20362519,True,8.080955871846527,100,0.95,0.25,0.021866666666666666,
1900,extreme_d05,Extreme,20362520,True,1.8627742889802903,115,0.9,0.25,0.02698888888888889,
1901,extreme_d03,Extreme,20362521,True,3.0908787110820413,85,1.05,0.24,0.018755555555555557,
1902,extreme_d04,Extreme,20362522,True,7.437488683033735,100,0.95,0.25,0.01997777777777778,
1903,extreme_d05,Extreme,20362523,True,1.2158307468052953,115,0.9,0.25,0.02398888888888889,
1904,extreme_d03,Extreme,20362524,True,0.7124152290634811,85,1.05,0.24,0.020255555555555554,
1905,extreme_d04,Extreme,20362525,True,0.8342694679740816,100,0.95,0.25,0.023544444444444444,
1906,extreme_d05,Extreme,20362526,True,6.3497418879996985,115,0.9,0.25,0.026266666666666667,
1907,extreme_d03,Extreme,20362527,True,2.0738173671998084,85,1.05,0.24,0.01911111111111111,
1908,extreme_d04,Extreme,20362528,True,2.7933526749257,100,0.95,0.25,0.022166666666666668,
1909,extreme_d05,Extreme,20362529,True,6.245253987144679,115,0.9,0.25,0.026655555555555554,
1910,extreme_d03,Extreme,20362530,True,1.767240408807993,85,1.05,0.24,0.019077777777777777,
1911,extreme_d04,Extreme,20362531,True,3.0631368400063366,100,0.95,0.25,0.02202222222222222,
1912,extreme_d05,Extreme,20362532,True,8.895961361937225,115,0.9,0.25,0.026722222222222224,
1913,extreme_d03,Extreme,20362533,True,4.6040309180971235,85,1.05,0.24,0.018733333333333334,
1914,extreme_d04,Extreme,20362534,True,1.1826879640575498,100,0.95,0.25,0.0223,
1915,extreme_d05,Extreme,20362535,True,5.273963472107425,115,0.9,0.25,0.025444444444444443,
1916,extreme_d03,Extreme,20362536,True,3.303024055901915,85,1.05,0.24,0.01891111111111111,
1917,extreme_d04,Extreme,20362537,True,1.6928167941514403,100,0.95,0.25,0.02432222222222222,
1918,extreme_d05,Extreme,20362538,True,2.353440960170701,115,0.9,0.25,0.025433333333333332,
1919,extreme_d03,Extreme,20362539,True,1.7410438100341707,85,1.05,0.24,0.01902222222222222,
1920,extreme_d04,Extreme,20362540,True,2.6313227540813386,100,0.95,0.25,0.023188888888888887,
1921,extreme_d05,Extreme,20362541,True,6.421139404876158,115,0.9,0.25,0.025522222222222224,
1922,extreme_d03,Extreme,20362542,True,2.2568140600342304,85,1.05,0.24,0.018811111111111112,
1923,extreme_d04,Extreme,20362543,True,4.2391588219907135,100,0.95,0.25,0.022266666666666667,
1924,extreme_d05,Extreme,20362544,True,6.99060883698985,115,0.9,0.25,0.024844444444444443,
1925,extreme_d03,Extreme,20362545,True,3.1173619779292494,85,1.05,0.24,0.0192,
1926,extreme_d04,Extreme,20362546,True,2.6089308420196176,100,0.95,0.25,0.0206,
1927,extreme_d05,Extreme,20362547,True,4.722639247076586,115,0.9,0.25,0.024166666666666666,
1928,extreme_d03,Extreme,20362548,True,1.356493647908792,85,1.05,0.24,0.019955555555555556,
1929,extreme_d04,Extreme,20362549,True,2.7905009449459612,100,0.95,0.25,0.0214,
1930,extreme_d05,Extreme,20362550,True,1.7238155021332204,115,0.9,0.25,0.026088888888888887,
1931,extreme_d03,Extreme,20362551,True,5.974517879076302,85,1.05,0.24,0.019855555555555557,
1932,extreme_d04,Extreme,20362552,True,2.6256536059081554,100,0.95,0.25,0.023444444444444445,
1933,extreme_d05,Extreme,20362553,True,3.2266910620965064,115,0.9,0.25,0.023844444444444446,
1934,extreme_d03,Extreme,20362554,True,1.2040164901409298,85,1.05,0.24,0.017822222222222222,
1935,extreme_d04,Extreme,20362555,True,0.8867716060485691,100,0.95,0.25,0.024511111111111112,
1936,extreme_d05,Extreme,20362556,True,1.612257997971028,115,0.9,0.25,0.025844444444444444,
1937,extreme_d03,Extreme,20362557,True,4.796031996142119,85,1.05,0.24,0.020433333333333335,
1938,extreme_d04,Extreme,20362558,True,5.661381111014634,100,0.95,0.25,0.022366666666666667,
1939,extreme_d05,Extreme,20362559,True,9.343614528886974,115,0.9,0.25,0.026266666666666667,
1940,extreme_d03,Extreme,20362560,True,2.4349387779366225,85,1.05,0.24,0.020055555555555556,
1941,extreme_d04,Extreme,20362561,True,13.172437210101634,100,0.95,0.25,0.022033333333333332,
1942,extreme_d05,Extreme,20362562,True,7.584055955987424,115,0.9,0.25,0.024644444444444445,
1943,extreme_d03,Extreme,20362563,True,2.7816864701453596,85,1.05,0.24,0.0196,
1944,extreme_d04,Extreme,20362564,True,7.837424095952883,100,0.95,0.25,0.02268888888888889,
1945,extreme_d05,Extreme,20362565,True,11.653761598048732,115,0.9,0.25,0.0254,
1946,extreme_d03,Extreme,20362566,True,9.382752073928714,85,1.05,0.24,0.01778888888888889,
1947,extreme_d04,Extreme,20362567,True,4.658444948960096,100,0.95,0.25,0.02108888888888889,
1948,extreme_d05,Extreme,20362568,True,2.816226919880137,115,0.9,0.25,0.02737777777777778,
1949,extreme_d03,Extreme,20362569,True,16.015457135858014,85,1.05,0.24,0.0184,
1950,extreme_d04,Extreme,20362570,True,1.0260863369330764,100,0.95,0.25,0.022244444444444445,
1951,extreme_d05,Extreme,20362571,True,8.616100531071424,115,0.9,0.25,0.026744444444444446,
1952,extreme_d03,Extreme,20362572,True,6.228209470864385,85,1.05,0.24,0.0183,
1953,extreme_d04,Extreme,20362573,True,1.514264453900978,100,0.95,0.25,0.023933333333333334,
1954,extreme_d05,Extreme,20362574,True,2.2433159311767668,115,0.9,0.25,0.0262,
1955,extreme_d03,Extreme,20362575,True,4.975202452857047,85,1.05,0.24,0.018222222222222223,
1956,extreme_d04,Extreme,20362576,True,4.2458713529631495,100,0.95,0.25,0.02348888888888889,
1957,extreme_d05,Extreme,20362577,True,3.9892193840350956,115,0.9,0.25,0.025655555555555556,
1958,extreme_d03,Extreme,20362578,True,5.0844504539854825,85,1.05,0.24,0.020122222222222222,
1959,extreme_d04,Extreme,20362579,True,0.912547716870904,100,0.95,0.25,0.02141111111111111,
1960,extreme_d05,Extreme,20362580,True,2.905301875900477,115,0.9,0.25,0.02571111111111111,
1961,extreme_d03,Extreme,20362581,True,1.0536176790483296,85,1.05,0.24,0.01998888888888889,
1962,extreme_d04,Extreme,20362582,True,4.7659942710306495,100,0.95,0.25,0.023933333333333334,
1963,extreme_d05,Extreme,20362583,True,2.8545245879795402,115,0.9,0.25,0.02482222222222222,
1964,extreme_d03,Extreme,20362584,True,2.2431476870551705,85,1.05,0.24,0.018488888888888888,
1965,extreme_d04,Extreme,20362585,True,1.906963633839041,100,0.95,0.25,0.02322222222222222,
1966,extreme_d05,Extreme,20362586,True,2.1470200719777495,115,0.9,0.25,0.02638888888888889,
1967,extreme_d03,Extreme,20362587,True,1.987931075040251,85,1.05,0.24,0.018244444444444445,
1968,extreme_d04,Extreme,20362588,True,8.849906515097246,100,0.95,0.25,0.021266666666666666,
1969,extreme_d05,Extreme,20362589,True,0.8261583580169827,115,0.9,0.25,0.02508888888888889,
1970,extreme_d03,Extreme,20362590,True,1.030436489963904,85,1.05,0.24,0.019088888888888888,
1971,extreme_d04,Extreme,20362591,True,8.077378732850775,100,0.95,0.25,0.0225,
1972,extreme_d05,Extreme,20362592,True,4.868900710018352,115,0.9,0.25,0.02651111111111111,
1973,extreme_d03,Extreme,20362593,True,5.812474756035954,85,1.05,0.24,0.019755555555555554,
1974,extreme_d04,Extreme,20362594,True,1.0814200129825622,100,0.95,0.25,0.025022222222222223,
1975,extreme_d05,Extreme,20362595,True,2.9354427750222385,115,0.9,0.25,0.025488888888888887,
1976,extreme_d03,Extreme,20362596,True,1.2374459127895534,85,1.05,0.24,0.019855555555555557,
1977,extreme_d04,Extreme,20362597,True,7.906917275162414,100,0.95,0.25,0.022866666666666667,
1978,extreme_d05,Extreme,20362598,True,4.381744778947905,115,0.9,0.25,0.024966666666666668,
1979,extreme_d03,Extreme,20362599,True,1.744353872956708,85,1.05,0.24,0.018033333333333332,
1980,extreme_d04,Extreme,20362600,True,1.6638569061178714,100,0.95,0.25,0.023,
1981,extreme_d05,Extreme,20362601,True,1.5802592439576983,115,0.9,0.25,0.0246,
1982,extreme_d03,Extreme,20362602,True,2.5554618288297206,85,1.05,0.24,0.020344444444444443,
1983,extreme_d04,Extreme,20362603,True,13.1627317070961,100,0.95,0.25,0.0239,
1984,extreme_d05,Extreme,20362604,True,2.5760919752065092,115,0.9,0.25,0.027044444444444444,
1985,extreme_d03,Extreme,20362605,True,1.8730046229902655,85,1.05,0.24,0.018466666666666666,
1986,extreme_d04,Extreme,20362606,True,8.049174796091393,100,0.95,0.25,0.024433333333333335,
1987,extreme_d05,Extreme,20362607,True,1.982118974905461,115,0.9,0.25,0.026722222222222224,
1988,extreme_d03,Extreme,20362608,True,0.8253232929855585,85,1.05,0.24,0.019166666666666665,
1989,extreme_d04,Extreme,20362609,True,1.569315992994234,100,0.95,0.25,0.022455555555555555,
1990,extreme_d05,Extreme,20362610,True,2.8099838828202337,115,0.9,0.25,0.02493333333333333,
1991,extreme_d03,Extreme,20362611,True,4.575637899106368,85,1.05,0.24,0.020555555555555556,
1992,extreme_d04,Extreme,20362612,True,8.583189802011475,100,0.95,0.25,0.023177777777777776,
1993,extreme_d05,Extreme,20362613,True,1.5390910049900413,115,0.9,0.25,0.025955555555555555,
1994,extreme_d03,Extreme,20362614,True,2.31547747598961,85,1.05,0.24,0.01861111111111111,
1995,extreme_d04,Extreme,20362615,True,0.9797032650094479,100,0.95,0.25,0.022711111111111112,
1996,extreme_d05,Extreme,20362616,True,3.346343307988718,115,0.9,0.25,0.028788888888888888,
1997,extreme_d03,Extreme,20362617,True,5.333175515057519,85,1.05,0.24,0.019366666666666667,
1998,extreme_d04,Extreme,20362618,True,4.508980361977592,100,0.95,0.25,0.022322222222222222,
1999,extreme_d05,Extreme,20362619,True,5.323338701156899,115,0.9,0.25,0.026833333333333334,
