query_id,method,difficulty_bucket,distance_bin_key,success,feasible,total_time_s,total_expansions,path_length_m,reference_path_length_m,path_inflation_ratio,direction_switches,mean_abs_curvature,min_clearance_m,collision_violation_count,fallback_f1_count,fallback_f2_count,fallback_f3_count,fallback_triggered,subgoal_reachable_count,subgoal_attempt_count,subgoal_reachability_rate,failure_reason,metadata
easy_s00_q0000,vanilla_ha,Easy,d08_12,True,True,0.16643619537353516,31,11.576111126078334,,,0,0.19227656650761007,0.25159669996508516,0,0,0,0,False,,,,,"{""profile_name"": ""easy_d00"", ""map_seed"": 20260620, ""query_seed"": 20261620, ""evaluation_path_source"": ""trace_poses"", ""planner_path_pose_count"": 19, ""evaluation_path_pose_count"": 118}"
easy_s00_q0000,f_n3p_knn,Easy,d08_12,True,True,0.010448215994983912,0,12.079222788455109,11.576111126078334,0.04346119840223195,0,0.13711760087083463,0.5566764354918532,0,1,0,0,True,0,1,0.0,,"{""profile_name"": ""easy_d00"", ""map_seed"": 20260620, ""query_seed"": 20261620}"
easy_s00_q0000,n3p_k1,Easy,d08_12,True,True,1.1731054799165577,963,11.576111126078334,11.576111126078334,0.0,0,0.19227656650761007,0.25159669996508516,0,0,1,0,True,0,0,,,"{""profile_name"": ""easy_d00"", ""map_seed"": 20260620, ""query_seed"": 20261620}"
easy_s00_q0000,voronoi_waypoint,Easy,d08_12,True,True,0.32755917496979237,2,12.116512661323938,11.576111126078334,0.04668247646899326,0,0.14595550401676674,0.8347427224643271,0,0,0,0,False,,,,,"{""profile_name"": ""easy_d00"", ""map_seed"": 20260620, ""query_seed"": 20261620, ""waypoint_count"": 1}"
easy_s00_q0000,bottleneck_waypoint,Easy,d08_12,True,True,0.3305262248031795,2,12.172164909856853,11.576111126078334,0.05148998461458665,0,0.17105402700241684,0.8347427224643271,0,0,0,0,False,,,,,"{""profile_name"": ""easy_d00"", ""map_seed"": 20260620, ""query_seed"": 20261620, ""waypoint_count"": 1, ""bottleneck_count"": 1}"
easy_s00_q0000,md_dqn,Easy,d08_12,False,False,0.3858861413318664,600,1.1250000000002907,11.576111126078334,,0,0.0,0.8347427224643271,0,0,0,0,False,,,,md_dqn_not_reached,"{""profile_name"": ""easy_d00"", ""map_seed"": 20260620, ""query_seed"": 20261620, ""md_dqn_source_dir"": ""/home/ubuntu/DQN10/2_experiment"", ""md_dqn_checkpoint_path"": ""/home/ubuntu/DQN10/2_experiment/ugv_dqn/outputs/2026-05-12_train_load_external_demo_smoke/models/realmap_a/mlp-dqn.pt"", ""md_dqn_algo"": ""mlp-dqn"", ""md_dqn_device"": ""cpu"", ""md_dqn_max_steps"": 600, ""md_dqn_rollout_steps"": 600, ""md_dqn_reached"": false}"
easy_s00_q0001,vanilla_ha,Easy,d12_16,True,True,0.15916728973388672,1,15.061540425866143,,,0,0.0,0.861672769705859,0,0,0,0,False,,,,,"{""profile_name"": ""easy_d01"", ""map_seed"": 20260620, ""query_seed"": 20261621, ""evaluation_path_source"": ""trace_poses"", ""planner_path_pose_count"": 2, ""evaluation_path_pose_count"": 152}"
easy_s00_q0001,f_n3p_knn,Easy,d12_16,True,True,0.000687542138621211,0,15.061540425866143,15.061540425866143,0.0,0,0.0,0.861672769705859,0,0,0,0,False,0,0,,,"{""profile_name"": ""easy_d01"", ""map_seed"": 20260620, ""query_seed"": 20261621}"
easy_s00_q0001,n3p_k1,Easy,d12_16,True,True,0.0006677990313619375,0,15.061540425866143,15.061540425866143,0.0,0,0.0,0.861672769705859,0,0,0,0,False,0,0,,,"{""profile_name"": ""easy_d01"", ""map_seed"": 20260620, ""query_seed"": 20261621}"
easy_s00_q0001,voronoi_waypoint,Easy,d12_16,True,True,0.671630488941446,4,18.885563699584154,15.061540425866143,0.25389323838023703,1,0.34044084586578904,1.0544116690825727,0,0,0,0,False,,,,,"{""profile_name"": ""easy_d01"", ""map_seed"": 20260620, ""query_seed"": 20261621, ""waypoint_count"": 3}"
easy_s00_q0001,bottleneck_waypoint,Easy,d12_16,True,True,0.6710271770134568,4,17.352501911126,15.061540425866143,0.15210671820296984,3,0.19990731138115098,1.2326781038773302,0,0,0,0,False,,,,,"{""profile_name"": ""easy_d01"", ""map_seed"": 20260620, ""query_seed"": 20261621, ""waypoint_count"": 3, ""bottleneck_count"": 3}"
easy_s00_q0001,md_dqn,Easy,d12_16,False,False,0.3895873522851616,600,1.1250000000008145,15.061540425866143,,0,0.0,1.2655902293161432,0,0,0,0,False,,,,md_dqn_not_reached,"{""profile_name"": ""easy_d01"", ""map_seed"": 20260620, ""query_seed"": 20261621, ""md_dqn_source_dir"": ""/home/ubuntu/DQN10/2_experiment"", ""md_dqn_checkpoint_path"": ""/home/ubuntu/DQN10/2_experiment/ugv_dqn/outputs/2026-05-12_train_load_external_demo_smoke/models/realmap_a/mlp-dqn.pt"", ""md_dqn_algo"": ""mlp-dqn"", ""md_dqn_device"": ""cpu"", ""md_dqn_max_steps"": 600, ""md_dqn_rollout_steps"": 600, ""md_dqn_reached"": false}"
easy_s00_q0002,vanilla_ha,Easy,d16_20,True,True,0.29953980445861816,187,19.524800568278042,,,0,0.2513550096521252,0.07723088464342776,0,0,0,0,False,,,,,"{""profile_name"": ""easy_d00"", ""map_seed"": 20260620, ""query_seed"": 20261622, ""evaluation_path_source"": ""trace_poses"", ""planner_path_pose_count"": 62, ""evaluation_path_pose_count"": 198}"
easy_s00_q0002,f_n3p_knn,Easy,d16_20,True,True,0.02681818208657205,0,21.64760139269577,19.524800568278042,0.10872330383064921,3,0.17025773309529538,0.1878965829005328,0,3,0,0,True,1,3,0.3333333333333333,,"{""profile_name"": ""easy_d00"", ""map_seed"": 20260620, ""query_seed"": 20261622}"
easy_s00_q0002,n3p_k1,Easy,d16_20,True,True,0.36956072109751403,62,20.721622266501136,19.524800568278042,0.06129751205590139,2,0.2131065848918852,0.11263683484992837,0,0,2,0,True,1,1,1.0,,"{""profile_name"": ""easy_d00"", ""map_seed"": 20260620, ""query_seed"": 20261622}"
easy_s00_q0002,voronoi_waypoint,Easy,d16_20,True,True,0.6603132558520883,4,21.592134411264862,19.524800568278042,0.105882456302556,0,0.1577299144662467,0.45272746580518086,0,0,0,0,False,,,,,"{""profile_name"": ""easy_d00"", ""map_seed"": 20260620, ""query_seed"": 20261622, ""waypoint_count"": 3}"
easy_s00_q0002,bottleneck_waypoint,Easy,d16_20,True,True,0.6582007759716362,4,21.58706723967506,19.524800568278042,0.10562293141921186,0,0.1814990383639182,0.48799185294755754,0,0,0,0,False,,,,,"{""profile_name"": ""easy_d00"", ""map_seed"": 20260620, ""query_seed"": 20261622, ""waypoint_count"": 3, ""bottleneck_count"": 3}"
easy_s00_q0002,md_dqn,Easy,d16_20,False,False,0.16780678764916956,600,1.1249999999999767,19.524800568278042,,0,0.0,1.1919298495999673,0,0,0,0,False,,,,md_dqn_not_reached,"{""profile_name"": ""easy_d00"", ""map_seed"": 20260620, ""query_seed"": 20261622, ""md_dqn_source_dir"": ""/home/ubuntu/DQN10/2_experiment"", ""md_dqn_checkpoint_path"": ""/home/ubuntu/DQN10/2_experiment/ugv_dqn/outputs/2026-05-12_train_load_external_demo_smoke/models/realmap_a/mlp-dqn.pt"", ""md_dqn_algo"": ""mlp-dqn"", ""md_dqn_device"": ""cpu"", ""md_dqn_max_steps"": 600, ""md_dqn_rollout_steps"": 600, ""md_dqn_reached"": false}"
easy_s00_q0003,vanilla_ha,Easy,d20_inf,True,True,0.4115738868713379,313,26.935870314189383,,,0,0.2356017364419748,0.18108113998712927,0,0,0,0,False,,,,,"{""profile_name"": ""easy_d01"", ""map_seed"": 20260620, ""query_seed"": 20261623, ""evaluation_path_source"": ""trace_poses"", ""planner_path_pose_count"": 56, ""evaluation_path_pose_count"": 272}"
easy_s00_q0003,f_n3p_knn,Easy,d20_inf,True,True,0.02836698107421398,0,27.313411588313738,26.935870314189383,0.014016301300852074,2,0.13862378579322207,0.0824388507286975,0,2,0,0,True,3,4,0.75,,"{""profile_name"": ""easy_d01"", ""map_seed"": 20260620, ""query_seed"": 20261623}"
easy_s00_q0003,n3p_k1,Easy,d20_inf,True,True,0.24016257910989225,105,27.423246567902723,26.935870314189383,0.018093948627923018,2,0.11035273777551644,0.08354764833603445,0,0,1,0,True,2,2,1.0,,"{""profile_name"": ""easy_d01"", ""map_seed"": 20260620, ""query_seed"": 20261623}"
easy_s00_q0003,voronoi_waypoint,Easy,d20_inf,True,True,0.8276801349129528,5,26.568551395677385,26.935870314189383,-0.013636794142066422,0,0.14160964582407773,0.5657970511535388,0,0,0,0,False,,,,,"{""profile_name"": ""easy_d01"", ""map_seed"": 20260620, ""query_seed"": 20261623, ""waypoint_count"": 4}"
easy_s00_q0003,bottleneck_waypoint,Easy,d20_inf,True,True,1.4515224508941174,9,26.56165791140376,26.935870314189383,-0.013892716233805724,0,0.23321619137444757,0.7338239617748519,0,0,0,0,False,,,,,"{""profile_name"": ""easy_d01"", ""map_seed"": 20260620, ""query_seed"": 20261623, ""waypoint_count"": 8, ""bottleneck_count"": 8}"
easy_s00_q0003,md_dqn,Easy,d20_inf,False,False,0.16669269814155996,600,1.125000000000007,26.935870314189383,,0,0.8385645564237216,1.7538879981728472,0,0,0,0,False,,,,md_dqn_not_reached,"{""profile_name"": ""easy_d01"", ""map_seed"": 20260620, ""query_seed"": 20261623, ""md_dqn_source_dir"": ""/home/ubuntu/DQN10/2_experiment"", ""md_dqn_checkpoint_path"": ""/home/ubuntu/DQN10/2_experiment/ugv_dqn/outputs/2026-05-12_train_load_external_demo_smoke/models/realmap_a/mlp-dqn.pt"", ""md_dqn_algo"": ""mlp-dqn"", ""md_dqn_device"": ""cpu"", ""md_dqn_max_steps"": 600, ""md_dqn_rollout_steps"": 600, ""md_dqn_reached"": false}"
easy_s00_q0004,vanilla_ha,Easy,d08_12,True,True,0.3121757507324219,249,9.002376017285822,,,0,0.26659628473545904,0.1133120197909987,0,0,0,0,False,,,,,"{""profile_name"": ""easy_d00"", ""map_seed"": 20260620, ""query_seed"": 20261624, ""evaluation_path_source"": ""trace_poses"", ""planner_path_pose_count"": 17, ""evaluation_path_pose_count"": 93}"
easy_s00_q0004,f_n3p_knn,Easy,d08_12,True,True,0.011667537037283182,0,9.283760827629063,9.002376017285822,0.03125672709104155,0,0.17562520672560353,0.13835665966578092,0,5,0,0,True,0,1,0.0,,"{""profile_name"": ""easy_d00"", ""map_seed"": 20260620, ""query_seed"": 20261624}"
easy_s00_q0004,n3p_k1,Easy,d08_12,True,True,0.32333887508139014,249,9.002376017285822,9.002376017285822,0.0,0,0.266596284735459,0.1133120197909987,0,0,1,0,True,0,0,,,"{""profile_name"": ""easy_d00"", ""map_seed"": 20260620, ""query_seed"": 20261624}"
easy_s00_q0004,voronoi_waypoint,Easy,d08_12,True,True,0.4358027409762144,107,8.981734965537177,9.002376017285822,-0.002292844878842182,0,0.24439928424774016,0.09418966106065096,0,0,0,0,False,,,,,"{""profile_name"": ""easy_d00"", ""map_seed"": 20260620, ""query_seed"": 20261624, ""waypoint_count"": 1}"
easy_s00_q0004,bottleneck_waypoint,Easy,d08_12,True,True,0.5088967068586498,3,9.283035426069294,9.002376017285822,0.031176148190718234,0,0.3298643624848617,0.24891509088408093,0,0,0,0,False,,,,,"{""profile_name"": ""easy_d00"", ""map_seed"": 20260620, ""query_seed"": 20261624, ""waypoint_count"": 2, ""bottleneck_count"": 2}"
easy_s00_q0004,md_dqn,Easy,d08_12,False,False,0.1681787148118019,600,1.1250000000010283,9.002376017285822,,0,0.0,0.4504839145752433,0,0,0,0,False,,,,md_dqn_not_reached,"{""profile_name"": ""easy_d00"", ""map_seed"": 20260620, ""query_seed"": 20261624, ""md_dqn_source_dir"": ""/home/ubuntu/DQN10/2_experiment"", ""md_dqn_checkpoint_path"": ""/home/ubuntu/DQN10/2_experiment/ugv_dqn/outputs/2026-05-12_train_load_external_demo_smoke/models/realmap_a/mlp-dqn.pt"", ""md_dqn_algo"": ""mlp-dqn"", ""md_dqn_device"": ""cpu"", ""md_dqn_max_steps"": 600, ""md_dqn_rollout_steps"": 600, ""md_dqn_reached"": false}"
easy_s00_q0005,vanilla_ha,Easy,d12_16,True,True,0.16180968284606934,1,14.90536816049842,,,0,0.0,0.45534326306370865,0,0,0,0,False,,,,,"{""profile_name"": ""easy_d01"", ""map_seed"": 20260621, ""query_seed"": 20261621, ""evaluation_path_source"": ""trace_poses"", ""planner_path_pose_count"": 2, ""evaluation_path_pose_count"": 151}"
easy_s00_q0005,f_n3p_knn,Easy,d12_16,True,True,0.0006419520359486341,0,14.90536816049842,14.90536816049842,0.0,0,1.4896955414592445e-17,0.45534326306370865,0,0,0,0,False,0,0,,,"{""profile_name"": ""easy_d01"", ""map_seed"": 20260621, ""query_seed"": 20261621}"
easy_s00_q0005,n3p_k1,Easy,d12_16,True,True,0.0006979710888117552,0,14.90536816049842,14.90536816049842,0.0,0,1.4896955414592445e-17,0.45534326306370865,0,0,0,0,False,0,0,,,"{""profile_name"": ""easy_d01"", ""map_seed"": 20260621, ""query_seed"": 20261621}"
easy_s00_q0005,voronoi_waypoint,Easy,d12_16,True,True,0.6690880008973181,4,18.199146672738536,14.90536816049842,0.22097934628472649,0,0.3456923752503146,0.6372798438149812,0,0,0,0,False,,,,,"{""profile_name"": ""easy_d01"", ""map_seed"": 20260621, ""query_seed"": 20261621, ""waypoint_count"": 3}"
easy_s00_q0005,bottleneck_waypoint,Easy,d12_16,True,True,0.516232691006735,3,15.430900758516023,14.90536816049842,0.03525794145832295,0,0.17854067049686387,0.6372798438149812,0,0,0,0,False,,,,,"{""profile_name"": ""easy_d01"", ""map_seed"": 20260621, ""query_seed"": 20261621, ""waypoint_count"": 2, ""bottleneck_count"": 2}"
easy_s00_q0005,md_dqn,Easy,d12_16,False,False,0.16669186181388795,600,1.1249999999999818,14.90536816049842,,0,0.8385645564237414,0.6372798438149812,0,0,0,0,False,,,,md_dqn_not_reached,"{""profile_name"": ""easy_d01"", ""map_seed"": 20260621, ""query_seed"": 20261621, ""md_dqn_source_dir"": ""/home/ubuntu/DQN10/2_experiment"", ""md_dqn_checkpoint_path"": ""/home/ubuntu/DQN10/2_experiment/ugv_dqn/outputs/2026-05-12_train_load_external_demo_smoke/models/realmap_a/mlp-dqn.pt"", ""md_dqn_algo"": ""mlp-dqn"", ""md_dqn_device"": ""cpu"", ""md_dqn_max_steps"": 600, ""md_dqn_rollout_steps"": 600, ""md_dqn_reached"": false}"
easy_s00_q0006,vanilla_ha,Easy,d16_20,True,True,0.6976559162139893,1257,20.174836576698183,,,0,0.11667841377291203,0.06151067239716668,0,0,0,0,False,,,,,"{""profile_name"": ""easy_d00"", ""map_seed"": 20260621, ""query_seed"": 20261622, ""evaluation_path_source"": ""trace_poses"", ""planner_path_pose_count"": 27, ""evaluation_path_pose_count"": 204}"
easy_s00_q0006,f_n3p_knn,Easy,d16_20,True,True,0.027316559106111526,0,21.232459089342655,20.174836576698183,0.05242285401538371,2,0.19629054034290938,0.06399428571226529,0,1,0,0,True,2,3,0.6666666666666666,,"{""profile_name"": ""easy_d00"", ""map_seed"": 20260621, ""query_seed"": 20261622}"
easy_s00_q0006,n3p_k1,Easy,d16_20,True,True,0.7112003720831126,1257,20.174836576698183,20.174836576698183,0.0,0,0.11667841377291203,0.06151067239716668,0,0,1,0,True,0,0,,,"{""profile_name"": ""easy_d00"", ""map_seed"": 20260621, ""query_seed"": 20261622}"
easy_s00_q0006,voronoi_waypoint,Easy,d16_20,True,True,0.663774506887421,4,21.546839463148007,20.174836576698183,0.06800565056544139,0,0.14350846834167152,0.3016319759554673,0,0,0,0,False,,,,,"{""profile_name"": ""easy_d00"", ""map_seed"": 20260621, ""query_seed"": 20261622, ""waypoint_count"": 3}"
easy_s00_q0006,bottleneck_waypoint,Easy,d16_20,True,True,0.6624695530626923,4,21.027556457113022,20.174836576698183,0.04226650744718907,0,0.13088039291958506,0.49042136628649113,0,0,0,0,False,,,,,"{""profile_name"": ""easy_d00"", ""map_seed"": 20260621, ""query_seed"": 20261622, ""waypoint_count"": 3, ""bottleneck_count"": 3}"
easy_s00_q0006,md_dqn,Easy,d16_20,False,False,0.16761409235186875,600,1.1250000000002855,20.174836576698183,,0,0.0,0.33295351604290924,0,0,0,0,False,,,,md_dqn_not_reached,"{""profile_name"": ""easy_d00"", ""map_seed"": 20260621, ""query_seed"": 20261622, ""md_dqn_source_dir"": ""/home/ubuntu/DQN10/2_experiment"", ""md_dqn_checkpoint_path"": ""/home/ubuntu/DQN10/2_experiment/ugv_dqn/outputs/2026-05-12_train_load_external_demo_smoke/models/realmap_a/mlp-dqn.pt"", ""md_dqn_algo"": ""mlp-dqn"", ""md_dqn_device"": ""cpu"", ""md_dqn_max_steps"": 600, ""md_dqn_rollout_steps"": 600, ""md_dqn_reached"": false}"
easy_s00_q0007,vanilla_ha,Easy,d20_inf,False,False,2.5013322830200195,2488,,,,0,,,0,0,0,0,False,,,,timeout,"{""profile_name"": ""easy_d01"", ""map_seed"": 20260621, ""query_seed"": 20261623, ""evaluation_path_source"": ""planner_path"", ""planner_path_pose_count"": 0, ""evaluation_path_pose_count"": 0}"
easy_s00_q0007,f_n3p_knn,Easy,d20_inf,True,True,0.09544730698689818,0,39.78281137479086,,,5,0.2642942981541475,0.062210636948868414,0,31,0,0,True,6,12,0.5,,"{""profile_name"": ""easy_d01"", ""map_seed"": 20260621, ""query_seed"": 20261623}"
easy_s00_q0007,n3p_k1,Easy,d20_inf,False,False,3.699789686826989,3560,,,,0,,,0,0,2,1,True,1,1,1.0,f2_failed:prediction:goal_in_collision;goal:timeout;f3_failed:timeout,"{""profile_name"": ""easy_d01"", ""map_seed"": 20260621, ""query_seed"": 20261623}"
easy_s00_q0007,voronoi_waypoint,Easy,d20_inf,True,True,0.9740018749143928,9,30.25277817938542,,,3,0.3045807443282128,0.062210636948871245,0,0,0,0,False,,,,,"{""profile_name"": ""easy_d01"", ""map_seed"": 20260621, ""query_seed"": 20261623, ""waypoint_count"": 5}"
easy_s00_q0007,bottleneck_waypoint,Easy,d20_inf,True,True,1.1339106908999383,11,27.374497153674046,,,2,0.21618872290667432,0.054920411692891524,0,0,0,0,False,,,,,"{""profile_name"": ""easy_d01"", ""map_seed"": 20260621, ""query_seed"": 20261623, ""waypoint_count"": 6, ""bottleneck_count"": 6}"
easy_s00_q0007,md_dqn,Easy,d20_inf,False,False,0.1679137994069606,600,1.12499999999999,,,0,0.8385645564237341,0.1140080804209831,0,0,0,0,False,,,,md_dqn_not_reached,"{""profile_name"": ""easy_d01"", ""map_seed"": 20260621, ""query_seed"": 20261623, ""md_dqn_source_dir"": ""/home/ubuntu/DQN10/2_experiment"", ""md_dqn_checkpoint_path"": ""/home/ubuntu/DQN10/2_experiment/ugv_dqn/outputs/2026-05-12_train_load_external_demo_smoke/models/realmap_a/mlp-dqn.pt"", ""md_dqn_algo"": ""mlp-dqn"", ""md_dqn_device"": ""cpu"", ""md_dqn_max_steps"": 600, ""md_dqn_rollout_steps"": 600, ""md_dqn_reached"": false}"
easy_s00_q0008,vanilla_ha,Easy,d08_12,True,True,0.24325346946716309,121,12.04952251218758,,,0,0.20902748413023015,0.11934593393800441,0,0,0,0,False,,,,,"{""profile_name"": ""easy_d00"", ""map_seed"": 20260621, ""query_seed"": 20261624, ""evaluation_path_source"": ""trace_poses"", ""planner_path_pose_count"": 25, ""evaluation_path_pose_count"": 123}"
easy_s00_q0008,f_n3p_knn,Easy,d08_12,True,True,0.010809173109009862,0,12.395799306181308,12.04952251218758,0.028737802153030012,0,0.12102050208691777,0.11320801101669864,0,0,0,0,False,1,1,1.0,,"{""profile_name"": ""easy_d00"", ""map_seed"": 20260621, ""query_seed"": 20261624}"
easy_s00_q0008,n3p_k1,Easy,d08_12,True,True,0.008851808961480856,0,12.395799306181308,12.04952251218758,0.028737802153030012,0,0.12102050208691777,0.11320801101669864,0,0,0,0,False,1,1,1.0,,"{""profile_name"": ""easy_d00"", ""map_seed"": 20260621, ""query_seed"": 20261624}"
easy_s00_q0008,voronoi_waypoint,Easy,d08_12,True,True,0.5119489589706063,3,13.221608172898858,12.04952251218758,0.09727237403189726,0,0.2901865871306098,0.11934593393800441,0,0,0,0,False,,,,,"{""profile_name"": ""easy_d00"", ""map_seed"": 20260621, ""query_seed"": 20261624, ""waypoint_count"": 2}"
easy_s00_q0008,bottleneck_waypoint,Easy,d08_12,True,True,0.5348597369156778,3,13.509725239845825,12.04952251218758,0.12118345155845889,0,0.273798680013333,0.11934593393800441,0,0,0,0,False,,,,,"{""profile_name"": ""easy_d00"", ""map_seed"": 20260621, ""query_seed"": 20261624, ""waypoint_count"": 2, ""bottleneck_count"": 2}"
easy_s00_q0008,md_dqn,Easy,d08_12,False,False,0.16946181771345437,600,1.1249999999999802,12.04952251218758,,0,0.838564556423741,1.4352188976298959,0,0,0,0,False,,,,md_dqn_not_reached,"{""profile_name"": ""easy_d00"", ""map_seed"": 20260621, ""query_seed"": 20261624, ""md_dqn_source_dir"": ""/home/ubuntu/DQN10/2_experiment"", ""md_dqn_checkpoint_path"": ""/home/ubuntu/DQN10/2_experiment/ugv_dqn/outputs/2026-05-12_train_load_external_demo_smoke/models/realmap_a/mlp-dqn.pt"", ""md_dqn_algo"": ""mlp-dqn"", ""md_dqn_device"": ""cpu"", ""md_dqn_max_steps"": 600, ""md_dqn_rollout_steps"": 600, ""md_dqn_reached"": false}"
easy_s00_q0009,vanilla_ha,Easy,d12_16,True,True,0.1529073715209961,1,14.605478424207812,,,0,0.0,0.13149439785136574,0,0,0,0,False,,,,,"{""profile_name"": ""easy_d01"", ""map_seed"": 20260621, ""query_seed"": 20261625, ""evaluation_path_source"": ""trace_poses"", ""planner_path_pose_count"": 2, ""evaluation_path_pose_count"": 148}"
easy_s00_q0009,f_n3p_knn,Easy,d12_16,True,True,0.0006821081042289734,0,14.605478424207815,14.605478424207812,2.220446049250313e-16,0,0.0,0.1314943978513654,0,0,0,0,False,0,0,,,"{""profile_name"": ""easy_d01"", ""map_seed"": 20260621, ""query_seed"": 20261625}"
easy_s00_q0009,n3p_k1,Easy,d12_16,True,True,0.0006664819084107876,0,14.605478424207815,14.605478424207812,2.220446049250313e-16,0,0.0,0.1314943978513654,0,0,0,0,False,0,0,,,"{""profile_name"": ""easy_d01"", ""map_seed"": 20260621, ""query_seed"": 20261625}"
easy_s00_q0009,voronoi_waypoint,Easy,d12_16,True,True,0.5000142429489642,3,15.746394385569483,14.605478424207812,0.07811561718311544,0,0.30368852427903764,0.13345284962279136,0,0,0,0,False,,,,,"{""profile_name"": ""easy_d01"", ""map_seed"": 20260621, ""query_seed"": 20261625, ""waypoint_count"": 2}"
easy_s00_q0009,bottleneck_waypoint,Easy,d12_16,True,True,0.5094304920639843,3,15.114320163459679,14.605478424207812,0.03483910108747201,0,0.13634444889097186,0.13345284962279136,0,0,0,0,False,,,,,"{""profile_name"": ""easy_d01"", ""map_seed"": 20260621, ""query_seed"": 20261625, ""waypoint_count"": 2, ""bottleneck_count"": 2}"
easy_s00_q0009,md_dqn,Easy,d12_16,False,False,0.16909298370592296,600,1.1249999999997327,14.605478424207812,,0,0.0,0.13345284962279136,0,0,0,0,False,,,,md_dqn_not_reached,"{""profile_name"": ""easy_d01"", ""map_seed"": 20260621, ""query_seed"": 20261625, ""md_dqn_source_dir"": ""/home/ubuntu/DQN10/2_experiment"", ""md_dqn_checkpoint_path"": ""/home/ubuntu/DQN10/2_experiment/ugv_dqn/outputs/2026-05-12_train_load_external_demo_smoke/models/realmap_a/mlp-dqn.pt"", ""md_dqn_algo"": ""mlp-dqn"", ""md_dqn_device"": ""cpu"", ""md_dqn_max_steps"": 600, ""md_dqn_rollout_steps"": 600, ""md_dqn_reached"": false}"
easy_s00_q0010,vanilla_ha,Easy,d16_20,True,True,0.1577904224395752,1,17.314156057977527,,,0,0.0,0.46641652717473003,0,0,0,0,False,,,,,"{""profile_name"": ""easy_d00"", ""map_seed"": 20260622, ""query_seed"": 20261622, ""evaluation_path_source"": ""trace_poses"", ""planner_path_pose_count"": 2, ""evaluation_path_pose_count"": 175}"
easy_s00_q0010,f_n3p_knn,Easy,d16_20,True,True,0.0007443001959472895,0,17.314156057977527,17.314156057977527,0.0,0,9.618340803682606e-18,0.46641652717473003,0,0,0,0,False,0,0,,,"{""profile_name"": ""easy_d00"", ""map_seed"": 20260622, ""query_seed"": 20261622}"
easy_s00_q0010,n3p_k1,Easy,d16_20,True,True,0.0006777050439268351,0,17.314156057977527,17.314156057977527,0.0,0,9.618340803682606e-18,0.46641652717473003,0,0,0,0,False,0,0,,,"{""profile_name"": ""easy_d00"", ""map_seed"": 20260622, ""query_seed"": 20261622}"
easy_s00_q0010,voronoi_waypoint,Easy,d16_20,True,True,0.6555160090792924,4,20.880026501980137,17.314156057977527,0.20595115534722397,2,0.20562276330038645,0.4664165271747298,0,0,0,0,False,,,,,"{""profile_name"": ""easy_d00"", ""map_seed"": 20260622, ""query_seed"": 20261622, ""waypoint_count"": 3}"
easy_s00_q0010,bottleneck_waypoint,Easy,d16_20,True,True,0.6574043170548975,4,21.891916703380467,17.314156057977527,0.26439409637258815,3,0.24041713061294964,0.2681675500215531,0,0,0,0,False,,,,,"{""profile_name"": ""easy_d00"", ""map_seed"": 20260622, ""query_seed"": 20261622, ""waypoint_count"": 3, ""bottleneck_count"": 3}"
easy_s00_q0010,md_dqn,Easy,d16_20,False,False,0.16784671763889492,600,2.2499999999999964,17.314156057977527,,0,0.0873463012401508,1.1962751758184282,0,0,0,0,False,,,,md_dqn_not_reached,"{""profile_name"": ""easy_d00"", ""map_seed"": 20260622, ""query_seed"": 20261622, ""md_dqn_source_dir"": ""/home/ubuntu/DQN10/2_experiment"", ""md_dqn_checkpoint_path"": ""/home/ubuntu/DQN10/2_experiment/ugv_dqn/outputs/2026-05-12_train_load_external_demo_smoke/models/realmap_a/mlp-dqn.pt"", ""md_dqn_algo"": ""mlp-dqn"", ""md_dqn_device"": ""cpu"", ""md_dqn_max_steps"": 600, ""md_dqn_rollout_steps"": 600, ""md_dqn_reached"": false}"
easy_s00_q0011,vanilla_ha,Easy,d20_inf,True,True,0.20468950271606445,97,25.726393994525765,,,0,0.04586575565503991,0.1347643055261416,0,0,0,0,False,,,,,"{""profile_name"": ""easy_d01"", ""map_seed"": 20260622, ""query_seed"": 20261623, ""evaluation_path_source"": ""trace_poses"", ""planner_path_pose_count"": 45, ""evaluation_path_pose_count"": 259}"
easy_s00_q0011,f_n3p_knn,Easy,d20_inf,True,True,0.01131512806750834,0,24.76198450205313,25.726393994525765,-0.03748716173272659,0,0.0197247250407692,0.1347643055261416,0,0,0,0,False,1,1,1.0,,"{""profile_name"": ""easy_d01"", ""map_seed"": 20260622, ""query_seed"": 20261623}"
easy_s00_q0011,n3p_k1,Easy,d20_inf,True,True,0.008818174945190549,0,24.76198450205313,25.726393994525765,-0.03748716173272659,0,0.0197247250407692,0.1347643055261416,0,0,0,0,False,1,1,1.0,,"{""profile_name"": ""easy_d01"", ""map_seed"": 20260622, ""query_seed"": 20261623}"
easy_s00_q0011,voronoi_waypoint,Easy,d20_inf,True,True,0.933393576182425,6,29.35715862720819,25.726393994525765,0.14112994745610297,3,0.27359430066946644,0.1347643055261416,0,0,0,0,False,,,,,"{""profile_name"": ""easy_d01"", ""map_seed"": 20260622, ""query_seed"": 20261623, ""waypoint_count"": 5}"
easy_s00_q0011,bottleneck_waypoint,Easy,d20_inf,True,True,0.8246307289227843,5,26.25731883459211,25.726393994525765,0.020637359444130254,0,0.16280224731465598,0.1347643055261416,0,0,0,0,False,,,,,"{""profile_name"": ""easy_d01"", ""map_seed"": 20260622, ""query_seed"": 20261623, ""waypoint_count"": 4, ""bottleneck_count"": 4}"
easy_s00_q0011,md_dqn,Easy,d20_inf,False,False,0.16706848773173988,600,1.1249999999999898,25.726393994525765,,0,0.8385645564237336,0.1347643055261416,0,0,0,0,False,,,,md_dqn_not_reached,"{""profile_name"": ""easy_d01"", ""map_seed"": 20260622, ""query_seed"": 20261623, ""md_dqn_source_dir"": ""/home/ubuntu/DQN10/2_experiment"", ""md_dqn_checkpoint_path"": ""/home/ubuntu/DQN10/2_experiment/ugv_dqn/outputs/2026-05-12_train_load_external_demo_smoke/models/realmap_a/mlp-dqn.pt"", ""md_dqn_algo"": ""mlp-dqn"", ""md_dqn_device"": ""cpu"", ""md_dqn_max_steps"": 600, ""md_dqn_rollout_steps"": 600, ""md_dqn_reached"": false}"
easy_s00_q0012,vanilla_ha,Easy,d08_12,True,True,0.152313232421875,1,9.90050503762308,,,0,0.0,0.2883443625036989,0,0,0,0,False,,,,,"{""profile_name"": ""easy_d00"", ""map_seed"": 20260622, ""query_seed"": 20261624, ""evaluation_path_source"": ""trace_poses"", ""planner_path_pose_count"": 2, ""evaluation_path_pose_count"": 101}"
easy_s00_q0012,f_n3p_knn,Easy,d08_12,True,True,0.00045823282562196255,0,9.900505037623082,9.90050503762308,2.220446049250313e-16,0,0.0,0.2883443625036989,0,0,0,0,False,0,0,,,"{""profile_name"": ""easy_d00"", ""map_seed"": 20260622, ""query_seed"": 20261624}"
easy_s00_q0012,n3p_k1,Easy,d08_12,True,True,0.0004437249153852463,0,9.900505037623082,9.90050503762308,2.220446049250313e-16,0,0.0,0.2883443625036989,0,0,0,0,False,0,0,,,"{""profile_name"": ""easy_d00"", ""map_seed"": 20260622, ""query_seed"": 20261624}"
easy_s00_q0012,voronoi_waypoint,Easy,d08_12,True,True,0.39411006798036397,66,11.008198540201471,9.90050503762308,0.11188252501958496,0,0.199563162708853,0.07230370263984387,0,0,0,0,False,,,,,"{""profile_name"": ""easy_d00"", ""map_seed"": 20260622, ""query_seed"": 20261624, ""waypoint_count"": 1}"
easy_s00_q0012,bottleneck_waypoint,Easy,d08_12,True,True,0.34932837495580316,2,11.011727765043611,9.90050503762308,0.1122389941924935,0,0.2211178830965691,0.20217828848727892,0,0,0,0,False,,,,,"{""profile_name"": ""easy_d00"", ""map_seed"": 20260622, ""query_seed"": 20261624, ""waypoint_count"": 1, ""bottleneck_count"": 1}"
easy_s00_q0012,md_dqn,Easy,d08_12,False,False,0.1677217590622604,600,2.2499999999999805,9.90050503762308,,0,0.08734630124015143,0.28473684722209514,0,0,0,0,False,,,,md_dqn_not_reached,"{""profile_name"": ""easy_d00"", ""map_seed"": 20260622, ""query_seed"": 20261624, ""md_dqn_source_dir"": ""/home/ubuntu/DQN10/2_experiment"", ""md_dqn_checkpoint_path"": ""/home/ubuntu/DQN10/2_experiment/ugv_dqn/outputs/2026-05-12_train_load_external_demo_smoke/models/realmap_a/mlp-dqn.pt"", ""md_dqn_algo"": ""mlp-dqn"", ""md_dqn_device"": ""cpu"", ""md_dqn_max_steps"": 600, ""md_dqn_rollout_steps"": 600, ""md_dqn_reached"": false}"
easy_s00_q0013,vanilla_ha,Easy,d12_16,True,True,0.15789318084716797,1,13.452509059651288,,,0,0.0,0.3858084384481699,0,0,0,0,False,,,,,"{""profile_name"": ""easy_d01"", ""map_seed"": 20260622, ""query_seed"": 20261625, ""evaluation_path_source"": ""trace_poses"", ""planner_path_pose_count"": 2, ""evaluation_path_pose_count"": 136}"
easy_s00_q0013,f_n3p_knn,Easy,d12_16,True,True,0.0005958210676908493,0,13.452509059651288,13.452509059651288,0.0,0,3.301162689286258e-17,0.3858084384481699,0,0,0,0,False,0,0,,,"{""profile_name"": ""easy_d01"", ""map_seed"": 20260622, ""query_seed"": 20261625}"
easy_s00_q0013,n3p_k1,Easy,d12_16,True,True,0.000553538091480732,0,13.452509059651288,13.452509059651288,0.0,0,3.301162689286258e-17,0.3858084384481699,0,0,0,0,False,0,0,,,"{""profile_name"": ""easy_d01"", ""map_seed"": 20260622, ""query_seed"": 20261625}"
easy_s00_q0013,voronoi_waypoint,Easy,d12_16,True,True,0.5092362659052014,3,15.370546885064446,13.452509059651288,0.1425784451739205,2,0.35069686791813115,0.5723225497230298,0,0,0,0,False,,,,,"{""profile_name"": ""easy_d01"", ""map_seed"": 20260622, ""query_seed"": 20261625, ""waypoint_count"": 2}"
easy_s00_q0013,bottleneck_waypoint,Easy,d12_16,True,True,0.5151532487943769,3,13.880911043418825,13.452509059651288,0.03184550791736407,0,0.1736491167488817,0.5200635329292899,0,0,0,0,False,,,,,"{""profile_name"": ""easy_d01"", ""map_seed"": 20260622, ""query_seed"": 20261625, ""waypoint_count"": 2, ""bottleneck_count"": 2}"
easy_s00_q0013,md_dqn,Easy,d12_16,False,False,0.1685559949837625,600,1.1250000000008213,13.452509059651288,,0,0.0,0.38580721084650904,0,0,0,0,False,,,,md_dqn_not_reached,"{""profile_name"": ""easy_d01"", ""map_seed"": 20260622, ""query_seed"": 20261625, ""md_dqn_source_dir"": ""/home/ubuntu/DQN10/2_experiment"", ""md_dqn_checkpoint_path"": ""/home/ubuntu/DQN10/2_experiment/ugv_dqn/outputs/2026-05-12_train_load_external_demo_smoke/models/realmap_a/mlp-dqn.pt"", ""md_dqn_algo"": ""mlp-dqn"", ""md_dqn_device"": ""cpu"", ""md_dqn_max_steps"": 600, ""md_dqn_rollout_steps"": 600, ""md_dqn_reached"": false}"
easy_s00_q0014,vanilla_ha,Easy,d16_20,True,True,1.128894329071045,1157,19.308173494297126,,,0,0.21275631592014954,0.1304580877238991,0,0,0,0,False,,,,,"{""profile_name"": ""easy_d00"", ""map_seed"": 20260622, ""query_seed"": 20261626, ""evaluation_path_source"": ""trace_poses"", ""planner_path_pose_count"": 59, ""evaluation_path_pose_count"": 195}"
easy_s00_q0014,f_n3p_knn,Easy,d16_20,True,True,0.018744365079328418,0,19.047045684221036,19.308173494297126,-0.013524210881636023,0,0.06878683849951482,0.0879984896665319,0,21,0,0,True,0,2,0.0,,"{""profile_name"": ""easy_d00"", ""map_seed"": 20260622, ""query_seed"": 20261626}"
easy_s00_q0014,n3p_k1,Easy,d16_20,True,True,2.05948000587523,2174,19.308173494297126,19.308173494297126,0.0,0,0.21275631592014954,0.1304580877238991,0,0,1,1,True,0,0,,,"{""profile_name"": ""easy_d00"", ""map_seed"": 20260622, ""query_seed"": 20261626}"
easy_s00_q0014,voronoi_waypoint,Easy,d16_20,True,True,0.6572364980820566,4,21.89513296178315,19.308173494297126,0.13398260939855922,2,0.18838086717842814,0.6589654660349402,0,0,0,0,False,,,,,"{""profile_name"": ""easy_d00"", ""map_seed"": 20260622, ""query_seed"": 20261626, ""waypoint_count"": 3}"
easy_s00_q0014,bottleneck_waypoint,Easy,d16_20,True,True,0.6595782209187746,4,19.930325780854716,19.308173494297126,0.032222223751063206,0,0.14528829738661062,0.65896546603494,0,0,0,0,False,,,,,"{""profile_name"": ""easy_d00"", ""map_seed"": 20260622, ""query_seed"": 20261626, ""waypoint_count"": 3, ""bottleneck_count"": 3}"
easy_s00_q0014,md_dqn,Easy,d16_20,False,False,0.1676733074709773,600,1.1250000000000004,19.308173494297126,,0,0.8286550898948881,2.9570429389505373,0,0,0,0,False,,,,md_dqn_not_reached,"{""profile_name"": ""easy_d00"", ""map_seed"": 20260622, ""query_seed"": 20261626, ""md_dqn_source_dir"": ""/home/ubuntu/DQN10/2_experiment"", ""md_dqn_checkpoint_path"": ""/home/ubuntu/DQN10/2_experiment/ugv_dqn/outputs/2026-05-12_train_load_external_demo_smoke/models/realmap_a/mlp-dqn.pt"", ""md_dqn_algo"": ""mlp-dqn"", ""md_dqn_device"": ""cpu"", ""md_dqn_max_steps"": 600, ""md_dqn_rollout_steps"": 600, ""md_dqn_reached"": false}"
easy_s00_q0015,vanilla_ha,Easy,d20_inf,True,True,0.2901570796966553,297,25.176965423031245,,,0,0.1265013384745998,0.11843854091412964,0,0,0,0,False,,,,,"{""profile_name"": ""easy_d01"", ""map_seed"": 20260623, ""query_seed"": 20261623, ""evaluation_path_source"": ""trace_poses"", ""planner_path_pose_count"": 48, ""evaluation_path_pose_count"": 255}"
easy_s00_q0015,f_n3p_knn,Easy,d20_inf,True,True,0.04134620679542422,0,25.199028341448347,25.176965423031245,0.0008763136480665068,0,0.08138667607349158,0.07928221295845073,0,29,0,0,True,1,4,0.25,,"{""profile_name"": ""easy_d01"", ""map_seed"": 20260623, ""query_seed"": 20261623}"
easy_s00_q0015,n3p_k1,Easy,d20_inf,True,True,0.2249709500465542,121,24.951546913176564,25.176965423031245,-0.008953362967582756,0,0.15849897239409289,0.11787169363919725,0,0,1,0,True,1,1,1.0,,"{""profile_name"": ""easy_d01"", ""map_seed"": 20260623, ""query_seed"": 20261623}"
easy_s00_q0015,voronoi_waypoint,Easy,d20_inf,True,True,0.9715148839168251,6,26.590816881040915,25.176965423031245,0.056156547632079334,0,0.2070616611559658,0.2386814560093542,0,0,0,0,False,,,,,"{""profile_name"": ""easy_d01"", ""map_seed"": 20260623, ""query_seed"": 20261623, ""waypoint_count"": 5}"
easy_s00_q0015,bottleneck_waypoint,Easy,d20_inf,True,True,0.9845336829312146,24,26.58257375429694,25.176965423031245,0.05582914015443197,0,0.34126466216824003,0.08097955856576822,0,0,0,0,False,,,,,"{""profile_name"": ""easy_d01"", ""map_seed"": 20260623, ""query_seed"": 20261623, ""waypoint_count"": 5, ""bottleneck_count"": 5}"
easy_s00_q0015,md_dqn,Easy,d20_inf,False,False,0.18580729980021715,600,3.7500000000000036,25.176965423031245,,0,0.4259392714572863,0.22184037199140227,0,0,0,0,False,,,,md_dqn_not_reached,"{""profile_name"": ""easy_d01"", ""map_seed"": 20260623, ""query_seed"": 20261623, ""md_dqn_source_dir"": ""/home/ubuntu/DQN10/2_experiment"", ""md_dqn_checkpoint_path"": ""/home/ubuntu/DQN10/2_experiment/ugv_dqn/outputs/2026-05-12_train_load_external_demo_smoke/models/realmap_a/mlp-dqn.pt"", ""md_dqn_algo"": ""mlp-dqn"", ""md_dqn_device"": ""cpu"", ""md_dqn_max_steps"": 600, ""md_dqn_rollout_steps"": 600, ""md_dqn_reached"": false}"
easy_s00_q0016,vanilla_ha,Easy,d08_12,True,True,0.19316458702087402,64,12.498256849789906,,,0,0.10794592054369667,0.159113882054725,0,0,0,0,False,,,,,"{""profile_name"": ""easy_d00"", ""map_seed"": 20260623, ""query_seed"": 20261624, ""evaluation_path_source"": ""trace_poses"", ""planner_path_pose_count"": 17, ""evaluation_path_pose_count"": 127}"
easy_s00_q0016,f_n3p_knn,Easy,d08_12,True,True,0.01105033908970654,0,12.368910798641714,12.498256849789906,-0.010349127298529326,0,0.09422055620114403,0.11167691203412833,0,8,0,0,True,0,1,0.0,,"{""profile_name"": ""easy_d00"", ""map_seed"": 20260623, ""query_seed"": 20261624}"
easy_s00_q0016,n3p_k1,Easy,d08_12,True,True,0.2046091710217297,64,12.498256849789906,12.498256849789906,0.0,0,0.10794592054369667,0.159113882054725,0,0,1,0,True,0,0,,,"{""profile_name"": ""easy_d00"", ""map_seed"": 20260623, ""query_seed"": 20261624}"
easy_s00_q0016,voronoi_waypoint,Easy,d08_12,True,True,0.5129788948688656,11,13.401360501790238,12.498256849789906,0.07225836873527802,0,0.2518158303466362,0.19271828579311223,0,0,0,0,False,,,,,"{""profile_name"": ""easy_d00"", ""map_seed"": 20260623, ""query_seed"": 20261624, ""waypoint_count"": 2}"
easy_s00_q0016,bottleneck_waypoint,Easy,d08_12,True,True,0.5083255469799042,3,12.855587704855674,12.498256849789906,0.028590455401928727,0,0.2330182634286102,0.40075938358452223,0,0,0,0,False,,,,,"{""profile_name"": ""easy_d00"", ""map_seed"": 20260623, ""query_seed"": 20261624, ""waypoint_count"": 2, ""bottleneck_count"": 2}"
easy_s00_q0016,md_dqn,Easy,d08_12,False,False,0.16932205366902053,600,1.1249999999999982,12.498256849789906,,0,0.8286550898948917,0.491887083852129,0,0,0,0,False,,,,md_dqn_not_reached,"{""profile_name"": ""easy_d00"", ""map_seed"": 20260623, ""query_seed"": 20261624, ""md_dqn_source_dir"": ""/home/ubuntu/DQN10/2_experiment"", ""md_dqn_checkpoint_path"": ""/home/ubuntu/DQN10/2_experiment/ugv_dqn/outputs/2026-05-12_train_load_external_demo_smoke/models/realmap_a/mlp-dqn.pt"", ""md_dqn_algo"": ""mlp-dqn"", ""md_dqn_device"": ""cpu"", ""md_dqn_max_steps"": 600, ""md_dqn_rollout_steps"": 600, ""md_dqn_reached"": false}"
easy_s00_q0017,vanilla_ha,Easy,d12_16,False,False,2.502065420150757,2533,,,,0,,,0,0,0,0,False,,,,timeout,"{""profile_name"": ""easy_d01"", ""map_seed"": 20260623, ""query_seed"": 20261625, ""evaluation_path_source"": ""planner_path"", ""planner_path_pose_count"": 0, ""evaluation_path_pose_count"": 0}"
easy_s00_q0017,f_n3p_knn,Easy,d12_16,True,True,0.02991760801523924,0,14.616196580739903,,,1,0.13808434388692375,0.09171600919970091,0,7,0,0,True,1,3,0.3333333333333333,,"{""profile_name"": ""easy_d01"", ""map_seed"": 20260623, ""query_seed"": 20261625}"
easy_s00_q0017,n3p_k1,Easy,d12_16,True,True,0.7288692549336702,499,17.97748823276998,,,1,0.2599482284181121,0.08121037153098165,0,0,2,0,True,0,0,,,"{""profile_name"": ""easy_d01"", ""map_seed"": 20260623, ""query_seed"": 20261625}"
easy_s00_q0017,voronoi_waypoint,Easy,d12_16,True,True,0.6641573489177972,4,19.909172363995395,,,3,0.3872037160351454,0.07479617915009595,0,0,0,0,False,,,,,"{""profile_name"": ""easy_d01"", ""map_seed"": 20260623, ""query_seed"": 20261625, ""waypoint_count"": 3}"
easy_s00_q0017,bottleneck_waypoint,Easy,d12_16,False,False,1.5112798700574785,856,12.208172269557656,,,0,0.3274387728711548,0.6579176405685898,0,0,0,0,False,,,,segment_failed:timeout,"{""profile_name"": ""easy_d01"", ""map_seed"": 20260623, ""query_seed"": 20261625, ""waypoint_count"": 3, ""bottleneck_count"": 3}"
easy_s00_q0017,md_dqn,Easy,d12_16,False,False,0.16844037151895463,600,2.2500000000000164,,,0,0.08734630124014993,0.6924444440704038,0,0,0,0,False,,,,md_dqn_not_reached,"{""profile_name"": ""easy_d01"", ""map_seed"": 20260623, ""query_seed"": 20261625, ""md_dqn_source_dir"": ""/home/ubuntu/DQN10/2_experiment"", ""md_dqn_checkpoint_path"": ""/home/ubuntu/DQN10/2_experiment/ugv_dqn/outputs/2026-05-12_train_load_external_demo_smoke/models/realmap_a/mlp-dqn.pt"", ""md_dqn_algo"": ""mlp-dqn"", ""md_dqn_device"": ""cpu"", ""md_dqn_max_steps"": 600, ""md_dqn_rollout_steps"": 600, ""md_dqn_reached"": false}"
easy_s00_q0018,vanilla_ha,Easy,d16_20,False,False,2.5003111362457275,3521,,,,0,,,0,0,0,0,False,,,,timeout,"{""profile_name"": ""easy_d00"", ""map_seed"": 20260623, ""query_seed"": 20261626, ""evaluation_path_source"": ""planner_path"", ""planner_path_pose_count"": 0, ""evaluation_path_pose_count"": 0}"
easy_s00_q0018,f_n3p_knn,Easy,d16_20,True,True,0.03557400801219046,0,19.382283877258427,,,0,0.06648335743261596,0.06874925005687049,0,2,0,0,True,3,4,0.75,,"{""profile_name"": ""easy_d00"", ""map_seed"": 20260623, ""query_seed"": 20261626}"
easy_s00_q0018,n3p_k1,Easy,d16_20,True,True,1.18565607490018,906,19.415631798971063,,,0,0.1002010652970352,0.06874925005687049,0,0,1,0,True,3,3,1.0,,"{""profile_name"": ""easy_d00"", ""map_seed"": 20260623, ""query_seed"": 20261626}"
easy_s00_q0018,voronoi_waypoint,Easy,d16_20,True,True,0.8011138259898871,5,24.563580629051206,,,3,0.20464596905480606,0.09015054127582056,0,0,0,0,False,,,,,"{""profile_name"": ""easy_d00"", ""map_seed"": 20260623, ""query_seed"": 20261626, ""waypoint_count"": 4}"
easy_s00_q0018,bottleneck_waypoint,Easy,d16_20,True,True,0.6541893340181559,4,21.284608168389468,,,0,0.17877071244069148,0.10347969826511627,0,0,0,0,False,,,,,"{""profile_name"": ""easy_d00"", ""map_seed"": 20260623, ""query_seed"": 20261626, ""waypoint_count"": 3, ""bottleneck_count"": 3}"
easy_s00_q0018,md_dqn,Easy,d16_20,False,False,0.16827329178340733,600,1.125000000000002,,,0,0.8385645564237252,1.3398801280522417,0,0,0,0,False,,,,md_dqn_not_reached,"{""profile_name"": ""easy_d00"", ""map_seed"": 20260623, ""query_seed"": 20261626, ""md_dqn_source_dir"": ""/home/ubuntu/DQN10/2_experiment"", ""md_dqn_checkpoint_path"": ""/home/ubuntu/DQN10/2_experiment/ugv_dqn/outputs/2026-05-12_train_load_external_demo_smoke/models/realmap_a/mlp-dqn.pt"", ""md_dqn_algo"": ""mlp-dqn"", ""md_dqn_device"": ""cpu"", ""md_dqn_max_steps"": 600, ""md_dqn_rollout_steps"": 600, ""md_dqn_reached"": false}"
easy_s00_q0019,vanilla_ha,Easy,d20_inf,True,True,0.21434330940246582,105,26.783189352567955,,,0,0.0885010587025375,0.07076261955971164,0,0,0,0,False,,,,,"{""profile_name"": ""easy_d01"", ""map_seed"": 20260623, ""query_seed"": 20261627, ""evaluation_path_source"": ""trace_poses"", ""planner_path_pose_count"": 25, ""evaluation_path_pose_count"": 269}"
easy_s00_q0019,f_n3p_knn,Easy,d20_inf,True,True,0.008938460843637586,0,26.42818725899614,26.783189352567955,-0.013254660932969786,0,0.03391578537664791,0.18283423995754733,0,1,0,0,True,0,1,0.0,,"{""profile_name"": ""easy_d01"", ""map_seed"": 20260623, ""query_seed"": 20261627}"
easy_s00_q0019,n3p_k1,Easy,d20_inf,True,True,0.6123716940637678,507,27.5431994046682,26.783189352567955,0.0283763834880022,0,0.1271421735803887,0.0804633713512437,0,0,1,0,True,2,2,1.0,,"{""profile_name"": ""easy_d01"", ""map_seed"": 20260623, ""query_seed"": 20261627}"
easy_s00_q0019,voronoi_waypoint,Easy,d20_inf,True,True,0.9768610899336636,12,28.467090366543484,26.783189352567955,0.0628715643909703,2,0.22752005537280642,0.09679648812484132,0,0,0,0,False,,,,,"{""profile_name"": ""easy_d01"", ""map_seed"": 20260623, ""query_seed"": 20261627, ""waypoint_count"": 5}"
easy_s00_q0019,bottleneck_waypoint,Easy,d20_inf,True,True,0.9741134310606867,6,27.75593666897236,26.783189352567955,0.036319323423337435,0,0.217603843716356,0.415651461550663,0,0,0,0,False,,,,,"{""profile_name"": ""easy_d01"", ""map_seed"": 20260623, ""query_seed"": 20261627, ""waypoint_count"": 5, ""bottleneck_count"": 5}"
easy_s00_q0019,md_dqn,Easy,d20_inf,False,False,0.16954846447333694,600,1.124999999999277,26.783189352567955,,0,0.0,2.07481987362343,0,0,0,0,False,,,,md_dqn_not_reached,"{""profile_name"": ""easy_d01"", ""map_seed"": 20260623, ""query_seed"": 20261627, ""md_dqn_source_dir"": ""/home/ubuntu/DQN10/2_experiment"", ""md_dqn_checkpoint_path"": ""/home/ubuntu/DQN10/2_experiment/ugv_dqn/outputs/2026-05-12_train_load_external_demo_smoke/models/realmap_a/mlp-dqn.pt"", ""md_dqn_algo"": ""mlp-dqn"", ""md_dqn_device"": ""cpu"", ""md_dqn_max_steps"": 600, ""md_dqn_rollout_steps"": 600, ""md_dqn_reached"": false}"
easy_s01_q0020,vanilla_ha,Easy,d08_12,True,True,0.15895533561706543,1,9.329523031752476,,,0,0.0,1.039512147651977,0,0,0,0,False,,,,,"{""profile_name"": ""easy_d00"", ""map_seed"": 20270620, ""query_seed"": 20271620, ""evaluation_path_source"": ""trace_poses"", ""planner_path_pose_count"": 2, ""evaluation_path_pose_count"": 95}"
easy_s01_q0020,f_n3p_knn,Easy,d08_12,True,True,0.00043959589675068855,0,9.32952303175248,9.329523031752476,4.440892098500626e-16,0,2.3800209739481375e-17,1.0395121476519762,0,0,0,0,False,0,0,,,"{""profile_name"": ""easy_d00"", ""map_seed"": 20270620, ""query_seed"": 20271620}"
easy_s01_q0020,n3p_k1,Easy,d08_12,True,True,0.00041321292519569397,0,9.32952303175248,9.329523031752476,4.440892098500626e-16,0,2.3800209739481375e-17,1.0395121476519762,0,0,0,0,False,0,0,,,"{""profile_name"": ""easy_d00"", ""map_seed"": 20270620, ""query_seed"": 20271620}"
easy_s01_q0020,voronoi_waypoint,Easy,d08_12,True,True,0.35620107781141996,2,11.79287922679097,9.329523031752476,0.2640388138444598,0,0.26682985454403046,1.5565111068607436,0,0,0,0,False,,,,,"{""profile_name"": ""easy_d00"", ""map_seed"": 20270620, ""query_seed"": 20271620, ""waypoint_count"": 1}"
easy_s01_q0020,bottleneck_waypoint,Easy,d08_12,True,True,0.5080280438996851,3,13.734408874820677,9.329523031752476,0.47214480612529,2,0.44093521909048716,1.5586390530681118,0,0,0,0,False,,,,,"{""profile_name"": ""easy_d00"", ""map_seed"": 20270620, ""query_seed"": 20271620, ""waypoint_count"": 2, ""bottleneck_count"": 2}"
easy_s01_q0020,md_dqn,Easy,d08_12,False,False,0.16736406460404396,600,1.1249999999996323,9.329523031752476,,0,0.0,1.4677144185754945,0,0,0,0,False,,,,md_dqn_not_reached,"{""profile_name"": ""easy_d00"", ""map_seed"": 20270620, ""query_seed"": 20271620, ""md_dqn_source_dir"": ""/home/ubuntu/DQN10/2_experiment"", ""md_dqn_checkpoint_path"": ""/home/ubuntu/DQN10/2_experiment/ugv_dqn/outputs/2026-05-12_train_load_external_demo_smoke/models/realmap_a/mlp-dqn.pt"", ""md_dqn_algo"": ""mlp-dqn"", ""md_dqn_device"": ""cpu"", ""md_dqn_max_steps"": 600, ""md_dqn_rollout_steps"": 600, ""md_dqn_reached"": false}"
easy_s01_q0021,vanilla_ha,Easy,d12_16,True,True,0.17768549919128418,36,13.315984218231037,,,0,0.13517588865384828,0.08950079353378326,0,0,0,0,False,,,,,"{""profile_name"": ""easy_d01"", ""map_seed"": 20270620, ""query_seed"": 20271621, ""evaluation_path_source"": ""trace_poses"", ""planner_path_pose_count"": 20, ""evaluation_path_pose_count"": 135}"
easy_s01_q0021,f_n3p_knn,Easy,d12_16,True,True,0.010727782035246491,0,13.422613953870318,13.315984218231037,0.008007649595535904,0,0.09347066536778872,0.07629770804570157,0,3,0,0,True,0,1,0.0,,"{""profile_name"": ""easy_d01"", ""map_seed"": 20270620, ""query_seed"": 20271621}"
easy_s01_q0021,n3p_k1,Easy,d12_16,True,True,0.1872599320486188,36,13.315984218231037,13.315984218231037,0.0,0,0.1351758886538483,0.08950079353378326,0,0,1,0,True,0,0,,,"{""profile_name"": ""easy_d01"", ""map_seed"": 20270620, ""query_seed"": 20271621}"
easy_s01_q0021,voronoi_waypoint,Easy,d12_16,True,True,0.5172073249705136,7,14.551486680301979,13.315984218231037,0.09278341291358716,0,0.33884128664666696,0.21246277611873587,0,0,0,0,False,,,,,"{""profile_name"": ""easy_d01"", ""map_seed"": 20270620, ""query_seed"": 20271621, ""waypoint_count"": 2}"
easy_s01_q0021,bottleneck_waypoint,Easy,d12_16,True,True,0.5116885700263083,3,14.032238798081908,13.315984218231037,0.05378908296318352,0,0.2689222299407133,0.47770696007893676,0,0,0,0,False,,,,,"{""profile_name"": ""easy_d01"", ""map_seed"": 20270620, ""query_seed"": 20271621, ""waypoint_count"": 2, ""bottleneck_count"": 2}"
easy_s01_q0021,md_dqn,Easy,d12_16,False,False,0.30421762191690505,583,1.164375000000762,13.315984218231037,,1,0.07284143783538377,0.476865261996242,0,0,0,0,False,,,,md_dqn_not_reached,"{""profile_name"": ""easy_d01"", ""map_seed"": 20270620, ""query_seed"": 20271621, ""md_dqn_source_dir"": ""/home/ubuntu/DQN10/2_experiment"", ""md_dqn_checkpoint_path"": ""/home/ubuntu/DQN10/2_experiment/ugv_dqn/outputs/2026-05-12_train_load_external_demo_smoke/models/realmap_a/mlp-dqn.pt"", ""md_dqn_algo"": ""mlp-dqn"", ""md_dqn_device"": ""cpu"", ""md_dqn_max_steps"": 600, ""md_dqn_rollout_steps"": 583, ""md_dqn_reached"": false}"
easy_s01_q0022,vanilla_ha,Easy,d16_20,True,True,0.20252060890197754,81,18.15478218287994,,,0,0.08136356455352291,0.24624253408142438,0,0,0,0,False,,,,,"{""profile_name"": ""easy_d00"", ""map_seed"": 20270620, ""query_seed"": 20271622, ""evaluation_path_source"": ""trace_poses"", ""planner_path_pose_count"": 31, ""evaluation_path_pose_count"": 184}"
easy_s01_q0022,f_n3p_knn,Easy,d16_20,True,True,0.01885676197707653,0,17.90058053770405,18.15478218287994,-0.014001911045542714,0,0.04366189726238114,0.12090473895665887,0,1,0,0,True,1,2,0.5,,"{""profile_name"": ""easy_d00"", ""map_seed"": 20270620, ""query_seed"": 20271622}"
easy_s01_q0022,n3p_k1,Easy,d16_20,True,True,0.33777079707942903,23,17.9141894505395,18.15478218287994,-0.013252306192212071,0,0.0700394474970657,0.060781787275806076,0,0,2,0,True,0,0,,,"{""profile_name"": ""easy_d00"", ""map_seed"": 20270620, ""query_seed"": 20271622}"
easy_s01_q0022,voronoi_waypoint,Easy,d16_20,True,True,0.6590451828669757,4,20.37430291390259,18.15478218287994,0.12225543158075824,0,0.2791101145651847,0.24624253408142438,0,0,0,0,False,,,,,"{""profile_name"": ""easy_d00"", ""map_seed"": 20270620, ""query_seed"": 20271622, ""waypoint_count"": 3}"
easy_s01_q0022,bottleneck_waypoint,Easy,d16_20,True,True,0.6603840740863234,4,19.564636264848907,18.15478218287994,0.07765744957813192,0,0.22763667941575474,0.24624253408142438,0,0,0,0,False,,,,,"{""profile_name"": ""easy_d00"", ""map_seed"": 20270620, ""query_seed"": 20271622, ""waypoint_count"": 3, ""bottleneck_count"": 3}"
easy_s01_q0022,md_dqn,Easy,d16_20,False,False,0.1679900144226849,600,2.250000000000008,18.15478218287994,,0,0.0873463012401503,0.24624253408142438,0,0,0,0,False,,,,md_dqn_not_reached,"{""profile_name"": ""easy_d00"", ""map_seed"": 20270620, ""query_seed"": 20271622, ""md_dqn_source_dir"": ""/home/ubuntu/DQN10/2_experiment"", ""md_dqn_checkpoint_path"": ""/home/ubuntu/DQN10/2_experiment/ugv_dqn/outputs/2026-05-12_train_load_external_demo_smoke/models/realmap_a/mlp-dqn.pt"", ""md_dqn_algo"": ""mlp-dqn"", ""md_dqn_device"": ""cpu"", ""md_dqn_max_steps"": 600, ""md_dqn_rollout_steps"": 600, ""md_dqn_reached"": false}"
easy_s01_q0023,vanilla_ha,Easy,d20_inf,False,False,2.500042676925659,3268,,,,0,,,0,0,0,0,False,,,,timeout,"{""profile_name"": ""easy_d01"", ""map_seed"": 20270620, ""query_seed"": 20271623, ""evaluation_path_source"": ""planner_path"", ""planner_path_pose_count"": 0, ""evaluation_path_pose_count"": 0}"
easy_s01_q0023,f_n3p_knn,Easy,d20_inf,True,True,0.03306840895675123,0,27.030993619431534,,,1,0.10691773200575465,0.1302017051509271,0,3,0,0,True,2,4,0.5,,"{""profile_name"": ""easy_d01"", ""map_seed"": 20270620, ""query_seed"": 20271623}"
easy_s01_q0023,n3p_k1,Easy,d20_inf,False,False,3.6852033839095384,4727,,,,0,,,0,0,2,1,True,0,0,,f2_failed:prediction:goal_in_collision;goal:timeout;f3_failed:timeout,"{""profile_name"": ""easy_d01"", ""map_seed"": 20270620, ""query_seed"": 20271623}"
easy_s01_q0023,voronoi_waypoint,Easy,d20_inf,True,True,0.9183595748618245,6,29.111456653102387,,,1,0.2899348670275099,0.21267103662622766,0,0,0,0,False,,,,,"{""profile_name"": ""easy_d01"", ""map_seed"": 20270620, ""query_seed"": 20271623, ""waypoint_count"": 5}"
easy_s01_q0023,bottleneck_waypoint,Easy,d20_inf,True,True,0.773923025932163,5,26.911353719846357,,,1,0.2596847537179464,0.212671036626224,0,0,0,0,False,,,,,"{""profile_name"": ""easy_d01"", ""map_seed"": 20270620, ""query_seed"": 20271623, ""waypoint_count"": 4, ""bottleneck_count"": 4}"
easy_s01_q0023,md_dqn,Easy,d20_inf,False,False,0.16881067887879908,600,2.250000000000006,,,0,0.08734630124015029,1.9002456402716903,0,0,0,0,False,,,,md_dqn_not_reached,"{""profile_name"": ""easy_d01"", ""map_seed"": 20270620, ""query_seed"": 20271623, ""md_dqn_source_dir"": ""/home/ubuntu/DQN10/2_experiment"", ""md_dqn_checkpoint_path"": ""/home/ubuntu/DQN10/2_experiment/ugv_dqn/outputs/2026-05-12_train_load_external_demo_smoke/models/realmap_a/mlp-dqn.pt"", ""md_dqn_algo"": ""mlp-dqn"", ""md_dqn_device"": ""cpu"", ""md_dqn_max_steps"": 600, ""md_dqn_rollout_steps"": 600, ""md_dqn_reached"": false}"
easy_s01_q0024,vanilla_ha,Easy,d08_12,True,True,0.832364559173584,1116,10.726471110540526,,,0,0.1671769341535635,0.1460514855626912,0,0,0,0,False,,,,,"{""profile_name"": ""easy_d00"", ""map_seed"": 20270620, ""query_seed"": 20271624, ""evaluation_path_source"": ""trace_poses"", ""planner_path_pose_count"": 17, ""evaluation_path_pose_count"": 110}"
easy_s01_q0024,f_n3p_knn,Easy,d08_12,True,True,0.011544665088877082,0,10.58591921748817,10.726471110540526,-0.013103274283211452,0,0.06546901896159085,0.10888364940948014,0,3,0,0,True,0,1,0.0,,"{""profile_name"": ""easy_d00"", ""map_seed"": 20270620, ""query_seed"": 20271624}"
easy_s01_q0024,n3p_k1,Easy,d08_12,True,True,1.8433191541116685,2272,10.726471110540526,10.726471110540526,0.0,0,0.1671769341535635,0.1460514855626912,0,0,1,0,True,0,0,,,"{""profile_name"": ""easy_d00"", ""map_seed"": 20270620, ""query_seed"": 20271624}"
easy_s01_q0024,voronoi_waypoint,Easy,d08_12,True,True,0.33400108106434345,2,11.97981579954577,10.726471110540526,0.1168459483169284,0,0.19822012265980363,1.0473624752230652,0,0,0,0,False,,,,,"{""profile_name"": ""easy_d00"", ""map_seed"": 20270620, ""query_seed"": 20271624, ""waypoint_count"": 1}"
easy_s01_q0024,bottleneck_waypoint,Easy,d08_12,True,True,0.3350057059433311,2,11.433340009157833,10.726471110540526,0.06589948281524682,0,0.21108239995778666,1.0171096501116275,0,0,0,0,False,,,,,"{""profile_name"": ""easy_d00"", ""map_seed"": 20270620, ""query_seed"": 20271624, ""waypoint_count"": 1, ""bottleneck_count"": 1}"
easy_s01_q0024,md_dqn,Easy,d08_12,False,False,0.1677389817778021,600,1.1249999999999718,10.726471110540526,,0,0.11625320302850889,1.7237893309492822,0,0,0,0,False,,,,md_dqn_not_reached,"{""profile_name"": ""easy_d00"", ""map_seed"": 20270620, ""query_seed"": 20271624, ""md_dqn_source_dir"": ""/home/ubuntu/DQN10/2_experiment"", ""md_dqn_checkpoint_path"": ""/home/ubuntu/DQN10/2_experiment/ugv_dqn/outputs/2026-05-12_train_load_external_demo_smoke/models/realmap_a/mlp-dqn.pt"", ""md_dqn_algo"": ""mlp-dqn"", ""md_dqn_device"": ""cpu"", ""md_dqn_max_steps"": 600, ""md_dqn_rollout_steps"": 600, ""md_dqn_reached"": false}"
easy_s01_q0025,vanilla_ha,Easy,d12_16,True,True,0.1572856903076172,17,12.240133949021715,,,0,0.13367754600193438,0.06945771916205201,0,0,0,0,False,,,,,"{""profile_name"": ""easy_d01"", ""map_seed"": 20270621, ""query_seed"": 20271621, ""evaluation_path_source"": ""trace_poses"", ""planner_path_pose_count"": 11, ""evaluation_path_pose_count"": 125}"
easy_s01_q0025,f_n3p_knn,Easy,d12_16,True,True,0.007696155924350023,0,12.25704382170423,12.240133949021715,0.0013815104273320333,0,0.09279551334904793,0.20922100881243644,0,6,0,0,True,0,1,0.0,,"{""profile_name"": ""easy_d01"", ""map_seed"": 20270621, ""query_seed"": 20271621}"
easy_s01_q0025,n3p_k1,Easy,d12_16,True,True,0.3285107580013573,187,12.446495704571364,12.240133949021715,0.01685943604940232,2,0.152428117985898,0.07400480870611748,0,0,1,0,True,0,0,,,"{""profile_name"": ""easy_d01"", ""map_seed"": 20270621, ""query_seed"": 20271621}"
easy_s01_q0025,voronoi_waypoint,Easy,d12_16,True,True,0.4771877920720726,3,14.672795378196803,12.240133949021715,0.19874467381703087,2,0.33335235994363693,0.7007060367834506,0,0,0,0,False,,,,,"{""profile_name"": ""easy_d01"", ""map_seed"": 20270621, ""query_seed"": 20271621, ""waypoint_count"": 2}"
easy_s01_q0025,bottleneck_waypoint,Easy,d12_16,True,True,0.3388496940024197,2,12.847564410998759,12.240133949021715,0.04962612864425342,0,0.2081457012944652,0.5821324768161438,0,0,0,0,False,,,,,"{""profile_name"": ""easy_d01"", ""map_seed"": 20270621, ""query_seed"": 20271621, ""waypoint_count"": 1, ""bottleneck_count"": 1}"
easy_s01_q0025,md_dqn,Easy,d12_16,False,False,0.1676964818034321,600,1.1249999999999936,12.240133949021715,,0,0.8385645564237321,0.6001899663409751,0,0,0,0,False,,,,md_dqn_not_reached,"{""profile_name"": ""easy_d01"", ""map_seed"": 20270621, ""query_seed"": 20271621, ""md_dqn_source_dir"": ""/home/ubuntu/DQN10/2_experiment"", ""md_dqn_checkpoint_path"": ""/home/ubuntu/DQN10/2_experiment/ugv_dqn/outputs/2026-05-12_train_load_external_demo_smoke/models/realmap_a/mlp-dqn.pt"", ""md_dqn_algo"": ""mlp-dqn"", ""md_dqn_device"": ""cpu"", ""md_dqn_max_steps"": 600, ""md_dqn_rollout_steps"": 600, ""md_dqn_reached"": false}"
easy_s01_q0026,vanilla_ha,Easy,d16_20,True,True,0.32438015937805176,145,17.233042834253148,,,0,0.17763298966032756,0.057414340250322105,0,0,0,0,False,,,,,"{""profile_name"": ""easy_d00"", ""map_seed"": 20270621, ""query_seed"": 20271622, ""evaluation_path_source"": ""trace_poses"", ""planner_path_pose_count"": 25, ""evaluation_path_pose_count"": 175}"
easy_s01_q0026,f_n3p_knn,Easy,d16_20,True,True,0.028247825801372528,0,17.614225467028735,17.233042834253148,0.02211928772195315,0,0.12018619924211799,0.09217987877965494,0,3,0,0,True,2,3,0.6666666666666666,,"{""profile_name"": ""easy_d00"", ""map_seed"": 20270621, ""query_seed"": 20271622}"
easy_s01_q0026,n3p_k1,Easy,d16_20,True,True,0.22309506591409445,87,17.15141783141309,17.233042834253148,-0.004736540355938401,0,0.0833692049553084,0.06798770483222061,0,0,1,0,True,1,1,1.0,,"{""profile_name"": ""easy_d00"", ""map_seed"": 20270621, ""query_seed"": 20271622}"
easy_s01_q0026,voronoi_waypoint,Easy,d16_20,True,True,0.6288672511000186,4,17.878982173727554,17.233042834253148,0.037482605114316225,0,0.14382991639677514,0.22367729131781078,0,0,0,0,False,,,,,"{""profile_name"": ""easy_d00"", ""map_seed"": 20270621, ""query_seed"": 20271622, ""waypoint_count"": 3}"
easy_s01_q0026,bottleneck_waypoint,Easy,d16_20,True,True,0.6247708050068468,4,18.080676189375446,17.233042834253148,0.049186517046049705,0,0.1401007746014271,0.7057382894078419,0,0,0,0,False,,,,,"{""profile_name"": ""easy_d00"", ""map_seed"": 20270621, ""query_seed"": 20271622, ""waypoint_count"": 3, ""bottleneck_count"": 3}"
easy_s01_q0026,md_dqn,Easy,d16_20,False,False,0.16789960395544767,600,1.1250000000001936,17.233042834253148,,0,0.0,0.8300070849989065,0,0,0,0,False,,,,md_dqn_not_reached,"{""profile_name"": ""easy_d00"", ""map_seed"": 20270621, ""query_seed"": 20271622, ""md_dqn_source_dir"": ""/home/ubuntu/DQN10/2_experiment"", ""md_dqn_checkpoint_path"": ""/home/ubuntu/DQN10/2_experiment/ugv_dqn/outputs/2026-05-12_train_load_external_demo_smoke/models/realmap_a/mlp-dqn.pt"", ""md_dqn_algo"": ""mlp-dqn"", ""md_dqn_device"": ""cpu"", ""md_dqn_max_steps"": 600, ""md_dqn_rollout_steps"": 600, ""md_dqn_reached"": false}"
easy_s01_q0027,vanilla_ha,Easy,d20_inf,True,True,0.15202593803405762,1,25.0,,,0,0.0,0.46214866651724384,0,0,0,0,False,,,,,"{""profile_name"": ""easy_d01"", ""map_seed"": 20270621, ""query_seed"": 20271623, ""evaluation_path_source"": ""trace_poses"", ""planner_path_pose_count"": 2, ""evaluation_path_pose_count"": 251}"
easy_s01_q0027,f_n3p_knn,Easy,d20_inf,True,True,0.0009514568373560905,0,25.000000000000004,25.0,2.220446049250313e-16,0,0.0,0.46214866651724196,0,0,0,0,False,0,0,,,"{""profile_name"": ""easy_d01"", ""map_seed"": 20270621, ""query_seed"": 20271623}"
easy_s01_q0027,n3p_k1,Easy,d20_inf,True,True,0.0009292440954595804,0,25.000000000000004,25.0,2.220446049250313e-16,0,0.0,0.46214866651724196,0,0,0,0,False,0,0,,,"{""profile_name"": ""easy_d01"", ""map_seed"": 20270621, ""query_seed"": 20271623}"
easy_s01_q0027,voronoi_waypoint,Easy,d20_inf,True,True,0.772355078952387,5,25.710468008646124,25.0,0.028418720345845028,0,0.17225689814777423,0.4621486665172474,0,0,0,0,False,,,,,"{""profile_name"": ""easy_d01"", ""map_seed"": 20270621, ""query_seed"": 20271623, ""waypoint_count"": 4}"
easy_s01_q0027,bottleneck_waypoint,Easy,d20_inf,True,True,0.6311582778580487,4,25.20701604344692,25.0,0.008280641737876904,0,0.05065549484761594,0.46214866651724595,0,0,0,0,False,,,,,"{""profile_name"": ""easy_d01"", ""map_seed"": 20270621, ""query_seed"": 20271623, ""waypoint_count"": 3, ""bottleneck_count"": 3}"
easy_s01_q0027,md_dqn,Easy,d20_inf,False,False,0.16905468213371933,600,1.1249999999999902,25.0,,0,0.8286550898948973,1.6475948208586524,0,0,0,0,False,,,,md_dqn_not_reached,"{""profile_name"": ""easy_d01"", ""map_seed"": 20270621, ""query_seed"": 20271623, ""md_dqn_source_dir"": ""/home/ubuntu/DQN10/2_experiment"", ""md_dqn_checkpoint_path"": ""/home/ubuntu/DQN10/2_experiment/ugv_dqn/outputs/2026-05-12_train_load_external_demo_smoke/models/realmap_a/mlp-dqn.pt"", ""md_dqn_algo"": ""mlp-dqn"", ""md_dqn_device"": ""cpu"", ""md_dqn_max_steps"": 600, ""md_dqn_rollout_steps"": 600, ""md_dqn_reached"": false}"
easy_s01_q0028,vanilla_ha,Easy,d08_12,True,True,0.1857740879058838,61,11.482770772151245,,,0,0.1308351499942803,0.15894298404928298,0,0,0,0,False,,,,,"{""profile_name"": ""easy_d00"", ""map_seed"": 20270621, ""query_seed"": 20271624, ""evaluation_path_source"": ""trace_poses"", ""planner_path_pose_count"": 20, ""evaluation_path_pose_count"": 118}"
easy_s01_q0028,f_n3p_knn,Easy,d08_12,True,True,0.019368856912478805,0,11.048724732801205,11.482770772151245,-0.03779976522763273,0,0.11662892976648905,0.4016397013032027,0,1,0,0,True,1,2,0.5,,"{""profile_name"": ""easy_d00"", ""map_seed"": 20270621, ""query_seed"": 20271624}"
easy_s01_q0028,n3p_k1,Easy,d08_12,True,True,0.430674099130556,367,11.039825615291562,11.482770772151245,-0.03857476262906345,0,0.34282319995432003,0.07734189211632336,0,0,1,0,True,0,0,,,"{""profile_name"": ""easy_d00"", ""map_seed"": 20270621, ""query_seed"": 20271624}"
easy_s01_q0028,voronoi_waypoint,Easy,d08_12,True,True,0.3311481820419431,2,11.110483299608688,11.482770772151245,-0.032421397233275084,0,0.10517261100572643,0.36410744994274125,0,0,0,0,False,,,,,"{""profile_name"": ""easy_d00"", ""map_seed"": 20270621, ""query_seed"": 20271624, ""waypoint_count"": 1}"
easy_s01_q0028,bottleneck_waypoint,Easy,d08_12,True,True,0.3304700739681721,2,11.196306610392755,11.482770772151245,-0.024947303002271992,0,0.13184997619523814,0.5349565874838329,0,0,0,0,False,,,,,"{""profile_name"": ""easy_d00"", ""map_seed"": 20270621, ""query_seed"": 20271624, ""waypoint_count"": 1, ""bottleneck_count"": 1}"
easy_s01_q0028,md_dqn,Easy,d08_12,False,False,0.16771927406080067,600,1.1249999999999964,11.482770772151245,,0,0.6929332420330763,1.7775165342428787,0,0,0,0,False,,,,md_dqn_not_reached,"{""profile_name"": ""easy_d00"", ""map_seed"": 20270621, ""query_seed"": 20271624, ""md_dqn_source_dir"": ""/home/ubuntu/DQN10/2_experiment"", ""md_dqn_checkpoint_path"": ""/home/ubuntu/DQN10/2_experiment/ugv_dqn/outputs/2026-05-12_train_load_external_demo_smoke/models/realmap_a/mlp-dqn.pt"", ""md_dqn_algo"": ""mlp-dqn"", ""md_dqn_device"": ""cpu"", ""md_dqn_max_steps"": 600, ""md_dqn_rollout_steps"": 600, ""md_dqn_reached"": false}"
easy_s01_q0029,vanilla_ha,Easy,d12_16,True,True,0.2226262092590332,96,14.608018354461,,,0,0.11121291746433443,0.18376782481071063,0,0,0,0,False,,,,,"{""profile_name"": ""easy_d01"", ""map_seed"": 20270621, ""query_seed"": 20271625, ""evaluation_path_source"": ""trace_poses"", ""planner_path_pose_count"": 30, ""evaluation_path_pose_count"": 149}"
easy_s01_q0029,f_n3p_knn,Easy,d12_16,True,True,0.01837785099633038,0,15.109661006441822,14.608018354461,0.03434022601892672,2,0.15736914061847995,0.2753635841505244,0,4,0,0,True,1,2,0.5,,"{""profile_name"": ""easy_d01"", ""map_seed"": 20270621, ""query_seed"": 20271625}"
easy_s01_q0029,n3p_k1,Easy,d12_16,True,True,0.1623348300345242,11,14.774184563836943,14.608018354461,0.011375000040659167,0,0.09199380153120176,0.07078716061391388,0,0,1,0,True,1,1,1.0,,"{""profile_name"": ""easy_d01"", ""map_seed"": 20270621, ""query_seed"": 20271625}"
easy_s01_q0029,voronoi_waypoint,Easy,d12_16,True,True,0.47365705389529467,3,15.567830090031606,14.608018354461,0.06570444479743531,0,0.16397123282545123,0.2989008693315027,0,0,0,0,False,,,,,"{""profile_name"": ""easy_d01"", ""map_seed"": 20270621, ""query_seed"": 20271625, ""waypoint_count"": 2}"
easy_s01_q0029,bottleneck_waypoint,Easy,d12_16,True,True,0.4738524069543928,3,15.277381338155733,14.608018354461,0.0458216143663539,0,0.11247405502468265,0.3005563051047534,0,0,0,0,False,,,,,"{""profile_name"": ""easy_d01"", ""map_seed"": 20270621, ""query_seed"": 20271625, ""waypoint_count"": 2, ""bottleneck_count"": 2}"
easy_s01_q0029,md_dqn,Easy,d12_16,False,False,0.16870448249392211,600,1.1249999999998128,14.608018354461,,0,0.0,1.9479175376955067,0,0,0,0,False,,,,md_dqn_not_reached,"{""profile_name"": ""easy_d01"", ""map_seed"": 20270621, ""query_seed"": 20271625, ""md_dqn_source_dir"": ""/home/ubuntu/DQN10/2_experiment"", ""md_dqn_checkpoint_path"": ""/home/ubuntu/DQN10/2_experiment/ugv_dqn/outputs/2026-05-12_train_load_external_demo_smoke/models/realmap_a/mlp-dqn.pt"", ""md_dqn_algo"": ""mlp-dqn"", ""md_dqn_device"": ""cpu"", ""md_dqn_max_steps"": 600, ""md_dqn_rollout_steps"": 600, ""md_dqn_reached"": false}"
easy_s01_q0030,vanilla_ha,Easy,d16_20,True,True,0.2809467315673828,241,18.13488025588164,,,0,0.20084080928093287,0.11512428997645507,0,0,0,0,False,,,,,"{""profile_name"": ""easy_d00"", ""map_seed"": 20270622, ""query_seed"": 20271622, ""evaluation_path_source"": ""trace_poses"", ""planner_path_pose_count"": 26, ""evaluation_path_pose_count"": 184}"
easy_s01_q0030,f_n3p_knn,Easy,d16_20,True,True,0.0263972170650959,0,18.88550220338724,18.13488025588164,0.0413910616951636,2,0.13026447158114518,0.1313082490193942,0,8,0,0,True,0,3,0.0,,"{""profile_name"": ""easy_d00"", ""map_seed"": 20270622, ""query_seed"": 20271622}"
easy_s01_q0030,n3p_k1,Easy,d16_20,True,True,0.28724104701541364,241,18.13488025588164,18.13488025588164,0.0,0,0.20084080928093287,0.11512428997645507,0,0,1,0,True,0,0,,,"{""profile_name"": ""easy_d00"", ""map_seed"": 20270622, ""query_seed"": 20271622}"
easy_s01_q0030,voronoi_waypoint,Easy,d16_20,True,True,0.6195359891280532,4,18.72145872172317,18.13488025588164,0.03234531783860484,0,0.10629970549218132,0.37652270896573037,0,0,0,0,False,,,,,"{""profile_name"": ""easy_d00"", ""map_seed"": 20270622, ""query_seed"": 20271622, ""waypoint_count"": 3}"
easy_s01_q0030,bottleneck_waypoint,Easy,d16_20,True,True,0.4772305400110781,3,18.581220254903464,18.13488025588164,0.02461223855487349,0,0.09666233697198966,0.370564837054599,0,0,0,0,False,,,,,"{""profile_name"": ""easy_d00"", ""map_seed"": 20270622, ""query_seed"": 20271622, ""waypoint_count"": 2, ""bottleneck_count"": 2}"
easy_s01_q0030,md_dqn,Easy,d16_20,False,False,0.16887738811783493,600,1.1249999999997455,18.13488025588164,,0,0.0,1.0590070204220203,0,0,0,0,False,,,,md_dqn_not_reached,"{""profile_name"": ""easy_d00"", ""map_seed"": 20270622, ""query_seed"": 20271622, ""md_dqn_source_dir"": ""/home/ubuntu/DQN10/2_experiment"", ""md_dqn_checkpoint_path"": ""/home/ubuntu/DQN10/2_experiment/ugv_dqn/outputs/2026-05-12_train_load_external_demo_smoke/models/realmap_a/mlp-dqn.pt"", ""md_dqn_algo"": ""mlp-dqn"", ""md_dqn_device"": ""cpu"", ""md_dqn_max_steps"": 600, ""md_dqn_rollout_steps"": 600, ""md_dqn_reached"": false}"
easy_s01_q0031,vanilla_ha,Easy,d20_inf,True,True,0.26685118675231934,209,22.064081275066094,,,0,0.312019163107534,0.08113244563586286,0,0,0,0,False,,,,,"{""profile_name"": ""easy_d01"", ""map_seed"": 20270622, ""query_seed"": 20271623, ""evaluation_path_source"": ""trace_poses"", ""planner_path_pose_count"": 59, ""evaluation_path_pose_count"": 223}"
easy_s01_q0031,f_n3p_knn,Easy,d20_inf,True,True,0.0185251880902797,0,21.970438934854123,22.064081275066094,-0.0042441078350174966,0,0.06123232549848468,0.2920544264721574,0,2,0,0,True,1,2,0.5,,"{""profile_name"": ""easy_d01"", ""map_seed"": 20270622, ""query_seed"": 20271623}"
easy_s01_q0031,n3p_k1,Easy,d20_inf,True,True,1.5359826879575849,1288,22.0321833622331,22.064081275066094,-0.001445694132256592,0,0.1574841851438243,0.13336364027183234,0,0,2,0,True,1,1,1.0,,"{""profile_name"": ""easy_d01"", ""map_seed"": 20270622, ""query_seed"": 20271623}"
easy_s01_q0031,voronoi_waypoint,Easy,d20_inf,True,True,0.7637906949967146,5,22.899702307115863,22.064081275066094,0.03787245984241716,0,0.1990787974753944,0.9029438003590275,0,0,0,0,False,,,,,"{""profile_name"": ""easy_d01"", ""map_seed"": 20270622, ""query_seed"": 20271623, ""waypoint_count"": 4}"
easy_s01_q0031,bottleneck_waypoint,Easy,d20_inf,True,True,0.4790268449578434,3,22.684668778652117,22.064081275066094,0.028126596156411443,0,0.11655087093414536,0.902943800359028,0,0,0,0,False,,,,,"{""profile_name"": ""easy_d01"", ""map_seed"": 20270622, ""query_seed"": 20271623, ""waypoint_count"": 2, ""bottleneck_count"": 2}"
easy_s01_q0031,md_dqn,Easy,d20_inf,False,False,0.16918773483484983,600,1.1249999999999598,22.064081275066094,,0,0.8286550898949203,1.2784639900817178,0,0,0,0,False,,,,md_dqn_not_reached,"{""profile_name"": ""easy_d01"", ""map_seed"": 20270622, ""query_seed"": 20271623, ""md_dqn_source_dir"": ""/home/ubuntu/DQN10/2_experiment"", ""md_dqn_checkpoint_path"": ""/home/ubuntu/DQN10/2_experiment/ugv_dqn/outputs/2026-05-12_train_load_external_demo_smoke/models/realmap_a/mlp-dqn.pt"", ""md_dqn_algo"": ""mlp-dqn"", ""md_dqn_device"": ""cpu"", ""md_dqn_max_steps"": 600, ""md_dqn_rollout_steps"": 600, ""md_dqn_reached"": false}"
easy_s01_q0032,vanilla_ha,Easy,d08_12,True,True,0.1516721248626709,1,11.859595271340421,,,0,0.0,0.19644832028198422,0,0,0,0,False,,,,,"{""profile_name"": ""easy_d00"", ""map_seed"": 20270622, ""query_seed"": 20271624, ""evaluation_path_source"": ""trace_poses"", ""planner_path_pose_count"": 2, ""evaluation_path_pose_count"": 120}"
easy_s01_q0032,f_n3p_knn,Easy,d08_12,True,True,0.0005331928841769695,0,11.859595271340421,11.859595271340421,0.0,0,0.0,0.19644832028198422,0,0,0,0,False,0,0,,,"{""profile_name"": ""easy_d00"", ""map_seed"": 20270622, ""query_seed"": 20271624}"
easy_s01_q0032,n3p_k1,Easy,d08_12,True,True,0.0004861629568040371,0,11.859595271340421,11.859595271340421,0.0,0,0.0,0.19644832028198422,0,0,0,0,False,0,0,,,"{""profile_name"": ""easy_d00"", ""map_seed"": 20270622, ""query_seed"": 20271624}"
easy_s01_q0032,voronoi_waypoint,Easy,d08_12,True,True,0.4817621251568198,3,12.128285193942293,11.859595271340421,0.022655909957667975,0,0.19492214220500587,0.35789747578939446,0,0,0,0,False,,,,,"{""profile_name"": ""easy_d00"", ""map_seed"": 20270622, ""query_seed"": 20271624, ""waypoint_count"": 2}"
easy_s01_q0032,bottleneck_waypoint,Easy,d08_12,True,True,0.48557909904047847,3,12.33602146818799,11.859595271340421,0.040172213802176504,0,0.255216186602579,0.4511545759612845,0,0,0,0,False,,,,,"{""profile_name"": ""easy_d00"", ""map_seed"": 20270622, ""query_seed"": 20271624, ""waypoint_count"": 2, ""bottleneck_count"": 2}"
easy_s01_q0032,md_dqn,Easy,d08_12,False,False,0.2306675089057535,600,1.2074999999999871,11.859595271340421,,1,0.8300593999480336,0.4519331492477019,0,0,0,0,False,,,,md_dqn_not_reached,"{""profile_name"": ""easy_d00"", ""map_seed"": 20270622, ""query_seed"": 20271624, ""md_dqn_source_dir"": ""/home/ubuntu/DQN10/2_experiment"", ""md_dqn_checkpoint_path"": ""/home/ubuntu/DQN10/2_experiment/ugv_dqn/outputs/2026-05-12_train_load_external_demo_smoke/models/realmap_a/mlp-dqn.pt"", ""md_dqn_algo"": ""mlp-dqn"", ""md_dqn_device"": ""cpu"", ""md_dqn_max_steps"": 600, ""md_dqn_rollout_steps"": 600, ""md_dqn_reached"": false}"
easy_s01_q0033,vanilla_ha,Easy,d12_16,True,True,0.6589713096618652,823,14.078152886804856,,,0,0.19015164748335087,0.11422976825076014,0,0,0,0,False,,,,,"{""profile_name"": ""easy_d01"", ""map_seed"": 20270622, ""query_seed"": 20271625, ""evaluation_path_source"": ""trace_poses"", ""planner_path_pose_count"": 25, ""evaluation_path_pose_count"": 144}"
easy_s01_q0033,f_n3p_knn,Easy,d12_16,True,True,0.02002866379916668,0,13.763354072708553,14.078152886804856,-0.022360803766476867,0,0.13570257528202914,0.21102047634005017,0,8,0,0,True,0,2,0.0,,"{""profile_name"": ""easy_d01"", ""map_seed"": 20270622, ""query_seed"": 20271625}"
easy_s01_q0033,n3p_k1,Easy,d12_16,True,True,0.16208471381105483,7,13.754114414948383,14.078152886804856,-0.023017115559256895,0,0.10054186409273716,0.2830543617971193,0,0,1,0,True,0,0,,,"{""profile_name"": ""easy_d01"", ""map_seed"": 20270622, ""query_seed"": 20271625}"
easy_s01_q0033,voronoi_waypoint,Easy,d12_16,True,True,0.6288267390336841,4,17.63229738106207,14.078152886804856,0.25245815433560437,2,0.27538004061335536,0.37921536854695725,0,0,0,0,False,,,,,"{""profile_name"": ""easy_d01"", ""map_seed"": 20270622, ""query_seed"": 20271625, ""waypoint_count"": 3}"
easy_s01_q0033,bottleneck_waypoint,Easy,d12_16,True,True,0.4830423758830875,3,15.811804785619804,14.078152886804856,0.1231448409996927,0,0.19868653175170367,0.37921536854695725,0,0,0,0,False,,,,,"{""profile_name"": ""easy_d01"", ""map_seed"": 20270622, ""query_seed"": 20271625, ""waypoint_count"": 2, ""bottleneck_count"": 2}"
easy_s01_q0033,md_dqn,Easy,d12_16,False,False,0.16944132396019995,600,1.1250000000000064,14.078152886804856,,0,0.8385645564237204,0.5913114409871576,0,0,0,0,False,,,,md_dqn_not_reached,"{""profile_name"": ""easy_d01"", ""map_seed"": 20270622, ""query_seed"": 20271625, ""md_dqn_source_dir"": ""/home/ubuntu/DQN10/2_experiment"", ""md_dqn_checkpoint_path"": ""/home/ubuntu/DQN10/2_experiment/ugv_dqn/outputs/2026-05-12_train_load_external_demo_smoke/models/realmap_a/mlp-dqn.pt"", ""md_dqn_algo"": ""mlp-dqn"", ""md_dqn_device"": ""cpu"", ""md_dqn_max_steps"": 600, ""md_dqn_rollout_steps"": 600, ""md_dqn_reached"": false}"
easy_s01_q0034,vanilla_ha,Easy,d16_20,True,True,0.1760711669921875,57,16.722375614936542,,,0,0.15149186366617734,0.10375489578104702,0,0,0,0,False,,,,,"{""profile_name"": ""easy_d00"", ""map_seed"": 20270622, ""query_seed"": 20271626, ""evaluation_path_source"": ""trace_poses"", ""planner_path_pose_count"": 16, ""evaluation_path_pose_count"": 170}"
easy_s01_q0034,f_n3p_knn,Easy,d16_20,True,True,0.17967289010994136,16,17.15873530310183,16.722375614936542,0.026094359929071942,0,0.1611921424518094,0.10478044741337511,0,19,1,0,True,1,1,1.0,,"{""profile_name"": ""easy_d00"", ""map_seed"": 20270622, ""query_seed"": 20271626}"
easy_s01_q0034,n3p_k1,Easy,d16_20,True,True,0.17283379402942955,16,17.15873530310183,16.722375614936542,0.026094359929071942,0,0.1611921424518094,0.10478044741337511,0,0,1,0,True,1,1,1.0,,"{""profile_name"": ""easy_d00"", ""map_seed"": 20270622, ""query_seed"": 20271626}"
easy_s01_q0034,voronoi_waypoint,Easy,d16_20,True,True,0.65753935999237,40,19.49601762726263,16.722375614936542,0.16586411381936994,0,0.20906714017162414,0.057001446716905546,0,0,0,0,False,,,,,"{""profile_name"": ""easy_d00"", ""map_seed"": 20270622, ""query_seed"": 20271626, ""waypoint_count"": 3}"
easy_s01_q0034,bottleneck_waypoint,Easy,d16_20,True,True,0.6225893450900912,4,19.19404367711265,16.722375614936542,0.14780603659975178,0,0.16087582793001418,0.588183488809688,0,0,0,0,False,,,,,"{""profile_name"": ""easy_d00"", ""map_seed"": 20270622, ""query_seed"": 20271626, ""waypoint_count"": 3, ""bottleneck_count"": 3}"
easy_s01_q0034,md_dqn,Easy,d16_20,False,False,0.1689522892702371,600,1.1250000000000193,16.722375614936542,,0,0.838564556423712,2.097078049605015,0,0,0,0,False,,,,md_dqn_not_reached,"{""profile_name"": ""easy_d00"", ""map_seed"": 20270622, ""query_seed"": 20271626, ""md_dqn_source_dir"": ""/home/ubuntu/DQN10/2_experiment"", ""md_dqn_checkpoint_path"": ""/home/ubuntu/DQN10/2_experiment/ugv_dqn/outputs/2026-05-12_train_load_external_demo_smoke/models/realmap_a/mlp-dqn.pt"", ""md_dqn_algo"": ""mlp-dqn"", ""md_dqn_device"": ""cpu"", ""md_dqn_max_steps"": 600, ""md_dqn_rollout_steps"": 600, ""md_dqn_reached"": false}"
easy_s01_q0035,vanilla_ha,Easy,d20_inf,True,True,0.31896543502807617,281,32.60994745310098,,,1,0.14935423299042028,0.08023113837204598,0,0,0,0,False,,,,,"{""profile_name"": ""easy_d01"", ""map_seed"": 20270623, ""query_seed"": 20271623, ""evaluation_path_source"": ""trace_poses"", ""planner_path_pose_count"": 49, ""evaluation_path_pose_count"": 329}"
easy_s01_q0035,f_n3p_knn,Easy,d20_inf,True,True,0.06752758892253041,0,31.22459608446913,32.60994745310098,-0.04248247779682057,1,0.17053860741099952,0.07427761964751767,0,36,0,0,True,2,7,0.2857142857142857,,"{""profile_name"": ""easy_d01"", ""map_seed"": 20270623, ""query_seed"": 20271623}"
easy_s01_q0035,n3p_k1,Easy,d20_inf,True,True,0.5116006329189986,440,32.2925363091623,32.60994745310098,-0.009733568089772993,1,0.22791264523566857,0.07051465020876901,0,0,2,0,True,0,0,,,"{""profile_name"": ""easy_d01"", ""map_seed"": 20270623, ""query_seed"": 20271623}"
easy_s01_q0035,voronoi_waypoint,Easy,d20_inf,True,True,1.070148620987311,13,33.024826595954885,32.60994745310098,0.012722471983451555,1,0.19604611311649373,0.06003171006965402,0,0,0,0,False,,,,,"{""profile_name"": ""easy_d01"", ""map_seed"": 20270623, ""query_seed"": 20271623, ""waypoint_count"": 6}"
easy_s01_q0035,bottleneck_waypoint,Easy,d20_inf,True,True,1.0726180700585246,11,33.687317591462005,32.60994745310098,0.033038082625262755,3,0.20371108553203368,0.09788708200917373,0,0,0,0,False,,,,,"{""profile_name"": ""easy_d01"", ""map_seed"": 20270623, ""query_seed"": 20271623, ""waypoint_count"": 6, ""bottleneck_count"": 6}"
easy_s01_q0035,md_dqn,Easy,d20_inf,False,False,0.0014808718115091324,1,0.0037499999999998208,32.60994745310098,,0,0.08734630124012517,0.16742015528341647,0,0,0,0,False,,,,md_dqn_not_reached,"{""profile_name"": ""easy_d01"", ""map_seed"": 20270623, ""query_seed"": 20271623, ""md_dqn_source_dir"": ""/home/ubuntu/DQN10/2_experiment"", ""md_dqn_checkpoint_path"": ""/home/ubuntu/DQN10/2_experiment/ugv_dqn/outputs/2026-05-12_train_load_external_demo_smoke/models/realmap_a/mlp-dqn.pt"", ""md_dqn_algo"": ""mlp-dqn"", ""md_dqn_device"": ""cpu"", ""md_dqn_max_steps"": 600, ""md_dqn_rollout_steps"": 1, ""md_dqn_reached"": false}"
easy_s01_q0036,vanilla_ha,Easy,d08_12,True,True,0.2830214500427246,157,9.854056582419938,,,0,0.3893098740835293,0.07756920071605389,0,0,0,0,False,,,,,"{""profile_name"": ""easy_d00"", ""map_seed"": 20270623, ""query_seed"": 20271624, ""evaluation_path_source"": ""trace_poses"", ""planner_path_pose_count"": 30, ""evaluation_path_pose_count"": 101}"
easy_s01_q0036,f_n3p_knn,Easy,d08_12,True,True,0.24626647704280913,85,9.854672866916538,9.854056582419938,6.254119726678553e-05,0,0.34775798571209304,0.08367282603149806,0,19,1,0,True,0,0,,,"{""profile_name"": ""easy_d00"", ""map_seed"": 20270623, ""query_seed"": 20271624}"
easy_s01_q0036,n3p_k1,Easy,d08_12,True,True,0.2399186899419874,85,9.854672866916538,9.854056582419938,6.254119726678553e-05,0,0.34775798571209304,0.08367282603149806,0,0,1,0,True,0,0,,,"{""profile_name"": ""easy_d00"", ""map_seed"": 20270623, ""query_seed"": 20271624}"
easy_s01_q0036,voronoi_waypoint,Easy,d08_12,True,True,0.5696907290257514,93,10.596301458501227,9.854056582419938,0.07532378872326406,2,0.34338406554615003,0.07054598947057189,0,0,0,0,False,,,,,"{""profile_name"": ""easy_d00"", ""map_seed"": 20270623, ""query_seed"": 20271624, ""waypoint_count"": 2}"
easy_s01_q0036,bottleneck_waypoint,Easy,d08_12,True,True,0.48081744788214564,3,11.54483276316981,9.854056582419938,0.17158174063728127,2,0.36101879783084795,0.22646589056214717,0,0,0,0,False,,,,,"{""profile_name"": ""easy_d00"", ""map_seed"": 20270623, ""query_seed"": 20271624, ""waypoint_count"": 2, ""bottleneck_count"": 2}"
easy_s01_q0036,md_dqn,Easy,d08_12,False,False,0.1674192203208804,600,1.1249999999999936,9.854056582419938,,0,0.8286550898948948,0.9334937798863692,0,0,0,0,False,,,,md_dqn_not_reached,"{""profile_name"": ""easy_d00"", ""map_seed"": 20270623, ""query_seed"": 20271624, ""md_dqn_source_dir"": ""/home/ubuntu/DQN10/2_experiment"", ""md_dqn_checkpoint_path"": ""/home/ubuntu/DQN10/2_experiment/ugv_dqn/outputs/2026-05-12_train_load_external_demo_smoke/models/realmap_a/mlp-dqn.pt"", ""md_dqn_algo"": ""mlp-dqn"", ""md_dqn_device"": ""cpu"", ""md_dqn_max_steps"": 600, ""md_dqn_rollout_steps"": 600, ""md_dqn_reached"": false}"
easy_s01_q0037,vanilla_ha,Easy,d12_16,True,True,0.2523071765899658,161,13.096883164801975,,,0,0.22921519210519284,0.24616471122392947,0,0,0,0,False,,,,,"{""profile_name"": ""easy_d01"", ""map_seed"": 20270623, ""query_seed"": 20271625, ""evaluation_path_source"": ""trace_poses"", ""planner_path_pose_count"": 26, ""evaluation_path_pose_count"": 133}"
easy_s01_q0037,f_n3p_knn,Easy,d12_16,True,True,0.010420646984130144,0,13.173770831413172,13.096883164801975,0.00587068431807003,0,0.08258191965362906,0.29125853870569873,0,8,0,0,True,0,1,0.0,,"{""profile_name"": ""easy_d01"", ""map_seed"": 20270623, ""query_seed"": 20271625}"
easy_s01_q0037,n3p_k1,Easy,d12_16,True,True,0.2596379560418427,161,13.096883164801975,13.096883164801975,0.0,0,0.22921519210519287,0.24616471122392947,0,0,1,0,True,0,0,,,"{""profile_name"": ""easy_d01"", ""map_seed"": 20270623, ""query_seed"": 20271625}"
easy_s01_q0037,voronoi_waypoint,Easy,d12_16,True,True,0.477398474002257,3,14.069301300024732,13.096883164801975,0.0742480575711435,0,0.2761845259922824,0.5261245581863672,0,0,0,0,False,,,,,"{""profile_name"": ""easy_d01"", ""map_seed"": 20270623, ""query_seed"": 20271625, ""waypoint_count"": 2}"
easy_s01_q0037,bottleneck_waypoint,Easy,d12_16,True,True,0.33693656604737043,2,13.244254032045315,13.096883164801975,0.01125236175576494,0,0.08305987203246003,0.5261245581863672,0,0,0,0,False,,,,,"{""profile_name"": ""easy_d01"", ""map_seed"": 20270623, ""query_seed"": 20271625, ""waypoint_count"": 1, ""bottleneck_count"": 1}"
easy_s01_q0037,md_dqn,Easy,d12_16,False,False,0.1688155683223158,600,1.125000000000012,13.096883164801975,,0,0.82865508989488,0.5261245581863672,0,0,0,0,False,,,,md_dqn_not_reached,"{""profile_name"": ""easy_d01"", ""map_seed"": 20270623, ""query_seed"": 20271625, ""md_dqn_source_dir"": ""/home/ubuntu/DQN10/2_experiment"", ""md_dqn_checkpoint_path"": ""/home/ubuntu/DQN10/2_experiment/ugv_dqn/outputs/2026-05-12_train_load_external_demo_smoke/models/realmap_a/mlp-dqn.pt"", ""md_dqn_algo"": ""mlp-dqn"", ""md_dqn_device"": ""cpu"", ""md_dqn_max_steps"": 600, ""md_dqn_rollout_steps"": 600, ""md_dqn_reached"": false}"
easy_s01_q0038,vanilla_ha,Easy,d16_20,True,True,0.15513086318969727,9,18.60434469381685,,,0,0.03544507981891854,0.08986592075221023,0,0,0,0,False,,,,,"{""profile_name"": ""easy_d00"", ""map_seed"": 20270623, ""query_seed"": 20271626, ""evaluation_path_source"": ""trace_poses"", ""planner_path_pose_count"": 9, ""evaluation_path_pose_count"": 188}"
easy_s01_q0038,f_n3p_knn,Easy,d16_20,True,True,0.009629464009776711,0,18.580537534901197,18.60434469381685,-0.0012796558711130057,0,0.033693472888174786,0.08511471425693895,0,0,0,0,False,1,1,1.0,,"{""profile_name"": ""easy_d00"", ""map_seed"": 20270623, ""query_seed"": 20271626}"
easy_s01_q0038,n3p_k1,Easy,d16_20,True,True,0.0068130181171,0,18.580537534901197,18.60434469381685,-0.0012796558711130057,0,0.033693472888174786,0.08511471425693895,0,0,0,0,False,1,1,1.0,,"{""profile_name"": ""easy_d00"", ""map_seed"": 20270623, ""query_seed"": 20271626}"
easy_s01_q0038,voronoi_waypoint,Easy,d16_20,True,True,0.6292723109945655,16,23.034643131316727,18.60434469381685,0.23813246370200214,2,0.3445998801807721,0.07772301172603491,0,0,0,0,False,,,,,"{""profile_name"": ""easy_d00"", ""map_seed"": 20270623, ""query_seed"": 20271626, ""waypoint_count"": 3}"
easy_s01_q0038,bottleneck_waypoint,Easy,d16_20,True,True,0.7864330029115081,23,22.137230964467008,18.60434469381685,0.1898957651448112,3,0.32624520315404143,0.1379753726103552,0,0,0,0,False,,,,,"{""profile_name"": ""easy_d00"", ""map_seed"": 20270623, ""query_seed"": 20271626, ""waypoint_count"": 4, ""bottleneck_count"": 4}"
easy_s01_q0038,md_dqn,Easy,d16_20,False,False,0.4051148199941963,585,36.195000000000014,18.60434469381685,,1,0.2227562914009453,0.14632363992127317,0,0,0,0,False,,,,md_dqn_not_reached,"{""profile_name"": ""easy_d00"", ""map_seed"": 20270623, ""query_seed"": 20271626, ""md_dqn_source_dir"": ""/home/ubuntu/DQN10/2_experiment"", ""md_dqn_checkpoint_path"": ""/home/ubuntu/DQN10/2_experiment/ugv_dqn/outputs/2026-05-12_train_load_external_demo_smoke/models/realmap_a/mlp-dqn.pt"", ""md_dqn_algo"": ""mlp-dqn"", ""md_dqn_device"": ""cpu"", ""md_dqn_max_steps"": 600, ""md_dqn_rollout_steps"": 585, ""md_dqn_reached"": false}"
easy_s01_q0039,vanilla_ha,Easy,d20_inf,False,False,2.5005037784576416,5241,,,,0,,,0,0,0,0,False,,,,timeout,"{""profile_name"": ""easy_d01"", ""map_seed"": 20270623, ""query_seed"": 20271627, ""evaluation_path_source"": ""planner_path"", ""planner_path_pose_count"": 0, ""evaluation_path_pose_count"": 0}"
easy_s01_q0039,f_n3p_knn,Easy,d20_inf,True,True,0.039274701150134206,0,34.32574490048135,,,3,0.11084842146852056,0.11075319720234533,0,3,0,0,True,1,4,0.25,,"{""profile_name"": ""easy_d01"", ""map_seed"": 20270623, ""query_seed"": 20271627}"
easy_s01_q0039,n3p_k1,Easy,d20_inf,True,True,0.8873680459801108,626,35.272947858171044,,,2,0.13606093528510643,0.07259391524047787,0,0,2,0,True,2,2,1.0,,"{""profile_name"": ""easy_d01"", ""map_seed"": 20270623, ""query_seed"": 20271627}"
easy_s01_q0039,voronoi_waypoint,Easy,d20_inf,True,True,1.0700928641017526,23,36.45410653494916,,,0,0.3372708645741668,0.07131355810145912,0,0,0,0,False,,,,,"{""profile_name"": ""easy_d01"", ""map_seed"": 20270623, ""query_seed"": 20271627, ""waypoint_count"": 6}"
easy_s01_q0039,bottleneck_waypoint,Easy,d20_inf,True,True,1.2056142590008676,11,35.71377764696961,,,3,0.30173287357078443,0.07131355810145912,0,0,0,0,False,,,,,"{""profile_name"": ""easy_d01"", ""map_seed"": 20270623, ""query_seed"": 20271627, ""waypoint_count"": 7, ""bottleneck_count"": 7}"
easy_s01_q0039,md_dqn,Easy,d20_inf,False,False,0.44191214023157954,431,27.033125,,,2,0.11810114310355319,0.076544538174519,0,0,0,0,False,,,,md_dqn_not_reached,"{""profile_name"": ""easy_d01"", ""map_seed"": 20270623, ""query_seed"": 20271627, ""md_dqn_source_dir"": ""/home/ubuntu/DQN10/2_experiment"", ""md_dqn_checkpoint_path"": ""/home/ubuntu/DQN10/2_experiment/ugv_dqn/outputs/2026-05-12_train_load_external_demo_smoke/models/realmap_a/mlp-dqn.pt"", ""md_dqn_algo"": ""mlp-dqn"", ""md_dqn_device"": ""cpu"", ""md_dqn_max_steps"": 600, ""md_dqn_rollout_steps"": 431, ""md_dqn_reached"": false}"
easy_s02_q0040,vanilla_ha,Easy,d08_12,True,True,0.15213394165039062,8,9.719366791435954,,,0,0.06734425348425047,0.1959317312648321,0,0,0,0,False,,,,,"{""profile_name"": ""easy_d00"", ""map_seed"": 20280620, ""query_seed"": 20281620, ""evaluation_path_source"": ""trace_poses"", ""planner_path_pose_count"": 7, ""evaluation_path_pose_count"": 100}"
easy_s02_q0040,f_n3p_knn,Easy,d08_12,True,True,0.010838164016604424,0,9.933454457040433,9.719366791435954,0.022026914941940312,0,0.12622416587032298,0.2126802778377993,0,6,0,0,True,0,1,0.0,,"{""profile_name"": ""easy_d00"", ""map_seed"": 20280620, ""query_seed"": 20281620}"
easy_s02_q0040,n3p_k1,Easy,d08_12,True,True,0.15857977094128728,7,9.818626977863627,9.719366791435954,0.010212618636343151,0,0.140486112535148,0.1939045119622793,0,0,1,0,True,0,0,,,"{""profile_name"": ""easy_d00"", ""map_seed"": 20280620, ""query_seed"": 20281620}"
easy_s02_q0040,voronoi_waypoint,Easy,d08_12,True,True,0.48439852497540414,15,15.382504801478015,9.719366791435954,0.5826653249707618,4,0.42743756168505254,0.19161721767491646,0,0,0,0,False,,,,,"{""profile_name"": ""easy_d00"", ""map_seed"": 20280620, ""query_seed"": 20281620, ""waypoint_count"": 2}"
easy_s02_q0040,bottleneck_waypoint,Easy,d08_12,True,True,0.4785569680389017,3,15.895561834587426,9.719366791435954,0.6354524091624483,1,0.4083641833554342,0.2982126816652866,0,0,0,0,False,,,,,"{""profile_name"": ""easy_d00"", ""map_seed"": 20280620, ""query_seed"": 20281620, ""waypoint_count"": 2, ""bottleneck_count"": 2}"
easy_s02_q0040,md_dqn,Easy,d08_12,False,False,0.2798878694884479,537,5.353125000000346,9.719366791435954,,2,0.3115675547937019,0.2072215543737691,0,0,0,0,False,,,,md_dqn_not_reached,"{""profile_name"": ""easy_d00"", ""map_seed"": 20280620, ""query_seed"": 20281620, ""md_dqn_source_dir"": ""/home/ubuntu/DQN10/2_experiment"", ""md_dqn_checkpoint_path"": ""/home/ubuntu/DQN10/2_experiment/ugv_dqn/outputs/2026-05-12_train_load_external_demo_smoke/models/realmap_a/mlp-dqn.pt"", ""md_dqn_algo"": ""mlp-dqn"", ""md_dqn_device"": ""cpu"", ""md_dqn_max_steps"": 600, ""md_dqn_rollout_steps"": 537, ""md_dqn_reached"": false}"
easy_s02_q0041,vanilla_ha,Easy,d12_16,True,True,0.17715811729431152,49,13.045341094113928,,,0,0.20370933968192698,0.09280436358235711,0,0,0,0,False,,,,,"{""profile_name"": ""easy_d01"", ""map_seed"": 20280620, ""query_seed"": 20281621, ""evaluation_path_source"": ""trace_poses"", ""planner_path_pose_count"": 15, ""evaluation_path_pose_count"": 132}"
easy_s02_q0041,f_n3p_knn,Easy,d12_16,True,True,0.011111264815554023,0,12.828615340350852,13.045341094113928,-0.016613268461095454,0,0.06690577366744302,0.1308864294510026,0,5,0,0,True,0,1,0.0,,"{""profile_name"": ""easy_d01"", ""map_seed"": 20280620, ""query_seed"": 20281621}"
easy_s02_q0041,n3p_k1,Easy,d12_16,True,True,0.22003220906481147,93,12.771745016318956,13.045341094113928,-0.02097270403442486,0,0.1406070504951473,0.1308864294510026,0,0,1,0,True,0,0,,,"{""profile_name"": ""easy_d01"", ""map_seed"": 20280620, ""query_seed"": 20281621}"
easy_s02_q0041,voronoi_waypoint,Easy,d12_16,True,True,0.4984318290371448,3,13.13060723712102,13.045341094113928,0.006536137490920968,0,0.26769340391294083,0.1308864294510026,0,0,0,0,False,,,,,"{""profile_name"": ""easy_d01"", ""map_seed"": 20280620, ""query_seed"": 20281621, ""waypoint_count"": 2}"
easy_s02_q0041,bottleneck_waypoint,Easy,d12_16,True,True,0.5044017410837114,3,12.863853707704777,13.045341094113928,-0.01391204607835339,0,0.07767928479477577,0.1308864294510026,0,0,0,0,False,,,,,"{""profile_name"": ""easy_d01"", ""map_seed"": 20280620, ""query_seed"": 20281621, ""waypoint_count"": 2, ""bottleneck_count"": 2}"
easy_s02_q0041,md_dqn,Easy,d12_16,False,False,0.4074538513086736,600,1.124999999999064,13.045341094113928,,0,0.0,1.021024487043428,0,0,0,0,False,,,,md_dqn_not_reached,"{""profile_name"": ""easy_d01"", ""map_seed"": 20280620, ""query_seed"": 20281621, ""md_dqn_source_dir"": ""/home/ubuntu/DQN10/2_experiment"", ""md_dqn_checkpoint_path"": ""/home/ubuntu/DQN10/2_experiment/ugv_dqn/outputs/2026-05-12_train_load_external_demo_smoke/models/realmap_a/mlp-dqn.pt"", ""md_dqn_algo"": ""mlp-dqn"", ""md_dqn_device"": ""cpu"", ""md_dqn_max_steps"": 600, ""md_dqn_rollout_steps"": 600, ""md_dqn_reached"": false}"
easy_s02_q0042,vanilla_ha,Easy,d16_20,True,True,0.14964628219604492,1,16.983815825661793,,,0,0.0,0.5885881192363516,0,0,0,0,False,,,,,"{""profile_name"": ""easy_d00"", ""map_seed"": 20280620, ""query_seed"": 20281622, ""evaluation_path_source"": ""trace_poses"", ""planner_path_pose_count"": 2, ""evaluation_path_pose_count"": 171}"
easy_s02_q0042,f_n3p_knn,Easy,d16_20,True,True,0.0007126349955797195,0,16.983815825661793,16.983815825661793,0.0,0,3.268473457383055e-18,0.5885881192363516,0,0,0,0,False,0,0,,,"{""profile_name"": ""easy_d00"", ""map_seed"": 20280620, ""query_seed"": 20281622}"
easy_s02_q0042,n3p_k1,Easy,d16_20,True,True,0.0006789679173380136,0,16.983815825661793,16.983815825661793,0.0,0,3.268473457383055e-18,0.5885881192363516,0,0,0,0,False,0,0,,,"{""profile_name"": ""easy_d00"", ""map_seed"": 20280620, ""query_seed"": 20281622}"
easy_s02_q0042,voronoi_waypoint,Easy,d16_20,True,True,0.6240587369538844,4,18.50097118486686,16.983815825661793,0.08932947547115488,0,0.23320788050431654,0.666346919520393,0,0,0,0,False,,,,,"{""profile_name"": ""easy_d00"", ""map_seed"": 20280620, ""query_seed"": 20281622, ""waypoint_count"": 3}"
easy_s02_q0042,bottleneck_waypoint,Easy,d16_20,True,True,0.6614135310519487,4,19.790456964068774,16.983815825661793,0.16525386092366068,1,0.2878676430092924,0.6979663662432418,0,0,0,0,False,,,,,"{""profile_name"": ""easy_d00"", ""map_seed"": 20280620, ""query_seed"": 20281622, ""waypoint_count"": 3, ""bottleneck_count"": 3}"
easy_s02_q0042,md_dqn,Easy,d16_20,False,False,0.166784304426983,600,1.1250000000000049,16.983815825661793,,0,0.2924028973547799,0.7434716439379014,0,0,0,0,False,,,,md_dqn_not_reached,"{""profile_name"": ""easy_d00"", ""map_seed"": 20280620, ""query_seed"": 20281622, ""md_dqn_source_dir"": ""/home/ubuntu/DQN10/2_experiment"", ""md_dqn_checkpoint_path"": ""/home/ubuntu/DQN10/2_experiment/ugv_dqn/outputs/2026-05-12_train_load_external_demo_smoke/models/realmap_a/mlp-dqn.pt"", ""md_dqn_algo"": ""mlp-dqn"", ""md_dqn_device"": ""cpu"", ""md_dqn_max_steps"": 600, ""md_dqn_rollout_steps"": 600, ""md_dqn_reached"": false}"
easy_s02_q0043,vanilla_ha,Easy,d20_inf,True,True,0.301938533782959,401,23.28156050763635,,,0,0.14558951476529974,0.0670950342090244,0,0,0,0,False,,,,,"{""profile_name"": ""easy_d01"", ""map_seed"": 20280620, ""query_seed"": 20281623, ""evaluation_path_source"": ""trace_poses"", ""planner_path_pose_count"": 25, ""evaluation_path_pose_count"": 235}"
easy_s02_q0043,f_n3p_knn,Easy,d20_inf,True,True,0.021172752836719155,0,22.4592412566426,23.28156050763635,-0.03532062426502858,0,0.05759718109291984,0.17538790457476716,0,0,0,0,False,2,2,1.0,,"{""profile_name"": ""easy_d01"", ""map_seed"": 20280620, ""query_seed"": 20281623}"
easy_s02_q0043,n3p_k1,Easy,d20_inf,True,True,0.01954726385883987,0,22.4592412566426,23.28156050763635,-0.03532062426502858,0,0.05759718109291984,0.17538790457476716,0,0,0,0,False,2,2,1.0,,"{""profile_name"": ""easy_d01"", ""map_seed"": 20280620, ""query_seed"": 20281623}"
easy_s02_q0043,voronoi_waypoint,Easy,d20_inf,True,True,0.8178724551107734,5,23.647427282693336,23.28156050763635,0.01571487336241839,0,0.1602548760629005,0.6628698290162758,0,0,0,0,False,,,,,"{""profile_name"": ""easy_d01"", ""map_seed"": 20280620, ""query_seed"": 20281623, ""waypoint_count"": 4}"
easy_s02_q0043,bottleneck_waypoint,Easy,d20_inf,True,True,0.6656808131374419,4,22.824215596995696,23.28156050763635,-0.019644083157168257,0,0.12734958760857262,0.6674127263814504,0,0,0,0,False,,,,,"{""profile_name"": ""easy_d01"", ""map_seed"": 20280620, ""query_seed"": 20281623, ""waypoint_count"": 3, ""bottleneck_count"": 3}"
easy_s02_q0043,md_dqn,Easy,d20_inf,False,False,0.16808944032527506,600,1.1249999999999885,23.28156050763635,,0,0.8385645564237346,0.740006559307071,0,0,0,0,False,,,,md_dqn_not_reached,"{""profile_name"": ""easy_d01"", ""map_seed"": 20280620, ""query_seed"": 20281623, ""md_dqn_source_dir"": ""/home/ubuntu/DQN10/2_experiment"", ""md_dqn_checkpoint_path"": ""/home/ubuntu/DQN10/2_experiment/ugv_dqn/outputs/2026-05-12_train_load_external_demo_smoke/models/realmap_a/mlp-dqn.pt"", ""md_dqn_algo"": ""mlp-dqn"", ""md_dqn_device"": ""cpu"", ""md_dqn_max_steps"": 600, ""md_dqn_rollout_steps"": 600, ""md_dqn_reached"": false}"
easy_s02_q0044,vanilla_ha,Easy,d08_12,True,True,0.15614056587219238,1,10.830050784737804,,,0,0.0,0.6820275189920313,0,0,0,0,False,,,,,"{""profile_name"": ""easy_d00"", ""map_seed"": 20280620, ""query_seed"": 20281624, ""evaluation_path_source"": ""trace_poses"", ""planner_path_pose_count"": 2, ""evaluation_path_pose_count"": 110}"
easy_s02_q0044,f_n3p_knn,Easy,d08_12,True,True,0.0005272359121590853,0,10.830050784737809,10.830050784737804,4.440892098500626e-16,0,1.0251318730561558e-17,0.6820275189920313,0,0,0,0,False,0,0,,,"{""profile_name"": ""easy_d00"", ""map_seed"": 20280620, ""query_seed"": 20281624}"
easy_s02_q0044,n3p_k1,Easy,d08_12,True,True,0.00045202416367828846,0,10.830050784737809,10.830050784737804,4.440892098500626e-16,0,1.0251318730561558e-17,0.6820275189920313,0,0,0,0,False,0,0,,,"{""profile_name"": ""easy_d00"", ""map_seed"": 20280620, ""query_seed"": 20281624}"
easy_s02_q0044,voronoi_waypoint,Easy,d08_12,True,True,0.3550885608419776,2,10.845201299936944,10.830050784737804,0.001398932978272871,0,0.05682621878599726,0.6855619142856324,0,0,0,0,False,,,,,"{""profile_name"": ""easy_d00"", ""map_seed"": 20280620, ""query_seed"": 20281624, ""waypoint_count"": 1}"
easy_s02_q0044,bottleneck_waypoint,Easy,d08_12,True,True,0.3585991789586842,2,10.925298876617456,10.830050784737804,0.00879479642088854,0,0.1108778251894702,0.6857006242576738,0,0,0,0,False,,,,,"{""profile_name"": ""easy_d00"", ""map_seed"": 20280620, ""query_seed"": 20281624, ""waypoint_count"": 1, ""bottleneck_count"": 1}"
easy_s02_q0044,md_dqn,Easy,d08_12,False,False,0.16691881604492664,600,1.1249999999999154,10.830050784737804,,0,0.0,3.763844544744559,0,0,0,0,False,,,,md_dqn_not_reached,"{""profile_name"": ""easy_d00"", ""map_seed"": 20280620, ""query_seed"": 20281624, ""md_dqn_source_dir"": ""/home/ubuntu/DQN10/2_experiment"", ""md_dqn_checkpoint_path"": ""/home/ubuntu/DQN10/2_experiment/ugv_dqn/outputs/2026-05-12_train_load_external_demo_smoke/models/realmap_a/mlp-dqn.pt"", ""md_dqn_algo"": ""mlp-dqn"", ""md_dqn_device"": ""cpu"", ""md_dqn_max_steps"": 600, ""md_dqn_rollout_steps"": 600, ""md_dqn_reached"": false}"
easy_s02_q0045,vanilla_ha,Easy,d12_16,True,True,0.9819376468658447,1141,13.39119162167384,,,0,0.2054851421662119,0.07996818698857255,0,0,0,0,False,,,,,"{""profile_name"": ""easy_d01"", ""map_seed"": 20280621, ""query_seed"": 20281621, ""evaluation_path_source"": ""trace_poses"", ""planner_path_pose_count"": 30, ""evaluation_path_pose_count"": 136}"
easy_s02_q0045,f_n3p_knn,Easy,d12_16,True,True,0.010178778087720275,0,13.106058024395006,13.39119162167384,-0.021292623191004223,0,0.03853698927758004,0.19130211925041307,0,9,0,0,True,0,1,0.0,,"{""profile_name"": ""easy_d01"", ""map_seed"": 20280621, ""query_seed"": 20281621}"
easy_s02_q0045,n3p_k1,Easy,d12_16,True,True,0.9931788761168718,1141,13.39119162167384,13.39119162167384,0.0,0,0.2054851421662119,0.07996818698857255,0,0,1,0,True,0,0,,,"{""profile_name"": ""easy_d01"", ""map_seed"": 20280621, ""query_seed"": 20281621}"
easy_s02_q0045,voronoi_waypoint,Easy,d12_16,True,True,0.5009359929244965,3,15.288286598793672,13.39119162167384,0.14166737589277378,0,0.21414291877874414,0.347082600743434,0,0,0,0,False,,,,,"{""profile_name"": ""easy_d01"", ""map_seed"": 20280621, ""query_seed"": 20281621, ""waypoint_count"": 2}"
easy_s02_q0045,bottleneck_waypoint,Easy,d12_16,True,True,0.3549236210528761,2,15.321436430899565,13.39119162167384,0.14414287120659197,0,0.1669153243787218,0.34708260074343456,0,0,0,0,False,,,,,"{""profile_name"": ""easy_d01"", ""map_seed"": 20280621, ""query_seed"": 20281621, ""waypoint_count"": 1, ""bottleneck_count"": 1}"
easy_s02_q0045,md_dqn,Easy,d12_16,False,False,0.16661156131885946,600,1.1249999999998106,13.39119162167384,,0,0.0,1.835796289764858,0,0,0,0,False,,,,md_dqn_not_reached,"{""profile_name"": ""easy_d01"", ""map_seed"": 20280621, ""query_seed"": 20281621, ""md_dqn_source_dir"": ""/home/ubuntu/DQN10/2_experiment"", ""md_dqn_checkpoint_path"": ""/home/ubuntu/DQN10/2_experiment/ugv_dqn/outputs/2026-05-12_train_load_external_demo_smoke/models/realmap_a/mlp-dqn.pt"", ""md_dqn_algo"": ""mlp-dqn"", ""md_dqn_device"": ""cpu"", ""md_dqn_max_steps"": 600, ""md_dqn_rollout_steps"": 600, ""md_dqn_reached"": false}"
easy_s02_q0046,vanilla_ha,Easy,d16_20,True,True,0.25238919258117676,171,18.74765890031978,,,0,0.2363469443520609,0.08912958616225064,0,0,0,0,False,,,,,"{""profile_name"": ""easy_d00"", ""map_seed"": 20280621, ""query_seed"": 20281622, ""evaluation_path_source"": ""trace_poses"", ""planner_path_pose_count"": 44, ""evaluation_path_pose_count"": 190}"
easy_s02_q0046,f_n3p_knn,Easy,d16_20,True,True,0.1883158888667822,4,23.57664772233445,18.74765890031978,0.25757823137758806,3,0.24002676697260492,0.11328742661078228,0,20,1,0,True,2,3,0.6666666666666666,,"{""profile_name"": ""easy_d00"", ""map_seed"": 20280621, ""query_seed"": 20281622}"
easy_s02_q0046,n3p_k1,Easy,d16_20,True,True,0.18649031687527895,11,23.270307689541088,18.74765890031978,0.24123805608305382,2,0.23828584521843582,0.08459368418803015,0,0,1,0,True,2,2,1.0,,"{""profile_name"": ""easy_d00"", ""map_seed"": 20280621, ""query_seed"": 20281622}"
easy_s02_q0046,voronoi_waypoint,Easy,d16_20,True,True,0.6545700179412961,4,19.753203892575943,18.74765890031978,0.05363576314261875,0,0.2133861767091744,0.2863457153130917,0,0,0,0,False,,,,,"{""profile_name"": ""easy_d00"", ""map_seed"": 20280621, ""query_seed"": 20281622, ""waypoint_count"": 3}"
easy_s02_q0046,bottleneck_waypoint,Easy,d16_20,True,True,0.6572199240326881,4,19.530430017242637,18.74765890031978,0.04175300612651456,0,0.15957152516282952,0.2863457153130917,0,0,0,0,False,,,,,"{""profile_name"": ""easy_d00"", ""map_seed"": 20280621, ""query_seed"": 20281622, ""waypoint_count"": 3, ""bottleneck_count"": 3}"
easy_s02_q0046,md_dqn,Easy,d16_20,False,False,0.16762822214514017,600,1.1250000000000333,18.74765890031978,,0,0.8286550898948651,0.2863457153130917,0,0,0,0,False,,,,md_dqn_not_reached,"{""profile_name"": ""easy_d00"", ""map_seed"": 20280621, ""query_seed"": 20281622, ""md_dqn_source_dir"": ""/home/ubuntu/DQN10/2_experiment"", ""md_dqn_checkpoint_path"": ""/home/ubuntu/DQN10/2_experiment/ugv_dqn/outputs/2026-05-12_train_load_external_demo_smoke/models/realmap_a/mlp-dqn.pt"", ""md_dqn_algo"": ""mlp-dqn"", ""md_dqn_device"": ""cpu"", ""md_dqn_max_steps"": 600, ""md_dqn_rollout_steps"": 600, ""md_dqn_reached"": false}"
easy_s02_q0047,vanilla_ha,Easy,d20_inf,True,True,1.7895026206970215,2721,22.835220099517116,,,0,0.12230088059879621,0.13660451187022105,0,0,0,0,False,,,,,"{""profile_name"": ""easy_d01"", ""map_seed"": 20280621, ""query_seed"": 20281623, ""evaluation_path_source"": ""trace_poses"", ""planner_path_pose_count"": 41, ""evaluation_path_pose_count"": 230}"
easy_s02_q0047,f_n3p_knn,Easy,d20_inf,True,True,0.04016014118678868,0,23.159224658094097,22.835220099517116,0.014188808216647475,0,0.11844720480646181,0.13081825897189114,0,24,0,0,True,2,4,0.5,,"{""profile_name"": ""easy_d01"", ""map_seed"": 20280621, ""query_seed"": 20281623}"
easy_s02_q0047,n3p_k1,Easy,d20_inf,True,True,0.18934833514504135,16,22.97416917260106,22.835220099517116,0.00608485806041692,0,0.14699308662636282,0.1591528822980357,0,0,1,0,True,2,2,1.0,,"{""profile_name"": ""easy_d01"", ""map_seed"": 20280621, ""query_seed"": 20281623}"
easy_s02_q0047,voronoi_waypoint,Easy,d20_inf,True,True,0.8151349271647632,5,24.59356959180447,22.835220099517116,0.0770016441542658,0,0.26859774349412424,0.8761452807309649,0,0,0,0,False,,,,,"{""profile_name"": ""easy_d01"", ""map_seed"": 20280621, ""query_seed"": 20281623, ""waypoint_count"": 4}"
easy_s02_q0047,bottleneck_waypoint,Easy,d20_inf,True,True,0.9666158009786159,6,24.45545015048765,22.835220099517116,0.07095311732969889,0,0.26484691720332515,0.8761452807309649,0,0,0,0,False,,,,,"{""profile_name"": ""easy_d01"", ""map_seed"": 20280621, ""query_seed"": 20281623, ""waypoint_count"": 5, ""bottleneck_count"": 5}"
easy_s02_q0047,md_dqn,Easy,d20_inf,False,False,0.1676758413668722,600,1.1250000000000042,22.835220099517116,,0,0.8385645564237239,2.0169763730925943,0,0,0,0,False,,,,md_dqn_not_reached,"{""profile_name"": ""easy_d01"", ""map_seed"": 20280621, ""query_seed"": 20281623, ""md_dqn_source_dir"": ""/home/ubuntu/DQN10/2_experiment"", ""md_dqn_checkpoint_path"": ""/home/ubuntu/DQN10/2_experiment/ugv_dqn/outputs/2026-05-12_train_load_external_demo_smoke/models/realmap_a/mlp-dqn.pt"", ""md_dqn_algo"": ""mlp-dqn"", ""md_dqn_device"": ""cpu"", ""md_dqn_max_steps"": 600, ""md_dqn_rollout_steps"": 600, ""md_dqn_reached"": false}"
easy_s02_q0048,vanilla_ha,Easy,d08_12,True,True,0.15711498260498047,1,10.581587782558909,,,0,0.0,0.6686200358331817,0,0,0,0,False,,,,,"{""profile_name"": ""easy_d00"", ""map_seed"": 20280621, ""query_seed"": 20281624, ""evaluation_path_source"": ""trace_poses"", ""planner_path_pose_count"": 2, ""evaluation_path_pose_count"": 107}"
easy_s02_q0048,f_n3p_knn,Easy,d08_12,True,True,0.0005458039231598377,0,10.58158778255891,10.581587782558909,2.220446049250313e-16,0,4.1968107147590124e-17,0.6686200358331817,0,0,0,0,False,0,0,,,"{""profile_name"": ""easy_d00"", ""map_seed"": 20280621, ""query_seed"": 20281624}"
easy_s02_q0048,n3p_k1,Easy,d08_12,True,True,0.0004664959851652384,0,10.58158778255891,10.581587782558909,2.220446049250313e-16,0,4.1968107147590124e-17,0.6686200358331817,0,0,0,0,False,0,0,,,"{""profile_name"": ""easy_d00"", ""map_seed"": 20280621, ""query_seed"": 20281624}"
easy_s02_q0048,voronoi_waypoint,Easy,d08_12,True,True,0.3540629860945046,2,10.710985108026671,10.581587782558909,0.01222853584232797,0,0.08985034636002777,0.6813774310301854,0,0,0,0,False,,,,,"{""profile_name"": ""easy_d00"", ""map_seed"": 20280621, ""query_seed"": 20281624, ""waypoint_count"": 1}"
easy_s02_q0048,bottleneck_waypoint,Easy,d08_12,True,True,0.3579828040674329,2,10.624883067986318,10.581587782558909,0.004091567949638941,0,0.08069995379409049,0.8233204563291479,0,0,0,0,False,,,,,"{""profile_name"": ""easy_d00"", ""map_seed"": 20280621, ""query_seed"": 20281624, ""waypoint_count"": 1, ""bottleneck_count"": 1}"
easy_s02_q0048,md_dqn,Easy,d08_12,False,False,0.20572281698696315,266,17.244999999999965,10.581587782558909,,1,0.30213567043929135,0.20957196877017126,0,0,0,0,False,,,,md_dqn_not_reached,"{""profile_name"": ""easy_d00"", ""map_seed"": 20280621, ""query_seed"": 20281624, ""md_dqn_source_dir"": ""/home/ubuntu/DQN10/2_experiment"", ""md_dqn_checkpoint_path"": ""/home/ubuntu/DQN10/2_experiment/ugv_dqn/outputs/2026-05-12_train_load_external_demo_smoke/models/realmap_a/mlp-dqn.pt"", ""md_dqn_algo"": ""mlp-dqn"", ""md_dqn_device"": ""cpu"", ""md_dqn_max_steps"": 600, ""md_dqn_rollout_steps"": 266, ""md_dqn_reached"": false}"
easy_s02_q0049,vanilla_ha,Easy,d12_16,True,True,1.2942156791687012,1675,15.257780372510299,,,0,0.1542798410008561,0.07289431281474579,0,0,0,0,False,,,,,"{""profile_name"": ""easy_d01"", ""map_seed"": 20280621, ""query_seed"": 20281625, ""evaluation_path_source"": ""trace_poses"", ""planner_path_pose_count"": 41, ""evaluation_path_pose_count"": 155}"
easy_s02_q0049,f_n3p_knn,Easy,d12_16,True,True,0.029206892009824514,0,19.987240424063085,15.257780372510299,0.30997038468804927,1,0.23936289057263288,0.07505653193069828,0,1,0,0,True,3,4,0.75,,"{""profile_name"": ""easy_d01"", ""map_seed"": 20280621, ""query_seed"": 20281625}"
easy_s02_q0049,n3p_k1,Easy,d12_16,True,True,0.19251847779378295,19,15.438215548801587,15.257780372510299,0.011825781462707186,0,0.2807516008141675,0.16907500090222105,0,0,1,0,True,2,2,1.0,,"{""profile_name"": ""easy_d01"", ""map_seed"": 20280621, ""query_seed"": 20281625}"
easy_s02_q0049,voronoi_waypoint,Easy,d12_16,True,True,0.5342823050450534,30,16.609679167746183,15.257780372510299,0.08860389665010371,0,0.28198526683939346,0.10108212951215112,0,0,0,0,False,,,,,"{""profile_name"": ""easy_d01"", ""map_seed"": 20280621, ""query_seed"": 20281625, ""waypoint_count"": 2}"
easy_s02_q0049,bottleneck_waypoint,Easy,d12_16,True,True,0.5114369459915906,3,15.869016757858283,15.257780372510299,0.040060635978824255,0,0.22912473426581006,0.249993890862223,0,0,0,0,False,,,,,"{""profile_name"": ""easy_d01"", ""map_seed"": 20280621, ""query_seed"": 20281625, ""waypoint_count"": 2, ""bottleneck_count"": 2}"
easy_s02_q0049,md_dqn,Easy,d12_16,False,False,0.30207926966249943,569,1.12875000000029,15.257780372510299,,1,0.08078743508846059,0.4540957332034161,0,0,0,0,False,,,,md_dqn_not_reached,"{""profile_name"": ""easy_d01"", ""map_seed"": 20280621, ""query_seed"": 20281625, ""md_dqn_source_dir"": ""/home/ubuntu/DQN10/2_experiment"", ""md_dqn_checkpoint_path"": ""/home/ubuntu/DQN10/2_experiment/ugv_dqn/outputs/2026-05-12_train_load_external_demo_smoke/models/realmap_a/mlp-dqn.pt"", ""md_dqn_algo"": ""mlp-dqn"", ""md_dqn_device"": ""cpu"", ""md_dqn_max_steps"": 600, ""md_dqn_rollout_steps"": 569, ""md_dqn_reached"": false}"
easy_s02_q0050,vanilla_ha,Easy,d16_20,True,True,0.16176843643188477,1,18.61236148370217,,,0,0.0,0.5064580241632148,0,0,0,0,False,,,,,"{""profile_name"": ""easy_d00"", ""map_seed"": 20280622, ""query_seed"": 20281622, ""evaluation_path_source"": ""trace_poses"", ""planner_path_pose_count"": 2, ""evaluation_path_pose_count"": 188}"
easy_s02_q0050,f_n3p_knn,Easy,d16_20,True,True,0.0007547610439360142,0,18.61236148370217,18.61236148370217,0.0,0,0.0,0.5064580241632148,0,0,0,0,False,0,0,,,"{""profile_name"": ""easy_d00"", ""map_seed"": 20280622, ""query_seed"": 20281622}"
easy_s02_q0050,n3p_k1,Easy,d16_20,True,True,0.0007508820854127407,0,18.61236148370217,18.61236148370217,0.0,0,0.0,0.5064580241632148,0,0,0,0,False,0,0,,,"{""profile_name"": ""easy_d00"", ""map_seed"": 20280622, ""query_seed"": 20281622}"
easy_s02_q0050,voronoi_waypoint,Easy,d16_20,True,True,0.657822891836986,4,21.64616310879667,18.61236148370217,0.16299928559581423,0,0.2141503936373492,1.8140504838019846,0,0,0,0,False,,,,,"{""profile_name"": ""easy_d00"", ""map_seed"": 20280622, ""query_seed"": 20281622, ""waypoint_count"": 3}"
easy_s02_q0050,bottleneck_waypoint,Easy,d16_20,True,True,0.6593020129948854,4,19.968378071847496,18.61236148370217,0.07285569804415815,0,0.19264717805262796,1.8945758094457057,0,0,0,0,False,,,,,"{""profile_name"": ""easy_d00"", ""map_seed"": 20280622, ""query_seed"": 20281622, ""waypoint_count"": 3, ""bottleneck_count"": 3}"
easy_s02_q0050,md_dqn,Easy,d16_20,False,False,0.17017899081110954,600,1.1250000000000024,18.61236148370217,,0,0.8385645564237262,1.9577813229842072,0,0,0,0,False,,,,md_dqn_not_reached,"{""profile_name"": ""easy_d00"", ""map_seed"": 20280622, ""query_seed"": 20281622, ""md_dqn_source_dir"": ""/home/ubuntu/DQN10/2_experiment"", ""md_dqn_checkpoint_path"": ""/home/ubuntu/DQN10/2_experiment/ugv_dqn/outputs/2026-05-12_train_load_external_demo_smoke/models/realmap_a/mlp-dqn.pt"", ""md_dqn_algo"": ""mlp-dqn"", ""md_dqn_device"": ""cpu"", ""md_dqn_max_steps"": 600, ""md_dqn_rollout_steps"": 600, ""md_dqn_reached"": false}"
easy_s02_q0051,vanilla_ha,Easy,d20_inf,True,True,0.162642240524292,17,22.671577874636675,,,0,0.061055451171425884,0.160270505844488,0,0,0,0,False,,,,,"{""profile_name"": ""easy_d01"", ""map_seed"": 20280622, ""query_seed"": 20281623, ""evaluation_path_source"": ""trace_poses"", ""planner_path_pose_count"": 13, ""evaluation_path_pose_count"": 229}"
easy_s02_q0051,f_n3p_knn,Easy,d20_inf,True,True,0.011908547021448612,0,22.538934574348833,22.671577874636675,-0.005850642642576509,0,0.03640063631377764,0.4001222144226517,0,6,0,0,True,0,1,0.0,,"{""profile_name"": ""easy_d01"", ""map_seed"": 20280622, ""query_seed"": 20281623}"
easy_s02_q0051,n3p_k1,Easy,d20_inf,True,True,0.5359362049493939,385,22.233682075192753,22.671577874636675,-0.019314747383939568,0,0.11269107727191346,0.1321319484649075,0,0,1,0,True,0,0,,,"{""profile_name"": ""easy_d01"", ""map_seed"": 20280622, ""query_seed"": 20281623}"
easy_s02_q0051,voronoi_waypoint,Easy,d20_inf,True,True,0.8156662951223552,5,23.865438462414634,22.671577874636675,0.052658910393420966,0,0.15940515362929192,0.8800181604793049,0,0,0,0,False,,,,,"{""profile_name"": ""easy_d01"", ""map_seed"": 20280622, ""query_seed"": 20281623, ""waypoint_count"": 4}"
easy_s02_q0051,bottleneck_waypoint,Easy,d20_inf,True,True,0.6631462350487709,4,23.442607172234457,22.671577874636675,0.03400862974166219,0,0.12001551890026271,0.8800181604793049,0,0,0,0,False,,,,,"{""profile_name"": ""easy_d01"", ""map_seed"": 20280622, ""query_seed"": 20281623, ""waypoint_count"": 3, ""bottleneck_count"": 3}"
easy_s02_q0051,md_dqn,Easy,d20_inf,False,False,0.16843557870015502,600,1.1250000000000142,22.671577874636675,,0,0.8385645564237165,0.8197307664304418,0,0,0,0,False,,,,md_dqn_not_reached,"{""profile_name"": ""easy_d01"", ""map_seed"": 20280622, ""query_seed"": 20281623, ""md_dqn_source_dir"": ""/home/ubuntu/DQN10/2_experiment"", ""md_dqn_checkpoint_path"": ""/home/ubuntu/DQN10/2_experiment/ugv_dqn/outputs/2026-05-12_train_load_external_demo_smoke/models/realmap_a/mlp-dqn.pt"", ""md_dqn_algo"": ""mlp-dqn"", ""md_dqn_device"": ""cpu"", ""md_dqn_max_steps"": 600, ""md_dqn_rollout_steps"": 600, ""md_dqn_reached"": false}"
easy_s02_q0052,vanilla_ha,Easy,d08_12,True,True,0.45629429817199707,396,11.482486842374838,,,0,0.17990014949082236,0.09928925670049138,0,0,0,0,False,,,,,"{""profile_name"": ""easy_d00"", ""map_seed"": 20280622, ""query_seed"": 20281624, ""evaluation_path_source"": ""trace_poses"", ""planner_path_pose_count"": 21, ""evaluation_path_pose_count"": 118}"
easy_s02_q0052,f_n3p_knn,Easy,d08_12,True,True,0.18073588097468019,13,11.643512194054857,11.482486842374838,0.014023560739975904,0,0.2120674448526295,0.0593517312467724,0,19,1,0,True,1,1,1.0,,"{""profile_name"": ""easy_d00"", ""map_seed"": 20280622, ""query_seed"": 20281624}"
easy_s02_q0052,n3p_k1,Easy,d08_12,True,True,0.17539959796704352,13,11.643512194054857,11.482486842374838,0.014023560739975904,0,0.2120674448526295,0.0593517312467724,0,0,1,0,True,1,1,1.0,,"{""profile_name"": ""easy_d00"", ""map_seed"": 20280622, ""query_seed"": 20281624}"
easy_s02_q0052,voronoi_waypoint,Easy,d08_12,True,True,0.49992834916338325,3,14.727894701103022,11.482486842374838,0.2826398064530209,0,0.3012138958321228,0.1006888529739356,0,0,0,0,False,,,,,"{""profile_name"": ""easy_d00"", ""map_seed"": 20280622, ""query_seed"": 20281624, ""waypoint_count"": 2}"
easy_s02_q0052,bottleneck_waypoint,Easy,d08_12,True,True,0.6623365469276905,4,15.44134192561195,11.482486842374838,0.34477331762553365,1,0.3812504090498208,0.8325242358907476,0,0,0,0,False,,,,,"{""profile_name"": ""easy_d00"", ""map_seed"": 20280622, ""query_seed"": 20281624, ""waypoint_count"": 3, ""bottleneck_count"": 3}"
easy_s02_q0052,md_dqn,Easy,d08_12,False,False,0.17843429394997656,328,0.6393750000000136,11.482486842374838,,1,0.3752071210083667,0.4894900259013859,0,0,0,0,False,,,,md_dqn_not_reached,"{""profile_name"": ""easy_d00"", ""map_seed"": 20280622, ""query_seed"": 20281624, ""md_dqn_source_dir"": ""/home/ubuntu/DQN10/2_experiment"", ""md_dqn_checkpoint_path"": ""/home/ubuntu/DQN10/2_experiment/ugv_dqn/outputs/2026-05-12_train_load_external_demo_smoke/models/realmap_a/mlp-dqn.pt"", ""md_dqn_algo"": ""mlp-dqn"", ""md_dqn_device"": ""cpu"", ""md_dqn_max_steps"": 600, ""md_dqn_rollout_steps"": 328, ""md_dqn_reached"": false}"
easy_s02_q0053,vanilla_ha,Easy,d12_16,True,True,0.16872191429138184,17,16.144796194165703,,,0,0.14297478191258522,0.2837328834450592,0,0,0,0,False,,,,,"{""profile_name"": ""easy_d01"", ""map_seed"": 20280622, ""query_seed"": 20281625, ""evaluation_path_source"": ""trace_poses"", ""planner_path_pose_count"": 12, ""evaluation_path_pose_count"": 165}"
easy_s02_q0053,f_n3p_knn,Easy,d12_16,True,True,0.010954663157463074,0,15.859901063617846,16.144796194165703,-0.01764625128255326,0,0.03308593296473472,0.11348725903844592,0,4,0,0,True,0,1,0.0,,"{""profile_name"": ""easy_d01"", ""map_seed"": 20280622, ""query_seed"": 20281625}"
easy_s02_q0053,n3p_k1,Easy,d12_16,True,True,0.17912974511273205,17,16.144796194165703,16.144796194165703,0.0,0,0.14297478191258522,0.2837328834450592,0,0,1,0,True,0,0,,,"{""profile_name"": ""easy_d01"", ""map_seed"": 20280622, ""query_seed"": 20281625}"
easy_s02_q0053,voronoi_waypoint,Easy,d12_16,True,True,0.6640716681722552,4,17.02239356301102,16.144796194165703,0.05435790940256369,0,0.18920154608849277,0.4431555134945546,0,0,0,0,False,,,,,"{""profile_name"": ""easy_d01"", ""map_seed"": 20280622, ""query_seed"": 20281625, ""waypoint_count"": 3}"
easy_s02_q0053,bottleneck_waypoint,Easy,d12_16,True,True,0.510641201864928,3,16.813227311741702,16.144796194165703,0.041402264205574246,0,0.15771126376696654,0.44374724580691194,0,0,0,0,False,,,,,"{""profile_name"": ""easy_d01"", ""map_seed"": 20280622, ""query_seed"": 20281625, ""waypoint_count"": 2, ""bottleneck_count"": 2}"
easy_s02_q0053,md_dqn,Easy,d12_16,False,False,0.1689502347726375,600,2.2500000000000457,16.144796194165703,,0,0.08734630124014875,0.2970709706946708,0,0,0,0,False,,,,md_dqn_not_reached,"{""profile_name"": ""easy_d01"", ""map_seed"": 20280622, ""query_seed"": 20281625, ""md_dqn_source_dir"": ""/home/ubuntu/DQN10/2_experiment"", ""md_dqn_checkpoint_path"": ""/home/ubuntu/DQN10/2_experiment/ugv_dqn/outputs/2026-05-12_train_load_external_demo_smoke/models/realmap_a/mlp-dqn.pt"", ""md_dqn_algo"": ""mlp-dqn"", ""md_dqn_device"": ""cpu"", ""md_dqn_max_steps"": 600, ""md_dqn_rollout_steps"": 600, ""md_dqn_reached"": false}"
easy_s02_q0054,vanilla_ha,Easy,d16_20,True,True,0.18409943580627441,49,18.24152663855045,,,0,0.2111461586859622,0.21688680660403759,0,0,0,0,False,,,,,"{""profile_name"": ""easy_d00"", ""map_seed"": 20280622, ""query_seed"": 20281626, ""evaluation_path_source"": ""trace_poses"", ""planner_path_pose_count"": 26, ""evaluation_path_pose_count"": 184}"
easy_s02_q0054,f_n3p_knn,Easy,d16_20,True,True,0.011212550103664398,0,18.0469307468139,18.24152663855045,-0.01066774155433381,0,0.035723719618311355,0.288543398166918,0,1,0,0,True,0,1,0.0,,"{""profile_name"": ""easy_d00"", ""map_seed"": 20280622, ""query_seed"": 20281626}"
easy_s02_q0054,n3p_k1,Easy,d16_20,True,True,0.19238063809461892,49,18.24152663855045,18.24152663855045,0.0,0,0.2111461586859622,0.21688680660403759,0,0,1,0,True,0,0,,,"{""profile_name"": ""easy_d00"", ""map_seed"": 20280622, ""query_seed"": 20281626}"
easy_s02_q0054,voronoi_waypoint,Easy,d16_20,True,True,0.6644176279660314,4,21.072904894035915,18.24152663855045,0.15521607985933672,0,0.1742876865957876,0.6497614537199792,0,0,0,0,False,,,,,"{""profile_name"": ""easy_d00"", ""map_seed"": 20280622, ""query_seed"": 20281626, ""waypoint_count"": 3}"
easy_s02_q0054,bottleneck_waypoint,Easy,d16_20,True,True,0.6316807488910854,4,21.06077692191799,18.24152663855045,0.15455122475382743,0,0.1528964177846459,0.6497614537199792,0,0,0,0,False,,,,,"{""profile_name"": ""easy_d00"", ""map_seed"": 20280622, ""query_seed"": 20281626, ""waypoint_count"": 3, ""bottleneck_count"": 3}"
easy_s02_q0054,md_dqn,Easy,d16_20,False,False,0.4029303304851055,600,1.125000000000009,18.24152663855045,,0,0.838564556423719,2.830494906488054,0,0,0,0,False,,,,md_dqn_not_reached,"{""profile_name"": ""easy_d00"", ""map_seed"": 20280622, ""query_seed"": 20281626, ""md_dqn_source_dir"": ""/home/ubuntu/DQN10/2_experiment"", ""md_dqn_checkpoint_path"": ""/home/ubuntu/DQN10/2_experiment/ugv_dqn/outputs/2026-05-12_train_load_external_demo_smoke/models/realmap_a/mlp-dqn.pt"", ""md_dqn_algo"": ""mlp-dqn"", ""md_dqn_device"": ""cpu"", ""md_dqn_max_steps"": 600, ""md_dqn_rollout_steps"": 600, ""md_dqn_reached"": false}"
easy_s02_q0055,vanilla_ha,Easy,d20_inf,True,True,0.2280287742614746,97,22.749475650612563,,,0,0.06950877330002281,0.07503790648558795,0,0,0,0,False,,,,,"{""profile_name"": ""easy_d01"", ""map_seed"": 20280623, ""query_seed"": 20281623, ""evaluation_path_source"": ""trace_poses"", ""planner_path_pose_count"": 22, ""evaluation_path_pose_count"": 230}"
easy_s02_q0055,f_n3p_knn,Easy,d20_inf,True,True,0.03006995585747063,0,21.89240982660849,22.749475650612563,-0.03767409135783739,0,0.0978772789302387,0.10153131964443662,0,0,0,0,False,3,3,1.0,,"{""profile_name"": ""easy_d01"", ""map_seed"": 20280623, ""query_seed"": 20281623}"
easy_s02_q0055,n3p_k1,Easy,d20_inf,True,True,0.026799526996910572,0,21.89240982660849,22.749475650612563,-0.03767409135783739,0,0.0978772789302387,0.10153131964443662,0,0,0,0,False,3,3,1.0,,"{""profile_name"": ""easy_d01"", ""map_seed"": 20280623, ""query_seed"": 20281623}"
easy_s02_q0055,voronoi_waypoint,Easy,d20_inf,True,True,0.7717762249521911,5,25.452006394844748,22.749475650612563,0.11879529821863888,2,0.31620685855418257,0.6546923663629536,0,0,0,0,False,,,,,"{""profile_name"": ""easy_d01"", ""map_seed"": 20280623, ""query_seed"": 20281623, ""waypoint_count"": 4}"
easy_s02_q0055,bottleneck_waypoint,Easy,d20_inf,True,True,1.121604769024998,7,24.46894713827841,22.749475650612563,0.07558290635237319,0,0.3311423054319654,0.7428321171030037,0,0,0,0,False,,,,,"{""profile_name"": ""easy_d01"", ""map_seed"": 20280623, ""query_seed"": 20281623, ""waypoint_count"": 6, ""bottleneck_count"": 6}"
easy_s02_q0055,md_dqn,Easy,d20_inf,False,False,0.19941448257304728,600,10.250625000000015,22.749475650612563,,0,0.17930353781918026,0.29039575768237147,0,0,0,0,False,,,,md_dqn_not_reached,"{""profile_name"": ""easy_d01"", ""map_seed"": 20280623, ""query_seed"": 20281623, ""md_dqn_source_dir"": ""/home/ubuntu/DQN10/2_experiment"", ""md_dqn_checkpoint_path"": ""/home/ubuntu/DQN10/2_experiment/ugv_dqn/outputs/2026-05-12_train_load_external_demo_smoke/models/realmap_a/mlp-dqn.pt"", ""md_dqn_algo"": ""mlp-dqn"", ""md_dqn_device"": ""cpu"", ""md_dqn_max_steps"": 600, ""md_dqn_rollout_steps"": 600, ""md_dqn_reached"": false}"
easy_s02_q0056,vanilla_ha,Easy,d08_12,True,True,0.1575305461883545,11,8.548000295409102,,,0,0.07900806015611597,0.1014257062631525,0,0,0,0,False,,,,,"{""profile_name"": ""easy_d00"", ""map_seed"": 20280623, ""query_seed"": 20281624, ""evaluation_path_source"": ""trace_poses"", ""planner_path_pose_count"": 11, ""evaluation_path_pose_count"": 87}"
easy_s02_q0056,f_n3p_knn,Easy,d08_12,True,True,0.01524095586501062,0,13.150707935127492,8.548000295409102,0.5384543145360419,1,0.29260397991456627,0.05221995364311549,0,1,0,0,True,1,2,0.5,,"{""profile_name"": ""easy_d00"", ""map_seed"": 20280623, ""query_seed"": 20281624}"
easy_s02_q0056,n3p_k1,Easy,d08_12,True,True,0.16174454311840236,3,11.85404931843302,8.548000295409102,0.38676285783465736,3,0.3456937185473684,0.05221995364311549,0,0,1,0,True,1,1,1.0,,"{""profile_name"": ""easy_d00"", ""map_seed"": 20280623, ""query_seed"": 20281624}"
easy_s02_q0056,voronoi_waypoint,Easy,d08_12,True,True,0.3442178210243583,2,8.632680691828968,8.548000295409102,0.009906456889729576,0,0.08149477617219093,0.1014257062631525,0,0,0,0,False,,,,,"{""profile_name"": ""easy_d00"", ""map_seed"": 20280623, ""query_seed"": 20281624, ""waypoint_count"": 1}"
easy_s02_q0056,bottleneck_waypoint,Easy,d08_12,True,True,0.3490221952088177,2,8.611677551340046,8.548000295409102,0.007449374558999855,0,0.1004082807701157,0.1014257062631525,0,0,0,0,False,,,,,"{""profile_name"": ""easy_d00"", ""map_seed"": 20280623, ""query_seed"": 20281624, ""waypoint_count"": 1, ""bottleneck_count"": 1}"
easy_s02_q0056,md_dqn,Easy,d08_12,False,False,0.13559452001936734,290,2.182500000000033,8.548000295409102,,1,0.7735312487307053,0.1014257062631525,0,0,0,0,False,,,,md_dqn_not_reached,"{""profile_name"": ""easy_d00"", ""map_seed"": 20280623, ""query_seed"": 20281624, ""md_dqn_source_dir"": ""/home/ubuntu/DQN10/2_experiment"", ""md_dqn_checkpoint_path"": ""/home/ubuntu/DQN10/2_experiment/ugv_dqn/outputs/2026-05-12_train_load_external_demo_smoke/models/realmap_a/mlp-dqn.pt"", ""md_dqn_algo"": ""mlp-dqn"", ""md_dqn_device"": ""cpu"", ""md_dqn_max_steps"": 600, ""md_dqn_rollout_steps"": 290, ""md_dqn_reached"": false}"
easy_s02_q0057,vanilla_ha,Easy,d12_16,True,True,0.1937239170074463,64,14.711057877481485,,,0,0.1645106394206249,0.0725377874784513,0,0,0,0,False,,,,,"{""profile_name"": ""easy_d01"", ""map_seed"": 20280623, ""query_seed"": 20281625, ""evaluation_path_source"": ""trace_poses"", ""planner_path_pose_count"": 23, ""evaluation_path_pose_count"": 150}"
easy_s02_q0057,f_n3p_knn,Easy,d12_16,True,True,0.01149254315532744,0,14.663675353097043,14.711057877481485,-0.0032208781162482714,0,0.06178094895204554,0.19613322232012376,0,3,0,0,True,0,1,0.0,,"{""profile_name"": ""easy_d01"", ""map_seed"": 20280623, ""query_seed"": 20281625}"
easy_s02_q0057,n3p_k1,Easy,d12_16,True,True,0.21134281298145652,61,14.710650523306125,14.711057877481485,-2.7690338706642947e-05,0,0.1761816953106668,0.0725377874784513,0,0,1,0,True,0,0,,,"{""profile_name"": ""easy_d01"", ""map_seed"": 20280623, ""query_seed"": 20281625}"
easy_s02_q0057,voronoi_waypoint,Easy,d12_16,True,True,0.5046480242162943,3,15.295879500058419,14.711057877481485,0.039753879527055114,0,0.14460106301123993,0.07689063609328983,0,0,0,0,False,,,,,"{""profile_name"": ""easy_d01"", ""map_seed"": 20280623, ""query_seed"": 20281625, ""waypoint_count"": 2}"
easy_s02_q0057,bottleneck_waypoint,Easy,d12_16,True,True,0.507341569988057,3,14.818266415683059,14.711057877481485,0.007287615825757765,0,0.17460862859327683,0.1531628985724549,0,0,0,0,False,,,,,"{""profile_name"": ""easy_d01"", ""map_seed"": 20280623, ""query_seed"": 20281625, ""waypoint_count"": 2, ""bottleneck_count"": 2}"
easy_s02_q0057,md_dqn,Easy,d12_16,False,False,0.1674533213954419,600,2.249999999999997,14.711057877481485,,0,0.08734630124015064,0.8566439183352061,0,0,0,0,False,,,,md_dqn_not_reached,"{""profile_name"": ""easy_d01"", ""map_seed"": 20280623, ""query_seed"": 20281625, ""md_dqn_source_dir"": ""/home/ubuntu/DQN10/2_experiment"", ""md_dqn_checkpoint_path"": ""/home/ubuntu/DQN10/2_experiment/ugv_dqn/outputs/2026-05-12_train_load_external_demo_smoke/models/realmap_a/mlp-dqn.pt"", ""md_dqn_algo"": ""mlp-dqn"", ""md_dqn_device"": ""cpu"", ""md_dqn_max_steps"": 600, ""md_dqn_rollout_steps"": 600, ""md_dqn_reached"": false}"
easy_s02_q0058,vanilla_ha,Easy,d16_20,True,True,0.15802741050720215,1,18.480530295421723,,,0,0.0,0.1682871610266472,0,0,0,0,False,,,,,"{""profile_name"": ""easy_d00"", ""map_seed"": 20280623, ""query_seed"": 20281626, ""evaluation_path_source"": ""trace_poses"", ""planner_path_pose_count"": 2, ""evaluation_path_pose_count"": 186}"
easy_s02_q0058,f_n3p_knn,Easy,d16_20,True,True,0.0008630079682916403,0,18.480530295421723,18.480530295421723,0.0,0,1.2015055919690794e-17,0.1682871610266472,0,0,0,0,False,0,0,,,"{""profile_name"": ""easy_d00"", ""map_seed"": 20280623, ""query_seed"": 20281626}"
easy_s02_q0058,n3p_k1,Easy,d16_20,True,True,0.0007891040295362473,0,18.480530295421723,18.480530295421723,0.0,0,1.2015055919690794e-17,0.1682871610266472,0,0,0,0,False,0,0,,,"{""profile_name"": ""easy_d00"", ""map_seed"": 20280623, ""query_seed"": 20281626}"
easy_s02_q0058,voronoi_waypoint,Easy,d16_20,True,True,0.6560677429661155,4,19.58970881920027,18.480530295421723,0.06001876061171951,0,0.1819961234683968,0.12425358840958978,0,0,0,0,False,,,,,"{""profile_name"": ""easy_d00"", ""map_seed"": 20280623, ""query_seed"": 20281626, ""waypoint_count"": 3}"
easy_s02_q0058,bottleneck_waypoint,Easy,d16_20,True,True,0.6619801002088934,4,18.758033482685576,18.480530295421723,0.01501597534420318,0,0.14290643699771494,0.17087715834923367,0,0,0,0,False,,,,,"{""profile_name"": ""easy_d00"", ""map_seed"": 20280623, ""query_seed"": 20281626, ""waypoint_count"": 3, ""bottleneck_count"": 3}"
easy_s02_q0058,md_dqn,Easy,d16_20,False,False,0.17112914728932083,600,2.116875000000333,18.480530295421723,,0,0.08334740528117976,0.16656780499021773,0,0,0,0,False,,,,md_dqn_not_reached,"{""profile_name"": ""easy_d00"", ""map_seed"": 20280623, ""query_seed"": 20281626, ""md_dqn_source_dir"": ""/home/ubuntu/DQN10/2_experiment"", ""md_dqn_checkpoint_path"": ""/home/ubuntu/DQN10/2_experiment/ugv_dqn/outputs/2026-05-12_train_load_external_demo_smoke/models/realmap_a/mlp-dqn.pt"", ""md_dqn_algo"": ""mlp-dqn"", ""md_dqn_device"": ""cpu"", ""md_dqn_max_steps"": 600, ""md_dqn_rollout_steps"": 600, ""md_dqn_reached"": false}"
easy_s02_q0059,vanilla_ha,Easy,d20_inf,True,True,0.1567554473876953,1,22.103619613085996,,,0,0.0,0.09133906458328045,0,0,0,0,False,,,,,"{""profile_name"": ""easy_d01"", ""map_seed"": 20280623, ""query_seed"": 20281627, ""evaluation_path_source"": ""trace_poses"", ""planner_path_pose_count"": 2, ""evaluation_path_pose_count"": 223}"
easy_s02_q0059,f_n3p_knn,Easy,d20_inf,True,True,0.0008875499479472637,0,22.103619613085996,22.103619613085996,0.0,0,0.0,0.09133906458328045,0,0,0,0,False,0,0,,,"{""profile_name"": ""easy_d01"", ""map_seed"": 20280623, ""query_seed"": 20281627}"
easy_s02_q0059,n3p_k1,Easy,d20_inf,True,True,0.0008435570634901524,0,22.103619613085996,22.103619613085996,0.0,0,0.0,0.09133906458328045,0,0,0,0,False,0,0,,,"{""profile_name"": ""easy_d01"", ""map_seed"": 20280623, ""query_seed"": 20281627}"
easy_s02_q0059,voronoi_waypoint,Easy,d20_inf,True,True,0.8187254699878395,19,25.263252770682158,22.103619613085996,0.1429464138862382,0,0.21722655522622686,0.07644604566352631,0,0,0,0,False,,,,,"{""profile_name"": ""easy_d01"", ""map_seed"": 20280623, ""query_seed"": 20281627, ""waypoint_count"": 4}"
easy_s02_q0059,bottleneck_waypoint,Easy,d20_inf,True,True,0.8146495709661394,5,25.121543303871896,22.103619613085996,0.13653527085668804,0,0.13356193458149043,0.15083717100353444,0,0,0,0,False,,,,,"{""profile_name"": ""easy_d01"", ""map_seed"": 20280623, ""query_seed"": 20281627, ""waypoint_count"": 4, ""bottleneck_count"": 4}"
easy_s02_q0059,md_dqn,Easy,d20_inf,False,False,0.16701868292875588,600,1.1249999999990319,22.103619613085996,,0,0.0,2.678956172870763,0,0,0,0,False,,,,md_dqn_not_reached,"{""profile_name"": ""easy_d01"", ""map_seed"": 20280623, ""query_seed"": 20281627, ""md_dqn_source_dir"": ""/home/ubuntu/DQN10/2_experiment"", ""md_dqn_checkpoint_path"": ""/home/ubuntu/DQN10/2_experiment/ugv_dqn/outputs/2026-05-12_train_load_external_demo_smoke/models/realmap_a/mlp-dqn.pt"", ""md_dqn_algo"": ""mlp-dqn"", ""md_dqn_device"": ""cpu"", ""md_dqn_max_steps"": 600, ""md_dqn_rollout_steps"": 600, ""md_dqn_reached"": false}"
easy_s03_q0060,vanilla_ha,Easy,d08_12,True,True,0.159942626953125,1,9.060353193998562,,,0,0.0,0.31237365854693944,0,0,0,0,False,,,,,"{""profile_name"": ""easy_d00"", ""map_seed"": 20290620, ""query_seed"": 20291620, ""evaluation_path_source"": ""trace_poses"", ""planner_path_pose_count"": 2, ""evaluation_path_pose_count"": 92}"
easy_s03_q0060,f_n3p_knn,Easy,d08_12,True,True,0.0005153189413249493,0,9.060353193998564,9.060353193998562,2.220446049250313e-16,0,0.0,0.31237365854693744,0,0,0,0,False,0,0,,,"{""profile_name"": ""easy_d00"", ""map_seed"": 20290620, ""query_seed"": 20291620}"
easy_s03_q0060,n3p_k1,Easy,d08_12,True,True,0.0004132320173084736,0,9.060353193998564,9.060353193998562,2.220446049250313e-16,0,0.0,0.31237365854693744,0,0,0,0,False,0,0,,,"{""profile_name"": ""easy_d00"", ""map_seed"": 20290620, ""query_seed"": 20291620}"
easy_s03_q0060,voronoi_waypoint,Easy,d08_12,True,True,0.35697705717757344,2,11.221225846662852,9.060353193998562,0.23849761774139422,2,0.35347848200948934,0.31237365854693744,0,0,0,0,False,,,,,"{""profile_name"": ""easy_d00"", ""map_seed"": 20290620, ""query_seed"": 20291620, ""waypoint_count"": 1}"
easy_s03_q0060,bottleneck_waypoint,Easy,d08_12,True,True,0.6663479551207274,4,13.02252692142415,9.060353193998562,0.43730897047700856,4,0.4745162098238454,0.26670019018837443,0,0,0,0,False,,,,,"{""profile_name"": ""easy_d00"", ""map_seed"": 20290620, ""query_seed"": 20291620, ""waypoint_count"": 3, ""bottleneck_count"": 3}"
easy_s03_q0060,md_dqn,Easy,d08_12,False,False,0.16766762221232057,600,1.125000000000008,9.060353193998562,,0,0.8153095493901608,0.4622999847186615,0,0,0,0,False,,,,md_dqn_not_reached,"{""profile_name"": ""easy_d00"", ""map_seed"": 20290620, ""query_seed"": 20291620, ""md_dqn_source_dir"": ""/home/ubuntu/DQN10/2_experiment"", ""md_dqn_checkpoint_path"": ""/home/ubuntu/DQN10/2_experiment/ugv_dqn/outputs/2026-05-12_train_load_external_demo_smoke/models/realmap_a/mlp-dqn.pt"", ""md_dqn_algo"": ""mlp-dqn"", ""md_dqn_device"": ""cpu"", ""md_dqn_max_steps"": 600, ""md_dqn_rollout_steps"": 600, ""md_dqn_reached"": false}"
easy_s03_q0061,vanilla_ha,Easy,d12_16,True,True,0.15780067443847656,1,14.091131963046836,,,0,0.0,0.5578631902304262,0,0,0,0,False,,,,,"{""profile_name"": ""easy_d01"", ""map_seed"": 20290620, ""query_seed"": 20291621, ""evaluation_path_source"": ""trace_poses"", ""planner_path_pose_count"": 2, ""evaluation_path_pose_count"": 142}"
easy_s03_q0061,f_n3p_knn,Easy,d12_16,True,True,0.0007014588918536901,0,14.091131963046836,14.091131963046836,0.0,0,1.5757754984293012e-17,0.5578631902304262,0,0,0,0,False,0,0,,,"{""profile_name"": ""easy_d01"", ""map_seed"": 20290620, ""query_seed"": 20291621}"
easy_s03_q0061,n3p_k1,Easy,d12_16,True,True,0.0006259020883589983,0,14.091131963046836,14.091131963046836,0.0,0,1.5757754984293012e-17,0.5578631902304262,0,0,0,0,False,0,0,,,"{""profile_name"": ""easy_d01"", ""map_seed"": 20290620, ""query_seed"": 20291621}"
easy_s03_q0061,voronoi_waypoint,Easy,d12_16,True,True,0.6686384589411318,4,18.698506539866074,14.091131963046836,0.3269697983740274,0,0.24747231494093977,0.4231370558427767,0,0,0,0,False,,,,,"{""profile_name"": ""easy_d01"", ""map_seed"": 20290620, ""query_seed"": 20291621, ""waypoint_count"": 3}"
easy_s03_q0061,bottleneck_waypoint,Easy,d12_16,True,True,0.6698102650698274,4,17.239456878953376,14.091131963046836,0.2234259762922408,0,0.320282285080764,0.6003707302965946,0,0,0,0,False,,,,,"{""profile_name"": ""easy_d01"", ""map_seed"": 20290620, ""query_seed"": 20291621, ""waypoint_count"": 3, ""bottleneck_count"": 3}"
easy_s03_q0061,md_dqn,Easy,d12_16,False,False,0.1658517422620207,600,1.1249999999999918,14.091131963046836,,0,0.8385645564237333,0.7162896396266811,0,0,0,0,False,,,,md_dqn_not_reached,"{""profile_name"": ""easy_d01"", ""map_seed"": 20290620, ""query_seed"": 20291621, ""md_dqn_source_dir"": ""/home/ubuntu/DQN10/2_experiment"", ""md_dqn_checkpoint_path"": ""/home/ubuntu/DQN10/2_experiment/ugv_dqn/outputs/2026-05-12_train_load_external_demo_smoke/models/realmap_a/mlp-dqn.pt"", ""md_dqn_algo"": ""mlp-dqn"", ""md_dqn_device"": ""cpu"", ""md_dqn_max_steps"": 600, ""md_dqn_rollout_steps"": 600, ""md_dqn_reached"": false}"
easy_s03_q0062,vanilla_ha,Easy,d16_20,True,True,0.7316162586212158,567,18.217529760199287,,,0,0.08879540538996884,0.07608101931639144,0,0,0,0,False,,,,,"{""profile_name"": ""easy_d00"", ""map_seed"": 20290620, ""query_seed"": 20291622, ""evaluation_path_source"": ""trace_poses"", ""planner_path_pose_count"": 60, ""evaluation_path_pose_count"": 185}"
easy_s03_q0062,f_n3p_knn,Easy,d16_20,True,True,0.2065586019307375,15,20.273525584495463,18.217529760199287,0.11285810158455223,3,0.1627545034826422,0.07452653292638511,0,22,1,0,True,2,4,0.5,,"{""profile_name"": ""easy_d00"", ""map_seed"": 20290620, ""query_seed"": 20291622}"
easy_s03_q0062,n3p_k1,Easy,d16_20,True,True,0.3559654119890183,166,18.40899610489257,18.217529760199287,0.010510005868720418,0,0.12242859754778614,0.07087998168297904,0,0,1,0,True,1,1,1.0,,"{""profile_name"": ""easy_d00"", ""map_seed"": 20290620, ""query_seed"": 20291622}"
easy_s03_q0062,voronoi_waypoint,Easy,d16_20,True,True,0.6602980669122189,4,18.866729637007364,18.217529760199287,0.035635999246528716,0,0.10289137252897322,0.0741903940571158,0,0,0,0,False,,,,,"{""profile_name"": ""easy_d00"", ""map_seed"": 20290620, ""query_seed"": 20291622, ""waypoint_count"": 3}"
easy_s03_q0062,bottleneck_waypoint,Easy,d16_20,True,True,0.9700529740657657,6,18.977115125948355,18.217529760199287,0.04169529984293319,0,0.1710142906797232,0.07413441098269269,0,0,0,0,False,,,,,"{""profile_name"": ""easy_d00"", ""map_seed"": 20290620, ""query_seed"": 20291622, ""waypoint_count"": 5, ""bottleneck_count"": 5}"
easy_s03_q0062,md_dqn,Easy,d16_20,False,False,0.16989452368579805,600,1.1250000000000155,18.217529760199287,,0,0.8385645564237129,2.4214071556852987,0,0,0,0,False,,,,md_dqn_not_reached,"{""profile_name"": ""easy_d00"", ""map_seed"": 20290620, ""query_seed"": 20291622, ""md_dqn_source_dir"": ""/home/ubuntu/DQN10/2_experiment"", ""md_dqn_checkpoint_path"": ""/home/ubuntu/DQN10/2_experiment/ugv_dqn/outputs/2026-05-12_train_load_external_demo_smoke/models/realmap_a/mlp-dqn.pt"", ""md_dqn_algo"": ""mlp-dqn"", ""md_dqn_device"": ""cpu"", ""md_dqn_max_steps"": 600, ""md_dqn_rollout_steps"": 600, ""md_dqn_reached"": false}"
easy_s03_q0063,vanilla_ha,Easy,d20_inf,True,True,0.32503676414489746,349,23.135023512506393,,,0,0.2643323480269067,0.08385524323629123,0,0,0,0,False,,,,,"{""profile_name"": ""easy_d01"", ""map_seed"": 20290620, ""query_seed"": 20291623, ""evaluation_path_source"": ""trace_poses"", ""planner_path_pose_count"": 66, ""evaluation_path_pose_count"": 234}"
easy_s03_q0063,f_n3p_knn,Easy,d20_inf,True,True,0.02956822607666254,0,23.15649197976569,23.135023512506393,0.0009279639265415973,0,0.09141006293933711,0.1594662919597486,0,12,0,0,True,1,3,0.3333333333333333,,"{""profile_name"": ""easy_d01"", ""map_seed"": 20290620, ""query_seed"": 20291623}"
easy_s03_q0063,n3p_k1,Easy,d20_inf,True,True,0.3272261801175773,349,23.135023512506393,23.135023512506393,0.0,0,0.2643323480269067,0.08385524323629123,0,0,1,0,True,0,0,,,"{""profile_name"": ""easy_d01"", ""map_seed"": 20290620, ""query_seed"": 20291623}"
easy_s03_q0063,voronoi_waypoint,Easy,d20_inf,True,True,0.8633853499777615,107,25.669068017012325,23.135023512506393,0.10953282598291159,0,0.3084057223116105,0.06358587834555218,0,0,0,0,False,,,,,"{""profile_name"": ""easy_d01"", ""map_seed"": 20290620, ""query_seed"": 20291623, ""waypoint_count"": 4}"
easy_s03_q0063,bottleneck_waypoint,Easy,d20_inf,True,True,0.777532302075997,5,25.56655827917813,23.135023512506393,0.10510189303923934,2,0.26417785835675567,0.1594662919597486,0,0,0,0,False,,,,,"{""profile_name"": ""easy_d01"", ""map_seed"": 20290620, ""query_seed"": 20291623, ""waypoint_count"": 4, ""bottleneck_count"": 4}"
easy_s03_q0063,md_dqn,Easy,d20_inf,False,False,0.5419127002824098,600,8.504999999999987,23.135023512506393,,3,0.21510847999587338,0.1594662919597486,0,0,0,0,False,,,,md_dqn_not_reached,"{""profile_name"": ""easy_d01"", ""map_seed"": 20290620, ""query_seed"": 20291623, ""md_dqn_source_dir"": ""/home/ubuntu/DQN10/2_experiment"", ""md_dqn_checkpoint_path"": ""/home/ubuntu/DQN10/2_experiment/ugv_dqn/outputs/2026-05-12_train_load_external_demo_smoke/models/realmap_a/mlp-dqn.pt"", ""md_dqn_algo"": ""mlp-dqn"", ""md_dqn_device"": ""cpu"", ""md_dqn_max_steps"": 600, ""md_dqn_rollout_steps"": 600, ""md_dqn_reached"": false}"
easy_s03_q0064,vanilla_ha,Easy,d08_12,True,True,0.14905381202697754,1,10.374005976477937,,,0,0.0,0.44336560372794187,0,0,0,0,False,,,,,"{""profile_name"": ""easy_d00"", ""map_seed"": 20290620, ""query_seed"": 20291624, ""evaluation_path_source"": ""trace_poses"", ""planner_path_pose_count"": 2, ""evaluation_path_pose_count"": 105}"
easy_s03_q0064,f_n3p_knn,Easy,d08_12,True,True,0.00047339615412056446,0,10.374005976477939,10.374005976477937,2.220446049250313e-16,0,5.350985083016536e-18,0.44336560372794187,0,0,0,0,False,0,0,,,"{""profile_name"": ""easy_d00"", ""map_seed"": 20290620, ""query_seed"": 20291624}"
easy_s03_q0064,n3p_k1,Easy,d08_12,True,True,0.00044467695988714695,0,10.374005976477939,10.374005976477937,2.220446049250313e-16,0,5.350985083016536e-18,0.44336560372794187,0,0,0,0,False,0,0,,,"{""profile_name"": ""easy_d00"", ""map_seed"": 20290620, ""query_seed"": 20291624}"
easy_s03_q0064,voronoi_waypoint,Easy,d08_12,True,True,0.47578408708795905,3,12.403107204381632,10.374005976477937,0.19559476180218982,2,0.3373779506603176,0.44336560372794187,0,0,0,0,False,,,,,"{""profile_name"": ""easy_d00"", ""map_seed"": 20290620, ""query_seed"": 20291624, ""waypoint_count"": 2}"
easy_s03_q0064,bottleneck_waypoint,Easy,d08_12,True,True,0.33468913403339684,2,11.962913463487693,10.374005976477937,0.15316238400213478,0,0.2172321430733645,0.44336560372794187,0,0,0,0,False,,,,,"{""profile_name"": ""easy_d00"", ""map_seed"": 20290620, ""query_seed"": 20291624, ""waypoint_count"": 1, ""bottleneck_count"": 1}"
easy_s03_q0064,md_dqn,Easy,d08_12,False,False,0.21716386592015624,600,9.13125,10.374005976477937,,0,0.2587416667311059,0.44336560372794187,0,0,0,0,False,,,,md_dqn_not_reached,"{""profile_name"": ""easy_d00"", ""map_seed"": 20290620, ""query_seed"": 20291624, ""md_dqn_source_dir"": ""/home/ubuntu/DQN10/2_experiment"", ""md_dqn_checkpoint_path"": ""/home/ubuntu/DQN10/2_experiment/ugv_dqn/outputs/2026-05-12_train_load_external_demo_smoke/models/realmap_a/mlp-dqn.pt"", ""md_dqn_algo"": ""mlp-dqn"", ""md_dqn_device"": ""cpu"", ""md_dqn_max_steps"": 600, ""md_dqn_rollout_steps"": 600, ""md_dqn_reached"": false}"
easy_s03_q0065,vanilla_ha,Easy,d12_16,True,True,0.17086172103881836,41,15.70571169680895,,,0,0.08017794298897993,0.07646474462253616,0,0,0,0,False,,,,,"{""profile_name"": ""easy_d01"", ""map_seed"": 20290621, ""query_seed"": 20291621, ""evaluation_path_source"": ""trace_poses"", ""planner_path_pose_count"": 23, ""evaluation_path_pose_count"": 159}"
easy_s03_q0065,f_n3p_knn,Easy,d12_16,True,True,0.0291496179997921,0,15.628758254318994,15.70571169680895,-0.004899710626013243,0,0.13198225186607107,0.07399890197720682,0,20,0,0,True,1,3,0.3333333333333333,,"{""profile_name"": ""easy_d01"", ""map_seed"": 20290621, ""query_seed"": 20291621}"
easy_s03_q0065,n3p_k1,Easy,d12_16,True,True,0.3391311608720571,37,15.56439970051826,15.70571169680895,-0.008997490786705309,0,0.14608817688900305,0.11020676220191006,0,0,2,0,True,0,0,,,"{""profile_name"": ""easy_d01"", ""map_seed"": 20290621, ""query_seed"": 20291621}"
easy_s03_q0065,voronoi_waypoint,Easy,d12_16,True,True,0.6275730091147125,4,18.906080711996182,15.70571169680895,0.20377102782534062,1,0.29389561836598777,0.07708126516022329,0,0,0,0,False,,,,,"{""profile_name"": ""easy_d01"", ""map_seed"": 20290621, ""query_seed"": 20291621, ""waypoint_count"": 3}"
easy_s03_q0065,bottleneck_waypoint,Easy,d12_16,True,True,0.62399783404544,4,17.744918390749195,15.70571169680895,0.1298385411184242,0,0.2517210044032661,0.24986371463607027,0,0,0,0,False,,,,,"{""profile_name"": ""easy_d01"", ""map_seed"": 20290621, ""query_seed"": 20291621, ""waypoint_count"": 3, ""bottleneck_count"": 3}"
easy_s03_q0065,md_dqn,Easy,d12_16,False,False,0.1660217153839767,600,1.1249999999999971,15.70571169680895,,0,0.8385645564237283,0.4843886630261238,0,0,0,0,False,,,,md_dqn_not_reached,"{""profile_name"": ""easy_d01"", ""map_seed"": 20290621, ""query_seed"": 20291621, ""md_dqn_source_dir"": ""/home/ubuntu/DQN10/2_experiment"", ""md_dqn_checkpoint_path"": ""/home/ubuntu/DQN10/2_experiment/ugv_dqn/outputs/2026-05-12_train_load_external_demo_smoke/models/realmap_a/mlp-dqn.pt"", ""md_dqn_algo"": ""mlp-dqn"", ""md_dqn_device"": ""cpu"", ""md_dqn_max_steps"": 600, ""md_dqn_rollout_steps"": 600, ""md_dqn_reached"": false}"
easy_s03_q0066,vanilla_ha,Easy,d16_20,True,True,0.5923852920532227,1265,20.08755985101356,,,0,0.09506613679675209,0.07224279176126647,0,0,0,0,False,,,,,"{""profile_name"": ""easy_d00"", ""map_seed"": 20290621, ""query_seed"": 20291622, ""evaluation_path_source"": ""trace_poses"", ""planner_path_pose_count"": 11, ""evaluation_path_pose_count"": 204}"
easy_s03_q0066,f_n3p_knn,Easy,d16_20,True,True,0.02102809282951057,0,20.4372599677204,20.08755985101356,0.017408790281174813,0,0.09500808088177805,0.08961778979962909,0,1,0,0,True,2,3,0.6666666666666666,,"{""profile_name"": ""easy_d00"", ""map_seed"": 20290621, ""query_seed"": 20291622}"
easy_s03_q0066,n3p_k1,Easy,d16_20,True,True,0.16580484807491302,5,20.37150809016553,20.08755985101356,0.014135526726888337,0,0.11013653002326357,0.1039107529682245,0,0,1,0,True,1,1,1.0,,"{""profile_name"": ""easy_d00"", ""map_seed"": 20290621, ""query_seed"": 20291622}"
easy_s03_q0066,voronoi_waypoint,Easy,d16_20,True,True,0.7637705989181995,5,23.285355647950357,20.08755985101356,0.1591928447583666,3,0.31750825000052607,0.2664272675469642,0,0,0,0,False,,,,,"{""profile_name"": ""easy_d00"", ""map_seed"": 20290621, ""query_seed"": 20291622, ""waypoint_count"": 4}"
easy_s03_q0066,bottleneck_waypoint,Easy,d16_20,True,True,0.48025564895942807,3,20.237338561237923,20.08755985101356,0.007456291920733493,0,0.06794252245627325,0.26211249837473094,0,0,0,0,False,,,,,"{""profile_name"": ""easy_d00"", ""map_seed"": 20290621, ""query_seed"": 20291622, ""waypoint_count"": 2, ""bottleneck_count"": 2}"
easy_s03_q0066,md_dqn,Easy,d16_20,False,False,0.3665549084544182,551,1.0949999999999984,20.08755985101356,,2,0.8176221695878679,0.2664272675469642,0,0,0,0,False,,,,md_dqn_not_reached,"{""profile_name"": ""easy_d00"", ""map_seed"": 20290621, ""query_seed"": 20291622, ""md_dqn_source_dir"": ""/home/ubuntu/DQN10/2_experiment"", ""md_dqn_checkpoint_path"": ""/home/ubuntu/DQN10/2_experiment/ugv_dqn/outputs/2026-05-12_train_load_external_demo_smoke/models/realmap_a/mlp-dqn.pt"", ""md_dqn_algo"": ""mlp-dqn"", ""md_dqn_device"": ""cpu"", ""md_dqn_max_steps"": 600, ""md_dqn_rollout_steps"": 551, ""md_dqn_reached"": false}"
easy_s03_q0067,vanilla_ha,Easy,d20_inf,True,True,1.8784942626953125,2401,25.38487226823814,,,0,0.30935845753806046,0.0774234593001657,0,0,0,0,False,,,,,"{""profile_name"": ""easy_d01"", ""map_seed"": 20290621, ""query_seed"": 20291623, ""evaluation_path_source"": ""trace_poses"", ""planner_path_pose_count"": 74, ""evaluation_path_pose_count"": 256}"
easy_s03_q0067,f_n3p_knn,Easy,d20_inf,True,True,0.016195453936234117,0,25.33929991483333,25.38487226823814,-0.0017952563606881133,0,0.08171565554962425,0.2103842535661431,0,6,0,0,True,0,2,0.0,,"{""profile_name"": ""easy_d01"", ""map_seed"": 20290621, ""query_seed"": 20291623}"
easy_s03_q0067,n3p_k1,Easy,d20_inf,True,True,0.27119559585116804,107,25.54886230926132,25.38487226823814,0.006460148362785523,2,0.2819358310538733,0.057864134862752326,0,0,1,0,True,4,4,1.0,,"{""profile_name"": ""easy_d01"", ""map_seed"": 20290621, ""query_seed"": 20291623}"
easy_s03_q0067,voronoi_waypoint,Easy,d20_inf,True,True,0.9341541500762105,28,31.07635512058347,25.38487226823814,0.22420766164211048,3,0.3347777114772813,0.15936421775964071,0,0,0,0,False,,,,,"{""profile_name"": ""easy_d01"", ""map_seed"": 20290621, ""query_seed"": 20291623, ""waypoint_count"": 5}"
easy_s03_q0067,bottleneck_waypoint,Easy,d20_inf,True,True,0.9097163819242269,6,27.613278293450364,25.38487226823814,0.08778480355012186,1,0.22303606461703349,0.25165458662243045,0,0,0,0,False,,,,,"{""profile_name"": ""easy_d01"", ""map_seed"": 20290621, ""query_seed"": 20291623, ""waypoint_count"": 5, ""bottleneck_count"": 5}"
easy_s03_q0067,md_dqn,Easy,d20_inf,False,False,0.1849299136083573,270,0.9562500000000064,25.38487226823814,,1,0.1316426486563076,0.45793200500615805,0,0,0,0,False,,,,md_dqn_not_reached,"{""profile_name"": ""easy_d01"", ""map_seed"": 20290621, ""query_seed"": 20291623, ""md_dqn_source_dir"": ""/home/ubuntu/DQN10/2_experiment"", ""md_dqn_checkpoint_path"": ""/home/ubuntu/DQN10/2_experiment/ugv_dqn/outputs/2026-05-12_train_load_external_demo_smoke/models/realmap_a/mlp-dqn.pt"", ""md_dqn_algo"": ""mlp-dqn"", ""md_dqn_device"": ""cpu"", ""md_dqn_max_steps"": 600, ""md_dqn_rollout_steps"": 270, ""md_dqn_reached"": false}"
easy_s03_q0068,vanilla_ha,Easy,d08_12,True,True,0.16396379470825195,26,8.29501892939047,,,0,0.038700342975858115,0.1435498637500332,0,0,0,0,False,,,,,"{""profile_name"": ""easy_d00"", ""map_seed"": 20290621, ""query_seed"": 20291624, ""evaluation_path_source"": ""trace_poses"", ""planner_path_pose_count"": 12, ""evaluation_path_pose_count"": 86}"
easy_s03_q0068,f_n3p_knn,Easy,d08_12,True,True,0.011142974020913243,0,8.463124826901362,8.29501892939047,0.020265884736593964,0,0.1020739683971984,0.3180307556089851,0,4,0,0,True,0,1,0.0,,"{""profile_name"": ""easy_d00"", ""map_seed"": 20290621, ""query_seed"": 20291624}"
easy_s03_q0068,n3p_k1,Easy,d08_12,True,True,0.17077342001721263,29,8.31974108417338,8.29501892939047,0.002980361466725201,0,0.11309914129922596,0.10609885881494019,0,0,1,0,True,0,0,,,"{""profile_name"": ""easy_d00"", ""map_seed"": 20290621, ""query_seed"": 20291624}"
easy_s03_q0068,voronoi_waypoint,Easy,d08_12,True,True,0.33522858819924295,2,8.3898006793088,8.29501892939047,0.011426345222975476,0,0.1386229250376092,0.22608305579681387,0,0,0,0,False,,,,,"{""profile_name"": ""easy_d00"", ""map_seed"": 20290621, ""query_seed"": 20291624, ""waypoint_count"": 1}"
easy_s03_q0068,bottleneck_waypoint,Easy,d08_12,True,True,0.33443078701384366,2,8.694726333463509,8.29501892939047,0.04818643664052624,0,0.22591912795524288,0.32470544600878726,0,0,0,0,False,,,,,"{""profile_name"": ""easy_d00"", ""map_seed"": 20290621, ""query_seed"": 20291624, ""waypoint_count"": 1, ""bottleneck_count"": 1}"
easy_s03_q0068,md_dqn,Easy,d08_12,False,False,0.274124120362103,462,1.6743749999999902,8.29501892939047,,1,0.1225108349409614,0.327659798054203,0,0,0,0,False,,,,md_dqn_not_reached,"{""profile_name"": ""easy_d00"", ""map_seed"": 20290621, ""query_seed"": 20291624, ""md_dqn_source_dir"": ""/home/ubuntu/DQN10/2_experiment"", ""md_dqn_checkpoint_path"": ""/home/ubuntu/DQN10/2_experiment/ugv_dqn/outputs/2026-05-12_train_load_external_demo_smoke/models/realmap_a/mlp-dqn.pt"", ""md_dqn_algo"": ""mlp-dqn"", ""md_dqn_device"": ""cpu"", ""md_dqn_max_steps"": 600, ""md_dqn_rollout_steps"": 462, ""md_dqn_reached"": false}"
easy_s03_q0069,vanilla_ha,Easy,d12_16,True,True,0.17585372924804688,33,12.892498423253256,,,0,0.10857028735156356,0.0690446981636974,0,0,0,0,False,,,,,"{""profile_name"": ""easy_d01"", ""map_seed"": 20290621, ""query_seed"": 20291625, ""evaluation_path_source"": ""trace_poses"", ""planner_path_pose_count"": 14, ""evaluation_path_pose_count"": 131}"
easy_s03_q0069,f_n3p_knn,Easy,d12_16,True,True,0.010955625912174582,0,12.906708054554914,12.892498423253256,0.0011021627333325235,0,0.0607631179290005,0.17287147044704132,0,0,0,0,False,1,1,1.0,,"{""profile_name"": ""easy_d01"", ""map_seed"": 20290621, ""query_seed"": 20291625}"
easy_s03_q0069,n3p_k1,Easy,d12_16,True,True,0.009648299077525735,0,12.906708054554914,12.892498423253256,0.0011021627333325235,0,0.0607631179290005,0.17287147044704132,0,0,0,0,False,1,1,1.0,,"{""profile_name"": ""easy_d01"", ""map_seed"": 20290621, ""query_seed"": 20291625}"
easy_s03_q0069,voronoi_waypoint,Easy,d12_16,True,True,0.4816095281857997,3,13.246949262355036,12.892498423253256,0.027492796777270234,0,0.2054074971716296,0.3486067222859115,0,0,0,0,False,,,,,"{""profile_name"": ""easy_d01"", ""map_seed"": 20290621, ""query_seed"": 20291625, ""waypoint_count"": 2}"
easy_s03_q0069,bottleneck_waypoint,Easy,d12_16,True,True,0.48050291696563363,3,13.588593330223214,12.892498423253256,0.05399224293985272,0,0.17679908556876697,0.11878770845664588,0,0,0,0,False,,,,,"{""profile_name"": ""easy_d01"", ""map_seed"": 20290621, ""query_seed"": 20291625, ""waypoint_count"": 2, ""bottleneck_count"": 2}"
easy_s03_q0069,md_dqn,Easy,d12_16,False,False,0.16615882236510515,600,1.1249999999998037,12.892498423253256,,0,0.0,0.977635210391002,0,0,0,0,False,,,,md_dqn_not_reached,"{""profile_name"": ""easy_d01"", ""map_seed"": 20290621, ""query_seed"": 20291625, ""md_dqn_source_dir"": ""/home/ubuntu/DQN10/2_experiment"", ""md_dqn_checkpoint_path"": ""/home/ubuntu/DQN10/2_experiment/ugv_dqn/outputs/2026-05-12_train_load_external_demo_smoke/models/realmap_a/mlp-dqn.pt"", ""md_dqn_algo"": ""mlp-dqn"", ""md_dqn_device"": ""cpu"", ""md_dqn_max_steps"": 600, ""md_dqn_rollout_steps"": 600, ""md_dqn_reached"": false}"
easy_s03_q0070,vanilla_ha,Easy,d16_20,False,False,2.500027656555176,3483,,,,0,,,0,0,0,0,False,,,,timeout,"{""profile_name"": ""easy_d00"", ""map_seed"": 20290622, ""query_seed"": 20291622, ""evaluation_path_source"": ""planner_path"", ""planner_path_pose_count"": 0, ""evaluation_path_pose_count"": 0}"
easy_s03_q0070,f_n3p_knn,Easy,d16_20,True,True,0.009737907908856869,0,17.822824672581174,,,0,0.058610841918551246,0.07527075231623104,0,3,0,0,True,0,1,0.0,,"{""profile_name"": ""easy_d00"", ""map_seed"": 20290622, ""query_seed"": 20291622}"
easy_s03_q0070,n3p_k1,Easy,d16_20,False,False,3.50939748599194,5137,,,,0,,,0,0,1,1,True,0,0,,f2_failed:prediction:goal_in_collision;goal:timeout;f3_failed:timeout,"{""profile_name"": ""easy_d00"", ""map_seed"": 20290622, ""query_seed"": 20291622}"
easy_s03_q0070,voronoi_waypoint,Easy,d16_20,True,True,0.7412997419014573,146,21.03557394241204,,,2,0.39993617239964735,0.06046754803321264,0,0,0,0,False,,,,,"{""profile_name"": ""easy_d00"", ""map_seed"": 20290622, ""query_seed"": 20291622, ""waypoint_count"": 3}"
easy_s03_q0070,bottleneck_waypoint,Easy,d16_20,True,True,0.6170841460116208,4,22.140450963164113,,,3,0.30696484366229837,0.09097582451736153,0,0,0,0,False,,,,,"{""profile_name"": ""easy_d00"", ""map_seed"": 20290622, ""query_seed"": 20291622, ""waypoint_count"": 3, ""bottleneck_count"": 3}"
easy_s03_q0070,md_dqn,Easy,d16_20,False,False,0.1675983986351639,600,1.1250000000000178,,,0,0.8385645564237135,0.5588476427680173,0,0,0,0,False,,,,md_dqn_not_reached,"{""profile_name"": ""easy_d00"", ""map_seed"": 20290622, ""query_seed"": 20291622, ""md_dqn_source_dir"": ""/home/ubuntu/DQN10/2_experiment"", ""md_dqn_checkpoint_path"": ""/home/ubuntu/DQN10/2_experiment/ugv_dqn/outputs/2026-05-12_train_load_external_demo_smoke/models/realmap_a/mlp-dqn.pt"", ""md_dqn_algo"": ""mlp-dqn"", ""md_dqn_device"": ""cpu"", ""md_dqn_max_steps"": 600, ""md_dqn_rollout_steps"": 600, ""md_dqn_reached"": false}"
easy_s03_q0071,vanilla_ha,Easy,d20_inf,False,False,2.5000288486480713,3803,,,,0,,,0,0,0,0,False,,,,timeout,"{""profile_name"": ""easy_d01"", ""map_seed"": 20290622, ""query_seed"": 20291623, ""evaluation_path_source"": ""planner_path"", ""planner_path_pose_count"": 0, ""evaluation_path_pose_count"": 0}"
easy_s03_q0071,f_n3p_knn,Easy,d20_inf,True,True,0.02801808202639222,0,25.79205242998216,,,4,0.14688125270749572,0.10428907551324751,0,8,0,0,True,1,3,0.3333333333333333,,"{""profile_name"": ""easy_d01"", ""map_seed"": 20290622, ""query_seed"": 20291623}"
easy_s03_q0071,n3p_k1,Easy,d20_inf,True,True,0.5199482589960098,405,24.15287685247622,,,0,0.13361381122847502,0.09814446095126328,0,0,1,0,True,2,2,1.0,,"{""profile_name"": ""easy_d01"", ""map_seed"": 20290622, ""query_seed"": 20291623}"
easy_s03_q0071,voronoi_waypoint,Easy,d20_inf,True,True,0.9138636691495776,6,28.31514945697706,,,0,0.24863488796748434,0.7557664902877694,0,0,0,0,False,,,,,"{""profile_name"": ""easy_d01"", ""map_seed"": 20290622, ""query_seed"": 20291623, ""waypoint_count"": 5}"
easy_s03_q0071,bottleneck_waypoint,Easy,d20_inf,True,True,0.9155976630281657,6,26.334055426764277,,,0,0.24962070542275142,0.7554238966488569,0,0,0,0,False,,,,,"{""profile_name"": ""easy_d01"", ""map_seed"": 20290622, ""query_seed"": 20291623, ""waypoint_count"": 5, ""bottleneck_count"": 5}"
easy_s03_q0071,md_dqn,Easy,d20_inf,False,False,0.16671777772717178,600,1.1249999999999598,,,0,0.8286550898949198,0.8334386021193763,0,0,0,0,False,,,,md_dqn_not_reached,"{""profile_name"": ""easy_d01"", ""map_seed"": 20290622, ""query_seed"": 20291623, ""md_dqn_source_dir"": ""/home/ubuntu/DQN10/2_experiment"", ""md_dqn_checkpoint_path"": ""/home/ubuntu/DQN10/2_experiment/ugv_dqn/outputs/2026-05-12_train_load_external_demo_smoke/models/realmap_a/mlp-dqn.pt"", ""md_dqn_algo"": ""mlp-dqn"", ""md_dqn_device"": ""cpu"", ""md_dqn_max_steps"": 600, ""md_dqn_rollout_steps"": 600, ""md_dqn_reached"": false}"
easy_s03_q0072,vanilla_ha,Easy,d08_12,True,True,0.1509394645690918,1,8.415461959987699,,,0,0.0,0.6788951582533778,0,0,0,0,False,,,,,"{""profile_name"": ""easy_d00"", ""map_seed"": 20290622, ""query_seed"": 20291624, ""evaluation_path_source"": ""trace_poses"", ""planner_path_pose_count"": 2, ""evaluation_path_pose_count"": 86}"
easy_s03_q0072,f_n3p_knn,Easy,d08_12,True,True,0.0004931068979203701,0,8.415461959987699,8.415461959987699,0.0,0,5.277062768051675e-17,0.6788951582533778,0,0,0,0,False,0,0,,,"{""profile_name"": ""easy_d00"", ""map_seed"": 20290622, ""query_seed"": 20291624}"
easy_s03_q0072,n3p_k1,Easy,d08_12,True,True,0.00041655288077890873,0,8.415461959987699,8.415461959987699,0.0,0,5.277062768051675e-17,0.6788951582533778,0,0,0,0,False,0,0,,,"{""profile_name"": ""easy_d00"", ""map_seed"": 20290622, ""query_seed"": 20291624}"
easy_s03_q0072,voronoi_waypoint,Easy,d08_12,True,True,0.3402364361099899,2,9.381875349083744,8.415461959987699,0.11483782990060099,0,0.23720006664286758,0.6788951582533778,0,0,0,0,False,,,,,"{""profile_name"": ""easy_d00"", ""map_seed"": 20290622, ""query_seed"": 20291624, ""waypoint_count"": 1}"
easy_s03_q0072,bottleneck_waypoint,Easy,d08_12,True,True,0.19203973491676152,1,8.415461959987699,8.415461959987699,0.0,0,5.277062768051675e-17,0.6788951582533778,0,0,0,0,False,,,,,"{""profile_name"": ""easy_d00"", ""map_seed"": 20290622, ""query_seed"": 20291624, ""waypoint_count"": 0, ""bottleneck_count"": 0}"
easy_s03_q0072,md_dqn,Easy,d08_12,False,False,0.1681658746674657,600,2.2499999999999942,8.415461959987699,,0,0.6895174024722414,0.4373042348755314,0,0,0,0,False,,,,md_dqn_not_reached,"{""profile_name"": ""easy_d00"", ""map_seed"": 20290622, ""query_seed"": 20291624, ""md_dqn_source_dir"": ""/home/ubuntu/DQN10/2_experiment"", ""md_dqn_checkpoint_path"": ""/home/ubuntu/DQN10/2_experiment/ugv_dqn/outputs/2026-05-12_train_load_external_demo_smoke/models/realmap_a/mlp-dqn.pt"", ""md_dqn_algo"": ""mlp-dqn"", ""md_dqn_device"": ""cpu"", ""md_dqn_max_steps"": 600, ""md_dqn_rollout_steps"": 600, ""md_dqn_reached"": false}"
easy_s03_q0073,vanilla_ha,Easy,d12_16,True,True,0.16255402565002441,17,14.799141310436669,,,0,0.0765439317900659,0.33892791104285247,0,0,0,0,False,,,,,"{""profile_name"": ""easy_d01"", ""map_seed"": 20290622, ""query_seed"": 20291625, ""evaluation_path_source"": ""trace_poses"", ""planner_path_pose_count"": 15, ""evaluation_path_pose_count"": 151}"
easy_s03_q0073,f_n3p_knn,Easy,d12_16,True,True,0.012830233899876475,0,15.02078336486451,14.799141310436669,0.014976683429026583,0,0.16727939043387835,0.34567923662361744,0,4,0,0,True,0,2,0.0,,"{""profile_name"": ""easy_d01"", ""map_seed"": 20290622, ""query_seed"": 20291625}"
easy_s03_q0073,n3p_k1,Easy,d12_16,True,True,0.17132655810564756,17,14.799141310436665,14.799141310436669,-2.220446049250313e-16,0,0.07654393179006583,0.33892791104285325,0,0,1,0,True,0,0,,,"{""profile_name"": ""easy_d01"", ""map_seed"": 20290622, ""query_seed"": 20291625}"
easy_s03_q0073,voronoi_waypoint,Easy,d12_16,True,True,0.48368129995651543,3,15.397517913461622,14.799141310436669,0.040433197472272475,0,0.19606388740011316,0.1284611084059919,0,0,0,0,False,,,,,"{""profile_name"": ""easy_d01"", ""map_seed"": 20290622, ""query_seed"": 20291625, ""waypoint_count"": 2}"
easy_s03_q0073,bottleneck_waypoint,Easy,d12_16,True,True,0.4831050490029156,3,15.109715039615104,14.799141310436669,0.02098592902545038,0,0.15463730135207246,0.830605366701451,0,0,0,0,False,,,,,"{""profile_name"": ""easy_d01"", ""map_seed"": 20290622, ""query_seed"": 20291625, ""waypoint_count"": 2, ""bottleneck_count"": 2}"
easy_s03_q0073,md_dqn,Easy,d12_16,False,False,0.1659808133263141,600,1.124999999999648,14.799141310436669,,0,0.0,1.89692362337624,0,0,0,0,False,,,,md_dqn_not_reached,"{""profile_name"": ""easy_d01"", ""map_seed"": 20290622, ""query_seed"": 20291625, ""md_dqn_source_dir"": ""/home/ubuntu/DQN10/2_experiment"", ""md_dqn_checkpoint_path"": ""/home/ubuntu/DQN10/2_experiment/ugv_dqn/outputs/2026-05-12_train_load_external_demo_smoke/models/realmap_a/mlp-dqn.pt"", ""md_dqn_algo"": ""mlp-dqn"", ""md_dqn_device"": ""cpu"", ""md_dqn_max_steps"": 600, ""md_dqn_rollout_steps"": 600, ""md_dqn_reached"": false}"
easy_s03_q0074,vanilla_ha,Easy,d16_20,True,True,1.639418125152588,2571,19.5567039101568,,,1,0.1867280937564885,0.0912573812169497,0,0,0,0,False,,,,,"{""profile_name"": ""easy_d00"", ""map_seed"": 20290622, ""query_seed"": 20291626, ""evaluation_path_source"": ""trace_poses"", ""planner_path_pose_count"": 47, ""evaluation_path_pose_count"": 198}"
easy_s03_q0074,f_n3p_knn,Easy,d16_20,True,True,2.5175967179238796,4124,19.5567039101568,19.5567039101568,0.0,1,0.1867280937564885,0.0912573812169497,0,19,1,1,True,0,0,,,"{""profile_name"": ""easy_d00"", ""map_seed"": 20290622, ""query_seed"": 20291626}"
easy_s03_q0074,n3p_k1,Easy,d16_20,True,True,2.5791805449407548,4116,19.5567039101568,19.5567039101568,0.0,1,0.1867280937564885,0.0912573812169497,0,0,1,1,True,0,0,,,"{""profile_name"": ""easy_d00"", ""map_seed"": 20290622, ""query_seed"": 20291626}"
easy_s03_q0074,voronoi_waypoint,Easy,d16_20,True,True,0.6287174969911575,14,21.48365953493577,19.5567039101568,0.09853171749346812,1,0.2663607691534423,0.07686155617679313,0,0,0,0,False,,,,,"{""profile_name"": ""easy_d00"", ""map_seed"": 20290622, ""query_seed"": 20291626, ""waypoint_count"": 3}"
easy_s03_q0074,bottleneck_waypoint,Easy,d16_20,True,True,0.5172717208042741,67,20.861250347092113,19.5567039101568,0.06670584383382705,1,0.20687126761781446,0.09766459844399633,0,0,0,0,False,,,,,"{""profile_name"": ""easy_d00"", ""map_seed"": 20290622, ""query_seed"": 20291626, ""waypoint_count"": 2, ""bottleneck_count"": 2}"
easy_s03_q0074,md_dqn,Easy,d16_20,False,False,0.0015172429848462343,1,0.003750000000000747,19.5567039101568,,0,0.08734630124013319,0.13202418846370823,0,0,0,0,False,,,,md_dqn_not_reached,"{""profile_name"": ""easy_d00"", ""map_seed"": 20290622, ""query_seed"": 20291626, ""md_dqn_source_dir"": ""/home/ubuntu/DQN10/2_experiment"", ""md_dqn_checkpoint_path"": ""/home/ubuntu/DQN10/2_experiment/ugv_dqn/outputs/2026-05-12_train_load_external_demo_smoke/models/realmap_a/mlp-dqn.pt"", ""md_dqn_algo"": ""mlp-dqn"", ""md_dqn_device"": ""cpu"", ""md_dqn_max_steps"": 600, ""md_dqn_rollout_steps"": 1, ""md_dqn_reached"": false}"
easy_s03_q0075,vanilla_ha,Easy,d20_inf,False,False,2.500256061553955,3584,,,,0,,,0,0,0,0,False,,,,timeout,"{""profile_name"": ""easy_d01"", ""map_seed"": 20290623, ""query_seed"": 20291623, ""evaluation_path_source"": ""planner_path"", ""planner_path_pose_count"": 0, ""evaluation_path_pose_count"": 0}"
easy_s03_q0075,f_n3p_knn,Easy,d20_inf,True,True,0.023187847109511495,0,22.43502968817336,,,0,0.07494209448578179,0.23904547633542195,0,24,0,0,True,0,2,0.0,,"{""profile_name"": ""easy_d01"", ""map_seed"": 20290623, ""query_seed"": 20291623}"
easy_s03_q0075,n3p_k1,Easy,d20_inf,True,True,3.841803051996976,5368,21.870724285750104,,,0,0.06753246694764305,0.05237601474799003,0,0,2,1,True,0,0,,,"{""profile_name"": ""easy_d01"", ""map_seed"": 20290623, ""query_seed"": 20291623}"
easy_s03_q0075,voronoi_waypoint,Easy,d20_inf,True,True,0.8064117869362235,65,23.176243481702553,,,0,0.20609275275801248,0.08566456435019965,0,0,0,0,False,,,,,"{""profile_name"": ""easy_d01"", ""map_seed"": 20290623, ""query_seed"": 20291623, ""waypoint_count"": 4}"
easy_s03_q0075,bottleneck_waypoint,Easy,d20_inf,True,True,0.618801801931113,4,23.33644576080954,,,1,0.14145646230568304,0.24853644557004828,0,0,0,0,False,,,,,"{""profile_name"": ""easy_d01"", ""map_seed"": 20290623, ""query_seed"": 20291623, ""waypoint_count"": 3, ""bottleneck_count"": 3}"
easy_s03_q0075,md_dqn,Easy,d20_inf,False,False,0.1776471899356693,600,3.211875,,,0,0.4913051831489617,0.19884761356190028,0,0,0,0,False,,,,md_dqn_not_reached,"{""profile_name"": ""easy_d01"", ""map_seed"": 20290623, ""query_seed"": 20291623, ""md_dqn_source_dir"": ""/home/ubuntu/DQN10/2_experiment"", ""md_dqn_checkpoint_path"": ""/home/ubuntu/DQN10/2_experiment/ugv_dqn/outputs/2026-05-12_train_load_external_demo_smoke/models/realmap_a/mlp-dqn.pt"", ""md_dqn_algo"": ""mlp-dqn"", ""md_dqn_device"": ""cpu"", ""md_dqn_max_steps"": 600, ""md_dqn_rollout_steps"": 600, ""md_dqn_reached"": false}"
easy_s03_q0076,vanilla_ha,Easy,d08_12,True,True,0.17481517791748047,37,9.052729852866875,,,0,0.2937666364995085,0.11505132286252073,0,0,0,0,False,,,,,"{""profile_name"": ""easy_d00"", ""map_seed"": 20290623, ""query_seed"": 20291624, ""evaluation_path_source"": ""trace_poses"", ""planner_path_pose_count"": 16, ""evaluation_path_pose_count"": 94}"
easy_s03_q0076,f_n3p_knn,Easy,d08_12,True,True,0.010605263989418745,0,9.879595919576573,9.052729852866875,0.09133886464620855,1,0.3131967279350213,0.21636891491235577,0,0,0,0,False,1,1,1.0,,"{""profile_name"": ""easy_d00"", ""map_seed"": 20290623, ""query_seed"": 20291624}"
easy_s03_q0076,n3p_k1,Easy,d08_12,True,True,0.008940635016188025,0,9.879595919576573,9.052729852866875,0.09133886464620855,1,0.3131967279350213,0.21636891491235577,0,0,0,0,False,1,1,1.0,,"{""profile_name"": ""easy_d00"", ""map_seed"": 20290623, ""query_seed"": 20291624}"
easy_s03_q0076,voronoi_waypoint,Easy,d08_12,True,True,0.3449236489832401,14,8.873844292686133,9.052729852866875,-0.019760399690275876,0,0.11138221752539655,0.0742887883269604,0,0,0,0,False,,,,,"{""profile_name"": ""easy_d00"", ""map_seed"": 20290623, ""query_seed"": 20291624, ""waypoint_count"": 1}"
easy_s03_q0076,bottleneck_waypoint,Easy,d08_12,True,True,0.3355625909753144,2,9.02964539273721,9.052729852866875,-0.0025499998900723186,0,0.19140164269411558,0.5137490905646993,0,0,0,0,False,,,,,"{""profile_name"": ""easy_d00"", ""map_seed"": 20290623, ""query_seed"": 20291624, ""waypoint_count"": 1, ""bottleneck_count"": 1}"
easy_s03_q0076,md_dqn,Easy,d08_12,False,False,0.16836959356442094,600,1.124999999999514,9.052729852866875,,0,0.0,1.3260668778878797,0,0,0,0,False,,,,md_dqn_not_reached,"{""profile_name"": ""easy_d00"", ""map_seed"": 20290623, ""query_seed"": 20291624, ""md_dqn_source_dir"": ""/home/ubuntu/DQN10/2_experiment"", ""md_dqn_checkpoint_path"": ""/home/ubuntu/DQN10/2_experiment/ugv_dqn/outputs/2026-05-12_train_load_external_demo_smoke/models/realmap_a/mlp-dqn.pt"", ""md_dqn_algo"": ""mlp-dqn"", ""md_dqn_device"": ""cpu"", ""md_dqn_max_steps"": 600, ""md_dqn_rollout_steps"": 600, ""md_dqn_reached"": false}"
easy_s03_q0077,vanilla_ha,Easy,d12_16,True,True,0.6052253246307373,711,16.10816626411834,,,0,0.20057850421139414,0.1170187120741576,0,0,0,0,False,,,,,"{""profile_name"": ""easy_d01"", ""map_seed"": 20290623, ""query_seed"": 20291625, ""evaluation_path_source"": ""trace_poses"", ""planner_path_pose_count"": 35, ""evaluation_path_pose_count"": 164}"
easy_s03_q0077,f_n3p_knn,Easy,d12_16,True,True,0.01125630410388112,0,15.789891000422339,16.10816626411834,-0.019758627920607674,0,0.0654774532115677,0.06296259135591104,0,1,0,0,True,0,1,0.0,,"{""profile_name"": ""easy_d01"", ""map_seed"": 20290623, ""query_seed"": 20291625}"
easy_s03_q0077,n3p_k1,Easy,d12_16,True,True,0.40571682900190353,116,15.978634977878778,16.10816626411834,-0.008041342764638415,0,0.15571570605496565,0.06438061558284247,0,0,2,0,True,0,0,,,"{""profile_name"": ""easy_d01"", ""map_seed"": 20290623, ""query_seed"": 20291625}"
easy_s03_q0077,voronoi_waypoint,Easy,d12_16,True,True,0.6302693299949169,31,18.559324081713235,16.10816626411834,0.15216864399115138,2,0.32087377613196016,0.07480196513174064,0,0,0,0,False,,,,,"{""profile_name"": ""easy_d01"", ""map_seed"": 20290623, ""query_seed"": 20291625, ""waypoint_count"": 3}"
easy_s03_q0077,bottleneck_waypoint,Easy,d12_16,True,True,0.47250561811961234,3,16.834287204626555,16.10816626411834,0.045077815103366836,0,0.14579613604150152,0.1041128033961276,0,0,0,0,False,,,,,"{""profile_name"": ""easy_d01"", ""map_seed"": 20290623, ""query_seed"": 20291625, ""waypoint_count"": 2, ""bottleneck_count"": 2}"
easy_s03_q0077,md_dqn,Easy,d12_16,False,False,0.2461005060467869,211,0.7387499999999984,16.10816626411834,,1,0.2178461958863164,0.3996352259522229,0,0,0,0,False,,,,md_dqn_not_reached,"{""profile_name"": ""easy_d01"", ""map_seed"": 20290623, ""query_seed"": 20291625, ""md_dqn_source_dir"": ""/home/ubuntu/DQN10/2_experiment"", ""md_dqn_checkpoint_path"": ""/home/ubuntu/DQN10/2_experiment/ugv_dqn/outputs/2026-05-12_train_load_external_demo_smoke/models/realmap_a/mlp-dqn.pt"", ""md_dqn_algo"": ""mlp-dqn"", ""md_dqn_device"": ""cpu"", ""md_dqn_max_steps"": 600, ""md_dqn_rollout_steps"": 211, ""md_dqn_reached"": false}"
easy_s03_q0078,vanilla_ha,Easy,d16_20,True,True,0.1578216552734375,25,16.892420125924684,,,0,0.1515559554856138,0.15960756528122588,0,0,0,0,False,,,,,"{""profile_name"": ""easy_d00"", ""map_seed"": 20290623, ""query_seed"": 20291626, ""evaluation_path_source"": ""trace_poses"", ""planner_path_pose_count"": 17, ""evaluation_path_pose_count"": 172}"
easy_s03_q0078,f_n3p_knn,Easy,d16_20,True,True,0.010927243158221245,0,16.707403684976907,16.892420125924684,-0.010952630799410112,0,0.032664149645035695,0.2523491903752416,0,2,0,0,True,0,1,0.0,,"{""profile_name"": ""easy_d00"", ""map_seed"": 20290623, ""query_seed"": 20291626}"
easy_s03_q0078,n3p_k1,Easy,d16_20,True,True,0.1638930740300566,25,16.892420125924684,16.892420125924684,0.0,0,0.1515559554856138,0.15960756528122588,0,0,1,0,True,0,0,,,"{""profile_name"": ""easy_d00"", ""map_seed"": 20290623, ""query_seed"": 20291626}"
easy_s03_q0078,voronoi_waypoint,Easy,d16_20,True,True,0.6127310269512236,4,19.437920867654483,16.892420125924684,0.150688931648298,0,0.2969501022316845,0.422010463205693,0,0,0,0,False,,,,,"{""profile_name"": ""easy_d00"", ""map_seed"": 20290623, ""query_seed"": 20291626, ""waypoint_count"": 3}"
easy_s03_q0078,bottleneck_waypoint,Easy,d16_20,True,True,0.47526901098899543,3,17.86070448775354,16.892420125924684,0.057320641720415066,0,0.24290776331476238,0.3733220736849886,0,0,0,0,False,,,,,"{""profile_name"": ""easy_d00"", ""map_seed"": 20290623, ""query_seed"": 20291626, ""waypoint_count"": 2, ""bottleneck_count"": 2}"
easy_s03_q0078,md_dqn,Easy,d16_20,False,False,0.16753332247026265,600,1.1250000000000122,16.892420125924684,,0,0.8286550898949048,1.5737554547270176,0,0,0,0,False,,,,md_dqn_not_reached,"{""profile_name"": ""easy_d00"", ""map_seed"": 20290623, ""query_seed"": 20291626, ""md_dqn_source_dir"": ""/home/ubuntu/DQN10/2_experiment"", ""md_dqn_checkpoint_path"": ""/home/ubuntu/DQN10/2_experiment/ugv_dqn/outputs/2026-05-12_train_load_external_demo_smoke/models/realmap_a/mlp-dqn.pt"", ""md_dqn_algo"": ""mlp-dqn"", ""md_dqn_device"": ""cpu"", ""md_dqn_max_steps"": 600, ""md_dqn_rollout_steps"": 600, ""md_dqn_reached"": false}"
easy_s03_q0079,vanilla_ha,Easy,d20_inf,True,True,0.3685183525085449,489,28.509118791771495,,,1,0.22186919559520835,0.07440685044209294,0,0,0,0,False,,,,,"{""profile_name"": ""easy_d01"", ""map_seed"": 20290623, ""query_seed"": 20291627, ""evaluation_path_source"": ""trace_poses"", ""planner_path_pose_count"": 55, ""evaluation_path_pose_count"": 288}"
easy_s03_q0079,f_n3p_knn,Easy,d20_inf,True,True,0.2058625710196793,5,29.286839033410377,28.509118791771495,0.02727970118330525,1,0.25563210927725166,0.05706194972084788,0,29,1,0,True,3,6,0.5,,"{""profile_name"": ""easy_d01"", ""map_seed"": 20290623, ""query_seed"": 20291627}"
easy_s03_q0079,n3p_k1,Easy,d20_inf,True,True,0.3744791499339044,489,28.509118791771495,28.509118791771495,0.0,1,0.22186919559520835,0.07440685044209294,0,0,1,0,True,0,0,,,"{""profile_name"": ""easy_d01"", ""map_seed"": 20290623, ""query_seed"": 20291627}"
easy_s03_q0079,voronoi_waypoint,Easy,d20_inf,True,True,1.0605016618501395,213,32.2039958181275,28.509118791771495,0.12960334036780008,3,0.2745826554528953,0.07073905666052549,0,0,0,0,False,,,,,"{""profile_name"": ""easy_d01"", ""map_seed"": 20290623, ""query_seed"": 20291627, ""waypoint_count"": 5}"
easy_s03_q0079,bottleneck_waypoint,Easy,d20_inf,True,True,1.1911361149977893,12,32.50429110903359,28.509118791771495,0.14013664703011464,2,0.29155137552658456,0.1104162542803826,0,0,0,0,False,,,,,"{""profile_name"": ""easy_d01"", ""map_seed"": 20290623, ""query_seed"": 20291627, ""waypoint_count"": 7, ""bottleneck_count"": 7}"
easy_s03_q0079,md_dqn,Easy,d20_inf,False,False,0.146099146688357,66,0.2324999999999842,28.509118791771495,,0,0.05359640210490817,0.36425256466013267,0,0,0,0,False,,,,md_dqn_not_reached,"{""profile_name"": ""easy_d01"", ""map_seed"": 20290623, ""query_seed"": 20291627, ""md_dqn_source_dir"": ""/home/ubuntu/DQN10/2_experiment"", ""md_dqn_checkpoint_path"": ""/home/ubuntu/DQN10/2_experiment/ugv_dqn/outputs/2026-05-12_train_load_external_demo_smoke/models/realmap_a/mlp-dqn.pt"", ""md_dqn_algo"": ""mlp-dqn"", ""md_dqn_device"": ""cpu"", ""md_dqn_max_steps"": 600, ""md_dqn_rollout_steps"": 66, ""md_dqn_reached"": false}"
easy_s04_q0080,vanilla_ha,Easy,d08_12,True,True,0.15387558937072754,15,9.895903658529758,,,0,0.13176773421366736,0.11693330574643523,0,0,0,0,False,,,,,"{""profile_name"": ""easy_d00"", ""map_seed"": 20300620, ""query_seed"": 20301620, ""evaluation_path_source"": ""trace_poses"", ""planner_path_pose_count"": 7, ""evaluation_path_pose_count"": 102}"
easy_s04_q0080,f_n3p_knn,Easy,d08_12,True,True,0.010136781027540565,0,10.414969610648162,9.895903658529758,0.052452607667718754,3,0.13436617778298773,0.20754751355734802,0,0,0,0,False,1,1,1.0,,"{""profile_name"": ""easy_d00"", ""map_seed"": 20300620, ""query_seed"": 20301620}"
easy_s04_q0080,n3p_k1,Easy,d08_12,True,True,0.007801722036674619,0,10.414969610648162,9.895903658529758,0.052452607667718754,3,0.13436617778298773,0.20754751355734802,0,0,0,0,False,1,1,1.0,,"{""profile_name"": ""easy_d00"", ""map_seed"": 20300620, ""query_seed"": 20301620}"
easy_s04_q0080,voronoi_waypoint,Easy,d08_12,True,True,0.3358088082168251,14,10.101603685688437,9.895903658529758,0.020786381340866855,0,0.20926845769228117,0.08109638092023186,0,0,0,0,False,,,,,"{""profile_name"": ""easy_d00"", ""map_seed"": 20300620, ""query_seed"": 20301620, ""waypoint_count"": 1}"
easy_s04_q0080,bottleneck_waypoint,Easy,d08_12,True,True,0.47398977214470506,3,10.677100340031075,9.895903658529758,0.07894141944560729,2,0.2068221639489073,0.23157074506868036,0,0,0,0,False,,,,,"{""profile_name"": ""easy_d00"", ""map_seed"": 20300620, ""query_seed"": 20301620, ""waypoint_count"": 2, ""bottleneck_count"": 2}"
easy_s04_q0080,md_dqn,Easy,d08_12,False,False,0.17615648778155446,103,0.3262500000000079,9.895903658529758,,1,0.6729550327811438,0.3961706554899781,0,0,0,0,False,,,,md_dqn_not_reached,"{""profile_name"": ""easy_d00"", ""map_seed"": 20300620, ""query_seed"": 20301620, ""md_dqn_source_dir"": ""/home/ubuntu/DQN10/2_experiment"", ""md_dqn_checkpoint_path"": ""/home/ubuntu/DQN10/2_experiment/ugv_dqn/outputs/2026-05-12_train_load_external_demo_smoke/models/realmap_a/mlp-dqn.pt"", ""md_dqn_algo"": ""mlp-dqn"", ""md_dqn_device"": ""cpu"", ""md_dqn_max_steps"": 600, ""md_dqn_rollout_steps"": 103, ""md_dqn_reached"": false}"
easy_s04_q0081,vanilla_ha,Easy,d12_16,True,True,0.163360595703125,33,13.31938826363154,,,0,0.14585865239183826,0.06413838779245529,0,0,0,0,False,,,,,"{""profile_name"": ""easy_d01"", ""map_seed"": 20300620, ""query_seed"": 20301621, ""evaluation_path_source"": ""trace_poses"", ""planner_path_pose_count"": 14, ""evaluation_path_pose_count"": 136}"
easy_s04_q0081,f_n3p_knn,Easy,d12_16,True,True,0.019271211000159383,0,13.910348073877945,13.31938826363154,0.04436838979009372,0,0.13605885370262122,0.1072748380493721,0,9,0,0,True,0,2,0.0,,"{""profile_name"": ""easy_d01"", ""map_seed"": 20300620, ""query_seed"": 20301621}"
easy_s04_q0081,n3p_k1,Easy,d12_16,True,True,0.15354210115037858,1,13.464290074097299,13.31938826363154,0.01087901393049795,0,0.07774163087940009,0.11357560268421141,0,0,1,0,True,0,0,,,"{""profile_name"": ""easy_d01"", ""map_seed"": 20300620, ""query_seed"": 20301621}"
easy_s04_q0081,voronoi_waypoint,Easy,d12_16,True,True,0.4726285068318248,3,14.57911056010222,13.31938826363154,0.09457808958916991,0,0.2434152612687719,1.0399777263711778,0,0,0,0,False,,,,,"{""profile_name"": ""easy_d01"", ""map_seed"": 20300620, ""query_seed"": 20301621, ""waypoint_count"": 2}"
easy_s04_q0081,bottleneck_waypoint,Easy,d12_16,True,True,0.33257202082313597,2,14.117741587563827,13.31938826363154,0.059939188507041496,0,0.1758347232865383,1.107105557477629,0,0,0,0,False,,,,,"{""profile_name"": ""easy_d01"", ""map_seed"": 20300620, ""query_seed"": 20301621, ""waypoint_count"": 1, ""bottleneck_count"": 1}"
easy_s04_q0081,md_dqn,Easy,d12_16,False,False,0.1666553122922778,600,1.1250000000000975,13.31938826363154,,0,0.0,1.1397663488479228,0,0,0,0,False,,,,md_dqn_not_reached,"{""profile_name"": ""easy_d01"", ""map_seed"": 20300620, ""query_seed"": 20301621, ""md_dqn_source_dir"": ""/home/ubuntu/DQN10/2_experiment"", ""md_dqn_checkpoint_path"": ""/home/ubuntu/DQN10/2_experiment/ugv_dqn/outputs/2026-05-12_train_load_external_demo_smoke/models/realmap_a/mlp-dqn.pt"", ""md_dqn_algo"": ""mlp-dqn"", ""md_dqn_device"": ""cpu"", ""md_dqn_max_steps"": 600, ""md_dqn_rollout_steps"": 600, ""md_dqn_reached"": false}"
easy_s04_q0082,vanilla_ha,Easy,d16_20,True,True,2.113600015640259,2837,18.296222411796215,,,0,0.2716891783268185,0.1816371631604371,0,0,0,0,False,,,,,"{""profile_name"": ""easy_d00"", ""map_seed"": 20300620, ""query_seed"": 20301622, ""evaluation_path_source"": ""trace_poses"", ""planner_path_pose_count"": 49, ""evaluation_path_pose_count"": 185}"
easy_s04_q0082,f_n3p_knn,Easy,d16_20,True,True,0.029861340997740626,0,26.65182190164318,18.296222411796215,0.4566844074031271,1,0.041242754885726325,0.07439391213357094,0,5,0,0,True,1,3,0.3333333333333333,,"{""profile_name"": ""easy_d00"", ""map_seed"": 20300620, ""query_seed"": 20301622}"
easy_s04_q0082,n3p_k1,Easy,d16_20,True,True,2.983524910872802,4040,18.296222411796215,18.296222411796215,0.0,0,0.2716891783268185,0.1816371631604371,0,0,1,1,True,1,1,1.0,,"{""profile_name"": ""easy_d00"", ""map_seed"": 20300620, ""query_seed"": 20301622}"
easy_s04_q0082,voronoi_waypoint,Easy,d16_20,True,True,0.6267423608805984,13,18.72704816647783,18.296222411796215,0.023547251721417917,0,0.17064902869096094,0.07622338680833463,0,0,0,0,False,,,,,"{""profile_name"": ""easy_d00"", ""map_seed"": 20300620, ""query_seed"": 20301622, ""waypoint_count"": 3}"
easy_s04_q0082,bottleneck_waypoint,Easy,d16_20,True,True,0.47937688417732716,3,17.919746552341845,18.296222411796215,-0.02057669889340885,0,0.05404451582537854,0.2793230987495092,0,0,0,0,False,,,,,"{""profile_name"": ""easy_d00"", ""map_seed"": 20300620, ""query_seed"": 20301622, ""waypoint_count"": 2, ""bottleneck_count"": 2}"
easy_s04_q0082,md_dqn,Easy,d16_20,False,False,0.4062190449330956,600,5.354999999999987,18.296222411796215,,2,0.39441226261976886,0.1028666134917251,0,0,0,0,False,,,,md_dqn_not_reached,"{""profile_name"": ""easy_d00"", ""map_seed"": 20300620, ""query_seed"": 20301622, ""md_dqn_source_dir"": ""/home/ubuntu/DQN10/2_experiment"", ""md_dqn_checkpoint_path"": ""/home/ubuntu/DQN10/2_experiment/ugv_dqn/outputs/2026-05-12_train_load_external_demo_smoke/models/realmap_a/mlp-dqn.pt"", ""md_dqn_algo"": ""mlp-dqn"", ""md_dqn_device"": ""cpu"", ""md_dqn_max_steps"": 600, ""md_dqn_rollout_steps"": 600, ""md_dqn_reached"": false}"
easy_s04_q0083,vanilla_ha,Easy,d20_inf,True,True,0.1529247760772705,9,20.84487227155462,,,0,0.10529118381513733,0.11285203561415968,0,0,0,0,False,,,,,"{""profile_name"": ""easy_d01"", ""map_seed"": 20300620, ""query_seed"": 20301623, ""evaluation_path_source"": ""trace_poses"", ""planner_path_pose_count"": 11, ""evaluation_path_pose_count"": 211}"
easy_s04_q0083,f_n3p_knn,Easy,d20_inf,True,True,0.020636227913200855,0,20.865642163997776,20.84487227155462,0.0009964029605256108,0,0.0704416159023892,0.08804426229353668,0,13,0,0,True,0,2,0.0,,"{""profile_name"": ""easy_d01"", ""map_seed"": 20300620, ""query_seed"": 20301623}"
easy_s04_q0083,n3p_k1,Easy,d20_inf,True,True,0.1618150849826634,9,20.84487227155462,20.84487227155462,0.0,0,0.10529118381513733,0.11285203561415968,0,0,1,0,True,0,0,,,"{""profile_name"": ""easy_d01"", ""map_seed"": 20300620, ""query_seed"": 20301623}"
easy_s04_q0083,voronoi_waypoint,Easy,d20_inf,True,True,0.7712849380914122,5,22.516358840939706,20.84487227155462,0.08018694226618184,0,0.18670300499636316,0.8662151665619333,0,0,0,0,False,,,,,"{""profile_name"": ""easy_d01"", ""map_seed"": 20300620, ""query_seed"": 20301623, ""waypoint_count"": 4}"
easy_s04_q0083,bottleneck_waypoint,Easy,d20_inf,True,True,0.6242778189480305,4,22.248596421165363,20.84487227155462,0.0673414608314149,0,0.12244227920986532,1.4553004229403341,0,0,0,0,False,,,,,"{""profile_name"": ""easy_d01"", ""map_seed"": 20300620, ""query_seed"": 20301623, ""waypoint_count"": 3, ""bottleneck_count"": 3}"
easy_s04_q0083,md_dqn,Easy,d20_inf,False,False,0.16662312066182494,600,1.125000000000008,20.84487227155462,,0,0.838564556423722,1.809034746279504,0,0,0,0,False,,,,md_dqn_not_reached,"{""profile_name"": ""easy_d01"", ""map_seed"": 20300620, ""query_seed"": 20301623, ""md_dqn_source_dir"": ""/home/ubuntu/DQN10/2_experiment"", ""md_dqn_checkpoint_path"": ""/home/ubuntu/DQN10/2_experiment/ugv_dqn/outputs/2026-05-12_train_load_external_demo_smoke/models/realmap_a/mlp-dqn.pt"", ""md_dqn_algo"": ""mlp-dqn"", ""md_dqn_device"": ""cpu"", ""md_dqn_max_steps"": 600, ""md_dqn_rollout_steps"": 600, ""md_dqn_reached"": false}"
easy_s04_q0084,vanilla_ha,Easy,d08_12,True,True,0.632587194442749,682,10.400509203317748,,,0,0.16929888649642807,0.10038326799763397,0,0,0,0,False,,,,,"{""profile_name"": ""easy_d00"", ""map_seed"": 20300620, ""query_seed"": 20301624, ""evaluation_path_source"": ""trace_poses"", ""planner_path_pose_count"": 27, ""evaluation_path_pose_count"": 106}"
easy_s04_q0084,f_n3p_knn,Easy,d08_12,True,True,0.010244796052575111,0,10.366281580047891,10.400509203317748,-0.003290956490758945,0,0.041421355611828,0.09905289718610222,0,6,0,0,True,0,1,0.0,,"{""profile_name"": ""easy_d00"", ""map_seed"": 20300620, ""query_seed"": 20301624}"
easy_s04_q0084,n3p_k1,Easy,d08_12,True,True,0.6421320410445333,682,10.400509203317748,10.400509203317748,0.0,0,0.16929888649642807,0.10038326799763397,0,0,1,0,True,0,0,,,"{""profile_name"": ""easy_d00"", ""map_seed"": 20300620, ""query_seed"": 20301624}"
easy_s04_q0084,voronoi_waypoint,Easy,d08_12,True,True,0.4725443671923131,3,13.89922049659739,10.400509203317748,0.3363980767560455,1,0.34065524484881377,0.7708542371741203,0,0,0,0,False,,,,,"{""profile_name"": ""easy_d00"", ""map_seed"": 20300620, ""query_seed"": 20301624, ""waypoint_count"": 2}"
easy_s04_q0084,bottleneck_waypoint,Easy,d08_12,True,True,0.3329852409660816,2,11.376783104603025,10.400509203317748,0.09386789456172462,0,0.18432765080848137,0.5212608560137438,0,0,0,0,False,,,,,"{""profile_name"": ""easy_d00"", ""map_seed"": 20300620, ""query_seed"": 20301624, ""waypoint_count"": 1, ""bottleneck_count"": 1}"
easy_s04_q0084,md_dqn,Easy,d08_12,False,False,0.1697338898666203,600,2.2500000000000178,10.400509203317748,,0,0.08734630124014986,0.7708542371741203,0,0,0,0,False,,,,md_dqn_not_reached,"{""profile_name"": ""easy_d00"", ""map_seed"": 20300620, ""query_seed"": 20301624, ""md_dqn_source_dir"": ""/home/ubuntu/DQN10/2_experiment"", ""md_dqn_checkpoint_path"": ""/home/ubuntu/DQN10/2_experiment/ugv_dqn/outputs/2026-05-12_train_load_external_demo_smoke/models/realmap_a/mlp-dqn.pt"", ""md_dqn_algo"": ""mlp-dqn"", ""md_dqn_device"": ""cpu"", ""md_dqn_max_steps"": 600, ""md_dqn_rollout_steps"": 600, ""md_dqn_reached"": false}"
easy_s04_q0085,vanilla_ha,Easy,d12_16,True,True,0.14924144744873047,1,12.514391715141413,,,0,0.0,0.06702128649026906,0,0,0,0,False,,,,,"{""profile_name"": ""easy_d01"", ""map_seed"": 20300621, ""query_seed"": 20301621, ""evaluation_path_source"": ""trace_poses"", ""planner_path_pose_count"": 2, ""evaluation_path_pose_count"": 127}"
easy_s04_q0085,f_n3p_knn,Easy,d12_16,True,True,0.0005698259919881821,0,12.514391715141413,12.514391715141413,0.0,0,9.980516281843018e-18,0.06702128649026906,0,0,0,0,False,0,0,,,"{""profile_name"": ""easy_d01"", ""map_seed"": 20300621, ""query_seed"": 20301621}"
easy_s04_q0085,n3p_k1,Easy,d12_16,True,True,0.0005621600430458784,0,12.514391715141413,12.514391715141413,0.0,0,9.980516281843018e-18,0.06702128649026906,0,0,0,0,False,0,0,,,"{""profile_name"": ""easy_d01"", ""map_seed"": 20300621, ""query_seed"": 20301621}"
easy_s04_q0085,voronoi_waypoint,Easy,d12_16,True,True,0.47824071696959436,3,12.725842677593693,12.514391715141413,0.01689662328504893,0,0.167736054616965,0.7611604393490254,0,0,0,0,False,,,,,"{""profile_name"": ""easy_d01"", ""map_seed"": 20300621, ""query_seed"": 20301621, ""waypoint_count"": 2}"
easy_s04_q0085,bottleneck_waypoint,Easy,d12_16,True,True,0.3382589849643409,2,12.666262898912054,12.514391715141413,0.012135722392874193,0,0.10201534014752461,0.7595563275213819,0,0,0,0,False,,,,,"{""profile_name"": ""easy_d01"", ""map_seed"": 20300621, ""query_seed"": 20301621, ""waypoint_count"": 1, ""bottleneck_count"": 1}"
easy_s04_q0085,md_dqn,Easy,d12_16,False,False,0.167627067072317,600,1.1250000000002336,12.514391715141413,,0,0.0,1.1978770600881845,0,0,0,0,False,,,,md_dqn_not_reached,"{""profile_name"": ""easy_d01"", ""map_seed"": 20300621, ""query_seed"": 20301621, ""md_dqn_source_dir"": ""/home/ubuntu/DQN10/2_experiment"", ""md_dqn_checkpoint_path"": ""/home/ubuntu/DQN10/2_experiment/ugv_dqn/outputs/2026-05-12_train_load_external_demo_smoke/models/realmap_a/mlp-dqn.pt"", ""md_dqn_algo"": ""mlp-dqn"", ""md_dqn_device"": ""cpu"", ""md_dqn_max_steps"": 600, ""md_dqn_rollout_steps"": 600, ""md_dqn_reached"": false}"
easy_s04_q0086,vanilla_ha,Easy,d16_20,True,True,0.15238642692565918,1,16.227445886522005,,,0,0.0,0.15737680399019294,0,0,0,0,False,,,,,"{""profile_name"": ""easy_d00"", ""map_seed"": 20300621, ""query_seed"": 20301622, ""evaluation_path_source"": ""trace_poses"", ""planner_path_pose_count"": 2, ""evaluation_path_pose_count"": 164}"
easy_s04_q0086,f_n3p_knn,Easy,d16_20,True,True,0.0006593179423362017,0,16.22744588652201,16.227445886522005,2.220446049250313e-16,0,0.0,0.1573768039901926,0,0,0,0,False,0,0,,,"{""profile_name"": ""easy_d00"", ""map_seed"": 20300621, ""query_seed"": 20301622}"
easy_s04_q0086,n3p_k1,Easy,d16_20,True,True,0.0006582720670849085,0,16.22744588652201,16.227445886522005,2.220446049250313e-16,0,0.0,0.1573768039901926,0,0,0,0,False,0,0,,,"{""profile_name"": ""easy_d00"", ""map_seed"": 20300621, ""query_seed"": 20301622}"
easy_s04_q0086,voronoi_waypoint,Easy,d16_20,True,True,0.6206380929797888,4,19.171779723208232,16.227445886522005,0.1814416056153172,3,0.250384836534235,0.5382512582770507,0,0,0,0,False,,,,,"{""profile_name"": ""easy_d00"", ""map_seed"": 20300621, ""query_seed"": 20301622, ""waypoint_count"": 3}"
easy_s04_q0086,bottleneck_waypoint,Easy,d16_20,True,True,0.4813722870312631,3,16.728486024432875,16.227445886522005,0.030876093589504272,0,0.08965069288322305,0.23248798197921627,0,0,0,0,False,,,,,"{""profile_name"": ""easy_d00"", ""map_seed"": 20300621, ""query_seed"": 20301622, ""waypoint_count"": 2, ""bottleneck_count"": 2}"
easy_s04_q0086,md_dqn,Easy,d16_20,False,False,0.16889234795235097,600,1.1249999999999956,16.227445886522005,,0,0.737025213955589,1.1388955738430167,0,0,0,0,False,,,,md_dqn_not_reached,"{""profile_name"": ""easy_d00"", ""map_seed"": 20300621, ""query_seed"": 20301622, ""md_dqn_source_dir"": ""/home/ubuntu/DQN10/2_experiment"", ""md_dqn_checkpoint_path"": ""/home/ubuntu/DQN10/2_experiment/ugv_dqn/outputs/2026-05-12_train_load_external_demo_smoke/models/realmap_a/mlp-dqn.pt"", ""md_dqn_algo"": ""mlp-dqn"", ""md_dqn_device"": ""cpu"", ""md_dqn_max_steps"": 600, ""md_dqn_rollout_steps"": 600, ""md_dqn_reached"": false}"
easy_s04_q0087,vanilla_ha,Easy,d20_inf,True,True,0.8570544719696045,1047,20.91413721855284,,,2,0.32400276861498756,0.06578970128806272,0,0,0,0,False,,,,,"{""profile_name"": ""easy_d01"", ""map_seed"": 20300621, ""query_seed"": 20301623, ""evaluation_path_source"": ""trace_poses"", ""planner_path_pose_count"": 63, ""evaluation_path_pose_count"": 211}"
easy_s04_q0087,f_n3p_knn,Easy,d20_inf,True,True,0.038145184982568026,0,21.66083768930108,20.91413721855284,0.035703144860589564,2,0.18842307215997703,0.09832176878400878,0,13,0,0,True,3,4,0.75,,"{""profile_name"": ""easy_d01"", ""map_seed"": 20300621, ""query_seed"": 20301623}"
easy_s04_q0087,n3p_k1,Easy,d20_inf,True,True,1.4153658768627793,990,21.386091338470166,20.91413721855284,0.022566272516308272,1,0.2053365641573684,0.0770290173379089,0,0,2,0,True,1,1,1.0,,"{""profile_name"": ""easy_d01"", ""map_seed"": 20300621, ""query_seed"": 20301623}"
easy_s04_q0087,voronoi_waypoint,Easy,d20_inf,True,True,0.7656988590024412,5,23.564207738117762,20.91413721855284,0.12671192179106772,1,0.27071334012032994,0.5279517018945723,0,0,0,0,False,,,,,"{""profile_name"": ""easy_d01"", ""map_seed"": 20300621, ""query_seed"": 20301623, ""waypoint_count"": 4}"
easy_s04_q0087,bottleneck_waypoint,Easy,d20_inf,True,True,0.4822710519656539,3,22.116364539034926,20.91413721855284,0.05748395489227254,0,0.1730568643585689,0.0983593098112211,0,0,0,0,False,,,,,"{""profile_name"": ""easy_d01"", ""map_seed"": 20300621, ""query_seed"": 20301623, ""waypoint_count"": 2, ""bottleneck_count"": 2}"
easy_s04_q0087,md_dqn,Easy,d20_inf,False,False,0.16844627307727933,600,1.1249999999999645,20.91413721855284,,0,0.8286550898949165,1.29031111736353,0,0,0,0,False,,,,md_dqn_not_reached,"{""profile_name"": ""easy_d01"", ""map_seed"": 20300621, ""query_seed"": 20301623, ""md_dqn_source_dir"": ""/home/ubuntu/DQN10/2_experiment"", ""md_dqn_checkpoint_path"": ""/home/ubuntu/DQN10/2_experiment/ugv_dqn/outputs/2026-05-12_train_load_external_demo_smoke/models/realmap_a/mlp-dqn.pt"", ""md_dqn_algo"": ""mlp-dqn"", ""md_dqn_device"": ""cpu"", ""md_dqn_max_steps"": 600, ""md_dqn_rollout_steps"": 600, ""md_dqn_reached"": false}"
easy_s04_q0088,vanilla_ha,Easy,d08_12,True,True,0.5193164348602295,517,11.69519387700984,,,0,0.3177519354343011,0.06137516815522892,0,0,0,0,False,,,,,"{""profile_name"": ""easy_d00"", ""map_seed"": 20300621, ""query_seed"": 20301624, ""evaluation_path_source"": ""trace_poses"", ""planner_path_pose_count"": 31, ""evaluation_path_pose_count"": 119}"
easy_s04_q0088,f_n3p_knn,Easy,d08_12,True,True,0.010347686940804124,0,11.44525271426893,11.69519387700984,-0.0213712714273373,0,0.0881827269869545,0.47708059415434534,0,1,0,0,True,0,1,0.0,,"{""profile_name"": ""easy_d00"", ""map_seed"": 20300621, ""query_seed"": 20301624}"
easy_s04_q0088,n3p_k1,Easy,d08_12,True,True,0.528163850074634,517,11.69519387700984,11.69519387700984,0.0,0,0.3177519354343011,0.06137516815522892,0,0,1,0,True,0,0,,,"{""profile_name"": ""easy_d00"", ""map_seed"": 20300621, ""query_seed"": 20301624}"
easy_s04_q0088,voronoi_waypoint,Easy,d08_12,True,True,0.46905026212334633,3,13.576319299888405,11.69519387700984,0.16084602296131578,0,0.2989602634178348,0.2278056099960466,0,0,0,0,False,,,,,"{""profile_name"": ""easy_d00"", ""map_seed"": 20300621, ""query_seed"": 20301624, ""waypoint_count"": 2}"
easy_s04_q0088,bottleneck_waypoint,Easy,d08_12,True,True,0.47105569718405604,3,13.17589289736667,11.69519387700984,0.12660747961327568,0,0.2727015770668979,0.25742190444766,0,0,0,0,False,,,,,"{""profile_name"": ""easy_d00"", ""map_seed"": 20300621, ""query_seed"": 20301624, ""waypoint_count"": 2, ""bottleneck_count"": 2}"
easy_s04_q0088,md_dqn,Easy,d08_12,False,False,0.16941896686330438,600,2.249999999999976,11.69519387700984,,0,0.08734630124015157,0.47708059415434534,0,0,0,0,False,,,,md_dqn_not_reached,"{""profile_name"": ""easy_d00"", ""map_seed"": 20300621, ""query_seed"": 20301624, ""md_dqn_source_dir"": ""/home/ubuntu/DQN10/2_experiment"", ""md_dqn_checkpoint_path"": ""/home/ubuntu/DQN10/2_experiment/ugv_dqn/outputs/2026-05-12_train_load_external_demo_smoke/models/realmap_a/mlp-dqn.pt"", ""md_dqn_algo"": ""mlp-dqn"", ""md_dqn_device"": ""cpu"", ""md_dqn_max_steps"": 600, ""md_dqn_rollout_steps"": 600, ""md_dqn_reached"": false}"
easy_s04_q0089,vanilla_ha,Easy,d12_16,True,True,0.1528613567352295,9,12.536453973286042,,,0,0.1624894436759355,0.09031691744432357,0,0,0,0,False,,,,,"{""profile_name"": ""easy_d01"", ""map_seed"": 20300621, ""query_seed"": 20301625, ""evaluation_path_source"": ""trace_poses"", ""planner_path_pose_count"": 7, ""evaluation_path_pose_count"": 128}"
easy_s04_q0089,f_n3p_knn,Easy,d12_16,True,True,0.017080161022022367,0,12.862125991536557,12.536453973286042,0.025978001350660307,1,0.1438244924686864,0.15350075252575301,0,5,0,0,True,0,2,0.0,,"{""profile_name"": ""easy_d01"", ""map_seed"": 20300621, ""query_seed"": 20301625}"
easy_s04_q0089,n3p_k1,Easy,d12_16,True,True,0.15456482907757163,7,12.870328276537524,12.536453973286042,0.026632276077664052,0,0.17426808227508553,0.09031691744432357,0,0,1,0,True,0,0,,,"{""profile_name"": ""easy_d01"", ""map_seed"": 20300621, ""query_seed"": 20301625}"
easy_s04_q0089,voronoi_waypoint,Easy,d12_16,True,True,0.4811044200323522,11,13.820534602725427,12.536453973286042,0.10242773851167453,0,0.38336296508384465,0.09031691744432357,0,0,0,0,False,,,,,"{""profile_name"": ""easy_d01"", ""map_seed"": 20300621, ""query_seed"": 20301625, ""waypoint_count"": 2}"
easy_s04_q0089,bottleneck_waypoint,Easy,d12_16,True,True,0.4753302859608084,3,13.685692267331248,12.536453973286042,0.09167171965007981,2,0.41151428333363255,0.06734062725636336,0,0,0,0,False,,,,,"{""profile_name"": ""easy_d01"", ""map_seed"": 20300621, ""query_seed"": 20301625, ""waypoint_count"": 2, ""bottleneck_count"": 2}"
easy_s04_q0089,md_dqn,Easy,d12_16,False,False,0.15029980707913637,38,0.08062499999999378,12.536453973286042,,0,0.32057536804918185,0.5049201233737264,0,0,0,0,False,,,,md_dqn_not_reached,"{""profile_name"": ""easy_d01"", ""map_seed"": 20300621, ""query_seed"": 20301625, ""md_dqn_source_dir"": ""/home/ubuntu/DQN10/2_experiment"", ""md_dqn_checkpoint_path"": ""/home/ubuntu/DQN10/2_experiment/ugv_dqn/outputs/2026-05-12_train_load_external_demo_smoke/models/realmap_a/mlp-dqn.pt"", ""md_dqn_algo"": ""mlp-dqn"", ""md_dqn_device"": ""cpu"", ""md_dqn_max_steps"": 600, ""md_dqn_rollout_steps"": 38, ""md_dqn_reached"": false}"
easy_s04_q0090,vanilla_ha,Easy,d16_20,True,True,0.16397738456726074,33,17.06670072835364,,,0,0.06914411610860177,0.0710341827568558,0,0,0,0,False,,,,,"{""profile_name"": ""easy_d00"", ""map_seed"": 20300622, ""query_seed"": 20301622, ""evaluation_path_source"": ""trace_poses"", ""planner_path_pose_count"": 19, ""evaluation_path_pose_count"": 173}"
easy_s04_q0090,f_n3p_knn,Easy,d16_20,True,True,0.011560415849089622,0,17.382858033925874,17.06670072835364,0.01852480515153032,0,0.04801203617899561,0.21505659658948806,0,2,0,0,True,0,1,0.0,,"{""profile_name"": ""easy_d00"", ""map_seed"": 20300622, ""query_seed"": 20301622}"
easy_s04_q0090,n3p_k1,Easy,d16_20,True,True,0.17966783395968378,31,17.11859002924598,17.06670072835364,0.003040382656158691,0,0.09412479227217461,0.0710341827568558,0,0,1,0,True,0,0,,,"{""profile_name"": ""easy_d00"", ""map_seed"": 20300622, ""query_seed"": 20301622}"
easy_s04_q0090,voronoi_waypoint,Easy,d16_20,True,True,0.622233625035733,4,19.20189868447809,17.06670072835364,0.12510900554886684,0,0.2565507031397123,0.6835082515694015,0,0,0,0,False,,,,,"{""profile_name"": ""easy_d00"", ""map_seed"": 20300622, ""query_seed"": 20301622, ""waypoint_count"": 3}"
easy_s04_q0090,bottleneck_waypoint,Easy,d16_20,True,True,0.6270391040015966,4,19.690538142595162,17.06670072835364,0.1537401666557865,0,0.2967304113907075,0.7907057136732067,0,0,0,0,False,,,,,"{""profile_name"": ""easy_d00"", ""map_seed"": 20300622, ""query_seed"": 20301622, ""waypoint_count"": 3, ""bottleneck_count"": 3}"
easy_s04_q0090,md_dqn,Easy,d16_20,False,False,0.16865261108614504,600,1.1249999999995297,17.06670072835364,,0,0.0,1.002078740025327,0,0,0,0,False,,,,md_dqn_not_reached,"{""profile_name"": ""easy_d00"", ""map_seed"": 20300622, ""query_seed"": 20301622, ""md_dqn_source_dir"": ""/home/ubuntu/DQN10/2_experiment"", ""md_dqn_checkpoint_path"": ""/home/ubuntu/DQN10/2_experiment/ugv_dqn/outputs/2026-05-12_train_load_external_demo_smoke/models/realmap_a/mlp-dqn.pt"", ""md_dqn_algo"": ""mlp-dqn"", ""md_dqn_device"": ""cpu"", ""md_dqn_max_steps"": 600, ""md_dqn_rollout_steps"": 600, ""md_dqn_reached"": false}"
easy_s04_q0091,vanilla_ha,Easy,d20_inf,True,True,0.2157914638519287,129,21.042800525649167,,,0,0.13698435357824845,0.17563446680286277,0,0,0,0,False,,,,,"{""profile_name"": ""easy_d01"", ""map_seed"": 20300622, ""query_seed"": 20301623, ""evaluation_path_source"": ""trace_poses"", ""planner_path_pose_count"": 24, ""evaluation_path_pose_count"": 213}"
easy_s04_q0091,f_n3p_knn,Easy,d20_inf,True,True,0.016628571087494493,0,21.316009087057328,21.042800525649167,0.01298346962302599,0,0.0731511946056507,0.5567452685108494,0,0,0,0,False,2,2,1.0,,"{""profile_name"": ""easy_d01"", ""map_seed"": 20300622, ""query_seed"": 20301623}"
easy_s04_q0091,n3p_k1,Easy,d20_inf,True,True,0.012313689105212688,0,21.316009087057328,21.042800525649167,0.01298346962302599,0,0.0731511946056507,0.5567452685108494,0,0,0,0,False,2,2,1.0,,"{""profile_name"": ""easy_d01"", ""map_seed"": 20300622, ""query_seed"": 20301623}"
easy_s04_q0091,voronoi_waypoint,Easy,d20_inf,True,True,0.6224815458990633,5,23.215411436713627,21.042800525649167,0.10324723215506681,2,0.1552996612366698,0.35283561014241793,0,0,0,0,False,,,,,"{""profile_name"": ""easy_d01"", ""map_seed"": 20300622, ""query_seed"": 20301623, ""waypoint_count"": 4}"
easy_s04_q0091,bottleneck_waypoint,Easy,d20_inf,True,True,0.6236300237942487,4,21.254238769714455,21.042800525649167,0.010048008762311156,0,0.10418145103099927,0.5567452685108494,0,0,0,0,False,,,,,"{""profile_name"": ""easy_d01"", ""map_seed"": 20300622, ""query_seed"": 20301623, ""waypoint_count"": 3, ""bottleneck_count"": 3}"
easy_s04_q0091,md_dqn,Easy,d20_inf,False,False,0.16837916779331863,600,1.1249999999998768,21.042800525649167,,0,0.0,2.5224148191234823,0,0,0,0,False,,,,md_dqn_not_reached,"{""profile_name"": ""easy_d01"", ""map_seed"": 20300622, ""query_seed"": 20301623, ""md_dqn_source_dir"": ""/home/ubuntu/DQN10/2_experiment"", ""md_dqn_checkpoint_path"": ""/home/ubuntu/DQN10/2_experiment/ugv_dqn/outputs/2026-05-12_train_load_external_demo_smoke/models/realmap_a/mlp-dqn.pt"", ""md_dqn_algo"": ""mlp-dqn"", ""md_dqn_device"": ""cpu"", ""md_dqn_max_steps"": 600, ""md_dqn_rollout_steps"": 600, ""md_dqn_reached"": false}"
easy_s04_q0092,vanilla_ha,Easy,d08_12,True,True,0.1499032974243164,1,9.305912099305472,,,0,0.0,0.4354398694332058,0,0,0,0,False,,,,,"{""profile_name"": ""easy_d00"", ""map_seed"": 20300622, ""query_seed"": 20301624, ""evaluation_path_source"": ""trace_poses"", ""planner_path_pose_count"": 2, ""evaluation_path_pose_count"": 95}"
easy_s04_q0092,f_n3p_knn,Easy,d08_12,True,True,0.00043136184103786945,0,9.305912099305472,9.305912099305472,0.0,0,0.0,0.4354398694332058,0,0,0,0,False,0,0,,,"{""profile_name"": ""easy_d00"", ""map_seed"": 20300622, ""query_seed"": 20301624}"
easy_s04_q0092,n3p_k1,Easy,d08_12,True,True,0.0004220081027597189,0,9.305912099305472,9.305912099305472,0.0,0,0.0,0.4354398694332058,0,0,0,0,False,0,0,,,"{""profile_name"": ""easy_d00"", ""map_seed"": 20300622, ""query_seed"": 20301624}"
easy_s04_q0092,voronoi_waypoint,Easy,d08_12,True,True,0.33212661719881,2,9.62384624380278,9.305912099305472,0.03416474829168403,0,0.1630342722586081,0.3752906837674981,0,0,0,0,False,,,,,"{""profile_name"": ""easy_d00"", ""map_seed"": 20300622, ""query_seed"": 20301624, ""waypoint_count"": 1}"
easy_s04_q0092,bottleneck_waypoint,Easy,d08_12,True,True,0.3329033302143216,2,9.371671876634244,9.305912099305472,0.00706645158766106,0,0.10585323933871248,0.4354398694332058,0,0,0,0,False,,,,,"{""profile_name"": ""easy_d00"", ""map_seed"": 20300622, ""query_seed"": 20301624, ""waypoint_count"": 1, ""bottleneck_count"": 1}"
easy_s04_q0092,md_dqn,Easy,d08_12,False,False,0.1690544120501727,600,1.1250000000003406,9.305912099305472,,0,0.0,0.4354398694332058,0,0,0,0,False,,,,md_dqn_not_reached,"{""profile_name"": ""easy_d00"", ""map_seed"": 20300622, ""query_seed"": 20301624, ""md_dqn_source_dir"": ""/home/ubuntu/DQN10/2_experiment"", ""md_dqn_checkpoint_path"": ""/home/ubuntu/DQN10/2_experiment/ugv_dqn/outputs/2026-05-12_train_load_external_demo_smoke/models/realmap_a/mlp-dqn.pt"", ""md_dqn_algo"": ""mlp-dqn"", ""md_dqn_device"": ""cpu"", ""md_dqn_max_steps"": 600, ""md_dqn_rollout_steps"": 600, ""md_dqn_reached"": false}"
easy_s04_q0093,vanilla_ha,Easy,d12_16,True,True,0.1734619140625,41,16.00752354698423,,,0,0.15434426179143682,0.07243499798623065,0,0,0,0,False,,,,,"{""profile_name"": ""easy_d01"", ""map_seed"": 20300622, ""query_seed"": 20301625, ""evaluation_path_source"": ""trace_poses"", ""planner_path_pose_count"": 19, ""evaluation_path_pose_count"": 163}"
easy_s04_q0093,f_n3p_knn,Easy,d12_16,True,True,0.017740288050845265,0,15.884681676359907,16.00752354698423,-0.007674008428834478,0,0.04199693217678455,0.07542045154762167,0,0,0,0,False,2,2,1.0,,"{""profile_name"": ""easy_d01"", ""map_seed"": 20300622, ""query_seed"": 20301625}"
easy_s04_q0093,n3p_k1,Easy,d12_16,True,True,0.013042293023318052,0,15.884681676359907,16.00752354698423,-0.007674008428834478,0,0.04199693217678455,0.07542045154762167,0,0,0,0,False,2,2,1.0,,"{""profile_name"": ""easy_d01"", ""map_seed"": 20300622, ""query_seed"": 20301625}"
easy_s04_q0093,voronoi_waypoint,Easy,d12_16,True,True,0.6198192229494452,4,19.61720830272947,16.00752354698423,0.22549926259051434,0,0.27610117171493037,0.5612537770580733,0,0,0,0,False,,,,,"{""profile_name"": ""easy_d01"", ""map_seed"": 20300622, ""query_seed"": 20301625, ""waypoint_count"": 3}"
easy_s04_q0093,bottleneck_waypoint,Easy,d12_16,True,True,0.4774240949191153,3,18.744405775419274,16.00752354698423,0.17097474324507012,0,0.2137279899121506,0.5681746507035614,0,0,0,0,False,,,,,"{""profile_name"": ""easy_d01"", ""map_seed"": 20300622, ""query_seed"": 20301625, ""waypoint_count"": 2, ""bottleneck_count"": 2}"
easy_s04_q0093,md_dqn,Easy,d12_16,False,False,0.16685046185739338,600,1.1249999999994893,16.00752354698423,,0,0.0,1.7264200505591023,0,0,0,0,False,,,,md_dqn_not_reached,"{""profile_name"": ""easy_d01"", ""map_seed"": 20300622, ""query_seed"": 20301625, ""md_dqn_source_dir"": ""/home/ubuntu/DQN10/2_experiment"", ""md_dqn_checkpoint_path"": ""/home/ubuntu/DQN10/2_experiment/ugv_dqn/outputs/2026-05-12_train_load_external_demo_smoke/models/realmap_a/mlp-dqn.pt"", ""md_dqn_algo"": ""mlp-dqn"", ""md_dqn_device"": ""cpu"", ""md_dqn_max_steps"": 600, ""md_dqn_rollout_steps"": 600, ""md_dqn_reached"": false}"
easy_s04_q0094,vanilla_ha,Easy,d16_20,True,True,0.15326762199401855,9,17.42849671261657,,,0,0.07280969810810586,0.2761225045831718,0,0,0,0,False,,,,,"{""profile_name"": ""easy_d00"", ""map_seed"": 20300622, ""query_seed"": 20301626, ""evaluation_path_source"": ""trace_poses"", ""planner_path_pose_count"": 7, ""evaluation_path_pose_count"": 176}"
easy_s04_q0094,f_n3p_knn,Easy,d16_20,True,True,0.009755864972248673,0,17.393272760076837,17.42849671261657,-0.00202105512142281,0,0.04445655535208571,0.17371747972163776,0,0,0,0,False,1,1,1.0,,"{""profile_name"": ""easy_d00"", ""map_seed"": 20300622, ""query_seed"": 20301626}"
easy_s04_q0094,n3p_k1,Easy,d16_20,True,True,0.006382032064720988,0,17.393272760076837,17.42849671261657,-0.00202105512142281,0,0.04445655535208571,0.17371747972163776,0,0,0,0,False,1,1,1.0,,"{""profile_name"": ""easy_d00"", ""map_seed"": 20300622, ""query_seed"": 20301626}"
easy_s04_q0094,voronoi_waypoint,Easy,d16_20,True,True,0.617706143995747,4,19.87174524502189,17.42849671261657,0.14018699218255826,0,0.20397036166255195,0.12893923718748623,0,0,0,0,False,,,,,"{""profile_name"": ""easy_d00"", ""map_seed"": 20300622, ""query_seed"": 20301626, ""waypoint_count"": 3}"
easy_s04_q0094,bottleneck_waypoint,Easy,d16_20,True,True,0.4774863449856639,3,20.101502171204448,17.42849671261657,0.15336982315020187,1,0.18970384855254457,0.5483176563720801,0,0,0,0,False,,,,,"{""profile_name"": ""easy_d00"", ""map_seed"": 20300622, ""query_seed"": 20301626, ""waypoint_count"": 2, ""bottleneck_count"": 2}"
easy_s04_q0094,md_dqn,Easy,d16_20,False,False,0.1918913044501096,176,0.4087500000000396,17.42849671261657,,1,0.4104774775566649,0.3432117045445945,0,0,0,0,False,,,,md_dqn_not_reached,"{""profile_name"": ""easy_d00"", ""map_seed"": 20300622, ""query_seed"": 20301626, ""md_dqn_source_dir"": ""/home/ubuntu/DQN10/2_experiment"", ""md_dqn_checkpoint_path"": ""/home/ubuntu/DQN10/2_experiment/ugv_dqn/outputs/2026-05-12_train_load_external_demo_smoke/models/realmap_a/mlp-dqn.pt"", ""md_dqn_algo"": ""mlp-dqn"", ""md_dqn_device"": ""cpu"", ""md_dqn_max_steps"": 600, ""md_dqn_rollout_steps"": 176, ""md_dqn_reached"": false}"
easy_s04_q0095,vanilla_ha,Easy,d20_inf,False,False,2.500380754470825,3408,,,,0,,,0,0,0,0,False,,,,timeout,"{""profile_name"": ""easy_d01"", ""map_seed"": 20300623, ""query_seed"": 20301623, ""evaluation_path_source"": ""planner_path"", ""planner_path_pose_count"": 0, ""evaluation_path_pose_count"": 0}"
easy_s04_q0095,f_n3p_knn,Easy,d20_inf,True,True,0.230560404015705,29,22.20923938855944,,,5,0.39667162555001256,0.12857215736203076,0,23,1,0,True,5,6,0.8333333333333334,,"{""profile_name"": ""easy_d01"", ""map_seed"": 20300623, ""query_seed"": 20301623}"
easy_s04_q0095,n3p_k1,Easy,d20_inf,True,True,0.7725663050077856,689,21.640922015565543,,,4,0.31845150383774035,0.07639013860774635,0,0,1,0,True,5,5,1.0,,"{""profile_name"": ""easy_d01"", ""map_seed"": 20300623, ""query_seed"": 20301623}"
easy_s04_q0095,voronoi_waypoint,Easy,d20_inf,True,True,0.7612078201491386,11,24.118190466175477,,,3,0.3272140618539044,0.10248690891834067,0,0,0,0,False,,,,,"{""profile_name"": ""easy_d01"", ""map_seed"": 20300623, ""query_seed"": 20301623, ""waypoint_count"": 4}"
easy_s04_q0095,bottleneck_waypoint,Easy,d20_inf,True,True,0.7619077728595585,5,23.602594543816675,,,5,0.3068349502069274,0.14377769962331055,0,0,0,0,False,,,,,"{""profile_name"": ""easy_d01"", ""map_seed"": 20300623, ""query_seed"": 20301623, ""waypoint_count"": 4, ""bottleneck_count"": 4}"
easy_s04_q0095,md_dqn,Easy,d20_inf,False,False,0.4061731952242553,513,43.59125000000004,,,1,0.1857045414098294,0.07929243452240242,0,0,0,0,False,,,,md_dqn_not_reached,"{""profile_name"": ""easy_d01"", ""map_seed"": 20300623, ""query_seed"": 20301623, ""md_dqn_source_dir"": ""/home/ubuntu/DQN10/2_experiment"", ""md_dqn_checkpoint_path"": ""/home/ubuntu/DQN10/2_experiment/ugv_dqn/outputs/2026-05-12_train_load_external_demo_smoke/models/realmap_a/mlp-dqn.pt"", ""md_dqn_algo"": ""mlp-dqn"", ""md_dqn_device"": ""cpu"", ""md_dqn_max_steps"": 600, ""md_dqn_rollout_steps"": 513, ""md_dqn_reached"": false}"
easy_s04_q0096,vanilla_ha,Easy,d08_12,True,True,0.14920544624328613,1,9.560334722173696,,,0,0.0,0.16418126546959722,0,0,0,0,False,,,,,"{""profile_name"": ""easy_d00"", ""map_seed"": 20300623, ""query_seed"": 20301624, ""evaluation_path_source"": ""trace_poses"", ""planner_path_pose_count"": 2, ""evaluation_path_pose_count"": 97}"
easy_s04_q0096,f_n3p_knn,Easy,d08_12,True,True,0.00044330814853310585,0,9.560334722173696,9.560334722173696,0.0,0,0.0,0.16418126546959722,0,0,0,0,False,0,0,,,"{""profile_name"": ""easy_d00"", ""map_seed"": 20300623, ""query_seed"": 20301624}"
easy_s04_q0096,n3p_k1,Easy,d08_12,True,True,0.00042609404772520065,0,9.560334722173696,9.560334722173696,0.0,0,0.0,0.16418126546959722,0,0,0,0,False,0,0,,,"{""profile_name"": ""easy_d00"", ""map_seed"": 20300623, ""query_seed"": 20301624}"
easy_s04_q0096,voronoi_waypoint,Easy,d08_12,True,True,0.33586535113863647,2,10.836562027457571,9.560334722173696,0.13349190612791695,0,0.2639739509079577,0.09426642140373576,0,0,0,0,False,,,,,"{""profile_name"": ""easy_d00"", ""map_seed"": 20300623, ""query_seed"": 20301624, ""waypoint_count"": 1}"
easy_s04_q0096,bottleneck_waypoint,Easy,d08_12,True,True,0.334270287072286,2,9.592988777198126,9.560334722173696,0.003415576543433607,0,0.06738288443850649,0.38638170430469676,0,0,0,0,False,,,,,"{""profile_name"": ""easy_d00"", ""map_seed"": 20300623, ""query_seed"": 20301624, ""waypoint_count"": 1, ""bottleneck_count"": 1}"
easy_s04_q0096,md_dqn,Easy,d08_12,False,False,0.17188079026527703,600,1.3462499999999915,9.560334722173696,,0,0.7723954185951148,0.44151734874089177,0,0,0,0,False,,,,md_dqn_not_reached,"{""profile_name"": ""easy_d00"", ""map_seed"": 20300623, ""query_seed"": 20301624, ""md_dqn_source_dir"": ""/home/ubuntu/DQN10/2_experiment"", ""md_dqn_checkpoint_path"": ""/home/ubuntu/DQN10/2_experiment/ugv_dqn/outputs/2026-05-12_train_load_external_demo_smoke/models/realmap_a/mlp-dqn.pt"", ""md_dqn_algo"": ""mlp-dqn"", ""md_dqn_device"": ""cpu"", ""md_dqn_max_steps"": 600, ""md_dqn_rollout_steps"": 600, ""md_dqn_reached"": false}"
easy_s04_q0097,vanilla_ha,Easy,d12_16,True,True,0.2134406566619873,101,13.153839864313415,,,0,0.24669891820349577,0.20848842615586938,0,0,0,0,False,,,,,"{""profile_name"": ""easy_d01"", ""map_seed"": 20300623, ""query_seed"": 20301625, ""evaluation_path_source"": ""trace_poses"", ""planner_path_pose_count"": 28, ""evaluation_path_pose_count"": 133}"
easy_s04_q0097,f_n3p_knn,Easy,d12_16,True,True,0.021682826802134514,0,13.985420329212486,13.153839864313415,0.06321959773549946,3,0.24228859911749048,0.10915686275841563,0,13,0,0,True,0,2,0.0,,"{""profile_name"": ""easy_d01"", ""map_seed"": 20300623, ""query_seed"": 20301625}"
easy_s04_q0097,n3p_k1,Easy,d12_16,True,True,0.3707476470153779,241,13.897638360059412,13.153839864313415,0.05654611150953226,1,0.35439109863324414,0.09424979652543874,0,0,1,0,True,1,1,1.0,,"{""profile_name"": ""easy_d01"", ""map_seed"": 20300623, ""query_seed"": 20301625}"
easy_s04_q0097,voronoi_waypoint,Easy,d12_16,True,True,0.4735565271694213,3,14.254956186478001,13.153839864313415,0.08371063761783604,0,0.3614620379271892,0.06108507452480699,0,0,0,0,False,,,,,"{""profile_name"": ""easy_d01"", ""map_seed"": 20300623, ""query_seed"": 20301625, ""waypoint_count"": 2}"
easy_s04_q0097,bottleneck_waypoint,Easy,d12_16,True,True,0.47536588995717466,3,13.614962521405285,13.153839864313415,0.03505612519602774,0,0.19171153459892296,0.34028558820869415,0,0,0,0,False,,,,,"{""profile_name"": ""easy_d01"", ""map_seed"": 20300623, ""query_seed"": 20301625, ""waypoint_count"": 2, ""bottleneck_count"": 2}"
easy_s04_q0097,md_dqn,Easy,d12_16,False,False,0.16667078924365342,600,1.1249999999999978,13.153839864313415,,0,0.8385645564237301,0.8684020558645271,0,0,0,0,False,,,,md_dqn_not_reached,"{""profile_name"": ""easy_d01"", ""map_seed"": 20300623, ""query_seed"": 20301625, ""md_dqn_source_dir"": ""/home/ubuntu/DQN10/2_experiment"", ""md_dqn_checkpoint_path"": ""/home/ubuntu/DQN10/2_experiment/ugv_dqn/outputs/2026-05-12_train_load_external_demo_smoke/models/realmap_a/mlp-dqn.pt"", ""md_dqn_algo"": ""mlp-dqn"", ""md_dqn_device"": ""cpu"", ""md_dqn_max_steps"": 600, ""md_dqn_rollout_steps"": 600, ""md_dqn_reached"": false}"
easy_s04_q0098,vanilla_ha,Easy,d16_20,True,True,0.2123885154724121,121,20.27199285475846,,,0,0.14286081514870216,0.10960290587011634,0,0,0,0,False,,,,,"{""profile_name"": ""easy_d00"", ""map_seed"": 20300623, ""query_seed"": 20301626, ""evaluation_path_source"": ""trace_poses"", ""planner_path_pose_count"": 27, ""evaluation_path_pose_count"": 205}"
easy_s04_q0098,f_n3p_knn,Easy,d16_20,True,True,0.019377391086891294,0,20.247920331020083,20.27199285475846,-0.001187476924979558,0,0.09356621781963274,0.3491042079194535,0,0,0,0,False,2,2,1.0,,"{""profile_name"": ""easy_d00"", ""map_seed"": 20300623, ""query_seed"": 20301626}"
easy_s04_q0098,n3p_k1,Easy,d16_20,True,True,0.016580238938331604,0,20.247920331020083,20.27199285475846,-0.001187476924979558,0,0.09356621781963274,0.3491042079194535,0,0,0,0,False,2,2,1.0,,"{""profile_name"": ""easy_d00"", ""map_seed"": 20300623, ""query_seed"": 20301626}"
easy_s04_q0098,voronoi_waypoint,Easy,d16_20,True,True,0.7706592672038823,5,24.15444864646551,20.27199285475846,0.19151821034682937,1,0.2778909623900471,0.8257052115260901,0,0,0,0,False,,,,,"{""profile_name"": ""easy_d00"", ""map_seed"": 20300623, ""query_seed"": 20301626, ""waypoint_count"": 4}"
easy_s04_q0098,bottleneck_waypoint,Easy,d16_20,True,True,0.6329832198098302,4,22.0164343955945,20.27199285475846,0.08605180326050532,0,0.17009712352019313,0.9382132405079193,0,0,0,0,False,,,,,"{""profile_name"": ""easy_d00"", ""map_seed"": 20300623, ""query_seed"": 20301626, ""waypoint_count"": 3, ""bottleneck_count"": 3}"
easy_s04_q0098,md_dqn,Easy,d16_20,False,False,0.2783678558189422,300,18.217500000000033,20.27199285475846,,0,0.19519996380557908,0.1580457990792874,0,0,0,0,False,,,,md_dqn_not_reached,"{""profile_name"": ""easy_d00"", ""map_seed"": 20300623, ""query_seed"": 20301626, ""md_dqn_source_dir"": ""/home/ubuntu/DQN10/2_experiment"", ""md_dqn_checkpoint_path"": ""/home/ubuntu/DQN10/2_experiment/ugv_dqn/outputs/2026-05-12_train_load_external_demo_smoke/models/realmap_a/mlp-dqn.pt"", ""md_dqn_algo"": ""mlp-dqn"", ""md_dqn_device"": ""cpu"", ""md_dqn_max_steps"": 600, ""md_dqn_rollout_steps"": 300, ""md_dqn_reached"": false}"
easy_s04_q0099,vanilla_ha,Easy,d20_inf,True,True,2.0640909671783447,3411,25.120806484644625,,,0,0.056962816688229605,0.05788621631450075,0,0,0,0,False,,,,,"{""profile_name"": ""easy_d01"", ""map_seed"": 20300623, ""query_seed"": 20301627, ""evaluation_path_source"": ""trace_poses"", ""planner_path_pose_count"": 68, ""evaluation_path_pose_count"": 254}"
easy_s04_q0099,f_n3p_knn,Easy,d20_inf,True,True,0.0360208610072732,0,25.459265567610654,25.120806484644625,0.013473257045824472,0,0.06439136231660611,0.06051956614104198,0,12,0,0,True,2,4,0.5,,"{""profile_name"": ""easy_d01"", ""map_seed"": 20300623, ""query_seed"": 20301627}"
easy_s04_q0099,n3p_k1,Easy,d20_inf,True,True,3.2246269329916686,5032,25.120806484644625,25.120806484644625,0.0,0,0.056962816688229605,0.05788621631450075,0,0,2,1,True,0,0,,,"{""profile_name"": ""easy_d01"", ""map_seed"": 20300623, ""query_seed"": 20301627}"
easy_s04_q0099,voronoi_waypoint,Easy,d20_inf,True,True,0.9223943678662181,15,29.10444924973682,25.120806484644625,0.1585794137432348,3,0.35739996073901825,0.08543835697506319,0,0,0,0,False,,,,,"{""profile_name"": ""easy_d01"", ""map_seed"": 20300623, ""query_seed"": 20301627, ""waypoint_count"": 5}"
easy_s04_q0099,bottleneck_waypoint,Easy,d20_inf,True,True,0.7726105870679021,5,28.672806553800566,25.120806484644625,0.14139673705647704,1,0.2195323447844484,0.18877077640113527,0,0,0,0,False,,,,,"{""profile_name"": ""easy_d01"", ""map_seed"": 20300623, ""query_seed"": 20301627, ""waypoint_count"": 4, ""bottleneck_count"": 4}"
easy_s04_q0099,md_dqn,Easy,d20_inf,False,False,0.1681326343677938,600,1.1250000000000202,25.120806484644625,,0,0.8286550898948741,0.18877077640113527,0,0,0,0,False,,,,md_dqn_not_reached,"{""profile_name"": ""easy_d01"", ""map_seed"": 20300623, ""query_seed"": 20301627, ""md_dqn_source_dir"": ""/home/ubuntu/DQN10/2_experiment"", ""md_dqn_checkpoint_path"": ""/home/ubuntu/DQN10/2_experiment/ugv_dqn/outputs/2026-05-12_train_load_external_demo_smoke/models/realmap_a/mlp-dqn.pt"", ""md_dqn_algo"": ""mlp-dqn"", ""md_dqn_device"": ""cpu"", ""md_dqn_max_steps"": 600, ""md_dqn_rollout_steps"": 600, ""md_dqn_reached"": false}"
complex_s00_q0000,vanilla_ha,Complex,d08_12,True,True,0.6373162269592285,729,9.724165615469474,,,0,0.21224032493837516,0.09211451100499735,0,0,0,0,False,,,,,"{""profile_name"": ""complex_d02"", ""map_seed"": 20360620, ""query_seed"": 20361620, ""evaluation_path_source"": ""trace_poses"", ""planner_path_pose_count"": 28, ""evaluation_path_pose_count"": 100}"
complex_s00_q0000,f_n3p_knn,Complex,d08_12,True,True,0.020046642050147057,0,13.046243327326064,9.724165615469474,0.3416311325026937,3,0.33574406385694816,0.25995912998159443,0,7,0,0,True,1,2,0.5,,"{""profile_name"": ""complex_d02"", ""map_seed"": 20360620, ""query_seed"": 20361620}"
complex_s00_q0000,n3p_k1,Complex,d08_12,True,True,0.3213579938746989,241,9.66830001847953,9.724165615469474,-0.0057450273061034896,0,0.2854359013008685,0.08783753682172046,0,0,1,0,True,0,0,,,"{""profile_name"": ""complex_d02"", ""map_seed"": 20360620, ""query_seed"": 20361620}"
complex_s00_q0000,voronoi_waypoint,Complex,d08_12,True,True,0.496638469863683,31,13.567544567755514,9.724165615469474,0.3952399726894702,3,0.5226397284526909,0.08685597602461792,0,0,0,0,False,,,,,"{""profile_name"": ""complex_d02"", ""map_seed"": 20360620, ""query_seed"": 20361620, ""waypoint_count"": 2}"
complex_s00_q0000,bottleneck_waypoint,Complex,d08_12,True,True,0.4799207830801606,3,11.303043047011956,9.724165615469474,0.16236636581248254,2,0.3345711301491917,0.3104922540544357,0,0,0,0,False,,,,,"{""profile_name"": ""complex_d02"", ""map_seed"": 20360620, ""query_seed"": 20361620, ""waypoint_count"": 2, ""bottleneck_count"": 2}"
complex_s00_q0000,md_dqn,Complex,d08_12,False,False,0.31443247804418206,354,17.11187499999999,9.724165615469474,,1,0.4773083238653012,0.13816740905985814,0,0,0,0,False,,,,md_dqn_not_reached,"{""profile_name"": ""complex_d02"", ""map_seed"": 20360620, ""query_seed"": 20361620, ""md_dqn_source_dir"": ""/home/ubuntu/DQN10/2_experiment"", ""md_dqn_checkpoint_path"": ""/home/ubuntu/DQN10/2_experiment/ugv_dqn/outputs/2026-05-12_train_load_external_demo_smoke/models/realmap_a/mlp-dqn.pt"", ""md_dqn_algo"": ""mlp-dqn"", ""md_dqn_device"": ""cpu"", ""md_dqn_max_steps"": 600, ""md_dqn_rollout_steps"": 354, ""md_dqn_reached"": false}"
complex_s00_q0001,vanilla_ha,Complex,d12_16,True,True,0.2245476245880127,127,13.114624807644978,,,0,0.23607276901488228,0.098176422805349,0,0,0,0,False,,,,,"{""profile_name"": ""complex_d02"", ""map_seed"": 20360620, ""query_seed"": 20361621, ""evaluation_path_source"": ""trace_poses"", ""planner_path_pose_count"": 34, ""evaluation_path_pose_count"": 134}"
complex_s00_q0001,f_n3p_knn,Complex,d12_16,True,True,0.018064504023641348,0,13.061476822603698,13.114624807644978,-0.0040525738113603715,4,0.157991899389622,0.07595167502348521,0,0,0,0,False,2,2,1.0,,"{""profile_name"": ""complex_d02"", ""map_seed"": 20360620, ""query_seed"": 20361621}"
complex_s00_q0001,n3p_k1,Complex,d12_16,True,True,0.015305323991924524,0,13.061476822603698,13.114624807644978,-0.0040525738113603715,4,0.157991899389622,0.07595167502348521,0,0,0,0,False,2,2,1.0,,"{""profile_name"": ""complex_d02"", ""map_seed"": 20360620, ""query_seed"": 20361621}"
complex_s00_q0001,voronoi_waypoint,Complex,d12_16,True,True,0.5264604568947107,78,13.981084777350201,13.114624807644978,0.06606822401813073,2,0.274569497856347,0.09686902773813966,0,0,0,0,False,,,,,"{""profile_name"": ""complex_d02"", ""map_seed"": 20360620, ""query_seed"": 20361621, ""waypoint_count"": 2}"
complex_s00_q0001,bottleneck_waypoint,Complex,d12_16,True,True,0.47579148784279823,3,13.451517539225906,13.114624807644978,0.025688324029257803,0,0.30619150168559356,0.3950266191727809,0,0,0,0,False,,,,,"{""profile_name"": ""complex_d02"", ""map_seed"": 20360620, ""query_seed"": 20361621, ""waypoint_count"": 2, ""bottleneck_count"": 2}"
complex_s00_q0001,md_dqn,Complex,d12_16,False,False,0.32453696872107685,122,0.8906250000000014,13.114624807644978,,1,0.5324543983711328,0.40994544912042985,0,0,0,0,False,,,,md_dqn_not_reached,"{""profile_name"": ""complex_d02"", ""map_seed"": 20360620, ""query_seed"": 20361621, ""md_dqn_source_dir"": ""/home/ubuntu/DQN10/2_experiment"", ""md_dqn_checkpoint_path"": ""/home/ubuntu/DQN10/2_experiment/ugv_dqn/outputs/2026-05-12_train_load_external_demo_smoke/models/realmap_a/mlp-dqn.pt"", ""md_dqn_algo"": ""mlp-dqn"", ""md_dqn_device"": ""cpu"", ""md_dqn_max_steps"": 600, ""md_dqn_rollout_steps"": 122, ""md_dqn_reached"": false}"
complex_s00_q0002,vanilla_ha,Complex,d16_20,False,False,2.500070095062256,4300,,,,0,,,0,0,0,0,False,,,,timeout,"{""profile_name"": ""complex_d02"", ""map_seed"": 20360620, ""query_seed"": 20361622, ""evaluation_path_source"": ""planner_path"", ""planner_path_pose_count"": 0, ""evaluation_path_pose_count"": 0}"
complex_s00_q0002,f_n3p_knn,Complex,d16_20,False,False,3.516786602092907,6378,,,,0,,,0,19,1,1,True,0,0,,f2_failed:prediction:goal_in_collision;goal:timeout;f3_failed:timeout,"{""profile_name"": ""complex_d02"", ""map_seed"": 20360620, ""query_seed"": 20361622}"
complex_s00_q0002,n3p_k1,Complex,d16_20,False,False,3.5126031890977174,6251,,,,0,,,0,0,1,1,True,0,0,,f2_failed:prediction:goal_in_collision;goal:timeout;f3_failed:timeout,"{""profile_name"": ""complex_d02"", ""map_seed"": 20360620, ""query_seed"": 20361622}"
complex_s00_q0002,voronoi_waypoint,Complex,d16_20,True,True,0.61475481512025,7,21.115004661344372,,,0,0.24954888296828392,0.13867972065166456,0,0,0,0,False,,,,,"{""profile_name"": ""complex_d02"", ""map_seed"": 20360620, ""query_seed"": 20361622, ""waypoint_count"": 3}"
complex_s00_q0002,bottleneck_waypoint,Complex,d16_20,True,True,0.6182757799979299,4,21.052535048226236,,,0,0.20129775730065247,0.1386899070728136,0,0,0,0,False,,,,,"{""profile_name"": ""complex_d02"", ""map_seed"": 20360620, ""query_seed"": 20361622, ""waypoint_count"": 3, ""bottleneck_count"": 3}"
complex_s00_q0002,md_dqn,Complex,d16_20,False,False,0.39288331009447575,518,1.0350000000000377,,,1,0.7539391927378817,0.39339204612747647,0,0,0,0,False,,,,md_dqn_not_reached,"{""profile_name"": ""complex_d02"", ""map_seed"": 20360620, ""query_seed"": 20361622, ""md_dqn_source_dir"": ""/home/ubuntu/DQN10/2_experiment"", ""md_dqn_checkpoint_path"": ""/home/ubuntu/DQN10/2_experiment/ugv_dqn/outputs/2026-05-12_train_load_external_demo_smoke/models/realmap_a/mlp-dqn.pt"", ""md_dqn_algo"": ""mlp-dqn"", ""md_dqn_device"": ""cpu"", ""md_dqn_max_steps"": 600, ""md_dqn_rollout_steps"": 518, ""md_dqn_reached"": false}"
complex_s00_q0003,vanilla_ha,Complex,d20_inf,False,False,2.5003132820129395,3252,,,,0,,,0,0,0,0,False,,,,timeout,"{""profile_name"": ""complex_d02"", ""map_seed"": 20360620, ""query_seed"": 20361623, ""evaluation_path_source"": ""planner_path"", ""planner_path_pose_count"": 0, ""evaluation_path_pose_count"": 0}"
complex_s00_q0003,f_n3p_knn,Complex,d20_inf,True,True,0.1998774609528482,9,21.52085078964624,,,0,0.18863714641615703,0.09750140095350768,0,25,1,0,True,2,4,0.5,,"{""profile_name"": ""complex_d02"", ""map_seed"": 20360620, ""query_seed"": 20361623}"
complex_s00_q0003,n3p_k1,Complex,d20_inf,True,True,0.7686161969322711,516,20.93987169144305,,,0,0.20092963715373416,0.08513886355521572,0,0,2,0,True,2,2,1.0,,"{""profile_name"": ""complex_d02"", ""map_seed"": 20360620, ""query_seed"": 20361623}"
complex_s00_q0003,voronoi_waypoint,Complex,d20_inf,True,True,0.7772863479331136,20,22.1611298851661,,,0,0.24041936790399449,0.08381032077684136,0,0,0,0,False,,,,,"{""profile_name"": ""complex_d02"", ""map_seed"": 20360620, ""query_seed"": 20361623, ""waypoint_count"": 4}"
complex_s00_q0003,bottleneck_waypoint,Complex,d20_inf,True,True,0.9041908048093319,6,22.577313559894762,,,2,0.24332662496609891,0.07561258046061803,0,0,0,0,False,,,,,"{""profile_name"": ""complex_d02"", ""map_seed"": 20360620, ""query_seed"": 20361623, ""waypoint_count"": 5, ""bottleneck_count"": 5}"
complex_s00_q0003,md_dqn,Complex,d20_inf,False,False,0.20903953234665096,600,1.1287500000000037,,,1,0.8048229221389032,0.4004893145167183,0,0,0,0,False,,,,md_dqn_not_reached,"{""profile_name"": ""complex_d02"", ""map_seed"": 20360620, ""query_seed"": 20361623, ""md_dqn_source_dir"": ""/home/ubuntu/DQN10/2_experiment"", ""md_dqn_checkpoint_path"": ""/home/ubuntu/DQN10/2_experiment/ugv_dqn/outputs/2026-05-12_train_load_external_demo_smoke/models/realmap_a/mlp-dqn.pt"", ""md_dqn_algo"": ""mlp-dqn"", ""md_dqn_device"": ""cpu"", ""md_dqn_max_steps"": 600, ""md_dqn_rollout_steps"": 600, ""md_dqn_reached"": false}"
complex_s00_q0004,vanilla_ha,Complex,d08_12,True,True,0.2335507869720459,103,10.341091658073225,,,0,0.4440947928407019,0.1156295074136442,0,0,0,0,False,,,,,"{""profile_name"": ""complex_d02"", ""map_seed"": 20360620, ""query_seed"": 20361624, ""evaluation_path_source"": ""trace_poses"", ""planner_path_pose_count"": 28, ""evaluation_path_pose_count"": 105}"
complex_s00_q0004,f_n3p_knn,Complex,d08_12,True,True,0.027732457034289837,0,10.762275091923824,10.341091658073225,0.040729107504021034,5,0.29857358890271396,0.09425989299033555,0,4,0,0,True,1,3,0.3333333333333333,,"{""profile_name"": ""complex_d02"", ""map_seed"": 20360620, ""query_seed"": 20361624}"
complex_s00_q0004,n3p_k1,Complex,d08_12,True,True,0.3163082560058683,14,10.269613636757775,10.341091658073225,-0.006912038272056886,0,0.3399029227980346,0.10373043492841227,0,0,2,0,True,0,0,,,"{""profile_name"": ""complex_d02"", ""map_seed"": 20360620, ""query_seed"": 20361624}"
complex_s00_q0004,voronoi_waypoint,Complex,d08_12,True,True,0.34987943107262254,18,10.239911060896073,10.341091658073225,-0.009784324568689051,0,0.16370987065832063,0.12780836538041707,0,0,0,0,False,,,,,"{""profile_name"": ""complex_d02"", ""map_seed"": 20360620, ""query_seed"": 20361624, ""waypoint_count"": 1}"
complex_s00_q0004,bottleneck_waypoint,Complex,d08_12,True,True,0.4727506849449128,3,10.766021463641213,10.341091658073225,0.04109138760376885,0,0.2888826288590774,0.47279378585344944,0,0,0,0,False,,,,,"{""profile_name"": ""complex_d02"", ""map_seed"": 20360620, ""query_seed"": 20361624, ""waypoint_count"": 2, ""bottleneck_count"": 2}"
complex_s00_q0004,md_dqn,Complex,d08_12,False,False,0.16855756915174425,600,1.1249999999995712,10.341091658073225,,0,0.0,0.5514883189244851,0,0,0,0,False,,,,md_dqn_not_reached,"{""profile_name"": ""complex_d02"", ""map_seed"": 20360620, ""query_seed"": 20361624, ""md_dqn_source_dir"": ""/home/ubuntu/DQN10/2_experiment"", ""md_dqn_checkpoint_path"": ""/home/ubuntu/DQN10/2_experiment/ugv_dqn/outputs/2026-05-12_train_load_external_demo_smoke/models/realmap_a/mlp-dqn.pt"", ""md_dqn_algo"": ""mlp-dqn"", ""md_dqn_device"": ""cpu"", ""md_dqn_max_steps"": 600, ""md_dqn_rollout_steps"": 600, ""md_dqn_reached"": false}"
complex_s00_q0005,vanilla_ha,Complex,d12_16,True,True,1.001549482345581,1043,13.878684147737905,,,0,0.1475587371039805,0.07636115679497946,0,0,0,0,False,,,,,"{""profile_name"": ""complex_d02"", ""map_seed"": 20360621, ""query_seed"": 20361621, ""evaluation_path_source"": ""trace_poses"", ""planner_path_pose_count"": 46, ""evaluation_path_pose_count"": 140}"
complex_s00_q0005,f_n3p_knn,Complex,d12_16,True,True,0.019942186074331403,0,14.925020827871107,13.878684147737905,0.07539163432174112,2,0.2535432080709283,0.14582332782938123,0,15,0,0,True,0,2,0.0,,"{""profile_name"": ""complex_d02"", ""map_seed"": 20360621, ""query_seed"": 20361621}"
complex_s00_q0005,n3p_k1,Complex,d12_16,True,True,0.9217466521076858,654,13.822033468828776,13.878684147737905,-0.0040818479840081245,0,0.20722407878516508,0.10144656569207533,0,0,2,0,True,0,0,,,"{""profile_name"": ""complex_d02"", ""map_seed"": 20360621, ""query_seed"": 20361621}"
complex_s00_q0005,voronoi_waypoint,Complex,d12_16,True,True,0.5694918681401759,93,15.039989540163338,13.878684147737905,0.08367546808208859,0,0.31906065027125946,0.11476262224136635,0,0,0,0,False,,,,,"{""profile_name"": ""complex_d02"", ""map_seed"": 20360621, ""query_seed"": 20361621, ""waypoint_count"": 2}"
complex_s00_q0005,bottleneck_waypoint,Complex,d12_16,True,True,0.4834386820439249,3,14.748235974901984,13.878684147737905,0.06265376586913729,0,0.2886891928375985,0.16301883603447043,0,0,0,0,False,,,,,"{""profile_name"": ""complex_d02"", ""map_seed"": 20360621, ""query_seed"": 20361621, ""waypoint_count"": 2, ""bottleneck_count"": 2}"
complex_s00_q0005,md_dqn,Complex,d12_16,False,False,0.2554670290555805,295,21.87687499999999,13.878684147737905,,1,0.2069584871308885,0.10027572598041612,0,0,0,0,False,,,,md_dqn_not_reached,"{""profile_name"": ""complex_d02"", ""map_seed"": 20360621, ""query_seed"": 20361621, ""md_dqn_source_dir"": ""/home/ubuntu/DQN10/2_experiment"", ""md_dqn_checkpoint_path"": ""/home/ubuntu/DQN10/2_experiment/ugv_dqn/outputs/2026-05-12_train_load_external_demo_smoke/models/realmap_a/mlp-dqn.pt"", ""md_dqn_algo"": ""mlp-dqn"", ""md_dqn_device"": ""cpu"", ""md_dqn_max_steps"": 600, ""md_dqn_rollout_steps"": 295, ""md_dqn_reached"": false}"
complex_s00_q0006,vanilla_ha,Complex,d16_20,True,True,0.41234540939331055,355,19.669586339363914,,,0,0.423593167695349,0.06541455706251142,0,0,0,0,False,,,,,"{""profile_name"": ""complex_d02"", ""map_seed"": 20360621, ""query_seed"": 20361622, ""evaluation_path_source"": ""trace_poses"", ""planner_path_pose_count"": 63, ""evaluation_path_pose_count"": 200}"
complex_s00_q0006,f_n3p_knn,Complex,d16_20,True,True,0.1688571721315384,1,22.30596107756024,19.669586339363914,0.13403305451931447,1,0.19028498280002293,0.05977378715305581,0,19,1,0,True,3,3,1.0,,"{""profile_name"": ""complex_d02"", ""map_seed"": 20360621, ""query_seed"": 20361622}"
complex_s00_q0006,n3p_k1,Complex,d16_20,True,True,0.16719853784888983,1,22.30596107756024,19.669586339363914,0.13403305451931447,1,0.19028498280002293,0.05977378715305581,0,0,1,0,True,3,3,1.0,,"{""profile_name"": ""complex_d02"", ""map_seed"": 20360621, ""query_seed"": 20361622}"
complex_s00_q0006,voronoi_waypoint,Complex,d16_20,True,True,0.7614117919001728,5,23.3620221898778,19.669586339363914,0.18772310646535395,3,0.3103313737145733,0.1283193889219546,0,0,0,0,False,,,,,"{""profile_name"": ""complex_d02"", ""map_seed"": 20360621, ""query_seed"": 20361622, ""waypoint_count"": 4}"
complex_s00_q0006,bottleneck_waypoint,Complex,d16_20,True,True,0.6226427268702537,4,19.693588998043122,19.669586339363914,0.00122029300795079,0,0.17024802973984324,0.12325974742187351,0,0,0,0,False,,,,,"{""profile_name"": ""complex_d02"", ""map_seed"": 20360621, ""query_seed"": 20361622, ""waypoint_count"": 3, ""bottleneck_count"": 3}"
complex_s00_q0006,md_dqn,Complex,d16_20,False,False,0.16795761603862047,600,1.1250000000002993,19.669586339363914,,0,0.0,0.8245879670375085,0,0,0,0,False,,,,md_dqn_not_reached,"{""profile_name"": ""complex_d02"", ""map_seed"": 20360621, ""query_seed"": 20361622, ""md_dqn_source_dir"": ""/home/ubuntu/DQN10/2_experiment"", ""md_dqn_checkpoint_path"": ""/home/ubuntu/DQN10/2_experiment/ugv_dqn/outputs/2026-05-12_train_load_external_demo_smoke/models/realmap_a/mlp-dqn.pt"", ""md_dqn_algo"": ""mlp-dqn"", ""md_dqn_device"": ""cpu"", ""md_dqn_max_steps"": 600, ""md_dqn_rollout_steps"": 600, ""md_dqn_reached"": false}"
complex_s00_q0007,vanilla_ha,Complex,d20_inf,True,True,1.0109515190124512,1109,26.645960592051914,,,0,0.18880730073382837,0.1565578550460639,0,0,0,0,False,,,,,"{""profile_name"": ""complex_d02"", ""map_seed"": 20360621, ""query_seed"": 20361623, ""evaluation_path_source"": ""trace_poses"", ""planner_path_pose_count"": 83, ""evaluation_path_pose_count"": 269}"
complex_s00_q0007,f_n3p_knn,Complex,d20_inf,True,True,0.027138743083924055,0,26.33489185893781,26.645960592051914,-0.01167414220401164,0,0.0715101949602307,0.06903289680434865,0,14,0,0,True,1,3,0.3333333333333333,,"{""profile_name"": ""complex_d02"", ""map_seed"": 20360621, ""query_seed"": 20361623}"
complex_s00_q0007,n3p_k1,Complex,d20_inf,True,True,0.4058040229137987,343,26.267393448529763,26.645960592051914,-0.014207299534739648,0,0.21437040968221638,0.10963074230570657,0,0,1,0,True,1,1,1.0,,"{""profile_name"": ""complex_d02"", ""map_seed"": 20360621, ""query_seed"": 20361623}"
complex_s00_q0007,voronoi_waypoint,Complex,d20_inf,True,True,0.9057368829380721,9,28.730321986984062,26.645960592051914,0.07822429173575673,0,0.21094550351588723,0.15655785504605824,0,0,0,0,False,,,,,"{""profile_name"": ""complex_d02"", ""map_seed"": 20360621, ""query_seed"": 20361623, ""waypoint_count"": 5}"
complex_s00_q0007,bottleneck_waypoint,Complex,d20_inf,True,True,0.765357346041128,5,27.944485326483335,26.645960592051914,0.048732517258873065,0,0.17079840825148113,0.1565578550460639,0,0,0,0,False,,,,,"{""profile_name"": ""complex_d02"", ""map_seed"": 20360621, ""query_seed"": 20361623, ""waypoint_count"": 4, ""bottleneck_count"": 4}"
complex_s00_q0007,md_dqn,Complex,d20_inf,False,False,0.16842150152660906,600,1.1249999999999023,26.645960592051914,,0,0.0,0.4249022248839699,0,0,0,0,False,,,,md_dqn_not_reached,"{""profile_name"": ""complex_d02"", ""map_seed"": 20360621, ""query_seed"": 20361623, ""md_dqn_source_dir"": ""/home/ubuntu/DQN10/2_experiment"", ""md_dqn_checkpoint_path"": ""/home/ubuntu/DQN10/2_experiment/ugv_dqn/outputs/2026-05-12_train_load_external_demo_smoke/models/realmap_a/mlp-dqn.pt"", ""md_dqn_algo"": ""mlp-dqn"", ""md_dqn_device"": ""cpu"", ""md_dqn_max_steps"": 600, ""md_dqn_rollout_steps"": 600, ""md_dqn_reached"": false}"
complex_s00_q0008,vanilla_ha,Complex,d08_12,True,True,0.2566666603088379,186,8.976592163158896,,,1,0.22067991349937746,0.060043638913938824,0,0,0,0,False,,,,,"{""profile_name"": ""complex_d02"", ""map_seed"": 20360621, ""query_seed"": 20361624, ""evaluation_path_source"": ""trace_poses"", ""planner_path_pose_count"": 15, ""evaluation_path_pose_count"": 92}"
complex_s00_q0008,f_n3p_knn,Complex,d08_12,True,True,0.26534202392213047,186,8.976592163158896,8.976592163158896,0.0,1,0.22067991349937746,0.060043638913938824,0,19,1,0,True,0,0,,,"{""profile_name"": ""complex_d02"", ""map_seed"": 20360621, ""query_seed"": 20361624}"
complex_s00_q0008,n3p_k1,Complex,d08_12,True,True,0.26272104610688984,186,8.976592163158896,8.976592163158896,0.0,1,0.22067991349937746,0.060043638913938824,0,0,1,0,True,0,0,,,"{""profile_name"": ""complex_d02"", ""map_seed"": 20360621, ""query_seed"": 20361624}"
complex_s00_q0008,voronoi_waypoint,Complex,d08_12,True,True,0.6226812999229878,169,10.439099033113733,8.976592163158896,0.16292450891967158,2,0.43391461722389163,0.06185159306460364,0,0,0,0,False,,,,,"{""profile_name"": ""complex_d02"", ""map_seed"": 20360621, ""query_seed"": 20361624, ""waypoint_count"": 2}"
complex_s00_q0008,bottleneck_waypoint,Complex,d08_12,True,True,0.33660872699692845,4,9.602459202089005,8.976592163158896,0.06972212032743874,3,0.33561336229036587,0.07354675444442405,0,0,0,0,False,,,,,"{""profile_name"": ""complex_d02"", ""map_seed"": 20360621, ""query_seed"": 20361624, ""waypoint_count"": 1, ""bottleneck_count"": 1}"
complex_s00_q0008,md_dqn,Complex,d08_12,False,False,0.0014662900939583778,1,0.0037500000000005662,8.976592163158896,,0,0.08734630124013741,0.16123451909470488,0,0,0,0,False,,,,md_dqn_not_reached,"{""profile_name"": ""complex_d02"", ""map_seed"": 20360621, ""query_seed"": 20361624, ""md_dqn_source_dir"": ""/home/ubuntu/DQN10/2_experiment"", ""md_dqn_checkpoint_path"": ""/home/ubuntu/DQN10/2_experiment/ugv_dqn/outputs/2026-05-12_train_load_external_demo_smoke/models/realmap_a/mlp-dqn.pt"", ""md_dqn_algo"": ""mlp-dqn"", ""md_dqn_device"": ""cpu"", ""md_dqn_max_steps"": 600, ""md_dqn_rollout_steps"": 1, ""md_dqn_reached"": false}"
complex_s00_q0009,vanilla_ha,Complex,d12_16,False,False,2.500002861022949,2455,,,,0,,,0,0,0,0,False,,,,timeout,"{""profile_name"": ""complex_d02"", ""map_seed"": 20360621, ""query_seed"": 20361625, ""evaluation_path_source"": ""planner_path"", ""planner_path_pose_count"": 0, ""evaluation_path_pose_count"": 0}"
complex_s00_q0009,f_n3p_knn,Complex,d12_16,True,True,0.03041845210827887,0,15.8818239466315,,,3,0.16295761582471985,0.17637701388763205,0,6,0,0,True,1,3,0.3333333333333333,,"{""profile_name"": ""complex_d02"", ""map_seed"": 20360621, ""query_seed"": 20361625}"
complex_s00_q0009,n3p_k1,Complex,d12_16,True,True,0.22117387503385544,79,17.722683203705873,,,1,0.16385212176910932,0.1044023887574641,0,0,1,0,True,1,1,1.0,,"{""profile_name"": ""complex_d02"", ""map_seed"": 20360621, ""query_seed"": 20361625}"
complex_s00_q0009,voronoi_waypoint,Complex,d12_16,False,False,1.3360520789865404,877,10.676629360945565,,,0,0.07954234635804971,0.29197760880863566,0,0,0,0,False,,,,segment_failed:timeout,"{""profile_name"": ""complex_d02"", ""map_seed"": 20360621, ""query_seed"": 20361625, ""waypoint_count"": 2}"
complex_s00_q0009,bottleneck_waypoint,Complex,d12_16,True,True,0.7670610449276865,5,17.40143281732659,,,3,0.41329302092572184,0.2598733788993357,0,0,0,0,False,,,,,"{""profile_name"": ""complex_d02"", ""map_seed"": 20360621, ""query_seed"": 20361625, ""waypoint_count"": 4, ""bottleneck_count"": 4}"
complex_s00_q0009,md_dqn,Complex,d12_16,False,False,0.16745102242566645,600,1.1250000000000207,,,0,0.8385645564237092,1.728120549194974,0,0,0,0,False,,,,md_dqn_not_reached,"{""profile_name"": ""complex_d02"", ""map_seed"": 20360621, ""query_seed"": 20361625, ""md_dqn_source_dir"": ""/home/ubuntu/DQN10/2_experiment"", ""md_dqn_checkpoint_path"": ""/home/ubuntu/DQN10/2_experiment/ugv_dqn/outputs/2026-05-12_train_load_external_demo_smoke/models/realmap_a/mlp-dqn.pt"", ""md_dqn_algo"": ""mlp-dqn"", ""md_dqn_device"": ""cpu"", ""md_dqn_max_steps"": 600, ""md_dqn_rollout_steps"": 600, ""md_dqn_reached"": false}"
complex_s00_q0010,vanilla_ha,Complex,d16_20,False,False,2.50006365776062,4327,,,,0,,,0,0,0,0,False,,,,timeout,"{""profile_name"": ""complex_d02"", ""map_seed"": 20360622, ""query_seed"": 20361622, ""evaluation_path_source"": ""planner_path"", ""planner_path_pose_count"": 0, ""evaluation_path_pose_count"": 0}"
complex_s00_q0010,f_n3p_knn,Complex,d16_20,True,True,0.05085039301775396,0,19.533805739813744,,,4,0.24269258195663207,0.09858898290297824,0,33,0,0,True,1,5,0.2,,"{""profile_name"": ""complex_d02"", ""map_seed"": 20360622, ""query_seed"": 20361622}"
complex_s00_q0010,n3p_k1,Complex,d16_20,False,False,3.3673625111114234,6415,,,,0,,,0,0,1,1,True,0,0,,f2_failed:prediction:goal_in_collision;goal:node_budget_exhausted;f3_failed:timeout,"{""profile_name"": ""complex_d02"", ""map_seed"": 20360622, ""query_seed"": 20361622}"
complex_s00_q0010,voronoi_waypoint,Complex,d16_20,True,True,0.7731452188454568,178,21.987322742747235,,,4,0.33935653023999734,0.0663218549488962,0,0,0,0,False,,,,,"{""profile_name"": ""complex_d02"", ""map_seed"": 20360622, ""query_seed"": 20361622, ""waypoint_count"": 3}"
complex_s00_q0010,bottleneck_waypoint,Complex,d16_20,True,True,0.6368352689314634,25,20.619521851991642,,,2,0.28319568896445035,0.06399899700556066,0,0,0,0,False,,,,,"{""profile_name"": ""complex_d02"", ""map_seed"": 20360622, ""query_seed"": 20361622, ""waypoint_count"": 3, ""bottleneck_count"": 3}"
complex_s00_q0010,md_dqn,Complex,d16_20,False,False,0.0014616018161177635,1,0.003750000000001571,,,0,0.087346301240114,0.11562655687972412,0,0,0,0,False,,,,md_dqn_not_reached,"{""profile_name"": ""complex_d02"", ""map_seed"": 20360622, ""query_seed"": 20361622, ""md_dqn_source_dir"": ""/home/ubuntu/DQN10/2_experiment"", ""md_dqn_checkpoint_path"": ""/home/ubuntu/DQN10/2_experiment/ugv_dqn/outputs/2026-05-12_train_load_external_demo_smoke/models/realmap_a/mlp-dqn.pt"", ""md_dqn_algo"": ""mlp-dqn"", ""md_dqn_device"": ""cpu"", ""md_dqn_max_steps"": 600, ""md_dqn_rollout_steps"": 1, ""md_dqn_reached"": false}"
complex_s00_q0011,vanilla_ha,Complex,d20_inf,True,True,0.2913944721221924,201,24.696195770048842,,,0,0.32265776563713133,0.10951741654463953,0,0,0,0,False,,,,,"{""profile_name"": ""complex_d02"", ""map_seed"": 20360622, ""query_seed"": 20361623, ""evaluation_path_source"": ""trace_poses"", ""planner_path_pose_count"": 65, ""evaluation_path_pose_count"": 250}"
complex_s00_q0011,f_n3p_knn,Complex,d20_inf,True,True,0.046347995987161994,0,29.32652618494795,24.696195770048842,0.18749164681123487,7,0.253533969635365,0.09188463453652895,0,19,0,0,True,3,6,0.5,,"{""profile_name"": ""complex_d02"", ""map_seed"": 20360622, ""query_seed"": 20361623}"
complex_s00_q0011,n3p_k1,Complex,d20_inf,True,True,0.1874599470756948,17,24.846643846084884,24.696195770048842,0.006091953491011104,2,0.09169156062607638,0.09053134024753351,0,0,1,0,True,3,3,1.0,,"{""profile_name"": ""complex_d02"", ""map_seed"": 20360622, ""query_seed"": 20361623}"
complex_s00_q0011,voronoi_waypoint,Complex,d20_inf,True,True,0.7565055168233812,5,26.442689167578312,24.696195770048842,0.07071912669430613,0,0.16910705814976568,0.1504538173292903,0,0,0,0,False,,,,,"{""profile_name"": ""complex_d02"", ""map_seed"": 20360622, ""query_seed"": 20361623, ""waypoint_count"": 4}"
complex_s00_q0011,bottleneck_waypoint,Complex,d20_inf,True,True,0.8984456008765846,6,26.431872837910483,24.696195770048842,0.07028115115473144,0,0.18888546129805314,0.3179591172130066,0,0,0,0,False,,,,,"{""profile_name"": ""complex_d02"", ""map_seed"": 20360622, ""query_seed"": 20361623, ""waypoint_count"": 5, ""bottleneck_count"": 5}"
complex_s00_q0011,md_dqn,Complex,d20_inf,False,False,0.16795821045525372,600,1.124999999999999,24.696195770048842,,0,0.8286550898948969,1.1055726804625587,0,0,0,0,False,,,,md_dqn_not_reached,"{""profile_name"": ""complex_d02"", ""map_seed"": 20360622, ""query_seed"": 20361623, ""md_dqn_source_dir"": ""/home/ubuntu/DQN10/2_experiment"", ""md_dqn_checkpoint_path"": ""/home/ubuntu/DQN10/2_experiment/ugv_dqn/outputs/2026-05-12_train_load_external_demo_smoke/models/realmap_a/mlp-dqn.pt"", ""md_dqn_algo"": ""mlp-dqn"", ""md_dqn_device"": ""cpu"", ""md_dqn_max_steps"": 600, ""md_dqn_rollout_steps"": 600, ""md_dqn_reached"": false}"
complex_s00_q0012,vanilla_ha,Complex,d08_12,True,True,0.17049932479858398,37,11.202373266044965,,,0,0.18715933080402739,0.08644805890021645,0,0,0,0,False,,,,,"{""profile_name"": ""complex_d02"", ""map_seed"": 20360622, ""query_seed"": 20361624, ""evaluation_path_source"": ""trace_poses"", ""planner_path_pose_count"": 15, ""evaluation_path_pose_count"": 115}"
complex_s00_q0012,f_n3p_knn,Complex,d08_12,True,True,0.0103977438993752,0,12.858283855002027,11.202373266044965,0.1478178373127612,0,0.2251455276592015,0.11438543389498634,0,0,0,0,False,1,1,1.0,,"{""profile_name"": ""complex_d02"", ""map_seed"": 20360622, ""query_seed"": 20361624}"
complex_s00_q0012,n3p_k1,Complex,d08_12,True,True,0.009560473961755633,0,12.858283855002027,11.202373266044965,0.1478178373127612,0,0.2251455276592015,0.11438543389498634,0,0,0,0,False,1,1,1.0,,"{""profile_name"": ""complex_d02"", ""map_seed"": 20360622, ""query_seed"": 20361624}"
complex_s00_q0012,voronoi_waypoint,Complex,d08_12,True,True,0.4831812409684062,3,12.496253596888199,11.202373266044965,0.11550055511585744,0,0.3167014392916619,0.0764816404096359,0,0,0,0,False,,,,,"{""profile_name"": ""complex_d02"", ""map_seed"": 20360622, ""query_seed"": 20361624, ""waypoint_count"": 2}"
complex_s00_q0012,bottleneck_waypoint,Complex,d08_12,True,True,0.6192999840714037,4,12.589970809217553,11.202373266044965,0.12386639064942373,1,0.3624200357328909,0.11438543389498768,0,0,0,0,False,,,,,"{""profile_name"": ""complex_d02"", ""map_seed"": 20360622, ""query_seed"": 20361624, ""waypoint_count"": 3, ""bottleneck_count"": 3}"
complex_s00_q0012,md_dqn,Complex,d08_12,False,False,0.29203727981075644,505,0.9881249999997556,11.202373266044965,,1,0.029521130212680994,0.4988438045220528,0,0,0,0,False,,,,md_dqn_not_reached,"{""profile_name"": ""complex_d02"", ""map_seed"": 20360622, ""query_seed"": 20361624, ""md_dqn_source_dir"": ""/home/ubuntu/DQN10/2_experiment"", ""md_dqn_checkpoint_path"": ""/home/ubuntu/DQN10/2_experiment/ugv_dqn/outputs/2026-05-12_train_load_external_demo_smoke/models/realmap_a/mlp-dqn.pt"", ""md_dqn_algo"": ""mlp-dqn"", ""md_dqn_device"": ""cpu"", ""md_dqn_max_steps"": 600, ""md_dqn_rollout_steps"": 505, ""md_dqn_reached"": false}"
complex_s00_q0013,vanilla_ha,Complex,d12_16,True,True,0.15494585037231445,9,15.399712573653815,,,0,0.019553899897835413,0.15038941489450386,0,0,0,0,False,,,,,"{""profile_name"": ""complex_d02"", ""map_seed"": 20360622, ""query_seed"": 20361625, ""evaluation_path_source"": ""trace_poses"", ""planner_path_pose_count"": 9, ""evaluation_path_pose_count"": 157}"
complex_s00_q0013,f_n3p_knn,Complex,d12_16,True,True,0.012771331006661057,0,15.55017293569471,15.399712573653815,0.00977033573329833,0,0.03816053280407698,0.1085970035860202,0,5,0,0,True,0,1,0.0,,"{""profile_name"": ""complex_d02"", ""map_seed"": 20360622, ""query_seed"": 20361625}"
complex_s00_q0013,n3p_k1,Complex,d12_16,True,True,0.1630714440252632,11,15.424311847015115,15.399712573653815,0.0015973852267467947,0,0.04392050049079,0.19909724241764848,0,0,1,0,True,0,0,,,"{""profile_name"": ""complex_d02"", ""map_seed"": 20360622, ""query_seed"": 20361625}"
complex_s00_q0013,voronoi_waypoint,Complex,d12_16,True,True,0.47823771205730736,3,16.312262038029655,15.399712573653815,0.0592575647117628,0,0.14244640722668347,0.06286656079200392,0,0,0,0,False,,,,,"{""profile_name"": ""complex_d02"", ""map_seed"": 20360622, ""query_seed"": 20361625, ""waypoint_count"": 2}"
complex_s00_q0013,bottleneck_waypoint,Complex,d12_16,True,True,0.6224292840342969,4,17.10824014077159,15.399712573653815,0.11094541920482093,2,0.3211309796577069,0.3918640575256106,0,0,0,0,False,,,,,"{""profile_name"": ""complex_d02"", ""map_seed"": 20360622, ""query_seed"": 20361625, ""waypoint_count"": 3, ""bottleneck_count"": 3}"
complex_s00_q0013,md_dqn,Complex,d12_16,False,False,0.16676799370907247,600,1.1249999999996678,15.399712573653815,,0,0.0,0.3088886233534912,0,0,0,0,False,,,,md_dqn_not_reached,"{""profile_name"": ""complex_d02"", ""map_seed"": 20360622, ""query_seed"": 20361625, ""md_dqn_source_dir"": ""/home/ubuntu/DQN10/2_experiment"", ""md_dqn_checkpoint_path"": ""/home/ubuntu/DQN10/2_experiment/ugv_dqn/outputs/2026-05-12_train_load_external_demo_smoke/models/realmap_a/mlp-dqn.pt"", ""md_dqn_algo"": ""mlp-dqn"", ""md_dqn_device"": ""cpu"", ""md_dqn_max_steps"": 600, ""md_dqn_rollout_steps"": 600, ""md_dqn_reached"": false}"
complex_s00_q0014,vanilla_ha,Complex,d16_20,True,True,0.47450947761535645,585,20.05285410146666,,,0,0.08976278343681515,0.06137342017322345,0,0,0,0,False,,,,,"{""profile_name"": ""complex_d02"", ""map_seed"": 20360622, ""query_seed"": 20361626, ""evaluation_path_source"": ""trace_poses"", ""planner_path_pose_count"": 30, ""evaluation_path_pose_count"": 204}"
complex_s00_q0014,f_n3p_knn,Complex,d16_20,True,True,0.6485561120789498,809,20.190512359761595,20.05285410146666,0.006864771348676246,0,0.09450636772200269,0.06079842655495049,0,19,1,0,True,1,1,1.0,,"{""profile_name"": ""complex_d02"", ""map_seed"": 20360622, ""query_seed"": 20361626}"
complex_s00_q0014,n3p_k1,Complex,d16_20,True,True,0.6457319047767669,809,20.190512359761595,20.05285410146666,0.006864771348676246,0,0.09450636772200269,0.06079842655495049,0,0,1,0,True,1,1,1.0,,"{""profile_name"": ""complex_d02"", ""map_seed"": 20360622, ""query_seed"": 20361626}"
complex_s00_q0014,voronoi_waypoint,Complex,d16_20,True,True,1.2019435961265117,608,21.356496419083502,20.05285410146666,0.06501031279739333,2,0.18539785052266575,0.06977659708170214,0,0,0,0,False,,,,,"{""profile_name"": ""complex_d02"", ""map_seed"": 20360622, ""query_seed"": 20361626, ""waypoint_count"": 3}"
complex_s00_q0014,bottleneck_waypoint,Complex,d16_20,True,True,0.7665459939744323,5,20.710302760318033,20.05285410146666,0.03278578976961133,0,0.171195409800948,0.10211353449310634,0,0,0,0,False,,,,,"{""profile_name"": ""complex_d02"", ""map_seed"": 20360622, ""query_seed"": 20361626, ""waypoint_count"": 4, ""bottleneck_count"": 4}"
complex_s00_q0014,md_dqn,Complex,d16_20,False,False,0.16824444336816669,600,1.124999999999978,20.05285410146666,,0,0.6916187246525426,1.0870839079714574,0,0,0,0,False,,,,md_dqn_not_reached,"{""profile_name"": ""complex_d02"", ""map_seed"": 20360622, ""query_seed"": 20361626, ""md_dqn_source_dir"": ""/home/ubuntu/DQN10/2_experiment"", ""md_dqn_checkpoint_path"": ""/home/ubuntu/DQN10/2_experiment/ugv_dqn/outputs/2026-05-12_train_load_external_demo_smoke/models/realmap_a/mlp-dqn.pt"", ""md_dqn_algo"": ""mlp-dqn"", ""md_dqn_device"": ""cpu"", ""md_dqn_max_steps"": 600, ""md_dqn_rollout_steps"": 600, ""md_dqn_reached"": false}"
complex_s00_q0015,vanilla_ha,Complex,d20_inf,False,False,2.500347852706909,3355,,,,0,,,0,0,0,0,False,,,,timeout,"{""profile_name"": ""complex_d02"", ""map_seed"": 20360623, ""query_seed"": 20361623, ""evaluation_path_source"": ""planner_path"", ""planner_path_pose_count"": 0, ""evaluation_path_pose_count"": 0}"
complex_s00_q0015,f_n3p_knn,Complex,d20_inf,True,True,0.0474215520080179,0,27.494076589684582,,,0,0.09821478561145505,0.1760963170427381,0,12,0,0,True,1,5,0.2,,"{""profile_name"": ""complex_d02"", ""map_seed"": 20360623, ""query_seed"": 20361623}"
complex_s00_q0015,n3p_k1,Complex,d20_inf,False,False,3.695738635957241,4779,,,,0,,,0,0,2,1,True,0,0,,f2_failed:prediction:goal_in_collision;goal:timeout;f3_failed:timeout,"{""profile_name"": ""complex_d02"", ""map_seed"": 20360623, ""query_seed"": 20361623}"
complex_s00_q0015,voronoi_waypoint,Complex,d20_inf,True,True,0.9117194451391697,6,28.57856593009003,,,2,0.16401729227244682,0.4843212586209886,0,0,0,0,False,,,,,"{""profile_name"": ""complex_d02"", ""map_seed"": 20360623, ""query_seed"": 20361623, ""waypoint_count"": 5}"
complex_s00_q0015,bottleneck_waypoint,Complex,d20_inf,True,True,0.9115086288657039,6,28.052429833432175,,,0,0.1407736438261785,0.39168210353865784,0,0,0,0,False,,,,,"{""profile_name"": ""complex_d02"", ""map_seed"": 20360623, ""query_seed"": 20361623, ""waypoint_count"": 5, ""bottleneck_count"": 5}"
complex_s00_q0015,md_dqn,Complex,d20_inf,False,False,0.16707192570902407,600,1.124999999999139,,,0,0.0,1.1118052239940417,0,0,0,0,False,,,,md_dqn_not_reached,"{""profile_name"": ""complex_d02"", ""map_seed"": 20360623, ""query_seed"": 20361623, ""md_dqn_source_dir"": ""/home/ubuntu/DQN10/2_experiment"", ""md_dqn_checkpoint_path"": ""/home/ubuntu/DQN10/2_experiment/ugv_dqn/outputs/2026-05-12_train_load_external_demo_smoke/models/realmap_a/mlp-dqn.pt"", ""md_dqn_algo"": ""mlp-dqn"", ""md_dqn_device"": ""cpu"", ""md_dqn_max_steps"": 600, ""md_dqn_rollout_steps"": 600, ""md_dqn_reached"": false}"
complex_s00_q0016,vanilla_ha,Complex,d08_12,True,True,0.14856839179992676,1,9.078546139112802,,,0,0.0,0.7742655267286656,0,0,0,0,False,,,,,"{""profile_name"": ""complex_d02"", ""map_seed"": 20360623, ""query_seed"": 20361624, ""evaluation_path_source"": ""trace_poses"", ""planner_path_pose_count"": 2, ""evaluation_path_pose_count"": 92}"
complex_s00_q0016,f_n3p_knn,Complex,d08_12,True,True,0.0004341730382293463,0,9.078546139112802,9.078546139112802,0.0,0,0.0,0.7742655267286662,0,0,0,0,False,0,0,,,"{""profile_name"": ""complex_d02"", ""map_seed"": 20360623, ""query_seed"": 20361624}"
complex_s00_q0016,n3p_k1,Complex,d08_12,True,True,0.00039990898221731186,0,9.078546139112802,9.078546139112802,0.0,0,0.0,0.7742655267286662,0,0,0,0,False,0,0,,,"{""profile_name"": ""complex_d02"", ""map_seed"": 20360623, ""query_seed"": 20361624}"
complex_s00_q0016,voronoi_waypoint,Complex,d08_12,True,True,0.3397869230248034,2,9.594697864641288,9.078546139112802,0.05685400697637766,0,0.2234725401905378,0.7742655267286667,0,0,0,0,False,,,,,"{""profile_name"": ""complex_d02"", ""map_seed"": 20360623, ""query_seed"": 20361624, ""waypoint_count"": 1}"
complex_s00_q0016,bottleneck_waypoint,Complex,d08_12,True,True,0.3387980640400201,2,10.228050472816312,9.078546139112802,0.1266176672001631,0,0.2775628746980059,0.7742655267286667,0,0,0,0,False,,,,,"{""profile_name"": ""complex_d02"", ""map_seed"": 20360623, ""query_seed"": 20361624, ""waypoint_count"": 1, ""bottleneck_count"": 1}"
complex_s00_q0016,md_dqn,Complex,d08_12,False,False,0.16731820930726826,600,1.1249999999999645,9.078546139112802,,0,0.8286550898949163,1.2353232324562335,0,0,0,0,False,,,,md_dqn_not_reached,"{""profile_name"": ""complex_d02"", ""map_seed"": 20360623, ""query_seed"": 20361624, ""md_dqn_source_dir"": ""/home/ubuntu/DQN10/2_experiment"", ""md_dqn_checkpoint_path"": ""/home/ubuntu/DQN10/2_experiment/ugv_dqn/outputs/2026-05-12_train_load_external_demo_smoke/models/realmap_a/mlp-dqn.pt"", ""md_dqn_algo"": ""mlp-dqn"", ""md_dqn_device"": ""cpu"", ""md_dqn_max_steps"": 600, ""md_dqn_rollout_steps"": 600, ""md_dqn_reached"": false}"
complex_s00_q0017,vanilla_ha,Complex,d12_16,True,True,0.14599394798278809,1,14.22005625867915,,,0,0.0,0.1708427551030448,0,0,0,0,False,,,,,"{""profile_name"": ""complex_d02"", ""map_seed"": 20360623, ""query_seed"": 20361625, ""evaluation_path_source"": ""trace_poses"", ""planner_path_pose_count"": 2, ""evaluation_path_pose_count"": 144}"
complex_s00_q0017,f_n3p_knn,Complex,d12_16,True,True,0.0005970171187072992,0,14.22005625867915,14.22005625867915,0.0,0,0.0,0.17084275510304614,0,0,0,0,False,0,0,,,"{""profile_name"": ""complex_d02"", ""map_seed"": 20360623, ""query_seed"": 20361625}"
complex_s00_q0017,n3p_k1,Complex,d12_16,True,True,0.0005839189980179071,0,14.22005625867915,14.22005625867915,0.0,0,0.0,0.17084275510304614,0,0,0,0,False,0,0,,,"{""profile_name"": ""complex_d02"", ""map_seed"": 20360623, ""query_seed"": 20361625}"
complex_s00_q0017,voronoi_waypoint,Complex,d12_16,True,True,0.4971573769580573,31,15.759217418301866,14.22005625867915,0.10823875318237897,0,0.34325059299591776,0.07326415481518866,0,0,0,0,False,,,,,"{""profile_name"": ""complex_d02"", ""map_seed"": 20360623, ""query_seed"": 20361625, ""waypoint_count"": 2}"
complex_s00_q0017,bottleneck_waypoint,Complex,d12_16,True,True,0.47169953491538763,3,14.739847048541426,14.22005625867915,0.036553356780499646,0,0.159061878629803,0.2941816957090474,0,0,0,0,False,,,,,"{""profile_name"": ""complex_d02"", ""map_seed"": 20360623, ""query_seed"": 20361625, ""waypoint_count"": 2, ""bottleneck_count"": 2}"
complex_s00_q0017,md_dqn,Complex,d12_16,False,False,0.16725774039514363,600,1.1249999999995022,14.22005625867915,,0,0.0,0.3256078042927347,0,0,0,0,False,,,,md_dqn_not_reached,"{""profile_name"": ""complex_d02"", ""map_seed"": 20360623, ""query_seed"": 20361625, ""md_dqn_source_dir"": ""/home/ubuntu/DQN10/2_experiment"", ""md_dqn_checkpoint_path"": ""/home/ubuntu/DQN10/2_experiment/ugv_dqn/outputs/2026-05-12_train_load_external_demo_smoke/models/realmap_a/mlp-dqn.pt"", ""md_dqn_algo"": ""mlp-dqn"", ""md_dqn_device"": ""cpu"", ""md_dqn_max_steps"": 600, ""md_dqn_rollout_steps"": 600, ""md_dqn_reached"": false}"
complex_s00_q0018,vanilla_ha,Complex,d16_20,True,True,0.1468038558959961,1,16.552945357246845,,,0,0.0,0.4999570915180408,0,0,0,0,False,,,,,"{""profile_name"": ""complex_d02"", ""map_seed"": 20360623, ""query_seed"": 20361626, ""evaluation_path_source"": ""trace_poses"", ""planner_path_pose_count"": 2, ""evaluation_path_pose_count"": 167}"
complex_s00_q0018,f_n3p_knn,Complex,d16_20,True,True,0.0006680581718683243,0,16.552945357246845,16.552945357246845,0.0,0,2.6828410307996408e-17,0.4999570915180408,0,0,0,0,False,0,0,,,"{""profile_name"": ""complex_d02"", ""map_seed"": 20360623, ""query_seed"": 20361626}"
complex_s00_q0018,n3p_k1,Complex,d16_20,True,True,0.0006640511564910412,0,16.552945357246845,16.552945357246845,0.0,0,2.6828410307996408e-17,0.4999570915180408,0,0,0,0,False,0,0,,,"{""profile_name"": ""complex_d02"", ""map_seed"": 20360623, ""query_seed"": 20361626}"
complex_s00_q0018,voronoi_waypoint,Complex,d16_20,True,True,0.6162908968981355,4,17.845285641313197,16.552945357246845,0.07807313177050812,0,0.31834816153821643,1.0070497921364567,0,0,0,0,False,,,,,"{""profile_name"": ""complex_d02"", ""map_seed"": 20360623, ""query_seed"": 20361626, ""waypoint_count"": 3}"
complex_s00_q0018,bottleneck_waypoint,Complex,d16_20,True,True,0.6146787588950247,4,17.22980179931321,16.552945357246845,0.040890393066514985,0,0.14527393026214208,1.0107915961449945,0,0,0,0,False,,,,,"{""profile_name"": ""complex_d02"", ""map_seed"": 20360623, ""query_seed"": 20361626, ""waypoint_count"": 3, ""bottleneck_count"": 3}"
complex_s00_q0018,md_dqn,Complex,d16_20,False,False,0.1666298706550151,600,1.1250000000000016,16.552945357246845,,0,0.8385645564237252,0.7093799724238374,0,0,0,0,False,,,,md_dqn_not_reached,"{""profile_name"": ""complex_d02"", ""map_seed"": 20360623, ""query_seed"": 20361626, ""md_dqn_source_dir"": ""/home/ubuntu/DQN10/2_experiment"", ""md_dqn_checkpoint_path"": ""/home/ubuntu/DQN10/2_experiment/ugv_dqn/outputs/2026-05-12_train_load_external_demo_smoke/models/realmap_a/mlp-dqn.pt"", ""md_dqn_algo"": ""mlp-dqn"", ""md_dqn_device"": ""cpu"", ""md_dqn_max_steps"": 600, ""md_dqn_rollout_steps"": 600, ""md_dqn_reached"": false}"
complex_s00_q0019,vanilla_ha,Complex,d20_inf,True,True,2.3023769855499268,2833,22.188234461750348,,,0,0.06639999604564246,0.08118429476971278,0,0,0,0,False,,,,,"{""profile_name"": ""complex_d02"", ""map_seed"": 20360623, ""query_seed"": 20361627, ""evaluation_path_source"": ""trace_poses"", ""planner_path_pose_count"": 70, ""evaluation_path_pose_count"": 224}"
complex_s00_q0019,f_n3p_knn,Complex,d20_inf,True,True,0.026176766026765108,0,23.345161569980306,22.188234461750348,0.052141467597358826,0,0.12944429448104086,0.2592822713974382,0,4,0,0,True,1,3,0.3333333333333333,,"{""profile_name"": ""complex_d02"", ""map_seed"": 20360623, ""query_seed"": 20361627}"
complex_s00_q0019,n3p_k1,Complex,d20_inf,True,True,0.7251172189135104,446,22.51156027244833,22.188234461750348,0.01457194853675059,0,0.13454751175968085,0.07441549730951813,0,0,2,0,True,1,1,1.0,,"{""profile_name"": ""complex_d02"", ""map_seed"": 20360623, ""query_seed"": 20361627}"
complex_s00_q0019,voronoi_waypoint,Complex,d20_inf,True,True,0.7695143069140613,5,25.17033776753098,22.188234461750348,0.13440020705213818,3,0.2958229296413011,0.3077608322426726,0,0,0,0,False,,,,,"{""profile_name"": ""complex_d02"", ""map_seed"": 20360623, ""query_seed"": 20361627, ""waypoint_count"": 4}"
complex_s00_q0019,bottleneck_waypoint,Complex,d20_inf,True,True,0.7818693148437887,17,23.71851088434855,22.188234461750348,0.06896792195143786,0,0.26823647627563746,0.3877294689736066,0,0,0,0,False,,,,,"{""profile_name"": ""complex_d02"", ""map_seed"": 20360623, ""query_seed"": 20361627, ""waypoint_count"": 4, ""bottleneck_count"": 4}"
complex_s00_q0019,md_dqn,Complex,d20_inf,False,False,0.16741288476623595,600,1.1249999999994813,22.188234461750348,,0,0.0,1.000991843733645,0,0,0,0,False,,,,md_dqn_not_reached,"{""profile_name"": ""complex_d02"", ""map_seed"": 20360623, ""query_seed"": 20361627, ""md_dqn_source_dir"": ""/home/ubuntu/DQN10/2_experiment"", ""md_dqn_checkpoint_path"": ""/home/ubuntu/DQN10/2_experiment/ugv_dqn/outputs/2026-05-12_train_load_external_demo_smoke/models/realmap_a/mlp-dqn.pt"", ""md_dqn_algo"": ""mlp-dqn"", ""md_dqn_device"": ""cpu"", ""md_dqn_max_steps"": 600, ""md_dqn_rollout_steps"": 600, ""md_dqn_reached"": false}"
complex_s01_q0020,vanilla_ha,Complex,d08_12,True,True,0.1665787696838379,31,10.717975312731328,,,0,0.2683388936709034,0.07321177594092187,0,0,0,0,False,,,,,"{""profile_name"": ""complex_d02"", ""map_seed"": 20370620, ""query_seed"": 20371620, ""evaluation_path_source"": ""trace_poses"", ""planner_path_pose_count"": 12, ""evaluation_path_pose_count"": 109}"
complex_s01_q0020,f_n3p_knn,Complex,d08_12,True,True,0.026407257886603475,0,10.755554403037932,10.717975312731328,0.0035061743669035916,1,0.23729359044719917,0.09024670976387827,0,5,0,0,True,0,3,0.0,,"{""profile_name"": ""complex_d02"", ""map_seed"": 20370620, ""query_seed"": 20371620}"
complex_s01_q0020,n3p_k1,Complex,d08_12,True,True,0.16919760801829398,31,10.717975312731328,10.717975312731328,0.0,0,0.2683388936709034,0.07321177594092187,0,0,1,0,True,0,0,,,"{""profile_name"": ""complex_d02"", ""map_seed"": 20370620, ""query_seed"": 20371620}"
complex_s01_q0020,voronoi_waypoint,Complex,d08_12,True,True,0.4812503019347787,15,12.957870850406536,10.717975312731328,0.20898495026523833,1,0.5935822319021623,0.07321177594092187,0,0,0,0,False,,,,,"{""profile_name"": ""complex_d02"", ""map_seed"": 20370620, ""query_seed"": 20371620, ""waypoint_count"": 2}"
complex_s01_q0020,bottleneck_waypoint,Complex,d08_12,True,True,0.3486051498912275,17,12.464965063678237,10.717975312731328,0.16299624695643322,3,0.28152153856663104,0.18748454447524165,0,0,0,0,False,,,,,"{""profile_name"": ""complex_d02"", ""map_seed"": 20370620, ""query_seed"": 20371620, ""waypoint_count"": 1, ""bottleneck_count"": 1}"
complex_s01_q0020,md_dqn,Complex,d08_12,False,False,0.11292363633401692,34,0.07500000000000323,10.717975312731328,,0,0.1426302779844381,0.5449121000583641,0,0,0,0,False,,,,md_dqn_not_reached,"{""profile_name"": ""complex_d02"", ""map_seed"": 20370620, ""query_seed"": 20371620, ""md_dqn_source_dir"": ""/home/ubuntu/DQN10/2_experiment"", ""md_dqn_checkpoint_path"": ""/home/ubuntu/DQN10/2_experiment/ugv_dqn/outputs/2026-05-12_train_load_external_demo_smoke/models/realmap_a/mlp-dqn.pt"", ""md_dqn_algo"": ""mlp-dqn"", ""md_dqn_device"": ""cpu"", ""md_dqn_max_steps"": 600, ""md_dqn_rollout_steps"": 34, ""md_dqn_reached"": false}"
complex_s01_q0021,vanilla_ha,Complex,d12_16,True,True,0.7445878982543945,799,16.53421446611142,,,0,0.17498325187480937,0.09972305135259785,0,0,0,0,False,,,,,"{""profile_name"": ""complex_d02"", ""map_seed"": 20370620, ""query_seed"": 20371621, ""evaluation_path_source"": ""trace_poses"", ""planner_path_pose_count"": 46, ""evaluation_path_pose_count"": 168}"
complex_s01_q0021,f_n3p_knn,Complex,d12_16,True,True,1.229094167938456,1026,16.57259256780278,16.53421446611142,0.002321132447508756,0,0.21106228981207903,0.08681798094499071,0,20,1,0,True,0,1,0.0,,"{""profile_name"": ""complex_d02"", ""map_seed"": 20370620, ""query_seed"": 20371621}"
complex_s01_q0021,n3p_k1,Complex,d12_16,True,True,0.7506944451015443,799,16.53421446611142,16.53421446611142,0.0,0,0.17498325187480934,0.09972305135259785,0,0,1,0,True,0,0,,,"{""profile_name"": ""complex_d02"", ""map_seed"": 20370620, ""query_seed"": 20371621}"
complex_s01_q0021,voronoi_waypoint,Complex,d12_16,True,True,0.6190099350642413,4,17.461940757228717,16.53421446611142,0.05610948696829654,0,0.25758395815526475,0.10156164080138375,0,0,0,0,False,,,,,"{""profile_name"": ""complex_d02"", ""map_seed"": 20370620, ""query_seed"": 20371621, ""waypoint_count"": 3}"
complex_s01_q0021,bottleneck_waypoint,Complex,d12_16,True,True,0.47963524190708995,3,16.90093742157749,16.53421446611142,0.02217964187035948,0,0.16586682299315642,0.3975613201546806,0,0,0,0,False,,,,,"{""profile_name"": ""complex_d02"", ""map_seed"": 20370620, ""query_seed"": 20371621, ""waypoint_count"": 2, ""bottleneck_count"": 2}"
complex_s01_q0021,md_dqn,Complex,d12_16,False,False,0.16528984741307795,600,1.1249999999999705,16.53421446611142,,0,0.41030375110348344,0.6901247835889261,0,0,0,0,False,,,,md_dqn_not_reached,"{""profile_name"": ""complex_d02"", ""map_seed"": 20370620, ""query_seed"": 20371621, ""md_dqn_source_dir"": ""/home/ubuntu/DQN10/2_experiment"", ""md_dqn_checkpoint_path"": ""/home/ubuntu/DQN10/2_experiment/ugv_dqn/outputs/2026-05-12_train_load_external_demo_smoke/models/realmap_a/mlp-dqn.pt"", ""md_dqn_algo"": ""mlp-dqn"", ""md_dqn_device"": ""cpu"", ""md_dqn_max_steps"": 600, ""md_dqn_rollout_steps"": 600, ""md_dqn_reached"": false}"
complex_s01_q0022,vanilla_ha,Complex,d16_20,False,False,2.5001060962677,2705,,,,0,,,0,0,0,0,False,,,,timeout,"{""profile_name"": ""complex_d02"", ""map_seed"": 20370620, ""query_seed"": 20371622, ""evaluation_path_source"": ""planner_path"", ""planner_path_pose_count"": 0, ""evaluation_path_pose_count"": 0}"
complex_s01_q0022,f_n3p_knn,Complex,d16_20,True,True,0.029725223081186414,0,19.44495852719003,,,3,0.2011206323970561,0.10460637178641208,0,1,0,0,True,2,3,0.6666666666666666,,"{""profile_name"": ""complex_d02"", ""map_seed"": 20370620, ""query_seed"": 20371622}"
complex_s01_q0022,n3p_k1,Complex,d16_20,True,True,0.3368023668881506,199,21.00771662946357,,,3,0.3219748195676439,0.10934489729248986,0,0,1,0,True,2,2,1.0,,"{""profile_name"": ""complex_d02"", ""map_seed"": 20370620, ""query_seed"": 20371622}"
complex_s01_q0022,voronoi_waypoint,Complex,d16_20,True,True,0.6421990599483252,31,21.89746473752943,,,1,0.3192799853948083,0.08318109799394646,0,0,0,0,False,,,,,"{""profile_name"": ""complex_d02"", ""map_seed"": 20370620, ""query_seed"": 20371622, ""waypoint_count"": 3}"
complex_s01_q0022,bottleneck_waypoint,Complex,d16_20,True,True,0.8977307670284063,6,21.864796305122972,,,1,0.29380863500241633,0.15652494868864064,0,0,0,0,False,,,,,"{""profile_name"": ""complex_d02"", ""map_seed"": 20370620, ""query_seed"": 20371622, ""waypoint_count"": 5, ""bottleneck_count"": 5}"
complex_s01_q0022,md_dqn,Complex,d16_20,False,False,0.16579385241493583,600,1.125000000000112,,,0,0.0,1.3503326840687753,0,0,0,0,False,,,,md_dqn_not_reached,"{""profile_name"": ""complex_d02"", ""map_seed"": 20370620, ""query_seed"": 20371622, ""md_dqn_source_dir"": ""/home/ubuntu/DQN10/2_experiment"", ""md_dqn_checkpoint_path"": ""/home/ubuntu/DQN10/2_experiment/ugv_dqn/outputs/2026-05-12_train_load_external_demo_smoke/models/realmap_a/mlp-dqn.pt"", ""md_dqn_algo"": ""mlp-dqn"", ""md_dqn_device"": ""cpu"", ""md_dqn_max_steps"": 600, ""md_dqn_rollout_steps"": 600, ""md_dqn_reached"": false}"
complex_s01_q0023,vanilla_ha,Complex,d20_inf,True,True,1.40928053855896,1796,21.91731808982242,,,0,0.22959662807127065,0.07304455164569357,0,0,0,0,False,,,,,"{""profile_name"": ""complex_d02"", ""map_seed"": 20370620, ""query_seed"": 20371623, ""evaluation_path_source"": ""trace_poses"", ""planner_path_pose_count"": 58, ""evaluation_path_pose_count"": 222}"
complex_s01_q0023,f_n3p_knn,Complex,d20_inf,True,True,0.030410526087507606,0,21.921294352506127,21.91731808982242,0.00018142104190910224,0,0.08528963768208447,0.12813742334446387,0,7,0,0,True,0,3,0.0,,"{""profile_name"": ""complex_d02"", ""map_seed"": 20370620, ""query_seed"": 20371623}"
complex_s01_q0023,n3p_k1,Complex,d20_inf,True,True,2.2100389399565756,3113,21.91731808982242,21.91731808982242,0.0,0,0.22959662807127065,0.07304455164569357,0,0,1,1,True,0,0,,,"{""profile_name"": ""complex_d02"", ""map_seed"": 20370620, ""query_seed"": 20371623}"
complex_s01_q0023,voronoi_waypoint,Complex,d20_inf,True,True,0.8543247999623418,105,23.503462644796393,21.91731808982242,0.07236946365762331,2,0.2532023435105418,0.0811583509530498,0,0,0,0,False,,,,,"{""profile_name"": ""complex_d02"", ""map_seed"": 20370620, ""query_seed"": 20371623, ""waypoint_count"": 4}"
complex_s01_q0023,bottleneck_waypoint,Complex,d20_inf,True,True,0.9073980948887765,6,22.769309385171045,21.91731808982242,0.03887297213358676,0,0.21370576861208018,0.35328851064145095,0,0,0,0,False,,,,,"{""profile_name"": ""complex_d02"", ""map_seed"": 20370620, ""query_seed"": 20371623, ""waypoint_count"": 5, ""bottleneck_count"": 5}"
complex_s01_q0023,md_dqn,Complex,d20_inf,False,False,0.2279864673037082,375,3.7500000000000018,21.91731808982242,,1,0.3931494131819834,0.3669353488987517,0,0,0,0,False,,,,md_dqn_not_reached,"{""profile_name"": ""complex_d02"", ""map_seed"": 20370620, ""query_seed"": 20371623, ""md_dqn_source_dir"": ""/home/ubuntu/DQN10/2_experiment"", ""md_dqn_checkpoint_path"": ""/home/ubuntu/DQN10/2_experiment/ugv_dqn/outputs/2026-05-12_train_load_external_demo_smoke/models/realmap_a/mlp-dqn.pt"", ""md_dqn_algo"": ""mlp-dqn"", ""md_dqn_device"": ""cpu"", ""md_dqn_max_steps"": 600, ""md_dqn_rollout_steps"": 375, ""md_dqn_reached"": false}"
complex_s01_q0024,vanilla_ha,Complex,d08_12,True,True,0.20578718185424805,100,11.33409880686074,,,0,0.35989233494653905,0.06340093221837534,0,0,0,0,False,,,,,"{""profile_name"": ""complex_d02"", ""map_seed"": 20370620, ""query_seed"": 20371624, ""evaluation_path_source"": ""trace_poses"", ""planner_path_pose_count"": 27, ""evaluation_path_pose_count"": 116}"
complex_s01_q0024,f_n3p_knn,Complex,d08_12,True,True,0.01176976109854877,0,11.516014900262961,11.33409880686074,0.01605033593779015,0,0.14588603539666448,0.16725401737285617,0,13,0,0,True,0,1,0.0,,"{""profile_name"": ""complex_d02"", ""map_seed"": 20370620, ""query_seed"": 20371624}"
complex_s01_q0024,n3p_k1,Complex,d08_12,True,True,0.21471470105461776,100,11.33409880686074,11.33409880686074,0.0,0,0.35989233494653905,0.06340093221837534,0,0,1,0,True,0,0,,,"{""profile_name"": ""complex_d02"", ""map_seed"": 20370620, ""query_seed"": 20371624}"
complex_s01_q0024,voronoi_waypoint,Complex,d08_12,True,True,0.4714859549421817,3,12.41175370222497,11.33409880686074,0.09508077472484255,1,0.28619914347774206,0.1982579121706438,0,0,0,0,False,,,,,"{""profile_name"": ""complex_d02"", ""map_seed"": 20370620, ""query_seed"": 20371624, ""waypoint_count"": 2}"
complex_s01_q0024,bottleneck_waypoint,Complex,d08_12,True,True,0.4729426328558475,3,11.401147295831079,11.33409880686074,0.0059156435913327865,0,0.25141654806359703,0.10014614264048016,0,0,0,0,False,,,,,"{""profile_name"": ""complex_d02"", ""map_seed"": 20370620, ""query_seed"": 20371624, ""waypoint_count"": 2, ""bottleneck_count"": 2}"
complex_s01_q0024,md_dqn,Complex,d08_12,False,False,0.16585573833435774,600,1.124999999999942,11.33409880686074,,0,0.0,0.9760774866064599,0,0,0,0,False,,,,md_dqn_not_reached,"{""profile_name"": ""complex_d02"", ""map_seed"": 20370620, ""query_seed"": 20371624, ""md_dqn_source_dir"": ""/home/ubuntu/DQN10/2_experiment"", ""md_dqn_checkpoint_path"": ""/home/ubuntu/DQN10/2_experiment/ugv_dqn/outputs/2026-05-12_train_load_external_demo_smoke/models/realmap_a/mlp-dqn.pt"", ""md_dqn_algo"": ""mlp-dqn"", ""md_dqn_device"": ""cpu"", ""md_dqn_max_steps"": 600, ""md_dqn_rollout_steps"": 600, ""md_dqn_reached"": false}"
complex_s01_q0025,vanilla_ha,Complex,d12_16,False,False,2.5000741481781006,3625,,,,0,,,0,0,0,0,False,,,,timeout,"{""profile_name"": ""complex_d02"", ""map_seed"": 20370621, ""query_seed"": 20371621, ""evaluation_path_source"": ""planner_path"", ""planner_path_pose_count"": 0, ""evaluation_path_pose_count"": 0}"
complex_s01_q0025,f_n3p_knn,Complex,d12_16,True,True,0.03846081090159714,0,16.252856123250865,,,0,0.13304699576557635,0.10039055749290293,0,4,0,0,True,1,4,0.25,,"{""profile_name"": ""complex_d02"", ""map_seed"": 20370621, ""query_seed"": 20371621}"
complex_s01_q0025,n3p_k1,Complex,d12_16,False,False,3.51336129498668,5236,,,,0,,,0,0,1,1,True,0,0,,f2_failed:prediction:goal_in_collision;goal:timeout;f3_failed:timeout,"{""profile_name"": ""complex_d02"", ""map_seed"": 20370621, ""query_seed"": 20371621}"
complex_s01_q0025,voronoi_waypoint,Complex,d12_16,True,True,0.623573140008375,4,18.304343474257383,,,2,0.3187270686139953,0.18767215899813705,0,0,0,0,False,,,,,"{""profile_name"": ""complex_d02"", ""map_seed"": 20370621, ""query_seed"": 20371621, ""waypoint_count"": 3}"
complex_s01_q0025,bottleneck_waypoint,Complex,d12_16,True,True,0.6207511620596051,4,17.20476739970792,,,2,0.31361094275285495,0.20565855173478742,0,0,0,0,False,,,,,"{""profile_name"": ""complex_d02"", ""map_seed"": 20370621, ""query_seed"": 20371621, ""waypoint_count"": 3, ""bottleneck_count"": 3}"
complex_s01_q0025,md_dqn,Complex,d12_16,False,False,0.17471890873275697,600,12.918749999999974,,,0,0.17325017492360043,0.15145983744899894,0,0,0,0,False,,,,md_dqn_not_reached,"{""profile_name"": ""complex_d02"", ""map_seed"": 20370621, ""query_seed"": 20371621, ""md_dqn_source_dir"": ""/home/ubuntu/DQN10/2_experiment"", ""md_dqn_checkpoint_path"": ""/home/ubuntu/DQN10/2_experiment/ugv_dqn/outputs/2026-05-12_train_load_external_demo_smoke/models/realmap_a/mlp-dqn.pt"", ""md_dqn_algo"": ""mlp-dqn"", ""md_dqn_device"": ""cpu"", ""md_dqn_max_steps"": 600, ""md_dqn_rollout_steps"": 600, ""md_dqn_reached"": false}"
complex_s01_q0026,vanilla_ha,Complex,d16_20,True,True,0.16710329055786133,49,19.924652060563584,,,0,0.09054606773698512,0.07827972256310745,0,0,0,0,False,,,,,"{""profile_name"": ""complex_d02"", ""map_seed"": 20370621, ""query_seed"": 20371622, ""evaluation_path_source"": ""trace_poses"", ""planner_path_pose_count"": 15, ""evaluation_path_pose_count"": 202}"
complex_s01_q0026,f_n3p_knn,Complex,d16_20,True,True,0.021148686995729804,0,20.389061140892345,19.924652060563584,0.02330826550532117,0,0.06335622926301394,0.07680759281355187,0,2,0,0,True,0,2,0.0,,"{""profile_name"": ""complex_d02"", ""map_seed"": 20370621, ""query_seed"": 20371622}"
complex_s01_q0026,n3p_k1,Complex,d16_20,True,True,0.18860986502841115,53,19.914530423539908,19.924652060563584,-0.0005079956725422274,0,0.08125379696703774,0.09719045636888402,0,0,1,0,True,0,0,,,"{""profile_name"": ""complex_d02"", ""map_seed"": 20370621, ""query_seed"": 20371622}"
complex_s01_q0026,voronoi_waypoint,Complex,d16_20,True,True,0.6265863839071244,4,22.34778998771946,19.924652060563584,0.1216150685989612,0,0.24052579120648304,0.07691784383705635,0,0,0,0,False,,,,,"{""profile_name"": ""complex_d02"", ""map_seed"": 20370621, ""query_seed"": 20371622, ""waypoint_count"": 3}"
complex_s01_q0026,bottleneck_waypoint,Complex,d16_20,True,True,0.7673400870990008,5,21.126487934036295,19.924652060563584,0.06031903944016559,0,0.19229838244969608,0.5309571739830066,0,0,0,0,False,,,,,"{""profile_name"": ""complex_d02"", ""map_seed"": 20370621, ""query_seed"": 20371622, ""waypoint_count"": 4, ""bottleneck_count"": 4}"
complex_s01_q0026,md_dqn,Complex,d16_20,False,False,0.3096129491459578,520,6.412500000000015,19.924652060563584,,1,0.2755917237291057,0.10450823749880356,0,0,0,0,False,,,,md_dqn_not_reached,"{""profile_name"": ""complex_d02"", ""map_seed"": 20370621, ""query_seed"": 20371622, ""md_dqn_source_dir"": ""/home/ubuntu/DQN10/2_experiment"", ""md_dqn_checkpoint_path"": ""/home/ubuntu/DQN10/2_experiment/ugv_dqn/outputs/2026-05-12_train_load_external_demo_smoke/models/realmap_a/mlp-dqn.pt"", ""md_dqn_algo"": ""mlp-dqn"", ""md_dqn_device"": ""cpu"", ""md_dqn_max_steps"": 600, ""md_dqn_rollout_steps"": 520, ""md_dqn_reached"": false}"
complex_s01_q0027,vanilla_ha,Complex,d20_inf,True,True,2.2128186225891113,3137,23.180330432103354,,,0,0.17920154714364922,0.08365440036901928,0,0,0,0,False,,,,,"{""profile_name"": ""complex_d02"", ""map_seed"": 20370621, ""query_seed"": 20371623, ""evaluation_path_source"": ""trace_poses"", ""planner_path_pose_count"": 51, ""evaluation_path_pose_count"": 235}"
complex_s01_q0027,f_n3p_knn,Complex,d20_inf,True,True,0.02925161295570433,0,23.113418729922007,23.180330432103354,-0.002886572405744414,0,0.08000904659471646,0.13960883616244235,0,1,0,0,True,2,3,0.6666666666666666,,"{""profile_name"": ""complex_d02"", ""map_seed"": 20370621, ""query_seed"": 20371623}"
complex_s01_q0027,n3p_k1,Complex,d20_inf,True,True,0.3267584170680493,281,23.126709920750592,23.180330432103354,-0.0023131901208146566,0,0.1172213710999764,0.08399603549071222,0,0,1,0,True,1,1,1.0,,"{""profile_name"": ""complex_d02"", ""map_seed"": 20370621, ""query_seed"": 20371623}"
complex_s01_q0027,voronoi_waypoint,Complex,d20_inf,True,True,0.7654332828242332,5,23.942772610980597,23.180330432103354,0.03289177352801276,0,0.1438868209362403,0.20358941550188747,0,0,0,0,False,,,,,"{""profile_name"": ""complex_d02"", ""map_seed"": 20370621, ""query_seed"": 20371623, ""waypoint_count"": 4}"
complex_s01_q0027,bottleneck_waypoint,Complex,d20_inf,True,True,0.9167611431330442,6,24.078278582879083,23.180330432103354,0.0387375043425664,0,0.1793605905319605,0.18039006678567793,0,0,0,0,False,,,,,"{""profile_name"": ""complex_d02"", ""map_seed"": 20370621, ""query_seed"": 20371623, ""waypoint_count"": 5, ""bottleneck_count"": 5}"
complex_s01_q0027,md_dqn,Complex,d20_inf,False,False,0.1652721264399588,600,1.1250000000000169,23.180330432103354,,0,0.8385645564237139,1.3340911755934215,0,0,0,0,False,,,,md_dqn_not_reached,"{""profile_name"": ""complex_d02"", ""map_seed"": 20370621, ""query_seed"": 20371623, ""md_dqn_source_dir"": ""/home/ubuntu/DQN10/2_experiment"", ""md_dqn_checkpoint_path"": ""/home/ubuntu/DQN10/2_experiment/ugv_dqn/outputs/2026-05-12_train_load_external_demo_smoke/models/realmap_a/mlp-dqn.pt"", ""md_dqn_algo"": ""mlp-dqn"", ""md_dqn_device"": ""cpu"", ""md_dqn_max_steps"": 600, ""md_dqn_rollout_steps"": 600, ""md_dqn_reached"": false}"
complex_s01_q0028,vanilla_ha,Complex,d08_12,True,True,1.7060821056365967,1829,10.125226388128251,,,0,0.21770923498351089,0.11880151443045772,0,0,0,0,False,,,,,"{""profile_name"": ""complex_d02"", ""map_seed"": 20370621, ""query_seed"": 20371624, ""evaluation_path_source"": ""trace_poses"", ""planner_path_pose_count"": 28, ""evaluation_path_pose_count"": 104}"
complex_s01_q0028,f_n3p_knn,Complex,d08_12,True,True,0.019571315962821245,0,12.711426110889287,10.125226388128251,0.2554214220625559,2,0.25433815425796535,0.26451599962618877,0,7,0,0,True,0,2,0.0,,"{""profile_name"": ""complex_d02"", ""map_seed"": 20370621, ""query_seed"": 20371624}"
complex_s01_q0028,n3p_k1,Complex,d08_12,True,True,2.5821382380090654,2856,10.125226388128251,10.125226388128251,0.0,0,0.21770923498351089,0.11880151443045772,0,0,1,1,True,0,0,,,"{""profile_name"": ""complex_d02"", ""map_seed"": 20370621, ""query_seed"": 20371624}"
complex_s01_q0028,voronoi_waypoint,Complex,d08_12,True,True,0.46878217183984816,3,13.485774734513674,10.125226388128251,0.331898588492366,3,0.33110571152694784,0.817290038122636,0,0,0,0,False,,,,,"{""profile_name"": ""complex_d02"", ""map_seed"": 20370621, ""query_seed"": 20371624, ""waypoint_count"": 2}"
complex_s01_q0028,bottleneck_waypoint,Complex,d08_12,True,True,0.4757908519823104,3,11.934163667970623,10.125226388128251,0.17865647744561408,1,0.33491298068868697,0.7686640661514432,0,0,0,0,False,,,,,"{""profile_name"": ""complex_d02"", ""map_seed"": 20370621, ""query_seed"": 20371624, ""waypoint_count"": 2, ""bottleneck_count"": 2}"
complex_s01_q0028,md_dqn,Complex,d08_12,False,False,0.1665220926515758,600,1.125000000000004,10.125226388128251,,0,0.8385645564237239,0.9670842550250263,0,0,0,0,False,,,,md_dqn_not_reached,"{""profile_name"": ""complex_d02"", ""map_seed"": 20370621, ""query_seed"": 20371624, ""md_dqn_source_dir"": ""/home/ubuntu/DQN10/2_experiment"", ""md_dqn_checkpoint_path"": ""/home/ubuntu/DQN10/2_experiment/ugv_dqn/outputs/2026-05-12_train_load_external_demo_smoke/models/realmap_a/mlp-dqn.pt"", ""md_dqn_algo"": ""mlp-dqn"", ""md_dqn_device"": ""cpu"", ""md_dqn_max_steps"": 600, ""md_dqn_rollout_steps"": 600, ""md_dqn_reached"": false}"
complex_s01_q0029,vanilla_ha,Complex,d12_16,True,True,0.18178129196166992,65,16.281990724681854,,,0,0.17773077822159727,0.13589288083882423,0,0,0,0,False,,,,,"{""profile_name"": ""complex_d02"", ""map_seed"": 20370621, ""query_seed"": 20371625, ""evaluation_path_source"": ""trace_poses"", ""planner_path_pose_count"": 24, ""evaluation_path_pose_count"": 165}"
complex_s01_q0029,f_n3p_knn,Complex,d12_16,True,True,0.019740159157663584,0,16.373962540827765,16.281990724681854,0.005648683732910609,0,0.10516788891468438,0.11198976194364407,0,12,0,0,True,0,2,0.0,,"{""profile_name"": ""complex_d02"", ""map_seed"": 20370621, ""query_seed"": 20371625}"
complex_s01_q0029,n3p_k1,Complex,d12_16,True,True,0.1886744329240173,65,16.281990724681854,16.281990724681854,0.0,0,0.17773077822159727,0.13589288083882423,0,0,1,0,True,0,0,,,"{""profile_name"": ""complex_d02"", ""map_seed"": 20370621, ""query_seed"": 20371625}"
complex_s01_q0029,voronoi_waypoint,Complex,d12_16,True,True,0.6184712960384786,4,18.11573332146527,16.281990724681854,0.11262397994144835,0,0.19090495062201102,0.3009819621385047,0,0,0,0,False,,,,,"{""profile_name"": ""complex_d02"", ""map_seed"": 20370621, ""query_seed"": 20371625, ""waypoint_count"": 3}"
complex_s01_q0029,bottleneck_waypoint,Complex,d12_16,True,True,0.7717097669374198,5,17.460059575315118,16.281990724681854,0.0723541040253406,0,0.24751478977243535,0.7497340498990508,0,0,0,0,False,,,,,"{""profile_name"": ""complex_d02"", ""map_seed"": 20370621, ""query_seed"": 20371625, ""waypoint_count"": 4, ""bottleneck_count"": 4}"
complex_s01_q0029,md_dqn,Complex,d12_16,False,False,0.16678795381449163,600,1.648125000000017,16.281990724681854,,0,0.8419431943903893,0.6951047025156947,0,0,0,0,False,,,,md_dqn_not_reached,"{""profile_name"": ""complex_d02"", ""map_seed"": 20370621, ""query_seed"": 20371625, ""md_dqn_source_dir"": ""/home/ubuntu/DQN10/2_experiment"", ""md_dqn_checkpoint_path"": ""/home/ubuntu/DQN10/2_experiment/ugv_dqn/outputs/2026-05-12_train_load_external_demo_smoke/models/realmap_a/mlp-dqn.pt"", ""md_dqn_algo"": ""mlp-dqn"", ""md_dqn_device"": ""cpu"", ""md_dqn_max_steps"": 600, ""md_dqn_rollout_steps"": 600, ""md_dqn_reached"": false}"
complex_s01_q0030,vanilla_ha,Complex,d16_20,True,True,0.14958882331848145,1,17.344163283364235,,,0,0.0,0.21186827481124226,0,0,0,0,False,,,,,"{""profile_name"": ""complex_d02"", ""map_seed"": 20370622, ""query_seed"": 20371622, ""evaluation_path_source"": ""trace_poses"", ""planner_path_pose_count"": 2, ""evaluation_path_pose_count"": 175}"
complex_s01_q0030,f_n3p_knn,Complex,d16_20,True,True,0.0007171619217842817,0,17.344163283364235,17.344163283364235,0.0,0,0.0,0.21186827481124226,0,0,0,0,False,0,0,,,"{""profile_name"": ""complex_d02"", ""map_seed"": 20370622, ""query_seed"": 20371622}"
complex_s01_q0030,n3p_k1,Complex,d16_20,True,True,0.0006891831289976835,0,17.344163283364235,17.344163283364235,0.0,0,0.0,0.21186827481124226,0,0,0,0,False,0,0,,,"{""profile_name"": ""complex_d02"", ""map_seed"": 20370622, ""query_seed"": 20371622}"
complex_s01_q0030,voronoi_waypoint,Complex,d16_20,True,True,0.6080236791167408,4,17.58015201922475,17.344163283364235,0.013606233521040956,0,0.16348242125695825,0.21186827481124226,0,0,0,0,False,,,,,"{""profile_name"": ""complex_d02"", ""map_seed"": 20370622, ""query_seed"": 20371622, ""waypoint_count"": 3}"
complex_s01_q0030,bottleneck_waypoint,Complex,d16_20,True,True,0.6109151549171656,4,17.785825651294516,17.344163283364235,0.02546461081543816,0,0.20812671585996428,0.21186827481124226,0,0,0,0,False,,,,,"{""profile_name"": ""complex_d02"", ""map_seed"": 20370622, ""query_seed"": 20371622, ""waypoint_count"": 3, ""bottleneck_count"": 3}"
complex_s01_q0030,md_dqn,Complex,d16_20,False,False,0.16631954396143556,600,1.1249999999999531,17.344163283364235,,0,0.0,0.21186827481124226,0,0,0,0,False,,,,md_dqn_not_reached,"{""profile_name"": ""complex_d02"", ""map_seed"": 20370622, ""query_seed"": 20371622, ""md_dqn_source_dir"": ""/home/ubuntu/DQN10/2_experiment"", ""md_dqn_checkpoint_path"": ""/home/ubuntu/DQN10/2_experiment/ugv_dqn/outputs/2026-05-12_train_load_external_demo_smoke/models/realmap_a/mlp-dqn.pt"", ""md_dqn_algo"": ""mlp-dqn"", ""md_dqn_device"": ""cpu"", ""md_dqn_max_steps"": 600, ""md_dqn_rollout_steps"": 600, ""md_dqn_reached"": false}"
complex_s01_q0031,vanilla_ha,Complex,d20_inf,True,True,0.17183518409729004,41,20.659985163193763,,,0,0.04651829028590971,0.10362406371734889,0,0,0,0,False,,,,,"{""profile_name"": ""complex_d02"", ""map_seed"": 20370622, ""query_seed"": 20371623, ""evaluation_path_source"": ""trace_poses"", ""planner_path_pose_count"": 13, ""evaluation_path_pose_count"": 209}"
complex_s01_q0031,f_n3p_knn,Complex,d20_inf,True,True,0.019932538038119674,0,20.86072135578796,20.659985163193763,0.00971618280500075,1,0.11883986158733585,0.1325735751543431,0,0,0,0,False,2,2,1.0,,"{""profile_name"": ""complex_d02"", ""map_seed"": 20370622, ""query_seed"": 20371623}"
complex_s01_q0031,n3p_k1,Complex,d20_inf,True,True,0.01642609597183764,0,20.86072135578796,20.659985163193763,0.00971618280500075,1,0.11883986158733585,0.1325735751543431,0,0,0,0,False,2,2,1.0,,"{""profile_name"": ""complex_d02"", ""map_seed"": 20370622, ""query_seed"": 20371623}"
complex_s01_q0031,voronoi_waypoint,Complex,d20_inf,True,True,0.6308399671688676,19,21.23374809306706,20.659985163193763,0.027771700964019486,0,0.25665599677603296,0.12266349701504631,0,0,0,0,False,,,,,"{""profile_name"": ""complex_d02"", ""map_seed"": 20370622, ""query_seed"": 20371623, ""waypoint_count"": 3}"
complex_s01_q0031,bottleneck_waypoint,Complex,d20_inf,True,True,0.4906161909457296,21,21.12811621984128,20.659985163193763,0.02265882830746202,0,0.22242089754428854,0.08604478251011727,0,0,0,0,False,,,,,"{""profile_name"": ""complex_d02"", ""map_seed"": 20370622, ""query_seed"": 20371623, ""waypoint_count"": 2, ""bottleneck_count"": 2}"
complex_s01_q0031,md_dqn,Complex,d20_inf,False,False,0.21962882950901985,176,9.96312500000001,20.659985163193763,,1,0.18660455472436113,0.15305437736543714,0,0,0,0,False,,,,md_dqn_not_reached,"{""profile_name"": ""complex_d02"", ""map_seed"": 20370622, ""query_seed"": 20371623, ""md_dqn_source_dir"": ""/home/ubuntu/DQN10/2_experiment"", ""md_dqn_checkpoint_path"": ""/home/ubuntu/DQN10/2_experiment/ugv_dqn/outputs/2026-05-12_train_load_external_demo_smoke/models/realmap_a/mlp-dqn.pt"", ""md_dqn_algo"": ""mlp-dqn"", ""md_dqn_device"": ""cpu"", ""md_dqn_max_steps"": 600, ""md_dqn_rollout_steps"": 176, ""md_dqn_reached"": false}"
complex_s01_q0032,vanilla_ha,Complex,d08_12,True,True,1.9219927787780762,1829,8.885429275720576,,,1,0.2909871748707952,0.05899273641282976,0,0,0,0,False,,,,,"{""profile_name"": ""complex_d02"", ""map_seed"": 20370622, ""query_seed"": 20371624, ""evaluation_path_source"": ""trace_poses"", ""planner_path_pose_count"": 29, ""evaluation_path_pose_count"": 92}"
complex_s01_q0032,f_n3p_knn,Complex,d08_12,True,True,0.012458986137062311,0,12.973490429488717,8.885429275720576,0.460085948231985,1,0.3019879527382817,0.08991005878973013,0,1,0,0,True,1,2,0.5,,"{""profile_name"": ""complex_d02"", ""map_seed"": 20370622, ""query_seed"": 20371624}"
complex_s01_q0032,n3p_k1,Complex,d08_12,True,True,0.15550761600024998,3,11.706202049812951,8.885429275720576,0.31746049476755545,3,0.2911441613205167,0.08238217309785312,0,0,1,0,True,1,1,1.0,,"{""profile_name"": ""complex_d02"", ""map_seed"": 20370622, ""query_seed"": 20371624}"
complex_s01_q0032,voronoi_waypoint,Complex,d08_12,True,True,0.6723555109929293,308,10.376263896118818,8.885429275720576,0.1677841974919485,1,0.38706396699060225,0.08213850575151482,0,0,0,0,False,,,,,"{""profile_name"": ""complex_d02"", ""map_seed"": 20370622, ""query_seed"": 20371624, ""waypoint_count"": 1}"
complex_s01_q0032,bottleneck_waypoint,Complex,d08_12,True,True,0.4816413710359484,13,10.90082371693754,8.885429275720576,0.22682015451116433,1,0.3358406755560164,0.08991005878973013,0,0,0,0,False,,,,,"{""profile_name"": ""complex_d02"", ""map_seed"": 20370622, ""query_seed"": 20371624, ""waypoint_count"": 2, ""bottleneck_count"": 2}"
complex_s01_q0032,md_dqn,Complex,d08_12,False,False,0.1897533608134836,341,1.8168750000000002,8.885429275720576,,2,0.8152394268689725,0.08991005878973013,0,0,0,0,False,,,,md_dqn_not_reached,"{""profile_name"": ""complex_d02"", ""map_seed"": 20370622, ""query_seed"": 20371624, ""md_dqn_source_dir"": ""/home/ubuntu/DQN10/2_experiment"", ""md_dqn_checkpoint_path"": ""/home/ubuntu/DQN10/2_experiment/ugv_dqn/outputs/2026-05-12_train_load_external_demo_smoke/models/realmap_a/mlp-dqn.pt"", ""md_dqn_algo"": ""mlp-dqn"", ""md_dqn_device"": ""cpu"", ""md_dqn_max_steps"": 600, ""md_dqn_rollout_steps"": 341, ""md_dqn_reached"": false}"
complex_s01_q0033,vanilla_ha,Complex,d12_16,True,True,0.6304154396057129,766,13.169813416641455,,,0,0.17873965677618336,0.07339687132399808,0,0,0,0,False,,,,,"{""profile_name"": ""complex_d02"", ""map_seed"": 20370622, ""query_seed"": 20371625, ""evaluation_path_source"": ""trace_poses"", ""planner_path_pose_count"": 29, ""evaluation_path_pose_count"": 134}"
complex_s01_q0033,f_n3p_knn,Complex,d12_16,True,True,0.6424502329900861,766,13.169813416641455,13.169813416641455,0.0,0,0.17873965677618336,0.07339687132399808,0,19,1,0,True,0,0,,,"{""profile_name"": ""complex_d02"", ""map_seed"": 20370622, ""query_seed"": 20371625}"
complex_s01_q0033,n3p_k1,Complex,d12_16,True,True,0.6416251708287746,766,13.169813416641455,13.169813416641455,0.0,0,0.17873965677618336,0.07339687132399808,0,0,1,0,True,0,0,,,"{""profile_name"": ""complex_d02"", ""map_seed"": 20370622, ""query_seed"": 20371625}"
complex_s01_q0033,voronoi_waypoint,Complex,d12_16,True,True,0.47527956194244325,3,13.50766675381791,13.169813416641455,0.025653616075497432,0,0.1450844063313478,0.1615832699303975,0,0,0,0,False,,,,,"{""profile_name"": ""complex_d02"", ""map_seed"": 20370622, ""query_seed"": 20371625, ""waypoint_count"": 2}"
complex_s01_q0033,bottleneck_waypoint,Complex,d12_16,True,True,0.47456106008030474,3,13.80730081431882,13.169813416641455,0.04840519584520697,0,0.19124184703672667,0.2399744347778635,0,0,0,0,False,,,,,"{""profile_name"": ""complex_d02"", ""map_seed"": 20370622, ""query_seed"": 20371625, ""waypoint_count"": 2, ""bottleneck_count"": 2}"
complex_s01_q0033,md_dqn,Complex,d12_16,False,False,0.1665248852223158,600,1.1249999999999971,13.169813416641455,,0,0.05805576281254261,0.39450252494833515,0,0,0,0,False,,,,md_dqn_not_reached,"{""profile_name"": ""complex_d02"", ""map_seed"": 20370622, ""query_seed"": 20371625, ""md_dqn_source_dir"": ""/home/ubuntu/DQN10/2_experiment"", ""md_dqn_checkpoint_path"": ""/home/ubuntu/DQN10/2_experiment/ugv_dqn/outputs/2026-05-12_train_load_external_demo_smoke/models/realmap_a/mlp-dqn.pt"", ""md_dqn_algo"": ""mlp-dqn"", ""md_dqn_device"": ""cpu"", ""md_dqn_max_steps"": 600, ""md_dqn_rollout_steps"": 600, ""md_dqn_reached"": false}"
complex_s01_q0034,vanilla_ha,Complex,d16_20,True,True,0.1532118320465088,9,17.906048599583098,,,0,0.07048379069403067,0.07460872118861361,0,0,0,0,False,,,,,"{""profile_name"": ""complex_d02"", ""map_seed"": 20370622, ""query_seed"": 20371626, ""evaluation_path_source"": ""trace_poses"", ""planner_path_pose_count"": 7, ""evaluation_path_pose_count"": 182}"
complex_s01_q0034,f_n3p_knn,Complex,d16_20,True,True,0.010719553800299764,0,17.897200909435664,17.906048599583098,-0.0004941173982762059,0,0.06408526527734959,0.08487996079548454,0,0,0,0,False,1,1,1.0,,"{""profile_name"": ""complex_d02"", ""map_seed"": 20370622, ""query_seed"": 20371626}"
complex_s01_q0034,n3p_k1,Complex,d16_20,True,True,0.010396341094747186,0,17.897200909435664,17.906048599583098,-0.0004941173982762059,0,0.06408526527734959,0.08487996079548454,0,0,0,0,False,1,1,1.0,,"{""profile_name"": ""complex_d02"", ""map_seed"": 20370622, ""query_seed"": 20371626}"
complex_s01_q0034,voronoi_waypoint,Complex,d16_20,True,True,0.6169341069180518,4,19.463016039745362,17.906048599583098,0.08695203922313244,0,0.3273839159080169,0.26522245599887206,0,0,0,0,False,,,,,"{""profile_name"": ""complex_d02"", ""map_seed"": 20370622, ""query_seed"": 20371626, ""waypoint_count"": 3}"
complex_s01_q0034,bottleneck_waypoint,Complex,d16_20,True,True,0.4825438729021698,7,18.568901229581716,17.906048599583098,0.037018364286917516,0,0.2422297977604384,0.231975726439424,0,0,0,0,False,,,,,"{""profile_name"": ""complex_d02"", ""map_seed"": 20370622, ""query_seed"": 20371626, ""waypoint_count"": 2, ""bottleneck_count"": 2}"
complex_s01_q0034,md_dqn,Complex,d16_20,False,False,0.20890696137212217,307,24.210625000000014,17.906048599583098,,1,0.2220277612702494,0.16639177351416956,0,0,0,0,False,,,,md_dqn_not_reached,"{""profile_name"": ""complex_d02"", ""map_seed"": 20370622, ""query_seed"": 20371626, ""md_dqn_source_dir"": ""/home/ubuntu/DQN10/2_experiment"", ""md_dqn_checkpoint_path"": ""/home/ubuntu/DQN10/2_experiment/ugv_dqn/outputs/2026-05-12_train_load_external_demo_smoke/models/realmap_a/mlp-dqn.pt"", ""md_dqn_algo"": ""mlp-dqn"", ""md_dqn_device"": ""cpu"", ""md_dqn_max_steps"": 600, ""md_dqn_rollout_steps"": 307, ""md_dqn_reached"": false}"
complex_s01_q0035,vanilla_ha,Complex,d20_inf,True,True,0.1707911491394043,49,21.33221417471238,,,0,0.10361687258383535,0.1386747246743948,0,0,0,0,False,,,,,"{""profile_name"": ""complex_d02"", ""map_seed"": 20370623, ""query_seed"": 20371623, ""evaluation_path_source"": ""trace_poses"", ""planner_path_pose_count"": 17, ""evaluation_path_pose_count"": 216}"
complex_s01_q0035,f_n3p_knn,Complex,d20_inf,True,True,0.020590478088706732,0,21.088899125673063,21.33221417471238,-0.011405991288412465,0,0.04614260654749143,0.11253505839527111,0,4,0,0,True,0,2,0.0,,"{""profile_name"": ""complex_d02"", ""map_seed"": 20370623, ""query_seed"": 20371623}"
complex_s01_q0035,n3p_k1,Complex,d20_inf,True,True,0.33985536987893283,38,21.627742250711545,21.33221417471238,0.013853605330359509,0,0.19004471984853058,0.15736253103163134,0,0,2,0,True,0,0,,,"{""profile_name"": ""complex_d02"", ""map_seed"": 20370623, ""query_seed"": 20371623}"
complex_s01_q0035,voronoi_waypoint,Complex,d20_inf,True,True,0.7658208170905709,5,22.518060920206096,21.33221417471238,0.05558948245041728,2,0.2593878718777572,0.4227590067549618,0,0,0,0,False,,,,,"{""profile_name"": ""complex_d02"", ""map_seed"": 20370623, ""query_seed"": 20371623, ""waypoint_count"": 4}"
complex_s01_q0035,bottleneck_waypoint,Complex,d20_inf,True,True,0.7662787840235978,5,21.839996147039624,21.33221417471238,0.023803528699293697,0,0.2227991584872059,0.49815033128746444,0,0,0,0,False,,,,,"{""profile_name"": ""complex_d02"", ""map_seed"": 20370623, ""query_seed"": 20371623, ""waypoint_count"": 4, ""bottleneck_count"": 4}"
complex_s01_q0035,md_dqn,Complex,d20_inf,True,True,0.17574574844911695,445,41.86624999999997,21.33221417471238,0.9625834269763256,0,0.21337556929724721,0.14212164876131583,0,0,0,0,False,,,,,"{""profile_name"": ""complex_d02"", ""map_seed"": 20370623, ""query_seed"": 20371623, ""md_dqn_source_dir"": ""/home/ubuntu/DQN10/2_experiment"", ""md_dqn_checkpoint_path"": ""/home/ubuntu/DQN10/2_experiment/ugv_dqn/outputs/2026-05-12_train_load_external_demo_smoke/models/realmap_a/mlp-dqn.pt"", ""md_dqn_algo"": ""mlp-dqn"", ""md_dqn_device"": ""cpu"", ""md_dqn_max_steps"": 600, ""md_dqn_rollout_steps"": 445, ""md_dqn_reached"": true}"
complex_s01_q0036,vanilla_ha,Complex,d08_12,True,True,0.1450200080871582,1,9.84123975929862,,,0,0.0,0.807064746794826,0,0,0,0,False,,,,,"{""profile_name"": ""complex_d02"", ""map_seed"": 20370623, ""query_seed"": 20371624, ""evaluation_path_source"": ""trace_poses"", ""planner_path_pose_count"": 2, ""evaluation_path_pose_count"": 100}"
complex_s01_q0036,f_n3p_knn,Complex,d08_12,True,True,0.0004545389674603939,0,9.84123975929862,9.84123975929862,0.0,0,0.0,0.807064746794826,0,0,0,0,False,0,0,,,"{""profile_name"": ""complex_d02"", ""map_seed"": 20370623, ""query_seed"": 20371624}"
complex_s01_q0036,n3p_k1,Complex,d08_12,True,True,0.00044055189937353134,0,9.84123975929862,9.84123975929862,0.0,0,0.0,0.807064746794826,0,0,0,0,False,0,0,,,"{""profile_name"": ""complex_d02"", ""map_seed"": 20370623, ""query_seed"": 20371624}"
complex_s01_q0036,voronoi_waypoint,Complex,d08_12,True,True,0.32747992197982967,2,10.01185822970322,9.84123975929862,0.017337091116329084,0,0.07918211915067742,0.8226781586561578,0,0,0,0,False,,,,,"{""profile_name"": ""complex_d02"", ""map_seed"": 20370623, ""query_seed"": 20371624, ""waypoint_count"": 1}"
complex_s01_q0036,bottleneck_waypoint,Complex,d08_12,True,True,0.329974687891081,2,10.001690896697692,9.84123975929862,0.016303955733571796,0,0.07782154720773217,0.8225632606495337,0,0,0,0,False,,,,,"{""profile_name"": ""complex_d02"", ""map_seed"": 20370623, ""query_seed"": 20371624, ""waypoint_count"": 1, ""bottleneck_count"": 1}"
complex_s01_q0036,md_dqn,Complex,d08_12,False,False,0.16693525156006217,600,1.125000000000006,9.84123975929862,,0,0.8286550898948855,0.39243449693816623,0,0,0,0,False,,,,md_dqn_not_reached,"{""profile_name"": ""complex_d02"", ""map_seed"": 20370623, ""query_seed"": 20371624, ""md_dqn_source_dir"": ""/home/ubuntu/DQN10/2_experiment"", ""md_dqn_checkpoint_path"": ""/home/ubuntu/DQN10/2_experiment/ugv_dqn/outputs/2026-05-12_train_load_external_demo_smoke/models/realmap_a/mlp-dqn.pt"", ""md_dqn_algo"": ""mlp-dqn"", ""md_dqn_device"": ""cpu"", ""md_dqn_max_steps"": 600, ""md_dqn_rollout_steps"": 600, ""md_dqn_reached"": false}"
complex_s01_q0037,vanilla_ha,Complex,d12_16,True,True,1.347846508026123,1223,14.862996850869015,,,0,0.3004596466067143,0.21793454823507252,0,0,0,0,False,,,,,"{""profile_name"": ""complex_d02"", ""map_seed"": 20370623, ""query_seed"": 20371625, ""evaluation_path_source"": ""trace_poses"", ""planner_path_pose_count"": 47, ""evaluation_path_pose_count"": 151}"
complex_s01_q0037,f_n3p_knn,Complex,d12_16,True,True,0.26935646310448647,99,17.652231863045014,14.862996850869015,0.18766302921021727,2,0.33669033619722105,0.06532642706648517,0,25,1,0,True,0,2,0.0,,"{""profile_name"": ""complex_d02"", ""map_seed"": 20370623, ""query_seed"": 20371625}"
complex_s01_q0037,n3p_k1,Complex,d12_16,True,True,0.3252560938708484,18,18.651285395491342,14.862996850869015,0.25488053201066463,2,0.3056603515690635,0.10735212311311393,0,0,2,0,True,0,0,,,"{""profile_name"": ""complex_d02"", ""map_seed"": 20370623, ""query_seed"": 20371625}"
complex_s01_q0037,voronoi_waypoint,Complex,d12_16,True,True,0.48073009494692087,3,17.148793579380747,14.862996850869015,0.15379110629213955,2,0.2525941245128756,0.24393669535503137,0,0,0,0,False,,,,,"{""profile_name"": ""complex_d02"", ""map_seed"": 20370623, ""query_seed"": 20371625, ""waypoint_count"": 2}"
complex_s01_q0037,bottleneck_waypoint,Complex,d12_16,True,True,0.48158031795173883,3,16.329532891687016,14.862996850869015,0.09867027864789302,0,0.14910482233301495,0.24399155424366914,0,0,0,0,False,,,,,"{""profile_name"": ""complex_d02"", ""map_seed"": 20370623, ""query_seed"": 20371625, ""waypoint_count"": 2, ""bottleneck_count"": 2}"
complex_s01_q0037,md_dqn,Complex,d12_16,False,False,0.2492495528422296,343,27.654999999999966,14.862996850869015,,1,0.3178533748378446,0.15280351840401973,0,0,0,0,False,,,,md_dqn_not_reached,"{""profile_name"": ""complex_d02"", ""map_seed"": 20370623, ""query_seed"": 20371625, ""md_dqn_source_dir"": ""/home/ubuntu/DQN10/2_experiment"", ""md_dqn_checkpoint_path"": ""/home/ubuntu/DQN10/2_experiment/ugv_dqn/outputs/2026-05-12_train_load_external_demo_smoke/models/realmap_a/mlp-dqn.pt"", ""md_dqn_algo"": ""mlp-dqn"", ""md_dqn_device"": ""cpu"", ""md_dqn_max_steps"": 600, ""md_dqn_rollout_steps"": 343, ""md_dqn_reached"": false}"
complex_s01_q0038,vanilla_ha,Complex,d16_20,True,True,0.15001344680786133,1,18.752333188166215,,,0,0.0,0.10110457379443105,0,0,0,0,False,,,,,"{""profile_name"": ""complex_d02"", ""map_seed"": 20370623, ""query_seed"": 20371626, ""evaluation_path_source"": ""trace_poses"", ""planner_path_pose_count"": 2, ""evaluation_path_pose_count"": 189}"
complex_s01_q0038,f_n3p_knn,Complex,d16_20,True,True,0.0008674538694322109,0,18.752333188166215,18.752333188166215,0.0,0,1.7761358229157924e-17,0.10110457379443105,0,0,0,0,False,0,0,,,"{""profile_name"": ""complex_d02"", ""map_seed"": 20370623, ""query_seed"": 20371626}"
complex_s01_q0038,n3p_k1,Complex,d16_20,True,True,0.0008327439427375793,0,18.752333188166215,18.752333188166215,0.0,0,1.7761358229157924e-17,0.10110457379443105,0,0,0,0,False,0,0,,,"{""profile_name"": ""complex_d02"", ""map_seed"": 20370623, ""query_seed"": 20371626}"
complex_s01_q0038,voronoi_waypoint,Complex,d16_20,True,True,0.6278685799334198,16,19.15020098714702,18.752333188166215,0.021216975775146807,0,0.1102832286740628,0.10375100087966538,0,0,0,0,False,,,,,"{""profile_name"": ""complex_d02"", ""map_seed"": 20370623, ""query_seed"": 20371626, ""waypoint_count"": 3}"
complex_s01_q0038,bottleneck_waypoint,Complex,d16_20,True,True,0.6239266239572316,4,19.402914108020454,18.752333188166215,0.0346933319350784,0,0.15012578271730562,0.347713416867101,0,0,0,0,False,,,,,"{""profile_name"": ""complex_d02"", ""map_seed"": 20370623, ""query_seed"": 20371626, ""waypoint_count"": 3, ""bottleneck_count"": 3}"
complex_s01_q0038,md_dqn,Complex,d16_20,True,True,0.15595474862493575,346,26.934374999999992,18.752333188166215,0.4363212689179983,0,0.253963970052146,0.09535113147299545,0,0,0,0,False,,,,,"{""profile_name"": ""complex_d02"", ""map_seed"": 20370623, ""query_seed"": 20371626, ""md_dqn_source_dir"": ""/home/ubuntu/DQN10/2_experiment"", ""md_dqn_checkpoint_path"": ""/home/ubuntu/DQN10/2_experiment/ugv_dqn/outputs/2026-05-12_train_load_external_demo_smoke/models/realmap_a/mlp-dqn.pt"", ""md_dqn_algo"": ""mlp-dqn"", ""md_dqn_device"": ""cpu"", ""md_dqn_max_steps"": 600, ""md_dqn_rollout_steps"": 346, ""md_dqn_reached"": true}"
complex_s01_q0039,vanilla_ha,Complex,d20_inf,True,True,0.2271578311920166,177,32.0930173622089,,,0,0.33085894441767194,0.08342463606112849,0,0,0,0,False,,,,,"{""profile_name"": ""complex_d02"", ""map_seed"": 20370623, ""query_seed"": 20371627, ""evaluation_path_source"": ""trace_poses"", ""planner_path_pose_count"": 67, ""evaluation_path_pose_count"": 324}"
complex_s01_q0039,f_n3p_knn,Complex,d20_inf,True,True,0.03870685491710901,0,32.00117785040574,32.0930173622089,-0.002861666473009894,2,0.0708454084236275,0.09797769977434445,0,7,0,0,True,1,4,0.25,,"{""profile_name"": ""complex_d02"", ""map_seed"": 20370623, ""query_seed"": 20371627}"
complex_s01_q0039,n3p_k1,Complex,d20_inf,True,True,0.17332959198392928,11,31.42818483369697,32.0930173622089,-0.020715799982546912,0,0.07553767122683674,0.09272311345895301,0,0,1,0,True,1,1,1.0,,"{""profile_name"": ""complex_d02"", ""map_seed"": 20370623, ""query_seed"": 20371627}"
complex_s01_q0039,voronoi_waypoint,Complex,d20_inf,True,True,1.0450778841041028,7,32.54176277564577,32.0930173622089,0.013982649508216483,0,0.14177334027964175,0.2236149869066515,0,0,0,0,False,,,,,"{""profile_name"": ""complex_d02"", ""map_seed"": 20370623, ""query_seed"": 20371627, ""waypoint_count"": 6}"
complex_s01_q0039,bottleneck_waypoint,Complex,d20_inf,True,True,0.9093694090843201,6,32.03693230422615,32.0930173622089,-0.0017475782145929264,0,0.1718761871507459,0.22701443420309075,0,0,0,0,False,,,,,"{""profile_name"": ""complex_d02"", ""map_seed"": 20370623, ""query_seed"": 20371627, ""waypoint_count"": 5, ""bottleneck_count"": 5}"
complex_s01_q0039,md_dqn,Complex,d20_inf,False,False,0.16482731699943542,600,1.1250000000000089,32.0930173622089,,0,0.838564556423757,1.0790130967403515,0,0,0,0,False,,,,md_dqn_not_reached,"{""profile_name"": ""complex_d02"", ""map_seed"": 20370623, ""query_seed"": 20371627, ""md_dqn_source_dir"": ""/home/ubuntu/DQN10/2_experiment"", ""md_dqn_checkpoint_path"": ""/home/ubuntu/DQN10/2_experiment/ugv_dqn/outputs/2026-05-12_train_load_external_demo_smoke/models/realmap_a/mlp-dqn.pt"", ""md_dqn_algo"": ""mlp-dqn"", ""md_dqn_device"": ""cpu"", ""md_dqn_max_steps"": 600, ""md_dqn_rollout_steps"": 600, ""md_dqn_reached"": false}"
complex_s02_q0040,vanilla_ha,Complex,d08_12,True,True,0.14635610580444336,1,10.960383204979648,,,0,0.0,0.548845023777841,0,0,0,0,False,,,,,"{""profile_name"": ""complex_d02"", ""map_seed"": 20380620, ""query_seed"": 20381620, ""evaluation_path_source"": ""trace_poses"", ""planner_path_pose_count"": 2, ""evaluation_path_pose_count"": 111}"
complex_s02_q0040,f_n3p_knn,Complex,d08_12,True,True,0.0004932249430567026,0,10.960383204979648,10.960383204979648,0.0,0,2.025883591589656e-17,0.548845023777841,0,0,0,0,False,0,0,,,"{""profile_name"": ""complex_d02"", ""map_seed"": 20380620, ""query_seed"": 20381620}"
complex_s02_q0040,n3p_k1,Complex,d08_12,True,True,0.00047285296022892,0,10.960383204979648,10.960383204979648,0.0,0,2.025883591589656e-17,0.548845023777841,0,0,0,0,False,0,0,,,"{""profile_name"": ""complex_d02"", ""map_seed"": 20380620, ""query_seed"": 20381620}"
complex_s02_q0040,voronoi_waypoint,Complex,d08_12,True,True,0.47494795895181596,3,11.277013720686506,10.960383204979648,0.028888635532652085,0,0.1916888685802485,0.5693615375357812,0,0,0,0,False,,,,,"{""profile_name"": ""complex_d02"", ""map_seed"": 20380620, ""query_seed"": 20381620, ""waypoint_count"": 2}"
complex_s02_q0040,bottleneck_waypoint,Complex,d08_12,True,True,0.47909370507113636,3,12.097956132666935,10.960383204979648,0.10378952144396303,2,0.2349655039967124,0.6463016162466257,0,0,0,0,False,,,,,"{""profile_name"": ""complex_d02"", ""map_seed"": 20380620, ""query_seed"": 20381620, ""waypoint_count"": 2, ""bottleneck_count"": 2}"
complex_s02_q0040,md_dqn,Complex,d08_12,False,False,0.2086126827634871,430,3.0956249999999845,10.960383204979648,,1,0.3911786935068551,0.5553570442264899,0,0,0,0,False,,,,md_dqn_not_reached,"{""profile_name"": ""complex_d02"", ""map_seed"": 20380620, ""query_seed"": 20381620, ""md_dqn_source_dir"": ""/home/ubuntu/DQN10/2_experiment"", ""md_dqn_checkpoint_path"": ""/home/ubuntu/DQN10/2_experiment/ugv_dqn/outputs/2026-05-12_train_load_external_demo_smoke/models/realmap_a/mlp-dqn.pt"", ""md_dqn_algo"": ""mlp-dqn"", ""md_dqn_device"": ""cpu"", ""md_dqn_max_steps"": 600, ""md_dqn_rollout_steps"": 430, ""md_dqn_reached"": false}"
complex_s02_q0041,vanilla_ha,Complex,d12_16,True,True,0.14938139915466309,1,15.294770348063416,,,0,0.0,0.278022841177867,0,0,0,0,False,,,,,"{""profile_name"": ""complex_d02"", ""map_seed"": 20380620, ""query_seed"": 20381621, ""evaluation_path_source"": ""trace_poses"", ""planner_path_pose_count"": 2, ""evaluation_path_pose_count"": 154}"
complex_s02_q0041,f_n3p_knn,Complex,d12_16,True,True,0.0006348059978336096,0,15.294770348063418,15.294770348063416,2.220446049250313e-16,0,0.0,0.278022841177869,0,0,0,0,False,0,0,,,"{""profile_name"": ""complex_d02"", ""map_seed"": 20380620, ""query_seed"": 20381621}"
complex_s02_q0041,n3p_k1,Complex,d12_16,True,True,0.0006107420194894075,0,15.294770348063418,15.294770348063416,2.220446049250313e-16,0,0.0,0.278022841177869,0,0,0,0,False,0,0,,,"{""profile_name"": ""complex_d02"", ""map_seed"": 20380620, ""query_seed"": 20381621}"
complex_s02_q0041,voronoi_waypoint,Complex,d12_16,True,True,0.6219264450483024,4,16.970201655794,15.294770348063416,0.10954275674644065,0,0.1850859297695335,0.07749787612123449,0,0,0,0,False,,,,,"{""profile_name"": ""complex_d02"", ""map_seed"": 20380620, ""query_seed"": 20381621, ""waypoint_count"": 3}"
complex_s02_q0041,bottleneck_waypoint,Complex,d12_16,True,True,0.4818411380983889,3,16.490443915534247,15.294770348063416,0.07817532007744221,0,0.17203278072184602,0.10614270589950325,0,0,0,0,False,,,,,"{""profile_name"": ""complex_d02"", ""map_seed"": 20380620, ""query_seed"": 20381621, ""waypoint_count"": 2, ""bottleneck_count"": 2}"
complex_s02_q0041,md_dqn,Complex,d12_16,False,False,0.16488044243305922,600,1.1250000000004086,15.294770348063416,,0,0.0,0.4998626796086696,0,0,0,0,False,,,,md_dqn_not_reached,"{""profile_name"": ""complex_d02"", ""map_seed"": 20380620, ""query_seed"": 20381621, ""md_dqn_source_dir"": ""/home/ubuntu/DQN10/2_experiment"", ""md_dqn_checkpoint_path"": ""/home/ubuntu/DQN10/2_experiment/ugv_dqn/outputs/2026-05-12_train_load_external_demo_smoke/models/realmap_a/mlp-dqn.pt"", ""md_dqn_algo"": ""mlp-dqn"", ""md_dqn_device"": ""cpu"", ""md_dqn_max_steps"": 600, ""md_dqn_rollout_steps"": 600, ""md_dqn_reached"": false}"
complex_s02_q0042,vanilla_ha,Complex,d16_20,True,True,0.3411719799041748,232,19.45810574293445,,,0,0.1773076742793276,0.06816400132655176,0,0,0,0,False,,,,,"{""profile_name"": ""complex_d02"", ""map_seed"": 20380620, ""query_seed"": 20381622, ""evaluation_path_source"": ""trace_poses"", ""planner_path_pose_count"": 55, ""evaluation_path_pose_count"": 198}"
complex_s02_q0042,f_n3p_knn,Complex,d16_20,True,True,0.028352654073387384,0,19.42023753160354,19.45810574293445,-0.0019461406897051114,1,0.059445783534365124,0.09017368359903744,0,0,0,0,False,3,3,1.0,,"{""profile_name"": ""complex_d02"", ""map_seed"": 20380620, ""query_seed"": 20381622}"
complex_s02_q0042,n3p_k1,Complex,d16_20,True,True,0.02402570308186114,0,19.42023753160354,19.45810574293445,-0.0019461406897051114,1,0.059445783534365124,0.09017368359903744,0,0,0,0,False,3,3,1.0,,"{""profile_name"": ""complex_d02"", ""map_seed"": 20380620, ""query_seed"": 20381622}"
complex_s02_q0042,voronoi_waypoint,Complex,d16_20,True,True,0.7021954241208732,98,19.56569878843923,19.45810574293445,0.005529471723826562,0,0.18663753350932893,0.18235841407751363,0,0,0,0,False,,,,,"{""profile_name"": ""complex_d02"", ""map_seed"": 20380620, ""query_seed"": 20381622, ""waypoint_count"": 3}"
complex_s02_q0042,bottleneck_waypoint,Complex,d16_20,True,True,0.7622075858525932,5,21.048861339471383,19.45810574293445,0.08175284981759146,3,0.20990033549276127,0.29826172256464634,0,0,0,0,False,,,,,"{""profile_name"": ""complex_d02"", ""map_seed"": 20380620, ""query_seed"": 20381622, ""waypoint_count"": 4, ""bottleneck_count"": 4}"
complex_s02_q0042,md_dqn,Complex,d16_20,False,False,0.16609236970543861,600,1.1250000000000084,19.45810574293445,,0,0.838564556423721,0.9370919495925274,0,0,0,0,False,,,,md_dqn_not_reached,"{""profile_name"": ""complex_d02"", ""map_seed"": 20380620, ""query_seed"": 20381622, ""md_dqn_source_dir"": ""/home/ubuntu/DQN10/2_experiment"", ""md_dqn_checkpoint_path"": ""/home/ubuntu/DQN10/2_experiment/ugv_dqn/outputs/2026-05-12_train_load_external_demo_smoke/models/realmap_a/mlp-dqn.pt"", ""md_dqn_algo"": ""mlp-dqn"", ""md_dqn_device"": ""cpu"", ""md_dqn_max_steps"": 600, ""md_dqn_rollout_steps"": 600, ""md_dqn_reached"": false}"
complex_s02_q0043,vanilla_ha,Complex,d20_inf,False,False,2.500363349914551,3305,,,,0,,,0,0,0,0,False,,,,timeout,"{""profile_name"": ""complex_d02"", ""map_seed"": 20380620, ""query_seed"": 20381623, ""evaluation_path_source"": ""planner_path"", ""planner_path_pose_count"": 0, ""evaluation_path_pose_count"": 0}"
complex_s02_q0043,f_n3p_knn,Complex,d20_inf,True,True,0.028725218027830124,0,24.87043220483588,,,0,0.06378621071947277,0.09200590825866661,0,4,0,0,True,1,3,0.3333333333333333,,"{""profile_name"": ""complex_d02"", ""map_seed"": 20380620, ""query_seed"": 20381623}"
complex_s02_q0043,n3p_k1,Complex,d20_inf,True,True,1.2852560449391603,1556,26.32812079814917,,,0,0.21344074249083786,0.09374280681186975,0,0,2,0,True,1,1,1.0,,"{""profile_name"": ""complex_d02"", ""map_seed"": 20380620, ""query_seed"": 20381623}"
complex_s02_q0043,voronoi_waypoint,Complex,d20_inf,True,True,0.9763199770823121,93,28.145056519849494,,,2,0.3787802384231471,0.07183530374506808,0,0,0,0,False,,,,,"{""profile_name"": ""complex_d02"", ""map_seed"": 20380620, ""query_seed"": 20381623, ""waypoint_count"": 5}"
complex_s02_q0043,bottleneck_waypoint,Complex,d20_inf,True,True,0.9116638021077961,6,26.672962202888726,,,0,0.25642543179067473,0.3470191603345607,0,0,0,0,False,,,,,"{""profile_name"": ""complex_d02"", ""map_seed"": 20380620, ""query_seed"": 20381623, ""waypoint_count"": 5, ""bottleneck_count"": 5}"
complex_s02_q0043,md_dqn,Complex,d20_inf,False,False,0.1658143058884889,600,1.125000000000001,,,0,0.8385645564237258,0.8292400979648074,0,0,0,0,False,,,,md_dqn_not_reached,"{""profile_name"": ""complex_d02"", ""map_seed"": 20380620, ""query_seed"": 20381623, ""md_dqn_source_dir"": ""/home/ubuntu/DQN10/2_experiment"", ""md_dqn_checkpoint_path"": ""/home/ubuntu/DQN10/2_experiment/ugv_dqn/outputs/2026-05-12_train_load_external_demo_smoke/models/realmap_a/mlp-dqn.pt"", ""md_dqn_algo"": ""mlp-dqn"", ""md_dqn_device"": ""cpu"", ""md_dqn_max_steps"": 600, ""md_dqn_rollout_steps"": 600, ""md_dqn_reached"": false}"
complex_s02_q0044,vanilla_ha,Complex,d08_12,True,True,0.9185659885406494,1149,11.738389992191113,,,0,0.37707680090464385,0.0772884427755165,0,0,0,0,False,,,,,"{""profile_name"": ""complex_d02"", ""map_seed"": 20380620, ""query_seed"": 20381624, ""evaluation_path_source"": ""trace_poses"", ""planner_path_pose_count"": 36, ""evaluation_path_pose_count"": 120}"
complex_s02_q0044,f_n3p_knn,Complex,d08_12,True,True,0.040864963782951236,0,12.933522629979741,11.738389992191113,0.10181401696345782,3,0.28143800006855835,0.07976367478967017,0,24,0,0,True,0,4,0.0,,"{""profile_name"": ""complex_d02"", ""map_seed"": 20380620, ""query_seed"": 20381624}"
complex_s02_q0044,n3p_k1,Complex,d08_12,True,True,0.9236099671106786,1149,11.738389992191113,11.738389992191113,0.0,0,0.37707680090464385,0.0772884427755165,0,0,1,0,True,0,0,,,"{""profile_name"": ""complex_d02"", ""map_seed"": 20380620, ""query_seed"": 20381624}"
complex_s02_q0044,voronoi_waypoint,Complex,d08_12,True,True,0.7550160328391939,345,13.471378589622141,11.738389992191113,0.1476342665888497,2,0.47305532160794433,0.06795865097566967,0,0,0,0,False,,,,,"{""profile_name"": ""complex_d02"", ""map_seed"": 20380620, ""query_seed"": 20381624, ""waypoint_count"": 2}"
complex_s02_q0044,bottleneck_waypoint,Complex,d08_12,True,True,0.47997646615840495,3,13.123114694610708,11.738389992191113,0.11796547084743092,0,0.43785303618693877,0.37064429333832116,0,0,0,0,False,,,,,"{""profile_name"": ""complex_d02"", ""map_seed"": 20380620, ""query_seed"": 20381624, ""waypoint_count"": 2, ""bottleneck_count"": 2}"
complex_s02_q0044,md_dqn,Complex,d08_12,False,False,0.14036521688103676,411,1.5037500000000266,11.738389992191113,,1,0.09118163776163386,0.45553063303626673,0,0,0,0,False,,,,md_dqn_not_reached,"{""profile_name"": ""complex_d02"", ""map_seed"": 20380620, ""query_seed"": 20381624, ""md_dqn_source_dir"": ""/home/ubuntu/DQN10/2_experiment"", ""md_dqn_checkpoint_path"": ""/home/ubuntu/DQN10/2_experiment/ugv_dqn/outputs/2026-05-12_train_load_external_demo_smoke/models/realmap_a/mlp-dqn.pt"", ""md_dqn_algo"": ""mlp-dqn"", ""md_dqn_device"": ""cpu"", ""md_dqn_max_steps"": 600, ""md_dqn_rollout_steps"": 411, ""md_dqn_reached"": false}"
complex_s02_q0045,vanilla_ha,Complex,d12_16,True,True,0.14742827415466309,1,13.102671483327361,,,0,0.0,0.1742355434148939,0,0,0,0,False,,,,,"{""profile_name"": ""complex_d02"", ""map_seed"": 20380621, ""query_seed"": 20381621, ""evaluation_path_source"": ""trace_poses"", ""planner_path_pose_count"": 2, ""evaluation_path_pose_count"": 133}"
complex_s02_q0045,f_n3p_knn,Complex,d12_16,True,True,0.0005616508424282074,0,13.102671483327363,13.102671483327361,2.220446049250313e-16,0,0.0,0.17423554341489478,0,0,0,0,False,0,0,,,"{""profile_name"": ""complex_d02"", ""map_seed"": 20380621, ""query_seed"": 20381621}"
complex_s02_q0045,n3p_k1,Complex,d12_16,True,True,0.0005560829304158688,0,13.102671483327363,13.102671483327361,2.220446049250313e-16,0,0.0,0.17423554341489478,0,0,0,0,False,0,0,,,"{""profile_name"": ""complex_d02"", ""map_seed"": 20380621, ""query_seed"": 20381621}"
complex_s02_q0045,voronoi_waypoint,Complex,d12_16,True,True,0.47441209596581757,3,13.2242337708319,13.102671483327361,0.009277671935774334,0,0.1303420894597202,0.17358805461605653,0,0,0,0,False,,,,,"{""profile_name"": ""complex_d02"", ""map_seed"": 20380621, ""query_seed"": 20381621, ""waypoint_count"": 2}"
complex_s02_q0045,bottleneck_waypoint,Complex,d12_16,True,True,0.6285427431575954,4,13.471727135065844,13.102671483327361,0.028166443172149336,0,0.19791463713245977,0.17358805461605653,0,0,0,0,False,,,,,"{""profile_name"": ""complex_d02"", ""map_seed"": 20380621, ""query_seed"": 20381621, ""waypoint_count"": 3, ""bottleneck_count"": 3}"
complex_s02_q0045,md_dqn,Complex,d12_16,False,False,0.1656030029989779,600,1.1249999999999818,13.102671483327361,,0,0.8286550898949276,0.45294926556182635,0,0,0,0,False,,,,md_dqn_not_reached,"{""profile_name"": ""complex_d02"", ""map_seed"": 20380621, ""query_seed"": 20381621, ""md_dqn_source_dir"": ""/home/ubuntu/DQN10/2_experiment"", ""md_dqn_checkpoint_path"": ""/home/ubuntu/DQN10/2_experiment/ugv_dqn/outputs/2026-05-12_train_load_external_demo_smoke/models/realmap_a/mlp-dqn.pt"", ""md_dqn_algo"": ""mlp-dqn"", ""md_dqn_device"": ""cpu"", ""md_dqn_max_steps"": 600, ""md_dqn_rollout_steps"": 600, ""md_dqn_reached"": false}"
complex_s02_q0046,vanilla_ha,Complex,d16_20,True,True,1.812481164932251,2599,18.40294341185395,,,0,0.16131339396670222,0.07709724829470443,0,0,0,0,False,,,,,"{""profile_name"": ""complex_d02"", ""map_seed"": 20380621, ""query_seed"": 20381622, ""evaluation_path_source"": ""trace_poses"", ""planner_path_pose_count"": 41, ""evaluation_path_pose_count"": 186}"
complex_s02_q0046,f_n3p_knn,Complex,d16_20,True,True,0.020004621939733624,0,18.172402845895643,18.40294341185395,-0.012527374605184494,0,0.06810038890412498,0.09008093532468886,0,4,0,0,True,0,2,0.0,,"{""profile_name"": ""complex_d02"", ""map_seed"": 20380621, ""query_seed"": 20381622}"
complex_s02_q0046,n3p_k1,Complex,d16_20,True,True,0.6866410479415208,573,18.41311829630374,18.40294341185395,0.0005528944051000906,0,0.14761997385806708,0.07410965659048252,0,0,2,0,True,0,0,,,"{""profile_name"": ""complex_d02"", ""map_seed"": 20380621, ""query_seed"": 20381622}"
complex_s02_q0046,voronoi_waypoint,Complex,d16_20,True,True,0.6323966509662569,13,19.9292065658351,18.40294341185395,0.08293581737571554,0,0.2894923329617042,0.18242069167780284,0,0,0,0,False,,,,,"{""profile_name"": ""complex_d02"", ""map_seed"": 20380621, ""query_seed"": 20381622, ""waypoint_count"": 3}"
complex_s02_q0046,bottleneck_waypoint,Complex,d16_20,True,True,0.48317534592933953,3,19.04824808858889,18.40294341185395,0.03506529701761063,0,0.20808535330238423,0.3260511434896082,0,0,0,0,False,,,,,"{""profile_name"": ""complex_d02"", ""map_seed"": 20380621, ""query_seed"": 20381622, ""waypoint_count"": 2, ""bottleneck_count"": 2}"
complex_s02_q0046,md_dqn,Complex,d16_20,False,False,0.16727462806738913,600,1.1250000000000082,18.40294341185395,,0,0.828655089894884,1.9992940893635205,0,0,0,0,False,,,,md_dqn_not_reached,"{""profile_name"": ""complex_d02"", ""map_seed"": 20380621, ""query_seed"": 20381622, ""md_dqn_source_dir"": ""/home/ubuntu/DQN10/2_experiment"", ""md_dqn_checkpoint_path"": ""/home/ubuntu/DQN10/2_experiment/ugv_dqn/outputs/2026-05-12_train_load_external_demo_smoke/models/realmap_a/mlp-dqn.pt"", ""md_dqn_algo"": ""mlp-dqn"", ""md_dqn_device"": ""cpu"", ""md_dqn_max_steps"": 600, ""md_dqn_rollout_steps"": 600, ""md_dqn_reached"": false}"
complex_s02_q0047,vanilla_ha,Complex,d20_inf,True,True,0.17532038688659668,57,21.32828597257468,,,0,0.11369205560649162,0.15965208879010184,0,0,0,0,False,,,,,"{""profile_name"": ""complex_d02"", ""map_seed"": 20380621, ""query_seed"": 20381623, ""evaluation_path_source"": ""trace_poses"", ""planner_path_pose_count"": 31, ""evaluation_path_pose_count"": 216}"
complex_s02_q0047,f_n3p_knn,Complex,d20_inf,True,True,0.027129753027111292,0,22.48166794095278,21.32828597257468,0.05407757425332704,0,0.09249694987527508,0.09968494476809697,0,4,0,0,True,0,3,0.0,,"{""profile_name"": ""complex_d02"", ""map_seed"": 20380621, ""query_seed"": 20381623}"
complex_s02_q0047,n3p_k1,Complex,d20_inf,True,True,0.3237486151047051,32,21.24796790267784,21.32828597257468,-0.0037658004961167446,0,0.12570466888173082,0.1390538165368671,0,0,2,0,True,0,0,,,"{""profile_name"": ""complex_d02"", ""map_seed"": 20380621, ""query_seed"": 20381623}"
complex_s02_q0047,voronoi_waypoint,Complex,d20_inf,True,True,0.7669661361724138,5,23.45658819990138,21.32828597257468,0.0997877761983974,0,0.2617237271610241,0.06672899156391143,0,0,0,0,False,,,,,"{""profile_name"": ""complex_d02"", ""map_seed"": 20380621, ""query_seed"": 20381623, ""waypoint_count"": 4}"
complex_s02_q0047,bottleneck_waypoint,Complex,d20_inf,True,True,0.7649387309793383,5,23.034941041592013,21.32828597257468,0.08001838831361607,0,0.1849959331698763,0.5487234579556187,0,0,0,0,False,,,,,"{""profile_name"": ""complex_d02"", ""map_seed"": 20380621, ""query_seed"": 20381623, ""waypoint_count"": 4, ""bottleneck_count"": 4}"
complex_s02_q0047,md_dqn,Complex,d20_inf,False,False,0.16638007061555982,600,1.1250000000000056,21.32828597257468,,0,0.838564556423723,1.1426738352572001,0,0,0,0,False,,,,md_dqn_not_reached,"{""profile_name"": ""complex_d02"", ""map_seed"": 20380621, ""query_seed"": 20381623, ""md_dqn_source_dir"": ""/home/ubuntu/DQN10/2_experiment"", ""md_dqn_checkpoint_path"": ""/home/ubuntu/DQN10/2_experiment/ugv_dqn/outputs/2026-05-12_train_load_external_demo_smoke/models/realmap_a/mlp-dqn.pt"", ""md_dqn_algo"": ""mlp-dqn"", ""md_dqn_device"": ""cpu"", ""md_dqn_max_steps"": 600, ""md_dqn_rollout_steps"": 600, ""md_dqn_reached"": false}"
complex_s02_q0048,vanilla_ha,Complex,d08_12,True,True,0.14699459075927734,1,8.16333265278342,,,0,0.0,0.439940691862187,0,0,0,0,False,,,,,"{""profile_name"": ""complex_d02"", ""map_seed"": 20380621, ""query_seed"": 20381624, ""evaluation_path_source"": ""trace_poses"", ""planner_path_pose_count"": 2, ""evaluation_path_pose_count"": 83}"
complex_s02_q0048,f_n3p_knn,Complex,d08_12,True,True,0.0003900399897247553,0,8.16333265278342,8.16333265278342,0.0,0,0.0,0.439940691862187,0,0,0,0,False,0,0,,,"{""profile_name"": ""complex_d02"", ""map_seed"": 20380621, ""query_seed"": 20381624}"
complex_s02_q0048,n3p_k1,Complex,d08_12,True,True,0.0003776040393859148,0,8.16333265278342,8.16333265278342,0.0,0,0.0,0.439940691862187,0,0,0,0,False,0,0,,,"{""profile_name"": ""complex_d02"", ""map_seed"": 20380621, ""query_seed"": 20381624}"
complex_s02_q0048,voronoi_waypoint,Complex,d08_12,True,True,0.3335489248856902,2,8.193510280373863,8.16333265278342,0.0036967288819416133,0,0.09168277920332918,0.5068194850457144,0,0,0,0,False,,,,,"{""profile_name"": ""complex_d02"", ""map_seed"": 20380621, ""query_seed"": 20381624, ""waypoint_count"": 1}"
complex_s02_q0048,bottleneck_waypoint,Complex,d08_12,True,True,0.3328042831271887,2,8.350492574964465,8.16333265278342,0.022926901321022264,0,0.16336302172523173,0.8646798255962795,0,0,0,0,False,,,,,"{""profile_name"": ""complex_d02"", ""map_seed"": 20380621, ""query_seed"": 20381624, ""waypoint_count"": 1, ""bottleneck_count"": 1}"
complex_s02_q0048,md_dqn,Complex,d08_12,False,False,0.1652181304525584,600,1.1250000000000022,8.16333265278342,,0,0.8385645564237266,1.1700957577776598,0,0,0,0,False,,,,md_dqn_not_reached,"{""profile_name"": ""complex_d02"", ""map_seed"": 20380621, ""query_seed"": 20381624, ""md_dqn_source_dir"": ""/home/ubuntu/DQN10/2_experiment"", ""md_dqn_checkpoint_path"": ""/home/ubuntu/DQN10/2_experiment/ugv_dqn/outputs/2026-05-12_train_load_external_demo_smoke/models/realmap_a/mlp-dqn.pt"", ""md_dqn_algo"": ""mlp-dqn"", ""md_dqn_device"": ""cpu"", ""md_dqn_max_steps"": 600, ""md_dqn_rollout_steps"": 600, ""md_dqn_reached"": false}"
complex_s02_q0049,vanilla_ha,Complex,d12_16,True,True,0.17116212844848633,41,15.778103894659132,,,0,0.11788691098166476,0.08319989919426807,0,0,0,0,False,,,,,"{""profile_name"": ""complex_d02"", ""map_seed"": 20380621, ""query_seed"": 20381625, ""evaluation_path_source"": ""trace_poses"", ""planner_path_pose_count"": 20, ""evaluation_path_pose_count"": 161}"
complex_s02_q0049,f_n3p_knn,Complex,d12_16,True,True,0.010902559850364923,0,15.65674128557946,15.778103894659132,-0.0076918373646120974,0,0.03720546915558304,0.10323508091453204,0,0,0,0,False,1,1,1.0,,"{""profile_name"": ""complex_d02"", ""map_seed"": 20380621, ""query_seed"": 20381625}"
complex_s02_q0049,n3p_k1,Complex,d12_16,True,True,0.010114859091117978,0,15.65674128557946,15.778103894659132,-0.0076918373646120974,0,0.03720546915558304,0.10323508091453204,0,0,0,0,False,1,1,1.0,,"{""profile_name"": ""complex_d02"", ""map_seed"": 20380621, ""query_seed"": 20381625}"
complex_s02_q0049,voronoi_waypoint,Complex,d12_16,True,True,0.6382249051239341,16,18.25064143761323,15.778103894659132,0.1567068869277155,0,0.3410296650669187,0.05154520257139017,0,0,0,0,False,,,,,"{""profile_name"": ""complex_d02"", ""map_seed"": 20380621, ""query_seed"": 20381625, ""waypoint_count"": 3}"
complex_s02_q0049,bottleneck_waypoint,Complex,d12_16,True,True,0.6329506689216942,4,17.956303399150098,15.778103894659132,0.13805204472181742,3,0.2692915716975077,0.05526894639085361,0,0,0,0,False,,,,,"{""profile_name"": ""complex_d02"", ""map_seed"": 20380621, ""query_seed"": 20381625, ""waypoint_count"": 3, ""bottleneck_count"": 3}"
complex_s02_q0049,md_dqn,Complex,d12_16,False,False,0.16191103123128414,600,1.1249999999997058,15.778103894659132,,0,0.0,0.5166936139916833,0,0,0,0,False,,,,md_dqn_not_reached,"{""profile_name"": ""complex_d02"", ""map_seed"": 20380621, ""query_seed"": 20381625, ""md_dqn_source_dir"": ""/home/ubuntu/DQN10/2_experiment"", ""md_dqn_checkpoint_path"": ""/home/ubuntu/DQN10/2_experiment/ugv_dqn/outputs/2026-05-12_train_load_external_demo_smoke/models/realmap_a/mlp-dqn.pt"", ""md_dqn_algo"": ""mlp-dqn"", ""md_dqn_device"": ""cpu"", ""md_dqn_max_steps"": 600, ""md_dqn_rollout_steps"": 600, ""md_dqn_reached"": false}"
complex_s02_q0050,vanilla_ha,Complex,d16_20,True,True,0.3906118869781494,463,18.508559148308496,,,0,0.12718266781517673,0.07893038458665114,0,0,0,0,False,,,,,"{""profile_name"": ""complex_d02"", ""map_seed"": 20380622, ""query_seed"": 20381622, ""evaluation_path_source"": ""trace_poses"", ""planner_path_pose_count"": 37, ""evaluation_path_pose_count"": 188}"
complex_s02_q0050,f_n3p_knn,Complex,d16_20,True,True,0.01084994594566524,0,18.07334676663681,18.508559148308496,-0.02351411464200659,0,0.009879127304082051,0.0907675441370801,0,0,0,0,False,1,1,1.0,,"{""profile_name"": ""complex_d02"", ""map_seed"": 20380622, ""query_seed"": 20381622}"
complex_s02_q0050,n3p_k1,Complex,d16_20,True,True,0.009522933978587389,0,18.07334676663681,18.508559148308496,-0.02351411464200659,0,0.009879127304082051,0.0907675441370801,0,0,0,0,False,1,1,1.0,,"{""profile_name"": ""complex_d02"", ""map_seed"": 20380622, ""query_seed"": 20381622}"
complex_s02_q0050,voronoi_waypoint,Complex,d16_20,True,True,0.6182042509317398,4,19.808488796328753,18.508559148308496,0.0702339732447006,0,0.27786293537298934,0.1650812187293208,0,0,0,0,False,,,,,"{""profile_name"": ""complex_d02"", ""map_seed"": 20380622, ""query_seed"": 20381622, ""waypoint_count"": 3}"
complex_s02_q0050,bottleneck_waypoint,Complex,d16_20,True,True,0.6189073529094458,4,18.55882404638557,18.508559148308496,0.002715765050877561,0,0.17487598682678876,0.37495218475169634,0,0,0,0,False,,,,,"{""profile_name"": ""complex_d02"", ""map_seed"": 20380622, ""query_seed"": 20381622, ""waypoint_count"": 3, ""bottleneck_count"": 3}"
complex_s02_q0050,md_dqn,Complex,d16_20,False,False,0.18796329922042787,600,12.035624999999998,18.508559148308496,,0,0.36142327207885766,0.14886684302332942,0,0,0,0,False,,,,md_dqn_not_reached,"{""profile_name"": ""complex_d02"", ""map_seed"": 20380622, ""query_seed"": 20381622, ""md_dqn_source_dir"": ""/home/ubuntu/DQN10/2_experiment"", ""md_dqn_checkpoint_path"": ""/home/ubuntu/DQN10/2_experiment/ugv_dqn/outputs/2026-05-12_train_load_external_demo_smoke/models/realmap_a/mlp-dqn.pt"", ""md_dqn_algo"": ""mlp-dqn"", ""md_dqn_device"": ""cpu"", ""md_dqn_max_steps"": 600, ""md_dqn_rollout_steps"": 600, ""md_dqn_reached"": false}"
complex_s02_q0051,vanilla_ha,Complex,d20_inf,True,True,0.23336315155029297,161,21.125832668483433,,,0,0.15612038162406824,0.16615870295342694,0,0,0,0,False,,,,,"{""profile_name"": ""complex_d02"", ""map_seed"": 20380622, ""query_seed"": 20381623, ""evaluation_path_source"": ""trace_poses"", ""planner_path_pose_count"": 29, ""evaluation_path_pose_count"": 213}"
complex_s02_q0051,f_n3p_knn,Complex,d20_inf,True,True,0.01030386402271688,0,21.009347206150107,21.125832668483433,-0.005513887389021366,0,0.04146212681968109,0.2249076574930099,0,0,0,0,False,1,1,1.0,,"{""profile_name"": ""complex_d02"", ""map_seed"": 20380622, ""query_seed"": 20381623}"
complex_s02_q0051,n3p_k1,Complex,d20_inf,True,True,0.010013392893597484,0,21.009347206150107,21.125832668483433,-0.005513887389021366,0,0.04146212681968109,0.2249076574930099,0,0,0,0,False,1,1,1.0,,"{""profile_name"": ""complex_d02"", ""map_seed"": 20380622, ""query_seed"": 20381623}"
complex_s02_q0051,voronoi_waypoint,Complex,d20_inf,True,True,0.6214176670182496,4,22.3500180778485,21.125832668483433,0.057947321110394245,0,0.24878120516542343,0.2484155336389372,0,0,0,0,False,,,,,"{""profile_name"": ""complex_d02"", ""map_seed"": 20380622, ""query_seed"": 20381623, ""waypoint_count"": 3}"
complex_s02_q0051,bottleneck_waypoint,Complex,d20_inf,True,True,0.7675833839457482,5,22.493160188903392,21.125832668483433,0.06472301195776331,0,0.21978462639404092,0.2484155336389372,0,0,0,0,False,,,,,"{""profile_name"": ""complex_d02"", ""map_seed"": 20380622, ""query_seed"": 20381623, ""waypoint_count"": 4, ""bottleneck_count"": 4}"
complex_s02_q0051,md_dqn,Complex,d20_inf,False,False,0.1673926804214716,600,1.125000000000014,21.125832668483433,,0,0.7708121600458493,0.2484155336389372,0,0,0,0,False,,,,md_dqn_not_reached,"{""profile_name"": ""complex_d02"", ""map_seed"": 20380622, ""query_seed"": 20381623, ""md_dqn_source_dir"": ""/home/ubuntu/DQN10/2_experiment"", ""md_dqn_checkpoint_path"": ""/home/ubuntu/DQN10/2_experiment/ugv_dqn/outputs/2026-05-12_train_load_external_demo_smoke/models/realmap_a/mlp-dqn.pt"", ""md_dqn_algo"": ""mlp-dqn"", ""md_dqn_device"": ""cpu"", ""md_dqn_max_steps"": 600, ""md_dqn_rollout_steps"": 600, ""md_dqn_reached"": false}"
complex_s02_q0052,vanilla_ha,Complex,d08_12,True,True,0.16936755180358887,37,11.488432253936935,,,0,0.08344896747269784,0.14084751281333263,0,0,0,0,False,,,,,"{""profile_name"": ""complex_d02"", ""map_seed"": 20380622, ""query_seed"": 20381624, ""evaluation_path_source"": ""trace_poses"", ""planner_path_pose_count"": 18, ""evaluation_path_pose_count"": 117}"
complex_s02_q0052,f_n3p_knn,Complex,d08_12,True,True,0.01051751896739006,0,11.463567569239837,11.488432253936935,-0.002164323568916715,0,0.02101510228597568,0.16812312015456188,0,1,0,0,True,0,1,0.0,,"{""profile_name"": ""complex_d02"", ""map_seed"": 20380622, ""query_seed"": 20381624}"
complex_s02_q0052,n3p_k1,Complex,d08_12,True,True,0.17710461490787566,34,11.848534939952316,11.488432253936935,0.03134480650238225,0,0.25010561948347887,0.14084751281333263,0,0,1,0,True,0,0,,,"{""profile_name"": ""complex_d02"", ""map_seed"": 20380622, ""query_seed"": 20381624}"
complex_s02_q0052,voronoi_waypoint,Complex,d08_12,True,True,0.3351180281024426,2,11.635234011820378,11.488432253936935,0.012778223750515405,0,0.11444347741841265,0.24251017213487658,0,0,0,0,False,,,,,"{""profile_name"": ""complex_d02"", ""map_seed"": 20380622, ""query_seed"": 20381624, ""waypoint_count"": 1}"
complex_s02_q0052,bottleneck_waypoint,Complex,d08_12,True,True,0.48245067801326513,3,11.93417206225678,11.488432253936935,0.03879901090656612,0,0.17031590813644457,1.2353325535738562,0,0,0,0,False,,,,,"{""profile_name"": ""complex_d02"", ""map_seed"": 20380622, ""query_seed"": 20381624, ""waypoint_count"": 2, ""bottleneck_count"": 2}"
complex_s02_q0052,md_dqn,Complex,d08_12,False,False,0.16483011096715927,600,1.1250000000000064,11.488432253936935,,0,0.838564556423722,0.8193291150073001,0,0,0,0,False,,,,md_dqn_not_reached,"{""profile_name"": ""complex_d02"", ""map_seed"": 20380622, ""query_seed"": 20381624, ""md_dqn_source_dir"": ""/home/ubuntu/DQN10/2_experiment"", ""md_dqn_checkpoint_path"": ""/home/ubuntu/DQN10/2_experiment/ugv_dqn/outputs/2026-05-12_train_load_external_demo_smoke/models/realmap_a/mlp-dqn.pt"", ""md_dqn_algo"": ""mlp-dqn"", ""md_dqn_device"": ""cpu"", ""md_dqn_max_steps"": 600, ""md_dqn_rollout_steps"": 600, ""md_dqn_reached"": false}"
complex_s02_q0053,vanilla_ha,Complex,d12_16,True,True,1.9010999202728271,2665,13.882976680950854,,,0,0.24172033141550386,0.05653605060311506,0,0,0,0,False,,,,,"{""profile_name"": ""complex_d02"", ""map_seed"": 20380622, ""query_seed"": 20381625, ""evaluation_path_source"": ""trace_poses"", ""planner_path_pose_count"": 34, ""evaluation_path_pose_count"": 141}"
complex_s02_q0053,f_n3p_knn,Complex,d12_16,True,True,0.19196850014850497,1,15.325961046363327,13.882976680950854,0.10393911900697961,0,0.378261080192517,0.0559281097518759,0,34,1,0,True,0,4,0.0,,"{""profile_name"": ""complex_d02"", ""map_seed"": 20380622, ""query_seed"": 20381625}"
complex_s02_q0053,n3p_k1,Complex,d12_16,True,True,0.8650735698174685,634,14.5000019296461,13.882976680950854,0.044444737096035025,0,0.33339725833387057,0.05653605060311506,0,0,2,0,True,1,1,1.0,,"{""profile_name"": ""complex_d02"", ""map_seed"": 20380622, ""query_seed"": 20381625}"
complex_s02_q0053,voronoi_waypoint,Complex,d12_16,True,True,0.49545600707642734,25,15.923135219404857,13.882976680950854,0.1469539699834943,4,0.36490243136318445,0.05653605060311506,0,0,0,0,False,,,,,"{""profile_name"": ""complex_d02"", ""map_seed"": 20380622, ""query_seed"": 20381625, ""waypoint_count"": 2}"
complex_s02_q0053,bottleneck_waypoint,Complex,d12_16,True,True,0.6334183930885047,12,17.044352959660092,13.882976680950854,0.22771602599081175,1,0.29175476062988115,0.08678516968025163,0,0,0,0,False,,,,,"{""profile_name"": ""complex_d02"", ""map_seed"": 20380622, ""query_seed"": 20381625, ""waypoint_count"": 3, ""bottleneck_count"": 3}"
complex_s02_q0053,md_dqn,Complex,d12_16,False,False,0.0014461760874837637,1,0.003750000000000246,13.882976680950854,,0,0.08734630124014486,0.3135512008776755,0,0,0,0,False,,,,md_dqn_not_reached,"{""profile_name"": ""complex_d02"", ""map_seed"": 20380622, ""query_seed"": 20381625, ""md_dqn_source_dir"": ""/home/ubuntu/DQN10/2_experiment"", ""md_dqn_checkpoint_path"": ""/home/ubuntu/DQN10/2_experiment/ugv_dqn/outputs/2026-05-12_train_load_external_demo_smoke/models/realmap_a/mlp-dqn.pt"", ""md_dqn_algo"": ""mlp-dqn"", ""md_dqn_device"": ""cpu"", ""md_dqn_max_steps"": 600, ""md_dqn_rollout_steps"": 1, ""md_dqn_reached"": false}"
complex_s02_q0054,vanilla_ha,Complex,d16_20,True,True,0.260272741317749,211,17.278317745362592,,,0,0.21308322137546531,0.07187953829957194,0,0,0,0,False,,,,,"{""profile_name"": ""complex_d02"", ""map_seed"": 20380622, ""query_seed"": 20381626, ""evaluation_path_source"": ""trace_poses"", ""planner_path_pose_count"": 35, ""evaluation_path_pose_count"": 176}"
complex_s02_q0054,f_n3p_knn,Complex,d16_20,True,True,0.22475782479159534,57,17.213680495037927,17.278317745362592,-0.0037409458071815394,0,0.13404430630169956,0.06980021893733146,0,29,1,0,True,0,2,0.0,,"{""profile_name"": ""complex_d02"", ""map_seed"": 20380622, ""query_seed"": 20381626}"
complex_s02_q0054,n3p_k1,Complex,d16_20,True,True,0.3601449311245233,56,17.535400325582653,17.278317745362592,0.014878912635407415,0,0.2005947061994249,0.0759963249340021,0,0,2,0,True,1,1,1.0,,"{""profile_name"": ""complex_d02"", ""map_seed"": 20380622, ""query_seed"": 20381626}"
complex_s02_q0054,voronoi_waypoint,Complex,d16_20,True,True,0.6117020789533854,4,18.925411733093565,17.278317745362592,0.0953272194668977,0,0.2204676293125698,0.5337518832315753,0,0,0,0,False,,,,,"{""profile_name"": ""complex_d02"", ""map_seed"": 20380622, ""query_seed"": 20381626, ""waypoint_count"": 3}"
complex_s02_q0054,bottleneck_waypoint,Complex,d16_20,True,True,0.6152008199132979,4,18.299555849413743,17.278317745362592,0.0591051813667014,0,0.213233838611347,0.7027508906865996,0,0,0,0,False,,,,,"{""profile_name"": ""complex_d02"", ""map_seed"": 20380622, ""query_seed"": 20381626, ""waypoint_count"": 3, ""bottleneck_count"": 3}"
complex_s02_q0054,md_dqn,Complex,d16_20,False,False,0.16750279278494418,600,1.3874999999999695,17.278317745362592,,0,0.8325436830887016,0.7045620622602788,0,0,0,0,False,,,,md_dqn_not_reached,"{""profile_name"": ""complex_d02"", ""map_seed"": 20380622, ""query_seed"": 20381626, ""md_dqn_source_dir"": ""/home/ubuntu/DQN10/2_experiment"", ""md_dqn_checkpoint_path"": ""/home/ubuntu/DQN10/2_experiment/ugv_dqn/outputs/2026-05-12_train_load_external_demo_smoke/models/realmap_a/mlp-dqn.pt"", ""md_dqn_algo"": ""mlp-dqn"", ""md_dqn_device"": ""cpu"", ""md_dqn_max_steps"": 600, ""md_dqn_rollout_steps"": 600, ""md_dqn_reached"": false}"
complex_s02_q0055,vanilla_ha,Complex,d20_inf,False,False,2.503230094909668,4313,,,,0,,,0,0,0,0,False,,,,timeout,"{""profile_name"": ""complex_d02"", ""map_seed"": 20380623, ""query_seed"": 20381623, ""evaluation_path_source"": ""planner_path"", ""planner_path_pose_count"": 0, ""evaluation_path_pose_count"": 0}"
complex_s02_q0055,f_n3p_knn,Complex,d20_inf,True,True,0.03347327699884772,0,21.82861956392044,,,2,0.12175477388755454,0.09645982918259899,0,22,0,0,True,1,4,0.25,,"{""profile_name"": ""complex_d02"", ""map_seed"": 20380623, ""query_seed"": 20381623}"
complex_s02_q0055,n3p_k1,Complex,d20_inf,False,False,3.512961982982233,6175,,,,0,,,0,0,1,1,True,0,0,,f2_failed:prediction:goal_in_collision;goal:timeout;f3_failed:timeout,"{""profile_name"": ""complex_d02"", ""map_seed"": 20380623, ""query_seed"": 20381623}"
complex_s02_q0055,voronoi_waypoint,Complex,d20_inf,True,True,0.7635505029466003,5,22.40371757002473,,,0,0.2153199939508849,0.18365506875235205,0,0,0,0,False,,,,,"{""profile_name"": ""complex_d02"", ""map_seed"": 20380623, ""query_seed"": 20381623, ""waypoint_count"": 4}"
complex_s02_q0055,bottleneck_waypoint,Complex,d20_inf,True,True,0.7718764957971871,5,22.53349169626616,,,0,0.2228607731023146,0.18365506875235205,0,0,0,0,False,,,,,"{""profile_name"": ""complex_d02"", ""map_seed"": 20380623, ""query_seed"": 20381623, ""waypoint_count"": 4, ""bottleneck_count"": 4}"
complex_s02_q0055,md_dqn,Complex,d20_inf,False,False,0.1663524170871824,600,1.1250000000000022,,,0,0.8385645564237244,0.1961635327885023,0,0,0,0,False,,,,md_dqn_not_reached,"{""profile_name"": ""complex_d02"", ""map_seed"": 20380623, ""query_seed"": 20381623, ""md_dqn_source_dir"": ""/home/ubuntu/DQN10/2_experiment"", ""md_dqn_checkpoint_path"": ""/home/ubuntu/DQN10/2_experiment/ugv_dqn/outputs/2026-05-12_train_load_external_demo_smoke/models/realmap_a/mlp-dqn.pt"", ""md_dqn_algo"": ""mlp-dqn"", ""md_dqn_device"": ""cpu"", ""md_dqn_max_steps"": 600, ""md_dqn_rollout_steps"": 600, ""md_dqn_reached"": false}"
complex_s02_q0056,vanilla_ha,Complex,d08_12,True,True,0.15654969215393066,9,11.859947175942063,,,0,0.054229971909255555,0.07620076499526462,0,0,0,0,False,,,,,"{""profile_name"": ""complex_d02"", ""map_seed"": 20380623, ""query_seed"": 20381624, ""evaluation_path_source"": ""trace_poses"", ""planner_path_pose_count"": 7, ""evaluation_path_pose_count"": 121}"
complex_s02_q0056,f_n3p_knn,Complex,d08_12,True,True,0.01089011481963098,0,11.883968963618779,11.859947175942063,0.002025454862517817,0,0.032351378444888654,0.12173460835583139,0,0,0,0,False,1,1,1.0,,"{""profile_name"": ""complex_d02"", ""map_seed"": 20380623, ""query_seed"": 20381624}"
complex_s02_q0056,n3p_k1,Complex,d08_12,True,True,0.009477368090301752,0,11.883968963618779,11.859947175942063,0.002025454862517817,0,0.032351378444888654,0.12173460835583139,0,0,0,0,False,1,1,1.0,,"{""profile_name"": ""complex_d02"", ""map_seed"": 20380623, ""query_seed"": 20381624}"
complex_s02_q0056,voronoi_waypoint,Complex,d08_12,True,True,0.47912923712283373,3,12.581948229748395,11.859947175942063,0.060877257132385454,0,0.21209997567240677,0.13409152467568908,0,0,0,0,False,,,,,"{""profile_name"": ""complex_d02"", ""map_seed"": 20380623, ""query_seed"": 20381624, ""waypoint_count"": 2}"
complex_s02_q0056,bottleneck_waypoint,Complex,d08_12,True,True,0.4782060128636658,3,13.154651478257016,11.859947175942063,0.10916611036356594,3,0.15134377342828245,0.18861516841946435,0,0,0,0,False,,,,,"{""profile_name"": ""complex_d02"", ""map_seed"": 20380623, ""query_seed"": 20381624, ""waypoint_count"": 2, ""bottleneck_count"": 2}"
complex_s02_q0056,md_dqn,Complex,d08_12,False,False,0.43411840801127255,600,21.553125000000016,11.859947175942063,,0,0.3609984455784974,0.0789269303387009,0,0,0,0,False,,,,md_dqn_not_reached,"{""profile_name"": ""complex_d02"", ""map_seed"": 20380623, ""query_seed"": 20381624, ""md_dqn_source_dir"": ""/home/ubuntu/DQN10/2_experiment"", ""md_dqn_checkpoint_path"": ""/home/ubuntu/DQN10/2_experiment/ugv_dqn/outputs/2026-05-12_train_load_external_demo_smoke/models/realmap_a/mlp-dqn.pt"", ""md_dqn_algo"": ""mlp-dqn"", ""md_dqn_device"": ""cpu"", ""md_dqn_max_steps"": 600, ""md_dqn_rollout_steps"": 600, ""md_dqn_reached"": false}"
complex_s02_q0057,vanilla_ha,Complex,d12_16,True,True,0.14767932891845703,1,14.920120642943873,,,0,0.0,0.3666630629672558,0,0,0,0,False,,,,,"{""profile_name"": ""complex_d02"", ""map_seed"": 20380623, ""query_seed"": 20381625, ""evaluation_path_source"": ""trace_poses"", ""planner_path_pose_count"": 2, ""evaluation_path_pose_count"": 151}"
complex_s02_q0057,f_n3p_knn,Complex,d12_16,True,True,0.000617828918620944,0,14.920120642943873,14.920120642943873,0.0,0,2.9764451674195064e-17,0.3666630629672558,0,0,0,0,False,0,0,,,"{""profile_name"": ""complex_d02"", ""map_seed"": 20380623, ""query_seed"": 20381625}"
complex_s02_q0057,n3p_k1,Complex,d12_16,True,True,0.0006230780854821205,0,14.920120642943873,14.920120642943873,0.0,0,2.9764451674195064e-17,0.3666630629672558,0,0,0,0,False,0,0,,,"{""profile_name"": ""complex_d02"", ""map_seed"": 20380623, ""query_seed"": 20381625}"
complex_s02_q0057,voronoi_waypoint,Complex,d12_16,True,True,0.5042213189881295,3,15.857401823705766,14.920120642943873,0.06281994651331169,0,0.1368216314781989,0.31635224511512805,0,0,0,0,False,,,,,"{""profile_name"": ""complex_d02"", ""map_seed"": 20380623, ""query_seed"": 20381625, ""waypoint_count"": 2}"
complex_s02_q0057,bottleneck_waypoint,Complex,d12_16,True,True,0.5087984330020845,3,15.936700861546623,14.920120642943873,0.06813485245399264,0,0.1971294235163877,0.366375114617722,0,0,0,0,False,,,,,"{""profile_name"": ""complex_d02"", ""map_seed"": 20380623, ""query_seed"": 20381625, ""waypoint_count"": 2, ""bottleneck_count"": 2}"
complex_s02_q0057,md_dqn,Complex,d12_16,False,False,0.39503111504018307,600,1.125000000000022,14.920120642943873,,0,0.8385645564237095,1.8704626122408912,0,0,0,0,False,,,,md_dqn_not_reached,"{""profile_name"": ""complex_d02"", ""map_seed"": 20380623, ""query_seed"": 20381625, ""md_dqn_source_dir"": ""/home/ubuntu/DQN10/2_experiment"", ""md_dqn_checkpoint_path"": ""/home/ubuntu/DQN10/2_experiment/ugv_dqn/outputs/2026-05-12_train_load_external_demo_smoke/models/realmap_a/mlp-dqn.pt"", ""md_dqn_algo"": ""mlp-dqn"", ""md_dqn_device"": ""cpu"", ""md_dqn_max_steps"": 600, ""md_dqn_rollout_steps"": 600, ""md_dqn_reached"": false}"
complex_s02_q0058,vanilla_ha,Complex,d16_20,True,True,0.2207350730895996,120,19.290030075966865,,,0,0.13933316454227343,0.09159874834081794,0,0,0,0,False,,,,,"{""profile_name"": ""complex_d02"", ""map_seed"": 20380623, ""query_seed"": 20381626, ""evaluation_path_source"": ""trace_poses"", ""planner_path_pose_count"": 38, ""evaluation_path_pose_count"": 196}"
complex_s02_q0058,f_n3p_knn,Complex,d16_20,True,True,0.020413608988747,0,19.710423887567938,19.290030075966865,0.021793320691855023,0,0.07591368472708088,0.1944975967222341,0,1,0,0,True,1,2,0.5,,"{""profile_name"": ""complex_d02"", ""map_seed"": 20380623, ""query_seed"": 20381626}"
complex_s02_q0058,n3p_k1,Complex,d16_20,True,True,0.1920082438737154,25,19.249251694077074,19.290030075966865,-0.0021139615505626486,0,0.11756059313239933,0.0734765198144317,0,0,1,0,True,1,1,1.0,,"{""profile_name"": ""complex_d02"", ""map_seed"": 20380623, ""query_seed"": 20381626}"
complex_s02_q0058,voronoi_waypoint,Complex,d16_20,True,True,0.6681383829563856,13,19.362179544736247,19.290030075966865,0.0037402465670217655,0,0.11109214858513798,0.10533204271223451,0,0,0,0,False,,,,,"{""profile_name"": ""complex_d02"", ""map_seed"": 20380623, ""query_seed"": 20381626, ""waypoint_count"": 3}"
complex_s02_q0058,bottleneck_waypoint,Complex,d16_20,True,True,0.5087046569678932,3,19.391411958207396,19.290030075966865,0.005255662217283907,0,0.07924870704836359,0.2908595394097524,0,0,0,0,False,,,,,"{""profile_name"": ""complex_d02"", ""map_seed"": 20380623, ""query_seed"": 20381626, ""waypoint_count"": 2, ""bottleneck_count"": 2}"
complex_s02_q0058,md_dqn,Complex,d16_20,False,False,0.44726897682994604,600,4.544999999999995,19.290030075966865,,0,0.3194550134033435,0.15327883932222786,0,0,0,0,False,,,,md_dqn_not_reached,"{""profile_name"": ""complex_d02"", ""map_seed"": 20380623, ""query_seed"": 20381626, ""md_dqn_source_dir"": ""/home/ubuntu/DQN10/2_experiment"", ""md_dqn_checkpoint_path"": ""/home/ubuntu/DQN10/2_experiment/ugv_dqn/outputs/2026-05-12_train_load_external_demo_smoke/models/realmap_a/mlp-dqn.pt"", ""md_dqn_algo"": ""mlp-dqn"", ""md_dqn_device"": ""cpu"", ""md_dqn_max_steps"": 600, ""md_dqn_rollout_steps"": 600, ""md_dqn_reached"": false}"
complex_s02_q0059,vanilla_ha,Complex,d20_inf,False,False,2.5016937255859375,5737,,,,0,,,0,0,0,0,False,,,,timeout,"{""profile_name"": ""complex_d02"", ""map_seed"": 20380623, ""query_seed"": 20381627, ""evaluation_path_source"": ""planner_path"", ""planner_path_pose_count"": 0, ""evaluation_path_pose_count"": 0}"
complex_s02_q0059,f_n3p_knn,Complex,d20_inf,True,True,0.0477144829928875,0,32.2264580766627,,,0,0.10250341066681548,0.08447491465721824,0,9,0,0,True,2,5,0.4,,"{""profile_name"": ""complex_d02"", ""map_seed"": 20380623, ""query_seed"": 20381627}"
complex_s02_q0059,n3p_k1,Complex,d20_inf,True,True,1.0820132319349796,978,31.563598905785373,,,0,0.12529157598829258,0.07375307760940986,0,0,2,0,True,1,1,1.0,,"{""profile_name"": ""complex_d02"", ""map_seed"": 20380623, ""query_seed"": 20381627}"
complex_s02_q0059,voronoi_waypoint,Complex,d20_inf,True,True,1.0498224401380867,7,33.24598312488703,,,0,0.162644809323259,0.378951778306885,0,0,0,0,False,,,,,"{""profile_name"": ""complex_d02"", ""map_seed"": 20380623, ""query_seed"": 20381627, ""waypoint_count"": 6}"
complex_s02_q0059,bottleneck_waypoint,Complex,d20_inf,True,True,1.2057859369087964,8,32.80101840444151,,,0,0.14662716344912474,0.2704569030482701,0,0,0,0,False,,,,,"{""profile_name"": ""complex_d02"", ""map_seed"": 20380623, ""query_seed"": 20381627, ""waypoint_count"": 7, ""bottleneck_count"": 7}"
complex_s02_q0059,md_dqn,Complex,d20_inf,False,False,0.4015290727838874,600,1.1250000000000646,,,0,0.8385645564236777,1.0830038441499878,0,0,0,0,False,,,,md_dqn_not_reached,"{""profile_name"": ""complex_d02"", ""map_seed"": 20380623, ""query_seed"": 20381627, ""md_dqn_source_dir"": ""/home/ubuntu/DQN10/2_experiment"", ""md_dqn_checkpoint_path"": ""/home/ubuntu/DQN10/2_experiment/ugv_dqn/outputs/2026-05-12_train_load_external_demo_smoke/models/realmap_a/mlp-dqn.pt"", ""md_dqn_algo"": ""mlp-dqn"", ""md_dqn_device"": ""cpu"", ""md_dqn_max_steps"": 600, ""md_dqn_rollout_steps"": 600, ""md_dqn_reached"": false}"
complex_s03_q0060,vanilla_ha,Complex,d08_12,True,True,0.14999723434448242,1,10.071742649611338,,,0,0.0,0.0913242914187048,0,0,0,0,False,,,,,"{""profile_name"": ""complex_d02"", ""map_seed"": 20390620, ""query_seed"": 20391620, ""evaluation_path_source"": ""trace_poses"", ""planner_path_pose_count"": 2, ""evaluation_path_pose_count"": 102}"
complex_s03_q0060,f_n3p_knn,Complex,d08_12,True,True,0.00048066582530736923,0,10.07174264961134,10.071742649611338,2.220446049250313e-16,0,4.4092589068208624e-17,0.0913242914187048,0,0,0,0,False,0,0,,,"{""profile_name"": ""complex_d02"", ""map_seed"": 20390620, ""query_seed"": 20391620}"
complex_s03_q0060,n3p_k1,Complex,d08_12,True,True,0.0004504148382693529,0,10.07174264961134,10.071742649611338,2.220446049250313e-16,0,4.4092589068208624e-17,0.0913242914187048,0,0,0,0,False,0,0,,,"{""profile_name"": ""complex_d02"", ""map_seed"": 20390620, ""query_seed"": 20391620}"
complex_s03_q0060,voronoi_waypoint,Complex,d08_12,True,True,0.33502014516852796,2,10.499985309154892,10.071742649611338,0.042519221791283535,0,0.14610727095843984,0.0913242914187048,0,0,0,0,False,,,,,"{""profile_name"": ""complex_d02"", ""map_seed"": 20390620, ""query_seed"": 20391620, ""waypoint_count"": 1}"
complex_s03_q0060,bottleneck_waypoint,Complex,d08_12,True,True,0.33693010709248483,2,10.432545839294342,10.071742649611338,0.03582331302884589,0,0.15714860318144885,0.0913242914187048,0,0,0,0,False,,,,,"{""profile_name"": ""complex_d02"", ""map_seed"": 20390620, ""query_seed"": 20391620, ""waypoint_count"": 1, ""bottleneck_count"": 1}"
complex_s03_q0060,md_dqn,Complex,d08_12,False,False,0.16560190496966243,600,1.1250000000000162,10.071742649611338,,0,0.8286550898948782,0.0913242914187048,0,0,0,0,False,,,,md_dqn_not_reached,"{""profile_name"": ""complex_d02"", ""map_seed"": 20390620, ""query_seed"": 20391620, ""md_dqn_source_dir"": ""/home/ubuntu/DQN10/2_experiment"", ""md_dqn_checkpoint_path"": ""/home/ubuntu/DQN10/2_experiment/ugv_dqn/outputs/2026-05-12_train_load_external_demo_smoke/models/realmap_a/mlp-dqn.pt"", ""md_dqn_algo"": ""mlp-dqn"", ""md_dqn_device"": ""cpu"", ""md_dqn_max_steps"": 600, ""md_dqn_rollout_steps"": 600, ""md_dqn_reached"": false}"
complex_s03_q0061,vanilla_ha,Complex,d12_16,True,True,0.16483759880065918,25,13.617913773650542,,,0,0.09475791721482868,0.27698941003714694,0,0,0,0,False,,,,,"{""profile_name"": ""complex_d02"", ""map_seed"": 20390620, ""query_seed"": 20391621, ""evaluation_path_source"": ""trace_poses"", ""planner_path_pose_count"": 11, ""evaluation_path_pose_count"": 138}"
complex_s03_q0061,f_n3p_knn,Complex,d12_16,True,True,0.011415237095206976,0,13.674846383919599,13.617913773650542,0.004180714551094811,0,0.04866054681910005,0.10245692805145601,0,6,0,0,True,0,1,0.0,,"{""profile_name"": ""complex_d02"", ""map_seed"": 20390620, ""query_seed"": 20391621}"
complex_s03_q0061,n3p_k1,Complex,d12_16,True,True,0.27437339001335204,201,13.799149353750444,13.617913773650542,0.013308615630286624,0,0.12201133062975003,0.06325305432933492,0,0,1,0,True,0,0,,,"{""profile_name"": ""complex_d02"", ""map_seed"": 20390620, ""query_seed"": 20391621}"
complex_s03_q0061,voronoi_waypoint,Complex,d12_16,True,True,0.48138736793771386,3,14.644754181557378,13.617913773650542,0.07540365029287233,0,0.2379159582164316,0.6335738547603293,0,0,0,0,False,,,,,"{""profile_name"": ""complex_d02"", ""map_seed"": 20390620, ""query_seed"": 20391621, ""waypoint_count"": 2}"
complex_s03_q0061,bottleneck_waypoint,Complex,d12_16,True,True,0.62758130999282,4,15.430658960725596,13.617913773650542,0.13311474996871797,0,0.30956344330928837,0.6335738547603351,0,0,0,0,False,,,,,"{""profile_name"": ""complex_d02"", ""map_seed"": 20390620, ""query_seed"": 20391621, ""waypoint_count"": 3, ""bottleneck_count"": 3}"
complex_s03_q0061,md_dqn,Complex,d12_16,False,False,0.2682180874980986,504,1.8375000000000028,13.617913773650542,,1,0.14575471903095713,0.39581162719044105,0,0,0,0,False,,,,md_dqn_not_reached,"{""profile_name"": ""complex_d02"", ""map_seed"": 20390620, ""query_seed"": 20391621, ""md_dqn_source_dir"": ""/home/ubuntu/DQN10/2_experiment"", ""md_dqn_checkpoint_path"": ""/home/ubuntu/DQN10/2_experiment/ugv_dqn/outputs/2026-05-12_train_load_external_demo_smoke/models/realmap_a/mlp-dqn.pt"", ""md_dqn_algo"": ""mlp-dqn"", ""md_dqn_device"": ""cpu"", ""md_dqn_max_steps"": 600, ""md_dqn_rollout_steps"": 504, ""md_dqn_reached"": false}"
complex_s03_q0062,vanilla_ha,Complex,d16_20,False,False,2.5004844665527344,4455,,,,0,,,0,0,0,0,False,,,,timeout,"{""profile_name"": ""complex_d02"", ""map_seed"": 20390620, ""query_seed"": 20391622, ""evaluation_path_source"": ""planner_path"", ""planner_path_pose_count"": 0, ""evaluation_path_pose_count"": 0}"
complex_s03_q0062,f_n3p_knn,Complex,d16_20,True,True,0.027174588991329074,0,21.7239356075242,,,1,0.18873039390721158,0.09001447220447067,0,7,0,0,True,1,3,0.3333333333333333,,"{""profile_name"": ""complex_d02"", ""map_seed"": 20390620, ""query_seed"": 20391622}"
complex_s03_q0062,n3p_k1,Complex,d16_20,False,False,3.511285729939118,6397,,,,0,,,0,0,1,1,True,0,0,,f2_failed:prediction:goal_in_collision;goal:timeout;f3_failed:timeout,"{""profile_name"": ""complex_d02"", ""map_seed"": 20390620, ""query_seed"": 20391622}"
complex_s03_q0062,voronoi_waypoint,Complex,d16_20,True,True,0.757690817117691,5,22.888362939464322,,,2,0.2597590808587989,0.45937229750152797,0,0,0,0,False,,,,,"{""profile_name"": ""complex_d02"", ""map_seed"": 20390620, ""query_seed"": 20391622, ""waypoint_count"": 4}"
complex_s03_q0062,bottleneck_waypoint,Complex,d16_20,True,True,0.7619524379260838,5,22.34967471939906,,,0,0.3276303094339862,0.18853879384519823,0,0,0,0,False,,,,,"{""profile_name"": ""complex_d02"", ""map_seed"": 20390620, ""query_seed"": 20391622, ""waypoint_count"": 4, ""bottleneck_count"": 4}"
complex_s03_q0062,md_dqn,Complex,d16_20,False,False,0.22714527347125113,411,0.832499999999994,,,2,0.8034802085080807,0.37416162992865676,0,0,0,0,False,,,,md_dqn_not_reached,"{""profile_name"": ""complex_d02"", ""map_seed"": 20390620, ""query_seed"": 20391622, ""md_dqn_source_dir"": ""/home/ubuntu/DQN10/2_experiment"", ""md_dqn_checkpoint_path"": ""/home/ubuntu/DQN10/2_experiment/ugv_dqn/outputs/2026-05-12_train_load_external_demo_smoke/models/realmap_a/mlp-dqn.pt"", ""md_dqn_algo"": ""mlp-dqn"", ""md_dqn_device"": ""cpu"", ""md_dqn_max_steps"": 600, ""md_dqn_rollout_steps"": 411, ""md_dqn_reached"": false}"
complex_s03_q0063,vanilla_ha,Complex,d20_inf,True,True,2.001394033432007,3553,20.408154521787523,,,0,0.08368889298492709,0.07687301308893857,0,0,0,0,False,,,,,"{""profile_name"": ""complex_d02"", ""map_seed"": 20390620, ""query_seed"": 20391623, ""evaluation_path_source"": ""trace_poses"", ""planner_path_pose_count"": 62, ""evaluation_path_pose_count"": 206}"
complex_s03_q0063,f_n3p_knn,Complex,d20_inf,True,True,0.031096423976123333,0,20.56117061512535,20.408154521787523,0.007497791785850527,0,0.08581740195649257,0.17362229969887555,0,7,0,0,True,0,3,0.0,,"{""profile_name"": ""complex_d02"", ""map_seed"": 20390620, ""query_seed"": 20391623}"
complex_s03_q0063,n3p_k1,Complex,d20_inf,True,True,1.6161206900142133,1236,20.274450744781802,20.408154521787523,-0.006551487880150031,0,0.14978648056628255,0.08511407463643872,0,0,2,0,True,1,1,1.0,,"{""profile_name"": ""complex_d02"", ""map_seed"": 20390620, ""query_seed"": 20391623}"
complex_s03_q0063,voronoi_waypoint,Complex,d20_inf,True,True,0.7687753709033132,5,24.388436165661197,20.408154521787523,0.1950338841086472,0,0.2609170200891989,0.4691482248113933,0,0,0,0,False,,,,,"{""profile_name"": ""complex_d02"", ""map_seed"": 20390620, ""query_seed"": 20391623, ""waypoint_count"": 4}"
complex_s03_q0063,bottleneck_waypoint,Complex,d20_inf,True,True,0.6901062750257552,66,21.45637956843529,20.408154521787523,0.051363049291335505,0,0.22288790525132243,0.0972803299966648,0,0,0,0,False,,,,,"{""profile_name"": ""complex_d02"", ""map_seed"": 20390620, ""query_seed"": 20391623, ""waypoint_count"": 3, ""bottleneck_count"": 3}"
complex_s03_q0063,md_dqn,Complex,d20_inf,False,False,0.16573374578729272,600,1.1250000000000213,20.408154521787523,,0,0.8286550898948738,1.7357542911333481,0,0,0,0,False,,,,md_dqn_not_reached,"{""profile_name"": ""complex_d02"", ""map_seed"": 20390620, ""query_seed"": 20391623, ""md_dqn_source_dir"": ""/home/ubuntu/DQN10/2_experiment"", ""md_dqn_checkpoint_path"": ""/home/ubuntu/DQN10/2_experiment/ugv_dqn/outputs/2026-05-12_train_load_external_demo_smoke/models/realmap_a/mlp-dqn.pt"", ""md_dqn_algo"": ""mlp-dqn"", ""md_dqn_device"": ""cpu"", ""md_dqn_max_steps"": 600, ""md_dqn_rollout_steps"": 600, ""md_dqn_reached"": false}"
complex_s03_q0064,vanilla_ha,Complex,d08_12,True,True,0.14441871643066406,1,9.14439719172347,,,0,0.0,0.35334599027692215,0,0,0,0,False,,,,,"{""profile_name"": ""complex_d02"", ""map_seed"": 20390620, ""query_seed"": 20391624, ""evaluation_path_source"": ""trace_poses"", ""planner_path_pose_count"": 2, ""evaluation_path_pose_count"": 93}"
complex_s03_q0064,f_n3p_knn,Complex,d08_12,True,True,0.0004225769080221653,0,9.14439719172347,9.14439719172347,0.0,0,4.8564077056058375e-17,0.35334599027692215,0,0,0,0,False,0,0,,,"{""profile_name"": ""complex_d02"", ""map_seed"": 20390620, ""query_seed"": 20391624}"
complex_s03_q0064,n3p_k1,Complex,d08_12,True,True,0.000410682987421751,0,9.14439719172347,9.14439719172347,0.0,0,4.8564077056058375e-17,0.35334599027692215,0,0,0,0,False,0,0,,,"{""profile_name"": ""complex_d02"", ""map_seed"": 20390620, ""query_seed"": 20391624}"
complex_s03_q0064,voronoi_waypoint,Complex,d08_12,True,True,0.32839362300001085,2,9.834310013609388,9.14439719172347,0.07544650646959572,0,0.28483213580237043,0.4051991152991822,0,0,0,0,False,,,,,"{""profile_name"": ""complex_d02"", ""map_seed"": 20390620, ""query_seed"": 20391624, ""waypoint_count"": 1}"
complex_s03_q0064,bottleneck_waypoint,Complex,d08_12,True,True,0.3298076600767672,2,9.370696368319434,9.14439719172347,0.024747303933908782,0,0.19879815343208893,0.40519911529918395,0,0,0,0,False,,,,,"{""profile_name"": ""complex_d02"", ""map_seed"": 20390620, ""query_seed"": 20391624, ""waypoint_count"": 1, ""bottleneck_count"": 1}"
complex_s03_q0064,md_dqn,Complex,d08_12,False,False,0.1645884399767965,600,1.125000000000017,9.14439719172347,,0,0.8385645564237142,1.1868934951836465,0,0,0,0,False,,,,md_dqn_not_reached,"{""profile_name"": ""complex_d02"", ""map_seed"": 20390620, ""query_seed"": 20391624, ""md_dqn_source_dir"": ""/home/ubuntu/DQN10/2_experiment"", ""md_dqn_checkpoint_path"": ""/home/ubuntu/DQN10/2_experiment/ugv_dqn/outputs/2026-05-12_train_load_external_demo_smoke/models/realmap_a/mlp-dqn.pt"", ""md_dqn_algo"": ""mlp-dqn"", ""md_dqn_device"": ""cpu"", ""md_dqn_max_steps"": 600, ""md_dqn_rollout_steps"": 600, ""md_dqn_reached"": false}"
complex_s03_q0065,vanilla_ha,Complex,d12_16,True,True,0.626516580581665,589,12.97928665314522,,,0,0.1894475194129476,0.08832339612530526,0,0,0,0,False,,,,,"{""profile_name"": ""complex_d02"", ""map_seed"": 20390621, ""query_seed"": 20391621, ""evaluation_path_source"": ""trace_poses"", ""planner_path_pose_count"": 41, ""evaluation_path_pose_count"": 132}"
complex_s03_q0065,f_n3p_knn,Complex,d12_16,True,True,0.3421447279397398,163,14.405785820828857,12.97928665314522,0.10990582193035703,2,0.29146211217319273,0.07716836174504982,0,22,1,0,True,1,2,0.5,,"{""profile_name"": ""complex_d02"", ""map_seed"": 20390621, ""query_seed"": 20391621}"
complex_s03_q0065,n3p_k1,Complex,d12_16,True,True,0.6365179968997836,589,12.97928665314522,12.97928665314522,0.0,0,0.18944751941294763,0.08832339612530526,0,0,1,0,True,0,0,,,"{""profile_name"": ""complex_d02"", ""map_seed"": 20390621, ""query_seed"": 20391621}"
complex_s03_q0065,voronoi_waypoint,Complex,d12_16,True,True,0.5725108869373798,57,13.666926725113973,12.97928665314522,0.05297980469536201,0,0.47783827508484267,0.08615655055663185,0,0,0,0,False,,,,,"{""profile_name"": ""complex_d02"", ""map_seed"": 20390621, ""query_seed"": 20391621, ""waypoint_count"": 2}"
complex_s03_q0065,bottleneck_waypoint,Complex,d12_16,True,True,0.6773785699624568,4,14.862424772389984,12.97928665314522,0.14508795202457692,4,0.44998110168931316,0.2638505208180174,0,0,0,0,False,,,,,"{""profile_name"": ""complex_d02"", ""map_seed"": 20390621, ""query_seed"": 20391621, ""waypoint_count"": 3, ""bottleneck_count"": 3}"
complex_s03_q0065,md_dqn,Complex,d12_16,False,False,0.3821249916218221,600,1.1249999999995977,12.97928665314522,,0,0.0,0.19951999651431074,0,0,0,0,False,,,,md_dqn_not_reached,"{""profile_name"": ""complex_d02"", ""map_seed"": 20390621, ""query_seed"": 20391621, ""md_dqn_source_dir"": ""/home/ubuntu/DQN10/2_experiment"", ""md_dqn_checkpoint_path"": ""/home/ubuntu/DQN10/2_experiment/ugv_dqn/outputs/2026-05-12_train_load_external_demo_smoke/models/realmap_a/mlp-dqn.pt"", ""md_dqn_algo"": ""mlp-dqn"", ""md_dqn_device"": ""cpu"", ""md_dqn_max_steps"": 600, ""md_dqn_rollout_steps"": 600, ""md_dqn_reached"": false}"
complex_s03_q0066,vanilla_ha,Complex,d16_20,True,True,0.3826920986175537,461,19.075998438306904,,,1,0.19846596459262072,0.10278105485630062,0,0,0,0,False,,,,,"{""profile_name"": ""complex_d02"", ""map_seed"": 20390621, ""query_seed"": 20391622, ""evaluation_path_source"": ""trace_poses"", ""planner_path_pose_count"": 45, ""evaluation_path_pose_count"": 194}"
complex_s03_q0066,f_n3p_knn,Complex,d16_20,True,True,0.03841934120282531,0,18.384955989089057,19.075998438306904,-0.036225755178829866,1,0.14181034923682798,0.07254472256768385,0,12,0,0,True,1,4,0.25,,"{""profile_name"": ""complex_d02"", ""map_seed"": 20390621, ""query_seed"": 20391622}"
complex_s03_q0066,n3p_k1,Complex,d16_20,True,True,0.21495062881149352,41,23.51374861887535,19.075998438306904,0.23263527699063502,2,0.26614984239635453,0.0723401750757442,0,0,1,0,True,2,2,1.0,,"{""profile_name"": ""complex_d02"", ""map_seed"": 20390621, ""query_seed"": 20391622}"
complex_s03_q0066,voronoi_waypoint,Complex,d16_20,True,True,0.6244118609465659,8,21.77140398331443,19.075998438306904,0.1412982682780486,1,0.2690829456752287,0.1742527679592183,0,0,0,0,False,,,,,"{""profile_name"": ""complex_d02"", ""map_seed"": 20390621, ""query_seed"": 20391622, ""waypoint_count"": 3}"
complex_s03_q0066,bottleneck_waypoint,Complex,d16_20,True,True,0.482175026088953,9,21.126732488062284,19.075998438306904,0.10750336641028757,1,0.1277816276876404,0.21431104117334387,0,0,0,0,False,,,,,"{""profile_name"": ""complex_d02"", ""map_seed"": 20390621, ""query_seed"": 20391622, ""waypoint_count"": 2, ""bottleneck_count"": 2}"
complex_s03_q0066,md_dqn,Complex,d16_20,False,False,0.0019924768712371588,1,0.0037499999999981975,19.075998438306904,,0,0.08734630124019259,0.26325038880300644,0,0,0,0,False,,,,md_dqn_not_reached,"{""profile_name"": ""complex_d02"", ""map_seed"": 20390621, ""query_seed"": 20391622, ""md_dqn_source_dir"": ""/home/ubuntu/DQN10/2_experiment"", ""md_dqn_checkpoint_path"": ""/home/ubuntu/DQN10/2_experiment/ugv_dqn/outputs/2026-05-12_train_load_external_demo_smoke/models/realmap_a/mlp-dqn.pt"", ""md_dqn_algo"": ""mlp-dqn"", ""md_dqn_device"": ""cpu"", ""md_dqn_max_steps"": 600, ""md_dqn_rollout_steps"": 1, ""md_dqn_reached"": false}"
complex_s03_q0067,vanilla_ha,Complex,d20_inf,True,True,0.8117213249206543,913,24.124485906987267,,,0,0.29272763850462935,0.06729072120932611,0,0,0,0,False,,,,,"{""profile_name"": ""complex_d02"", ""map_seed"": 20390621, ""query_seed"": 20391623, ""evaluation_path_source"": ""trace_poses"", ""planner_path_pose_count"": 70, ""evaluation_path_pose_count"": 243}"
complex_s03_q0067,f_n3p_knn,Complex,d20_inf,True,True,1.1210692250169814,1024,24.124485906987267,24.124485906987267,0.0,0,0.29272763850462935,0.06729072120932611,0,42,1,1,True,2,7,0.2857142857142857,,"{""profile_name"": ""complex_d02"", ""map_seed"": 20390621, ""query_seed"": 20391623}"
complex_s03_q0067,n3p_k1,Complex,d20_inf,True,True,0.8193703999277204,913,24.124485906987267,24.124485906987267,0.0,0,0.29272763850462935,0.06729072120932611,0,0,1,0,True,0,0,,,"{""profile_name"": ""complex_d02"", ""map_seed"": 20390621, ""query_seed"": 20391623}"
complex_s03_q0067,voronoi_waypoint,Complex,d20_inf,True,True,1.1606635870411992,378,26.70154045935389,24.124485906987267,0.10682319044238042,4,0.3266155362239529,0.09345900578321431,0,0,0,0,False,,,,,"{""profile_name"": ""complex_d02"", ""map_seed"": 20390621, ""query_seed"": 20391623, ""waypoint_count"": 4}"
complex_s03_q0067,bottleneck_waypoint,Complex,d20_inf,True,True,1.138144079130143,7,24.904481792826555,24.124485906987267,0.03233212466564406,0,0.2368907369128609,0.09473629914741355,0,0,0,0,False,,,,,"{""profile_name"": ""complex_d02"", ""map_seed"": 20390621, ""query_seed"": 20391623, ""waypoint_count"": 6, ""bottleneck_count"": 6}"
complex_s03_q0067,md_dqn,Complex,d20_inf,False,False,0.62087894952856,512,10.32562500000002,24.124485906987267,,1,0.2547794734394145,0.1587192432264669,0,0,0,0,False,,,,md_dqn_not_reached,"{""profile_name"": ""complex_d02"", ""map_seed"": 20390621, ""query_seed"": 20391623, ""md_dqn_source_dir"": ""/home/ubuntu/DQN10/2_experiment"", ""md_dqn_checkpoint_path"": ""/home/ubuntu/DQN10/2_experiment/ugv_dqn/outputs/2026-05-12_train_load_external_demo_smoke/models/realmap_a/mlp-dqn.pt"", ""md_dqn_algo"": ""mlp-dqn"", ""md_dqn_device"": ""cpu"", ""md_dqn_max_steps"": 600, ""md_dqn_rollout_steps"": 512, ""md_dqn_reached"": false}"
complex_s03_q0068,vanilla_ha,Complex,d08_12,True,True,0.15525579452514648,15,11.25185521636866,,,0,0.06744199713825656,0.10601486951321237,0,0,0,0,False,,,,,"{""profile_name"": ""complex_d02"", ""map_seed"": 20390621, ""query_seed"": 20391624, ""evaluation_path_source"": ""trace_poses"", ""planner_path_pose_count"": 11, ""evaluation_path_pose_count"": 115}"
complex_s03_q0068,f_n3p_knn,Complex,d08_12,True,True,0.1670166130643338,17,11.54637498106201,11.25185521636866,0.02617521813335255,0,0.15303770012889648,0.10601486951321237,0,19,1,0,True,0,0,,,"{""profile_name"": ""complex_d02"", ""map_seed"": 20390621, ""query_seed"": 20391624}"
complex_s03_q0068,n3p_k1,Complex,d08_12,True,True,0.16265462897717953,17,11.54637498106201,11.25185521636866,0.02617521813335255,0,0.15303770012889648,0.10601486951321237,0,0,1,0,True,0,0,,,"{""profile_name"": ""complex_d02"", ""map_seed"": 20390621, ""query_seed"": 20391624}"
complex_s03_q0068,voronoi_waypoint,Complex,d08_12,True,True,0.4836912739556283,15,11.850403317007796,11.25185521636866,0.053195503241847186,0,0.3019871183445862,0.10601486951321237,0,0,0,0,False,,,,,"{""profile_name"": ""complex_d02"", ""map_seed"": 20390621, ""query_seed"": 20391624, ""waypoint_count"": 2}"
complex_s03_q0068,bottleneck_waypoint,Complex,d08_12,True,True,0.34442336997017264,14,11.38172303879537,11.25185521636866,0.011541903084371752,0,0.13590676728330262,0.10601486951321237,0,0,0,0,False,,,,,"{""profile_name"": ""complex_d02"", ""map_seed"": 20390621, ""query_seed"": 20391624, ""waypoint_count"": 1, ""bottleneck_count"": 1}"
complex_s03_q0068,md_dqn,Complex,d08_12,False,False,0.24682602076791227,42,0.15937499999999566,11.25185521636866,,1,0.08018090397326307,0.10362081335940376,0,0,0,0,False,,,,md_dqn_not_reached,"{""profile_name"": ""complex_d02"", ""map_seed"": 20390621, ""query_seed"": 20391624, ""md_dqn_source_dir"": ""/home/ubuntu/DQN10/2_experiment"", ""md_dqn_checkpoint_path"": ""/home/ubuntu/DQN10/2_experiment/ugv_dqn/outputs/2026-05-12_train_load_external_demo_smoke/models/realmap_a/mlp-dqn.pt"", ""md_dqn_algo"": ""mlp-dqn"", ""md_dqn_device"": ""cpu"", ""md_dqn_max_steps"": 600, ""md_dqn_rollout_steps"": 42, ""md_dqn_reached"": false}"
complex_s03_q0069,vanilla_ha,Complex,d12_16,True,True,0.22317862510681152,113,12.824075855776846,,,0,0.07043124375708987,0.05846775164794549,0,0,0,0,False,,,,,"{""profile_name"": ""complex_d02"", ""map_seed"": 20390621, ""query_seed"": 20391625, ""evaluation_path_source"": ""trace_poses"", ""planner_path_pose_count"": 19, ""evaluation_path_pose_count"": 131}"
complex_s03_q0069,f_n3p_knn,Complex,d12_16,True,True,0.027076218044385314,0,13.22781084776785,12.824075855776846,0.03148257983900926,0,0.22203397328996852,0.16040168143422817,0,3,0,0,True,2,3,0.6666666666666666,,"{""profile_name"": ""complex_d02"", ""map_seed"": 20390621, ""query_seed"": 20391625}"
complex_s03_q0069,n3p_k1,Complex,d12_16,True,True,0.18258021911606193,6,13.676791161695668,12.824075855776846,0.06649331425583394,0,0.3048815230819639,0.15353517318286936,0,0,1,0,True,2,2,1.0,,"{""profile_name"": ""complex_d02"", ""map_seed"": 20390621, ""query_seed"": 20391625}"
complex_s03_q0069,voronoi_waypoint,Complex,d12_16,True,True,0.5127031919546425,3,14.227071372400301,12.824075855776846,0.1094032453021907,0,0.3560885250719472,0.17800177772507997,0,0,0,0,False,,,,,"{""profile_name"": ""complex_d02"", ""map_seed"": 20390621, ""query_seed"": 20391625, ""waypoint_count"": 2}"
complex_s03_q0069,bottleneck_waypoint,Complex,d12_16,True,True,0.6674167499877512,4,13.827099508523375,12.824075855776846,0.07821410790351013,0,0.2930165551286963,0.17800177772508263,0,0,0,0,False,,,,,"{""profile_name"": ""complex_d02"", ""map_seed"": 20390621, ""query_seed"": 20391625, ""waypoint_count"": 3, ""bottleneck_count"": 3}"
complex_s03_q0069,md_dqn,Complex,d12_16,False,False,0.3792722700163722,318,1.1643750000000204,12.824075855776846,,2,0.10598238371298521,0.2741950250744587,0,0,0,0,False,,,,md_dqn_not_reached,"{""profile_name"": ""complex_d02"", ""map_seed"": 20390621, ""query_seed"": 20391625, ""md_dqn_source_dir"": ""/home/ubuntu/DQN10/2_experiment"", ""md_dqn_checkpoint_path"": ""/home/ubuntu/DQN10/2_experiment/ugv_dqn/outputs/2026-05-12_train_load_external_demo_smoke/models/realmap_a/mlp-dqn.pt"", ""md_dqn_algo"": ""mlp-dqn"", ""md_dqn_device"": ""cpu"", ""md_dqn_max_steps"": 600, ""md_dqn_rollout_steps"": 318, ""md_dqn_reached"": false}"
complex_s03_q0070,vanilla_ha,Complex,d16_20,True,True,0.5144729614257812,666,19.632034308201327,,,0,0.2241195912593136,0.0639297188510981,0,0,0,0,False,,,,,"{""profile_name"": ""complex_d02"", ""map_seed"": 20390622, ""query_seed"": 20391622, ""evaluation_path_source"": ""trace_poses"", ""planner_path_pose_count"": 42, ""evaluation_path_pose_count"": 199}"
complex_s03_q0070,f_n3p_knn,Complex,d16_20,True,True,0.054121028166264296,0,20.860794662543086,19.632034308201327,0.06258955822160739,0,0.23446984394406867,0.08146982045563034,0,13,0,0,True,2,6,0.3333333333333333,,"{""profile_name"": ""complex_d02"", ""map_seed"": 20390622, ""query_seed"": 20391622}"
complex_s03_q0070,n3p_k1,Complex,d16_20,True,True,0.3151664820034057,175,18.98462255025055,19.632034308201327,-0.03297731390375169,0,0.10763989768401179,0.11162028394082779,0,0,1,0,True,1,1,1.0,,"{""profile_name"": ""complex_d02"", ""map_seed"": 20390622, ""query_seed"": 20391622}"
complex_s03_q0070,voronoi_waypoint,Complex,d16_20,True,True,0.6589975638780743,4,20.505753939401085,19.632034308201327,0.044504793414850585,0,0.14516535875303063,0.21803369402567951,0,0,0,0,False,,,,,"{""profile_name"": ""complex_d02"", ""map_seed"": 20390622, ""query_seed"": 20391622, ""waypoint_count"": 3}"
complex_s03_q0070,bottleneck_waypoint,Complex,d16_20,True,True,0.6645739369560033,4,20.418356741754593,19.632034308201327,0.04005302869834426,0,0.14030164321725172,0.21345927513378316,0,0,0,0,False,,,,,"{""profile_name"": ""complex_d02"", ""map_seed"": 20390622, ""query_seed"": 20391622, ""waypoint_count"": 3, ""bottleneck_count"": 3}"
complex_s03_q0070,md_dqn,Complex,d16_20,False,False,0.41656993865035474,600,2.2368749999999844,19.632034308201327,,0,0.0874940751735007,0.43621175606392604,0,0,0,0,False,,,,md_dqn_not_reached,"{""profile_name"": ""complex_d02"", ""map_seed"": 20390622, ""query_seed"": 20391622, ""md_dqn_source_dir"": ""/home/ubuntu/DQN10/2_experiment"", ""md_dqn_checkpoint_path"": ""/home/ubuntu/DQN10/2_experiment/ugv_dqn/outputs/2026-05-12_train_load_external_demo_smoke/models/realmap_a/mlp-dqn.pt"", ""md_dqn_algo"": ""mlp-dqn"", ""md_dqn_device"": ""cpu"", ""md_dqn_max_steps"": 600, ""md_dqn_rollout_steps"": 600, ""md_dqn_reached"": false}"
complex_s03_q0071,vanilla_ha,Complex,d20_inf,False,False,2.50030517578125,3451,,,,0,,,0,0,0,0,False,,,,timeout,"{""profile_name"": ""complex_d02"", ""map_seed"": 20390622, ""query_seed"": 20391623, ""evaluation_path_source"": ""planner_path"", ""planner_path_pose_count"": 0, ""evaluation_path_pose_count"": 0}"
complex_s03_q0071,f_n3p_knn,Complex,d20_inf,True,True,0.19828426488675177,6,30.986727697419976,,,2,0.1613481074057188,0.07956878916160082,0,21,1,0,True,2,3,0.6666666666666666,,"{""profile_name"": ""complex_d02"", ""map_seed"": 20390622, ""query_seed"": 20391623}"
complex_s03_q0071,n3p_k1,Complex,d20_inf,False,False,3.5128841928672045,4965,,,,0,,,0,0,1,1,True,0,0,,f2_failed:prediction:goal_in_collision;goal:timeout;f3_failed:timeout,"{""profile_name"": ""complex_d02"", ""map_seed"": 20390622, ""query_seed"": 20391623}"
complex_s03_q0071,voronoi_waypoint,Complex,d20_inf,True,True,1.0510026158299297,102,28.441787926570374,,,0,0.3060011807587279,0.07914303188050864,0,0,0,0,False,,,,,"{""profile_name"": ""complex_d02"", ""map_seed"": 20390622, ""query_seed"": 20391623, ""waypoint_count"": 5}"
complex_s03_q0071,bottleneck_waypoint,Complex,d20_inf,True,True,0.8228227060753852,5,27.252918120883365,,,0,0.22306648601292736,0.2555481739504636,0,0,0,0,False,,,,,"{""profile_name"": ""complex_d02"", ""map_seed"": 20390622, ""query_seed"": 20391623, ""waypoint_count"": 4, ""bottleneck_count"": 4}"
complex_s03_q0071,md_dqn,Complex,d20_inf,False,False,0.3820659820921719,600,1.1250000000000389,,,0,0.8286550898948615,1.1360894839702818,0,0,0,0,False,,,,md_dqn_not_reached,"{""profile_name"": ""complex_d02"", ""map_seed"": 20390622, ""query_seed"": 20391623, ""md_dqn_source_dir"": ""/home/ubuntu/DQN10/2_experiment"", ""md_dqn_checkpoint_path"": ""/home/ubuntu/DQN10/2_experiment/ugv_dqn/outputs/2026-05-12_train_load_external_demo_smoke/models/realmap_a/mlp-dqn.pt"", ""md_dqn_algo"": ""mlp-dqn"", ""md_dqn_device"": ""cpu"", ""md_dqn_max_steps"": 600, ""md_dqn_rollout_steps"": 600, ""md_dqn_reached"": false}"
complex_s03_q0072,vanilla_ha,Complex,d08_12,True,True,0.17517352104187012,37,10.094973205946243,,,0,0.2616389800449849,0.07248671961034814,0,0,0,0,False,,,,,"{""profile_name"": ""complex_d02"", ""map_seed"": 20390622, ""query_seed"": 20391624, ""evaluation_path_source"": ""trace_poses"", ""planner_path_pose_count"": 22, ""evaluation_path_pose_count"": 103}"
complex_s03_q0072,f_n3p_knn,Complex,d08_12,True,True,0.011251077987253666,0,10.969874303128595,10.094973205946243,0.08666700538313554,0,0.16933452425867576,0.1521156881924728,0,0,0,0,False,1,1,1.0,,"{""profile_name"": ""complex_d02"", ""map_seed"": 20390622, ""query_seed"": 20391624}"
complex_s03_q0072,n3p_k1,Complex,d08_12,True,True,0.009369643870741129,0,10.969874303128595,10.094973205946243,0.08666700538313554,0,0.16933452425867576,0.1521156881924728,0,0,0,0,False,1,1,1.0,,"{""profile_name"": ""complex_d02"", ""map_seed"": 20390622, ""query_seed"": 20391624}"
complex_s03_q0072,voronoi_waypoint,Complex,d08_12,True,True,0.33149862196296453,2,11.81917675498096,10.094973205946243,0.17079822936222455,0,0.25002265561377557,0.1521156881924719,0,0,0,0,False,,,,,"{""profile_name"": ""complex_d02"", ""map_seed"": 20390622, ""query_seed"": 20391624, ""waypoint_count"": 1}"
complex_s03_q0072,bottleneck_waypoint,Complex,d08_12,True,True,0.4763112321961671,3,11.549280514396685,10.094973205946243,0.14406252287958643,0,0.2979468565923717,0.15211568819247168,0,0,0,0,False,,,,,"{""profile_name"": ""complex_d02"", ""map_seed"": 20390622, ""query_seed"": 20391624, ""waypoint_count"": 2, ""bottleneck_count"": 2}"
complex_s03_q0072,md_dqn,Complex,d08_12,False,False,0.39918531756848097,600,1.1249999999999667,10.094973205946243,,0,0.8286550898949367,0.6815437278089838,0,0,0,0,False,,,,md_dqn_not_reached,"{""profile_name"": ""complex_d02"", ""map_seed"": 20390622, ""query_seed"": 20391624, ""md_dqn_source_dir"": ""/home/ubuntu/DQN10/2_experiment"", ""md_dqn_checkpoint_path"": ""/home/ubuntu/DQN10/2_experiment/ugv_dqn/outputs/2026-05-12_train_load_external_demo_smoke/models/realmap_a/mlp-dqn.pt"", ""md_dqn_algo"": ""mlp-dqn"", ""md_dqn_device"": ""cpu"", ""md_dqn_max_steps"": 600, ""md_dqn_rollout_steps"": 600, ""md_dqn_reached"": false}"
complex_s03_q0073,vanilla_ha,Complex,d12_16,True,True,0.4024026393890381,393,15.466297766030387,,,0,0.1728425700867743,0.09637859109633395,0,0,0,0,False,,,,,"{""profile_name"": ""complex_d02"", ""map_seed"": 20390622, ""query_seed"": 20391625, ""evaluation_path_source"": ""trace_poses"", ""planner_path_pose_count"": 15, ""evaluation_path_pose_count"": 157}"
complex_s03_q0073,f_n3p_knn,Complex,d12_16,True,True,0.03059145505540073,0,16.067943610344194,15.466297766030387,0.03890044362363443,4,0.22341826888418445,0.06403917698542716,0,23,0,0,True,1,3,0.3333333333333333,,"{""profile_name"": ""complex_d02"", ""map_seed"": 20390622, ""query_seed"": 20391625}"
complex_s03_q0073,n3p_k1,Complex,d12_16,True,True,0.4146656359080225,393,15.466297766030387,15.466297766030387,0.0,0,0.1728425700867743,0.09637859109633395,0,0,1,0,True,0,0,,,"{""profile_name"": ""complex_d02"", ""map_seed"": 20390622, ""query_seed"": 20391625}"
complex_s03_q0073,voronoi_waypoint,Complex,d12_16,True,True,0.5458135660737753,33,15.342023503922649,15.466297766030387,-0.008035165492590535,0,0.23428702076365426,0.06268175655190034,0,0,0,0,False,,,,,"{""profile_name"": ""complex_d02"", ""map_seed"": 20390622, ""query_seed"": 20391625, ""waypoint_count"": 2}"
complex_s03_q0073,bottleneck_waypoint,Complex,d12_16,True,True,0.5583754079416394,222,15.925608523015715,15.466297766030387,0.029697524509979534,2,0.21464406459730062,0.05663386140460691,0,0,0,0,False,,,,,"{""profile_name"": ""complex_d02"", ""map_seed"": 20390622, ""query_seed"": 20391625, ""waypoint_count"": 1, ""bottleneck_count"": 1}"
complex_s03_q0073,md_dqn,Complex,d12_16,False,False,0.3959931773133576,600,1.1250000000003755,15.466297766030387,,0,0.0,0.990758921139518,0,0,0,0,False,,,,md_dqn_not_reached,"{""profile_name"": ""complex_d02"", ""map_seed"": 20390622, ""query_seed"": 20391625, ""md_dqn_source_dir"": ""/home/ubuntu/DQN10/2_experiment"", ""md_dqn_checkpoint_path"": ""/home/ubuntu/DQN10/2_experiment/ugv_dqn/outputs/2026-05-12_train_load_external_demo_smoke/models/realmap_a/mlp-dqn.pt"", ""md_dqn_algo"": ""mlp-dqn"", ""md_dqn_device"": ""cpu"", ""md_dqn_max_steps"": 600, ""md_dqn_rollout_steps"": 600, ""md_dqn_reached"": false}"
complex_s03_q0074,vanilla_ha,Complex,d16_20,True,True,1.4895038604736328,2181,20.375402227337673,,,0,0.1744244305090822,0.07544001569278957,0,0,0,0,False,,,,,"{""profile_name"": ""complex_d02"", ""map_seed"": 20390622, ""query_seed"": 20391626, ""evaluation_path_source"": ""trace_poses"", ""planner_path_pose_count"": 50, ""evaluation_path_pose_count"": 206}"
complex_s03_q0074,f_n3p_knn,Complex,d16_20,True,True,0.012688447022810578,0,19.50418266880332,20.375402227337673,-0.042758398033754585,0,0.02879541788084383,0.12839165958619736,0,19,0,0,True,0,1,0.0,,"{""profile_name"": ""complex_d02"", ""map_seed"": 20390622, ""query_seed"": 20391626}"
complex_s03_q0074,n3p_k1,Complex,d16_20,True,True,0.33623755001462996,55,20.292347761780576,20.375402227337673,-0.004076212318678274,0,0.18433975654903204,0.11839093724269778,0,0,2,0,True,0,0,,,"{""profile_name"": ""complex_d02"", ""map_seed"": 20390622, ""query_seed"": 20391626}"
complex_s03_q0074,voronoi_waypoint,Complex,d16_20,True,True,0.6212714100256562,4,21.637531764773694,20.375402227337673,0.06194378512649057,2,0.21453481474780964,0.4305023375812834,0,0,0,0,False,,,,,"{""profile_name"": ""complex_d02"", ""map_seed"": 20390622, ""query_seed"": 20391626, ""waypoint_count"": 3}"
complex_s03_q0074,bottleneck_waypoint,Complex,d16_20,True,True,0.7746374399866909,5,20.040844442944667,20.375402227337673,-0.01641968981324593,0,0.16216620355724293,0.5448101908262739,0,0,0,0,False,,,,,"{""profile_name"": ""complex_d02"", ""map_seed"": 20390622, ""query_seed"": 20391626, ""waypoint_count"": 4, ""bottleneck_count"": 4}"
complex_s03_q0074,md_dqn,Complex,d16_20,False,False,0.6739305383525789,586,1.1474999999998368,20.375402227337673,,1,0.04353229796714749,0.45608875956356787,0,0,0,0,False,,,,md_dqn_not_reached,"{""profile_name"": ""complex_d02"", ""map_seed"": 20390622, ""query_seed"": 20391626, ""md_dqn_source_dir"": ""/home/ubuntu/DQN10/2_experiment"", ""md_dqn_checkpoint_path"": ""/home/ubuntu/DQN10/2_experiment/ugv_dqn/outputs/2026-05-12_train_load_external_demo_smoke/models/realmap_a/mlp-dqn.pt"", ""md_dqn_algo"": ""mlp-dqn"", ""md_dqn_device"": ""cpu"", ""md_dqn_max_steps"": 600, ""md_dqn_rollout_steps"": 586, ""md_dqn_reached"": false}"
complex_s03_q0075,vanilla_ha,Complex,d20_inf,True,True,0.5767629146575928,619,21.609026866123124,,,0,0.08722712505034132,0.07284694336807473,0,0,0,0,False,,,,,"{""profile_name"": ""complex_d02"", ""map_seed"": 20390623, ""query_seed"": 20391623, ""evaluation_path_source"": ""trace_poses"", ""planner_path_pose_count"": 49, ""evaluation_path_pose_count"": 218}"
complex_s03_q0075,f_n3p_knn,Complex,d20_inf,True,True,0.17837049812078476,4,22.49304330132968,21.609026866123124,0.040909590269076146,0,0.13905586779280882,0.08614292697944925,0,26,1,0,True,1,2,0.5,,"{""profile_name"": ""complex_d02"", ""map_seed"": 20390623, ""query_seed"": 20391623}"
complex_s03_q0075,n3p_k1,Complex,d20_inf,True,True,0.38221823796629906,86,21.589719067308145,21.609026866123124,-0.0008935061691855983,0,0.062376005951699245,0.08346098503686183,0,0,2,0,True,1,1,1.0,,"{""profile_name"": ""complex_d02"", ""map_seed"": 20390623, ""query_seed"": 20391623}"
complex_s03_q0075,voronoi_waypoint,Complex,d20_inf,True,True,0.7695543020963669,8,23.58963049456197,21.609026866123124,0.09165630829696814,0,0.33417241933800484,0.23071534750921974,0,0,0,0,False,,,,,"{""profile_name"": ""complex_d02"", ""map_seed"": 20390623, ""query_seed"": 20391623, ""waypoint_count"": 4}"
complex_s03_q0075,bottleneck_waypoint,Complex,d20_inf,True,True,0.7709692141506821,5,22.804380698568178,21.609026866123124,0.05531733751134493,0,0.22219800792761152,0.15745914783484882,0,0,0,0,False,,,,,"{""profile_name"": ""complex_d02"", ""map_seed"": 20390623, ""query_seed"": 20391623, ""waypoint_count"": 4, ""bottleneck_count"": 4}"
complex_s03_q0075,md_dqn,Complex,d20_inf,False,False,0.4004160750191659,600,1.1250000000004818,21.609026866123124,,0,0.0,1.463962766405034,0,0,0,0,False,,,,md_dqn_not_reached,"{""profile_name"": ""complex_d02"", ""map_seed"": 20390623, ""query_seed"": 20391623, ""md_dqn_source_dir"": ""/home/ubuntu/DQN10/2_experiment"", ""md_dqn_checkpoint_path"": ""/home/ubuntu/DQN10/2_experiment/ugv_dqn/outputs/2026-05-12_train_load_external_demo_smoke/models/realmap_a/mlp-dqn.pt"", ""md_dqn_algo"": ""mlp-dqn"", ""md_dqn_device"": ""cpu"", ""md_dqn_max_steps"": 600, ""md_dqn_rollout_steps"": 600, ""md_dqn_reached"": false}"
complex_s03_q0076,vanilla_ha,Complex,d08_12,True,True,0.6473281383514404,559,8.944786013737897,,,0,0.3545419409632316,0.07900526684028863,0,0,0,0,False,,,,,"{""profile_name"": ""complex_d02"", ""map_seed"": 20390623, ""query_seed"": 20391624, ""evaluation_path_source"": ""trace_poses"", ""planner_path_pose_count"": 25, ""evaluation_path_pose_count"": 92}"
complex_s03_q0076,f_n3p_knn,Complex,d08_12,True,True,0.023280729074031115,0,9.838580265770277,8.944786013737897,0.09992349181519167,3,0.4064552630901707,0.0834185299591238,0,0,0,0,False,3,3,1.0,,"{""profile_name"": ""complex_d02"", ""map_seed"": 20390623, ""query_seed"": 20391624}"
complex_s03_q0076,n3p_k1,Complex,d08_12,True,True,0.01936084101907909,0,9.838580265770277,8.944786013737897,0.09992349181519167,3,0.4064552630901707,0.0834185299591238,0,0,0,0,False,3,3,1.0,,"{""profile_name"": ""complex_d02"", ""map_seed"": 20390623, ""query_seed"": 20391624}"
complex_s03_q0076,voronoi_waypoint,Complex,d08_12,True,True,0.33946110401302576,12,8.739755493040775,8.944786013737897,-0.02292179157581009,0,0.19692025136098384,0.08830350513544705,0,0,0,0,False,,,,,"{""profile_name"": ""complex_d02"", ""map_seed"": 20390623, ""query_seed"": 20391624, ""waypoint_count"": 1}"
complex_s03_q0076,bottleneck_waypoint,Complex,d08_12,True,True,0.366710594156757,44,10.12814624785765,8.944786013737897,0.13229609208116133,1,0.42500222804391835,0.07195463269387681,0,0,0,0,False,,,,,"{""profile_name"": ""complex_d02"", ""map_seed"": 20390623, ""query_seed"": 20391624, ""waypoint_count"": 1, ""bottleneck_count"": 1}"
complex_s03_q0076,md_dqn,Complex,d08_12,False,False,0.5085547524504364,239,12.575624999999993,8.944786013737897,,1,0.28256012976763234,0.09783695750920274,0,0,0,0,False,,,,md_dqn_not_reached,"{""profile_name"": ""complex_d02"", ""map_seed"": 20390623, ""query_seed"": 20391624, ""md_dqn_source_dir"": ""/home/ubuntu/DQN10/2_experiment"", ""md_dqn_checkpoint_path"": ""/home/ubuntu/DQN10/2_experiment/ugv_dqn/outputs/2026-05-12_train_load_external_demo_smoke/models/realmap_a/mlp-dqn.pt"", ""md_dqn_algo"": ""mlp-dqn"", ""md_dqn_device"": ""cpu"", ""md_dqn_max_steps"": 600, ""md_dqn_rollout_steps"": 239, ""md_dqn_reached"": false}"
complex_s03_q0077,vanilla_ha,Complex,d12_16,True,True,0.4802978038787842,571,12.497281114794621,,,0,0.21604063260444945,0.09168390601772292,0,0,0,0,False,,,,,"{""profile_name"": ""complex_d02"", ""map_seed"": 20390623, ""query_seed"": 20391625, ""evaluation_path_source"": ""trace_poses"", ""planner_path_pose_count"": 25, ""evaluation_path_pose_count"": 128}"
complex_s03_q0077,f_n3p_knn,Complex,d12_16,True,True,0.23859544494189322,65,15.343383531325795,12.497281114794621,0.22773772874180453,2,0.29511564130030704,0.0758933044872121,0,23,1,0,True,0,2,0.0,,"{""profile_name"": ""complex_d02"", ""map_seed"": 20390623, ""query_seed"": 20391625}"
complex_s03_q0077,n3p_k1,Complex,d12_16,True,True,0.34388267900794744,54,13.229480606908607,12.497281114794621,0.05858870304575192,0,0.3745367031860115,0.07817834837898618,0,0,2,0,True,0,0,,,"{""profile_name"": ""complex_d02"", ""map_seed"": 20390623, ""query_seed"": 20391625}"
complex_s03_q0077,voronoi_waypoint,Complex,d12_16,True,True,0.4694570410065353,3,13.688802718300193,12.497281114794621,0.09534246629813081,0,0.2546248370163956,0.10648223444845573,0,0,0,0,False,,,,,"{""profile_name"": ""complex_d02"", ""map_seed"": 20390623, ""query_seed"": 20391625, ""waypoint_count"": 2}"
complex_s03_q0077,bottleneck_waypoint,Complex,d12_16,True,True,0.34000801108777523,14,13.190030275729029,12.497281114794621,0.05543198993213916,0,0.1734678273657545,0.12195190033368652,0,0,0,0,False,,,,,"{""profile_name"": ""complex_d02"", ""map_seed"": 20390623, ""query_seed"": 20391625, ""waypoint_count"": 1, ""bottleneck_count"": 1}"
complex_s03_q0077,md_dqn,Complex,d12_16,False,False,0.4774833486881107,242,0.5231249999999696,12.497281114794621,,1,0.03949793105300686,0.38896229638399615,0,0,0,0,False,,,,md_dqn_not_reached,"{""profile_name"": ""complex_d02"", ""map_seed"": 20390623, ""query_seed"": 20391625, ""md_dqn_source_dir"": ""/home/ubuntu/DQN10/2_experiment"", ""md_dqn_checkpoint_path"": ""/home/ubuntu/DQN10/2_experiment/ugv_dqn/outputs/2026-05-12_train_load_external_demo_smoke/models/realmap_a/mlp-dqn.pt"", ""md_dqn_algo"": ""mlp-dqn"", ""md_dqn_device"": ""cpu"", ""md_dqn_max_steps"": 600, ""md_dqn_rollout_steps"": 242, ""md_dqn_reached"": false}"
complex_s03_q0078,vanilla_ha,Complex,d16_20,True,True,1.5303308963775635,2467,19.90558070690083,,,0,0.17457373317398936,0.05692110673245265,0,0,0,0,False,,,,,"{""profile_name"": ""complex_d02"", ""map_seed"": 20390623, ""query_seed"": 20391626, ""evaluation_path_source"": ""trace_poses"", ""planner_path_pose_count"": 44, ""evaluation_path_pose_count"": 202}"
complex_s03_q0078,f_n3p_knn,Complex,d16_20,True,True,0.183935834094882,11,19.964907503220264,19.90558070690083,0.0029804102273121025,0,0.13046454643034058,0.10012224999025654,0,29,1,0,True,1,2,0.5,,"{""profile_name"": ""complex_d02"", ""map_seed"": 20390623, ""query_seed"": 20391626}"
complex_s03_q0078,n3p_k1,Complex,d16_20,True,True,0.510190807050094,230,19.992179334088252,19.90558070690083,0.004350469773403809,0,0.16005282810517385,0.12512275412783236,0,0,2,0,True,0,0,,,"{""profile_name"": ""complex_d02"", ""map_seed"": 20390623, ""query_seed"": 20391626}"
complex_s03_q0078,voronoi_waypoint,Complex,d16_20,True,True,0.6180792478844523,4,21.802427473415737,19.90558070690083,0.09529220947858663,0,0.19856545263349887,0.3371690613123217,0,0,0,0,False,,,,,"{""profile_name"": ""complex_d02"", ""map_seed"": 20390623, ""query_seed"": 20391626, ""waypoint_count"": 3}"
complex_s03_q0078,bottleneck_waypoint,Complex,d16_20,True,True,0.6193267430644482,4,20.38362997940211,19.90558070690083,0.024015841564247742,0,0.10113231194192114,0.3373774296628862,0,0,0,0,False,,,,,"{""profile_name"": ""complex_d02"", ""map_seed"": 20390623, ""query_seed"": 20391626, ""waypoint_count"": 3, ""bottleneck_count"": 3}"
complex_s03_q0078,md_dqn,Complex,d16_20,False,False,0.8826076814439148,470,24.19687500000006,19.90558070690083,,1,0.2692552000021079,0.11054809264202292,0,0,0,0,False,,,,md_dqn_not_reached,"{""profile_name"": ""complex_d02"", ""map_seed"": 20390623, ""query_seed"": 20391626, ""md_dqn_source_dir"": ""/home/ubuntu/DQN10/2_experiment"", ""md_dqn_checkpoint_path"": ""/home/ubuntu/DQN10/2_experiment/ugv_dqn/outputs/2026-05-12_train_load_external_demo_smoke/models/realmap_a/mlp-dqn.pt"", ""md_dqn_algo"": ""mlp-dqn"", ""md_dqn_device"": ""cpu"", ""md_dqn_max_steps"": 600, ""md_dqn_rollout_steps"": 470, ""md_dqn_reached"": false}"
complex_s03_q0079,vanilla_ha,Complex,d20_inf,True,True,0.732635498046875,891,28.635637691857948,,,0,0.28851824005441046,0.07792345961278646,0,0,0,0,False,,,,,"{""profile_name"": ""complex_d02"", ""map_seed"": 20390623, ""query_seed"": 20391627, ""evaluation_path_source"": ""trace_poses"", ""planner_path_pose_count"": 80, ""evaluation_path_pose_count"": 289}"
complex_s03_q0079,f_n3p_knn,Complex,d20_inf,True,True,0.028893064940348268,0,28.898296663243826,28.635637691857948,0.00917245057408178,0,0.06724742544359322,0.08593942205080607,0,4,0,0,True,2,3,0.6666666666666666,,"{""profile_name"": ""complex_d02"", ""map_seed"": 20390623, ""query_seed"": 20391627}"
complex_s03_q0079,n3p_k1,Complex,d20_inf,True,True,1.6078237921465188,2172,28.635637691857948,28.635637691857948,0.0,0,0.28851824005441046,0.07792345961278646,0,0,1,1,True,1,1,1.0,,"{""profile_name"": ""complex_d02"", ""map_seed"": 20390623, ""query_seed"": 20391627}"
complex_s03_q0079,voronoi_waypoint,Complex,d20_inf,True,True,0.9034573931712657,6,29.819119103003032,28.635637691857948,0.04132897000165592,0,0.17836997819829584,0.2509288288392193,0,0,0,0,False,,,,,"{""profile_name"": ""complex_d02"", ""map_seed"": 20390623, ""query_seed"": 20391627, ""waypoint_count"": 5}"
complex_s03_q0079,bottleneck_waypoint,Complex,d20_inf,True,True,0.9092003209516406,6,29.531323224786867,28.635637691857948,0.03127870042801928,0,0.14515376959363022,0.2509288288392195,0,0,0,0,False,,,,,"{""profile_name"": ""complex_d02"", ""map_seed"": 20390623, ""query_seed"": 20391627, ""waypoint_count"": 5, ""bottleneck_count"": 5}"
complex_s03_q0079,md_dqn,Complex,d20_inf,False,False,0.40276049287058413,600,1.1250000000000162,28.635637691857948,,0,0.8385645564237136,1.532996576833866,0,0,0,0,False,,,,md_dqn_not_reached,"{""profile_name"": ""complex_d02"", ""map_seed"": 20390623, ""query_seed"": 20391627, ""md_dqn_source_dir"": ""/home/ubuntu/DQN10/2_experiment"", ""md_dqn_checkpoint_path"": ""/home/ubuntu/DQN10/2_experiment/ugv_dqn/outputs/2026-05-12_train_load_external_demo_smoke/models/realmap_a/mlp-dqn.pt"", ""md_dqn_algo"": ""mlp-dqn"", ""md_dqn_device"": ""cpu"", ""md_dqn_max_steps"": 600, ""md_dqn_rollout_steps"": 600, ""md_dqn_reached"": false}"
complex_s04_q0080,vanilla_ha,Complex,d08_12,True,True,0.20356464385986328,92,9.870556980103771,,,1,0.17891140160757718,0.08509851526739176,0,0,0,0,False,,,,,"{""profile_name"": ""complex_d02"", ""map_seed"": 20400620, ""query_seed"": 20401620, ""evaluation_path_source"": ""trace_poses"", ""planner_path_pose_count"": 8, ""evaluation_path_pose_count"": 101}"
complex_s04_q0080,f_n3p_knn,Complex,d08_12,True,True,0.008335680002346635,0,9.792816782304085,9.870556980103771,-0.007875968697246605,1,0.2187086015679963,0.13133713202951558,0,3,0,0,True,0,1,0.0,,"{""profile_name"": ""complex_d02"", ""map_seed"": 20400620, ""query_seed"": 20401620}"
complex_s04_q0080,n3p_k1,Complex,d08_12,True,True,0.1571395278442651,7,10.833487783652977,9.870556980103771,0.0975558730363646,1,0.20670782318601308,0.10457897976690977,0,0,1,0,True,0,0,,,"{""profile_name"": ""complex_d02"", ""map_seed"": 20400620, ""query_seed"": 20401620}"
complex_s04_q0080,voronoi_waypoint,Complex,d08_12,True,True,0.48380959080532193,11,13.285957375255686,9.870556980103771,0.34601901412821867,2,0.36134534237695526,0.07655665649470389,0,0,0,0,False,,,,,"{""profile_name"": ""complex_d02"", ""map_seed"": 20400620, ""query_seed"": 20401620, ""waypoint_count"": 2}"
complex_s04_q0080,bottleneck_waypoint,Complex,d08_12,True,True,0.3464615719858557,17,11.913963172934489,9.870556980103771,0.2070203532535846,1,0.25370990441485025,0.13281082085865525,0,0,0,0,False,,,,,"{""profile_name"": ""complex_d02"", ""map_seed"": 20400620, ""query_seed"": 20401620, ""waypoint_count"": 1, ""bottleneck_count"": 1}"
complex_s04_q0080,md_dqn,Complex,d08_12,False,False,0.0019681390840560198,1,0.003750000000000142,9.870556980103771,,0,0.08734630124014729,0.13281082085865525,0,0,0,0,False,,,,md_dqn_not_reached,"{""profile_name"": ""complex_d02"", ""map_seed"": 20400620, ""query_seed"": 20401620, ""md_dqn_source_dir"": ""/home/ubuntu/DQN10/2_experiment"", ""md_dqn_checkpoint_path"": ""/home/ubuntu/DQN10/2_experiment/ugv_dqn/outputs/2026-05-12_train_load_external_demo_smoke/models/realmap_a/mlp-dqn.pt"", ""md_dqn_algo"": ""mlp-dqn"", ""md_dqn_device"": ""cpu"", ""md_dqn_max_steps"": 600, ""md_dqn_rollout_steps"": 1, ""md_dqn_reached"": false}"
complex_s04_q0081,vanilla_ha,Complex,d12_16,True,True,0.1598036289215088,25,14.461843502572176,,,0,0.12122101695614994,0.05331154867635124,0,0,0,0,False,,,,,"{""profile_name"": ""complex_d02"", ""map_seed"": 20400620, ""query_seed"": 20401621, ""evaluation_path_source"": ""trace_poses"", ""planner_path_pose_count"": 15, ""evaluation_path_pose_count"": 147}"
complex_s04_q0081,f_n3p_knn,Complex,d12_16,True,True,0.010530860861763358,0,14.02999836995505,14.461843502572176,-0.029861001644798435,0,0.03351563385485949,0.05331154867635157,0,0,0,0,False,1,1,1.0,,"{""profile_name"": ""complex_d02"", ""map_seed"": 20400620, ""query_seed"": 20401621}"
complex_s04_q0081,n3p_k1,Complex,d12_16,True,True,0.009573724120855331,0,14.02999836995505,14.461843502572176,-0.029861001644798435,0,0.03351563385485949,0.05331154867635157,0,0,0,0,False,1,1,1.0,,"{""profile_name"": ""complex_d02"", ""map_seed"": 20400620, ""query_seed"": 20401621}"
complex_s04_q0081,voronoi_waypoint,Complex,d12_16,True,True,0.4717576040420681,3,14.70911770160623,14.461843502572176,0.017098387144769855,0,0.13389226956774725,0.053311548676351905,0,0,0,0,False,,,,,"{""profile_name"": ""complex_d02"", ""map_seed"": 20400620, ""query_seed"": 20401621, ""waypoint_count"": 2}"
complex_s04_q0081,bottleneck_waypoint,Complex,d12_16,True,True,0.6148680171463639,4,14.496121983929648,14.461843502572176,0.002370270522660256,0,0.11661194777429337,0.05331154867635246,0,0,0,0,False,,,,,"{""profile_name"": ""complex_d02"", ""map_seed"": 20400620, ""query_seed"": 20401621, ""waypoint_count"": 3, ""bottleneck_count"": 3}"
complex_s04_q0081,md_dqn,Complex,d12_16,False,False,0.37870556744746864,600,1.1249999999999891,14.461843502572176,,0,0.8286550898948987,0.37796161079697765,0,0,0,0,False,,,,md_dqn_not_reached,"{""profile_name"": ""complex_d02"", ""map_seed"": 20400620, ""query_seed"": 20401621, ""md_dqn_source_dir"": ""/home/ubuntu/DQN10/2_experiment"", ""md_dqn_checkpoint_path"": ""/home/ubuntu/DQN10/2_experiment/ugv_dqn/outputs/2026-05-12_train_load_external_demo_smoke/models/realmap_a/mlp-dqn.pt"", ""md_dqn_algo"": ""mlp-dqn"", ""md_dqn_device"": ""cpu"", ""md_dqn_max_steps"": 600, ""md_dqn_rollout_steps"": 600, ""md_dqn_reached"": false}"
complex_s04_q0082,vanilla_ha,Complex,d16_20,True,True,0.2089540958404541,99,17.454836015408112,,,0,0.1917508020139008,0.06185678230092395,0,0,0,0,False,,,,,"{""profile_name"": ""complex_d02"", ""map_seed"": 20400620, ""query_seed"": 20401622, ""evaluation_path_source"": ""trace_poses"", ""planner_path_pose_count"": 34, ""evaluation_path_pose_count"": 176}"
complex_s04_q0082,f_n3p_knn,Complex,d16_20,True,True,0.019884285982698202,0,17.091924519771336,17.454836015408112,-0.020791458328019763,0,0.034472007306087606,0.08312451221040162,0,7,0,0,True,0,2,0.0,,"{""profile_name"": ""complex_d02"", ""map_seed"": 20400620, ""query_seed"": 20401622}"
complex_s04_q0082,n3p_k1,Complex,d16_20,True,True,0.21335758920758963,99,17.454836015408112,17.454836015408112,0.0,0,0.1917508020139008,0.06185678230092395,0,0,1,0,True,0,0,,,"{""profile_name"": ""complex_d02"", ""map_seed"": 20400620, ""query_seed"": 20401622}"
complex_s04_q0082,voronoi_waypoint,Complex,d16_20,True,True,0.9575296968687326,412,18.155852591327758,17.454836015408112,0.04016173943432233,0,0.27260870293005773,0.06199842678308848,0,0,0,0,False,,,,,"{""profile_name"": ""complex_d02"", ""map_seed"": 20400620, ""query_seed"": 20401622, ""waypoint_count"": 3}"
complex_s04_q0082,bottleneck_waypoint,Complex,d16_20,True,True,0.7603318879846483,5,18.289925796978267,17.454836015408112,0.04784288897546718,0,0.2914450362257025,0.25040698662902616,0,0,0,0,False,,,,,"{""profile_name"": ""complex_d02"", ""map_seed"": 20400620, ""query_seed"": 20401622, ""waypoint_count"": 4, ""bottleneck_count"": 4}"
complex_s04_q0082,md_dqn,Complex,d16_20,False,False,0.8130716569721699,555,1.1043750000000154,17.454836015408112,,1,0.8275145490725698,0.4889223783514165,0,0,0,0,False,,,,md_dqn_not_reached,"{""profile_name"": ""complex_d02"", ""map_seed"": 20400620, ""query_seed"": 20401622, ""md_dqn_source_dir"": ""/home/ubuntu/DQN10/2_experiment"", ""md_dqn_checkpoint_path"": ""/home/ubuntu/DQN10/2_experiment/ugv_dqn/outputs/2026-05-12_train_load_external_demo_smoke/models/realmap_a/mlp-dqn.pt"", ""md_dqn_algo"": ""mlp-dqn"", ""md_dqn_device"": ""cpu"", ""md_dqn_max_steps"": 600, ""md_dqn_rollout_steps"": 555, ""md_dqn_reached"": false}"
complex_s04_q0083,vanilla_ha,Complex,d20_inf,False,False,2.504443883895874,2897,,,,0,,,0,0,0,0,False,,,,timeout,"{""profile_name"": ""complex_d02"", ""map_seed"": 20400620, ""query_seed"": 20401623, ""evaluation_path_source"": ""planner_path"", ""planner_path_pose_count"": 0, ""evaluation_path_pose_count"": 0}"
complex_s04_q0083,f_n3p_knn,Complex,d20_inf,True,True,0.028906950959935784,0,27.17354888451218,,,0,0.12336734456980525,0.11453628683470918,0,6,0,0,True,1,3,0.3333333333333333,,"{""profile_name"": ""complex_d02"", ""map_seed"": 20400620, ""query_seed"": 20401623}"
complex_s04_q0083,n3p_k1,Complex,d20_inf,True,True,0.435060597024858,289,24.31861037027587,,,0,0.18906115640818102,0.0830859085052773,0,0,1,0,True,2,2,1.0,,"{""profile_name"": ""complex_d02"", ""map_seed"": 20400620, ""query_seed"": 20401623}"
complex_s04_q0083,voronoi_waypoint,Complex,d20_inf,True,True,0.8221878982149065,5,24.868676427986564,,,0,0.2561090262108636,0.1894111544883611,0,0,0,0,False,,,,,"{""profile_name"": ""complex_d02"", ""map_seed"": 20400620, ""query_seed"": 20401623, ""waypoint_count"": 4}"
complex_s04_q0083,bottleneck_waypoint,Complex,d20_inf,True,True,0.8240195349790156,5,24.46190953987168,,,0,0.30468790434763027,0.1894111544883611,0,0,0,0,False,,,,,"{""profile_name"": ""complex_d02"", ""map_seed"": 20400620, ""query_seed"": 20401623, ""waypoint_count"": 4, ""bottleneck_count"": 4}"
complex_s04_q0083,md_dqn,Complex,d20_inf,False,False,0.17257797089405358,600,1.1250000000004434,,,0,0.0,0.1894111544883611,0,0,0,0,False,,,,md_dqn_not_reached,"{""profile_name"": ""complex_d02"", ""map_seed"": 20400620, ""query_seed"": 20401623, ""md_dqn_source_dir"": ""/home/ubuntu/DQN10/2_experiment"", ""md_dqn_checkpoint_path"": ""/home/ubuntu/DQN10/2_experiment/ugv_dqn/outputs/2026-05-12_train_load_external_demo_smoke/models/realmap_a/mlp-dqn.pt"", ""md_dqn_algo"": ""mlp-dqn"", ""md_dqn_device"": ""cpu"", ""md_dqn_max_steps"": 600, ""md_dqn_rollout_steps"": 600, ""md_dqn_reached"": false}"
complex_s04_q0084,vanilla_ha,Complex,d08_12,True,True,0.14844417572021484,1,8.102468759581859,,,0,0.0,1.1381169648869505,0,0,0,0,False,,,,,"{""profile_name"": ""complex_d02"", ""map_seed"": 20400620, ""query_seed"": 20401624, ""evaluation_path_source"": ""trace_poses"", ""planner_path_pose_count"": 2, ""evaluation_path_pose_count"": 83}"
complex_s04_q0084,f_n3p_knn,Complex,d08_12,True,True,0.0003891880623996258,0,8.10246875958186,8.102468759581859,2.220446049250313e-16,0,2.7404561685281973e-17,1.1381169648869518,0,0,0,0,False,0,0,,,"{""profile_name"": ""complex_d02"", ""map_seed"": 20400620, ""query_seed"": 20401624}"
complex_s04_q0084,n3p_k1,Complex,d08_12,True,True,0.0003756769001483917,0,8.10246875958186,8.102468759581859,2.220446049250313e-16,0,2.7404561685281973e-17,1.1381169648869518,0,0,0,0,False,0,0,,,"{""profile_name"": ""complex_d02"", ""map_seed"": 20400620, ""query_seed"": 20401624}"
complex_s04_q0084,voronoi_waypoint,Complex,d08_12,True,True,0.33418188104406,2,8.146593281454049,8.102468759581859,0.005445812033524788,0,0.12395481147568387,1.1395503340501945,0,0,0,0,False,,,,,"{""profile_name"": ""complex_d02"", ""map_seed"": 20400620, ""query_seed"": 20401624, ""waypoint_count"": 1}"
complex_s04_q0084,bottleneck_waypoint,Complex,d08_12,True,True,0.3357414409983903,2,8.108538463107212,8.102468759581859,0.0007491177942742233,0,0.048335787193651045,1.1339118839075213,0,0,0,0,False,,,,,"{""profile_name"": ""complex_d02"", ""map_seed"": 20400620, ""query_seed"": 20401624, ""waypoint_count"": 1, ""bottleneck_count"": 1}"
complex_s04_q0084,md_dqn,Complex,d08_12,False,False,0.16491286200471222,600,1.1249999999998084,8.102468759581859,,0,0.0,1.5170541706828888,0,0,0,0,False,,,,md_dqn_not_reached,"{""profile_name"": ""complex_d02"", ""map_seed"": 20400620, ""query_seed"": 20401624, ""md_dqn_source_dir"": ""/home/ubuntu/DQN10/2_experiment"", ""md_dqn_checkpoint_path"": ""/home/ubuntu/DQN10/2_experiment/ugv_dqn/outputs/2026-05-12_train_load_external_demo_smoke/models/realmap_a/mlp-dqn.pt"", ""md_dqn_algo"": ""mlp-dqn"", ""md_dqn_device"": ""cpu"", ""md_dqn_max_steps"": 600, ""md_dqn_rollout_steps"": 600, ""md_dqn_reached"": false}"
complex_s04_q0085,vanilla_ha,Complex,d12_16,True,True,0.2571451663970947,185,15.27623753948386,,,0,0.1911461915835991,0.07515753237550549,0,0,0,0,False,,,,,"{""profile_name"": ""complex_d02"", ""map_seed"": 20400621, ""query_seed"": 20401621, ""evaluation_path_source"": ""trace_poses"", ""planner_path_pose_count"": 19, ""evaluation_path_pose_count"": 155}"
complex_s04_q0085,f_n3p_knn,Complex,d12_16,True,True,0.200732687022537,49,15.225980983736365,15.27623753948386,-0.0032898516809259926,0,0.1107877483202857,0.08297545851218069,0,27,1,0,True,0,1,0.0,,"{""profile_name"": ""complex_d02"", ""map_seed"": 20400621, ""query_seed"": 20401621}"
complex_s04_q0085,n3p_k1,Complex,d12_16,True,True,0.25473108515143394,93,15.200689898865809,15.27623753948386,-0.004945435053807401,0,0.22686636798413676,0.05660802948714033,0,0,1,0,True,1,1,1.0,,"{""profile_name"": ""complex_d02"", ""map_seed"": 20400621, ""query_seed"": 20401621}"
complex_s04_q0085,voronoi_waypoint,Complex,d12_16,True,True,1.663126242114231,1356,15.782155592238704,15.27623753948386,0.03311797498875091,0,0.2219378408007978,0.07176800339118938,0,0,0,0,False,,,,,"{""profile_name"": ""complex_d02"", ""map_seed"": 20400621, ""query_seed"": 20401621, ""waypoint_count"": 2}"
complex_s04_q0085,bottleneck_waypoint,Complex,d12_16,True,True,0.49773157807067037,15,16.142015801423238,15.27623753948386,0.05667483630714942,2,0.21924663386381765,0.06589577902867716,0,0,0,0,False,,,,,"{""profile_name"": ""complex_d02"", ""map_seed"": 20400621, ""query_seed"": 20401621, ""waypoint_count"": 2, ""bottleneck_count"": 2}"
complex_s04_q0085,md_dqn,Complex,d12_16,False,False,0.1667358111590147,600,1.1250000000007048,15.27623753948386,,0,0.0,0.45011357257472195,0,0,0,0,False,,,,md_dqn_not_reached,"{""profile_name"": ""complex_d02"", ""map_seed"": 20400621, ""query_seed"": 20401621, ""md_dqn_source_dir"": ""/home/ubuntu/DQN10/2_experiment"", ""md_dqn_checkpoint_path"": ""/home/ubuntu/DQN10/2_experiment/ugv_dqn/outputs/2026-05-12_train_load_external_demo_smoke/models/realmap_a/mlp-dqn.pt"", ""md_dqn_algo"": ""mlp-dqn"", ""md_dqn_device"": ""cpu"", ""md_dqn_max_steps"": 600, ""md_dqn_rollout_steps"": 600, ""md_dqn_reached"": false}"
complex_s04_q0086,vanilla_ha,Complex,d16_20,False,False,2.501962423324585,2769,,,,0,,,0,0,0,0,False,,,,timeout,"{""profile_name"": ""complex_d02"", ""map_seed"": 20400621, ""query_seed"": 20401622, ""evaluation_path_source"": ""planner_path"", ""planner_path_pose_count"": 0, ""evaluation_path_pose_count"": 0}"
complex_s04_q0086,f_n3p_knn,Complex,d16_20,True,True,0.020620713010430336,0,18.411076951511493,,,2,0.16289655487487859,0.07249745101803606,0,6,0,0,True,1,2,0.5,,"{""profile_name"": ""complex_d02"", ""map_seed"": 20400621, ""query_seed"": 20401622}"
complex_s04_q0086,n3p_k1,Complex,d16_20,False,False,3.520066382130608,3931,,,,0,,,0,0,1,1,True,1,1,1.0,f2_failed:prediction:goal_in_collision;goal:timeout;f3_failed:timeout,"{""profile_name"": ""complex_d02"", ""map_seed"": 20400621, ""query_seed"": 20401622}"
complex_s04_q0086,voronoi_waypoint,Complex,d16_20,True,True,0.6276490581221879,12,18.85028526858956,,,0,0.3036946161940123,0.08579277071444658,0,0,0,0,False,,,,,"{""profile_name"": ""complex_d02"", ""map_seed"": 20400621, ""query_seed"": 20401622, ""waypoint_count"": 3}"
complex_s04_q0086,bottleneck_waypoint,Complex,d16_20,True,True,0.7600598391145468,5,18.919219941190654,,,1,0.21111063972527272,0.18241876636696475,0,0,0,0,False,,,,,"{""profile_name"": ""complex_d02"", ""map_seed"": 20400621, ""query_seed"": 20401622, ""waypoint_count"": 4, ""bottleneck_count"": 4}"
complex_s04_q0086,md_dqn,Complex,d16_20,False,False,0.16553979506716132,600,1.1250000000000078,,,0,0.8286550898949565,2.7240839882720578,0,0,0,0,False,,,,md_dqn_not_reached,"{""profile_name"": ""complex_d02"", ""map_seed"": 20400621, ""query_seed"": 20401622, ""md_dqn_source_dir"": ""/home/ubuntu/DQN10/2_experiment"", ""md_dqn_checkpoint_path"": ""/home/ubuntu/DQN10/2_experiment/ugv_dqn/outputs/2026-05-12_train_load_external_demo_smoke/models/realmap_a/mlp-dqn.pt"", ""md_dqn_algo"": ""mlp-dqn"", ""md_dqn_device"": ""cpu"", ""md_dqn_max_steps"": 600, ""md_dqn_rollout_steps"": 600, ""md_dqn_reached"": false}"
complex_s04_q0087,vanilla_ha,Complex,d20_inf,False,False,2.500455141067505,4192,,,,0,,,0,0,0,0,False,,,,timeout,"{""profile_name"": ""complex_d02"", ""map_seed"": 20400621, ""query_seed"": 20401623, ""evaluation_path_source"": ""planner_path"", ""planner_path_pose_count"": 0, ""evaluation_path_pose_count"": 0}"
complex_s04_q0087,f_n3p_knn,Complex,d20_inf,True,True,0.04033993394114077,0,28.46882267580629,,,1,0.14271881448464485,0.07304834169821095,0,17,0,0,True,3,5,0.6,,"{""profile_name"": ""complex_d02"", ""map_seed"": 20400621, ""query_seed"": 20401623}"
complex_s04_q0087,n3p_k1,Complex,d20_inf,True,True,0.39286140399053693,66,27.20144585393906,,,3,0.3569753491235834,0.0659940876862718,0,0,2,0,True,3,3,1.0,,"{""profile_name"": ""complex_d02"", ""map_seed"": 20400621, ""query_seed"": 20401623}"
complex_s04_q0087,voronoi_waypoint,Complex,d20_inf,True,True,0.7736250851303339,9,29.015450809135174,,,2,0.11835999410943383,0.0974742536307942,0,0,0,0,False,,,,,"{""profile_name"": ""complex_d02"", ""map_seed"": 20400621, ""query_seed"": 20401623, ""waypoint_count"": 4}"
complex_s04_q0087,bottleneck_waypoint,Complex,d20_inf,True,True,0.7657351579982787,10,29.075216698513973,,,2,0.12370443841169962,0.0974742536307942,0,0,0,0,False,,,,,"{""profile_name"": ""complex_d02"", ""map_seed"": 20400621, ""query_seed"": 20401623, ""waypoint_count"": 4, ""bottleneck_count"": 4}"
complex_s04_q0087,md_dqn,Complex,d20_inf,False,False,0.00146674201823771,1,0.003750000000000375,,,0,0.08734630124017147,0.12121722930119005,0,0,0,0,False,,,,md_dqn_not_reached,"{""profile_name"": ""complex_d02"", ""map_seed"": 20400621, ""query_seed"": 20401623, ""md_dqn_source_dir"": ""/home/ubuntu/DQN10/2_experiment"", ""md_dqn_checkpoint_path"": ""/home/ubuntu/DQN10/2_experiment/ugv_dqn/outputs/2026-05-12_train_load_external_demo_smoke/models/realmap_a/mlp-dqn.pt"", ""md_dqn_algo"": ""mlp-dqn"", ""md_dqn_device"": ""cpu"", ""md_dqn_max_steps"": 600, ""md_dqn_rollout_steps"": 1, ""md_dqn_reached"": false}"
complex_s04_q0088,vanilla_ha,Complex,d08_12,True,True,0.15382790565490723,1,8.324061508662705,,,0,0.0,0.11256087352795152,0,0,0,0,False,,,,,"{""profile_name"": ""complex_d02"", ""map_seed"": 20400621, ""query_seed"": 20401624, ""evaluation_path_source"": ""trace_poses"", ""planner_path_pose_count"": 2, ""evaluation_path_pose_count"": 85}"
complex_s04_q0088,f_n3p_knn,Complex,d08_12,True,True,0.0004992829635739326,0,8.324061508662705,8.324061508662705,0.0,0,4.00125476056286e-17,0.11256087352795152,0,0,0,0,False,0,0,,,"{""profile_name"": ""complex_d02"", ""map_seed"": 20400621, ""query_seed"": 20401624}"
complex_s04_q0088,n3p_k1,Complex,d08_12,True,True,0.0004721689037978649,0,8.324061508662705,8.324061508662705,0.0,0,4.00125476056286e-17,0.11256087352795152,0,0,0,0,False,0,0,,,"{""profile_name"": ""complex_d02"", ""map_seed"": 20400621, ""query_seed"": 20401624}"
complex_s04_q0088,voronoi_waypoint,Complex,d08_12,True,True,0.3374070411082357,2,8.925171579698297,8.324061508662705,0.07221355469442736,0,0.2226849854486903,0.6834301258773148,0,0,0,0,False,,,,,"{""profile_name"": ""complex_d02"", ""map_seed"": 20400621, ""query_seed"": 20401624, ""waypoint_count"": 1}"
complex_s04_q0088,bottleneck_waypoint,Complex,d08_12,True,True,0.47460253816097975,3,8.944834439526229,8.324061508662705,0.07457572607044005,0,0.2886195482421244,0.6834301258773163,0,0,0,0,False,,,,,"{""profile_name"": ""complex_d02"", ""map_seed"": 20400621, ""query_seed"": 20401624, ""waypoint_count"": 2, ""bottleneck_count"": 2}"
complex_s04_q0088,md_dqn,Complex,d08_12,False,False,0.2103432542644441,437,2.064374999999996,8.324061508662705,,1,0.5966855673952957,0.4659572793740163,0,0,0,0,False,,,,md_dqn_not_reached,"{""profile_name"": ""complex_d02"", ""map_seed"": 20400621, ""query_seed"": 20401624, ""md_dqn_source_dir"": ""/home/ubuntu/DQN10/2_experiment"", ""md_dqn_checkpoint_path"": ""/home/ubuntu/DQN10/2_experiment/ugv_dqn/outputs/2026-05-12_train_load_external_demo_smoke/models/realmap_a/mlp-dqn.pt"", ""md_dqn_algo"": ""mlp-dqn"", ""md_dqn_device"": ""cpu"", ""md_dqn_max_steps"": 600, ""md_dqn_rollout_steps"": 437, ""md_dqn_reached"": false}"
complex_s04_q0089,vanilla_ha,Complex,d12_16,True,True,0.3564169406890869,341,15.19587190870289,,,0,0.1686912282069382,0.0764117360801887,0,0,0,0,False,,,,,"{""profile_name"": ""complex_d02"", ""map_seed"": 20400621, ""query_seed"": 20401625, ""evaluation_path_source"": ""trace_poses"", ""planner_path_pose_count"": 33, ""evaluation_path_pose_count"": 155}"
complex_s04_q0089,f_n3p_knn,Complex,d12_16,True,True,0.2477767129894346,103,15.630276926381178,15.19587190870289,0.028587041289121373,2,0.17213186395646973,0.06535310639711944,0,20,1,0,True,0,1,0.0,,"{""profile_name"": ""complex_d02"", ""map_seed"": 20400621, ""query_seed"": 20401625}"
complex_s04_q0089,n3p_k1,Complex,d12_16,True,True,0.5216438809875399,224,15.90530761345091,15.19587190870289,0.04668608086527226,2,0.18943150179962095,0.07231262747276002,0,0,2,0,True,0,0,,,"{""profile_name"": ""complex_d02"", ""map_seed"": 20400621, ""query_seed"": 20401625}"
complex_s04_q0089,voronoi_waypoint,Complex,d12_16,True,True,0.4816445361357182,3,15.688070588373947,15.19587190870289,0.032390288798707756,0,0.16902239905148947,0.06290585208170008,0,0,0,0,False,,,,,"{""profile_name"": ""complex_d02"", ""map_seed"": 20400621, ""query_seed"": 20401625, ""waypoint_count"": 2}"
complex_s04_q0089,bottleneck_waypoint,Complex,d12_16,True,True,0.48316590394824743,3,15.684270161008692,15.19587190870289,0.032140192760251596,0,0.169063354565779,0.06208377122370107,0,0,0,0,False,,,,,"{""profile_name"": ""complex_d02"", ""map_seed"": 20400621, ""query_seed"": 20401625, ""waypoint_count"": 2, ""bottleneck_count"": 2}"
complex_s04_q0089,md_dqn,Complex,d12_16,False,False,0.16506069991737604,600,1.1250000000003482,15.19587190870289,,0,0.0,0.7974228123054949,0,0,0,0,False,,,,md_dqn_not_reached,"{""profile_name"": ""complex_d02"", ""map_seed"": 20400621, ""query_seed"": 20401625, ""md_dqn_source_dir"": ""/home/ubuntu/DQN10/2_experiment"", ""md_dqn_checkpoint_path"": ""/home/ubuntu/DQN10/2_experiment/ugv_dqn/outputs/2026-05-12_train_load_external_demo_smoke/models/realmap_a/mlp-dqn.pt"", ""md_dqn_algo"": ""mlp-dqn"", ""md_dqn_device"": ""cpu"", ""md_dqn_max_steps"": 600, ""md_dqn_rollout_steps"": 600, ""md_dqn_reached"": false}"
complex_s04_q0090,vanilla_ha,Complex,d16_20,False,False,2.5003533363342285,3030,,,,0,,,0,0,0,0,False,,,,timeout,"{""profile_name"": ""complex_d02"", ""map_seed"": 20400622, ""query_seed"": 20401622, ""evaluation_path_source"": ""planner_path"", ""planner_path_pose_count"": 0, ""evaluation_path_pose_count"": 0}"
complex_s04_q0090,f_n3p_knn,Complex,d16_20,True,True,0.02069177501834929,0,17.377647282339055,,,0,0.09269035259056972,0.1402418975919365,0,2,0,0,True,0,2,0.0,,"{""profile_name"": ""complex_d02"", ""map_seed"": 20400622, ""query_seed"": 20401622}"
complex_s04_q0090,n3p_k1,Complex,d16_20,False,False,4.208634326001629,5070,,,,0,,,0,0,2,1,True,0,0,,f2_failed:prediction:goal_in_collision;goal:timeout;f3_failed:timeout,"{""profile_name"": ""complex_d02"", ""map_seed"": 20400622, ""query_seed"": 20401622}"
complex_s04_q0090,voronoi_waypoint,Complex,d16_20,True,True,0.6252159459982067,4,18.148540163777472,,,2,0.23001322956856723,0.12574661164532208,0,0,0,0,False,,,,,"{""profile_name"": ""complex_d02"", ""map_seed"": 20400622, ""query_seed"": 20401622, ""waypoint_count"": 3}"
complex_s04_q0090,bottleneck_waypoint,Complex,d16_20,True,True,0.6219806750304997,4,18.68143464461297,,,2,0.17415916443266613,0.17444447644471905,0,0,0,0,False,,,,,"{""profile_name"": ""complex_d02"", ""map_seed"": 20400622, ""query_seed"": 20401622, ""waypoint_count"": 3, ""bottleneck_count"": 3}"
complex_s04_q0090,md_dqn,Complex,d16_20,False,False,0.23067346308380365,406,5.366249999999973,,,1,0.2733468181289691,0.13002923855354653,0,0,0,0,False,,,,md_dqn_not_reached,"{""profile_name"": ""complex_d02"", ""map_seed"": 20400622, ""query_seed"": 20401622, ""md_dqn_source_dir"": ""/home/ubuntu/DQN10/2_experiment"", ""md_dqn_checkpoint_path"": ""/home/ubuntu/DQN10/2_experiment/ugv_dqn/outputs/2026-05-12_train_load_external_demo_smoke/models/realmap_a/mlp-dqn.pt"", ""md_dqn_algo"": ""mlp-dqn"", ""md_dqn_device"": ""cpu"", ""md_dqn_max_steps"": 600, ""md_dqn_rollout_steps"": 406, ""md_dqn_reached"": false}"
complex_s04_q0091,vanilla_ha,Complex,d20_inf,True,True,1.6031694412231445,2281,32.80572699765463,,,0,0.24340017903925815,0.07463375585584242,0,0,0,0,False,,,,,"{""profile_name"": ""complex_d02"", ""map_seed"": 20400622, ""query_seed"": 20401623, ""evaluation_path_source"": ""trace_poses"", ""planner_path_pose_count"": 80, ""evaluation_path_pose_count"": 330}"
complex_s04_q0091,f_n3p_knn,Complex,d20_inf,True,True,0.03283279901370406,0,32.99248123748761,32.80572699765463,0.005692732852600191,0,0.09033251987741317,0.19191078851585297,0,3,0,0,True,3,4,0.75,,"{""profile_name"": ""complex_d02"", ""map_seed"": 20400622, ""query_seed"": 20401623}"
complex_s04_q0091,n3p_k1,Complex,d20_inf,True,True,0.17210031510330737,7,31.805514249276904,32.80572699765463,-0.030488967625964647,0,0.041275897475219585,0.08762273296135226,0,0,1,0,True,2,2,1.0,,"{""profile_name"": ""complex_d02"", ""map_seed"": 20400622, ""query_seed"": 20401623}"
complex_s04_q0091,voronoi_waypoint,Complex,d20_inf,True,True,1.059653151081875,11,33.37299305509842,32.80572699765463,0.017291677684336815,0,0.18801863283603215,0.12919928272100611,0,0,0,0,False,,,,,"{""profile_name"": ""complex_d02"", ""map_seed"": 20400622, ""query_seed"": 20401623, ""waypoint_count"": 6}"
complex_s04_q0091,bottleneck_waypoint,Complex,d20_inf,True,True,0.917672315146774,6,33.61921173160293,32.80572699765463,0.024797034188769995,0,0.15732023452332036,0.5608485591473975,0,0,0,0,False,,,,,"{""profile_name"": ""complex_d02"", ""map_seed"": 20400622, ""query_seed"": 20401623, ""waypoint_count"": 5, ""bottleneck_count"": 5}"
complex_s04_q0091,md_dqn,Complex,d20_inf,False,False,0.18684437195770442,415,1.5299999999999836,32.80572699765463,,2,0.8276658877740194,0.4839551327471433,0,0,0,0,False,,,,md_dqn_not_reached,"{""profile_name"": ""complex_d02"", ""map_seed"": 20400622, ""query_seed"": 20401623, ""md_dqn_source_dir"": ""/home/ubuntu/DQN10/2_experiment"", ""md_dqn_checkpoint_path"": ""/home/ubuntu/DQN10/2_experiment/ugv_dqn/outputs/2026-05-12_train_load_external_demo_smoke/models/realmap_a/mlp-dqn.pt"", ""md_dqn_algo"": ""mlp-dqn"", ""md_dqn_device"": ""cpu"", ""md_dqn_max_steps"": 600, ""md_dqn_rollout_steps"": 415, ""md_dqn_reached"": false}"
complex_s04_q0092,vanilla_ha,Complex,d08_12,True,True,0.1490187644958496,1,11.335784048754633,,,0,0.0,0.23990287024915824,0,0,0,0,False,,,,,"{""profile_name"": ""complex_d02"", ""map_seed"": 20400622, ""query_seed"": 20401624, ""evaluation_path_source"": ""trace_poses"", ""planner_path_pose_count"": 2, ""evaluation_path_pose_count"": 115}"
complex_s04_q0092,f_n3p_knn,Complex,d08_12,True,True,0.0005076690576970577,0,11.335784048754633,11.335784048754633,0.0,0,0.0,0.23990287024916013,0,0,0,0,False,0,0,,,"{""profile_name"": ""complex_d02"", ""map_seed"": 20400622, ""query_seed"": 20401624}"
complex_s04_q0092,n3p_k1,Complex,d08_12,True,True,0.0004929220303893089,0,11.335784048754633,11.335784048754633,0.0,0,0.0,0.23990287024916013,0,0,0,0,False,0,0,,,"{""profile_name"": ""complex_d02"", ""map_seed"": 20400622, ""query_seed"": 20401624}"
complex_s04_q0092,voronoi_waypoint,Complex,d08_12,True,True,0.33193654101341963,2,11.351101622373308,11.335784048754633,0.0013512584178381193,0,0.023459403573862534,0.32601537363070865,0,0,0,0,False,,,,,"{""profile_name"": ""complex_d02"", ""map_seed"": 20400622, ""query_seed"": 20401624, ""waypoint_count"": 1}"
complex_s04_q0092,bottleneck_waypoint,Complex,d08_12,True,True,0.3378471040632576,2,11.347430005660538,11.335784048754633,0.0010273622764704893,0,0.05135514780909613,0.23960798293122032,0,0,0,0,False,,,,,"{""profile_name"": ""complex_d02"", ""map_seed"": 20400622, ""query_seed"": 20401624, ""waypoint_count"": 1, ""bottleneck_count"": 1}"
complex_s04_q0092,md_dqn,Complex,d08_12,False,False,0.35884669539518654,600,1.1250000000000124,11.335784048754633,,0,0.8286550898948792,1.9520813869305895,0,0,0,0,False,,,,md_dqn_not_reached,"{""profile_name"": ""complex_d02"", ""map_seed"": 20400622, ""query_seed"": 20401624, ""md_dqn_source_dir"": ""/home/ubuntu/DQN10/2_experiment"", ""md_dqn_checkpoint_path"": ""/home/ubuntu/DQN10/2_experiment/ugv_dqn/outputs/2026-05-12_train_load_external_demo_smoke/models/realmap_a/mlp-dqn.pt"", ""md_dqn_algo"": ""mlp-dqn"", ""md_dqn_device"": ""cpu"", ""md_dqn_max_steps"": 600, ""md_dqn_rollout_steps"": 600, ""md_dqn_reached"": false}"
complex_s04_q0093,vanilla_ha,Complex,d12_16,True,True,0.1490788459777832,1,13.446932735757997,,,0,0.0,0.46581316077049384,0,0,0,0,False,,,,,"{""profile_name"": ""complex_d02"", ""map_seed"": 20400622, ""query_seed"": 20401625, ""evaluation_path_source"": ""trace_poses"", ""planner_path_pose_count"": 2, ""evaluation_path_pose_count"": 136}"
complex_s04_q0093,f_n3p_knn,Complex,d12_16,True,True,0.0005789559800177813,0,13.446932735757997,13.446932735757997,0.0,0,3.302531652211985e-17,0.46581316077049384,0,0,0,0,False,0,0,,,"{""profile_name"": ""complex_d02"", ""map_seed"": 20400622, ""query_seed"": 20401625}"
complex_s04_q0093,n3p_k1,Complex,d12_16,True,True,0.0005487839225679636,0,13.446932735757997,13.446932735757997,0.0,0,3.302531652211985e-17,0.46581316077049384,0,0,0,0,False,0,0,,,"{""profile_name"": ""complex_d02"", ""map_seed"": 20400622, ""query_seed"": 20401625}"
complex_s04_q0093,voronoi_waypoint,Complex,d12_16,True,True,0.4741479861550033,3,14.002027476629737,13.446932735757997,0.04128039842094511,0,0.19175542268082954,0.4647756269574804,0,0,0,0,False,,,,,"{""profile_name"": ""complex_d02"", ""map_seed"": 20400622, ""query_seed"": 20401625, ""waypoint_count"": 2}"
complex_s04_q0093,bottleneck_waypoint,Complex,d12_16,True,True,0.47763066086918116,3,13.630519653545685,13.446932735757997,0.01365269845512751,0,0.1589643086052399,0.5074852080733613,0,0,0,0,False,,,,,"{""profile_name"": ""complex_d02"", ""map_seed"": 20400622, ""query_seed"": 20401625, ""waypoint_count"": 2, ""bottleneck_count"": 2}"
complex_s04_q0093,md_dqn,Complex,d12_16,False,False,0.60814861766994,474,1.7100000000000013,13.446932735757997,,2,0.7307693858950318,0.47317903857341714,0,0,0,0,False,,,,md_dqn_not_reached,"{""profile_name"": ""complex_d02"", ""map_seed"": 20400622, ""query_seed"": 20401625, ""md_dqn_source_dir"": ""/home/ubuntu/DQN10/2_experiment"", ""md_dqn_checkpoint_path"": ""/home/ubuntu/DQN10/2_experiment/ugv_dqn/outputs/2026-05-12_train_load_external_demo_smoke/models/realmap_a/mlp-dqn.pt"", ""md_dqn_algo"": ""mlp-dqn"", ""md_dqn_device"": ""cpu"", ""md_dqn_max_steps"": 600, ""md_dqn_rollout_steps"": 474, ""md_dqn_reached"": false}"
complex_s04_q0094,vanilla_ha,Complex,d16_20,True,True,0.17024612426757812,41,16.46788468897396,,,0,0.0890710228528307,0.12371617659239198,0,0,0,0,False,,,,,"{""profile_name"": ""complex_d02"", ""map_seed"": 20400622, ""query_seed"": 20401626, ""evaluation_path_source"": ""trace_poses"", ""planner_path_pose_count"": 20, ""evaluation_path_pose_count"": 167}"
complex_s04_q0094,f_n3p_knn,Complex,d16_20,True,True,0.01929779606871307,0,17.415279309654412,16.46788468897396,0.05752983085403662,0,0.11141993088185793,0.21257581245388435,0,1,0,0,True,1,2,0.5,,"{""profile_name"": ""complex_d02"", ""map_seed"": 20400622, ""query_seed"": 20401626}"
complex_s04_q0094,n3p_k1,Complex,d16_20,True,True,0.2098631369881332,64,16.6750079798264,16.46788468897396,0.01257740716335709,0,0.1366600391698818,0.08672441424965105,0,0,1,0,True,0,0,,,"{""profile_name"": ""complex_d02"", ""map_seed"": 20400622, ""query_seed"": 20401626}"
complex_s04_q0094,voronoi_waypoint,Complex,d16_20,True,True,0.6498376859817654,4,19.081021426537102,16.46788468897396,0.1586807769739098,3,0.2955043726394135,0.5357245174609974,0,0,0,0,False,,,,,"{""profile_name"": ""complex_d02"", ""map_seed"": 20400622, ""query_seed"": 20401626, ""waypoint_count"": 3}"
complex_s04_q0094,bottleneck_waypoint,Complex,d16_20,True,True,0.5127038659993559,3,17.67634531883488,16.46788468897396,0.07338286930500804,2,0.25686127092823136,0.665139773749037,0,0,0,0,False,,,,,"{""profile_name"": ""complex_d02"", ""map_seed"": 20400622, ""query_seed"": 20401626, ""waypoint_count"": 2, ""bottleneck_count"": 2}"
complex_s04_q0094,md_dqn,Complex,d16_20,False,False,0.612175916088745,445,1.6106249999999995,16.46788468897396,,1,0.8062342486836092,0.3933827139787469,0,0,0,0,False,,,,md_dqn_not_reached,"{""profile_name"": ""complex_d02"", ""map_seed"": 20400622, ""query_seed"": 20401626, ""md_dqn_source_dir"": ""/home/ubuntu/DQN10/2_experiment"", ""md_dqn_checkpoint_path"": ""/home/ubuntu/DQN10/2_experiment/ugv_dqn/outputs/2026-05-12_train_load_external_demo_smoke/models/realmap_a/mlp-dqn.pt"", ""md_dqn_algo"": ""mlp-dqn"", ""md_dqn_device"": ""cpu"", ""md_dqn_max_steps"": 600, ""md_dqn_rollout_steps"": 445, ""md_dqn_reached"": false}"
complex_s04_q0095,vanilla_ha,Complex,d20_inf,True,True,0.3215498924255371,369,29.174244137992424,,,0,0.20691518906455572,0.05954476330389963,0,0,0,0,False,,,,,"{""profile_name"": ""complex_d02"", ""map_seed"": 20400623, ""query_seed"": 20401623, ""evaluation_path_source"": ""trace_poses"", ""planner_path_pose_count"": 68, ""evaluation_path_pose_count"": 294}"
complex_s04_q0095,f_n3p_knn,Complex,d20_inf,True,True,0.03819650807417929,0,28.812364273845677,29.174244137992424,-0.012404087058265456,0,0.07867134268742661,0.07076476175770097,0,2,0,0,True,3,4,0.75,,"{""profile_name"": ""complex_d02"", ""map_seed"": 20400623, ""query_seed"": 20401623}"
complex_s04_q0095,n3p_k1,Complex,d20_inf,True,True,0.3278345977887511,4,32.64022479942811,29.174244137992424,0.11880275783810568,2,0.28538070776602537,0.10376678092888869,0,0,2,0,True,2,2,1.0,,"{""profile_name"": ""complex_d02"", ""map_seed"": 20400623, ""query_seed"": 20401623}"
complex_s04_q0095,voronoi_waypoint,Complex,d20_inf,True,True,1.1022678359877318,254,29.531119247483147,29.174244137992424,0.01223254003780605,0,0.23860283070687627,0.12627710491554234,0,0,0,0,False,,,,,"{""profile_name"": ""complex_d02"", ""map_seed"": 20400623, ""query_seed"": 20401623, ""waypoint_count"": 5}"
complex_s04_q0095,bottleneck_waypoint,Complex,d20_inf,True,True,1.0525754599366337,7,29.43083345354849,29.174244137992424,0.008795063013198101,0,0.19688561546604272,0.37658190966794636,0,0,0,0,False,,,,,"{""profile_name"": ""complex_d02"", ""map_seed"": 20400623, ""query_seed"": 20401623, ""waypoint_count"": 6, ""bottleneck_count"": 6}"
complex_s04_q0095,md_dqn,Complex,d20_inf,False,False,0.39947058935649693,600,1.1250000000000029,29.174244137992424,,0,0.8385645564237235,0.650312754867787,0,0,0,0,False,,,,md_dqn_not_reached,"{""profile_name"": ""complex_d02"", ""map_seed"": 20400623, ""query_seed"": 20401623, ""md_dqn_source_dir"": ""/home/ubuntu/DQN10/2_experiment"", ""md_dqn_checkpoint_path"": ""/home/ubuntu/DQN10/2_experiment/ugv_dqn/outputs/2026-05-12_train_load_external_demo_smoke/models/realmap_a/mlp-dqn.pt"", ""md_dqn_algo"": ""mlp-dqn"", ""md_dqn_device"": ""cpu"", ""md_dqn_max_steps"": 600, ""md_dqn_rollout_steps"": 600, ""md_dqn_reached"": false}"
complex_s04_q0096,vanilla_ha,Complex,d08_12,True,True,0.15026307106018066,1,8.300602387778854,,,0,0.0,0.22474604668554665,0,0,0,0,False,,,,,"{""profile_name"": ""complex_d02"", ""map_seed"": 20400623, ""query_seed"": 20401624, ""evaluation_path_source"": ""trace_poses"", ""planner_path_pose_count"": 2, ""evaluation_path_pose_count"": 85}"
complex_s04_q0096,f_n3p_knn,Complex,d08_12,True,True,0.0003992440178990364,0,8.300602387778854,8.300602387778854,0.0,0,5.3500841156288116e-17,0.22474604668554665,0,0,0,0,False,0,0,,,"{""profile_name"": ""complex_d02"", ""map_seed"": 20400623, ""query_seed"": 20401624}"
complex_s04_q0096,n3p_k1,Complex,d08_12,True,True,0.00037859403528273106,0,8.300602387778854,8.300602387778854,0.0,0,5.3500841156288116e-17,0.22474604668554665,0,0,0,0,False,0,0,,,"{""profile_name"": ""complex_d02"", ""map_seed"": 20400623, ""query_seed"": 20401624}"
complex_s04_q0096,voronoi_waypoint,Complex,d08_12,True,True,0.3318216660991311,2,9.047496628069771,8.300602387778854,0.08998072734944929,0,0.31820586618135094,0.5777066492492873,0,0,0,0,False,,,,,"{""profile_name"": ""complex_d02"", ""map_seed"": 20400623, ""query_seed"": 20401624, ""waypoint_count"": 1}"
complex_s04_q0096,bottleneck_waypoint,Complex,d08_12,True,True,0.33357225405052304,2,8.528630076477446,8.300602387778854,0.027471221731367512,0,0.14709341876736226,0.5777066492492884,0,0,0,0,False,,,,,"{""profile_name"": ""complex_d02"", ""map_seed"": 20400623, ""query_seed"": 20401624, ""waypoint_count"": 1, ""bottleneck_count"": 1}"
complex_s04_q0096,md_dqn,Complex,d08_12,False,False,0.37882027542218566,600,1.1250000000000075,8.300602387778854,,0,0.8286550898948835,0.924527615656284,0,0,0,0,False,,,,md_dqn_not_reached,"{""profile_name"": ""complex_d02"", ""map_seed"": 20400623, ""query_seed"": 20401624, ""md_dqn_source_dir"": ""/home/ubuntu/DQN10/2_experiment"", ""md_dqn_checkpoint_path"": ""/home/ubuntu/DQN10/2_experiment/ugv_dqn/outputs/2026-05-12_train_load_external_demo_smoke/models/realmap_a/mlp-dqn.pt"", ""md_dqn_algo"": ""mlp-dqn"", ""md_dqn_device"": ""cpu"", ""md_dqn_max_steps"": 600, ""md_dqn_rollout_steps"": 600, ""md_dqn_reached"": false}"
complex_s04_q0097,vanilla_ha,Complex,d12_16,True,True,0.14921855926513672,1,14.461673485458034,,,0,0.0,0.47101854894816964,0,0,0,0,False,,,,,"{""profile_name"": ""complex_d02"", ""map_seed"": 20400623, ""query_seed"": 20401625, ""evaluation_path_source"": ""trace_poses"", ""planner_path_pose_count"": 2, ""evaluation_path_pose_count"": 146}"
complex_s04_q0097,f_n3p_knn,Complex,d12_16,True,True,0.0006125420331954956,0,14.461673485458034,14.461673485458034,0.0,0,0.0,0.47101854894816964,0,0,0,0,False,0,0,,,"{""profile_name"": ""complex_d02"", ""map_seed"": 20400623, ""query_seed"": 20401625}"
complex_s04_q0097,n3p_k1,Complex,d12_16,True,True,0.0006047668866813183,0,14.461673485458034,14.461673485458034,0.0,0,0.0,0.47101854894816964,0,0,0,0,False,0,0,,,"{""profile_name"": ""complex_d02"", ""map_seed"": 20400623, ""query_seed"": 20401625}"
complex_s04_q0097,voronoi_waypoint,Complex,d12_16,True,True,0.47293748799711466,3,15.415844562949482,14.461673485458034,0.0659792989000143,0,0.2724573411974769,0.9273175565926364,0,0,0,0,False,,,,,"{""profile_name"": ""complex_d02"", ""map_seed"": 20400623, ""query_seed"": 20401625, ""waypoint_count"": 2}"
complex_s04_q0097,bottleneck_waypoint,Complex,d12_16,True,True,0.475528224138543,3,14.662405301576577,14.461673485458034,0.013880261943431949,0,0.08205564118446929,0.5918414685607802,0,0,0,0,False,,,,,"{""profile_name"": ""complex_d02"", ""map_seed"": 20400623, ""query_seed"": 20401625, ""waypoint_count"": 2, ""bottleneck_count"": 2}"
complex_s04_q0097,md_dqn,Complex,d12_16,False,False,0.39563603000715375,600,1.1249999999995544,14.461673485458034,,0,0.0,1.3704723068366014,0,0,0,0,False,,,,md_dqn_not_reached,"{""profile_name"": ""complex_d02"", ""map_seed"": 20400623, ""query_seed"": 20401625, ""md_dqn_source_dir"": ""/home/ubuntu/DQN10/2_experiment"", ""md_dqn_checkpoint_path"": ""/home/ubuntu/DQN10/2_experiment/ugv_dqn/outputs/2026-05-12_train_load_external_demo_smoke/models/realmap_a/mlp-dqn.pt"", ""md_dqn_algo"": ""mlp-dqn"", ""md_dqn_device"": ""cpu"", ""md_dqn_max_steps"": 600, ""md_dqn_rollout_steps"": 600, ""md_dqn_reached"": false}"
complex_s04_q0098,vanilla_ha,Complex,d16_20,True,True,0.1748652458190918,49,18.72254167663905,,,0,0.121714202895195,0.05430090234452606,0,0,0,0,False,,,,,"{""profile_name"": ""complex_d02"", ""map_seed"": 20400623, ""query_seed"": 20401626, ""evaluation_path_source"": ""trace_poses"", ""planner_path_pose_count"": 8, ""evaluation_path_pose_count"": 190}"
complex_s04_q0098,f_n3p_knn,Complex,d16_20,True,True,0.016578264068812132,0,18.34873413029419,18.72254167663905,-0.019965641033197756,0,0.07818830964466049,0.10616922966002251,0,0,0,0,False,2,2,1.0,,"{""profile_name"": ""complex_d02"", ""map_seed"": 20400623, ""query_seed"": 20401626}"
complex_s04_q0098,n3p_k1,Complex,d16_20,True,True,0.008674026932567358,0,18.34873413029419,18.72254167663905,-0.019965641033197756,0,0.07818830964466049,0.10616922966002251,0,0,0,0,False,2,2,1.0,,"{""profile_name"": ""complex_d02"", ""map_seed"": 20400623, ""query_seed"": 20401626}"
complex_s04_q0098,voronoi_waypoint,Complex,d16_20,True,True,0.6874059529509395,46,19.124147787855147,18.72254167663905,0.021450405513969262,0,0.2768921688630347,0.07486329594019181,0,0,0,0,False,,,,,"{""profile_name"": ""complex_d02"", ""map_seed"": 20400623, ""query_seed"": 20401626, ""waypoint_count"": 3}"
complex_s04_q0098,bottleneck_waypoint,Complex,d16_20,True,True,0.5106634669937193,3,19.06837499509537,18.72254167663905,0.018471494118121212,3,0.13081765905926052,0.29161391647373447,0,0,0,0,False,,,,,"{""profile_name"": ""complex_d02"", ""map_seed"": 20400623, ""query_seed"": 20401626, ""waypoint_count"": 2, ""bottleneck_count"": 2}"
complex_s04_q0098,md_dqn,Complex,d16_20,False,False,0.3901879424229264,600,1.1250000000000189,18.72254167663905,,0,0.8385645564237116,0.303918255752501,0,0,0,0,False,,,,md_dqn_not_reached,"{""profile_name"": ""complex_d02"", ""map_seed"": 20400623, ""query_seed"": 20401626, ""md_dqn_source_dir"": ""/home/ubuntu/DQN10/2_experiment"", ""md_dqn_checkpoint_path"": ""/home/ubuntu/DQN10/2_experiment/ugv_dqn/outputs/2026-05-12_train_load_external_demo_smoke/models/realmap_a/mlp-dqn.pt"", ""md_dqn_algo"": ""mlp-dqn"", ""md_dqn_device"": ""cpu"", ""md_dqn_max_steps"": 600, ""md_dqn_rollout_steps"": 600, ""md_dqn_reached"": false}"
complex_s04_q0099,vanilla_ha,Complex,d20_inf,False,False,2.5004003047943115,5729,,,,0,,,0,0,0,0,False,,,,timeout,"{""profile_name"": ""complex_d02"", ""map_seed"": 20400623, ""query_seed"": 20401627, ""evaluation_path_source"": ""planner_path"", ""planner_path_pose_count"": 0, ""evaluation_path_pose_count"": 0}"
complex_s04_q0099,f_n3p_knn,Complex,d20_inf,True,True,0.052553967805579305,0,30.05781354746036,,,0,0.07695528338502876,0.1274346240983647,0,14,0,0,True,1,6,0.16666666666666666,,"{""profile_name"": ""complex_d02"", ""map_seed"": 20400623, ""query_seed"": 20401627}"
complex_s04_q0099,n3p_k1,Complex,d20_inf,False,False,3.4680658848956227,7825,,,,0,,,0,0,1,1,True,0,0,,f2_failed:prediction:goal_in_collision;goal:node_budget_exhausted;f3_failed:timeout,"{""profile_name"": ""complex_d02"", ""map_seed"": 20400623, ""query_seed"": 20401627}"
complex_s04_q0099,voronoi_waypoint,Complex,d20_inf,True,True,0.9958806040231138,112,33.387630825458,,,2,0.17073622821286805,0.06790592478244073,0,0,0,0,False,,,,,"{""profile_name"": ""complex_d02"", ""map_seed"": 20400623, ""query_seed"": 20401627, ""waypoint_count"": 5}"
complex_s04_q0099,bottleneck_waypoint,Complex,d20_inf,True,True,1.048393370816484,7,32.956584061642275,,,0,0.1648912910110536,0.16245237277319058,0,0,0,0,False,,,,,"{""profile_name"": ""complex_d02"", ""map_seed"": 20400623, ""query_seed"": 20401627, ""waypoint_count"": 6, ""bottleneck_count"": 6}"
complex_s04_q0099,md_dqn,Complex,d20_inf,False,False,0.39938162034377456,600,1.1249999999999836,,,0,0.8286550898949014,1.498859364573686,0,0,0,0,False,,,,md_dqn_not_reached,"{""profile_name"": ""complex_d02"", ""map_seed"": 20400623, ""query_seed"": 20401627, ""md_dqn_source_dir"": ""/home/ubuntu/DQN10/2_experiment"", ""md_dqn_checkpoint_path"": ""/home/ubuntu/DQN10/2_experiment/ugv_dqn/outputs/2026-05-12_train_load_external_demo_smoke/models/realmap_a/mlp-dqn.pt"", ""md_dqn_algo"": ""mlp-dqn"", ""md_dqn_device"": ""cpu"", ""md_dqn_max_steps"": 600, ""md_dqn_rollout_steps"": 600, ""md_dqn_reached"": false}"
extreme_s00_q0000,vanilla_ha,Extreme,d08_12,True,True,0.26259326934814453,155,10.17961344592847,,,0,0.3093553772927387,0.08452487425444721,0,0,0,0,False,,,,,"{""profile_name"": ""extreme_d03"", ""map_seed"": 20460620, ""query_seed"": 20461620, ""evaluation_path_source"": ""trace_poses"", ""planner_path_pose_count"": 29, ""evaluation_path_pose_count"": 103}"
extreme_s00_q0000,f_n3p_knn,Extreme,d08_12,True,True,0.019090085988864303,0,11.121098729200693,10.17961344592847,0.09248733149575417,3,0.253275441574211,0.08592127186928544,0,4,0,0,True,0,2,0.0,,"{""profile_name"": ""extreme_d03"", ""map_seed"": 20460620, ""query_seed"": 20461620}"
extreme_s00_q0000,n3p_k1,Extreme,d08_12,True,True,0.15790532692335546,7,10.08546418903281,10.17961344592847,-0.009248804720901949,0,0.1014574699391098,0.08452487425444721,0,0,1,0,True,0,0,,,"{""profile_name"": ""extreme_d03"", ""map_seed"": 20460620, ""query_seed"": 20461620}"
extreme_s00_q0000,voronoi_waypoint,Extreme,d08_12,True,True,0.33696757699362934,11,10.341752169853695,10.17961344592847,0.015927787905352542,0,0.29591013500502966,0.08452487425444721,0,0,0,0,False,,,,,"{""profile_name"": ""extreme_d03"", ""map_seed"": 20460620, ""query_seed"": 20461620, ""waypoint_count"": 1}"
extreme_s00_q0000,bottleneck_waypoint,Extreme,d08_12,True,True,0.3389225620776415,6,10.462539827559358,10.17961344592847,0.02779343077551233,0,0.19435714189117503,0.08536825044935337,0,0,0,0,False,,,,,"{""profile_name"": ""extreme_d03"", ""map_seed"": 20460620, ""query_seed"": 20461620, ""waypoint_count"": 1, ""bottleneck_count"": 1}"
extreme_s00_q0000,md_dqn,Extreme,d08_12,False,False,0.001988509902730584,1,0.0037499999999988445,10.17961344592847,,0,0.08734630124017752,0.17411848431878074,0,0,0,0,False,,,,md_dqn_not_reached,"{""profile_name"": ""extreme_d03"", ""map_seed"": 20460620, ""query_seed"": 20461620, ""md_dqn_source_dir"": ""/home/ubuntu/DQN10/2_experiment"", ""md_dqn_checkpoint_path"": ""/home/ubuntu/DQN10/2_experiment/ugv_dqn/outputs/2026-05-12_train_load_external_demo_smoke/models/realmap_a/mlp-dqn.pt"", ""md_dqn_algo"": ""mlp-dqn"", ""md_dqn_device"": ""cpu"", ""md_dqn_max_steps"": 600, ""md_dqn_rollout_steps"": 1, ""md_dqn_reached"": false}"
extreme_s00_q0001,vanilla_ha,Extreme,d12_16,True,True,0.1984405517578125,67,15.035791157749184,,,0,0.13330867822344128,0.15733938216274623,0,0,0,0,False,,,,,"{""profile_name"": ""extreme_d04"", ""map_seed"": 20460620, ""query_seed"": 20461621, ""evaluation_path_source"": ""trace_poses"", ""planner_path_pose_count"": 27, ""evaluation_path_pose_count"": 153}"
extreme_s00_q0001,f_n3p_knn,Extreme,d12_16,True,True,0.018589894054457545,0,14.89039681745264,15.035791157749184,-0.00966988293273885,0,0.1285506106903924,0.17807543065139086,0,2,0,0,True,1,2,0.5,,"{""profile_name"": ""extreme_d04"", ""map_seed"": 20460620, ""query_seed"": 20461621}"
extreme_s00_q0001,n3p_k1,Extreme,d12_16,True,True,0.16736278613097966,1,14.817205644539738,15.035791157749184,-0.014537679521891334,0,0.12452796385984696,0.11125783772771192,0,0,1,0,True,1,1,1.0,,"{""profile_name"": ""extreme_d04"", ""map_seed"": 20460620, ""query_seed"": 20461621}"
extreme_s00_q0001,voronoi_waypoint,Extreme,d12_16,True,True,0.5036634439602494,3,16.121828045319027,15.035791157749184,0.07223011254782685,0,0.15165032481244495,0.2936244389608388,0,0,0,0,False,,,,,"{""profile_name"": ""extreme_d04"", ""map_seed"": 20460620, ""query_seed"": 20461621, ""waypoint_count"": 2}"
extreme_s00_q0001,bottleneck_waypoint,Extreme,d12_16,True,True,0.6573411808349192,4,16.394305446512647,15.035791157749184,0.09035203232809663,0,0.2120983618833711,0.29489627726978473,0,0,0,0,False,,,,,"{""profile_name"": ""extreme_d04"", ""map_seed"": 20460620, ""query_seed"": 20461621, ""waypoint_count"": 3, ""bottleneck_count"": 3}"
extreme_s00_q0001,md_dqn,Extreme,d12_16,False,False,0.3706689740065485,147,0.49687500000000917,15.035791157749184,,2,0.5653025396788417,0.25057985507597524,0,0,0,0,False,,,,md_dqn_not_reached,"{""profile_name"": ""extreme_d04"", ""map_seed"": 20460620, ""query_seed"": 20461621, ""md_dqn_source_dir"": ""/home/ubuntu/DQN10/2_experiment"", ""md_dqn_checkpoint_path"": ""/home/ubuntu/DQN10/2_experiment/ugv_dqn/outputs/2026-05-12_train_load_external_demo_smoke/models/realmap_a/mlp-dqn.pt"", ""md_dqn_algo"": ""mlp-dqn"", ""md_dqn_device"": ""cpu"", ""md_dqn_max_steps"": 600, ""md_dqn_rollout_steps"": 147, ""md_dqn_reached"": false}"
extreme_s00_q0002,vanilla_ha,Extreme,d16_20,True,True,0.9172959327697754,2177,18.992408823043597,,,0,0.1031227106965881,0.10951315490049862,0,0,0,0,False,,,,,"{""profile_name"": ""extreme_d05"", ""map_seed"": 20460620, ""query_seed"": 20461622, ""evaluation_path_source"": ""trace_poses"", ""planner_path_pose_count"": 13, ""evaluation_path_pose_count"": 192}"
extreme_s00_q0002,f_n3p_knn,Extreme,d16_20,True,True,0.6315138970967382,727,19.24208567645755,18.992408823043597,0.013146139372854027,2,0.18904414921575166,0.11014496640993454,0,23,1,0,True,0,2,0.0,,"{""profile_name"": ""extreme_d05"", ""map_seed"": 20460620, ""query_seed"": 20461622}"
extreme_s00_q0002,n3p_k1,Extreme,d16_20,True,True,1.6230634020175785,4177,18.992408823043597,18.992408823043597,0.0,0,0.1031227106965881,0.10951315490049862,0,0,1,1,True,0,0,,,"{""profile_name"": ""extreme_d05"", ""map_seed"": 20460620, ""query_seed"": 20461622}"
extreme_s00_q0002,voronoi_waypoint,Extreme,d16_20,True,True,0.6765610610600561,70,21.190145241252562,18.992408823043597,0.1157165706933625,2,0.35238416815396517,0.1014540823005099,0,0,0,0,False,,,,,"{""profile_name"": ""extreme_d05"", ""map_seed"": 20460620, ""query_seed"": 20461622, ""waypoint_count"": 3}"
extreme_s00_q0002,bottleneck_waypoint,Extreme,d16_20,True,True,0.6228053641971201,4,19.66204060463462,18.992408823043597,0.03525786475165571,0,0.12480907926878433,0.10879483223581865,0,0,0,0,False,,,,,"{""profile_name"": ""extreme_d05"", ""map_seed"": 20460620, ""query_seed"": 20461622, ""waypoint_count"": 3, ""bottleneck_count"": 3}"
extreme_s00_q0002,md_dqn,Extreme,d16_20,False,False,0.8593033424112946,583,2.0006249999999755,18.992408823043597,,1,0.7012629891864232,0.3760752186611287,0,0,0,0,False,,,,md_dqn_not_reached,"{""profile_name"": ""extreme_d05"", ""map_seed"": 20460620, ""query_seed"": 20461622, ""md_dqn_source_dir"": ""/home/ubuntu/DQN10/2_experiment"", ""md_dqn_checkpoint_path"": ""/home/ubuntu/DQN10/2_experiment/ugv_dqn/outputs/2026-05-12_train_load_external_demo_smoke/models/realmap_a/mlp-dqn.pt"", ""md_dqn_algo"": ""mlp-dqn"", ""md_dqn_device"": ""cpu"", ""md_dqn_max_steps"": 600, ""md_dqn_rollout_steps"": 583, ""md_dqn_reached"": false}"
extreme_s00_q0003,vanilla_ha,Extreme,d20_inf,True,True,0.4975569248199463,873,28.37782463252002,,,0,0.15776346576678577,0.07188604538983911,0,0,0,0,False,,,,,"{""profile_name"": ""extreme_d06"", ""map_seed"": 20460620, ""query_seed"": 20461623, ""evaluation_path_source"": ""trace_poses"", ""planner_path_pose_count"": 37, ""evaluation_path_pose_count"": 286}"
extreme_s00_q0003,f_n3p_knn,Extreme,d20_inf,True,True,0.03689639503136277,0,28.987173337052642,28.37782463252002,0.02147270667936718,0,0.08805767422137183,0.07301094734675329,0,14,0,0,True,0,4,0.0,,"{""profile_name"": ""extreme_d06"", ""map_seed"": 20460620, ""query_seed"": 20461623}"
extreme_s00_q0003,n3p_k1,Extreme,d20_inf,True,True,0.2543027868960053,83,28.53458069248299,28.37782463252002,0.0055238927575629315,2,0.13749603674968172,0.07188604538983911,0,0,1,0,True,2,2,1.0,,"{""profile_name"": ""extreme_d06"", ""map_seed"": 20460620, ""query_seed"": 20461623}"
extreme_s00_q0003,voronoi_waypoint,Extreme,d20_inf,True,True,0.994401543866843,22,28.412500169114903,28.37782463252002,0.001221923704297856,0,0.21504947701299215,0.0545278080365999,0,0,0,0,False,,,,,"{""profile_name"": ""extreme_d06"", ""map_seed"": 20460620, ""query_seed"": 20461623, ""waypoint_count"": 5}"
extreme_s00_q0003,bottleneck_waypoint,Extreme,d20_inf,True,True,1.1312744070310146,7,28.904588282140995,28.37782463252002,0.01856250986262431,0,0.23661471223762998,0.2508613859789943,0,0,0,0,False,,,,,"{""profile_name"": ""extreme_d06"", ""map_seed"": 20460620, ""query_seed"": 20461623, ""waypoint_count"": 6, ""bottleneck_count"": 6}"
extreme_s00_q0003,md_dqn,Extreme,d20_inf,False,False,0.19079976482316852,221,14.346250000000008,28.37782463252002,,1,0.19919807917037025,0.11621647784782796,0,0,0,0,False,,,,md_dqn_not_reached,"{""profile_name"": ""extreme_d06"", ""map_seed"": 20460620, ""query_seed"": 20461623, ""md_dqn_source_dir"": ""/home/ubuntu/DQN10/2_experiment"", ""md_dqn_checkpoint_path"": ""/home/ubuntu/DQN10/2_experiment/ugv_dqn/outputs/2026-05-12_train_load_external_demo_smoke/models/realmap_a/mlp-dqn.pt"", ""md_dqn_algo"": ""mlp-dqn"", ""md_dqn_device"": ""cpu"", ""md_dqn_max_steps"": 600, ""md_dqn_rollout_steps"": 221, ""md_dqn_reached"": false}"
extreme_s00_q0004,vanilla_ha,Extreme,d08_12,True,True,0.2566556930541992,139,11.855692447970453,,,0,0.10228693107276027,0.08174963227790422,0,0,0,0,False,,,,,"{""profile_name"": ""extreme_d07"", ""map_seed"": 20460620, ""query_seed"": 20461624, ""evaluation_path_source"": ""trace_poses"", ""planner_path_pose_count"": 18, ""evaluation_path_pose_count"": 122}"
extreme_s00_q0004,f_n3p_knn,Extreme,d08_12,True,True,0.012913119979202747,0,11.82308553521606,11.855692447970453,-0.002750317022602422,0,0.018548337605200544,0.25382675126988696,0,8,0,0,True,0,1,0.0,,"{""profile_name"": ""extreme_d07"", ""map_seed"": 20460620, ""query_seed"": 20461624}"
extreme_s00_q0004,n3p_k1,Extreme,d08_12,True,True,0.20890894602052867,57,11.828977128583867,11.855692447970453,-0.0022533748664472775,0,0.10316117500945178,0.06379907840544058,0,0,1,0,True,0,0,,,"{""profile_name"": ""extreme_d07"", ""map_seed"": 20460620, ""query_seed"": 20461624}"
extreme_s00_q0004,voronoi_waypoint,Extreme,d08_12,True,True,0.5032515961211175,3,12.024379437559967,11.855692447970453,0.014228354044254043,0,0.17793117312633475,0.2876893581487241,0,0,0,0,False,,,,,"{""profile_name"": ""extreme_d07"", ""map_seed"": 20460620, ""query_seed"": 20461624, ""waypoint_count"": 2}"
extreme_s00_q0004,bottleneck_waypoint,Extreme,d08_12,True,True,0.3540302182082087,2,11.8459030157589,11.855692447970453,-0.0008257157694090411,0,0.04874632864099401,0.1993276272965464,0,0,0,0,False,,,,,"{""profile_name"": ""extreme_d07"", ""map_seed"": 20460620, ""query_seed"": 20461624, ""waypoint_count"": 1, ""bottleneck_count"": 1}"
extreme_s00_q0004,md_dqn,Extreme,d08_12,False,False,0.23087964579463005,449,2.2350000000000065,11.855692447970453,,1,0.5522282346652954,0.4275528033490894,0,0,0,0,False,,,,md_dqn_not_reached,"{""profile_name"": ""extreme_d07"", ""map_seed"": 20460620, ""query_seed"": 20461624, ""md_dqn_source_dir"": ""/home/ubuntu/DQN10/2_experiment"", ""md_dqn_checkpoint_path"": ""/home/ubuntu/DQN10/2_experiment/ugv_dqn/outputs/2026-05-12_train_load_external_demo_smoke/models/realmap_a/mlp-dqn.pt"", ""md_dqn_algo"": ""mlp-dqn"", ""md_dqn_device"": ""cpu"", ""md_dqn_max_steps"": 600, ""md_dqn_rollout_steps"": 449, ""md_dqn_reached"": false}"
extreme_s00_q0005,vanilla_ha,Extreme,d12_16,True,True,0.25636839866638184,161,13.752361269342584,,,0,0.31462369198861606,0.08748157953371449,0,0,0,0,False,,,,,"{""profile_name"": ""extreme_d03"", ""map_seed"": 20460621, ""query_seed"": 20461621, ""evaluation_path_source"": ""trace_poses"", ""planner_path_pose_count"": 35, ""evaluation_path_pose_count"": 139}"
extreme_s00_q0005,f_n3p_knn,Extreme,d12_16,True,True,0.020232484908774495,0,15.030306013771192,13.752361269342584,0.09292547798882089,2,0.21894462161030356,0.07520026501970578,0,13,0,0,True,0,2,0.0,,"{""profile_name"": ""extreme_d03"", ""map_seed"": 20460621, ""query_seed"": 20461621}"
extreme_s00_q0005,n3p_k1,Extreme,d12_16,True,True,0.46649516210891306,156,14.596871002047829,13.752361269342584,0.06140834407745421,2,0.21640954835078555,0.099138371558673,0,0,2,0,True,0,0,,,"{""profile_name"": ""extreme_d03"", ""map_seed"": 20460621, ""query_seed"": 20461621}"
extreme_s00_q0005,voronoi_waypoint,Extreme,d12_16,True,True,0.5060539641417563,3,15.02198322965671,13.752361269342584,0.09232028852706398,0,0.33248904317260386,0.08712525973926344,0,0,0,0,False,,,,,"{""profile_name"": ""extreme_d03"", ""map_seed"": 20460621, ""query_seed"": 20461621, ""waypoint_count"": 2}"
extreme_s00_q0005,bottleneck_waypoint,Extreme,d12_16,True,True,0.36391229508444667,10,13.569565405304209,13.752361269342584,-0.01329196204624672,0,0.09449743700405981,0.07986215574376099,0,0,0,0,False,,,,,"{""profile_name"": ""extreme_d03"", ""map_seed"": 20460621, ""query_seed"": 20461621, ""waypoint_count"": 1, ""bottleneck_count"": 1}"
extreme_s00_q0005,md_dqn,Extreme,d12_16,False,False,0.42299898876808584,532,29.719375000000014,13.752361269342584,,1,0.21012697390086513,0.10215324983905516,0,0,0,0,False,,,,md_dqn_not_reached,"{""profile_name"": ""extreme_d03"", ""map_seed"": 20460621, ""query_seed"": 20461621, ""md_dqn_source_dir"": ""/home/ubuntu/DQN10/2_experiment"", ""md_dqn_checkpoint_path"": ""/home/ubuntu/DQN10/2_experiment/ugv_dqn/outputs/2026-05-12_train_load_external_demo_smoke/models/realmap_a/mlp-dqn.pt"", ""md_dqn_algo"": ""mlp-dqn"", ""md_dqn_device"": ""cpu"", ""md_dqn_max_steps"": 600, ""md_dqn_rollout_steps"": 532, ""md_dqn_reached"": false}"
extreme_s00_q0006,vanilla_ha,Extreme,d16_20,True,True,0.1586296558380127,9,17.67234920855257,,,0,0.08744520920039807,0.16344556870036753,0,0,0,0,False,,,,,"{""profile_name"": ""extreme_d04"", ""map_seed"": 20460621, ""query_seed"": 20461622, ""evaluation_path_source"": ""trace_poses"", ""planner_path_pose_count"": 11, ""evaluation_path_pose_count"": 179}"
extreme_s00_q0006,f_n3p_knn,Extreme,d16_20,True,True,0.011084213154390454,0,17.628987747402338,17.67234920855257,-0.002453633110036546,0,0.026305695469667545,0.39309873934355144,0,0,0,0,False,1,1,1.0,,"{""profile_name"": ""extreme_d04"", ""map_seed"": 20460621, ""query_seed"": 20461622}"
extreme_s00_q0006,n3p_k1,Extreme,d16_20,True,True,0.01040382799692452,0,17.628987747402338,17.67234920855257,-0.002453633110036546,0,0.026305695469667545,0.39309873934355144,0,0,0,0,False,1,1,1.0,,"{""profile_name"": ""extreme_d04"", ""map_seed"": 20460621, ""query_seed"": 20461622}"
extreme_s00_q0006,voronoi_waypoint,Extreme,d16_20,True,True,0.622836577007547,4,19.753912482722768,17.67234920855257,0.1177864498718042,0,0.29105600474675314,0.25038581599462517,0,0,0,0,False,,,,,"{""profile_name"": ""extreme_d04"", ""map_seed"": 20460621, ""query_seed"": 20461622, ""waypoint_count"": 3}"
extreme_s00_q0006,bottleneck_waypoint,Extreme,d16_20,True,True,0.6238290949258953,4,19.083647397448203,17.67234920855257,0.07985911619563457,0,0.2761872799545197,0.41651666627203787,0,0,0,0,False,,,,,"{""profile_name"": ""extreme_d04"", ""map_seed"": 20460621, ""query_seed"": 20461622, ""waypoint_count"": 3, ""bottleneck_count"": 3}"
extreme_s00_q0006,md_dqn,Extreme,d16_20,False,False,0.39005794236436486,600,2.2500000000000475,17.67234920855257,,0,0.08734630124014885,0.5731393240435081,0,0,0,0,False,,,,md_dqn_not_reached,"{""profile_name"": ""extreme_d04"", ""map_seed"": 20460621, ""query_seed"": 20461622, ""md_dqn_source_dir"": ""/home/ubuntu/DQN10/2_experiment"", ""md_dqn_checkpoint_path"": ""/home/ubuntu/DQN10/2_experiment/ugv_dqn/outputs/2026-05-12_train_load_external_demo_smoke/models/realmap_a/mlp-dqn.pt"", ""md_dqn_algo"": ""mlp-dqn"", ""md_dqn_device"": ""cpu"", ""md_dqn_max_steps"": 600, ""md_dqn_rollout_steps"": 600, ""md_dqn_reached"": false}"
extreme_s00_q0007,vanilla_ha,Extreme,d20_inf,True,True,0.7052493095397949,809,22.858429089321632,,,0,0.20797439366109768,0.17068762820607175,0,0,0,0,False,,,,,"{""profile_name"": ""extreme_d05"", ""map_seed"": 20460621, ""query_seed"": 20461623, ""evaluation_path_source"": ""trace_poses"", ""planner_path_pose_count"": 65, ""evaluation_path_pose_count"": 231}"
extreme_s00_q0007,f_n3p_knn,Extreme,d20_inf,True,True,0.04034357494674623,0,22.64085727201356,22.858429089321632,-0.009518231391050014,2,0.1328882964186159,0.07227129955511158,0,30,0,0,True,1,4,0.25,,"{""profile_name"": ""extreme_d05"", ""map_seed"": 20460621, ""query_seed"": 20461623}"
extreme_s00_q0007,n3p_k1,Extreme,d20_inf,True,True,1.71192296477966,1704,22.858429089321632,22.858429089321632,0.0,0,0.20797439366109777,0.17068762820607175,0,0,1,0,True,0,0,,,"{""profile_name"": ""extreme_d05"", ""map_seed"": 20460621, ""query_seed"": 20461623}"
extreme_s00_q0007,voronoi_waypoint,Extreme,d20_inf,True,True,0.7640192278195173,5,23.900243833258806,22.858429089321632,0.045576830317874295,2,0.21210050562329544,0.16237728709345478,0,0,0,0,False,,,,,"{""profile_name"": ""extreme_d05"", ""map_seed"": 20460621, ""query_seed"": 20461623, ""waypoint_count"": 4}"
extreme_s00_q0007,bottleneck_waypoint,Extreme,d20_inf,True,True,0.7612417619675398,5,23.249618933335512,22.858429089321632,0.017113592648263953,0,0.13234686341951774,0.17068762820607297,0,0,0,0,False,,,,,"{""profile_name"": ""extreme_d05"", ""map_seed"": 20460621, ""query_seed"": 20461623, ""waypoint_count"": 4, ""bottleneck_count"": 4}"
extreme_s00_q0007,md_dqn,Extreme,d20_inf,False,False,1.3434931326191872,600,2.1824999999999863,22.858429089321632,,7,0.791632771552113,0.41519390979770543,0,0,0,0,False,,,,md_dqn_not_reached,"{""profile_name"": ""extreme_d05"", ""map_seed"": 20460621, ""query_seed"": 20461623, ""md_dqn_source_dir"": ""/home/ubuntu/DQN10/2_experiment"", ""md_dqn_checkpoint_path"": ""/home/ubuntu/DQN10/2_experiment/ugv_dqn/outputs/2026-05-12_train_load_external_demo_smoke/models/realmap_a/mlp-dqn.pt"", ""md_dqn_algo"": ""mlp-dqn"", ""md_dqn_device"": ""cpu"", ""md_dqn_max_steps"": 600, ""md_dqn_rollout_steps"": 600, ""md_dqn_reached"": false}"
extreme_s00_q0008,vanilla_ha,Extreme,d08_12,True,True,0.1484699249267578,1,10.520931517693667,,,0,0.0,0.2868582583109627,0,0,0,0,False,,,,,"{""profile_name"": ""extreme_d06"", ""map_seed"": 20460621, ""query_seed"": 20461624, ""evaluation_path_source"": ""trace_poses"", ""planner_path_pose_count"": 2, ""evaluation_path_pose_count"": 107}"
extreme_s00_q0008,f_n3p_knn,Extreme,d08_12,True,True,0.00047347997315227985,0,10.520931517693668,10.520931517693667,2.220446049250313e-16,0,0.0,0.2868582583109627,0,0,0,0,False,0,0,,,"{""profile_name"": ""extreme_d06"", ""map_seed"": 20460621, ""query_seed"": 20461624}"
extreme_s00_q0008,n3p_k1,Extreme,d08_12,True,True,0.0004495710600167513,0,10.520931517693668,10.520931517693667,2.220446049250313e-16,0,0.0,0.2868582583109627,0,0,0,0,False,0,0,,,"{""profile_name"": ""extreme_d06"", ""map_seed"": 20460621, ""query_seed"": 20461624}"
extreme_s00_q0008,voronoi_waypoint,Extreme,d08_12,True,True,0.34027371602132916,2,11.400691488725652,10.520931517693667,0.08361996934895366,0,0.2856275030078125,0.0793001826086468,0,0,0,0,False,,,,,"{""profile_name"": ""extreme_d06"", ""map_seed"": 20460621, ""query_seed"": 20461624, ""waypoint_count"": 1}"
extreme_s00_q0008,bottleneck_waypoint,Extreme,d08_12,True,True,0.4799454971216619,3,10.69145387644822,10.520931517693667,0.016207914524277278,0,0.2918583195691646,0.49113832637629884,0,0,0,0,False,,,,,"{""profile_name"": ""extreme_d06"", ""map_seed"": 20460621, ""query_seed"": 20461624, ""waypoint_count"": 2, ""bottleneck_count"": 2}"
extreme_s00_q0008,md_dqn,Extreme,d08_12,False,False,0.4448469844646752,412,0.8493749999999923,10.520931517693667,,2,0.8128464187251049,0.42708629079781557,0,0,0,0,False,,,,md_dqn_not_reached,"{""profile_name"": ""extreme_d06"", ""map_seed"": 20460621, ""query_seed"": 20461624, ""md_dqn_source_dir"": ""/home/ubuntu/DQN10/2_experiment"", ""md_dqn_checkpoint_path"": ""/home/ubuntu/DQN10/2_experiment/ugv_dqn/outputs/2026-05-12_train_load_external_demo_smoke/models/realmap_a/mlp-dqn.pt"", ""md_dqn_algo"": ""mlp-dqn"", ""md_dqn_device"": ""cpu"", ""md_dqn_max_steps"": 600, ""md_dqn_rollout_steps"": 412, ""md_dqn_reached"": false}"
extreme_s00_q0009,vanilla_ha,Extreme,d12_16,True,True,0.44077610969543457,493,15.027827303953789,,,0,0.3485898047256263,0.058855799761091954,0,0,0,0,False,,,,,"{""profile_name"": ""extreme_d07"", ""map_seed"": 20460621, ""query_seed"": 20461625, ""evaluation_path_source"": ""trace_poses"", ""planner_path_pose_count"": 38, ""evaluation_path_pose_count"": 154}"
extreme_s00_q0009,f_n3p_knn,Extreme,d12_16,True,True,0.19031536881811917,9,16.25800932816709,15.027827303953789,0.08186027157030518,5,0.31888681616504466,0.05419344143762006,0,26,1,0,True,2,3,0.6666666666666666,,"{""profile_name"": ""extreme_d07"", ""map_seed"": 20460621, ""query_seed"": 20461625}"
extreme_s00_q0009,n3p_k1,Extreme,d12_16,True,True,0.32724435185082257,14,16.029214442125415,15.027827303953789,0.06663552341383139,1,0.331131183610774,0.05419344143762006,0,0,2,0,True,2,2,1.0,,"{""profile_name"": ""extreme_d07"", ""map_seed"": 20460621, ""query_seed"": 20461625}"
extreme_s00_q0009,voronoi_waypoint,Extreme,d12_16,True,True,0.5094198810402304,40,15.941799461752316,15.027827303953789,0.06081864925065128,2,0.3720664992544945,0.058855799761091954,0,0,0,0,False,,,,,"{""profile_name"": ""extreme_d07"", ""map_seed"": 20460621, ""query_seed"": 20461625, ""waypoint_count"": 2}"
extreme_s00_q0009,bottleneck_waypoint,Extreme,d12_16,True,True,0.4925983678549528,25,15.484796516881952,15.027827303953789,0.030408202309320842,0,0.3628345448177734,0.05502647052295512,0,0,0,0,False,,,,,"{""profile_name"": ""extreme_d07"", ""map_seed"": 20460621, ""query_seed"": 20461625, ""waypoint_count"": 2, ""bottleneck_count"": 2}"
extreme_s00_q0009,md_dqn,Extreme,d12_16,False,False,0.0032532999757677317,1,0.0037499999999995124,15.027827303953789,,0,0.08734630124016196,0.2135072619782752,0,0,0,0,False,,,,md_dqn_not_reached,"{""profile_name"": ""extreme_d07"", ""map_seed"": 20460621, ""query_seed"": 20461625, ""md_dqn_source_dir"": ""/home/ubuntu/DQN10/2_experiment"", ""md_dqn_checkpoint_path"": ""/home/ubuntu/DQN10/2_experiment/ugv_dqn/outputs/2026-05-12_train_load_external_demo_smoke/models/realmap_a/mlp-dqn.pt"", ""md_dqn_algo"": ""mlp-dqn"", ""md_dqn_device"": ""cpu"", ""md_dqn_max_steps"": 600, ""md_dqn_rollout_steps"": 1, ""md_dqn_reached"": false}"
extreme_s00_q0010,vanilla_ha,Extreme,d16_20,True,True,0.5092897415161133,596,20.082039772458707,,,0,0.3495326530265955,0.07129899004438278,0,0,0,0,False,,,,,"{""profile_name"": ""extreme_d03"", ""map_seed"": 20460622, ""query_seed"": 20461622, ""evaluation_path_source"": ""trace_poses"", ""planner_path_pose_count"": 50, ""evaluation_path_pose_count"": 204}"
extreme_s00_q0010,f_n3p_knn,Extreme,d16_20,True,True,0.02893259096890688,0,19.258220277472024,20.082039772458707,-0.041022700100240894,0,0.0841210089407805,0.07208282202567151,0,9,0,0,True,2,3,0.6666666666666666,,"{""profile_name"": ""extreme_d03"", ""map_seed"": 20460622, ""query_seed"": 20461622}"
extreme_s00_q0010,n3p_k1,Extreme,d16_20,True,True,0.2539268198888749,121,19.306439385481042,20.082039772458707,-0.038621594009656035,0,0.196837622140249,0.07208282202567151,0,0,1,0,True,2,2,1.0,,"{""profile_name"": ""extreme_d03"", ""map_seed"": 20460622, ""query_seed"": 20461622}"
extreme_s00_q0010,voronoi_waypoint,Extreme,d16_20,True,True,0.6222833089996129,16,20.02723997903578,20.082039772458707,-0.002728796180260562,0,0.229642880515663,0.11472702605820873,0,0,0,0,False,,,,,"{""profile_name"": ""extreme_d03"", ""map_seed"": 20460622, ""query_seed"": 20461622, ""waypoint_count"": 3}"
extreme_s00_q0010,bottleneck_waypoint,Extreme,d16_20,True,True,0.6652749991044402,79,19.94690186744203,20.082039772458707,-0.006729291772542445,0,0.2243077997389942,0.1658402188586059,0,0,0,0,False,,,,,"{""profile_name"": ""extreme_d03"", ""map_seed"": 20460622, ""query_seed"": 20461622, ""waypoint_count"": 3, ""bottleneck_count"": 3}"
extreme_s00_q0010,md_dqn,Extreme,d16_20,False,False,0.8996374914422631,476,40.29562500000001,20.082039772458707,,1,0.2676473535638714,0.07519422482929006,0,0,0,0,False,,,,md_dqn_not_reached,"{""profile_name"": ""extreme_d03"", ""map_seed"": 20460622, ""query_seed"": 20461622, ""md_dqn_source_dir"": ""/home/ubuntu/DQN10/2_experiment"", ""md_dqn_checkpoint_path"": ""/home/ubuntu/DQN10/2_experiment/ugv_dqn/outputs/2026-05-12_train_load_external_demo_smoke/models/realmap_a/mlp-dqn.pt"", ""md_dqn_algo"": ""mlp-dqn"", ""md_dqn_device"": ""cpu"", ""md_dqn_max_steps"": 600, ""md_dqn_rollout_steps"": 476, ""md_dqn_reached"": false}"
extreme_s00_q0011,vanilla_ha,Extreme,d20_inf,False,False,2.5000603199005127,3432,,,,0,,,0,0,0,0,False,,,,timeout,"{""profile_name"": ""extreme_d04"", ""map_seed"": 20460622, ""query_seed"": 20461623, ""evaluation_path_source"": ""planner_path"", ""planner_path_pose_count"": 0, ""evaluation_path_pose_count"": 0}"
extreme_s00_q0011,f_n3p_knn,Extreme,d20_inf,True,True,0.07462792610749602,0,39.125869821743066,,,4,0.25653758950199956,0.09149082694759281,0,21,0,0,True,6,10,0.6,,"{""profile_name"": ""extreme_d04"", ""map_seed"": 20460622, ""query_seed"": 20461623}"
extreme_s00_q0011,n3p_k1,Extreme,d20_inf,False,False,3.5135181131772697,4770,,,,0,,,0,0,1,1,True,0,0,,f2_failed:prediction:goal_in_collision;goal:timeout;f3_failed:timeout,"{""profile_name"": ""extreme_d04"", ""map_seed"": 20460622, ""query_seed"": 20461623}"
extreme_s00_q0011,voronoi_waypoint,Extreme,d20_inf,True,True,1.18541070795618,154,34.6202580452567,,,0,0.22308409345258204,0.07733728969456288,0,0,0,0,False,,,,,"{""profile_name"": ""extreme_d04"", ""map_seed"": 20460622, ""query_seed"": 20461623, ""waypoint_count"": 6}"
extreme_s00_q0011,bottleneck_waypoint,Extreme,d20_inf,True,True,0.9166583670303226,10,34.00550277188306,,,0,0.16320159841217832,0.06746774821510693,0,0,0,0,False,,,,,"{""profile_name"": ""extreme_d04"", ""map_seed"": 20460622, ""query_seed"": 20461623, ""waypoint_count"": 5, ""bottleneck_count"": 5}"
extreme_s00_q0011,md_dqn,Extreme,d20_inf,False,False,0.00199545593932271,1,0.003749999999999759,,,0,0.08734630124015622,0.11129637083070698,0,0,0,0,False,,,,md_dqn_not_reached,"{""profile_name"": ""extreme_d04"", ""map_seed"": 20460622, ""query_seed"": 20461623, ""md_dqn_source_dir"": ""/home/ubuntu/DQN10/2_experiment"", ""md_dqn_checkpoint_path"": ""/home/ubuntu/DQN10/2_experiment/ugv_dqn/outputs/2026-05-12_train_load_external_demo_smoke/models/realmap_a/mlp-dqn.pt"", ""md_dqn_algo"": ""mlp-dqn"", ""md_dqn_device"": ""cpu"", ""md_dqn_max_steps"": 600, ""md_dqn_rollout_steps"": 1, ""md_dqn_reached"": false}"
extreme_s00_q0012,vanilla_ha,Extreme,d08_12,True,True,0.8316915035247803,957,11.902105616184274,,,0,0.23493868416565233,0.09514421028477182,0,0,0,0,False,,,,,"{""profile_name"": ""extreme_d05"", ""map_seed"": 20460622, ""query_seed"": 20461624, ""evaluation_path_source"": ""trace_poses"", ""planner_path_pose_count"": 25, ""evaluation_path_pose_count"": 121}"
extreme_s00_q0012,f_n3p_knn,Extreme,d08_12,True,True,0.03612535214051604,0,13.641883400018765,11.902105616184274,0.14617394937823192,3,0.32982741711990343,0.05343849876732165,0,9,0,0,True,2,4,0.5,,"{""profile_name"": ""extreme_d05"", ""map_seed"": 20460622, ""query_seed"": 20461624}"
extreme_s00_q0012,n3p_k1,Extreme,d08_12,True,True,0.17004163819365203,1,12.931235099780906,11.902105616184274,0.08646616966641929,3,0.30779353186910063,0.08505948699913257,0,0,1,0,True,2,2,1.0,,"{""profile_name"": ""extreme_d05"", ""map_seed"": 20460622, ""query_seed"": 20461624}"
extreme_s00_q0012,voronoi_waypoint,Extreme,d08_12,True,True,0.744224171852693,317,13.811886407671887,11.902105616184274,0.16045738905985907,1,0.41963035465938203,0.06311694806529977,0,0,0,0,False,,,,,"{""profile_name"": ""extreme_d05"", ""map_seed"": 20460622, ""query_seed"": 20461624, ""waypoint_count"": 2}"
extreme_s00_q0012,bottleneck_waypoint,Extreme,d08_12,True,True,0.47545106685720384,3,13.690183246327035,11.902105616184274,0.15023204194318063,1,0.301255079148041,0.14702965375015498,0,0,0,0,False,,,,,"{""profile_name"": ""extreme_d05"", ""map_seed"": 20460622, ""query_seed"": 20461624, ""waypoint_count"": 2, ""bottleneck_count"": 2}"
extreme_s00_q0012,md_dqn,Extreme,d08_12,False,False,0.1678948923945427,600,1.1250000000000366,11.902105616184274,,0,0.828655089894863,0.2767949197532271,0,0,0,0,False,,,,md_dqn_not_reached,"{""profile_name"": ""extreme_d05"", ""map_seed"": 20460622, ""query_seed"": 20461624, ""md_dqn_source_dir"": ""/home/ubuntu/DQN10/2_experiment"", ""md_dqn_checkpoint_path"": ""/home/ubuntu/DQN10/2_experiment/ugv_dqn/outputs/2026-05-12_train_load_external_demo_smoke/models/realmap_a/mlp-dqn.pt"", ""md_dqn_algo"": ""mlp-dqn"", ""md_dqn_device"": ""cpu"", ""md_dqn_max_steps"": 600, ""md_dqn_rollout_steps"": 600, ""md_dqn_reached"": false}"
extreme_s00_q0013,vanilla_ha,Extreme,d12_16,True,True,0.2637631893157959,169,15.845513550091399,,,0,0.1864229846864016,0.0638652780657395,0,0,0,0,False,,,,,"{""profile_name"": ""extreme_d06"", ""map_seed"": 20460622, ""query_seed"": 20461625, ""evaluation_path_source"": ""trace_poses"", ""planner_path_pose_count"": 32, ""evaluation_path_pose_count"": 161}"
extreme_s00_q0013,f_n3p_knn,Extreme,d12_16,True,True,0.02035569306463003,0,15.600195288631161,15.845513550091399,-0.015481875086265195,0,0.0339336290547946,0.061612452629067005,0,1,0,0,True,1,2,0.5,,"{""profile_name"": ""extreme_d06"", ""map_seed"": 20460622, ""query_seed"": 20461625}"
extreme_s00_q0013,n3p_k1,Extreme,d12_16,True,True,0.21585660800337791,65,16.50055009897599,15.845513550091399,0.041338928322762536,1,0.08073820489675622,0.0601474365976159,0,0,1,0,True,1,1,1.0,,"{""profile_name"": ""extreme_d06"", ""map_seed"": 20460622, ""query_seed"": 20461625}"
extreme_s00_q0013,voronoi_waypoint,Extreme,d12_16,True,True,0.6217886819504201,4,17.60986904378262,15.845513550091399,0.1113473216323142,2,0.29501751255090247,0.34014408891164827,0,0,0,0,False,,,,,"{""profile_name"": ""extreme_d06"", ""map_seed"": 20460622, ""query_seed"": 20461625, ""waypoint_count"": 3}"
extreme_s00_q0013,bottleneck_waypoint,Extreme,d12_16,True,True,0.625023630913347,4,16.879626733852007,15.845513550091399,0.06526220690112261,0,0.28827253348947735,0.4490748309526952,0,0,0,0,False,,,,,"{""profile_name"": ""extreme_d06"", ""map_seed"": 20460622, ""query_seed"": 20461625, ""waypoint_count"": 3, ""bottleneck_count"": 3}"
extreme_s00_q0013,md_dqn,Extreme,d12_16,False,False,0.27533427299931645,280,21.498125000000027,15.845513550091399,,1,0.20306607980923744,0.1057363841144825,0,0,0,0,False,,,,md_dqn_not_reached,"{""profile_name"": ""extreme_d06"", ""map_seed"": 20460622, ""query_seed"": 20461625, ""md_dqn_source_dir"": ""/home/ubuntu/DQN10/2_experiment"", ""md_dqn_checkpoint_path"": ""/home/ubuntu/DQN10/2_experiment/ugv_dqn/outputs/2026-05-12_train_load_external_demo_smoke/models/realmap_a/mlp-dqn.pt"", ""md_dqn_algo"": ""mlp-dqn"", ""md_dqn_device"": ""cpu"", ""md_dqn_max_steps"": 600, ""md_dqn_rollout_steps"": 280, ""md_dqn_reached"": false}"
extreme_s00_q0014,vanilla_ha,Extreme,d16_20,False,False,2.5013043880462646,3401,,,,0,,,0,0,0,0,False,,,,timeout,"{""profile_name"": ""extreme_d07"", ""map_seed"": 20460622, ""query_seed"": 20461626, ""evaluation_path_source"": ""planner_path"", ""planner_path_pose_count"": 0, ""evaluation_path_pose_count"": 0}"
extreme_s00_q0014,f_n3p_knn,Extreme,d16_20,True,True,0.026224388042464852,0,21.54698577957117,,,1,0.13917715011842138,0.06779964591056986,0,20,0,0,True,0,3,0.0,,"{""profile_name"": ""extreme_d07"", ""map_seed"": 20460622, ""query_seed"": 20461626}"
extreme_s00_q0014,n3p_k1,Extreme,d16_20,False,False,3.5098062159959227,4743,,,,0,,,0,0,1,1,True,0,0,,f2_failed:prediction:goal_in_collision;goal:timeout;f3_failed:timeout,"{""profile_name"": ""extreme_d07"", ""map_seed"": 20460622, ""query_seed"": 20461626}"
extreme_s00_q0014,voronoi_waypoint,Extreme,d16_20,True,True,0.6928484679665416,84,20.463268812795413,,,1,0.2478624160237339,0.09063280710244692,0,0,0,0,False,,,,,"{""profile_name"": ""extreme_d07"", ""map_seed"": 20460622, ""query_seed"": 20461626, ""waypoint_count"": 3}"
extreme_s00_q0014,bottleneck_waypoint,Extreme,d16_20,True,True,0.7545256570447236,5,21.10660196084801,,,3,0.20549672691069246,0.19369894292451428,0,0,0,0,False,,,,,"{""profile_name"": ""extreme_d07"", ""map_seed"": 20460622, ""query_seed"": 20461626, ""waypoint_count"": 4, ""bottleneck_count"": 4}"
extreme_s00_q0014,md_dqn,Extreme,d16_20,False,False,0.34376209508627653,362,26.154374999999987,,,2,0.28963141485319327,0.20682680021397848,0,0,0,0,False,,,,md_dqn_not_reached,"{""profile_name"": ""extreme_d07"", ""map_seed"": 20460622, ""query_seed"": 20461626, ""md_dqn_source_dir"": ""/home/ubuntu/DQN10/2_experiment"", ""md_dqn_checkpoint_path"": ""/home/ubuntu/DQN10/2_experiment/ugv_dqn/outputs/2026-05-12_train_load_external_demo_smoke/models/realmap_a/mlp-dqn.pt"", ""md_dqn_algo"": ""mlp-dqn"", ""md_dqn_device"": ""cpu"", ""md_dqn_max_steps"": 600, ""md_dqn_rollout_steps"": 362, ""md_dqn_reached"": false}"
extreme_s00_q0015,vanilla_ha,Extreme,d20_inf,False,False,2.500516176223755,4617,,,,0,,,0,0,0,0,False,,,,timeout,"{""profile_name"": ""extreme_d03"", ""map_seed"": 20460623, ""query_seed"": 20461623, ""evaluation_path_source"": ""planner_path"", ""planner_path_pose_count"": 0, ""evaluation_path_pose_count"": 0}"
extreme_s00_q0015,f_n3p_knn,Extreme,d20_inf,True,True,0.0516941340174526,0,27.48942103869137,,,6,0.16703100036669408,0.1025148050477066,0,16,0,0,True,2,6,0.3333333333333333,,"{""profile_name"": ""extreme_d03"", ""map_seed"": 20460623, ""query_seed"": 20461623}"
extreme_s00_q0015,n3p_k1,Extreme,d20_inf,False,False,3.5115377369802445,6530,,,,0,,,0,0,1,1,True,0,0,,f2_failed:prediction:goal_in_collision;goal:timeout;f3_failed:timeout,"{""profile_name"": ""extreme_d03"", ""map_seed"": 20460623, ""query_seed"": 20461623}"
extreme_s00_q0015,voronoi_waypoint,Extreme,d20_inf,True,True,0.975224387133494,6,28.48511300636412,,,0,0.21656526517376215,0.19079107730252587,0,0,0,0,False,,,,,"{""profile_name"": ""extreme_d03"", ""map_seed"": 20460623, ""query_seed"": 20461623, ""waypoint_count"": 5}"
extreme_s00_q0015,bottleneck_waypoint,Extreme,d20_inf,True,True,0.9765442230273038,6,27.45217382389563,,,0,0.1944945668132777,0.2371854775556772,0,0,0,0,False,,,,,"{""profile_name"": ""extreme_d03"", ""map_seed"": 20460623, ""query_seed"": 20461623, ""waypoint_count"": 5, ""bottleneck_count"": 5}"
extreme_s00_q0015,md_dqn,Extreme,d20_inf,False,False,0.16992382355965674,600,1.1249999999999978,,,0,0.8385645564237276,0.8364933746952214,0,0,0,0,False,,,,md_dqn_not_reached,"{""profile_name"": ""extreme_d03"", ""map_seed"": 20460623, ""query_seed"": 20461623, ""md_dqn_source_dir"": ""/home/ubuntu/DQN10/2_experiment"", ""md_dqn_checkpoint_path"": ""/home/ubuntu/DQN10/2_experiment/ugv_dqn/outputs/2026-05-12_train_load_external_demo_smoke/models/realmap_a/mlp-dqn.pt"", ""md_dqn_algo"": ""mlp-dqn"", ""md_dqn_device"": ""cpu"", ""md_dqn_max_steps"": 600, ""md_dqn_rollout_steps"": 600, ""md_dqn_reached"": false}"
extreme_s00_q0016,vanilla_ha,Extreme,d08_12,True,True,0.4392509460449219,421,8.286366654316916,,,0,0.2254644928745443,0.1276189636917583,0,0,0,0,False,,,,,"{""profile_name"": ""extreme_d04"", ""map_seed"": 20460623, ""query_seed"": 20461624, ""evaluation_path_source"": ""trace_poses"", ""planner_path_pose_count"": 11, ""evaluation_path_pose_count"": 85}"
extreme_s00_q0016,f_n3p_knn,Extreme,d08_12,True,True,0.020313757937401533,0,9.28024458980809,8.286366654316916,0.1199413418392965,3,0.2893718516658878,0.054734715313575044,0,4,0,0,True,0,2,0.0,,"{""profile_name"": ""extreme_d04"", ""map_seed"": 20460623, ""query_seed"": 20461624}"
extreme_s00_q0016,n3p_k1,Extreme,d08_12,True,True,0.2217596450354904,57,8.23525655775717,8.286366654316916,-0.006167974299462142,0,0.25325036339497387,0.10636043375234272,0,0,1,0,True,0,0,,,"{""profile_name"": ""extreme_d04"", ""map_seed"": 20460623, ""query_seed"": 20461624}"
extreme_s00_q0016,voronoi_waypoint,Extreme,d08_12,True,True,0.35570923588238657,2,9.920475486704532,8.286366654316916,0.1972045047676354,0,0.35014368139024665,0.35848280376158836,0,0,0,0,False,,,,,"{""profile_name"": ""extreme_d04"", ""map_seed"": 20460623, ""query_seed"": 20461624, ""waypoint_count"": 1}"
extreme_s00_q0016,bottleneck_waypoint,Extreme,d08_12,True,True,0.3583319140598178,2,9.030781564586707,8.286366654316916,0.08983610565699207,0,0.27625591949767786,0.35848280376158836,0,0,0,0,False,,,,,"{""profile_name"": ""extreme_d04"", ""map_seed"": 20460623, ""query_seed"": 20461624, ""waypoint_count"": 1, ""bottleneck_count"": 1}"
extreme_s00_q0016,md_dqn,Extreme,d08_12,False,False,0.1679220083169639,600,1.124999999999992,8.286366654316916,,0,0.8385645564237337,0.35848280376158836,0,0,0,0,False,,,,md_dqn_not_reached,"{""profile_name"": ""extreme_d04"", ""map_seed"": 20460623, ""query_seed"": 20461624, ""md_dqn_source_dir"": ""/home/ubuntu/DQN10/2_experiment"", ""md_dqn_checkpoint_path"": ""/home/ubuntu/DQN10/2_experiment/ugv_dqn/outputs/2026-05-12_train_load_external_demo_smoke/models/realmap_a/mlp-dqn.pt"", ""md_dqn_algo"": ""mlp-dqn"", ""md_dqn_device"": ""cpu"", ""md_dqn_max_steps"": 600, ""md_dqn_rollout_steps"": 600, ""md_dqn_reached"": false}"
extreme_s00_q0017,vanilla_ha,Extreme,d12_16,True,True,0.1690506935119629,29,12.214801687915537,,,0,0.07702320457471755,0.06945831891812504,0,0,0,0,False,,,,,"{""profile_name"": ""extreme_d05"", ""map_seed"": 20460623, ""query_seed"": 20461625, ""evaluation_path_source"": ""trace_poses"", ""planner_path_pose_count"": 16, ""evaluation_path_pose_count"": 125}"
extreme_s00_q0017,f_n3p_knn,Extreme,d12_16,True,True,0.011139508802443743,0,12.376007926796277,12.214801687915537,0.013197614091453147,0,0.10770422419896661,0.10032385294364199,0,1,0,0,True,0,1,0.0,,"{""profile_name"": ""extreme_d05"", ""map_seed"": 20460623, ""query_seed"": 20461625}"
extreme_s00_q0017,n3p_k1,Extreme,d12_16,True,True,1.1817987139802426,884,12.214801687915537,12.214801687915537,0.0,0,0.07702320457471755,0.06945831891812504,0,0,1,0,True,0,0,,,"{""profile_name"": ""extreme_d05"", ""map_seed"": 20460623, ""query_seed"": 20461625}"
extreme_s00_q0017,voronoi_waypoint,Extreme,d12_16,True,True,0.5058385089505464,3,13.581050390231272,12.214801687915537,0.1118518938925881,0,0.2619957573923837,0.19669168350960975,0,0,0,0,False,,,,,"{""profile_name"": ""extreme_d05"", ""map_seed"": 20460623, ""query_seed"": 20461625, ""waypoint_count"": 2}"
extreme_s00_q0017,bottleneck_waypoint,Extreme,d12_16,True,True,0.5084296809509397,3,12.53969939466316,12.214801687915537,0.02659868862783532,0,0.16433836156596213,0.17056972031922035,0,0,0,0,False,,,,,"{""profile_name"": ""extreme_d05"", ""map_seed"": 20460623, ""query_seed"": 20461625, ""waypoint_count"": 2, ""bottleneck_count"": 2}"
extreme_s00_q0017,md_dqn,Extreme,d12_16,False,False,0.1674412079155445,600,1.1250000000003235,12.214801687915537,,0,0.0,0.6704369223812285,0,0,0,0,False,,,,md_dqn_not_reached,"{""profile_name"": ""extreme_d05"", ""map_seed"": 20460623, ""query_seed"": 20461625, ""md_dqn_source_dir"": ""/home/ubuntu/DQN10/2_experiment"", ""md_dqn_checkpoint_path"": ""/home/ubuntu/DQN10/2_experiment/ugv_dqn/outputs/2026-05-12_train_load_external_demo_smoke/models/realmap_a/mlp-dqn.pt"", ""md_dqn_algo"": ""mlp-dqn"", ""md_dqn_device"": ""cpu"", ""md_dqn_max_steps"": 600, ""md_dqn_rollout_steps"": 600, ""md_dqn_reached"": false}"
extreme_s00_q0018,vanilla_ha,Extreme,d16_20,True,True,0.530815839767456,541,20.406555306918087,,,0,0.2985734531329918,0.06668772730253159,0,0,0,0,False,,,,,"{""profile_name"": ""extreme_d06"", ""map_seed"": 20460623, ""query_seed"": 20461626, ""evaluation_path_source"": ""trace_poses"", ""planner_path_pose_count"": 60, ""evaluation_path_pose_count"": 207}"
extreme_s00_q0018,f_n3p_knn,Extreme,d16_20,True,True,0.2807954552117735,109,20.408337672627763,20.406555306918087,8.734280151001528e-05,0,0.19854588627938,0.073088354510353,0,34,1,0,True,1,2,0.5,,"{""profile_name"": ""extreme_d06"", ""map_seed"": 20460623, ""query_seed"": 20461626}"
extreme_s00_q0018,n3p_k1,Extreme,d16_20,True,True,0.20178857981227338,36,22.597611388311012,20.406555306918087,0.10737020768273076,3,0.24303918320397525,0.06120213631294197,0,0,1,0,True,2,2,1.0,,"{""profile_name"": ""extreme_d06"", ""map_seed"": 20460623, ""query_seed"": 20461626}"
extreme_s00_q0018,voronoi_waypoint,Extreme,d16_20,True,True,1.1867790680844337,538,21.4759846412703,20.406555306918087,0.05240616646307106,4,0.2723893722467154,0.07320842841634867,0,0,0,0,False,,,,,"{""profile_name"": ""extreme_d06"", ""map_seed"": 20460623, ""query_seed"": 20461626, ""waypoint_count"": 3}"
extreme_s00_q0018,bottleneck_waypoint,Extreme,d16_20,True,True,0.6758543581236154,10,20.466538826335405,20.406555306918087,0.0029394240485547396,0,0.1704022496433368,0.09582227120139741,0,0,0,0,False,,,,,"{""profile_name"": ""extreme_d06"", ""map_seed"": 20460623, ""query_seed"": 20461626, ""waypoint_count"": 3, ""bottleneck_count"": 3}"
extreme_s00_q0018,md_dqn,Extreme,d16_20,False,False,0.3379169316031039,390,29.56750000000001,20.406555306918087,,0,0.11118270197005295,0.16647262381153904,0,0,0,0,False,,,,md_dqn_not_reached,"{""profile_name"": ""extreme_d06"", ""map_seed"": 20460623, ""query_seed"": 20461626, ""md_dqn_source_dir"": ""/home/ubuntu/DQN10/2_experiment"", ""md_dqn_checkpoint_path"": ""/home/ubuntu/DQN10/2_experiment/ugv_dqn/outputs/2026-05-12_train_load_external_demo_smoke/models/realmap_a/mlp-dqn.pt"", ""md_dqn_algo"": ""mlp-dqn"", ""md_dqn_device"": ""cpu"", ""md_dqn_max_steps"": 600, ""md_dqn_rollout_steps"": 390, ""md_dqn_reached"": false}"
extreme_s00_q0019,vanilla_ha,Extreme,d20_inf,True,True,0.15816521644592285,1,24.71639132235934,,,0,0.0,0.09695163200551171,0,0,0,0,False,,,,,"{""profile_name"": ""extreme_d07"", ""map_seed"": 20460623, ""query_seed"": 20461627, ""evaluation_path_source"": ""trace_poses"", ""planner_path_pose_count"": 2, ""evaluation_path_pose_count"": 249}"
extreme_s00_q0019,f_n3p_knn,Extreme,d20_inf,True,True,0.000994933070614934,0,24.71639132235934,24.71639132235934,0.0,0,0.0,0.09695163200551171,0,0,0,0,False,0,0,,,"{""profile_name"": ""extreme_d07"", ""map_seed"": 20460623, ""query_seed"": 20461627}"
extreme_s00_q0019,n3p_k1,Extreme,d20_inf,True,True,0.0010252220090478659,0,24.71639132235934,24.71639132235934,0.0,0,0.0,0.09695163200551171,0,0,0,0,False,0,0,,,"{""profile_name"": ""extreme_d07"", ""map_seed"": 20460623, ""query_seed"": 20461627}"
extreme_s00_q0019,voronoi_waypoint,Extreme,d20_inf,True,True,0.8894461118616164,92,26.94290070722912,24.71639132235934,0.09008230027720932,2,0.21775088487130315,0.05567727478020956,0,0,0,0,False,,,,,"{""profile_name"": ""extreme_d07"", ""map_seed"": 20460623, ""query_seed"": 20461627, ""waypoint_count"": 4}"
extreme_s00_q0019,bottleneck_waypoint,Extreme,d20_inf,True,True,0.6699009949807078,4,26.1318658578403,24.71639132235934,0.0572686569418599,0,0.1397178841961512,0.13090563383677134,0,0,0,0,False,,,,,"{""profile_name"": ""extreme_d07"", ""map_seed"": 20460623, ""query_seed"": 20461627, ""waypoint_count"": 3, ""bottleneck_count"": 3}"
extreme_s00_q0019,md_dqn,Extreme,d20_inf,False,False,0.16785855940543115,600,1.124999999999996,24.71639132235934,,0,0.8385645564237285,2.4086186740719766,0,0,0,0,False,,,,md_dqn_not_reached,"{""profile_name"": ""extreme_d07"", ""map_seed"": 20460623, ""query_seed"": 20461627, ""md_dqn_source_dir"": ""/home/ubuntu/DQN10/2_experiment"", ""md_dqn_checkpoint_path"": ""/home/ubuntu/DQN10/2_experiment/ugv_dqn/outputs/2026-05-12_train_load_external_demo_smoke/models/realmap_a/mlp-dqn.pt"", ""md_dqn_algo"": ""mlp-dqn"", ""md_dqn_device"": ""cpu"", ""md_dqn_max_steps"": 600, ""md_dqn_rollout_steps"": 600, ""md_dqn_reached"": false}"
extreme_s01_q0020,vanilla_ha,Extreme,d08_12,True,True,0.25771594047546387,161,13.32361559281097,,,1,0.16243392638568271,0.07548292220089126,0,0,0,0,False,,,,,"{""profile_name"": ""extreme_d03"", ""map_seed"": 20470620, ""query_seed"": 20471620, ""evaluation_path_source"": ""trace_poses"", ""planner_path_pose_count"": 8, ""evaluation_path_pose_count"": 135}"
extreme_s01_q0020,f_n3p_knn,Extreme,d08_12,True,True,0.31796513218432665,157,13.336255302603657,13.32361559281097,0.0009486696538667516,1,0.20072980968410678,0.08957085524597075,0,19,1,0,True,0,0,,,"{""profile_name"": ""extreme_d03"", ""map_seed"": 20470620, ""query_seed"": 20471620}"
extreme_s01_q0020,n3p_k1,Extreme,d08_12,True,True,0.3161465849261731,157,13.336255302603657,13.32361559281097,0.0009486696538667516,1,0.20072980968410678,0.08957085524597075,0,0,1,0,True,0,0,,,"{""profile_name"": ""extreme_d03"", ""map_seed"": 20470620, ""query_seed"": 20471620}"
extreme_s01_q0020,voronoi_waypoint,Extreme,d08_12,True,True,0.6040581788402051,123,13.937509802592308,13.32361559281097,0.04607564707229894,1,0.41174491133374236,0.0842099213132863,0,0,0,0,False,,,,,"{""profile_name"": ""extreme_d03"", ""map_seed"": 20470620, ""query_seed"": 20471620, ""waypoint_count"": 2}"
extreme_s01_q0020,bottleneck_waypoint,Extreme,d08_12,True,True,0.5206505779642612,7,13.11078588651663,13.32361559281097,-0.015973870216518082,3,0.2587491305965027,0.12398927030649398,0,0,0,0,False,,,,,"{""profile_name"": ""extreme_d03"", ""map_seed"": 20470620, ""query_seed"": 20471620, ""waypoint_count"": 2, ""bottleneck_count"": 2}"
extreme_s01_q0020,md_dqn,Extreme,d08_12,False,False,0.0014562529977411032,1,0.0037500000000014445,13.32361559281097,,0,0.08734630124011696,0.15335315218991363,0,0,0,0,False,,,,md_dqn_not_reached,"{""profile_name"": ""extreme_d03"", ""map_seed"": 20470620, ""query_seed"": 20471620, ""md_dqn_source_dir"": ""/home/ubuntu/DQN10/2_experiment"", ""md_dqn_checkpoint_path"": ""/home/ubuntu/DQN10/2_experiment/ugv_dqn/outputs/2026-05-12_train_load_external_demo_smoke/models/realmap_a/mlp-dqn.pt"", ""md_dqn_algo"": ""mlp-dqn"", ""md_dqn_device"": ""cpu"", ""md_dqn_max_steps"": 600, ""md_dqn_rollout_steps"": 1, ""md_dqn_reached"": false}"
extreme_s01_q0021,vanilla_ha,Extreme,d12_16,True,True,0.9406769275665283,1171,14.091662001925332,,,0,0.12268671427566397,0.08585459884087909,0,0,0,0,False,,,,,"{""profile_name"": ""extreme_d04"", ""map_seed"": 20470620, ""query_seed"": 20471621, ""evaluation_path_source"": ""trace_poses"", ""planner_path_pose_count"": 24, ""evaluation_path_pose_count"": 144}"
extreme_s01_q0021,f_n3p_knn,Extreme,d12_16,True,True,0.011396448127925396,0,14.173015937164838,14.091662001925332,0.005773196605793451,0,0.05591143879770994,0.11457302125723368,0,0,0,0,False,1,1,1.0,,"{""profile_name"": ""extreme_d04"", ""map_seed"": 20470620, ""query_seed"": 20471621}"
extreme_s01_q0021,n3p_k1,Extreme,d12_16,True,True,0.009679944021627307,0,14.173015937164838,14.091662001925332,0.005773196605793451,0,0.05591143879770994,0.11457302125723368,0,0,0,0,False,1,1,1.0,,"{""profile_name"": ""extreme_d04"", ""map_seed"": 20470620, ""query_seed"": 20471621}"
extreme_s01_q0021,voronoi_waypoint,Extreme,d12_16,True,True,0.6766033209860325,109,14.827084329283414,14.091662001925332,0.0521884733864324,2,0.2753882609071647,0.0884650408311255,0,0,0,0,False,,,,,"{""profile_name"": ""extreme_d04"", ""map_seed"": 20470620, ""query_seed"": 20471621, ""waypoint_count"": 2}"
extreme_s01_q0021,bottleneck_waypoint,Extreme,d12_16,True,True,0.5080318809486926,3,14.41821158695321,14.091662001925332,0.023173248477238673,0,0.22454847775822434,0.1262388159072939,0,0,0,0,False,,,,,"{""profile_name"": ""extreme_d04"", ""map_seed"": 20470620, ""query_seed"": 20471621, ""waypoint_count"": 2, ""bottleneck_count"": 2}"
extreme_s01_q0021,md_dqn,Extreme,d12_16,False,False,0.1671047112904489,600,1.1249999999999352,14.091662001925332,,0,0.0,0.1262388159072939,0,0,0,0,False,,,,md_dqn_not_reached,"{""profile_name"": ""extreme_d04"", ""map_seed"": 20470620, ""query_seed"": 20471621, ""md_dqn_source_dir"": ""/home/ubuntu/DQN10/2_experiment"", ""md_dqn_checkpoint_path"": ""/home/ubuntu/DQN10/2_experiment/ugv_dqn/outputs/2026-05-12_train_load_external_demo_smoke/models/realmap_a/mlp-dqn.pt"", ""md_dqn_algo"": ""mlp-dqn"", ""md_dqn_device"": ""cpu"", ""md_dqn_max_steps"": 600, ""md_dqn_rollout_steps"": 600, ""md_dqn_reached"": false}"
extreme_s01_q0022,vanilla_ha,Extreme,d16_20,True,True,0.21854710578918457,81,17.031539253831397,,,0,0.1352114211660753,0.1985499267289177,0,0,0,0,False,,,,,"{""profile_name"": ""extreme_d05"", ""map_seed"": 20470620, ""query_seed"": 20471622, ""evaluation_path_source"": ""trace_poses"", ""planner_path_pose_count"": 26, ""evaluation_path_pose_count"": 173}"
extreme_s01_q0022,f_n3p_knn,Extreme,d16_20,True,True,0.020219191908836365,0,16.57092629746107,17.031539253831397,-0.02704470509127399,0,0.06586351602733896,0.08788756041668588,0,0,0,0,False,2,2,1.0,,"{""profile_name"": ""extreme_d05"", ""map_seed"": 20470620, ""query_seed"": 20471622}"
extreme_s01_q0022,n3p_k1,Extreme,d16_20,True,True,0.018248741049319506,0,16.57092629746107,17.031539253831397,-0.02704470509127399,0,0.06586351602733896,0.08788756041668588,0,0,0,0,False,2,2,1.0,,"{""profile_name"": ""extreme_d05"", ""map_seed"": 20470620, ""query_seed"": 20471622}"
extreme_s01_q0022,voronoi_waypoint,Extreme,d16_20,True,True,0.5065925340168178,3,16.941404346550186,17.031539253831397,-0.005292234949400343,0,0.1478551079311848,0.7027921544622442,0,0,0,0,False,,,,,"{""profile_name"": ""extreme_d05"", ""map_seed"": 20470620, ""query_seed"": 20471622, ""waypoint_count"": 2}"
extreme_s01_q0022,bottleneck_waypoint,Extreme,d16_20,True,True,0.5103939191903919,3,16.919551434642248,17.031539253831397,-0.006575319912083488,0,0.1746096544743033,0.8285366665409462,0,0,0,0,False,,,,,"{""profile_name"": ""extreme_d05"", ""map_seed"": 20470620, ""query_seed"": 20471622, ""waypoint_count"": 2, ""bottleneck_count"": 2}"
extreme_s01_q0022,md_dqn,Extreme,d16_20,True,True,0.0746134773362428,226,19.983124999999973,17.031539253831397,0.17330117390913968,0,0.18726484358637138,0.23146007836221028,0,0,0,0,False,,,,,"{""profile_name"": ""extreme_d05"", ""map_seed"": 20470620, ""query_seed"": 20471622, ""md_dqn_source_dir"": ""/home/ubuntu/DQN10/2_experiment"", ""md_dqn_checkpoint_path"": ""/home/ubuntu/DQN10/2_experiment/ugv_dqn/outputs/2026-05-12_train_load_external_demo_smoke/models/realmap_a/mlp-dqn.pt"", ""md_dqn_algo"": ""mlp-dqn"", ""md_dqn_device"": ""cpu"", ""md_dqn_max_steps"": 600, ""md_dqn_rollout_steps"": 226, ""md_dqn_reached"": true}"
extreme_s01_q0023,vanilla_ha,Extreme,d20_inf,True,True,0.9133610725402832,1257,22.171800109446277,,,0,0.22483153375617632,0.08710142391899645,0,0,0,0,False,,,,,"{""profile_name"": ""extreme_d06"", ""map_seed"": 20470620, ""query_seed"": 20471623, ""evaluation_path_source"": ""trace_poses"", ""planner_path_pose_count"": 62, ""evaluation_path_pose_count"": 224}"
extreme_s01_q0023,f_n3p_knn,Extreme,d20_inf,True,True,0.038673694944009185,0,21.46815100816536,22.171800109446277,-0.03173621888198097,0,0.08420331583577537,0.0996985008561313,0,14,0,0,True,1,4,0.25,,"{""profile_name"": ""extreme_d06"", ""map_seed"": 20470620, ""query_seed"": 20471623}"
extreme_s01_q0023,n3p_k1,Extreme,d20_inf,True,True,0.3918564768973738,78,21.79152094059733,22.171800109446277,-0.017151479220080534,0,0.24023978946397267,0.08725825271925092,0,0,2,0,True,0,0,,,"{""profile_name"": ""extreme_d06"", ""map_seed"": 20470620, ""query_seed"": 20471623}"
extreme_s01_q0023,voronoi_waypoint,Extreme,d20_inf,True,True,1.059726773062721,288,22.74679325054398,22.171800109446277,0.025933534411251014,1,0.3063495380709946,0.06266036657698204,0,0,0,0,False,,,,,"{""profile_name"": ""extreme_d06"", ""map_seed"": 20470620, ""query_seed"": 20471623, ""waypoint_count"": 4}"
extreme_s01_q0023,bottleneck_waypoint,Extreme,d20_inf,True,True,0.8168203548993915,5,22.340642356314493,22.171800109446277,0.007615179914790993,0,0.2169589312742295,0.10490266231188383,0,0,0,0,False,,,,,"{""profile_name"": ""extreme_d06"", ""map_seed"": 20470620, ""query_seed"": 20471623, ""waypoint_count"": 4, ""bottleneck_count"": 4}"
extreme_s01_q0023,md_dqn,Extreme,d20_inf,False,False,0.22400646982714534,308,16.79,22.171800109446277,,1,0.29794733457363776,0.1615592189295364,0,0,0,0,False,,,,md_dqn_not_reached,"{""profile_name"": ""extreme_d06"", ""map_seed"": 20470620, ""query_seed"": 20471623, ""md_dqn_source_dir"": ""/home/ubuntu/DQN10/2_experiment"", ""md_dqn_checkpoint_path"": ""/home/ubuntu/DQN10/2_experiment/ugv_dqn/outputs/2026-05-12_train_load_external_demo_smoke/models/realmap_a/mlp-dqn.pt"", ""md_dqn_algo"": ""mlp-dqn"", ""md_dqn_device"": ""cpu"", ""md_dqn_max_steps"": 600, ""md_dqn_rollout_steps"": 308, ""md_dqn_reached"": false}"
extreme_s01_q0024,vanilla_ha,Extreme,d08_12,True,True,0.15903139114379883,13,8.839676873750866,,,0,0.2083162694340689,0.10550175480007873,0,0,0,0,False,,,,,"{""profile_name"": ""extreme_d07"", ""map_seed"": 20470620, ""query_seed"": 20471624, ""evaluation_path_source"": ""trace_poses"", ""planner_path_pose_count"": 8, ""evaluation_path_pose_count"": 91}"
extreme_s01_q0024,f_n3p_knn,Extreme,d08_12,True,True,0.009659093106165528,0,8.613121244013762,8.839676873750866,-0.025629401727324863,0,0.13580607524167065,0.09231808247370576,0,0,0,0,False,1,1,1.0,,"{""profile_name"": ""extreme_d07"", ""map_seed"": 20470620, ""query_seed"": 20471624}"
extreme_s01_q0024,n3p_k1,Extreme,d08_12,True,True,0.00790114188566804,0,8.613121244013762,8.839676873750866,-0.025629401727324863,0,0.13580607524167065,0.09231808247370576,0,0,0,0,False,1,1,1.0,,"{""profile_name"": ""extreme_d07"", ""map_seed"": 20470620, ""query_seed"": 20471624}"
extreme_s01_q0024,voronoi_waypoint,Extreme,d08_12,True,True,0.3540517739020288,10,8.977244368840712,8.839676873750866,0.015562502685855906,0,0.29147372395520726,0.06124729545886065,0,0,0,0,False,,,,,"{""profile_name"": ""extreme_d07"", ""map_seed"": 20470620, ""query_seed"": 20471624, ""waypoint_count"": 1}"
extreme_s01_q0024,bottleneck_waypoint,Extreme,d08_12,True,True,0.47047794610261917,3,10.640544011937896,8.839676873750866,0.20372544878135157,1,0.4094553447731524,0.5564461921778212,0,0,0,0,False,,,,,"{""profile_name"": ""extreme_d07"", ""map_seed"": 20470620, ""query_seed"": 20471624, ""waypoint_count"": 2, ""bottleneck_count"": 2}"
extreme_s01_q0024,md_dqn,Extreme,d08_12,False,False,0.48709510127082467,360,0.7331250000001924,8.839676873750866,,1,0.008345615830624606,0.3991574890769205,0,0,0,0,False,,,,md_dqn_not_reached,"{""profile_name"": ""extreme_d07"", ""map_seed"": 20470620, ""query_seed"": 20471624, ""md_dqn_source_dir"": ""/home/ubuntu/DQN10/2_experiment"", ""md_dqn_checkpoint_path"": ""/home/ubuntu/DQN10/2_experiment/ugv_dqn/outputs/2026-05-12_train_load_external_demo_smoke/models/realmap_a/mlp-dqn.pt"", ""md_dqn_algo"": ""mlp-dqn"", ""md_dqn_device"": ""cpu"", ""md_dqn_max_steps"": 600, ""md_dqn_rollout_steps"": 360, ""md_dqn_reached"": false}"
extreme_s01_q0025,vanilla_ha,Extreme,d12_16,True,True,0.21262001991271973,91,14.695990045731788,,,0,0.21260467901017024,0.06418037974582191,0,0,0,0,False,,,,,"{""profile_name"": ""extreme_d03"", ""map_seed"": 20470621, ""query_seed"": 20471621, ""evaluation_path_source"": ""trace_poses"", ""planner_path_pose_count"": 27, ""evaluation_path_pose_count"": 149}"
extreme_s01_q0025,f_n3p_knn,Extreme,d12_16,True,True,0.01960687688551843,0,14.456892922444085,14.695990045731788,-0.016269548532876432,0,0.0707887435994209,0.19760962429439188,0,1,0,0,True,1,2,0.5,,"{""profile_name"": ""extreme_d03"", ""map_seed"": 20470621, ""query_seed"": 20471621}"
extreme_s01_q0025,n3p_k1,Extreme,d12_16,True,True,0.1674545428249985,13,14.425512359749392,14.695990045731788,-0.018404863172927333,0,0.055554966531661164,0.08565694339663621,0,0,1,0,True,1,1,1.0,,"{""profile_name"": ""extreme_d03"", ""map_seed"": 20470621, ""query_seed"": 20471621}"
extreme_s01_q0025,voronoi_waypoint,Extreme,d12_16,True,True,0.6112179120536894,4,18.356069041721266,14.695990045731788,0.2490529038601581,1,0.28642574961019773,0.45944418448410096,0,0,0,0,False,,,,,"{""profile_name"": ""extreme_d03"", ""map_seed"": 20470621, ""query_seed"": 20471621, ""waypoint_count"": 3}"
extreme_s01_q0025,bottleneck_waypoint,Extreme,d12_16,True,True,0.6173034301027656,4,19.05770649395404,14.695990045731788,0.2967963665359885,3,0.3615351673343443,0.09203460847187372,0,0,0,0,False,,,,,"{""profile_name"": ""extreme_d03"", ""map_seed"": 20470621, ""query_seed"": 20471621, ""waypoint_count"": 3, ""bottleneck_count"": 3}"
extreme_s01_q0025,md_dqn,Extreme,d12_16,False,False,0.38186962925828993,600,1.1250000000000353,14.695990045731788,,0,0.7403545638223212,0.46382571297036435,0,0,0,0,False,,,,md_dqn_not_reached,"{""profile_name"": ""extreme_d03"", ""map_seed"": 20470621, ""query_seed"": 20471621, ""md_dqn_source_dir"": ""/home/ubuntu/DQN10/2_experiment"", ""md_dqn_checkpoint_path"": ""/home/ubuntu/DQN10/2_experiment/ugv_dqn/outputs/2026-05-12_train_load_external_demo_smoke/models/realmap_a/mlp-dqn.pt"", ""md_dqn_algo"": ""mlp-dqn"", ""md_dqn_device"": ""cpu"", ""md_dqn_max_steps"": 600, ""md_dqn_rollout_steps"": 600, ""md_dqn_reached"": false}"
extreme_s01_q0026,vanilla_ha,Extreme,d16_20,True,True,0.29758739471435547,256,20.758941182683873,,,0,0.20341195051281719,0.11380147833987553,0,0,0,0,False,,,,,"{""profile_name"": ""extreme_d04"", ""map_seed"": 20470621, ""query_seed"": 20471622, ""evaluation_path_source"": ""trace_poses"", ""planner_path_pose_count"": 51, ""evaluation_path_pose_count"": 210}"
extreme_s01_q0026,f_n3p_knn,Extreme,d16_20,True,True,1.0270973779261112,1147,20.621942005399706,20.758941182683873,-0.006599526251292898,2,0.2425958134340992,0.09667451178473652,0,19,1,0,True,2,2,1.0,,"{""profile_name"": ""extreme_d04"", ""map_seed"": 20470621, ""query_seed"": 20471622}"
extreme_s01_q0026,n3p_k1,Extreme,d16_20,True,True,1.0282266971189529,1147,20.621942005399706,20.758941182683873,-0.006599526251292898,2,0.2425958134340992,0.09667451178473652,0,0,1,0,True,2,2,1.0,,"{""profile_name"": ""extreme_d04"", ""map_seed"": 20470621, ""query_seed"": 20471622}"
extreme_s01_q0026,voronoi_waypoint,Extreme,d16_20,True,True,0.6285106330178678,10,20.44229400262271,20.758941182683873,-0.015253532310467555,0,0.24132299930264545,0.18624179384241912,0,0,0,0,False,,,,,"{""profile_name"": ""extreme_d04"", ""map_seed"": 20470621, ""query_seed"": 20471622, ""waypoint_count"": 3}"
extreme_s01_q0026,bottleneck_waypoint,Extreme,d16_20,True,True,0.6259181150235236,4,20.20423042443397,20.758941182683873,-0.02672153427134416,0,0.17516786216215108,0.1364394303214309,0,0,0,0,False,,,,,"{""profile_name"": ""extreme_d04"", ""map_seed"": 20470621, ""query_seed"": 20471622, ""waypoint_count"": 3, ""bottleneck_count"": 3}"
extreme_s01_q0026,md_dqn,Extreme,d16_20,False,False,0.387599537614733,600,1.1250000000007143,20.758941182683873,,0,0.0,0.7544502125522208,0,0,0,0,False,,,,md_dqn_not_reached,"{""profile_name"": ""extreme_d04"", ""map_seed"": 20470621, ""query_seed"": 20471622, ""md_dqn_source_dir"": ""/home/ubuntu/DQN10/2_experiment"", ""md_dqn_checkpoint_path"": ""/home/ubuntu/DQN10/2_experiment/ugv_dqn/outputs/2026-05-12_train_load_external_demo_smoke/models/realmap_a/mlp-dqn.pt"", ""md_dqn_algo"": ""mlp-dqn"", ""md_dqn_device"": ""cpu"", ""md_dqn_max_steps"": 600, ""md_dqn_rollout_steps"": 600, ""md_dqn_reached"": false}"
extreme_s01_q0027,vanilla_ha,Extreme,d20_inf,False,False,2.500267505645752,4839,,,,0,,,0,0,0,0,False,,,,timeout,"{""profile_name"": ""extreme_d05"", ""map_seed"": 20470621, ""query_seed"": 20471623, ""evaluation_path_source"": ""planner_path"", ""planner_path_pose_count"": 0, ""evaluation_path_pose_count"": 0}"
extreme_s01_q0027,f_n3p_knn,Extreme,d20_inf,True,True,0.04281305195763707,0,24.485323432021513,,,0,0.17403505475789877,0.07347519819363757,0,11,0,0,True,2,5,0.4,,"{""profile_name"": ""extreme_d05"", ""map_seed"": 20470621, ""query_seed"": 20471623}"
extreme_s01_q0027,n3p_k1,Extreme,d20_inf,False,False,4.4481510380283,8096,,,,0,,,0,0,1,1,True,0,0,,f2_failed:prediction:timeout;goal:node_budget_exhausted;f3_failed:timeout,"{""profile_name"": ""extreme_d05"", ""map_seed"": 20470621, ""query_seed"": 20471623}"
extreme_s01_q0027,voronoi_waypoint,Extreme,d20_inf,True,True,0.8150933228898793,5,23.633167037718742,,,0,0.17072443325857842,0.13289291041348616,0,0,0,0,False,,,,,"{""profile_name"": ""extreme_d05"", ""map_seed"": 20470621, ""query_seed"": 20471623, ""waypoint_count"": 4}"
extreme_s01_q0027,bottleneck_waypoint,Extreme,d20_inf,True,True,0.814581906888634,5,24.067338284692553,,,0,0.2547909326963128,0.1328929104134864,0,0,0,0,False,,,,,"{""profile_name"": ""extreme_d05"", ""map_seed"": 20470621, ""query_seed"": 20471623, ""waypoint_count"": 4, ""bottleneck_count"": 4}"
extreme_s01_q0027,md_dqn,Extreme,d20_inf,False,False,0.3918954683467746,600,1.1250000000000138,,,0,0.8293604507221545,0.6734391359214611,0,0,0,0,False,,,,md_dqn_not_reached,"{""profile_name"": ""extreme_d05"", ""map_seed"": 20470621, ""query_seed"": 20471623, ""md_dqn_source_dir"": ""/home/ubuntu/DQN10/2_experiment"", ""md_dqn_checkpoint_path"": ""/home/ubuntu/DQN10/2_experiment/ugv_dqn/outputs/2026-05-12_train_load_external_demo_smoke/models/realmap_a/mlp-dqn.pt"", ""md_dqn_algo"": ""mlp-dqn"", ""md_dqn_device"": ""cpu"", ""md_dqn_max_steps"": 600, ""md_dqn_rollout_steps"": 600, ""md_dqn_reached"": false}"
extreme_s01_q0028,vanilla_ha,Extreme,d08_12,False,False,2.5002968311309814,3010,,,,0,,,0,0,0,0,False,,,,timeout,"{""profile_name"": ""extreme_d06"", ""map_seed"": 20470621, ""query_seed"": 20471624, ""evaluation_path_source"": ""planner_path"", ""planner_path_pose_count"": 0, ""evaluation_path_pose_count"": 0}"
extreme_s01_q0028,f_n3p_knn,Extreme,d08_12,True,True,0.17951721791177988,7,11.264271801032892,,,0,0.3099103177696332,0.0817743289661298,0,36,1,0,True,0,1,0.0,,"{""profile_name"": ""extreme_d06"", ""map_seed"": 20470621, ""query_seed"": 20471624}"
extreme_s01_q0028,n3p_k1,Extreme,d08_12,False,False,3.5117638369556516,4002,,,,0,,,0,0,1,1,True,0,0,,f2_failed:prediction:goal_in_collision;goal:timeout;f3_failed:timeout,"{""profile_name"": ""extreme_d06"", ""map_seed"": 20470621, ""query_seed"": 20471624}"
extreme_s01_q0028,voronoi_waypoint,Extreme,d08_12,True,True,0.5091672879643738,6,11.357040316991622,,,0,0.24203379255207577,0.1479382145699466,0,0,0,0,False,,,,,"{""profile_name"": ""extreme_d06"", ""map_seed"": 20470621, ""query_seed"": 20471624, ""waypoint_count"": 2}"
extreme_s01_q0028,bottleneck_waypoint,Extreme,d08_12,True,True,0.3676478120032698,14,11.406489268089109,,,0,0.27619587615160035,0.11334162738682685,0,0,0,0,False,,,,,"{""profile_name"": ""extreme_d06"", ""map_seed"": 20470621, ""query_seed"": 20471624, ""waypoint_count"": 1, ""bottleneck_count"": 1}"
extreme_s01_q0028,md_dqn,Extreme,d08_12,False,False,0.18993873964063823,262,3.271874999999999,,,1,0.6271771733753656,0.11123395575824402,0,0,0,0,False,,,,md_dqn_not_reached,"{""profile_name"": ""extreme_d06"", ""map_seed"": 20470621, ""query_seed"": 20471624, ""md_dqn_source_dir"": ""/home/ubuntu/DQN10/2_experiment"", ""md_dqn_checkpoint_path"": ""/home/ubuntu/DQN10/2_experiment/ugv_dqn/outputs/2026-05-12_train_load_external_demo_smoke/models/realmap_a/mlp-dqn.pt"", ""md_dqn_algo"": ""mlp-dqn"", ""md_dqn_device"": ""cpu"", ""md_dqn_max_steps"": 600, ""md_dqn_rollout_steps"": 262, ""md_dqn_reached"": false}"
extreme_s01_q0029,vanilla_ha,Extreme,d12_16,False,False,2.5008435249328613,3145,,,,0,,,0,0,0,0,False,,,,timeout,"{""profile_name"": ""extreme_d07"", ""map_seed"": 20470621, ""query_seed"": 20471625, ""evaluation_path_source"": ""planner_path"", ""planner_path_pose_count"": 0, ""evaluation_path_pose_count"": 0}"
extreme_s01_q0029,f_n3p_knn,Extreme,d12_16,True,True,0.023037123028188944,0,14.62762005042466,,,0,0.17195026871789076,0.07726275172659891,0,18,0,0,True,0,2,0.0,,"{""profile_name"": ""extreme_d07"", ""map_seed"": 20470621, ""query_seed"": 20471625}"
extreme_s01_q0029,n3p_k1,Extreme,d12_16,False,False,3.5136843072250485,4348,,,,0,,,0,0,1,1,True,0,0,,f2_failed:prediction:goal_in_collision;goal:timeout;f3_failed:timeout,"{""profile_name"": ""extreme_d07"", ""map_seed"": 20470621, ""query_seed"": 20471625}"
extreme_s01_q0029,voronoi_waypoint,Extreme,d12_16,True,True,0.5103116659447551,6,14.649968990882261,,,0,0.2142975304280186,0.07160834370078473,0,0,0,0,False,,,,,"{""profile_name"": ""extreme_d07"", ""map_seed"": 20470621, ""query_seed"": 20471625, ""waypoint_count"": 2}"
extreme_s01_q0029,bottleneck_waypoint,Extreme,d12_16,True,True,0.514215231873095,3,14.992629757424767,,,0,0.23647153522684386,0.07361382968123209,0,0,0,0,False,,,,,"{""profile_name"": ""extreme_d07"", ""map_seed"": 20470621, ""query_seed"": 20471625, ""waypoint_count"": 2, ""bottleneck_count"": 2}"
extreme_s01_q0029,md_dqn,Extreme,d12_16,False,False,0.16733289184048772,600,1.125000000000824,,,0,0.0,0.22776099467304123,0,0,0,0,False,,,,md_dqn_not_reached,"{""profile_name"": ""extreme_d07"", ""map_seed"": 20470621, ""query_seed"": 20471625, ""md_dqn_source_dir"": ""/home/ubuntu/DQN10/2_experiment"", ""md_dqn_checkpoint_path"": ""/home/ubuntu/DQN10/2_experiment/ugv_dqn/outputs/2026-05-12_train_load_external_demo_smoke/models/realmap_a/mlp-dqn.pt"", ""md_dqn_algo"": ""mlp-dqn"", ""md_dqn_device"": ""cpu"", ""md_dqn_max_steps"": 600, ""md_dqn_rollout_steps"": 600, ""md_dqn_reached"": false}"
extreme_s01_q0030,vanilla_ha,Extreme,d16_20,False,False,2.501497268676758,4033,,,,0,,,0,0,0,0,False,,,,timeout,"{""profile_name"": ""extreme_d03"", ""map_seed"": 20470622, ""query_seed"": 20471622, ""evaluation_path_source"": ""planner_path"", ""planner_path_pose_count"": 0, ""evaluation_path_pose_count"": 0}"
extreme_s01_q0030,f_n3p_knn,Extreme,d16_20,True,True,0.01958504691720009,0,19.25539199717879,,,0,0.12277507970414842,0.38443247936619174,0,1,0,0,True,1,2,0.5,,"{""profile_name"": ""extreme_d03"", ""map_seed"": 20470622, ""query_seed"": 20471622}"
extreme_s01_q0030,n3p_k1,Extreme,d16_20,False,False,3.512681747088209,6122,,,,0,,,0,0,1,1,True,0,0,,f2_failed:prediction:goal_in_collision;goal:timeout;f3_failed:timeout,"{""profile_name"": ""extreme_d03"", ""map_seed"": 20470622, ""query_seed"": 20471622}"
extreme_s01_q0030,voronoi_waypoint,Extreme,d16_20,True,True,0.6670905330684036,4,20.16915525350585,,,0,0.2486579523234111,0.4070213936739474,0,0,0,0,False,,,,,"{""profile_name"": ""extreme_d03"", ""map_seed"": 20470622, ""query_seed"": 20471622, ""waypoint_count"": 3}"
extreme_s01_q0030,bottleneck_waypoint,Extreme,d16_20,True,True,0.8190949591808021,5,19.907994117106377,,,0,0.29203322036183826,0.24076161186394907,0,0,0,0,False,,,,,"{""profile_name"": ""extreme_d03"", ""map_seed"": 20470622, ""query_seed"": 20471622, ""waypoint_count"": 4, ""bottleneck_count"": 4}"
extreme_s01_q0030,md_dqn,Extreme,d16_20,False,False,0.16735462634824216,600,1.125000000000114,,,0,0.0,0.4070213936739474,0,0,0,0,False,,,,md_dqn_not_reached,"{""profile_name"": ""extreme_d03"", ""map_seed"": 20470622, ""query_seed"": 20471622, ""md_dqn_source_dir"": ""/home/ubuntu/DQN10/2_experiment"", ""md_dqn_checkpoint_path"": ""/home/ubuntu/DQN10/2_experiment/ugv_dqn/outputs/2026-05-12_train_load_external_demo_smoke/models/realmap_a/mlp-dqn.pt"", ""md_dqn_algo"": ""mlp-dqn"", ""md_dqn_device"": ""cpu"", ""md_dqn_max_steps"": 600, ""md_dqn_rollout_steps"": 600, ""md_dqn_reached"": false}"
extreme_s01_q0031,vanilla_ha,Extreme,d20_inf,True,True,0.24973702430725098,233,26.432625101809787,,,0,0.21128888270578103,0.07853197752434327,0,0,0,0,False,,,,,"{""profile_name"": ""extreme_d04"", ""map_seed"": 20470622, ""query_seed"": 20471623, ""evaluation_path_source"": ""trace_poses"", ""planner_path_pose_count"": 48, ""evaluation_path_pose_count"": 267}"
extreme_s01_q0031,f_n3p_knn,Extreme,d20_inf,True,True,0.037427227944135666,0,27.01106970816792,26.432625101809787,0.021883736637210882,2,0.12467044684245385,0.12690527939086804,0,13,0,0,True,3,4,0.75,,"{""profile_name"": ""extreme_d04"", ""map_seed"": 20470622, ""query_seed"": 20471623}"
extreme_s01_q0031,n3p_k1,Extreme,d20_inf,True,True,0.2493975090328604,169,26.56614744925333,26.432625101809787,0.005051422131901573,0,0.1400685599860411,0.1454497091735889,0,0,1,0,True,1,1,1.0,,"{""profile_name"": ""extreme_d04"", ""map_seed"": 20470622, ""query_seed"": 20471623}"
extreme_s01_q0031,voronoi_waypoint,Extreme,d20_inf,True,True,0.852647865889594,59,27.82232101238146,26.432625101809787,0.05257502443359385,0,0.23554886378064568,0.12348270817017548,0,0,0,0,False,,,,,"{""profile_name"": ""extreme_d04"", ""map_seed"": 20470622, ""query_seed"": 20471623, ""waypoint_count"": 4}"
extreme_s01_q0031,bottleneck_waypoint,Extreme,d20_inf,True,True,0.6657703048549592,4,27.163637400152947,26.432625101809787,0.02765568291183862,0,0.126805978859851,0.09074208683656304,0,0,0,0,False,,,,,"{""profile_name"": ""extreme_d04"", ""map_seed"": 20470622, ""query_seed"": 20471623, ""waypoint_count"": 3, ""bottleneck_count"": 3}"
extreme_s01_q0031,md_dqn,Extreme,d20_inf,False,False,0.1683224521111697,600,1.1250000000000038,26.432625101809787,,0,0.8385645564237224,1.1354056324922264,0,0,0,0,False,,,,md_dqn_not_reached,"{""profile_name"": ""extreme_d04"", ""map_seed"": 20470622, ""query_seed"": 20471623, ""md_dqn_source_dir"": ""/home/ubuntu/DQN10/2_experiment"", ""md_dqn_checkpoint_path"": ""/home/ubuntu/DQN10/2_experiment/ugv_dqn/outputs/2026-05-12_train_load_external_demo_smoke/models/realmap_a/mlp-dqn.pt"", ""md_dqn_algo"": ""mlp-dqn"", ""md_dqn_device"": ""cpu"", ""md_dqn_max_steps"": 600, ""md_dqn_rollout_steps"": 600, ""md_dqn_reached"": false}"
extreme_s01_q0032,vanilla_ha,Extreme,d08_12,True,True,0.2966001033782959,206,9.598452410826702,,,0,0.10294730537350334,0.08816737649914341,0,0,0,0,False,,,,,"{""profile_name"": ""extreme_d05"", ""map_seed"": 20470622, ""query_seed"": 20471624, ""evaluation_path_source"": ""trace_poses"", ""planner_path_pose_count"": 15, ""evaluation_path_pose_count"": 98}"
extreme_s01_q0032,f_n3p_knn,Extreme,d08_12,True,True,0.010679329978302121,0,10.116769436073538,9.598452410826702,0.05400006199563934,0,0.1433077171402578,0.1256684021322425,0,2,0,0,True,0,1,0.0,,"{""profile_name"": ""extreme_d05"", ""map_seed"": 20470622, ""query_seed"": 20471624}"
extreme_s01_q0032,n3p_k1,Extreme,d08_12,True,True,0.29499915009364486,206,9.598452410826702,9.598452410826702,0.0,0,0.10294730537350334,0.08816737649914341,0,0,1,0,True,0,0,,,"{""profile_name"": ""extreme_d05"", ""map_seed"": 20470622, ""query_seed"": 20471624}"
extreme_s01_q0032,voronoi_waypoint,Extreme,d08_12,True,True,0.35584457218647003,2,10.9769292470026,9.598452410826702,0.14361448879207095,2,0.30290336806665286,0.29688055185753615,0,0,0,0,False,,,,,"{""profile_name"": ""extreme_d05"", ""map_seed"": 20470622, ""query_seed"": 20471624, ""waypoint_count"": 1}"
extreme_s01_q0032,bottleneck_waypoint,Extreme,d08_12,True,True,0.5103151830844581,3,10.803864939497341,9.598452410826702,0.1255840501236405,0,0.30764476894385284,0.29688055185753615,0,0,0,0,False,,,,,"{""profile_name"": ""extreme_d05"", ""map_seed"": 20470622, ""query_seed"": 20471624, ""waypoint_count"": 2, ""bottleneck_count"": 2}"
extreme_s01_q0032,md_dqn,Extreme,d08_12,False,False,0.16783230379223824,600,1.1249999999999862,9.598452410826702,,0,0.8385645564237346,0.915109489784796,0,0,0,0,False,,,,md_dqn_not_reached,"{""profile_name"": ""extreme_d05"", ""map_seed"": 20470622, ""query_seed"": 20471624, ""md_dqn_source_dir"": ""/home/ubuntu/DQN10/2_experiment"", ""md_dqn_checkpoint_path"": ""/home/ubuntu/DQN10/2_experiment/ugv_dqn/outputs/2026-05-12_train_load_external_demo_smoke/models/realmap_a/mlp-dqn.pt"", ""md_dqn_algo"": ""mlp-dqn"", ""md_dqn_device"": ""cpu"", ""md_dqn_max_steps"": 600, ""md_dqn_rollout_steps"": 600, ""md_dqn_reached"": false}"
extreme_s01_q0033,vanilla_ha,Extreme,d12_16,True,True,0.18428659439086914,49,13.518796795916527,,,0,0.13793468823368357,0.06992440529067312,0,0,0,0,False,,,,,"{""profile_name"": ""extreme_d06"", ""map_seed"": 20470622, ""query_seed"": 20471625, ""evaluation_path_source"": ""trace_poses"", ""planner_path_pose_count"": 23, ""evaluation_path_pose_count"": 138}"
extreme_s01_q0033,f_n3p_knn,Extreme,d12_16,True,True,0.012209326960146427,0,13.71927738198981,13.518796795916527,0.014829765481336299,0,0.07511640596161351,0.08616157946552161,0,1,0,0,True,0,1,0.0,,"{""profile_name"": ""extreme_d06"", ""map_seed"": 20470622, ""query_seed"": 20471625}"
extreme_s01_q0033,n3p_k1,Extreme,d12_16,True,True,0.20125020598061383,47,13.629932654322317,13.518796795916527,0.008220839478803255,0,0.19603141148554368,0.0703518565361615,0,0,1,0,True,0,0,,,"{""profile_name"": ""extreme_d06"", ""map_seed"": 20470622, ""query_seed"": 20471625}"
extreme_s01_q0033,voronoi_waypoint,Extreme,d12_16,True,True,0.5089515647850931,3,14.230616493233823,13.518796795916527,0.05265407181298176,0,0.1570555097466197,0.43950638382472484,0,0,0,0,False,,,,,"{""profile_name"": ""extreme_d06"", ""map_seed"": 20470622, ""query_seed"": 20471625, ""waypoint_count"": 2}"
extreme_s01_q0033,bottleneck_waypoint,Extreme,d12_16,True,True,0.5096587298903614,3,14.118736697576418,13.518796795916527,0.04437820249218549,0,0.13455651471589458,0.43950638382472484,0,0,0,0,False,,,,,"{""profile_name"": ""extreme_d06"", ""map_seed"": 20470622, ""query_seed"": 20471625, ""waypoint_count"": 2, ""bottleneck_count"": 2}"
extreme_s01_q0033,md_dqn,Extreme,d12_16,False,False,0.166922221891582,600,1.1249999999999951,13.518796795916527,,0,0.8385645564237345,0.43950638382472484,0,0,0,0,False,,,,md_dqn_not_reached,"{""profile_name"": ""extreme_d06"", ""map_seed"": 20470622, ""query_seed"": 20471625, ""md_dqn_source_dir"": ""/home/ubuntu/DQN10/2_experiment"", ""md_dqn_checkpoint_path"": ""/home/ubuntu/DQN10/2_experiment/ugv_dqn/outputs/2026-05-12_train_load_external_demo_smoke/models/realmap_a/mlp-dqn.pt"", ""md_dqn_algo"": ""mlp-dqn"", ""md_dqn_device"": ""cpu"", ""md_dqn_max_steps"": 600, ""md_dqn_rollout_steps"": 600, ""md_dqn_reached"": false}"
extreme_s01_q0034,vanilla_ha,Extreme,d16_20,True,True,0.3056981563568115,241,17.078476589132322,,,0,0.18916039031359624,0.07442597628938741,0,0,0,0,False,,,,,"{""profile_name"": ""extreme_d07"", ""map_seed"": 20470622, ""query_seed"": 20471626, ""evaluation_path_source"": ""trace_poses"", ""planner_path_pose_count"": 48, ""evaluation_path_pose_count"": 173}"
extreme_s01_q0034,f_n3p_knn,Extreme,d16_20,True,True,0.03098570113070309,0,17.47338049484365,17.078476589132322,0.023122899964193477,1,0.17419167564822408,0.07389820978037043,0,10,0,0,True,2,3,0.6666666666666666,,"{""profile_name"": ""extreme_d07"", ""map_seed"": 20470622, ""query_seed"": 20471626}"
extreme_s01_q0034,n3p_k1,Extreme,d16_20,True,True,0.3157884150277823,241,17.078476589132322,17.078476589132322,0.0,0,0.18916039031359624,0.07442597628938741,0,0,1,0,True,0,0,,,"{""profile_name"": ""extreme_d07"", ""map_seed"": 20470622, ""query_seed"": 20471626}"
extreme_s01_q0034,voronoi_waypoint,Extreme,d16_20,True,True,0.6567887410055846,4,18.494747710366298,17.078476589132322,0.08292725137646073,2,0.4298452508170274,0.06968170798954743,0,0,0,0,False,,,,,"{""profile_name"": ""extreme_d07"", ""map_seed"": 20470622, ""query_seed"": 20471626, ""waypoint_count"": 3}"
extreme_s01_q0034,bottleneck_waypoint,Extreme,d16_20,True,True,0.6571094470564276,4,17.694610058298853,17.078476589132322,0.036076605893443636,0,0.35099940873199315,0.0893941707129623,0,0,0,0,False,,,,,"{""profile_name"": ""extreme_d07"", ""map_seed"": 20470622, ""query_seed"": 20471626, ""waypoint_count"": 3, ""bottleneck_count"": 3}"
extreme_s01_q0034,md_dqn,Extreme,d16_20,False,False,0.1683831859845668,600,1.1249999999999867,17.078476589132322,,0,0.164840683701087,0.7442464007430811,0,0,0,0,False,,,,md_dqn_not_reached,"{""profile_name"": ""extreme_d07"", ""map_seed"": 20470622, ""query_seed"": 20471626, ""md_dqn_source_dir"": ""/home/ubuntu/DQN10/2_experiment"", ""md_dqn_checkpoint_path"": ""/home/ubuntu/DQN10/2_experiment/ugv_dqn/outputs/2026-05-12_train_load_external_demo_smoke/models/realmap_a/mlp-dqn.pt"", ""md_dqn_algo"": ""mlp-dqn"", ""md_dqn_device"": ""cpu"", ""md_dqn_max_steps"": 600, ""md_dqn_rollout_steps"": 600, ""md_dqn_reached"": false}"
extreme_s01_q0035,vanilla_ha,Extreme,d20_inf,False,False,2.5000975131988525,4149,,,,0,,,0,0,0,0,False,,,,timeout,"{""profile_name"": ""extreme_d03"", ""map_seed"": 20470623, ""query_seed"": 20471623, ""evaluation_path_source"": ""planner_path"", ""planner_path_pose_count"": 0, ""evaluation_path_pose_count"": 0}"
extreme_s01_q0035,f_n3p_knn,Extreme,d20_inf,True,True,0.026386999059468508,0,21.808656160893335,,,0,0.08926732767188943,0.08924583717417489,0,7,0,0,True,1,3,0.3333333333333333,,"{""profile_name"": ""extreme_d03"", ""map_seed"": 20470623, ""query_seed"": 20471623}"
extreme_s01_q0035,n3p_k1,Extreme,d20_inf,False,False,3.6777941591572016,5546,,,,0,,,0,0,2,1,True,1,1,1.0,f2_failed:prediction:goal_in_collision;goal:timeout;f3_failed:timeout,"{""profile_name"": ""extreme_d03"", ""map_seed"": 20470623, ""query_seed"": 20471623}"
extreme_s01_q0035,voronoi_waypoint,Extreme,d20_inf,True,True,0.7613996202126145,5,23.256696863226434,,,0,0.2986757197797976,0.4358370530611414,0,0,0,0,False,,,,,"{""profile_name"": ""extreme_d03"", ""map_seed"": 20470623, ""query_seed"": 20471623, ""waypoint_count"": 4}"
extreme_s01_q0035,bottleneck_waypoint,Extreme,d20_inf,True,True,0.9143526889383793,6,23.159258283910393,,,0,0.30431717443521844,0.41568119072624166,0,0,0,0,False,,,,,"{""profile_name"": ""extreme_d03"", ""map_seed"": 20470623, ""query_seed"": 20471623, ""waypoint_count"": 5, ""bottleneck_count"": 5}"
extreme_s01_q0035,md_dqn,Extreme,d20_inf,False,False,0.3898743465542793,600,1.1249999999998468,,,0,0.0,1.7479523351278017,0,0,0,0,False,,,,md_dqn_not_reached,"{""profile_name"": ""extreme_d03"", ""map_seed"": 20470623, ""query_seed"": 20471623, ""md_dqn_source_dir"": ""/home/ubuntu/DQN10/2_experiment"", ""md_dqn_checkpoint_path"": ""/home/ubuntu/DQN10/2_experiment/ugv_dqn/outputs/2026-05-12_train_load_external_demo_smoke/models/realmap_a/mlp-dqn.pt"", ""md_dqn_algo"": ""mlp-dqn"", ""md_dqn_device"": ""cpu"", ""md_dqn_max_steps"": 600, ""md_dqn_rollout_steps"": 600, ""md_dqn_reached"": false}"
extreme_s01_q0036,vanilla_ha,Extreme,d08_12,True,True,0.20041131973266602,73,11.19241317456404,,,0,0.20919144732406803,0.31840015467720073,0,0,0,0,False,,,,,"{""profile_name"": ""extreme_d04"", ""map_seed"": 20470623, ""query_seed"": 20471624, ""evaluation_path_source"": ""trace_poses"", ""planner_path_pose_count"": 16, ""evaluation_path_pose_count"": 115}"
extreme_s01_q0036,f_n3p_knn,Extreme,d08_12,True,True,0.011181792942807078,0,11.186957794527016,11.19241317456404,-0.0004874176776659134,0,0.0797889683188075,0.11393286565901273,0,1,0,0,True,0,1,0.0,,"{""profile_name"": ""extreme_d04"", ""map_seed"": 20470623, ""query_seed"": 20471624}"
extreme_s01_q0036,n3p_k1,Extreme,d08_12,True,True,0.18685745703987777,29,11.240172365923474,11.19241317456404,0.0042671040297164176,0,0.12019504936800397,0.10802021166297571,0,0,1,0,True,0,0,,,"{""profile_name"": ""extreme_d04"", ""map_seed"": 20470623, ""query_seed"": 20471624}"
extreme_s01_q0036,voronoi_waypoint,Extreme,d08_12,True,True,0.5087650569621474,3,12.877594609011416,11.19241317456404,0.15056461981560254,0,0.3780243765274738,0.12380821713242884,0,0,0,0,False,,,,,"{""profile_name"": ""extreme_d04"", ""map_seed"": 20470623, ""query_seed"": 20471624, ""waypoint_count"": 2}"
extreme_s01_q0036,bottleneck_waypoint,Extreme,d08_12,True,True,0.6704859300516546,4,12.658963010738908,11.19241317456404,0.13103070922254378,0,0.31113429603841963,0.9944448031735731,0,0,0,0,False,,,,,"{""profile_name"": ""extreme_d04"", ""map_seed"": 20470623, ""query_seed"": 20471624, ""waypoint_count"": 3, ""bottleneck_count"": 3}"
extreme_s01_q0036,md_dqn,Extreme,d08_12,False,False,0.37061328697018325,600,2.250000000000016,11.19241317456404,,0,0.08734630124015008,1.1945068966344514,0,0,0,0,False,,,,md_dqn_not_reached,"{""profile_name"": ""extreme_d04"", ""map_seed"": 20470623, ""query_seed"": 20471624, ""md_dqn_source_dir"": ""/home/ubuntu/DQN10/2_experiment"", ""md_dqn_checkpoint_path"": ""/home/ubuntu/DQN10/2_experiment/ugv_dqn/outputs/2026-05-12_train_load_external_demo_smoke/models/realmap_a/mlp-dqn.pt"", ""md_dqn_algo"": ""mlp-dqn"", ""md_dqn_device"": ""cpu"", ""md_dqn_max_steps"": 600, ""md_dqn_rollout_steps"": 600, ""md_dqn_reached"": false}"
extreme_s01_q0037,vanilla_ha,Extreme,d12_16,True,True,0.36015868186950684,285,15.449152286000684,,,0,0.341262014188199,0.07425815772886057,0,0,0,0,False,,,,,"{""profile_name"": ""extreme_d05"", ""map_seed"": 20470623, ""query_seed"": 20471625, ""evaluation_path_source"": ""trace_poses"", ""planner_path_pose_count"": 47, ""evaluation_path_pose_count"": 157}"
extreme_s01_q0037,f_n3p_knn,Extreme,d12_16,True,True,0.019868601812049747,0,15.340736544895815,15.449152286000684,-0.007017585113916591,0,0.10202865205077424,0.06511600367086201,0,7,0,0,True,1,2,0.5,,"{""profile_name"": ""extreme_d05"", ""map_seed"": 20470623, ""query_seed"": 20471625}"
extreme_s01_q0037,n3p_k1,Extreme,d12_16,True,True,0.2024719500914216,71,15.405791159981648,15.449152286000684,-0.0028066993719990663,0,0.2299539019115612,0.06454953712514477,0,0,1,0,True,1,1,1.0,,"{""profile_name"": ""extreme_d05"", ""map_seed"": 20470623, ""query_seed"": 20471625}"
extreme_s01_q0037,voronoi_waypoint,Extreme,d12_16,True,True,0.6116169311571866,4,16.67555404689569,15.449152286000684,0.07938311036045098,0,0.24301582995146206,0.06275725740118099,0,0,0,0,False,,,,,"{""profile_name"": ""extreme_d05"", ""map_seed"": 20470623, ""query_seed"": 20471625, ""waypoint_count"": 3}"
extreme_s01_q0037,bottleneck_waypoint,Extreme,d12_16,True,True,0.6179002411663532,4,16.333709377968724,15.449152286000684,0.057256027747851546,4,0.2152922248180946,0.0631182710814771,0,0,0,0,False,,,,,"{""profile_name"": ""extreme_d05"", ""map_seed"": 20470623, ""query_seed"": 20471625, ""waypoint_count"": 3, ""bottleneck_count"": 3}"
extreme_s01_q0037,md_dqn,Extreme,d12_16,False,False,0.3897623298689723,600,1.1249999999999916,15.449152286000684,,0,0.8385645564237335,0.5051031080568946,0,0,0,0,False,,,,md_dqn_not_reached,"{""profile_name"": ""extreme_d05"", ""map_seed"": 20470623, ""query_seed"": 20471625, ""md_dqn_source_dir"": ""/home/ubuntu/DQN10/2_experiment"", ""md_dqn_checkpoint_path"": ""/home/ubuntu/DQN10/2_experiment/ugv_dqn/outputs/2026-05-12_train_load_external_demo_smoke/models/realmap_a/mlp-dqn.pt"", ""md_dqn_algo"": ""mlp-dqn"", ""md_dqn_device"": ""cpu"", ""md_dqn_max_steps"": 600, ""md_dqn_rollout_steps"": 600, ""md_dqn_reached"": false}"
extreme_s01_q0038,vanilla_ha,Extreme,d16_20,True,True,0.21876788139343262,177,19.693739123441155,,,0,0.1526853362996631,0.06437758527283033,0,0,0,0,False,,,,,"{""profile_name"": ""extreme_d06"", ""map_seed"": 20470623, ""query_seed"": 20471626, ""evaluation_path_source"": ""trace_poses"", ""planner_path_pose_count"": 29, ""evaluation_path_pose_count"": 199}"
extreme_s01_q0038,f_n3p_knn,Extreme,d16_20,True,True,0.03855668706819415,0,21.742398081294123,19.693739123441155,0.10402590107505194,0,0.1622493095277237,0.17327533242571136,0,12,0,0,True,0,4,0.0,,"{""profile_name"": ""extreme_d06"", ""map_seed"": 20470623, ""query_seed"": 20471626}"
extreme_s01_q0038,n3p_k1,Extreme,d16_20,True,True,0.230872806860134,177,19.693739123441155,19.693739123441155,0.0,0,0.15268533629966313,0.06437758527283033,0,0,1,0,True,0,0,,,"{""profile_name"": ""extreme_d06"", ""map_seed"": 20470623, ""query_seed"": 20471626}"
extreme_s01_q0038,voronoi_waypoint,Extreme,d16_20,True,True,0.6559404660947621,4,22.16893234519244,19.693739123441155,0.12568426981979774,0,0.22659236250035886,0.4408684832154375,0,0,0,0,False,,,,,"{""profile_name"": ""extreme_d06"", ""map_seed"": 20470623, ""query_seed"": 20471626, ""waypoint_count"": 3}"
extreme_s01_q0038,bottleneck_waypoint,Extreme,d16_20,True,True,0.6583068668842316,4,21.871238008469756,19.693739123441155,0.11056807807699442,0,0.21764957237835336,0.4408684832154375,0,0,0,0,False,,,,,"{""profile_name"": ""extreme_d06"", ""map_seed"": 20470623, ""query_seed"": 20471626, ""waypoint_count"": 3, ""bottleneck_count"": 3}"
extreme_s01_q0038,md_dqn,Extreme,d16_20,False,False,0.3992058776784688,600,1.1249999999999754,19.693739123441155,,0,0.828655089894907,0.4408684832154375,0,0,0,0,False,,,,md_dqn_not_reached,"{""profile_name"": ""extreme_d06"", ""map_seed"": 20470623, ""query_seed"": 20471626, ""md_dqn_source_dir"": ""/home/ubuntu/DQN10/2_experiment"", ""md_dqn_checkpoint_path"": ""/home/ubuntu/DQN10/2_experiment/ugv_dqn/outputs/2026-05-12_train_load_external_demo_smoke/models/realmap_a/mlp-dqn.pt"", ""md_dqn_algo"": ""mlp-dqn"", ""md_dqn_device"": ""cpu"", ""md_dqn_max_steps"": 600, ""md_dqn_rollout_steps"": 600, ""md_dqn_reached"": false}"
extreme_s01_q0039,vanilla_ha,Extreme,d20_inf,False,False,2.500447988510132,4801,,,,0,,,0,0,0,0,False,,,,timeout,"{""profile_name"": ""extreme_d07"", ""map_seed"": 20470623, ""query_seed"": 20471627, ""evaluation_path_source"": ""planner_path"", ""planner_path_pose_count"": 0, ""evaluation_path_pose_count"": 0}"
extreme_s01_q0039,f_n3p_knn,Extreme,d20_inf,False,False,3.5637693230528384,6149,,,,0,,,0,33,1,1,True,2,5,0.4,f2_failed:prediction:goal_in_collision;goal:timeout;f3_failed:timeout,"{""profile_name"": ""extreme_d07"", ""map_seed"": 20470623, ""query_seed"": 20471627}"
extreme_s01_q0039,n3p_k1,Extreme,d20_inf,False,False,3.531237189192325,6660,,,,0,,,0,0,1,1,True,2,2,1.0,f2_failed:prediction:goal_in_collision;goal:timeout;f3_failed:timeout,"{""profile_name"": ""extreme_d07"", ""map_seed"": 20470623, ""query_seed"": 20471627}"
extreme_s01_q0039,voronoi_waypoint,Extreme,d20_inf,True,True,1.119663004996255,7,33.718831123780625,,,0,0.2599842014555623,0.07217299102253649,0,0,0,0,False,,,,,"{""profile_name"": ""extreme_d07"", ""map_seed"": 20470623, ""query_seed"": 20471627, ""waypoint_count"": 6}"
extreme_s01_q0039,bottleneck_waypoint,Extreme,d20_inf,True,True,0.9764059539884329,6,34.072935444116915,,,2,0.23166115813465943,0.1635807699285038,0,0,0,0,False,,,,,"{""profile_name"": ""extreme_d07"", ""map_seed"": 20470623, ""query_seed"": 20471627, ""waypoint_count"": 5, ""bottleneck_count"": 5}"
extreme_s01_q0039,md_dqn,Extreme,d20_inf,False,False,0.3938395020086318,600,1.124999999999999,,,0,0.8385645564237262,0.6381558253606872,0,0,0,0,False,,,,md_dqn_not_reached,"{""profile_name"": ""extreme_d07"", ""map_seed"": 20470623, ""query_seed"": 20471627, ""md_dqn_source_dir"": ""/home/ubuntu/DQN10/2_experiment"", ""md_dqn_checkpoint_path"": ""/home/ubuntu/DQN10/2_experiment/ugv_dqn/outputs/2026-05-12_train_load_external_demo_smoke/models/realmap_a/mlp-dqn.pt"", ""md_dqn_algo"": ""mlp-dqn"", ""md_dqn_device"": ""cpu"", ""md_dqn_max_steps"": 600, ""md_dqn_rollout_steps"": 600, ""md_dqn_reached"": false}"
extreme_s02_q0040,vanilla_ha,Extreme,d08_12,True,True,0.16214299201965332,8,9.584056777232984,,,0,0.14050219934419594,0.14247938201767119,0,0,0,0,False,,,,,"{""profile_name"": ""extreme_d03"", ""map_seed"": 20480620, ""query_seed"": 20481620, ""evaluation_path_source"": ""trace_poses"", ""planner_path_pose_count"": 8, ""evaluation_path_pose_count"": 98}"
extreme_s02_q0040,f_n3p_knn,Extreme,d08_12,True,True,0.01146259205415845,0,11.20997787959482,9.584056777232984,0.1696485256873923,0,0.2842565697590436,0.23262409012262764,0,5,0,0,True,0,1,0.0,,"{""profile_name"": ""extreme_d03"", ""map_seed"": 20480620, ""query_seed"": 20481620}"
extreme_s02_q0040,n3p_k1,Extreme,d08_12,True,True,0.168624228797853,7,9.656567987976018,9.584056777232984,0.007565816066040565,0,0.1502056781422847,0.14247938201767119,0,0,1,0,True,0,0,,,"{""profile_name"": ""extreme_d03"", ""map_seed"": 20480620, ""query_seed"": 20481620}"
extreme_s02_q0040,voronoi_waypoint,Extreme,d08_12,True,True,0.35593749093823135,2,10.383330380306669,9.584056777232984,0.08339616736958044,0,0.3023723097990195,0.24965651307588044,0,0,0,0,False,,,,,"{""profile_name"": ""extreme_d03"", ""map_seed"": 20480620, ""query_seed"": 20481620, ""waypoint_count"": 1}"
extreme_s02_q0040,bottleneck_waypoint,Extreme,d08_12,True,True,0.36197933298535645,10,9.722538011871984,9.584056777232984,0.014449125026884557,0,0.20851767144860936,0.14247938201767119,0,0,0,0,False,,,,,"{""profile_name"": ""extreme_d03"", ""map_seed"": 20480620, ""query_seed"": 20481620, ""waypoint_count"": 1, ""bottleneck_count"": 1}"
extreme_s02_q0040,md_dqn,Extreme,d08_12,False,False,0.43418637779541314,155,2.2256250000000044,9.584056777232984,,1,0.6638241345071393,0.19633235247184588,0,0,0,0,False,,,,md_dqn_not_reached,"{""profile_name"": ""extreme_d03"", ""map_seed"": 20480620, ""query_seed"": 20481620, ""md_dqn_source_dir"": ""/home/ubuntu/DQN10/2_experiment"", ""md_dqn_checkpoint_path"": ""/home/ubuntu/DQN10/2_experiment/ugv_dqn/outputs/2026-05-12_train_load_external_demo_smoke/models/realmap_a/mlp-dqn.pt"", ""md_dqn_algo"": ""mlp-dqn"", ""md_dqn_device"": ""cpu"", ""md_dqn_max_steps"": 600, ""md_dqn_rollout_steps"": 155, ""md_dqn_reached"": false}"
extreme_s02_q0041,vanilla_ha,Extreme,d12_16,True,True,0.8094799518585205,759,13.188829270914313,,,0,0.21811486109629105,0.07762201063994156,0,0,0,0,False,,,,,"{""profile_name"": ""extreme_d04"", ""map_seed"": 20480620, ""query_seed"": 20481621, ""evaluation_path_source"": ""trace_poses"", ""planner_path_pose_count"": 41, ""evaluation_path_pose_count"": 134}"
extreme_s02_q0041,f_n3p_knn,Extreme,d12_16,True,True,0.2554421138484031,103,12.998308121629536,13.188829270914313,-0.014445645278382546,0,0.11230456352071418,0.07154948691637397,0,19,1,0,True,1,1,1.0,,"{""profile_name"": ""extreme_d04"", ""map_seed"": 20480620, ""query_seed"": 20481621}"
extreme_s02_q0041,n3p_k1,Extreme,d12_16,True,True,0.2540207749698311,103,12.998308121629536,13.188829270914313,-0.014445645278382546,0,0.11230456352071418,0.07154948691637397,0,0,1,0,True,1,1,1.0,,"{""profile_name"": ""extreme_d04"", ""map_seed"": 20480620, ""query_seed"": 20481621}"
extreme_s02_q0041,voronoi_waypoint,Extreme,d12_16,True,True,0.4703526620287448,5,13.042962295021933,13.188829270914313,-0.011059888098943316,0,0.14313156416129624,0.08511396740440569,0,0,0,0,False,,,,,"{""profile_name"": ""extreme_d04"", ""map_seed"": 20480620, ""query_seed"": 20481621, ""waypoint_count"": 2}"
extreme_s02_q0041,bottleneck_waypoint,Extreme,d12_16,True,True,0.4727396019734442,3,13.143181246269327,13.188829270914313,-0.003461112711926284,0,0.1740165503659072,0.11614625597726635,0,0,0,0,False,,,,,"{""profile_name"": ""extreme_d04"", ""map_seed"": 20480620, ""query_seed"": 20481621, ""waypoint_count"": 2, ""bottleneck_count"": 2}"
extreme_s02_q0041,md_dqn,Extreme,d12_16,False,False,0.4049607121851295,420,0.8400000000000138,13.188829270914313,,2,0.814196292355429,0.3968746510817177,0,0,0,0,False,,,,md_dqn_not_reached,"{""profile_name"": ""extreme_d04"", ""map_seed"": 20480620, ""query_seed"": 20481621, ""md_dqn_source_dir"": ""/home/ubuntu/DQN10/2_experiment"", ""md_dqn_checkpoint_path"": ""/home/ubuntu/DQN10/2_experiment/ugv_dqn/outputs/2026-05-12_train_load_external_demo_smoke/models/realmap_a/mlp-dqn.pt"", ""md_dqn_algo"": ""mlp-dqn"", ""md_dqn_device"": ""cpu"", ""md_dqn_max_steps"": 600, ""md_dqn_rollout_steps"": 420, ""md_dqn_reached"": false}"
extreme_s02_q0042,vanilla_ha,Extreme,d16_20,True,True,0.15501904487609863,17,18.872442063411132,,,0,0.08371351182364375,0.08316021395885986,0,0,0,0,False,,,,,"{""profile_name"": ""extreme_d05"", ""map_seed"": 20480620, ""query_seed"": 20481622, ""evaluation_path_source"": ""trace_poses"", ""planner_path_pose_count"": 11, ""evaluation_path_pose_count"": 192}"
extreme_s02_q0042,f_n3p_knn,Extreme,d16_20,True,True,0.011685974895954132,0,18.856165264902376,18.872442063411132,-0.0008624638218024394,0,0.05556944854484868,0.10410344885448886,0,0,0,0,False,1,1,1.0,,"{""profile_name"": ""extreme_d05"", ""map_seed"": 20480620, ""query_seed"": 20481622}"
extreme_s02_q0042,n3p_k1,Extreme,d16_20,True,True,0.009614767972379923,0,18.856165264902376,18.872442063411132,-0.0008624638218024394,0,0.05556944854484868,0.10410344885448886,0,0,0,0,False,1,1,1.0,,"{""profile_name"": ""extreme_d05"", ""map_seed"": 20480620, ""query_seed"": 20481622}"
extreme_s02_q0042,voronoi_waypoint,Extreme,d16_20,True,True,0.7450501858256757,134,20.99438255817765,18.872442063411132,0.11243592576079076,2,0.19439674466541124,0.06280317046806694,0,0,0,0,False,,,,,"{""profile_name"": ""extreme_d05"", ""map_seed"": 20480620, ""query_seed"": 20481622, ""waypoint_count"": 3}"
extreme_s02_q0042,bottleneck_waypoint,Extreme,d16_20,True,True,0.765325954882428,5,20.15479826887598,18.872442063411132,0.06794860999737873,0,0.2592180733407466,0.1351291627669231,0,0,0,0,False,,,,,"{""profile_name"": ""extreme_d05"", ""map_seed"": 20480620, ""query_seed"": 20481622, ""waypoint_count"": 4, ""bottleneck_count"": 4}"
extreme_s02_q0042,md_dqn,Extreme,d16_20,False,False,0.37928079650737345,600,1.1249999999999947,18.872442063411132,,0,0.8385645564237304,0.46897048297492716,0,0,0,0,False,,,,md_dqn_not_reached,"{""profile_name"": ""extreme_d05"", ""map_seed"": 20480620, ""query_seed"": 20481622, ""md_dqn_source_dir"": ""/home/ubuntu/DQN10/2_experiment"", ""md_dqn_checkpoint_path"": ""/home/ubuntu/DQN10/2_experiment/ugv_dqn/outputs/2026-05-12_train_load_external_demo_smoke/models/realmap_a/mlp-dqn.pt"", ""md_dqn_algo"": ""mlp-dqn"", ""md_dqn_device"": ""cpu"", ""md_dqn_max_steps"": 600, ""md_dqn_rollout_steps"": 600, ""md_dqn_reached"": false}"
extreme_s02_q0043,vanilla_ha,Extreme,d20_inf,True,True,0.3135523796081543,301,23.325988233273392,,,0,0.2010483868073984,0.07103194058785067,0,0,0,0,False,,,,,"{""profile_name"": ""extreme_d06"", ""map_seed"": 20480620, ""query_seed"": 20481623, ""evaluation_path_source"": ""trace_poses"", ""planner_path_pose_count"": 64, ""evaluation_path_pose_count"": 236}"
extreme_s02_q0043,f_n3p_knn,Extreme,d20_inf,True,True,0.02834453503601253,0,23.430717251964598,23.325988233273392,0.0044897998594466415,0,0.07722036494512641,0.08095275443647543,0,5,0,0,True,1,3,0.3333333333333333,,"{""profile_name"": ""extreme_d06"", ""map_seed"": 20480620, ""query_seed"": 20481623}"
extreme_s02_q0043,n3p_k1,Extreme,d20_inf,True,True,0.19757470185868442,43,23.17545489069558,23.325988233273392,-0.006453460452452986,0,0.09938222042956742,0.0647813765076164,0,0,1,0,True,2,2,1.0,,"{""profile_name"": ""extreme_d06"", ""map_seed"": 20480620, ""query_seed"": 20481623}"
extreme_s02_q0043,voronoi_waypoint,Extreme,d20_inf,True,True,0.7520602128934115,8,23.6776356523882,23.325988233273392,0.01507534924557663,0,0.13847342220401238,0.18461108969621898,0,0,0,0,False,,,,,"{""profile_name"": ""extreme_d06"", ""map_seed"": 20480620, ""query_seed"": 20481623, ""waypoint_count"": 4}"
extreme_s02_q0043,bottleneck_waypoint,Extreme,d20_inf,True,True,0.8918577020522207,6,23.765526984071453,23.325988233273392,0.01884330671877299,0,0.1584283027669832,0.3026867759887294,0,0,0,0,False,,,,,"{""profile_name"": ""extreme_d06"", ""map_seed"": 20480620, ""query_seed"": 20481623, ""waypoint_count"": 5, ""bottleneck_count"": 5}"
extreme_s02_q0043,md_dqn,Extreme,d20_inf,False,False,0.3956802967004478,600,1.1249999999999976,23.325988233273392,,0,0.82865508989489,0.6700349766595106,0,0,0,0,False,,,,md_dqn_not_reached,"{""profile_name"": ""extreme_d06"", ""map_seed"": 20480620, ""query_seed"": 20481623, ""md_dqn_source_dir"": ""/home/ubuntu/DQN10/2_experiment"", ""md_dqn_checkpoint_path"": ""/home/ubuntu/DQN10/2_experiment/ugv_dqn/outputs/2026-05-12_train_load_external_demo_smoke/models/realmap_a/mlp-dqn.pt"", ""md_dqn_algo"": ""mlp-dqn"", ""md_dqn_device"": ""cpu"", ""md_dqn_max_steps"": 600, ""md_dqn_rollout_steps"": 600, ""md_dqn_reached"": false}"
extreme_s02_q0044,vanilla_ha,Extreme,d08_12,True,True,0.3345041275024414,223,11.895710534134325,,,0,0.3944821620161824,0.05844109125363467,0,0,0,0,False,,,,,"{""profile_name"": ""extreme_d07"", ""map_seed"": 20480620, ""query_seed"": 20481624, ""evaluation_path_source"": ""trace_poses"", ""planner_path_pose_count"": 33, ""evaluation_path_pose_count"": 121}"
extreme_s02_q0044,f_n3p_knn,Extreme,d08_12,True,True,0.020887924125418067,0,11.883557092329294,11.895710534134325,-0.0010216658996666794,0,0.13713845785901435,0.1355208129138208,0,7,0,0,True,0,2,0.0,,"{""profile_name"": ""extreme_d07"", ""map_seed"": 20480620, ""query_seed"": 20481624}"
extreme_s02_q0044,n3p_k1,Extreme,d08_12,True,True,1.3508543248753995,1060,11.895710534134325,11.895710534134325,0.0,0,0.3944821620161824,0.05844109125363467,0,0,1,0,True,0,0,,,"{""profile_name"": ""extreme_d07"", ""map_seed"": 20480620, ""query_seed"": 20481624}"
extreme_s02_q0044,voronoi_waypoint,Extreme,d08_12,True,True,0.7156508308835328,235,13.264290008439465,11.895710534134325,0.11504814869007185,2,0.47030533345281716,0.0748274188477116,0,0,0,0,False,,,,,"{""profile_name"": ""extreme_d07"", ""map_seed"": 20480620, ""query_seed"": 20481624, ""waypoint_count"": 2}"
extreme_s02_q0044,bottleneck_waypoint,Extreme,d08_12,True,True,0.5089395309332758,3,12.767022636699776,11.895710534134325,0.07324590658668528,0,0.29540959898898395,0.1883621671957879,0,0,0,0,False,,,,,"{""profile_name"": ""extreme_d07"", ""map_seed"": 20480620, ""query_seed"": 20481624, ""waypoint_count"": 2, ""bottleneck_count"": 2}"
extreme_s02_q0044,md_dqn,Extreme,d08_12,False,False,0.3908960323315114,600,1.125000000000004,11.895710534134325,,0,0.26176619490281644,0.26927804097614405,0,0,0,0,False,,,,md_dqn_not_reached,"{""profile_name"": ""extreme_d07"", ""map_seed"": 20480620, ""query_seed"": 20481624, ""md_dqn_source_dir"": ""/home/ubuntu/DQN10/2_experiment"", ""md_dqn_checkpoint_path"": ""/home/ubuntu/DQN10/2_experiment/ugv_dqn/outputs/2026-05-12_train_load_external_demo_smoke/models/realmap_a/mlp-dqn.pt"", ""md_dqn_algo"": ""mlp-dqn"", ""md_dqn_device"": ""cpu"", ""md_dqn_max_steps"": 600, ""md_dqn_rollout_steps"": 600, ""md_dqn_reached"": false}"
extreme_s02_q0045,vanilla_ha,Extreme,d12_16,False,False,2.5000228881835938,3531,,,,0,,,0,0,0,0,False,,,,timeout,"{""profile_name"": ""extreme_d03"", ""map_seed"": 20480621, ""query_seed"": 20481621, ""evaluation_path_source"": ""planner_path"", ""planner_path_pose_count"": 0, ""evaluation_path_pose_count"": 0}"
extreme_s02_q0045,f_n3p_knn,Extreme,d12_16,True,True,0.021261223824694753,0,15.639213161422902,,,0,0.14811431442327186,0.14161414603100964,0,0,0,0,False,2,2,1.0,,"{""profile_name"": ""extreme_d03"", ""map_seed"": 20480621, ""query_seed"": 20481621}"
extreme_s02_q0045,n3p_k1,Extreme,d12_16,True,True,0.018948395969346166,0,15.639213161422902,,,0,0.14811431442327186,0.14161414603100964,0,0,0,0,False,2,2,1.0,,"{""profile_name"": ""extreme_d03"", ""map_seed"": 20480621, ""query_seed"": 20481621}"
extreme_s02_q0045,voronoi_waypoint,Extreme,d12_16,True,True,0.7141332870814949,234,17.283036978174387,,,0,0.1999147148037797,0.0763369653178887,0,0,0,0,False,,,,,"{""profile_name"": ""extreme_d03"", ""map_seed"": 20480621, ""query_seed"": 20481621, ""waypoint_count"": 2}"
extreme_s02_q0045,bottleneck_waypoint,Extreme,d12_16,True,True,0.6607001810334623,4,16.504873843657574,,,0,0.23258361661037094,0.6968844752072867,0,0,0,0,False,,,,,"{""profile_name"": ""extreme_d03"", ""map_seed"": 20480621, ""query_seed"": 20481621, ""waypoint_count"": 3, ""bottleneck_count"": 3}"
extreme_s02_q0045,md_dqn,Extreme,d12_16,False,False,0.16747208940796554,600,1.124999999999996,,,0,0.8286550898948931,1.2604417192319441,0,0,0,0,False,,,,md_dqn_not_reached,"{""profile_name"": ""extreme_d03"", ""map_seed"": 20480621, ""query_seed"": 20481621, ""md_dqn_source_dir"": ""/home/ubuntu/DQN10/2_experiment"", ""md_dqn_checkpoint_path"": ""/home/ubuntu/DQN10/2_experiment/ugv_dqn/outputs/2026-05-12_train_load_external_demo_smoke/models/realmap_a/mlp-dqn.pt"", ""md_dqn_algo"": ""mlp-dqn"", ""md_dqn_device"": ""cpu"", ""md_dqn_max_steps"": 600, ""md_dqn_rollout_steps"": 600, ""md_dqn_reached"": false}"
extreme_s02_q0046,vanilla_ha,Extreme,d16_20,True,True,0.31357598304748535,353,20.57090039618981,,,0,0.17276676574425195,0.03742612570805792,0,0,0,0,False,,,,,"{""profile_name"": ""extreme_d04"", ""map_seed"": 20480621, ""query_seed"": 20481622, ""evaluation_path_source"": ""trace_poses"", ""planner_path_pose_count"": 31, ""evaluation_path_pose_count"": 209}"
extreme_s02_q0046,f_n3p_knn,Extreme,d16_20,True,True,0.038411201909184456,0,20.268493725795565,20.57090039618981,-0.014700701698514673,0,0.1113269754509608,0.2058800090126175,0,2,0,0,True,2,4,0.5,,"{""profile_name"": ""extreme_d04"", ""map_seed"": 20480621, ""query_seed"": 20481622}"
extreme_s02_q0046,n3p_k1,Extreme,d16_20,True,True,0.4055952630005777,245,20.296217638679018,20.57090039618981,-0.013352976885818268,0,0.11351743648743252,0.09253244828808649,0,0,1,0,True,0,0,,,"{""profile_name"": ""extreme_d04"", ""map_seed"": 20480621, ""query_seed"": 20481622}"
extreme_s02_q0046,voronoi_waypoint,Extreme,d16_20,True,True,0.6646625511348248,4,20.378685579126586,20.57090039618981,-0.009344015738797062,0,0.12467165894112406,0.2754711444428348,0,0,0,0,False,,,,,"{""profile_name"": ""extreme_d04"", ""map_seed"": 20480621, ""query_seed"": 20481622, ""waypoint_count"": 3}"
extreme_s02_q0046,bottleneck_waypoint,Extreme,d16_20,True,True,0.5151664121076465,3,20.197373606503394,20.57090039618981,-0.018158018486910787,0,0.0959606407382742,0.3091737003644601,0,0,0,0,False,,,,,"{""profile_name"": ""extreme_d04"", ""map_seed"": 20480621, ""query_seed"": 20481622, ""waypoint_count"": 2, ""bottleneck_count"": 2}"
extreme_s02_q0046,md_dqn,Extreme,d16_20,False,False,0.1683762506581843,600,1.1249999999999567,20.57090039618981,,0,0.828655089894921,0.5467185400328314,0,0,0,0,False,,,,md_dqn_not_reached,"{""profile_name"": ""extreme_d04"", ""map_seed"": 20480621, ""query_seed"": 20481622, ""md_dqn_source_dir"": ""/home/ubuntu/DQN10/2_experiment"", ""md_dqn_checkpoint_path"": ""/home/ubuntu/DQN10/2_experiment/ugv_dqn/outputs/2026-05-12_train_load_external_demo_smoke/models/realmap_a/mlp-dqn.pt"", ""md_dqn_algo"": ""mlp-dqn"", ""md_dqn_device"": ""cpu"", ""md_dqn_max_steps"": 600, ""md_dqn_rollout_steps"": 600, ""md_dqn_reached"": false}"
extreme_s02_q0047,vanilla_ha,Extreme,d20_inf,True,True,0.42450475692749023,689,23.55274229377235,,,0,0.15248710696702036,0.08127772617048745,0,0,0,0,False,,,,,"{""profile_name"": ""extreme_d05"", ""map_seed"": 20480621, ""query_seed"": 20481623, ""evaluation_path_source"": ""trace_poses"", ""planner_path_pose_count"": 31, ""evaluation_path_pose_count"": 238}"
extreme_s02_q0047,f_n3p_knn,Extreme,d20_inf,True,True,0.05826044292189181,0,33.95479184424316,23.55274229377235,0.44164918975151557,3,0.07163227576725907,0.09919338731290162,0,19,0,0,True,2,6,0.3333333333333333,,"{""profile_name"": ""extreme_d05"", ""map_seed"": 20480621, ""query_seed"": 20481623}"
extreme_s02_q0047,n3p_k1,Extreme,d20_inf,True,True,0.5905899158678949,631,23.08043922712106,23.55274229377235,-0.02005299683409567,0,0.13554114404489362,0.08373660589814313,0,0,1,0,True,1,1,1.0,,"{""profile_name"": ""extreme_d05"", ""map_seed"": 20480621, ""query_seed"": 20481623}"
extreme_s02_q0047,voronoi_waypoint,Extreme,d20_inf,True,True,0.8446837558876723,29,25.750388841494598,23.55274229377235,0.09330745950136476,2,0.34802465743735717,0.09762495046407538,0,0,0,0,False,,,,,"{""profile_name"": ""extreme_d05"", ""map_seed"": 20480621, ""query_seed"": 20481623, ""waypoint_count"": 4}"
extreme_s02_q0047,bottleneck_waypoint,Extreme,d20_inf,True,True,0.9943616888485849,34,24.508744269406808,23.55274229377235,0.04058983721344567,0,0.2882318953567867,0.220247242655493,0,0,0,0,False,,,,,"{""profile_name"": ""extreme_d05"", ""map_seed"": 20480621, ""query_seed"": 20481623, ""waypoint_count"": 5, ""bottleneck_count"": 5}"
extreme_s02_q0047,md_dqn,Extreme,d20_inf,False,False,0.16682328679598868,600,1.1250000000000269,23.55274229377235,,0,0.8286550898949274,0.220247242655493,0,0,0,0,False,,,,md_dqn_not_reached,"{""profile_name"": ""extreme_d05"", ""map_seed"": 20480621, ""query_seed"": 20481623, ""md_dqn_source_dir"": ""/home/ubuntu/DQN10/2_experiment"", ""md_dqn_checkpoint_path"": ""/home/ubuntu/DQN10/2_experiment/ugv_dqn/outputs/2026-05-12_train_load_external_demo_smoke/models/realmap_a/mlp-dqn.pt"", ""md_dqn_algo"": ""mlp-dqn"", ""md_dqn_device"": ""cpu"", ""md_dqn_max_steps"": 600, ""md_dqn_rollout_steps"": 600, ""md_dqn_reached"": false}"
extreme_s02_q0048,vanilla_ha,Extreme,d08_12,True,True,0.3802168369293213,346,9.889044791748988,,,1,0.3098130456319123,0.07300320700616636,0,0,0,0,False,,,,,"{""profile_name"": ""extreme_d06"", ""map_seed"": 20480621, ""query_seed"": 20481624, ""evaluation_path_source"": ""trace_poses"", ""planner_path_pose_count"": 16, ""evaluation_path_pose_count"": 101}"
extreme_s02_q0048,f_n3p_knn,Extreme,d08_12,True,True,1.25216532102786,1073,9.846020155228079,9.889044791748988,-0.004350737348950751,1,0.34915390192500123,0.0714162072125013,0,20,1,0,True,0,1,0.0,,"{""profile_name"": ""extreme_d06"", ""map_seed"": 20480621, ""query_seed"": 20481624}"
extreme_s02_q0048,n3p_k1,Extreme,d08_12,True,True,0.3553589070215821,67,10.320174689144944,9.889044791748988,0.04359671803243037,1,0.3174391623193117,0.08019906665341003,0,0,2,0,True,0,0,,,"{""profile_name"": ""extreme_d06"", ""map_seed"": 20480621, ""query_seed"": 20481624}"
extreme_s02_q0048,voronoi_waypoint,Extreme,d08_12,True,True,0.39986280794255435,52,11.902149179133184,9.889044791748988,0.2035691444196761,3,0.3811290144954171,0.1252655456713211,0,0,0,0,False,,,,,"{""profile_name"": ""extreme_d06"", ""map_seed"": 20480621, ""query_seed"": 20481624, ""waypoint_count"": 1}"
extreme_s02_q0048,bottleneck_waypoint,Extreme,d08_12,True,True,0.5084937359206378,3,11.972962750104559,9.889044791748988,0.210729954433446,3,0.3113416242125867,0.08133873425599492,0,0,0,0,False,,,,,"{""profile_name"": ""extreme_d06"", ""map_seed"": 20480621, ""query_seed"": 20481624, ""waypoint_count"": 2, ""bottleneck_count"": 2}"
extreme_s02_q0048,md_dqn,Extreme,d08_12,False,False,0.0014528259634971619,1,0.003750000000000489,9.889044791748988,,0,0.08734630124013922,0.13353819470443495,0,0,0,0,False,,,,md_dqn_not_reached,"{""profile_name"": ""extreme_d06"", ""map_seed"": 20480621, ""query_seed"": 20481624, ""md_dqn_source_dir"": ""/home/ubuntu/DQN10/2_experiment"", ""md_dqn_checkpoint_path"": ""/home/ubuntu/DQN10/2_experiment/ugv_dqn/outputs/2026-05-12_train_load_external_demo_smoke/models/realmap_a/mlp-dqn.pt"", ""md_dqn_algo"": ""mlp-dqn"", ""md_dqn_device"": ""cpu"", ""md_dqn_max_steps"": 600, ""md_dqn_rollout_steps"": 1, ""md_dqn_reached"": false}"
extreme_s02_q0049,vanilla_ha,Extreme,d12_16,True,True,0.19479870796203613,49,13.828727272481432,,,0,0.1500279252402915,0.14176921481257576,0,0,0,0,False,,,,,"{""profile_name"": ""extreme_d07"", ""map_seed"": 20480621, ""query_seed"": 20481625, ""evaluation_path_source"": ""trace_poses"", ""planner_path_pose_count"": 17, ""evaluation_path_pose_count"": 141}"
extreme_s02_q0049,f_n3p_knn,Extreme,d12_16,True,True,0.021871293894946575,0,14.378741647268,13.828727272481432,0.03977331853821964,0,0.14742390780783707,0.17565074835153904,0,19,0,0,True,0,2,0.0,,"{""profile_name"": ""extreme_d07"", ""map_seed"": 20480621, ""query_seed"": 20481625}"
extreme_s02_q0049,n3p_k1,Extreme,d12_16,True,True,0.20319134602323174,49,13.828727272481432,13.828727272481432,0.0,0,0.1500279252402915,0.14176921481257576,0,0,1,0,True,0,0,,,"{""profile_name"": ""extreme_d07"", ""map_seed"": 20480621, ""query_seed"": 20481625}"
extreme_s02_q0049,voronoi_waypoint,Extreme,d12_16,True,True,0.503324958961457,3,14.47233282227394,13.828727272481432,0.046541199136471034,0,0.16904963300019965,0.2970639737746571,0,0,0,0,False,,,,,"{""profile_name"": ""extreme_d07"", ""map_seed"": 20480621, ""query_seed"": 20481625, ""waypoint_count"": 2}"
extreme_s02_q0049,bottleneck_waypoint,Extreme,d12_16,True,True,0.5054307850077748,3,14.855416913724024,13.828727272481432,0.07424324892759016,0,0.2901128903662307,0.295810647788745,0,0,0,0,False,,,,,"{""profile_name"": ""extreme_d07"", ""map_seed"": 20480621, ""query_seed"": 20481625, ""waypoint_count"": 2, ""bottleneck_count"": 2}"
extreme_s02_q0049,md_dqn,Extreme,d12_16,False,False,0.16717657330445945,600,1.1250000000000147,13.828727272481432,,0,0.8286550898948776,0.5895710216485108,0,0,0,0,False,,,,md_dqn_not_reached,"{""profile_name"": ""extreme_d07"", ""map_seed"": 20480621, ""query_seed"": 20481625, ""md_dqn_source_dir"": ""/home/ubuntu/DQN10/2_experiment"", ""md_dqn_checkpoint_path"": ""/home/ubuntu/DQN10/2_experiment/ugv_dqn/outputs/2026-05-12_train_load_external_demo_smoke/models/realmap_a/mlp-dqn.pt"", ""md_dqn_algo"": ""mlp-dqn"", ""md_dqn_device"": ""cpu"", ""md_dqn_max_steps"": 600, ""md_dqn_rollout_steps"": 600, ""md_dqn_reached"": false}"
extreme_s02_q0050,vanilla_ha,Extreme,d16_20,True,True,0.2626683712005615,190,19.23395250059188,,,0,0.24858137621569698,0.13348661825765284,0,0,0,0,False,,,,,"{""profile_name"": ""extreme_d03"", ""map_seed"": 20480622, ""query_seed"": 20481622, ""evaluation_path_source"": ""trace_poses"", ""planner_path_pose_count"": 40, ""evaluation_path_pose_count"": 195}"
extreme_s02_q0050,f_n3p_knn,Extreme,d16_20,True,True,0.011076410068199039,0,19.111362791796147,19.23395250059188,-0.006373609833546179,0,0.04843162301217267,0.32353776378618215,0,0,0,0,False,1,1,1.0,,"{""profile_name"": ""extreme_d03"", ""map_seed"": 20480622, ""query_seed"": 20481622}"
extreme_s02_q0050,n3p_k1,Extreme,d16_20,True,True,0.009330220986157656,0,19.111362791796147,19.23395250059188,-0.006373609833546179,0,0.04843162301217267,0.32353776378618215,0,0,0,0,False,1,1,1.0,,"{""profile_name"": ""extreme_d03"", ""map_seed"": 20480622, ""query_seed"": 20481622}"
extreme_s02_q0050,voronoi_waypoint,Extreme,d16_20,True,True,0.8167932590004057,5,21.447810367087488,19.23395250059188,0.11510155629361574,2,0.2824582870550826,0.11578678282615162,0,0,0,0,False,,,,,"{""profile_name"": ""extreme_d03"", ""map_seed"": 20480622, ""query_seed"": 20481622, ""waypoint_count"": 4}"
extreme_s02_q0050,bottleneck_waypoint,Extreme,d16_20,True,True,0.6672426760196686,4,19.38273513520369,19.23395250059188,0.00773541655607346,0,0.16868562067481283,0.4086480509771899,0,0,0,0,False,,,,,"{""profile_name"": ""extreme_d03"", ""map_seed"": 20480622, ""query_seed"": 20481622, ""waypoint_count"": 3, ""bottleneck_count"": 3}"
extreme_s02_q0050,md_dqn,Extreme,d16_20,False,False,0.16631136927753687,600,1.1250000000000122,19.23395250059188,,0,0.8382082551150334,0.9351753387295925,0,0,0,0,False,,,,md_dqn_not_reached,"{""profile_name"": ""extreme_d03"", ""map_seed"": 20480622, ""query_seed"": 20481622, ""md_dqn_source_dir"": ""/home/ubuntu/DQN10/2_experiment"", ""md_dqn_checkpoint_path"": ""/home/ubuntu/DQN10/2_experiment/ugv_dqn/outputs/2026-05-12_train_load_external_demo_smoke/models/realmap_a/mlp-dqn.pt"", ""md_dqn_algo"": ""mlp-dqn"", ""md_dqn_device"": ""cpu"", ""md_dqn_max_steps"": 600, ""md_dqn_rollout_steps"": 600, ""md_dqn_reached"": false}"
extreme_s02_q0051,vanilla_ha,Extreme,d20_inf,True,True,1.2923197746276855,2521,22.20608019285316,,,0,0.15270787570082175,0.06331088627973819,0,0,0,0,False,,,,,"{""profile_name"": ""extreme_d04"", ""map_seed"": 20480622, ""query_seed"": 20481623, ""evaluation_path_source"": ""trace_poses"", ""planner_path_pose_count"": 47, ""evaluation_path_pose_count"": 225}"
extreme_s02_q0051,f_n3p_knn,Extreme,d20_inf,True,True,0.028853846015408635,0,23.09661223502654,22.20608019285316,0.040103072421578956,0,0.09538059354900046,0.12764655387858992,0,12,0,0,True,0,3,0.0,,"{""profile_name"": ""extreme_d04"", ""map_seed"": 20480622, ""query_seed"": 20481623}"
extreme_s02_q0051,n3p_k1,Extreme,d20_inf,True,True,2.097343470901251,4521,22.20608019285316,22.20608019285316,0.0,0,0.15270787570082175,0.06331088627973819,0,0,1,1,True,0,0,,,"{""profile_name"": ""extreme_d04"", ""map_seed"": 20480622, ""query_seed"": 20481623}"
extreme_s02_q0051,voronoi_waypoint,Extreme,d20_inf,True,True,0.8384370061103255,50,24.857843513133574,22.20608019285316,0.11941609222567151,0,0.35181119530140487,0.07433506286941316,0,0,0,0,False,,,,,"{""profile_name"": ""extreme_d04"", ""map_seed"": 20480622, ""query_seed"": 20481623, ""waypoint_count"": 4}"
extreme_s02_q0051,bottleneck_waypoint,Extreme,d20_inf,True,True,0.8004588410258293,5,23.24757730757077,22.20608019285316,0.04690143896052423,0,0.1827749382158267,0.05642468856835137,0,0,0,0,False,,,,,"{""profile_name"": ""extreme_d04"", ""map_seed"": 20480622, ""query_seed"": 20481623, ""waypoint_count"": 4, ""bottleneck_count"": 4}"
extreme_s02_q0051,md_dqn,Extreme,d20_inf,False,False,0.16773721831850708,600,1.1249999999999827,22.20608019285316,,0,0.8286550898949032,1.0527219431020423,0,0,0,0,False,,,,md_dqn_not_reached,"{""profile_name"": ""extreme_d04"", ""map_seed"": 20480622, ""query_seed"": 20481623, ""md_dqn_source_dir"": ""/home/ubuntu/DQN10/2_experiment"", ""md_dqn_checkpoint_path"": ""/home/ubuntu/DQN10/2_experiment/ugv_dqn/outputs/2026-05-12_train_load_external_demo_smoke/models/realmap_a/mlp-dqn.pt"", ""md_dqn_algo"": ""mlp-dqn"", ""md_dqn_device"": ""cpu"", ""md_dqn_max_steps"": 600, ""md_dqn_rollout_steps"": 600, ""md_dqn_reached"": false}"
extreme_s02_q0052,vanilla_ha,Extreme,d08_12,True,True,0.20459222793579102,67,8.876443372366476,,,0,0.15471960897398004,0.0778585338004002,0,0,0,0,False,,,,,"{""profile_name"": ""extreme_d05"", ""map_seed"": 20480622, ""query_seed"": 20481624, ""evaluation_path_source"": ""trace_poses"", ""planner_path_pose_count"": 19, ""evaluation_path_pose_count"": 91}"
extreme_s02_q0052,f_n3p_knn,Extreme,d08_12,True,True,0.1876815971918404,9,15.617161902226991,8.876443372366476,0.759394077907966,1,0.3510966448683956,0.10205934748628409,0,21,1,0,True,0,2,0.0,,"{""profile_name"": ""extreme_d05"", ""map_seed"": 20480622, ""query_seed"": 20481624}"
extreme_s02_q0052,n3p_k1,Extreme,d08_12,True,True,0.23244496481493115,83,8.885769490926451,8.876443372366476,0.0010506593878589765,0,0.16936489415695707,0.12758376450505904,0,0,1,0,True,0,0,,,"{""profile_name"": ""extreme_d05"", ""map_seed"": 20480622, ""query_seed"": 20481624}"
extreme_s02_q0052,voronoi_waypoint,Extreme,d08_12,True,True,0.34971861890517175,2,8.912450994380551,8.876443372366476,0.004056537117802295,0,0.06601183866240733,0.30277317174022234,0,0,0,0,False,,,,,"{""profile_name"": ""extreme_d05"", ""map_seed"": 20480622, ""query_seed"": 20481624, ""waypoint_count"": 1}"
extreme_s02_q0052,bottleneck_waypoint,Extreme,d08_12,True,True,0.3529184339568019,2,8.904256549359747,8.876443372366476,0.003133369506964634,0,0.0666057934867385,0.3484110265937448,0,0,0,0,False,,,,,"{""profile_name"": ""extreme_d05"", ""map_seed"": 20480622, ""query_seed"": 20481624, ""waypoint_count"": 1, ""bottleneck_count"": 1}"
extreme_s02_q0052,md_dqn,Extreme,d08_12,False,False,0.16588393365964293,600,1.1250000000000089,8.876443372366476,,0,0.8286550898948843,0.23448196919678965,0,0,0,0,False,,,,md_dqn_not_reached,"{""profile_name"": ""extreme_d05"", ""map_seed"": 20480622, ""query_seed"": 20481624, ""md_dqn_source_dir"": ""/home/ubuntu/DQN10/2_experiment"", ""md_dqn_checkpoint_path"": ""/home/ubuntu/DQN10/2_experiment/ugv_dqn/outputs/2026-05-12_train_load_external_demo_smoke/models/realmap_a/mlp-dqn.pt"", ""md_dqn_algo"": ""mlp-dqn"", ""md_dqn_device"": ""cpu"", ""md_dqn_max_steps"": 600, ""md_dqn_rollout_steps"": 600, ""md_dqn_reached"": false}"
extreme_s02_q0053,vanilla_ha,Extreme,d12_16,True,True,0.15686798095703125,1,13.408206442324792,,,0,0.0,0.3565174650658607,0,0,0,0,False,,,,,"{""profile_name"": ""extreme_d06"", ""map_seed"": 20480622, ""query_seed"": 20481625, ""evaluation_path_source"": ""trace_poses"", ""planner_path_pose_count"": 2, ""evaluation_path_pose_count"": 136}"
extreme_s02_q0053,f_n3p_knn,Extreme,d12_16,True,True,0.0006032141391187906,0,13.408206442324792,13.408206442324792,0.0,0,0.0,0.3565174650658607,0,0,0,0,False,0,0,,,"{""profile_name"": ""extreme_d06"", ""map_seed"": 20480622, ""query_seed"": 20481625}"
extreme_s02_q0053,n3p_k1,Extreme,d12_16,True,True,0.0005796430632472038,0,13.408206442324792,13.408206442324792,0.0,0,0.0,0.3565174650658607,0,0,0,0,False,0,0,,,"{""profile_name"": ""extreme_d06"", ""map_seed"": 20480622, ""query_seed"": 20481625}"
extreme_s02_q0053,voronoi_waypoint,Extreme,d12_16,True,True,0.5110741520766169,3,14.992561070345399,13.408206442324792,0.11816305445740904,0,0.2224815927929642,0.5472487935020052,0,0,0,0,False,,,,,"{""profile_name"": ""extreme_d06"", ""map_seed"": 20480622, ""query_seed"": 20481625, ""waypoint_count"": 2}"
extreme_s02_q0053,bottleneck_waypoint,Extreme,d12_16,True,True,0.6639456199482083,4,14.978679050540011,13.408206442324792,0.11712771689267942,1,0.23340310150851964,0.6970897877884819,0,0,0,0,False,,,,,"{""profile_name"": ""extreme_d06"", ""map_seed"": 20480622, ""query_seed"": 20481625, ""waypoint_count"": 3, ""bottleneck_count"": 3}"
extreme_s02_q0053,md_dqn,Extreme,d12_16,False,False,0.16810287162661552,600,1.1249999999999996,13.408206442324792,,0,0.8286550898948915,1.0710026255751517,0,0,0,0,False,,,,md_dqn_not_reached,"{""profile_name"": ""extreme_d06"", ""map_seed"": 20480622, ""query_seed"": 20481625, ""md_dqn_source_dir"": ""/home/ubuntu/DQN10/2_experiment"", ""md_dqn_checkpoint_path"": ""/home/ubuntu/DQN10/2_experiment/ugv_dqn/outputs/2026-05-12_train_load_external_demo_smoke/models/realmap_a/mlp-dqn.pt"", ""md_dqn_algo"": ""mlp-dqn"", ""md_dqn_device"": ""cpu"", ""md_dqn_max_steps"": 600, ""md_dqn_rollout_steps"": 600, ""md_dqn_reached"": false}"
extreme_s02_q0054,vanilla_ha,Extreme,d16_20,False,False,2.501180648803711,3937,,,,0,,,0,0,0,0,False,,,,timeout,"{""profile_name"": ""extreme_d07"", ""map_seed"": 20480622, ""query_seed"": 20481626, ""evaluation_path_source"": ""planner_path"", ""planner_path_pose_count"": 0, ""evaluation_path_pose_count"": 0}"
extreme_s02_q0054,f_n3p_knn,Extreme,d16_20,True,True,0.02036376390606165,0,18.890933813725347,,,0,0.13365539230459675,0.05906871498368038,0,0,0,0,False,2,2,1.0,,"{""profile_name"": ""extreme_d07"", ""map_seed"": 20480622, ""query_seed"": 20481626}"
extreme_s02_q0054,n3p_k1,Extreme,d16_20,True,True,0.018835070077329874,0,18.890933813725347,,,0,0.13365539230459675,0.05906871498368038,0,0,0,0,False,2,2,1.0,,"{""profile_name"": ""extreme_d07"", ""map_seed"": 20480622, ""query_seed"": 20481626}"
extreme_s02_q0054,voronoi_waypoint,Extreme,d16_20,True,True,0.6631202639546245,4,19.28643129165411,,,0,0.25969376257171245,0.07261584689118472,0,0,0,0,False,,,,,"{""profile_name"": ""extreme_d07"", ""map_seed"": 20480622, ""query_seed"": 20481626, ""waypoint_count"": 3}"
extreme_s02_q0054,bottleneck_waypoint,Extreme,d16_20,True,True,0.6900479150936007,37,18.997352537658713,,,0,0.17698861961700244,0.16167090770900072,0,0,0,0,False,,,,,"{""profile_name"": ""extreme_d07"", ""map_seed"": 20480622, ""query_seed"": 20481626, ""waypoint_count"": 3, ""bottleneck_count"": 3}"
extreme_s02_q0054,md_dqn,Extreme,d16_20,False,False,0.23803511261940002,560,1.0987500000000052,,,2,0.8154673548975242,0.41312800571872166,0,0,0,0,False,,,,md_dqn_not_reached,"{""profile_name"": ""extreme_d07"", ""map_seed"": 20480622, ""query_seed"": 20481626, ""md_dqn_source_dir"": ""/home/ubuntu/DQN10/2_experiment"", ""md_dqn_checkpoint_path"": ""/home/ubuntu/DQN10/2_experiment/ugv_dqn/outputs/2026-05-12_train_load_external_demo_smoke/models/realmap_a/mlp-dqn.pt"", ""md_dqn_algo"": ""mlp-dqn"", ""md_dqn_device"": ""cpu"", ""md_dqn_max_steps"": 600, ""md_dqn_rollout_steps"": 560, ""md_dqn_reached"": false}"
extreme_s02_q0055,vanilla_ha,Extreme,d20_inf,False,False,2.500356912612915,4261,,,,0,,,0,0,0,0,False,,,,timeout,"{""profile_name"": ""extreme_d03"", ""map_seed"": 20480623, ""query_seed"": 20481623, ""evaluation_path_source"": ""planner_path"", ""planner_path_pose_count"": 0, ""evaluation_path_pose_count"": 0}"
extreme_s02_q0055,f_n3p_knn,Extreme,d20_inf,True,True,0.0398819490801543,0,23.898992037915264,,,0,0.1557745687543174,0.07415248898553273,0,13,0,0,True,2,4,0.5,,"{""profile_name"": ""extreme_d03"", ""map_seed"": 20480623, ""query_seed"": 20481623}"
extreme_s02_q0055,n3p_k1,Extreme,d20_inf,True,True,0.4448019349947572,409,22.73899939677571,,,0,0.20000748162243234,0.06043611498442186,0,0,1,0,True,2,2,1.0,,"{""profile_name"": ""extreme_d03"", ""map_seed"": 20480623, ""query_seed"": 20481623}"
extreme_s02_q0055,voronoi_waypoint,Extreme,d20_inf,True,True,0.8077624889556319,11,24.359041064177138,,,0,0.24149855448836993,0.07305904937390673,0,0,0,0,False,,,,,"{""profile_name"": ""extreme_d03"", ""map_seed"": 20480623, ""query_seed"": 20481623, ""waypoint_count"": 4}"
extreme_s02_q0055,bottleneck_waypoint,Extreme,d20_inf,True,True,0.6573378450702876,4,24.3204602294052,,,0,0.1507728171938975,0.07415248898553584,0,0,0,0,False,,,,,"{""profile_name"": ""extreme_d03"", ""map_seed"": 20480623, ""query_seed"": 20481623, ""waypoint_count"": 3, ""bottleneck_count"": 3}"
extreme_s02_q0055,md_dqn,Extreme,d20_inf,False,False,0.2078707804903388,148,1.1568750000000112,,,1,0.44115963588603924,0.13446811954690174,0,0,0,0,False,,,,md_dqn_not_reached,"{""profile_name"": ""extreme_d03"", ""map_seed"": 20480623, ""query_seed"": 20481623, ""md_dqn_source_dir"": ""/home/ubuntu/DQN10/2_experiment"", ""md_dqn_checkpoint_path"": ""/home/ubuntu/DQN10/2_experiment/ugv_dqn/outputs/2026-05-12_train_load_external_demo_smoke/models/realmap_a/mlp-dqn.pt"", ""md_dqn_algo"": ""mlp-dqn"", ""md_dqn_device"": ""cpu"", ""md_dqn_max_steps"": 600, ""md_dqn_rollout_steps"": 148, ""md_dqn_reached"": false}"
extreme_s02_q0056,vanilla_ha,Extreme,d08_12,True,True,0.20988965034484863,73,11.503534352853649,,,0,0.1919082635301685,0.053098095286207014,0,0,0,0,False,,,,,"{""profile_name"": ""extreme_d04"", ""map_seed"": 20480623, ""query_seed"": 20481624, ""evaluation_path_source"": ""trace_poses"", ""planner_path_pose_count"": 26, ""evaluation_path_pose_count"": 118}"
extreme_s02_q0056,f_n3p_knn,Extreme,d08_12,True,True,0.011927874991670251,0,11.523545273512758,11.503534352853649,0.0017395454340642935,0,0.12958400900563702,0.1279283617927156,0,12,0,0,True,0,1,0.0,,"{""profile_name"": ""extreme_d04"", ""map_seed"": 20480623, ""query_seed"": 20481624}"
extreme_s02_q0056,n3p_k1,Extreme,d08_12,True,True,0.18746446608565748,21,11.451607381544465,11.503534352853649,-0.004514001498704845,4,0.2038645987259102,0.053098095286207014,0,0,1,0,True,1,1,1.0,,"{""profile_name"": ""extreme_d04"", ""map_seed"": 20480623, ""query_seed"": 20481624}"
extreme_s02_q0056,voronoi_waypoint,Extreme,d08_12,True,True,0.5062676230445504,3,12.225212063377471,11.503534352853649,0.06273530276760542,0,0.4483620477723002,0.2009416582636403,0,0,0,0,False,,,,,"{""profile_name"": ""extreme_d04"", ""map_seed"": 20480623, ""query_seed"": 20481624, ""waypoint_count"": 2}"
extreme_s02_q0056,bottleneck_waypoint,Extreme,d08_12,True,True,0.5081040840595961,3,12.586987565960637,11.503534352853649,0.0941843767205528,1,0.3253083525633096,0.5985496546519813,0,0,0,0,False,,,,,"{""profile_name"": ""extreme_d04"", ""map_seed"": 20480623, ""query_seed"": 20481624, ""waypoint_count"": 2, ""bottleneck_count"": 2}"
extreme_s02_q0056,md_dqn,Extreme,d08_12,False,False,0.18404855951666832,155,0.34687500000001675,11.503534352853649,,1,0.09358440859948171,0.480060879119275,0,0,0,0,False,,,,md_dqn_not_reached,"{""profile_name"": ""extreme_d04"", ""map_seed"": 20480623, ""query_seed"": 20481624, ""md_dqn_source_dir"": ""/home/ubuntu/DQN10/2_experiment"", ""md_dqn_checkpoint_path"": ""/home/ubuntu/DQN10/2_experiment/ugv_dqn/outputs/2026-05-12_train_load_external_demo_smoke/models/realmap_a/mlp-dqn.pt"", ""md_dqn_algo"": ""mlp-dqn"", ""md_dqn_device"": ""cpu"", ""md_dqn_max_steps"": 600, ""md_dqn_rollout_steps"": 155, ""md_dqn_reached"": false}"
extreme_s02_q0057,vanilla_ha,Extreme,d12_16,True,True,0.32780909538269043,246,16.05295446506023,,,0,0.4485155686245184,0.0655993692977348,0,0,0,0,False,,,,,"{""profile_name"": ""extreme_d05"", ""map_seed"": 20480623, ""query_seed"": 20481625, ""evaluation_path_source"": ""trace_poses"", ""planner_path_pose_count"": 38, ""evaluation_path_pose_count"": 163}"
extreme_s02_q0057,f_n3p_knn,Extreme,d12_16,True,True,0.032546940026804805,0,19.35360860481141,16.05295446506023,0.20561038448935753,4,0.20097519675440412,0.09641552983357426,0,36,0,0,True,1,3,0.3333333333333333,,"{""profile_name"": ""extreme_d05"", ""map_seed"": 20480623, ""query_seed"": 20481625}"
extreme_s02_q0057,n3p_k1,Extreme,d12_16,True,True,0.18352158996276557,13,15.705023897292227,16.05295446506023,-0.021673927283932914,0,0.09882197613772224,0.08080581902662765,0,0,1,0,True,1,1,1.0,,"{""profile_name"": ""extreme_d05"", ""map_seed"": 20480623, ""query_seed"": 20481625}"
extreme_s02_q0057,voronoi_waypoint,Extreme,d12_16,True,True,0.5169993669260293,12,16.403042504127743,16.05295446506023,0.02180832443208458,0,0.24392770250799647,0.0547823657763159,0,0,0,0,False,,,,,"{""profile_name"": ""extreme_d05"", ""map_seed"": 20480623, ""query_seed"": 20481625, ""waypoint_count"": 2}"
extreme_s02_q0057,bottleneck_waypoint,Extreme,d12_16,True,True,0.5137690540868789,3,16.564790926951225,16.05295446506023,0.03188425302052811,0,0.18409208748140102,0.47844560207354725,0,0,0,0,False,,,,,"{""profile_name"": ""extreme_d05"", ""map_seed"": 20480623, ""query_seed"": 20481625, ""waypoint_count"": 2, ""bottleneck_count"": 2}"
extreme_s02_q0057,md_dqn,Extreme,d12_16,False,False,0.16766973724588752,600,1.1249999999999831,16.05295446506023,,0,0.7124881219734032,1.1689250171925363,0,0,0,0,False,,,,md_dqn_not_reached,"{""profile_name"": ""extreme_d05"", ""map_seed"": 20480623, ""query_seed"": 20481625, ""md_dqn_source_dir"": ""/home/ubuntu/DQN10/2_experiment"", ""md_dqn_checkpoint_path"": ""/home/ubuntu/DQN10/2_experiment/ugv_dqn/outputs/2026-05-12_train_load_external_demo_smoke/models/realmap_a/mlp-dqn.pt"", ""md_dqn_algo"": ""mlp-dqn"", ""md_dqn_device"": ""cpu"", ""md_dqn_max_steps"": 600, ""md_dqn_rollout_steps"": 600, ""md_dqn_reached"": false}"
extreme_s02_q0058,vanilla_ha,Extreme,d16_20,True,True,0.2156839370727539,121,18.127746409124136,,,0,0.10370515625959767,0.17749364843587145,0,0,0,0,False,,,,,"{""profile_name"": ""extreme_d06"", ""map_seed"": 20480623, ""query_seed"": 20481626, ""evaluation_path_source"": ""trace_poses"", ""planner_path_pose_count"": 9, ""evaluation_path_pose_count"": 183}"
extreme_s02_q0058,f_n3p_knn,Extreme,d16_20,True,True,0.02779377088882029,0,18.853869439255828,18.127746409124136,0.040055890773395664,0,0.10427156909443934,0.08002955956076929,0,2,0,0,True,1,3,0.3333333333333333,,"{""profile_name"": ""extreme_d06"", ""map_seed"": 20480623, ""query_seed"": 20481626}"
extreme_s02_q0058,n3p_k1,Extreme,d16_20,True,True,0.22718380391597748,121,18.127746409124136,18.127746409124136,0.0,0,0.10370515625959767,0.17749364843587145,0,0,1,0,True,0,0,,,"{""profile_name"": ""extreme_d06"", ""map_seed"": 20480623, ""query_seed"": 20481626}"
extreme_s02_q0058,voronoi_waypoint,Extreme,d16_20,True,True,0.6551919979974627,4,19.088976038139972,18.127746409124136,0.05302532412589489,0,0.23386485816025865,0.2328250787977476,0,0,0,0,False,,,,,"{""profile_name"": ""extreme_d06"", ""map_seed"": 20480623, ""query_seed"": 20481626, ""waypoint_count"": 3}"
extreme_s02_q0058,bottleneck_waypoint,Extreme,d16_20,True,True,0.8106022230349481,5,18.728153037364102,18.127746409124136,0.033120864264615246,0,0.22876168949456518,0.2328250787977486,0,0,0,0,False,,,,,"{""profile_name"": ""extreme_d06"", ""map_seed"": 20480623, ""query_seed"": 20481626, ""waypoint_count"": 4, ""bottleneck_count"": 4}"
extreme_s02_q0058,md_dqn,Extreme,d16_20,False,False,0.16764360456727445,600,1.1249999999999765,18.127746409124136,,0,0.8286550898949071,1.002783721820596,0,0,0,0,False,,,,md_dqn_not_reached,"{""profile_name"": ""extreme_d06"", ""map_seed"": 20480623, ""query_seed"": 20481626, ""md_dqn_source_dir"": ""/home/ubuntu/DQN10/2_experiment"", ""md_dqn_checkpoint_path"": ""/home/ubuntu/DQN10/2_experiment/ugv_dqn/outputs/2026-05-12_train_load_external_demo_smoke/models/realmap_a/mlp-dqn.pt"", ""md_dqn_algo"": ""mlp-dqn"", ""md_dqn_device"": ""cpu"", ""md_dqn_max_steps"": 600, ""md_dqn_rollout_steps"": 600, ""md_dqn_reached"": false}"
extreme_s02_q0059,vanilla_ha,Extreme,d20_inf,True,True,0.18381905555725098,65,23.24688045717059,,,0,0.07598196615145954,0.07840251957636934,0,0,0,0,False,,,,,"{""profile_name"": ""extreme_d07"", ""map_seed"": 20480623, ""query_seed"": 20481627, ""evaluation_path_source"": ""trace_poses"", ""planner_path_pose_count"": 24, ""evaluation_path_pose_count"": 235}"
extreme_s02_q0059,f_n3p_knn,Extreme,d20_inf,True,True,0.030603880994021893,0,24.531276654748563,23.24688045717059,0.055250260349740676,0,0.08913618484259499,0.0703470239468954,0,21,0,0,True,0,3,0.0,,"{""profile_name"": ""extreme_d07"", ""map_seed"": 20480623, ""query_seed"": 20481627}"
extreme_s02_q0059,n3p_k1,Extreme,d20_inf,True,True,0.37161973281763494,68,23.34661036181458,23.24688045717059,0.004290033874770005,0,0.0913617639714268,0.07840251957636934,0,0,2,0,True,0,0,,,"{""profile_name"": ""extreme_d07"", ""map_seed"": 20480623, ""query_seed"": 20481627}"
extreme_s02_q0059,voronoi_waypoint,Extreme,d20_inf,True,True,0.820796555839479,5,25.534041973677006,23.24688045717059,0.09838573914122462,0,0.3017011558098387,0.3636033014420922,0,0,0,0,False,,,,,"{""profile_name"": ""extreme_d07"", ""map_seed"": 20480623, ""query_seed"": 20481627, ""waypoint_count"": 4}"
extreme_s02_q0059,bottleneck_waypoint,Extreme,d20_inf,True,True,0.8176522741559893,5,24.364340676261932,23.24688045717059,0.0480692547608752,0,0.2472342585689328,0.5243317517544918,0,0,0,0,False,,,,,"{""profile_name"": ""extreme_d07"", ""map_seed"": 20480623, ""query_seed"": 20481627, ""waypoint_count"": 4, ""bottleneck_count"": 4}"
extreme_s02_q0059,md_dqn,Extreme,d20_inf,False,False,0.16698745964094996,600,1.1250000000000426,23.24688045717059,,0,0.8385645564237038,0.5980264047625239,0,0,0,0,False,,,,md_dqn_not_reached,"{""profile_name"": ""extreme_d07"", ""map_seed"": 20480623, ""query_seed"": 20481627, ""md_dqn_source_dir"": ""/home/ubuntu/DQN10/2_experiment"", ""md_dqn_checkpoint_path"": ""/home/ubuntu/DQN10/2_experiment/ugv_dqn/outputs/2026-05-12_train_load_external_demo_smoke/models/realmap_a/mlp-dqn.pt"", ""md_dqn_algo"": ""mlp-dqn"", ""md_dqn_device"": ""cpu"", ""md_dqn_max_steps"": 600, ""md_dqn_rollout_steps"": 600, ""md_dqn_reached"": false}"
extreme_s03_q0060,vanilla_ha,Extreme,d08_12,True,True,0.5777313709259033,623,12.533996246158088,,,1,0.49209108158348314,0.06994393782730779,0,0,0,0,False,,,,,"{""profile_name"": ""extreme_d03"", ""map_seed"": 20490620, ""query_seed"": 20491620, ""evaluation_path_source"": ""trace_poses"", ""planner_path_pose_count"": 37, ""evaluation_path_pose_count"": 128}"
extreme_s03_q0060,f_n3p_knn,Extreme,d08_12,True,True,0.5989349719602615,393,13.834227479002326,12.533996246158088,0.1037363668624669,2,0.3785173062947791,0.05239419555904312,0,22,1,0,True,0,1,0.0,,"{""profile_name"": ""extreme_d03"", ""map_seed"": 20490620, ""query_seed"": 20491620}"
extreme_s03_q0060,n3p_k1,Extreme,d08_12,True,True,0.7793301390483975,438,12.714757849117765,12.533996246158088,0.014421705528680384,1,0.38188836967965756,0.05239419555904312,0,0,2,0,True,0,0,,,"{""profile_name"": ""extreme_d03"", ""map_seed"": 20490620, ""query_seed"": 20491620}"
extreme_s03_q0060,voronoi_waypoint,Extreme,d08_12,True,True,0.7648677011020482,377,15.86505533760028,12.533996246158088,0.2657619346633542,3,0.5852561663333552,0.08363737539248006,0,0,0,0,False,,,,,"{""profile_name"": ""extreme_d03"", ""map_seed"": 20490620, ""query_seed"": 20491620, ""waypoint_count"": 2}"
extreme_s03_q0060,bottleneck_waypoint,Extreme,d08_12,True,True,0.5949552888050675,327,12.615363393850753,12.533996246158088,0.006491716296596728,1,0.4922703299691692,0.06799568291234082,0,0,0,0,False,,,,,"{""profile_name"": ""extreme_d03"", ""map_seed"": 20490620, ""query_seed"": 20491620, ""waypoint_count"": 1, ""bottleneck_count"": 1}"
extreme_s03_q0060,md_dqn,Extreme,d08_12,False,False,0.0014588478952646255,1,0.003750000000000673,12.533996246158088,,0,0.08734630124013493,0.08800861347732858,0,0,0,0,False,,,,md_dqn_not_reached,"{""profile_name"": ""extreme_d03"", ""map_seed"": 20490620, ""query_seed"": 20491620, ""md_dqn_source_dir"": ""/home/ubuntu/DQN10/2_experiment"", ""md_dqn_checkpoint_path"": ""/home/ubuntu/DQN10/2_experiment/ugv_dqn/outputs/2026-05-12_train_load_external_demo_smoke/models/realmap_a/mlp-dqn.pt"", ""md_dqn_algo"": ""mlp-dqn"", ""md_dqn_device"": ""cpu"", ""md_dqn_max_steps"": 600, ""md_dqn_rollout_steps"": 1, ""md_dqn_reached"": false}"
extreme_s03_q0061,vanilla_ha,Extreme,d12_16,True,True,2.3037400245666504,3130,14.922908086218811,,,0,0.14571648976100005,0.14525995470011144,0,0,0,0,False,,,,,"{""profile_name"": ""extreme_d04"", ""map_seed"": 20490620, ""query_seed"": 20491621, ""evaluation_path_source"": ""trace_poses"", ""planner_path_pose_count"": 23, ""evaluation_path_pose_count"": 151}"
extreme_s03_q0061,f_n3p_knn,Extreme,d12_16,True,True,0.022948894882574677,0,14.58020822471943,14.922908086218811,-0.022964683526789376,0,0.07643937346784317,0.09099954017040235,0,19,0,0,True,0,2,0.0,,"{""profile_name"": ""extreme_d04"", ""map_seed"": 20490620, ""query_seed"": 20491621}"
extreme_s03_q0061,n3p_k1,Extreme,d12_16,True,True,0.17093711998313665,1,14.699830805964293,14.922908086218811,-0.014948646668977883,0,0.12824388925485836,0.0820327605097031,0,0,1,0,True,1,1,1.0,,"{""profile_name"": ""extreme_d04"", ""map_seed"": 20490620, ""query_seed"": 20491621}"
extreme_s03_q0061,voronoi_waypoint,Extreme,d12_16,True,True,0.5004826739896089,3,14.934262820182063,14.922908086218811,0.0007608928432480955,0,0.14490590314967106,0.16439683643468994,0,0,0,0,False,,,,,"{""profile_name"": ""extreme_d04"", ""map_seed"": 20490620, ""query_seed"": 20491621, ""waypoint_count"": 2}"
extreme_s03_q0061,bottleneck_waypoint,Extreme,d12_16,True,True,1.0731393420137465,211,18.234263465196467,14.922908086218811,0.22189745858152587,3,0.32459986652975986,0.051025433151250854,0,0,0,0,False,,,,,"{""profile_name"": ""extreme_d04"", ""map_seed"": 20490620, ""query_seed"": 20491621, ""waypoint_count"": 4, ""bottleneck_count"": 4}"
extreme_s03_q0061,md_dqn,Extreme,d12_16,False,False,0.1659280345775187,600,2.2500000000000275,14.922908086218811,,0,0.24558269109370315,0.49163840602028597,0,0,0,0,False,,,,md_dqn_not_reached,"{""profile_name"": ""extreme_d04"", ""map_seed"": 20490620, ""query_seed"": 20491621, ""md_dqn_source_dir"": ""/home/ubuntu/DQN10/2_experiment"", ""md_dqn_checkpoint_path"": ""/home/ubuntu/DQN10/2_experiment/ugv_dqn/outputs/2026-05-12_train_load_external_demo_smoke/models/realmap_a/mlp-dqn.pt"", ""md_dqn_algo"": ""mlp-dqn"", ""md_dqn_device"": ""cpu"", ""md_dqn_max_steps"": 600, ""md_dqn_rollout_steps"": 600, ""md_dqn_reached"": false}"
extreme_s03_q0062,vanilla_ha,Extreme,d16_20,True,True,0.2523024082183838,153,17.268241537407846,,,0,0.17764623014049225,0.1879098586243142,0,0,0,0,False,,,,,"{""profile_name"": ""extreme_d05"", ""map_seed"": 20490620, ""query_seed"": 20491622, ""evaluation_path_source"": ""trace_poses"", ""planner_path_pose_count"": 27, ""evaluation_path_pose_count"": 176}"
extreme_s03_q0062,f_n3p_knn,Extreme,d16_20,True,True,0.02907483815215528,0,17.09816529262149,17.268241537407846,-0.009849077244948323,0,0.07744668867383303,0.07707741152427161,0,7,0,0,True,2,3,0.6666666666666666,,"{""profile_name"": ""extreme_d05"", ""map_seed"": 20490620, ""query_seed"": 20491622}"
extreme_s03_q0062,n3p_k1,Extreme,d16_20,True,True,0.2050883008632809,43,16.98154721091114,17.268241537407846,-0.016602404238766688,0,0.14774294587862757,0.11784572680155514,0,0,1,0,True,1,1,1.0,,"{""profile_name"": ""extreme_d05"", ""map_seed"": 20490620, ""query_seed"": 20491622}"
extreme_s03_q0062,voronoi_waypoint,Extreme,d16_20,True,True,0.6679801919963211,12,17.389579386918133,17.268241537407846,0.007026647690063559,0,0.13606981368641793,0.10795475334803517,0,0,0,0,False,,,,,"{""profile_name"": ""extreme_d05"", ""map_seed"": 20490620, ""query_seed"": 20491622, ""waypoint_count"": 3}"
extreme_s03_q0062,bottleneck_waypoint,Extreme,d16_20,True,True,0.5097966589964926,3,17.55820513126587,17.268241537407846,0.016791726779468608,0,0.17816155274726098,0.4273288813065219,0,0,0,0,False,,,,,"{""profile_name"": ""extreme_d05"", ""map_seed"": 20490620, ""query_seed"": 20491622, ""waypoint_count"": 2, ""bottleneck_count"": 2}"
extreme_s03_q0062,md_dqn,Extreme,d16_20,False,False,0.16764785279519856,600,1.1250000000000224,17.268241537407846,,0,0.12430892026324443,0.43282565482920754,0,0,0,0,False,,,,md_dqn_not_reached,"{""profile_name"": ""extreme_d05"", ""map_seed"": 20490620, ""query_seed"": 20491622, ""md_dqn_source_dir"": ""/home/ubuntu/DQN10/2_experiment"", ""md_dqn_checkpoint_path"": ""/home/ubuntu/DQN10/2_experiment/ugv_dqn/outputs/2026-05-12_train_load_external_demo_smoke/models/realmap_a/mlp-dqn.pt"", ""md_dqn_algo"": ""mlp-dqn"", ""md_dqn_device"": ""cpu"", ""md_dqn_max_steps"": 600, ""md_dqn_rollout_steps"": 600, ""md_dqn_reached"": false}"
extreme_s03_q0063,vanilla_ha,Extreme,d20_inf,True,True,0.18758869171142578,49,26.992277452299295,,,0,0.06708208657494763,0.08245301456791321,0,0,0,0,False,,,,,"{""profile_name"": ""extreme_d06"", ""map_seed"": 20490620, ""query_seed"": 20491623, ""evaluation_path_source"": ""trace_poses"", ""planner_path_pose_count"": 22, ""evaluation_path_pose_count"": 273}"
extreme_s03_q0063,f_n3p_knn,Extreme,d20_inf,True,True,0.03130604815669358,0,26.21066973123871,26.992277452299295,-0.028956716321616116,0,0.0905433117540003,0.13093510036020417,0,15,0,0,True,1,3,0.3333333333333333,,"{""profile_name"": ""extreme_d06"", ""map_seed"": 20490620, ""query_seed"": 20491623}"
extreme_s03_q0063,n3p_k1,Extreme,d20_inf,True,True,0.32458088104613125,201,26.285726588860527,26.992277452299295,-0.026176037375407968,0,0.07925724798569593,0.07446323468087046,0,0,1,0,True,1,1,1.0,,"{""profile_name"": ""extreme_d06"", ""map_seed"": 20490620, ""query_seed"": 20491623}"
extreme_s03_q0063,voronoi_waypoint,Extreme,d20_inf,True,True,0.9750017209444195,6,29.466718025040286,26.992277452299295,0.09167216723797456,1,0.296688361702096,0.3613718988741348,0,0,0,0,False,,,,,"{""profile_name"": ""extreme_d06"", ""map_seed"": 20490620, ""query_seed"": 20491623, ""waypoint_count"": 5}"
extreme_s03_q0063,bottleneck_waypoint,Extreme,d20_inf,True,True,0.8204782269895077,5,26.69122186884073,26.992277452299295,-0.011153396892521816,0,0.11046384479328594,0.3312127582447736,0,0,0,0,False,,,,,"{""profile_name"": ""extreme_d06"", ""map_seed"": 20490620, ""query_seed"": 20491623, ""waypoint_count"": 4, ""bottleneck_count"": 4}"
extreme_s03_q0063,md_dqn,Extreme,d20_inf,False,False,0.16784487129189074,600,1.1249999999999898,26.992277452299295,,0,0.8385645564237887,1.2568274819691507,0,0,0,0,False,,,,md_dqn_not_reached,"{""profile_name"": ""extreme_d06"", ""map_seed"": 20490620, ""query_seed"": 20491623, ""md_dqn_source_dir"": ""/home/ubuntu/DQN10/2_experiment"", ""md_dqn_checkpoint_path"": ""/home/ubuntu/DQN10/2_experiment/ugv_dqn/outputs/2026-05-12_train_load_external_demo_smoke/models/realmap_a/mlp-dqn.pt"", ""md_dqn_algo"": ""mlp-dqn"", ""md_dqn_device"": ""cpu"", ""md_dqn_max_steps"": 600, ""md_dqn_rollout_steps"": 600, ""md_dqn_reached"": false}"
extreme_s03_q0064,vanilla_ha,Extreme,d08_12,True,True,0.2227616310119629,103,10.343640837646745,,,0,0.25251726659831236,0.05695488184178388,0,0,0,0,False,,,,,"{""profile_name"": ""extreme_d07"", ""map_seed"": 20490620, ""query_seed"": 20491624, ""evaluation_path_source"": ""trace_poses"", ""planner_path_pose_count"": 29, ""evaluation_path_pose_count"": 105}"
extreme_s03_q0064,f_n3p_knn,Extreme,d08_12,True,True,0.03614056692458689,0,12.667461210220432,10.343640837646745,0.2246617423253816,1,0.36021781978497047,0.17217425377658646,0,1,0,0,True,3,4,0.75,,"{""profile_name"": ""extreme_d07"", ""map_seed"": 20490620, ""query_seed"": 20491624}"
extreme_s03_q0064,n3p_k1,Extreme,d08_12,True,True,0.3764438151847571,72,10.53903710297477,10.343640837646745,0.018890472745037634,3,0.23479855159581667,0.08757581818419646,0,0,2,0,True,0,0,,,"{""profile_name"": ""extreme_d07"", ""map_seed"": 20490620, ""query_seed"": 20491624}"
extreme_s03_q0064,voronoi_waypoint,Extreme,d08_12,True,True,0.3560955619905144,6,10.488418390947285,10.343640837646745,0.013996769181467084,0,0.21346185556021832,0.07804683076963714,0,0,0,0,False,,,,,"{""profile_name"": ""extreme_d07"", ""map_seed"": 20490620, ""query_seed"": 20491624, ""waypoint_count"": 1}"
extreme_s03_q0064,bottleneck_waypoint,Extreme,d08_12,True,True,0.5072190379723907,3,11.74713615382773,10.343640837646745,0.13568677975291044,1,0.3540972610863617,0.634249464476786,0,0,0,0,False,,,,,"{""profile_name"": ""extreme_d07"", ""map_seed"": 20490620, ""query_seed"": 20491624, ""waypoint_count"": 2, ""bottleneck_count"": 2}"
extreme_s03_q0064,md_dqn,Extreme,d08_12,False,False,0.14735039346851408,225,0.5006249999997534,10.343640837646745,,2,0.07299282087167054,0.45831493054774963,0,0,0,0,False,,,,md_dqn_not_reached,"{""profile_name"": ""extreme_d07"", ""map_seed"": 20490620, ""query_seed"": 20491624, ""md_dqn_source_dir"": ""/home/ubuntu/DQN10/2_experiment"", ""md_dqn_checkpoint_path"": ""/home/ubuntu/DQN10/2_experiment/ugv_dqn/outputs/2026-05-12_train_load_external_demo_smoke/models/realmap_a/mlp-dqn.pt"", ""md_dqn_algo"": ""mlp-dqn"", ""md_dqn_device"": ""cpu"", ""md_dqn_max_steps"": 600, ""md_dqn_rollout_steps"": 225, ""md_dqn_reached"": false}"
extreme_s03_q0065,vanilla_ha,Extreme,d12_16,True,True,0.7833056449890137,671,13.49849960319884,,,0,0.47567687113915447,0.06779387991170982,0,0,0,0,False,,,,,"{""profile_name"": ""extreme_d03"", ""map_seed"": 20490621, ""query_seed"": 20491621, ""evaluation_path_source"": ""trace_poses"", ""planner_path_pose_count"": 42, ""evaluation_path_pose_count"": 137}"
extreme_s03_q0065,f_n3p_knn,Extreme,d12_16,True,True,0.01960373902693391,0,14.40242158930679,13.49849960319884,0.06696462663848513,3,0.15513771001778032,0.25717552858634984,0,1,0,0,True,1,2,0.5,,"{""profile_name"": ""extreme_d03"", ""map_seed"": 20490621, ""query_seed"": 20491621}"
extreme_s03_q0065,n3p_k1,Extreme,d12_16,True,True,0.2776294460054487,109,13.374660699650946,13.49849960319884,-0.009174271747842688,0,0.20437808509473698,0.08627787389901775,0,0,1,0,True,1,1,1.0,,"{""profile_name"": ""extreme_d03"", ""map_seed"": 20490621, ""query_seed"": 20491621}"
extreme_s03_q0065,voronoi_waypoint,Extreme,d12_16,True,True,0.5044175549410284,3,14.062769013511454,13.49849960319884,0.04180238003480752,0,0.1810611315854353,0.06869007753129452,0,0,0,0,False,,,,,"{""profile_name"": ""extreme_d03"", ""map_seed"": 20490621, ""query_seed"": 20491621, ""waypoint_count"": 2}"
extreme_s03_q0065,bottleneck_waypoint,Extreme,d12_16,True,True,0.6595701791811734,4,15.13964692075991,13.49849960319884,0.12157998042776219,3,0.21707394154195941,0.2571118200656354,0,0,0,0,False,,,,,"{""profile_name"": ""extreme_d03"", ""map_seed"": 20490621, ""query_seed"": 20491621, ""waypoint_count"": 3, ""bottleneck_count"": 3}"
extreme_s03_q0065,md_dqn,Extreme,d12_16,False,False,0.16653870581649244,600,1.1249999999999853,13.49849960319884,,0,0.8385645564237372,1.4973901905387677,0,0,0,0,False,,,,md_dqn_not_reached,"{""profile_name"": ""extreme_d03"", ""map_seed"": 20490621, ""query_seed"": 20491621, ""md_dqn_source_dir"": ""/home/ubuntu/DQN10/2_experiment"", ""md_dqn_checkpoint_path"": ""/home/ubuntu/DQN10/2_experiment/ugv_dqn/outputs/2026-05-12_train_load_external_demo_smoke/models/realmap_a/mlp-dqn.pt"", ""md_dqn_algo"": ""mlp-dqn"", ""md_dqn_device"": ""cpu"", ""md_dqn_max_steps"": 600, ""md_dqn_rollout_steps"": 600, ""md_dqn_reached"": false}"
extreme_s03_q0066,vanilla_ha,Extreme,d16_20,True,True,0.15787434577941895,1,19.1449732305898,,,0,0.0,0.2906002787906914,0,0,0,0,False,,,,,"{""profile_name"": ""extreme_d04"", ""map_seed"": 20490621, ""query_seed"": 20491622, ""evaluation_path_source"": ""trace_poses"", ""planner_path_pose_count"": 2, ""evaluation_path_pose_count"": 193}"
extreme_s03_q0066,f_n3p_knn,Extreme,d16_20,True,True,0.0007686030585318804,0,19.1449732305898,19.1449732305898,0.0,0,1.1598062961521878e-17,0.2906002787906914,0,0,0,0,False,0,0,,,"{""profile_name"": ""extreme_d04"", ""map_seed"": 20490621, ""query_seed"": 20491622}"
extreme_s03_q0066,n3p_k1,Extreme,d16_20,True,True,0.0008066880982369184,0,19.1449732305898,19.1449732305898,0.0,0,1.1598062961521878e-17,0.2906002787906914,0,0,0,0,False,0,0,,,"{""profile_name"": ""extreme_d04"", ""map_seed"": 20490621, ""query_seed"": 20491622}"
extreme_s03_q0066,voronoi_waypoint,Extreme,d16_20,True,True,0.6599574801512063,4,19.944175612154055,19.1449732305898,0.04174476359608015,0,0.21957350562828895,0.6875009534922565,0,0,0,0,False,,,,,"{""profile_name"": ""extreme_d04"", ""map_seed"": 20490621, ""query_seed"": 20491622, ""waypoint_count"": 3}"
extreme_s03_q0066,bottleneck_waypoint,Extreme,d16_20,True,True,0.5109377719927579,3,19.65652277692702,19.1449732305898,0.02671978383964846,0,0.1207993920819852,0.7010200215040643,0,0,0,0,False,,,,,"{""profile_name"": ""extreme_d04"", ""map_seed"": 20490621, ""query_seed"": 20491622, ""waypoint_count"": 2, ""bottleneck_count"": 2}"
extreme_s03_q0066,md_dqn,Extreme,d16_20,False,False,0.1661582044325769,600,1.1249999999999958,19.1449732305898,,0,0.8385645564237288,1.032192925817074,0,0,0,0,False,,,,md_dqn_not_reached,"{""profile_name"": ""extreme_d04"", ""map_seed"": 20490621, ""query_seed"": 20491622, ""md_dqn_source_dir"": ""/home/ubuntu/DQN10/2_experiment"", ""md_dqn_checkpoint_path"": ""/home/ubuntu/DQN10/2_experiment/ugv_dqn/outputs/2026-05-12_train_load_external_demo_smoke/models/realmap_a/mlp-dqn.pt"", ""md_dqn_algo"": ""mlp-dqn"", ""md_dqn_device"": ""cpu"", ""md_dqn_max_steps"": 600, ""md_dqn_rollout_steps"": 600, ""md_dqn_reached"": false}"
extreme_s03_q0067,vanilla_ha,Extreme,d20_inf,False,False,2.5002853870391846,3077,,,,0,,,0,0,0,0,False,,,,timeout,"{""profile_name"": ""extreme_d05"", ""map_seed"": 20490621, ""query_seed"": 20491623, ""evaluation_path_source"": ""planner_path"", ""planner_path_pose_count"": 0, ""evaluation_path_pose_count"": 0}"
extreme_s03_q0067,f_n3p_knn,Extreme,d20_inf,True,True,0.054550547152757645,0,26.26681786697627,,,0,0.12452862076143922,0.09403487103375696,0,8,0,0,True,3,6,0.5,,"{""profile_name"": ""extreme_d05"", ""map_seed"": 20490621, ""query_seed"": 20491623}"
extreme_s03_q0067,n3p_k1,Extreme,d20_inf,True,True,0.6136625590734184,203,26.275310759805546,,,0,0.27798112030563754,0.07330533370537617,0,0,3,0,True,0,0,,,"{""profile_name"": ""extreme_d05"", ""map_seed"": 20490621, ""query_seed"": 20491623}"
extreme_s03_q0067,voronoi_waypoint,Extreme,d20_inf,True,True,0.8235537149012089,5,27.206663446702382,,,0,0.16406526517481446,0.06707377515700064,0,0,0,0,False,,,,,"{""profile_name"": ""extreme_d05"", ""map_seed"": 20490621, ""query_seed"": 20491623, ""waypoint_count"": 4}"
extreme_s03_q0067,bottleneck_waypoint,Extreme,d20_inf,True,True,0.673708877991885,4,26.858887028751987,,,0,0.1522814567949531,0.13622484031400084,0,0,0,0,False,,,,,"{""profile_name"": ""extreme_d05"", ""map_seed"": 20490621, ""query_seed"": 20491623, ""waypoint_count"": 3, ""bottleneck_count"": 3}"
extreme_s03_q0067,md_dqn,Extreme,d20_inf,False,False,0.23782102321274579,94,0.2943749999999907,,,1,0.2443118072841659,0.42386859743029137,0,0,0,0,False,,,,md_dqn_not_reached,"{""profile_name"": ""extreme_d05"", ""map_seed"": 20490621, ""query_seed"": 20491623, ""md_dqn_source_dir"": ""/home/ubuntu/DQN10/2_experiment"", ""md_dqn_checkpoint_path"": ""/home/ubuntu/DQN10/2_experiment/ugv_dqn/outputs/2026-05-12_train_load_external_demo_smoke/models/realmap_a/mlp-dqn.pt"", ""md_dqn_algo"": ""mlp-dqn"", ""md_dqn_device"": ""cpu"", ""md_dqn_max_steps"": 600, ""md_dqn_rollout_steps"": 94, ""md_dqn_reached"": false}"
extreme_s03_q0068,vanilla_ha,Extreme,d08_12,True,True,0.2798891067504883,205,9.760100684181719,,,1,0.2128035388317885,0.08877603197823303,0,0,0,0,False,,,,,"{""profile_name"": ""extreme_d06"", ""map_seed"": 20490621, ""query_seed"": 20491624, ""evaluation_path_source"": ""trace_poses"", ""planner_path_pose_count"": 18, ""evaluation_path_pose_count"": 100}"
extreme_s03_q0068,f_n3p_knn,Extreme,d08_12,True,True,0.007136718137189746,0,9.41185936477881,9.760100684181719,-0.03568009497763758,1,0.25856532295638573,0.0913158953815173,0,1,0,0,True,0,1,0.0,,"{""profile_name"": ""extreme_d06"", ""map_seed"": 20490621, ""query_seed"": 20491624}"
extreme_s03_q0068,n3p_k1,Extreme,d08_12,True,True,0.16133334417827427,3,9.679322327474903,9.760100684181719,-0.00827638559484678,2,0.15500744222337007,0.06568537550224918,0,0,1,0,True,0,0,,,"{""profile_name"": ""extreme_d06"", ""map_seed"": 20490621, ""query_seed"": 20491624}"
extreme_s03_q0068,voronoi_waypoint,Extreme,d08_12,True,True,0.5215301790740341,21,12.93728984720587,9.760100684181719,0.32552831838850294,1,0.5047852406904543,0.09052708052262715,0,0,0,0,False,,,,,"{""profile_name"": ""extreme_d06"", ""map_seed"": 20490621, ""query_seed"": 20491624, ""waypoint_count"": 2}"
extreme_s03_q0068,bottleneck_waypoint,Extreme,d08_12,True,True,0.5104167039971799,3,14.5162385227896,9.760100684181719,0.4873041777444156,1,0.4409463878030932,0.3543078038233207,0,0,0,0,False,,,,,"{""profile_name"": ""extreme_d06"", ""map_seed"": 20490621, ""query_seed"": 20491624, ""waypoint_count"": 2, ""bottleneck_count"": 2}"
extreme_s03_q0068,md_dqn,Extreme,d08_12,False,False,0.0016980930231511593,1,0.0037500000000000072,9.760100684181719,,0,0.08734630124015043,0.3543078038233205,0,0,0,0,False,,,,md_dqn_not_reached,"{""profile_name"": ""extreme_d06"", ""map_seed"": 20490621, ""query_seed"": 20491624, ""md_dqn_source_dir"": ""/home/ubuntu/DQN10/2_experiment"", ""md_dqn_checkpoint_path"": ""/home/ubuntu/DQN10/2_experiment/ugv_dqn/outputs/2026-05-12_train_load_external_demo_smoke/models/realmap_a/mlp-dqn.pt"", ""md_dqn_algo"": ""mlp-dqn"", ""md_dqn_device"": ""cpu"", ""md_dqn_max_steps"": 600, ""md_dqn_rollout_steps"": 1, ""md_dqn_reached"": false}"
extreme_s03_q0069,vanilla_ha,Extreme,d12_16,True,True,0.23820924758911133,115,16.253157797453785,,,0,0.22190779179466957,0.09535829629012738,0,0,0,0,False,,,,,"{""profile_name"": ""extreme_d07"", ""map_seed"": 20490621, ""query_seed"": 20491625, ""evaluation_path_source"": ""trace_poses"", ""planner_path_pose_count"": 34, ""evaluation_path_pose_count"": 164}"
extreme_s03_q0069,f_n3p_knn,Extreme,d12_16,True,True,0.35297475196421146,4,23.916980141123254,16.253157797453785,0.47152820634462067,5,0.21791440810556933,0.0681418809956924,0,50,2,0,True,2,4,0.5,,"{""profile_name"": ""extreme_d07"", ""map_seed"": 20490621, ""query_seed"": 20491625}"
extreme_s03_q0069,n3p_k1,Extreme,d12_16,True,True,0.36742344102822244,30,22.629742006636178,16.253157797453785,0.3923289423905887,1,0.29311426282633113,0.0986267440835511,0,0,2,0,True,2,2,1.0,,"{""profile_name"": ""extreme_d07"", ""map_seed"": 20490621, ""query_seed"": 20491625}"
extreme_s03_q0069,voronoi_waypoint,Extreme,d12_16,False,False,1.359678233973682,864,10.0849447664037,16.253157797453785,,0,0.06522453683355608,0.5966322871820033,0,0,0,0,False,,,,segment_failed:timeout,"{""profile_name"": ""extreme_d07"", ""map_seed"": 20490621, ""query_seed"": 20491625, ""waypoint_count"": 2}"
extreme_s03_q0069,bottleneck_waypoint,Extreme,d12_16,False,False,1.362609792035073,861,9.526446858404478,16.253157797453785,,0,0.1957709633171148,0.6810214493053377,0,0,0,0,False,,,,segment_failed:timeout,"{""profile_name"": ""extreme_d07"", ""map_seed"": 20490621, ""query_seed"": 20491625, ""waypoint_count"": 2, ""bottleneck_count"": 2}"
extreme_s03_q0069,md_dqn,Extreme,d12_16,False,False,0.16635041520930827,600,1.1249999999995421,16.253157797453785,,0,0.0,0.9006948092068683,0,0,0,0,False,,,,md_dqn_not_reached,"{""profile_name"": ""extreme_d07"", ""map_seed"": 20490621, ""query_seed"": 20491625, ""md_dqn_source_dir"": ""/home/ubuntu/DQN10/2_experiment"", ""md_dqn_checkpoint_path"": ""/home/ubuntu/DQN10/2_experiment/ugv_dqn/outputs/2026-05-12_train_load_external_demo_smoke/models/realmap_a/mlp-dqn.pt"", ""md_dqn_algo"": ""mlp-dqn"", ""md_dqn_device"": ""cpu"", ""md_dqn_max_steps"": 600, ""md_dqn_rollout_steps"": 600, ""md_dqn_reached"": false}"
extreme_s03_q0070,vanilla_ha,Extreme,d16_20,True,True,0.16603803634643555,25,19.304146165620658,,,0,0.11341068640050726,0.07338535281873548,0,0,0,0,False,,,,,"{""profile_name"": ""extreme_d03"", ""map_seed"": 20490622, ""query_seed"": 20491622, ""evaluation_path_source"": ""trace_poses"", ""planner_path_pose_count"": 15, ""evaluation_path_pose_count"": 195}"
extreme_s03_q0070,f_n3p_knn,Extreme,d16_20,True,True,0.030398503877222538,0,19.123567994494096,19.304146165620658,-0.009354372349716256,0,0.04588687570989726,0.15046892725490246,0,5,0,0,True,2,3,0.6666666666666666,,"{""profile_name"": ""extreme_d03"", ""map_seed"": 20490622, ""query_seed"": 20491622}"
extreme_s03_q0070,n3p_k1,Extreme,d16_20,True,True,0.19733575196005404,22,19.476255993882653,19.304146165620658,0.00891569234844014,0,0.08888438723521144,0.07465649303357336,0,0,1,0,True,2,2,1.0,,"{""profile_name"": ""extreme_d03"", ""map_seed"": 20490622, ""query_seed"": 20491622}"
extreme_s03_q0070,voronoi_waypoint,Extreme,d16_20,True,True,0.6600538501515985,4,19.92021006403144,19.304146165620658,0.03191355334368273,0,0.17918076629106347,0.18164152730377414,0,0,0,0,False,,,,,"{""profile_name"": ""extreme_d03"", ""map_seed"": 20490622, ""query_seed"": 20491622, ""waypoint_count"": 3}"
extreme_s03_q0070,bottleneck_waypoint,Extreme,d16_20,True,True,0.6615588220302016,4,19.429431088225893,19.304146165620658,0.006490052527076351,0,0.15731270073665884,0.1673353534159664,0,0,0,0,False,,,,,"{""profile_name"": ""extreme_d03"", ""map_seed"": 20490622, ""query_seed"": 20491622, ""waypoint_count"": 3, ""bottleneck_count"": 3}"
extreme_s03_q0070,md_dqn,Extreme,d16_20,False,False,0.16787780355662107,600,1.1249999999999865,19.304146165620658,,0,0.8385645564237355,1.4806604978470623,0,0,0,0,False,,,,md_dqn_not_reached,"{""profile_name"": ""extreme_d03"", ""map_seed"": 20490622, ""query_seed"": 20491622, ""md_dqn_source_dir"": ""/home/ubuntu/DQN10/2_experiment"", ""md_dqn_checkpoint_path"": ""/home/ubuntu/DQN10/2_experiment/ugv_dqn/outputs/2026-05-12_train_load_external_demo_smoke/models/realmap_a/mlp-dqn.pt"", ""md_dqn_algo"": ""mlp-dqn"", ""md_dqn_device"": ""cpu"", ""md_dqn_max_steps"": 600, ""md_dqn_rollout_steps"": 600, ""md_dqn_reached"": false}"
extreme_s03_q0071,vanilla_ha,Extreme,d20_inf,True,True,0.26975202560424805,305,21.855392394766234,,,0,0.1836582609711701,0.07120041792231224,0,0,0,0,False,,,,,"{""profile_name"": ""extreme_d04"", ""map_seed"": 20490622, ""query_seed"": 20491623, ""evaluation_path_source"": ""trace_poses"", ""planner_path_pose_count"": 32, ""evaluation_path_pose_count"": 222}"
extreme_s03_q0071,f_n3p_knn,Extreme,d20_inf,True,True,0.02288170112296939,0,21.845301205980043,21.855392394766234,-0.0004617253538128363,0,0.07077345912228197,0.1370211709245217,0,17,0,0,True,0,2,0.0,,"{""profile_name"": ""extreme_d04"", ""map_seed"": 20490622, ""query_seed"": 20491623}"
extreme_s03_q0071,n3p_k1,Extreme,d20_inf,True,True,0.21187255182303488,49,22.354254401670406,21.855392394766234,0.022825579970993104,0,0.11597819544737178,0.10649354913749143,0,0,1,0,True,1,1,1.0,,"{""profile_name"": ""extreme_d04"", ""map_seed"": 20490622, ""query_seed"": 20491623}"
extreme_s03_q0071,voronoi_waypoint,Extreme,d20_inf,True,True,0.824850101955235,17,22.931128873699127,21.855392394766234,0.04922064356028222,0,0.20629239263052665,0.12385076323763577,0,0,0,0,False,,,,,"{""profile_name"": ""extreme_d04"", ""map_seed"": 20490622, ""query_seed"": 20491623, ""waypoint_count"": 4}"
extreme_s03_q0071,bottleneck_waypoint,Extreme,d20_inf,True,True,0.6637649252079427,4,22.898478947441937,21.855392394766234,0.04772673644264991,0,0.14641811600682697,0.1370211709245217,0,0,0,0,False,,,,,"{""profile_name"": ""extreme_d04"", ""map_seed"": 20490622, ""query_seed"": 20491623, ""waypoint_count"": 3, ""bottleneck_count"": 3}"
extreme_s03_q0071,md_dqn,Extreme,d20_inf,False,False,0.16714015183970332,600,1.1249999999999971,21.855392394766234,,0,0.8385645564237282,0.1370211709245217,0,0,0,0,False,,,,md_dqn_not_reached,"{""profile_name"": ""extreme_d04"", ""map_seed"": 20490622, ""query_seed"": 20491623, ""md_dqn_source_dir"": ""/home/ubuntu/DQN10/2_experiment"", ""md_dqn_checkpoint_path"": ""/home/ubuntu/DQN10/2_experiment/ugv_dqn/outputs/2026-05-12_train_load_external_demo_smoke/models/realmap_a/mlp-dqn.pt"", ""md_dqn_algo"": ""mlp-dqn"", ""md_dqn_device"": ""cpu"", ""md_dqn_max_steps"": 600, ""md_dqn_rollout_steps"": 600, ""md_dqn_reached"": false}"
extreme_s03_q0072,vanilla_ha,Extreme,d08_12,True,True,0.17304658889770508,25,10.000019053245707,,,0,0.10212817508507954,0.2040624454770732,0,0,0,0,False,,,,,"{""profile_name"": ""extreme_d05"", ""map_seed"": 20490622, ""query_seed"": 20491624, ""evaluation_path_source"": ""trace_poses"", ""planner_path_pose_count"": 26, ""evaluation_path_pose_count"": 103}"
extreme_s03_q0072,f_n3p_knn,Extreme,d08_12,True,True,0.021099745063111186,0,16.071744958620457,10.000019053245707,0.6071714336788239,1,0.07993633902942708,0.19355565554319032,0,19,0,0,True,0,2,0.0,,"{""profile_name"": ""extreme_d05"", ""map_seed"": 20490622, ""query_seed"": 20491624}"
extreme_s03_q0072,n3p_k1,Extreme,d08_12,True,True,0.18408059608191252,25,10.000019053245707,10.000019053245707,0.0,0,0.10212817508507954,0.2040624454770732,0,0,1,0,True,0,0,,,"{""profile_name"": ""extreme_d05"", ""map_seed"": 20490622, ""query_seed"": 20491624}"
extreme_s03_q0072,voronoi_waypoint,Extreme,d08_12,True,True,0.3609199339989573,8,10.066686536842873,10.000019053245707,0.006666735657421485,0,0.2584267208588721,0.15428016830167124,0,0,0,0,False,,,,,"{""profile_name"": ""extreme_d05"", ""map_seed"": 20490622, ""query_seed"": 20491624, ""waypoint_count"": 1}"
extreme_s03_q0072,bottleneck_waypoint,Extreme,d08_12,True,True,0.36040573194622993,2,10.116672594927955,10.000019053245707,0.011665331941981272,0,0.21607805388300155,0.42929309585113673,0,0,0,0,False,,,,,"{""profile_name"": ""extreme_d05"", ""map_seed"": 20490622, ""query_seed"": 20491624, ""waypoint_count"": 1, ""bottleneck_count"": 1}"
extreme_s03_q0072,md_dqn,Extreme,d08_12,False,False,0.16738205403089523,600,1.1249999999999956,10.000019053245707,,0,0.8385645564237288,0.9384681889412194,0,0,0,0,False,,,,md_dqn_not_reached,"{""profile_name"": ""extreme_d05"", ""map_seed"": 20490622, ""query_seed"": 20491624, ""md_dqn_source_dir"": ""/home/ubuntu/DQN10/2_experiment"", ""md_dqn_checkpoint_path"": ""/home/ubuntu/DQN10/2_experiment/ugv_dqn/outputs/2026-05-12_train_load_external_demo_smoke/models/realmap_a/mlp-dqn.pt"", ""md_dqn_algo"": ""mlp-dqn"", ""md_dqn_device"": ""cpu"", ""md_dqn_max_steps"": 600, ""md_dqn_rollout_steps"": 600, ""md_dqn_reached"": false}"
extreme_s03_q0073,vanilla_ha,Extreme,d12_16,True,True,0.15740728378295898,1,15.373353570382752,,,0,0.0,0.11817274563167501,0,0,0,0,False,,,,,"{""profile_name"": ""extreme_d06"", ""map_seed"": 20490622, ""query_seed"": 20491625, ""evaluation_path_source"": ""trace_poses"", ""planner_path_pose_count"": 2, ""evaluation_path_pose_count"": 155}"
extreme_s03_q0073,f_n3p_knn,Extreme,d12_16,True,True,0.0007173379417508841,0,15.373353570382752,15.373353570382752,0.0,0,9.027170125424345e-18,0.11817274563167501,0,0,0,0,False,0,0,,,"{""profile_name"": ""extreme_d06"", ""map_seed"": 20490622, ""query_seed"": 20491625}"
extreme_s03_q0073,n3p_k1,Extreme,d12_16,True,True,0.0007025119848549366,0,15.373353570382752,15.373353570382752,0.0,0,9.027170125424345e-18,0.11817274563167501,0,0,0,0,False,0,0,,,"{""profile_name"": ""extreme_d06"", ""map_seed"": 20490622, ""query_seed"": 20491625}"
extreme_s03_q0073,voronoi_waypoint,Extreme,d12_16,True,True,0.5160352180246264,3,16.876215237184326,15.373353570382752,0.09775756863465901,4,0.29459738411463327,0.08742893059933143,0,0,0,0,False,,,,,"{""profile_name"": ""extreme_d06"", ""map_seed"": 20490622, ""query_seed"": 20491625, ""waypoint_count"": 2}"
extreme_s03_q0073,bottleneck_waypoint,Extreme,d12_16,True,True,0.6661000968888402,4,16.14267178574416,15.373353570382752,0.0500423158707235,0,0.23104987952809275,0.08701326609994187,0,0,0,0,False,,,,,"{""profile_name"": ""extreme_d06"", ""map_seed"": 20490622, ""query_seed"": 20491625, ""waypoint_count"": 3, ""bottleneck_count"": 3}"
extreme_s03_q0073,md_dqn,Extreme,d12_16,False,False,0.1669980720616877,600,2.2499999999999996,15.373353570382752,,0,0.08734630124015075,0.43836238345004275,0,0,0,0,False,,,,md_dqn_not_reached,"{""profile_name"": ""extreme_d06"", ""map_seed"": 20490622, ""query_seed"": 20491625, ""md_dqn_source_dir"": ""/home/ubuntu/DQN10/2_experiment"", ""md_dqn_checkpoint_path"": ""/home/ubuntu/DQN10/2_experiment/ugv_dqn/outputs/2026-05-12_train_load_external_demo_smoke/models/realmap_a/mlp-dqn.pt"", ""md_dqn_algo"": ""mlp-dqn"", ""md_dqn_device"": ""cpu"", ""md_dqn_max_steps"": 600, ""md_dqn_rollout_steps"": 600, ""md_dqn_reached"": false}"
extreme_s03_q0074,vanilla_ha,Extreme,d16_20,False,False,2.5001070499420166,3940,,,,0,,,0,0,0,0,False,,,,timeout,"{""profile_name"": ""extreme_d07"", ""map_seed"": 20490622, ""query_seed"": 20491626, ""evaluation_path_source"": ""planner_path"", ""planner_path_pose_count"": 0, ""evaluation_path_pose_count"": 0}"
extreme_s03_q0074,f_n3p_knn,Extreme,d16_20,True,True,0.03962102299556136,0,23.01754356818109,,,2,0.20395903455324377,0.0783562432514403,0,15,0,0,True,0,4,0.0,,"{""profile_name"": ""extreme_d07"", ""map_seed"": 20490622, ""query_seed"": 20491626}"
extreme_s03_q0074,n3p_k1,Extreme,d16_20,False,False,4.163285254966468,5871,,,,0,,,0,0,2,1,True,0,0,,f2_failed:prediction:goal_in_collision;goal:timeout;f3_failed:timeout,"{""profile_name"": ""extreme_d07"", ""map_seed"": 20490622, ""query_seed"": 20491626}"
extreme_s03_q0074,voronoi_waypoint,Extreme,d16_20,True,True,0.8169836578890681,100,20.692185275320195,,,3,0.29843784209292346,0.06802161930965045,0,0,0,0,False,,,,,"{""profile_name"": ""extreme_d07"", ""map_seed"": 20490622, ""query_seed"": 20491626, ""waypoint_count"": 3}"
extreme_s03_q0074,bottleneck_waypoint,Extreme,d16_20,True,True,0.8132453770376742,7,20.136556312275427,,,1,0.2787166330339075,0.06657973237646964,0,0,0,0,False,,,,,"{""profile_name"": ""extreme_d07"", ""map_seed"": 20490622, ""query_seed"": 20491626, ""waypoint_count"": 4, ""bottleneck_count"": 4}"
extreme_s03_q0074,md_dqn,Extreme,d16_20,False,False,0.3186415082309395,600,9.15375,,,1,0.2542987755214606,0.16612324281152369,0,0,0,0,False,,,,md_dqn_not_reached,"{""profile_name"": ""extreme_d07"", ""map_seed"": 20490622, ""query_seed"": 20491626, ""md_dqn_source_dir"": ""/home/ubuntu/DQN10/2_experiment"", ""md_dqn_checkpoint_path"": ""/home/ubuntu/DQN10/2_experiment/ugv_dqn/outputs/2026-05-12_train_load_external_demo_smoke/models/realmap_a/mlp-dqn.pt"", ""md_dqn_algo"": ""mlp-dqn"", ""md_dqn_device"": ""cpu"", ""md_dqn_max_steps"": 600, ""md_dqn_rollout_steps"": 600, ""md_dqn_reached"": false}"
extreme_s03_q0075,vanilla_ha,Extreme,d20_inf,True,True,0.3160843849182129,239,20.580233764372654,,,0,0.2092249538336222,0.10396665711477382,0,0,0,0,False,,,,,"{""profile_name"": ""extreme_d03"", ""map_seed"": 20490623, ""query_seed"": 20491623, ""evaluation_path_source"": ""trace_poses"", ""planner_path_pose_count"": 43, ""evaluation_path_pose_count"": 208}"
extreme_s03_q0075,f_n3p_knn,Extreme,d20_inf,True,True,0.03197092702612281,0,20.438559234785256,20.580233764372654,-0.006884009735237173,0,0.06889805798703358,0.13141162401742068,0,14,0,0,True,1,3,0.3333333333333333,,"{""profile_name"": ""extreme_d03"", ""map_seed"": 20490623, ""query_seed"": 20491623}"
extreme_s03_q0075,n3p_k1,Extreme,d20_inf,True,True,0.17622350598685443,16,20.12945715339332,20.580233764372654,-0.021903376615657888,0,0.09546477541507103,0.18875090325258492,0,0,1,0,True,0,0,,,"{""profile_name"": ""extreme_d03"", ""map_seed"": 20490623, ""query_seed"": 20491623}"
extreme_s03_q0075,voronoi_waypoint,Extreme,d20_inf,True,True,0.6771552951540798,19,21.442678219977797,20.580233764372654,0.04190644603358007,0,0.20074787296582774,0.18950458480795773,0,0,0,0,False,,,,,"{""profile_name"": ""extreme_d03"", ""map_seed"": 20490623, ""query_seed"": 20491623, ""waypoint_count"": 3}"
extreme_s03_q0075,bottleneck_waypoint,Extreme,d20_inf,True,True,0.6785700470209122,19,21.138996105524306,20.580233764372654,0.027150437043088838,0,0.20842825988964694,0.189628072807011,0,0,0,0,False,,,,,"{""profile_name"": ""extreme_d03"", ""map_seed"": 20490623, ""query_seed"": 20491623, ""waypoint_count"": 3, ""bottleneck_count"": 3}"
extreme_s03_q0075,md_dqn,Extreme,d20_inf,False,False,0.2567820930853486,531,1.0406249999999728,20.580233764372654,,1,0.174727435024608,0.4660143756905213,0,0,0,0,False,,,,md_dqn_not_reached,"{""profile_name"": ""extreme_d03"", ""map_seed"": 20490623, ""query_seed"": 20491623, ""md_dqn_source_dir"": ""/home/ubuntu/DQN10/2_experiment"", ""md_dqn_checkpoint_path"": ""/home/ubuntu/DQN10/2_experiment/ugv_dqn/outputs/2026-05-12_train_load_external_demo_smoke/models/realmap_a/mlp-dqn.pt"", ""md_dqn_algo"": ""mlp-dqn"", ""md_dqn_device"": ""cpu"", ""md_dqn_max_steps"": 600, ""md_dqn_rollout_steps"": 531, ""md_dqn_reached"": false}"
extreme_s03_q0076,vanilla_ha,Extreme,d08_12,False,False,2.5012168884277344,2353,,,,0,,,0,0,0,0,False,,,,timeout,"{""profile_name"": ""extreme_d04"", ""map_seed"": 20490623, ""query_seed"": 20491624, ""evaluation_path_source"": ""planner_path"", ""planner_path_pose_count"": 0, ""evaluation_path_pose_count"": 0}"
extreme_s03_q0076,f_n3p_knn,Extreme,d08_12,True,True,0.18141098297201097,7,10.325748319975311,,,2,0.3927681008069331,0.0533395269450902,0,19,1,0,True,1,1,1.0,,"{""profile_name"": ""extreme_d04"", ""map_seed"": 20490623, ""query_seed"": 20491624}"
extreme_s03_q0076,n3p_k1,Extreme,d08_12,True,True,0.17785731796175241,7,10.325748319975311,,,2,0.3927681008069331,0.0533395269450902,0,0,1,0,True,1,1,1.0,,"{""profile_name"": ""extreme_d04"", ""map_seed"": 20490623, ""query_seed"": 20491624}"
extreme_s03_q0076,voronoi_waypoint,Extreme,d08_12,True,True,0.5048680319450796,3,14.139197800437465,,,3,0.5144253300012129,0.06330585881066902,0,0,0,0,False,,,,,"{""profile_name"": ""extreme_d04"", ""map_seed"": 20490623, ""query_seed"": 20491624, ""waypoint_count"": 2}"
extreme_s03_q0076,bottleneck_waypoint,Extreme,d08_12,True,True,0.6855908290017396,169,12.737084397312676,,,3,0.5073624723904394,0.06989094756092695,0,0,0,0,False,,,,,"{""profile_name"": ""extreme_d04"", ""map_seed"": 20490623, ""query_seed"": 20491624, ""waypoint_count"": 2, ""bottleneck_count"": 2}"
extreme_s03_q0076,md_dqn,Extreme,d08_12,False,False,0.1689252050127834,600,1.1250000000000082,,,0,0.8385645564237204,1.5095389457652382,0,0,0,0,False,,,,md_dqn_not_reached,"{""profile_name"": ""extreme_d04"", ""map_seed"": 20490623, ""query_seed"": 20491624, ""md_dqn_source_dir"": ""/home/ubuntu/DQN10/2_experiment"", ""md_dqn_checkpoint_path"": ""/home/ubuntu/DQN10/2_experiment/ugv_dqn/outputs/2026-05-12_train_load_external_demo_smoke/models/realmap_a/mlp-dqn.pt"", ""md_dqn_algo"": ""mlp-dqn"", ""md_dqn_device"": ""cpu"", ""md_dqn_max_steps"": 600, ""md_dqn_rollout_steps"": 600, ""md_dqn_reached"": false}"
extreme_s03_q0077,vanilla_ha,Extreme,d12_16,True,True,0.20929622650146484,145,15.976665656328313,,,1,0.12948179686067954,0.06577274793007848,0,0,0,0,False,,,,,"{""profile_name"": ""extreme_d05"", ""map_seed"": 20490623, ""query_seed"": 20491625, ""evaluation_path_source"": ""trace_poses"", ""planner_path_pose_count"": 13, ""evaluation_path_pose_count"": 162}"
extreme_s03_q0077,f_n3p_knn,Extreme,d12_16,True,True,0.034582320833578706,0,16.32679693192495,15.976665656328313,0.02191516572533092,1,0.17138629374600664,0.06577274793007304,0,1,0,0,True,3,4,0.75,,"{""profile_name"": ""extreme_d05"", ""map_seed"": 20490623, ""query_seed"": 20491625}"
extreme_s03_q0077,n3p_k1,Extreme,d12_16,True,True,0.17752525000832975,17,15.55678057831368,15.976665656328313,-0.026281145706289366,1,0.19294926479829277,0.06577274793007493,0,0,1,0,True,1,1,1.0,,"{""profile_name"": ""extreme_d05"", ""map_seed"": 20490623, ""query_seed"": 20491625}"
extreme_s03_q0077,voronoi_waypoint,Extreme,d12_16,True,True,0.7466503197792917,102,19.01885799282867,15.976665656328313,0.19041472119029756,1,0.4117366694012603,0.06577274793007326,0,0,0,0,False,,,,,"{""profile_name"": ""extreme_d05"", ""map_seed"": 20490623, ""query_seed"": 20491625, ""waypoint_count"": 3}"
extreme_s03_q0077,bottleneck_waypoint,Extreme,d12_16,True,True,0.6687994599342346,6,17.875443647663484,15.976665656328313,0.118846950432556,3,0.2518130496627562,0.0657727479300757,0,0,0,0,False,,,,,"{""profile_name"": ""extreme_d05"", ""map_seed"": 20490623, ""query_seed"": 20491625, ""waypoint_count"": 3, ""bottleneck_count"": 3}"
extreme_s03_q0077,md_dqn,Extreme,d12_16,False,False,0.0014739201869815588,1,0.003749999999999081,15.976665656328313,,0,0.08734630124017201,0.25570143080854946,0,0,0,0,False,,,,md_dqn_not_reached,"{""profile_name"": ""extreme_d05"", ""map_seed"": 20490623, ""query_seed"": 20491625, ""md_dqn_source_dir"": ""/home/ubuntu/DQN10/2_experiment"", ""md_dqn_checkpoint_path"": ""/home/ubuntu/DQN10/2_experiment/ugv_dqn/outputs/2026-05-12_train_load_external_demo_smoke/models/realmap_a/mlp-dqn.pt"", ""md_dqn_algo"": ""mlp-dqn"", ""md_dqn_device"": ""cpu"", ""md_dqn_max_steps"": 600, ""md_dqn_rollout_steps"": 1, ""md_dqn_reached"": false}"
extreme_s03_q0078,vanilla_ha,Extreme,d16_20,False,False,2.5001380443573,3248,,,,0,,,0,0,0,0,False,,,,timeout,"{""profile_name"": ""extreme_d06"", ""map_seed"": 20490623, ""query_seed"": 20491626, ""evaluation_path_source"": ""planner_path"", ""planner_path_pose_count"": 0, ""evaluation_path_pose_count"": 0}"
extreme_s03_q0078,f_n3p_knn,Extreme,d16_20,True,True,0.057677687145769596,0,26.890561092310048,,,5,0.15541803119949305,0.07547778202578792,0,19,0,0,True,3,6,0.5,,"{""profile_name"": ""extreme_d06"", ""map_seed"": 20490623, ""query_seed"": 20491626}"
extreme_s03_q0078,n3p_k1,Extreme,d16_20,False,False,3.512089256197214,4671,,,,0,,,0,0,1,1,True,0,0,,f2_failed:prediction:goal_in_collision;goal:timeout;f3_failed:timeout,"{""profile_name"": ""extreme_d06"", ""map_seed"": 20490623, ""query_seed"": 20491626}"
extreme_s03_q0078,voronoi_waypoint,Extreme,d16_20,True,True,0.689129576086998,28,21.86419445232041,,,3,0.3346510005479549,0.09811681456548449,0,0,0,0,False,,,,,"{""profile_name"": ""extreme_d06"", ""map_seed"": 20490623, ""query_seed"": 20491626, ""waypoint_count"": 3}"
extreme_s03_q0078,bottleneck_waypoint,Extreme,d16_20,True,True,0.9707081550732255,6,22.469836474714118,,,1,0.4474866633429042,0.09811681456548449,0,0,0,0,False,,,,,"{""profile_name"": ""extreme_d06"", ""map_seed"": 20490623, ""query_seed"": 20491626, ""waypoint_count"": 5, ""bottleneck_count"": 5}"
extreme_s03_q0078,md_dqn,Extreme,d16_20,False,False,0.23924535233527422,600,15.721875000000013,,,0,0.24763382144882823,0.12112954853730429,0,0,0,0,False,,,,md_dqn_not_reached,"{""profile_name"": ""extreme_d06"", ""map_seed"": 20490623, ""query_seed"": 20491626, ""md_dqn_source_dir"": ""/home/ubuntu/DQN10/2_experiment"", ""md_dqn_checkpoint_path"": ""/home/ubuntu/DQN10/2_experiment/ugv_dqn/outputs/2026-05-12_train_load_external_demo_smoke/models/realmap_a/mlp-dqn.pt"", ""md_dqn_algo"": ""mlp-dqn"", ""md_dqn_device"": ""cpu"", ""md_dqn_max_steps"": 600, ""md_dqn_rollout_steps"": 600, ""md_dqn_reached"": false}"
extreme_s03_q0079,vanilla_ha,Extreme,d20_inf,True,True,1.415329933166504,2461,25.7644712510199,,,0,0.2525934181372384,0.06646185573966312,0,0,0,0,False,,,,,"{""profile_name"": ""extreme_d07"", ""map_seed"": 20490623, ""query_seed"": 20491627, ""evaluation_path_source"": ""trace_poses"", ""planner_path_pose_count"": 70, ""evaluation_path_pose_count"": 260}"
extreme_s03_q0079,f_n3p_knn,Extreme,d20_inf,True,True,0.02599623193964362,0,25.238166095172687,25.7644712510199,-0.020427555090088534,0,0.07714942706034639,0.11562234355158396,0,11,0,0,True,2,3,0.6666666666666666,,"{""profile_name"": ""extreme_d07"", ""map_seed"": 20490623, ""query_seed"": 20491627}"
extreme_s03_q0079,n3p_k1,Extreme,d20_inf,True,True,0.23987116012722254,101,27.305604884272476,25.7644712510199,0.059816233690088705,0,0.1343090867331747,0.10738526329306275,0,0,1,0,True,2,2,1.0,,"{""profile_name"": ""extreme_d07"", ""map_seed"": 20490623, ""query_seed"": 20491627}"
extreme_s03_q0079,voronoi_waypoint,Extreme,d20_inf,True,True,0.968718278920278,6,27.172507622915912,25.7644712510199,0.05465031120482533,0,0.22929668321885785,0.1798093726753962,0,0,0,0,False,,,,,"{""profile_name"": ""extreme_d07"", ""map_seed"": 20490623, ""query_seed"": 20491627, ""waypoint_count"": 5}"
extreme_s03_q0079,bottleneck_waypoint,Extreme,d20_inf,True,True,0.6699478169903159,4,27.37745155764128,25.7644712510199,0.06260482859928795,0,0.14384327893771365,0.3557887277186267,0,0,0,0,False,,,,,"{""profile_name"": ""extreme_d07"", ""map_seed"": 20490623, ""query_seed"": 20491627, ""waypoint_count"": 3, ""bottleneck_count"": 3}"
extreme_s03_q0079,md_dqn,Extreme,d20_inf,False,False,0.16814840864390135,600,1.1250000000003115,25.7644712510199,,0,0.14281595344036924,0.1920570426362953,0,0,0,0,False,,,,md_dqn_not_reached,"{""profile_name"": ""extreme_d07"", ""map_seed"": 20490623, ""query_seed"": 20491627, ""md_dqn_source_dir"": ""/home/ubuntu/DQN10/2_experiment"", ""md_dqn_checkpoint_path"": ""/home/ubuntu/DQN10/2_experiment/ugv_dqn/outputs/2026-05-12_train_load_external_demo_smoke/models/realmap_a/mlp-dqn.pt"", ""md_dqn_algo"": ""mlp-dqn"", ""md_dqn_device"": ""cpu"", ""md_dqn_max_steps"": 600, ""md_dqn_rollout_steps"": 600, ""md_dqn_reached"": false}"
extreme_s04_q0080,vanilla_ha,Extreme,d08_12,True,True,0.2044074535369873,78,11.778396685628744,,,0,0.085456150381415,0.07927042026413544,0,0,0,0,False,,,,,"{""profile_name"": ""extreme_d03"", ""map_seed"": 20500620, ""query_seed"": 20501620, ""evaluation_path_source"": ""trace_poses"", ""planner_path_pose_count"": 13, ""evaluation_path_pose_count"": 120}"
extreme_s04_q0080,f_n3p_knn,Extreme,d08_12,True,True,0.0210182280279696,0,11.855004119537243,11.778396685628744,0.00650406298524242,0,0.09878843156190635,0.05819004539964989,0,3,0,0,True,0,2,0.0,,"{""profile_name"": ""extreme_d03"", ""map_seed"": 20500620, ""query_seed"": 20501620}"
extreme_s04_q0080,n3p_k1,Extreme,d08_12,True,True,0.36479685781523585,301,12.441886420788943,11.778396685628744,0.05633107398817261,0,0.22678402876033915,0.1438471460973757,0,0,1,0,True,0,0,,,"{""profile_name"": ""extreme_d03"", ""map_seed"": 20500620, ""query_seed"": 20501620}"
extreme_s04_q0080,voronoi_waypoint,Extreme,d08_12,True,True,0.6807344381231815,189,12.138236142432437,11.778396685628744,0.030550801302417163,0,0.4354410215157816,0.07475123281962848,0,0,0,0,False,,,,,"{""profile_name"": ""extreme_d03"", ""map_seed"": 20500620, ""query_seed"": 20501620, ""waypoint_count"": 2}"
extreme_s04_q0080,bottleneck_waypoint,Extreme,d08_12,True,True,0.5014393758028746,3,12.079800617314055,11.778396685628744,0.02558955516017436,0,0.2637047070007646,0.26020196853453026,0,0,0,0,False,,,,,"{""profile_name"": ""extreme_d03"", ""map_seed"": 20500620, ""query_seed"": 20501620, ""waypoint_count"": 2, ""bottleneck_count"": 2}"
extreme_s04_q0080,md_dqn,Extreme,d08_12,False,False,0.2948855555150658,356,1.2768750000000135,11.778396685628744,,1,0.10518055357900898,0.4165077383566461,0,0,0,0,False,,,,md_dqn_not_reached,"{""profile_name"": ""extreme_d03"", ""map_seed"": 20500620, ""query_seed"": 20501620, ""md_dqn_source_dir"": ""/home/ubuntu/DQN10/2_experiment"", ""md_dqn_checkpoint_path"": ""/home/ubuntu/DQN10/2_experiment/ugv_dqn/outputs/2026-05-12_train_load_external_demo_smoke/models/realmap_a/mlp-dqn.pt"", ""md_dqn_algo"": ""mlp-dqn"", ""md_dqn_device"": ""cpu"", ""md_dqn_max_steps"": 600, ""md_dqn_rollout_steps"": 356, ""md_dqn_reached"": false}"
extreme_s04_q0081,vanilla_ha,Extreme,d12_16,True,True,0.24650096893310547,113,15.536045031075169,,,0,0.09708435050889813,0.09610707730967327,0,0,0,0,False,,,,,"{""profile_name"": ""extreme_d04"", ""map_seed"": 20500620, ""query_seed"": 20501621, ""evaluation_path_source"": ""trace_poses"", ""planner_path_pose_count"": 19, ""evaluation_path_pose_count"": 158}"
extreme_s04_q0081,f_n3p_knn,Extreme,d12_16,True,True,0.02831433084793389,0,22.103442985871105,15.536045031075169,0.42272006431880427,2,0.1806156810486148,0.06650415212568628,0,11,0,0,True,2,3,0.6666666666666666,,"{""profile_name"": ""extreme_d04"", ""map_seed"": 20500620, ""query_seed"": 20501621}"
extreme_s04_q0081,n3p_k1,Extreme,d12_16,True,True,0.18702439684420824,13,16.600648478863807,15.536045031075169,0.06852474009049403,3,0.1915937551627863,0.06650415212568628,0,0,1,0,True,2,2,1.0,,"{""profile_name"": ""extreme_d04"", ""map_seed"": 20500620, ""query_seed"": 20501621}"
extreme_s04_q0081,voronoi_waypoint,Extreme,d12_16,True,True,0.6634160468820482,4,18.07752942364525,15.536045031075169,0.1635863173340839,0,0.24533924658677672,0.44938337143849105,0,0,0,0,False,,,,,"{""profile_name"": ""extreme_d04"", ""map_seed"": 20500620, ""query_seed"": 20501621, ""waypoint_count"": 3}"
extreme_s04_q0081,bottleneck_waypoint,Extreme,d12_16,True,True,0.6599907109048218,4,17.404412189116066,15.536045031075169,0.12026015335973805,0,0.13676667767773495,0.45177772965084395,0,0,0,0,False,,,,,"{""profile_name"": ""extreme_d04"", ""map_seed"": 20500620, ""query_seed"": 20501621, ""waypoint_count"": 3, ""bottleneck_count"": 3}"
extreme_s04_q0081,md_dqn,Extreme,d12_16,False,False,0.17980039375834167,600,3.3356250000000096,15.536045031075169,,0,0.36944151485178517,0.16383205855120342,0,0,0,0,False,,,,md_dqn_not_reached,"{""profile_name"": ""extreme_d04"", ""map_seed"": 20500620, ""query_seed"": 20501621, ""md_dqn_source_dir"": ""/home/ubuntu/DQN10/2_experiment"", ""md_dqn_checkpoint_path"": ""/home/ubuntu/DQN10/2_experiment/ugv_dqn/outputs/2026-05-12_train_load_external_demo_smoke/models/realmap_a/mlp-dqn.pt"", ""md_dqn_algo"": ""mlp-dqn"", ""md_dqn_device"": ""cpu"", ""md_dqn_max_steps"": 600, ""md_dqn_rollout_steps"": 600, ""md_dqn_reached"": false}"
extreme_s04_q0082,vanilla_ha,Extreme,d16_20,True,True,1.3280150890350342,1745,18.981273781965555,,,0,0.2626230400553213,0.09987437265053922,0,0,0,0,False,,,,,"{""profile_name"": ""extreme_d05"", ""map_seed"": 20500620, ""query_seed"": 20501622, ""evaluation_path_source"": ""trace_poses"", ""planner_path_pose_count"": 50, ""evaluation_path_pose_count"": 192}"
extreme_s04_q0082,f_n3p_knn,Extreme,d16_20,True,True,0.011488240910694003,0,18.76133871739109,18.981273781965555,-0.01158694970110108,0,0.06021915480974459,0.054563758950302244,0,8,0,0,True,0,1,0.0,,"{""profile_name"": ""extreme_d05"", ""map_seed"": 20500620, ""query_seed"": 20501622}"
extreme_s04_q0082,n3p_k1,Extreme,d16_20,True,True,2.191173520172015,3018,18.981273781965555,18.981273781965555,0.0,0,0.2626230400553213,0.09987437265053922,0,0,1,1,True,0,0,,,"{""profile_name"": ""extreme_d05"", ""map_seed"": 20500620, ""query_seed"": 20501622}"
extreme_s04_q0082,voronoi_waypoint,Extreme,d16_20,True,True,0.6821511888410896,22,21.26398140186218,18.981273781965555,0.12026103443413083,0,0.2402481303778537,0.08441791048983105,0,0,0,0,False,,,,,"{""profile_name"": ""extreme_d05"", ""map_seed"": 20500620, ""query_seed"": 20501622, ""waypoint_count"": 3}"
extreme_s04_q0082,bottleneck_waypoint,Extreme,d16_20,True,True,0.814108403166756,5,20.002536478603602,18.981273781965555,0.05380369665224305,1,0.1899689395197696,0.3759924139259594,0,0,0,0,False,,,,,"{""profile_name"": ""extreme_d05"", ""map_seed"": 20500620, ""query_seed"": 20501622, ""waypoint_count"": 4, ""bottleneck_count"": 4}"
extreme_s04_q0082,md_dqn,Extreme,d16_20,False,False,0.16384648042730987,443,1.6312499999999892,18.981273781965555,,1,0.09287970794416431,0.4466545545100462,0,0,0,0,False,,,,md_dqn_not_reached,"{""profile_name"": ""extreme_d05"", ""map_seed"": 20500620, ""query_seed"": 20501622, ""md_dqn_source_dir"": ""/home/ubuntu/DQN10/2_experiment"", ""md_dqn_checkpoint_path"": ""/home/ubuntu/DQN10/2_experiment/ugv_dqn/outputs/2026-05-12_train_load_external_demo_smoke/models/realmap_a/mlp-dqn.pt"", ""md_dqn_algo"": ""mlp-dqn"", ""md_dqn_device"": ""cpu"", ""md_dqn_max_steps"": 600, ""md_dqn_rollout_steps"": 443, ""md_dqn_reached"": false}"
extreme_s04_q0083,vanilla_ha,Extreme,d20_inf,False,False,2.500047445297241,3264,,,,0,,,0,0,0,0,False,,,,timeout,"{""profile_name"": ""extreme_d06"", ""map_seed"": 20500620, ""query_seed"": 20501623, ""evaluation_path_source"": ""planner_path"", ""planner_path_pose_count"": 0, ""evaluation_path_pose_count"": 0}"
extreme_s04_q0083,f_n3p_knn,Extreme,d20_inf,False,False,3.534508096985519,4562,,,,0,,,0,26,1,1,True,1,2,0.5,f2_failed:prediction:goal_in_collision;goal:timeout;f3_failed:timeout,"{""profile_name"": ""extreme_d06"", ""map_seed"": 20500620, ""query_seed"": 20501623}"
extreme_s04_q0083,n3p_k1,Extreme,d20_inf,False,False,4.52073686895892,6020,,,,0,,,0,0,1,1,True,1,1,1.0,f2_failed:prediction:timeout;goal:timeout;f3_failed:timeout,"{""profile_name"": ""extreme_d06"", ""map_seed"": 20500620, ""query_seed"": 20501623}"
extreme_s04_q0083,voronoi_waypoint,Extreme,d20_inf,True,True,0.8050354120787233,5,25.47039210549053,,,0,0.12893637990414086,0.0749670857486201,0,0,0,0,False,,,,,"{""profile_name"": ""extreme_d06"", ""map_seed"": 20500620, ""query_seed"": 20501623, ""waypoint_count"": 4}"
extreme_s04_q0083,bottleneck_waypoint,Extreme,d20_inf,True,True,1.1048963139764965,7,25.950541410425707,,,2,0.2365748580611151,0.16279856139429527,0,0,0,0,False,,,,,"{""profile_name"": ""extreme_d06"", ""map_seed"": 20500620, ""query_seed"": 20501623, ""waypoint_count"": 6, ""bottleneck_count"": 6}"
extreme_s04_q0083,md_dqn,Extreme,d20_inf,False,False,0.16836298955604434,600,1.1249999999999503,,,0,0.8286550898949259,0.550596587641188,0,0,0,0,False,,,,md_dqn_not_reached,"{""profile_name"": ""extreme_d06"", ""map_seed"": 20500620, ""query_seed"": 20501623, ""md_dqn_source_dir"": ""/home/ubuntu/DQN10/2_experiment"", ""md_dqn_checkpoint_path"": ""/home/ubuntu/DQN10/2_experiment/ugv_dqn/outputs/2026-05-12_train_load_external_demo_smoke/models/realmap_a/mlp-dqn.pt"", ""md_dqn_algo"": ""mlp-dqn"", ""md_dqn_device"": ""cpu"", ""md_dqn_max_steps"": 600, ""md_dqn_rollout_steps"": 600, ""md_dqn_reached"": false}"
extreme_s04_q0084,vanilla_ha,Extreme,d08_12,True,True,0.8072435855865479,661,12.178445359153226,,,2,0.260350909764727,0.07276123378346067,0,0,0,0,False,,,,,"{""profile_name"": ""extreme_d07"", ""map_seed"": 20500620, ""query_seed"": 20501624, ""evaluation_path_source"": ""trace_poses"", ""planner_path_pose_count"": 41, ""evaluation_path_pose_count"": 125}"
extreme_s04_q0084,f_n3p_knn,Extreme,d08_12,True,True,0.25864542205818,52,19.477061250275725,12.178445359153226,0.5993060424282246,6,0.35091708085702217,0.0753122397787318,0,49,1,0,True,2,6,0.3333333333333333,,"{""profile_name"": ""extreme_d07"", ""map_seed"": 20500620, ""query_seed"": 20501624}"
extreme_s04_q0084,n3p_k1,Extreme,d08_12,True,True,0.5695162881165743,383,12.376040968602537,12.178445359153226,0.016225027384205504,2,0.3790402378016879,0.07087791502920926,0,0,1,0,True,1,1,1.0,,"{""profile_name"": ""extreme_d07"", ""map_seed"": 20500620, ""query_seed"": 20501624}"
extreme_s04_q0084,voronoi_waypoint,Extreme,d08_12,True,True,0.6339554360602051,144,13.924431777938711,12.178445359153226,0.14336693783933718,4,0.3649039553890719,0.07457477796600764,0,0,0,0,False,,,,,"{""profile_name"": ""extreme_d07"", ""map_seed"": 20500620, ""query_seed"": 20501624, ""waypoint_count"": 2}"
extreme_s04_q0084,bottleneck_waypoint,Extreme,d08_12,True,True,0.6290359909180552,134,12.910758161191106,12.178445359153226,0.06013187894196026,4,0.34686949332081385,0.0962292410326605,0,0,0,0,False,,,,,"{""profile_name"": ""extreme_d07"", ""map_seed"": 20500620, ""query_seed"": 20501624, ""waypoint_count"": 2, ""bottleneck_count"": 2}"
extreme_s04_q0084,md_dqn,Extreme,d08_12,False,False,0.0014718491584062576,1,0.003749999999998273,12.178445359153226,,0,0.08734630124019083,0.20082226255551416,0,0,0,0,False,,,,md_dqn_not_reached,"{""profile_name"": ""extreme_d07"", ""map_seed"": 20500620, ""query_seed"": 20501624, ""md_dqn_source_dir"": ""/home/ubuntu/DQN10/2_experiment"", ""md_dqn_checkpoint_path"": ""/home/ubuntu/DQN10/2_experiment/ugv_dqn/outputs/2026-05-12_train_load_external_demo_smoke/models/realmap_a/mlp-dqn.pt"", ""md_dqn_algo"": ""mlp-dqn"", ""md_dqn_device"": ""cpu"", ""md_dqn_max_steps"": 600, ""md_dqn_rollout_steps"": 1, ""md_dqn_reached"": false}"
extreme_s04_q0085,vanilla_ha,Extreme,d12_16,True,True,1.647151231765747,1997,13.464911010320955,,,0,0.3098744257519541,0.07779164938814775,0,0,0,0,False,,,,,"{""profile_name"": ""extreme_d03"", ""map_seed"": 20500621, ""query_seed"": 20501621, ""evaluation_path_source"": ""trace_poses"", ""planner_path_pose_count"": 42, ""evaluation_path_pose_count"": 137}"
extreme_s04_q0085,f_n3p_knn,Extreme,d12_16,True,True,0.01103594503365457,0,13.090429906600448,13.464911010320955,-0.02781162856802133,0,0.026871987554211257,0.0853245430004893,0,2,0,0,True,0,1,0.0,,"{""profile_name"": ""extreme_d03"", ""map_seed"": 20500621, ""query_seed"": 20501621}"
extreme_s04_q0085,n3p_k1,Extreme,d12_16,True,True,2.5115658780559897,3210,13.464911010320955,13.464911010320955,0.0,0,0.3098744257519541,0.07779164938814775,0,0,1,1,True,0,0,,,"{""profile_name"": ""extreme_d03"", ""map_seed"": 20500621, ""query_seed"": 20501621}"
extreme_s04_q0085,voronoi_waypoint,Extreme,d12_16,True,True,0.5069086658768356,3,15.120939375487232,13.464911010320955,0.12298843742056054,0,0.23913466824708707,0.21849217269874988,0,0,0,0,False,,,,,"{""profile_name"": ""extreme_d03"", ""map_seed"": 20500621, ""query_seed"": 20501621, ""waypoint_count"": 2}"
extreme_s04_q0085,bottleneck_waypoint,Extreme,d12_16,True,True,0.509990070015192,3,14.73756302222698,13.464911010320955,0.09451618439442533,0,0.26356819946657384,0.2690537169329966,0,0,0,0,False,,,,,"{""profile_name"": ""extreme_d03"", ""map_seed"": 20500621, ""query_seed"": 20501621, ""waypoint_count"": 2, ""bottleneck_count"": 2}"
extreme_s04_q0085,md_dqn,Extreme,d12_16,False,False,0.16739604552276433,600,1.1250000000000038,13.464911010320955,,0,0.8385645564237231,2.2736736646968905,0,0,0,0,False,,,,md_dqn_not_reached,"{""profile_name"": ""extreme_d03"", ""map_seed"": 20500621, ""query_seed"": 20501621, ""md_dqn_source_dir"": ""/home/ubuntu/DQN10/2_experiment"", ""md_dqn_checkpoint_path"": ""/home/ubuntu/DQN10/2_experiment/ugv_dqn/outputs/2026-05-12_train_load_external_demo_smoke/models/realmap_a/mlp-dqn.pt"", ""md_dqn_algo"": ""mlp-dqn"", ""md_dqn_device"": ""cpu"", ""md_dqn_max_steps"": 600, ""md_dqn_rollout_steps"": 600, ""md_dqn_reached"": false}"
extreme_s04_q0086,vanilla_ha,Extreme,d16_20,True,True,0.2808797359466553,169,16.65568661520449,,,0,0.19311903900116056,0.058604957189266504,0,0,0,0,False,,,,,"{""profile_name"": ""extreme_d04"", ""map_seed"": 20500621, ""query_seed"": 20501622, ""evaluation_path_source"": ""trace_poses"", ""planner_path_pose_count"": 46, ""evaluation_path_pose_count"": 169}"
extreme_s04_q0086,f_n3p_knn,Extreme,d16_20,True,True,0.4482111679390073,88,18.547995940517495,16.65568661520449,0.11361340838303047,2,0.30852011503723814,0.05598449697126667,0,49,2,0,True,0,2,0.0,,"{""profile_name"": ""extreme_d04"", ""map_seed"": 20500621, ""query_seed"": 20501622}"
extreme_s04_q0086,n3p_k1,Extreme,d16_20,True,True,0.418288511922583,96,16.691653871778065,16.65568661520449,0.002159458052046981,0,0.31877284437681264,0.058604957189266504,0,0,2,0,True,0,0,,,"{""profile_name"": ""extreme_d04"", ""map_seed"": 20500621, ""query_seed"": 20501622}"
extreme_s04_q0086,voronoi_waypoint,Extreme,d16_20,True,True,0.6660844539292157,4,21.219367108351584,16.65568661520449,0.2740013425193195,0,0.213255705083579,0.06689215491851552,0,0,0,0,False,,,,,"{""profile_name"": ""extreme_d04"", ""map_seed"": 20500621, ""query_seed"": 20501622, ""waypoint_count"": 3}"
extreme_s04_q0086,bottleneck_waypoint,Extreme,d16_20,True,True,0.8220523109193891,5,21.211088240280162,16.65568661520449,0.27350428297066887,2,0.3527905500644589,0.3434287994653207,0,0,0,0,False,,,,,"{""profile_name"": ""extreme_d04"", ""map_seed"": 20500621, ""query_seed"": 20501622, ""waypoint_count"": 4, ""bottleneck_count"": 4}"
extreme_s04_q0086,md_dqn,Extreme,d16_20,False,False,0.36348849395290017,600,27.826250000000048,16.65568661520449,,0,0.288328584881678,0.119995022803006,0,0,0,0,False,,,,md_dqn_not_reached,"{""profile_name"": ""extreme_d04"", ""map_seed"": 20500621, ""query_seed"": 20501622, ""md_dqn_source_dir"": ""/home/ubuntu/DQN10/2_experiment"", ""md_dqn_checkpoint_path"": ""/home/ubuntu/DQN10/2_experiment/ugv_dqn/outputs/2026-05-12_train_load_external_demo_smoke/models/realmap_a/mlp-dqn.pt"", ""md_dqn_algo"": ""mlp-dqn"", ""md_dqn_device"": ""cpu"", ""md_dqn_max_steps"": 600, ""md_dqn_rollout_steps"": 600, ""md_dqn_reached"": false}"
extreme_s04_q0087,vanilla_ha,Extreme,d20_inf,True,True,0.34325456619262695,281,25.856064126710447,,,0,0.2955052925482777,0.0697751817478448,0,0,0,0,False,,,,,"{""profile_name"": ""extreme_d05"", ""map_seed"": 20500621, ""query_seed"": 20501623, ""evaluation_path_source"": ""trace_poses"", ""planner_path_pose_count"": 71, ""evaluation_path_pose_count"": 262}"
extreme_s04_q0087,f_n3p_knn,Extreme,d20_inf,True,True,0.05056769587099552,0,28.377079376852098,25.856064126710447,0.0975018950211115,1,0.13821196482478576,0.12452387553687394,0,15,0,0,True,2,5,0.4,,"{""profile_name"": ""extreme_d05"", ""map_seed"": 20500621, ""query_seed"": 20501623}"
extreme_s04_q0087,n3p_k1,Extreme,d20_inf,True,True,0.35917042405344546,19,26.440640591301896,25.856064126710447,0.02260887278615442,2,0.1423956139216586,0.06086687091390208,0,0,2,0,True,3,3,1.0,,"{""profile_name"": ""extreme_d05"", ""map_seed"": 20500621, ""query_seed"": 20501623}"
extreme_s04_q0087,voronoi_waypoint,Extreme,d20_inf,True,True,0.9700333990622312,6,28.510547155875543,25.856064126710447,0.10266384768217285,2,0.2887414508260052,0.06121662563541097,0,0,0,0,False,,,,,"{""profile_name"": ""extreme_d05"", ""map_seed"": 20500621, ""query_seed"": 20501623, ""waypoint_count"": 5}"
extreme_s04_q0087,bottleneck_waypoint,Extreme,d20_inf,True,True,0.8187954181339592,5,26.369034310847688,25.856064126710447,0.019839453585177358,0,0.21450275644679764,0.12452387553687172,0,0,0,0,False,,,,,"{""profile_name"": ""extreme_d05"", ""map_seed"": 20500621, ""query_seed"": 20501623, ""waypoint_count"": 4, ""bottleneck_count"": 4}"
extreme_s04_q0087,md_dqn,Extreme,d20_inf,False,False,0.1671966479625553,600,1.1250000000011888,25.856064126710447,,0,0.0,0.8767492616771209,0,0,0,0,False,,,,md_dqn_not_reached,"{""profile_name"": ""extreme_d05"", ""map_seed"": 20500621, ""query_seed"": 20501623, ""md_dqn_source_dir"": ""/home/ubuntu/DQN10/2_experiment"", ""md_dqn_checkpoint_path"": ""/home/ubuntu/DQN10/2_experiment/ugv_dqn/outputs/2026-05-12_train_load_external_demo_smoke/models/realmap_a/mlp-dqn.pt"", ""md_dqn_algo"": ""mlp-dqn"", ""md_dqn_device"": ""cpu"", ""md_dqn_max_steps"": 600, ""md_dqn_rollout_steps"": 600, ""md_dqn_reached"": false}"
extreme_s04_q0088,vanilla_ha,Extreme,d08_12,True,True,0.15478754043579102,1,10.655045753069292,,,0,0.0,0.5509262177723955,0,0,0,0,False,,,,,"{""profile_name"": ""extreme_d06"", ""map_seed"": 20500621, ""query_seed"": 20501624, ""evaluation_path_source"": ""trace_poses"", ""planner_path_pose_count"": 2, ""evaluation_path_pose_count"": 108}"
extreme_s04_q0088,f_n3p_knn,Extreme,d08_12,True,True,0.0005266440566629171,0,10.655045753069293,10.655045753069292,2.220446049250313e-16,0,0.0,0.5509262177723949,0,0,0,0,False,0,0,,,"{""profile_name"": ""extreme_d06"", ""map_seed"": 20500621, ""query_seed"": 20501624}"
extreme_s04_q0088,n3p_k1,Extreme,d08_12,True,True,0.000471646199002862,0,10.655045753069293,10.655045753069292,2.220446049250313e-16,0,0.0,0.5509262177723949,0,0,0,0,False,0,0,,,"{""profile_name"": ""extreme_d06"", ""map_seed"": 20500621, ""query_seed"": 20501624}"
extreme_s04_q0088,voronoi_waypoint,Extreme,d08_12,True,True,0.3516010579187423,2,10.681308461054309,10.655045753069292,0.0024648141916661093,0,0.06240209105420829,0.47894462078951294,0,0,0,0,False,,,,,"{""profile_name"": ""extreme_d06"", ""map_seed"": 20500621, ""query_seed"": 20501624, ""waypoint_count"": 1}"
extreme_s04_q0088,bottleneck_waypoint,Extreme,d08_12,True,True,0.5081727639771998,3,11.021076176058788,10.655045753069292,0.034352778155275265,0,0.22540826539689604,0.9198787096737222,0,0,0,0,False,,,,,"{""profile_name"": ""extreme_d06"", ""map_seed"": 20500621, ""query_seed"": 20501624, ""waypoint_count"": 2, ""bottleneck_count"": 2}"
extreme_s04_q0088,md_dqn,Extreme,d08_12,False,False,0.3036899478174746,598,1.1999999999999917,10.655045753069292,,1,0.829939714432131,0.470019853276746,0,0,0,0,False,,,,md_dqn_not_reached,"{""profile_name"": ""extreme_d06"", ""map_seed"": 20500621, ""query_seed"": 20501624, ""md_dqn_source_dir"": ""/home/ubuntu/DQN10/2_experiment"", ""md_dqn_checkpoint_path"": ""/home/ubuntu/DQN10/2_experiment/ugv_dqn/outputs/2026-05-12_train_load_external_demo_smoke/models/realmap_a/mlp-dqn.pt"", ""md_dqn_algo"": ""mlp-dqn"", ""md_dqn_device"": ""cpu"", ""md_dqn_max_steps"": 600, ""md_dqn_rollout_steps"": 598, ""md_dqn_reached"": false}"
extreme_s04_q0089,vanilla_ha,Extreme,d12_16,True,True,0.15231895446777344,1,12.614673994994874,,,0,0.0,0.1487212427960406,0,0,0,0,False,,,,,"{""profile_name"": ""extreme_d07"", ""map_seed"": 20500621, ""query_seed"": 20501625, ""evaluation_path_source"": ""trace_poses"", ""planner_path_pose_count"": 2, ""evaluation_path_pose_count"": 128}"
extreme_s04_q0089,f_n3p_knn,Extreme,d12_16,True,True,0.0005688942037522793,0,12.614673994994877,12.614673994994874,2.220446049250313e-16,0,1.760208825159746e-17,0.1487212427960406,0,0,0,0,False,0,0,,,"{""profile_name"": ""extreme_d07"", ""map_seed"": 20500621, ""query_seed"": 20501625}"
extreme_s04_q0089,n3p_k1,Extreme,d12_16,True,True,0.000555732985958457,0,12.614673994994877,12.614673994994874,2.220446049250313e-16,0,1.760208825159746e-17,0.1487212427960406,0,0,0,0,False,0,0,,,"{""profile_name"": ""extreme_d07"", ""map_seed"": 20500621, ""query_seed"": 20501625}"
extreme_s04_q0089,voronoi_waypoint,Extreme,d12_16,True,True,0.5017501951660961,3,13.148623739688642,12.614673994994874,0.04232766894377327,0,0.22076656314410267,0.2598798647301248,0,0,0,0,False,,,,,"{""profile_name"": ""extreme_d07"", ""map_seed"": 20500621, ""query_seed"": 20501625, ""waypoint_count"": 2}"
extreme_s04_q0089,bottleneck_waypoint,Extreme,d12_16,True,True,0.5053245890885592,3,12.787762274923693,12.614673994994874,0.013721185343156472,0,0.10441930756193007,0.34100501870481525,0,0,0,0,False,,,,,"{""profile_name"": ""extreme_d07"", ""map_seed"": 20500621, ""query_seed"": 20501625, ""waypoint_count"": 2, ""bottleneck_count"": 2}"
extreme_s04_q0089,md_dqn,Extreme,d12_16,False,False,0.16601675562560558,600,1.1249999999999818,12.614673994994874,,0,0.8385645564237397,1.168734064105788,0,0,0,0,False,,,,md_dqn_not_reached,"{""profile_name"": ""extreme_d07"", ""map_seed"": 20500621, ""query_seed"": 20501625, ""md_dqn_source_dir"": ""/home/ubuntu/DQN10/2_experiment"", ""md_dqn_checkpoint_path"": ""/home/ubuntu/DQN10/2_experiment/ugv_dqn/outputs/2026-05-12_train_load_external_demo_smoke/models/realmap_a/mlp-dqn.pt"", ""md_dqn_algo"": ""mlp-dqn"", ""md_dqn_device"": ""cpu"", ""md_dqn_max_steps"": 600, ""md_dqn_rollout_steps"": 600, ""md_dqn_reached"": false}"
extreme_s04_q0090,vanilla_ha,Extreme,d16_20,True,True,2.2619733810424805,2571,19.156659809617572,,,0,0.24243438914579182,0.061547451433430544,0,0,0,0,False,,,,,"{""profile_name"": ""extreme_d03"", ""map_seed"": 20500622, ""query_seed"": 20501622, ""evaluation_path_source"": ""trace_poses"", ""planner_path_pose_count"": 57, ""evaluation_path_pose_count"": 194}"
extreme_s04_q0090,f_n3p_knn,Extreme,d16_20,True,True,0.028262022882699966,0,20.465173743237653,19.156659809617572,0.06830595451526178,0,0.15857891233072263,0.05281168103182943,0,1,0,0,True,2,3,0.6666666666666666,,"{""profile_name"": ""extreme_d03"", ""map_seed"": 20500622, ""query_seed"": 20501622}"
extreme_s04_q0090,n3p_k1,Extreme,d16_20,True,True,3.1199150760658085,3545,19.156659809617572,19.156659809617572,0.0,0,0.24243438914579182,0.061547451433430544,0,0,1,1,True,1,1,1.0,,"{""profile_name"": ""extreme_d03"", ""map_seed"": 20500622, ""query_seed"": 20501622}"
extreme_s04_q0090,voronoi_waypoint,Extreme,d16_20,True,True,0.6594824660569429,4,22.198537755426184,19.156659809617572,0.15878957897876544,0,0.3242126600526052,0.10499871551446305,0,0,0,0,False,,,,,"{""profile_name"": ""extreme_d03"", ""map_seed"": 20500622, ""query_seed"": 20501622, ""waypoint_count"": 3}"
extreme_s04_q0090,bottleneck_waypoint,Extreme,d16_20,True,True,0.5119432250503451,3,21.169959458228174,19.156659809617572,0.10509659140054395,2,0.16554439319946807,0.129745418609983,0,0,0,0,False,,,,,"{""profile_name"": ""extreme_d03"", ""map_seed"": 20500622, ""query_seed"": 20501622, ""waypoint_count"": 2, ""bottleneck_count"": 2}"
extreme_s04_q0090,md_dqn,Extreme,d16_20,False,False,0.29898850433528423,479,2.4093749999999874,19.156659809617572,,2,0.6451115890317789,0.22934719856706287,0,0,0,0,False,,,,md_dqn_not_reached,"{""profile_name"": ""extreme_d03"", ""map_seed"": 20500622, ""query_seed"": 20501622, ""md_dqn_source_dir"": ""/home/ubuntu/DQN10/2_experiment"", ""md_dqn_checkpoint_path"": ""/home/ubuntu/DQN10/2_experiment/ugv_dqn/outputs/2026-05-12_train_load_external_demo_smoke/models/realmap_a/mlp-dqn.pt"", ""md_dqn_algo"": ""mlp-dqn"", ""md_dqn_device"": ""cpu"", ""md_dqn_max_steps"": 600, ""md_dqn_rollout_steps"": 479, ""md_dqn_reached"": false}"
extreme_s04_q0091,vanilla_ha,Extreme,d20_inf,True,True,0.6360769271850586,857,26.605204605904994,,,0,0.29326251758755667,0.07184086093292408,0,0,0,0,False,,,,,"{""profile_name"": ""extreme_d04"", ""map_seed"": 20500622, ""query_seed"": 20501623, ""evaluation_path_source"": ""trace_poses"", ""planner_path_pose_count"": 76, ""evaluation_path_pose_count"": 269}"
extreme_s04_q0091,f_n3p_knn,Extreme,d20_inf,True,True,0.2593376929871738,83,27.70857250880444,26.605204605904994,0.04147188188338746,0,0.21734146028733461,0.0742205745525013,0,30,1,0,True,1,3,0.3333333333333333,,"{""profile_name"": ""extreme_d04"", ""map_seed"": 20500622, ""query_seed"": 20501623}"
extreme_s04_q0091,n3p_k1,Extreme,d20_inf,True,True,0.501449798932299,246,26.54160268775362,26.605204605904994,-0.002390581808841219,0,0.11142089961139696,0.05768503942244635,0,0,2,0,True,1,1,1.0,,"{""profile_name"": ""extreme_d04"", ""map_seed"": 20500622, ""query_seed"": 20501623}"
extreme_s04_q0091,voronoi_waypoint,Extreme,d20_inf,True,True,1.087418754817918,152,28.084118008283045,26.605204605904994,0.05558737188023,0,0.32968945580611336,0.07433068853487856,0,0,0,0,False,,,,,"{""profile_name"": ""extreme_d04"", ""map_seed"": 20500622, ""query_seed"": 20501623, ""waypoint_count"": 5}"
extreme_s04_q0091,bottleneck_waypoint,Extreme,d20_inf,True,True,1.1177949199918658,7,27.756436579070602,26.605204605904994,0.04327093101588453,2,0.3320663515167711,0.1293034395013909,0,0,0,0,False,,,,,"{""profile_name"": ""extreme_d04"", ""map_seed"": 20500622, ""query_seed"": 20501623, ""waypoint_count"": 6, ""bottleneck_count"": 6}"
extreme_s04_q0091,md_dqn,Extreme,d20_inf,False,False,0.4593132452573627,285,1.8750000000000024,26.605204605904994,,6,0.5335244914546788,0.07485448419451068,0,0,0,0,False,,,,md_dqn_not_reached,"{""profile_name"": ""extreme_d04"", ""map_seed"": 20500622, ""query_seed"": 20501623, ""md_dqn_source_dir"": ""/home/ubuntu/DQN10/2_experiment"", ""md_dqn_checkpoint_path"": ""/home/ubuntu/DQN10/2_experiment/ugv_dqn/outputs/2026-05-12_train_load_external_demo_smoke/models/realmap_a/mlp-dqn.pt"", ""md_dqn_algo"": ""mlp-dqn"", ""md_dqn_device"": ""cpu"", ""md_dqn_max_steps"": 600, ""md_dqn_rollout_steps"": 285, ""md_dqn_reached"": false}"
extreme_s04_q0092,vanilla_ha,Extreme,d08_12,True,True,0.7299113273620605,649,8.59623517614656,,,0,0.32615145134857765,0.2173902506485027,0,0,0,0,False,,,,,"{""profile_name"": ""extreme_d05"", ""map_seed"": 20500622, ""query_seed"": 20501624, ""evaluation_path_source"": ""trace_poses"", ""planner_path_pose_count"": 23, ""evaluation_path_pose_count"": 89}"
extreme_s04_q0092,f_n3p_knn,Extreme,d08_12,True,True,0.019643577048555017,0,8.48177987149937,8.59623517614656,-0.01331458508310579,2,0.17022216101241724,0.09240647710877059,0,0,0,0,False,2,2,1.0,,"{""profile_name"": ""extreme_d05"", ""map_seed"": 20500622, ""query_seed"": 20501624}"
extreme_s04_q0092,n3p_k1,Extreme,d08_12,True,True,0.01811001100577414,0,8.48177987149937,8.59623517614656,-0.01331458508310579,2,0.17022216101241724,0.09240647710877059,0,0,0,0,False,2,2,1.0,,"{""profile_name"": ""extreme_d05"", ""map_seed"": 20500622, ""query_seed"": 20501624}"
extreme_s04_q0092,voronoi_waypoint,Extreme,d08_12,True,True,0.3540046859998256,2,9.249651791502533,8.59623517614656,0.07601195197277977,0,0.3975478287352697,0.3281599922386831,0,0,0,0,False,,,,,"{""profile_name"": ""extreme_d05"", ""map_seed"": 20500622, ""query_seed"": 20501624, ""waypoint_count"": 1}"
extreme_s04_q0092,bottleneck_waypoint,Extreme,d08_12,True,True,0.44563107611611485,126,8.820542779290593,8.59623517614656,0.026093702481111425,0,0.3372266829385385,0.07820636789259772,0,0,0,0,False,,,,,"{""profile_name"": ""extreme_d05"", ""map_seed"": 20500622, ""query_seed"": 20501624, ""waypoint_count"": 1, ""bottleneck_count"": 1}"
extreme_s04_q0092,md_dqn,Extreme,d08_12,False,False,0.16538248141296208,600,1.1249999999999978,8.59623517614656,,0,0.8286550898948915,0.25011913790870444,0,0,0,0,False,,,,md_dqn_not_reached,"{""profile_name"": ""extreme_d05"", ""map_seed"": 20500622, ""query_seed"": 20501624, ""md_dqn_source_dir"": ""/home/ubuntu/DQN10/2_experiment"", ""md_dqn_checkpoint_path"": ""/home/ubuntu/DQN10/2_experiment/ugv_dqn/outputs/2026-05-12_train_load_external_demo_smoke/models/realmap_a/mlp-dqn.pt"", ""md_dqn_algo"": ""mlp-dqn"", ""md_dqn_device"": ""cpu"", ""md_dqn_max_steps"": 600, ""md_dqn_rollout_steps"": 600, ""md_dqn_reached"": false}"
extreme_s04_q0093,vanilla_ha,Extreme,d12_16,True,True,0.15755462646484375,9,14.817302159200938,,,0,0.13848055846920945,0.393783292667679,0,0,0,0,False,,,,,"{""profile_name"": ""extreme_d06"", ""map_seed"": 20500622, ""query_seed"": 20501625, ""evaluation_path_source"": ""trace_poses"", ""planner_path_pose_count"": 11, ""evaluation_path_pose_count"": 150}"
extreme_s04_q0093,f_n3p_knn,Extreme,d12_16,True,True,0.012225076090544462,0,14.66132040949213,14.817302159200938,-0.010527000666713748,0,0.06814315732755737,0.07743928949961276,0,3,0,0,True,0,1,0.0,,"{""profile_name"": ""extreme_d06"", ""map_seed"": 20500622, ""query_seed"": 20501625}"
extreme_s04_q0093,n3p_k1,Extreme,d12_16,True,True,0.17306114197708666,7,14.743674968507513,14.817302159200938,-0.004969001097659742,0,0.171676234667535,0.25220619331858163,0,0,1,0,True,0,0,,,"{""profile_name"": ""extreme_d06"", ""map_seed"": 20500622, ""query_seed"": 20501625}"
extreme_s04_q0093,voronoi_waypoint,Extreme,d12_16,True,True,0.5340046209748834,12,14.630696959005132,14.817302159200938,-0.012593736578418446,0,0.15668066332306868,0.12236506471495878,0,0,0,0,False,,,,,"{""profile_name"": ""extreme_d06"", ""map_seed"": 20500622, ""query_seed"": 20501625, ""waypoint_count"": 2}"
extreme_s04_q0093,bottleneck_waypoint,Extreme,d12_16,True,True,0.6735596309881657,4,14.956154138393464,14.817302159200938,0.009370935255329504,0,0.2594218008470471,0.3093467980443194,0,0,0,0,False,,,,,"{""profile_name"": ""extreme_d06"", ""map_seed"": 20500622, ""query_seed"": 20501625, ""waypoint_count"": 3, ""bottleneck_count"": 3}"
extreme_s04_q0093,md_dqn,Extreme,d12_16,False,False,0.31228553387336433,564,1.1043750000003236,14.817302159200938,,1,0.036923707909930374,0.4285320765703513,0,0,0,0,False,,,,md_dqn_not_reached,"{""profile_name"": ""extreme_d06"", ""map_seed"": 20500622, ""query_seed"": 20501625, ""md_dqn_source_dir"": ""/home/ubuntu/DQN10/2_experiment"", ""md_dqn_checkpoint_path"": ""/home/ubuntu/DQN10/2_experiment/ugv_dqn/outputs/2026-05-12_train_load_external_demo_smoke/models/realmap_a/mlp-dqn.pt"", ""md_dqn_algo"": ""mlp-dqn"", ""md_dqn_device"": ""cpu"", ""md_dqn_max_steps"": 600, ""md_dqn_rollout_steps"": 564, ""md_dqn_reached"": false}"
extreme_s04_q0094,vanilla_ha,Extreme,d16_20,True,True,1.6286756992340088,2153,18.479761573911635,,,0,0.10138911767615631,0.150835795894657,0,0,0,0,False,,,,,"{""profile_name"": ""extreme_d07"", ""map_seed"": 20500622, ""query_seed"": 20501626, ""evaluation_path_source"": ""trace_poses"", ""planner_path_pose_count"": 22, ""evaluation_path_pose_count"": 187}"
extreme_s04_q0094,f_n3p_knn,Extreme,d16_20,True,True,0.18853484094142914,15,20.40107693378557,18.479761573911635,0.1039686227654748,4,0.16423420352463303,0.07084460627771194,0,24,1,0,True,0,2,0.0,,"{""profile_name"": ""extreme_d07"", ""map_seed"": 20500622, ""query_seed"": 20501626}"
extreme_s04_q0094,n3p_k1,Extreme,d16_20,True,True,2.376859478885308,3485,18.479761573911635,18.479761573911635,0.0,0,0.10138911767615631,0.150835795894657,0,0,1,1,True,0,0,,,"{""profile_name"": ""extreme_d07"", ""map_seed"": 20500622, ""query_seed"": 20501626}"
extreme_s04_q0094,voronoi_waypoint,Extreme,d16_20,True,True,0.6684537129476666,7,18.822934342877176,18.479761573911635,0.01857019462036824,0,0.14734836233623022,0.09131579741151152,0,0,0,0,False,,,,,"{""profile_name"": ""extreme_d07"", ""map_seed"": 20500622, ""query_seed"": 20501626, ""waypoint_count"": 3}"
extreme_s04_q0094,bottleneck_waypoint,Extreme,d16_20,True,True,0.6657649530097842,4,18.771161715188143,18.479761573911635,0.01576860935737856,0,0.17655708157737016,0.23455325862824694,0,0,0,0,False,,,,,"{""profile_name"": ""extreme_d07"", ""map_seed"": 20500622, ""query_seed"": 20501626, ""waypoint_count"": 3, ""bottleneck_count"": 3}"
extreme_s04_q0094,md_dqn,Extreme,d16_20,False,False,0.43729778891429305,588,2.9943749999994207,18.479761573911635,,1,0.33080269048966204,0.13833556073224573,0,0,0,0,False,,,,md_dqn_not_reached,"{""profile_name"": ""extreme_d07"", ""map_seed"": 20500622, ""query_seed"": 20501626, ""md_dqn_source_dir"": ""/home/ubuntu/DQN10/2_experiment"", ""md_dqn_checkpoint_path"": ""/home/ubuntu/DQN10/2_experiment/ugv_dqn/outputs/2026-05-12_train_load_external_demo_smoke/models/realmap_a/mlp-dqn.pt"", ""md_dqn_algo"": ""mlp-dqn"", ""md_dqn_device"": ""cpu"", ""md_dqn_max_steps"": 600, ""md_dqn_rollout_steps"": 588, ""md_dqn_reached"": false}"
extreme_s04_q0095,vanilla_ha,Extreme,d20_inf,True,True,0.21556568145751953,145,25.455020617997718,,,0,0.13375938682050068,0.08758889588330065,0,0,0,0,False,,,,,"{""profile_name"": ""extreme_d03"", ""map_seed"": 20500623, ""query_seed"": 20501623, ""evaluation_path_source"": ""trace_poses"", ""planner_path_pose_count"": 35, ""evaluation_path_pose_count"": 257}"
extreme_s04_q0095,f_n3p_knn,Extreme,d20_inf,True,True,0.023225885117426515,0,25.235367536198073,25.455020617997718,-0.008629067133591017,0,0.033437921735864184,0.12177782243540858,0,15,0,0,True,1,2,0.5,,"{""profile_name"": ""extreme_d03"", ""map_seed"": 20500623, ""query_seed"": 20501623}"
extreme_s04_q0095,n3p_k1,Extreme,d20_inf,True,True,0.19515305291861296,36,25.2218766682641,25.455020617997718,-0.009159055623344403,0,0.07652490816021258,0.1465618608897552,0,0,1,0,True,1,1,1.0,,"{""profile_name"": ""extreme_d03"", ""map_seed"": 20500623, ""query_seed"": 20501623}"
extreme_s04_q0095,voronoi_waypoint,Extreme,d20_inf,True,True,0.9679352259263396,6,28.89223431517831,25.455020617997718,0.13503087460673058,2,0.2558788410920111,0.44804733587681356,0,0,0,0,False,,,,,"{""profile_name"": ""extreme_d03"", ""map_seed"": 20500623, ""query_seed"": 20501623, ""waypoint_count"": 5}"
extreme_s04_q0095,bottleneck_waypoint,Extreme,d20_inf,True,True,0.8204876058734953,5,28.000361870789757,25.455020617997718,0.0999936826211949,0,0.17959954100210593,0.19392849619687058,0,0,0,0,False,,,,,"{""profile_name"": ""extreme_d03"", ""map_seed"": 20500623, ""query_seed"": 20501623, ""waypoint_count"": 4, ""bottleneck_count"": 4}"
extreme_s04_q0095,md_dqn,Extreme,d20_inf,False,False,0.16738622239790857,600,1.1250000000001859,25.455020617997718,,0,0.0,1.3372837368778794,0,0,0,0,False,,,,md_dqn_not_reached,"{""profile_name"": ""extreme_d03"", ""map_seed"": 20500623, ""query_seed"": 20501623, ""md_dqn_source_dir"": ""/home/ubuntu/DQN10/2_experiment"", ""md_dqn_checkpoint_path"": ""/home/ubuntu/DQN10/2_experiment/ugv_dqn/outputs/2026-05-12_train_load_external_demo_smoke/models/realmap_a/mlp-dqn.pt"", ""md_dqn_algo"": ""mlp-dqn"", ""md_dqn_device"": ""cpu"", ""md_dqn_max_steps"": 600, ""md_dqn_rollout_steps"": 600, ""md_dqn_reached"": false}"
extreme_s04_q0096,vanilla_ha,Extreme,d08_12,True,True,0.567263126373291,613,9.275070373430044,,,0,0.3184037155817614,0.06234437124077097,0,0,0,0,False,,,,,"{""profile_name"": ""extreme_d04"", ""map_seed"": 20500623, ""query_seed"": 20501624, ""evaluation_path_source"": ""trace_poses"", ""planner_path_pose_count"": 20, ""evaluation_path_pose_count"": 95}"
extreme_s04_q0096,f_n3p_knn,Extreme,d08_12,True,True,0.19703184999525547,9,11.998887214145162,9.275070373430044,0.2936707465334103,6,0.42199998718339243,0.07521286559096885,0,22,1,0,True,2,3,0.6666666666666666,,"{""profile_name"": ""extreme_d04"", ""map_seed"": 20500623, ""query_seed"": 20501624}"
extreme_s04_q0096,n3p_k1,Extreme,d08_12,True,True,0.3435720200650394,10,10.493913862020129,9.275070373430044,0.131410699813304,7,0.35191922328912056,0.0726958065025789,0,0,2,0,True,2,2,1.0,,"{""profile_name"": ""extreme_d04"", ""map_seed"": 20500623, ""query_seed"": 20501624}"
extreme_s04_q0096,voronoi_waypoint,Extreme,d08_12,True,True,0.38248037407174706,32,9.999453708654677,9.275070373430044,0.0781000365560296,0,0.31393611619357537,0.0645492810326933,0,0,0,0,False,,,,,"{""profile_name"": ""extreme_d04"", ""map_seed"": 20500623, ""query_seed"": 20501624, ""waypoint_count"": 1}"
extreme_s04_q0096,bottleneck_waypoint,Extreme,d08_12,True,True,0.5038690669462085,3,9.765913440504578,9.275070373430044,0.052920683866791496,0,0.28590646746520165,0.05491868724539728,0,0,0,0,False,,,,,"{""profile_name"": ""extreme_d04"", ""map_seed"": 20500623, ""query_seed"": 20501624, ""waypoint_count"": 2, ""bottleneck_count"": 2}"
extreme_s04_q0096,md_dqn,Extreme,d08_12,False,False,0.2279522840399295,208,11.659999999999991,9.275070373430044,,1,0.3822912853273667,0.10124300424694976,0,0,0,0,False,,,,md_dqn_not_reached,"{""profile_name"": ""extreme_d04"", ""map_seed"": 20500623, ""query_seed"": 20501624, ""md_dqn_source_dir"": ""/home/ubuntu/DQN10/2_experiment"", ""md_dqn_checkpoint_path"": ""/home/ubuntu/DQN10/2_experiment/ugv_dqn/outputs/2026-05-12_train_load_external_demo_smoke/models/realmap_a/mlp-dqn.pt"", ""md_dqn_algo"": ""mlp-dqn"", ""md_dqn_device"": ""cpu"", ""md_dqn_max_steps"": 600, ""md_dqn_rollout_steps"": 208, ""md_dqn_reached"": false}"
extreme_s04_q0097,vanilla_ha,Extreme,d12_16,True,True,1.4862010478973389,1553,12.494206373433853,,,0,0.14889383898528435,0.08768388040092434,0,0,0,0,False,,,,,"{""profile_name"": ""extreme_d05"", ""map_seed"": 20500623, ""query_seed"": 20501625, ""evaluation_path_source"": ""trace_poses"", ""planner_path_pose_count"": 36, ""evaluation_path_pose_count"": 128}"
extreme_s04_q0097,f_n3p_knn,Extreme,d12_16,True,True,0.19438773696310818,5,29.366494556635402,12.494206373433853,1.3504089558722763,3,0.2882639532144112,0.08284099041451187,0,43,1,0,True,1,6,0.16666666666666666,,"{""profile_name"": ""extreme_d05"", ""map_seed"": 20500623, ""query_seed"": 20501625}"
extreme_s04_q0097,n3p_k1,Extreme,d12_16,True,True,0.3436412939336151,32,13.801645929983067,12.494206373433853,0.10464366582972362,3,0.3478193453494677,0.066488744138537,0,0,2,0,True,0,0,,,"{""profile_name"": ""extreme_d05"", ""map_seed"": 20500623, ""query_seed"": 20501625}"
extreme_s04_q0097,voronoi_waypoint,Extreme,d12_16,True,True,0.5173469558358192,15,13.413389745686533,12.494206373433853,0.07356876817779479,0,0.3090277652345132,0.0769537662208204,0,0,0,0,False,,,,,"{""profile_name"": ""extreme_d05"", ""map_seed"": 20500623, ""query_seed"": 20501625, ""waypoint_count"": 2}"
extreme_s04_q0097,bottleneck_waypoint,Extreme,d12_16,True,True,0.5155708610545844,12,12.818321830526415,12.494206373433853,0.025941260085292184,0,0.28780992918453535,0.06759717008297961,0,0,0,0,False,,,,,"{""profile_name"": ""extreme_d05"", ""map_seed"": 20500623, ""query_seed"": 20501625, ""waypoint_count"": 2, ""bottleneck_count"": 2}"
extreme_s04_q0097,md_dqn,Extreme,d12_16,False,False,0.30388317652978003,392,24.159374999999976,12.494206373433853,,1,0.26105450370947925,0.08235935665025129,0,0,0,0,False,,,,md_dqn_not_reached,"{""profile_name"": ""extreme_d05"", ""map_seed"": 20500623, ""query_seed"": 20501625, ""md_dqn_source_dir"": ""/home/ubuntu/DQN10/2_experiment"", ""md_dqn_checkpoint_path"": ""/home/ubuntu/DQN10/2_experiment/ugv_dqn/outputs/2026-05-12_train_load_external_demo_smoke/models/realmap_a/mlp-dqn.pt"", ""md_dqn_algo"": ""mlp-dqn"", ""md_dqn_device"": ""cpu"", ""md_dqn_max_steps"": 600, ""md_dqn_rollout_steps"": 392, ""md_dqn_reached"": false}"
extreme_s04_q0098,vanilla_ha,Extreme,d16_20,True,True,2.419182062149048,2770,18.6461168683283,,,0,0.14518455633447674,0.07824515214492545,0,0,0,0,False,,,,,"{""profile_name"": ""extreme_d06"", ""map_seed"": 20500623, ""query_seed"": 20501626, ""evaluation_path_source"": ""trace_poses"", ""planner_path_pose_count"": 53, ""evaluation_path_pose_count"": 189}"
extreme_s04_q0098,f_n3p_knn,Extreme,d16_20,True,True,0.021129583939909935,0,18.897625342245043,18.6461168683283,0.01348851751240221,0,0.07529282687804656,0.12615748002318372,0,1,0,0,True,1,2,0.5,,"{""profile_name"": ""extreme_d06"", ""map_seed"": 20500623, ""query_seed"": 20501626}"
extreme_s04_q0098,n3p_k1,Extreme,d16_20,True,True,0.18871789518743753,5,19.307998961456885,18.6461168683283,0.035497047337123444,0,0.13863838512430857,0.12703584926351918,0,0,1,0,True,2,2,1.0,,"{""profile_name"": ""extreme_d06"", ""map_seed"": 20500623, ""query_seed"": 20501626}"
extreme_s04_q0098,voronoi_waypoint,Extreme,d16_20,True,True,0.6670400209259242,4,19.65838408805521,18.6461168683283,0.05428836614482013,0,0.18731522590099095,0.6721330228746905,0,0,0,0,False,,,,,"{""profile_name"": ""extreme_d06"", ""map_seed"": 20500623, ""query_seed"": 20501626, ""waypoint_count"": 3}"
extreme_s04_q0098,bottleneck_waypoint,Extreme,d16_20,True,True,0.5154483518563211,3,19.177701712882754,18.6461168683283,0.02850914473551258,0,0.1811946117940561,0.8703532918499965,0,0,0,0,False,,,,,"{""profile_name"": ""extreme_d06"", ""map_seed"": 20500623, ""query_seed"": 20501626, ""waypoint_count"": 2, ""bottleneck_count"": 2}"
extreme_s04_q0098,md_dqn,Extreme,d16_20,False,False,0.1678407327271998,600,1.1250000000000102,18.6461168683283,,0,0.6009522240624836,0.9884225457122722,0,0,0,0,False,,,,md_dqn_not_reached,"{""profile_name"": ""extreme_d06"", ""map_seed"": 20500623, ""query_seed"": 20501626, ""md_dqn_source_dir"": ""/home/ubuntu/DQN10/2_experiment"", ""md_dqn_checkpoint_path"": ""/home/ubuntu/DQN10/2_experiment/ugv_dqn/outputs/2026-05-12_train_load_external_demo_smoke/models/realmap_a/mlp-dqn.pt"", ""md_dqn_algo"": ""mlp-dqn"", ""md_dqn_device"": ""cpu"", ""md_dqn_max_steps"": 600, ""md_dqn_rollout_steps"": 600, ""md_dqn_reached"": false}"
extreme_s04_q0099,vanilla_ha,Extreme,d20_inf,False,False,2.5029592514038086,5609,,,,0,,,0,0,0,0,False,,,,timeout,"{""profile_name"": ""extreme_d07"", ""map_seed"": 20500623, ""query_seed"": 20501627, ""evaluation_path_source"": ""planner_path"", ""planner_path_pose_count"": 0, ""evaluation_path_pose_count"": 0}"
extreme_s04_q0099,f_n3p_knn,Extreme,d20_inf,False,False,3.5234951979946345,7492,,,,0,,,0,21,1,1,True,0,1,0.0,f2_failed:prediction:goal_in_collision;goal:timeout;f3_failed:timeout,"{""profile_name"": ""extreme_d07"", ""map_seed"": 20500623, ""query_seed"": 20501627}"
extreme_s04_q0099,n3p_k1,Extreme,d20_inf,True,True,0.4213725368026644,100,23.403115392148784,,,0,0.13645949454525635,0.07356873903176775,0,0,2,0,True,0,0,,,"{""profile_name"": ""extreme_d07"", ""map_seed"": 20500623, ""query_seed"": 20501627}"
extreme_s04_q0099,voronoi_waypoint,Extreme,d20_inf,True,True,0.8219814810436219,5,25.60124476567065,,,0,0.24022924415973843,0.25489300903728074,0,0,0,0,False,,,,,"{""profile_name"": ""extreme_d07"", ""map_seed"": 20500623, ""query_seed"": 20501627, ""waypoint_count"": 4}"
extreme_s04_q0099,bottleneck_waypoint,Extreme,d20_inf,True,True,0.8209079438820481,5,25.396100195923488,,,0,0.2687353765442644,0.33597488828782374,0,0,0,0,False,,,,,"{""profile_name"": ""extreme_d07"", ""map_seed"": 20500623, ""query_seed"": 20501627, ""waypoint_count"": 4, ""bottleneck_count"": 4}"
extreme_s04_q0099,md_dqn,Extreme,d20_inf,False,False,0.18839313462376595,600,14.323124999999957,,,0,0.19770797725105058,0.10547876815545199,0,0,0,0,False,,,,md_dqn_not_reached,"{""profile_name"": ""extreme_d07"", ""map_seed"": 20500623, ""query_seed"": 20501627, ""md_dqn_source_dir"": ""/home/ubuntu/DQN10/2_experiment"", ""md_dqn_checkpoint_path"": ""/home/ubuntu/DQN10/2_experiment/ugv_dqn/outputs/2026-05-12_train_load_external_demo_smoke/models/realmap_a/mlp-dqn.pt"", ""md_dqn_algo"": ""mlp-dqn"", ""md_dqn_device"": ""cpu"", ""md_dqn_max_steps"": 600, ""md_dqn_rollout_steps"": 600, ""md_dqn_reached"": false}"
